09:49:08 | INFO: Data are loaded, start creating Blender stuff
09:49:08 | INFO: Blender create Mesh node MESH-GEO-receiver--0.21--0.17-front
09:49:08 | INFO: Blender create Mesh node MESH-GEO-receiver--0.21--0.17-left
09:49:08 | INFO: Blender create Mesh node MESH-GEO-receiver--0.21--0.17-rear
09:49:08 | INFO: Blender create Mesh node MESH-GEO-receiver--0.21--0.17-right
09:49:08 | INFO: Blender create Mesh node MESH-GEO-receiver--0.21-0.17-front
09:49:08 | INFO: Blender create Mesh node MESH-GEO-receiver--0.21-0.17-left
09:49:08 | INFO: Blender create Mesh node MESH-GEO-receiver--0.21-0.17-rear
09:49:08 | INFO: Blender create Mesh node MESH-GEO-receiver--0.21-0.17-right
09:49:08 | INFO: Blender create Mesh node MESH-GEO-receiver-0.21--0.17-front
09:49:08 | INFO: Blender create Mesh node MESH-GEO-receiver-0.21--0.17-left
09:49:08 | INFO: Blender create Mesh node MESH-GEO-receiver-0.21--0.17-rear
09:49:08 | INFO: Blender create Mesh node MESH-GEO-receiver-0.21--0.17-right
09:49:08 | INFO: Blender create Mesh node MESH-GEO-receiver-0.21-0.17-front
09:49:08 | INFO: Blender create Mesh node MESH-GEO-receiver-0.21-0.17-left
09:49:08 | INFO: Blender create Mesh node MESH-GEO-receiver-0.21-0.17-rear
09:49:08 | INFO: Blender create Mesh node MESH-GEO-receiver-0.21-0.17-right
09:49:08 | INFO: glTF import finished in 0.05s
09:49:08 | INFO: Data are loaded, start creating Blender stuff
09:49:08 | INFO: Blender create Mesh node MESH-GEO-receiver--0.21--0.17-front
09:49:08 | INFO: Blender create Mesh node MESH-GEO-receiver--0.21--0.17-left
09:49:08 | INFO: Blender create Mesh node MESH-GEO-receiver--0.21--0.17-rear
09:49:08 | INFO: Blender create Mesh node MESH-GEO-receiver--0.21--0.17-right
09:49:08 | INFO: Blender create Mesh node MESH-GEO-receiver--0.21-0.17-front
09:49:08 | INFO: Blender create Mesh node MESH-GEO-receiver--0.21-0.17-left
09:49:08 | INFO: Blender create Mesh node MESH-GEO-receiver--0.21-0.17-rear
09:49:08 | INFO: Blender create Mesh node MESH-GEO-receiver--0.21-0.17-right
09:49:08 | INFO: Blender create Mesh node MESH-GEO-receiver-0.21--0.17-front
09:49:08 | INFO: Blender create Mesh node MESH-GEO-receiver-0.21--0.17-left
09:49:08 | INFO: Blender create Mesh node MESH-GEO-receiver-0.21--0.17-rear
09:49:08 | INFO: Blender create Mesh node MESH-GEO-receiver-0.21--0.17-right
09:49:08 | INFO: Blender create Mesh node MESH-GEO-receiver-0.21-0.17-front
09:49:08 | INFO: Blender create Mesh node MESH-GEO-receiver-0.21-0.17-left
09:49:08 | INFO: Blender create Mesh node MESH-GEO-receiver-0.21-0.17-rear
09:49:08 | INFO: Blender create Mesh node MESH-GEO-receiver-0.21-0.17-right
09:49:08 | INFO: glTF import finished in 0.05s
09:49:08 | INFO: Data are loaded, start creating Blender stuff
09:49:08 | INFO: Blender create Mesh node MESH-GEO-receiver--0.21--0.17-front
09:49:08 | INFO: Blender create Mesh node MESH-GEO-receiver--0.21--0.17-left
09:49:08 | INFO: Blender create Mesh node MESH-GEO-receiver--0.21--0.17-rear
09:49:08 | INFO: Blender create Mesh node MESH-GEO-receiver--0.21--0.17-right
09:49:08 | INFO: Blender create Mesh node MESH-GEO-receiver--0.21-0.17-front
09:49:08 | INFO: Blender create Mesh node MESH-GEO-receiver--0.21-0.17-left
09:49:08 | INFO: Blender create Mesh node MESH-GEO-receiver--0.21-0.17-rear
09:49:08 | INFO: Blender create Mesh node MESH-GEO-receiver--0.21-0.17-right
09:49:08 | INFO: Blender create Mesh node MESH-GEO-receiver-0.21--0.17-front
09:49:08 | INFO: Blender create Mesh node MESH-GEO-receiver-0.21--0.17-left
09:49:08 | INFO: Blender create Mesh node MESH-GEO-receiver-0.21--0.17-rear
09:49:08 | INFO: Blender create Mesh node MESH-GEO-receiver-0.21--0.17-right
09:49:08 | INFO: Blender create Mesh node MESH-GEO-receiver-0.21-0.17-front
09:49:08 | INFO: Blender create Mesh node MESH-GEO-receiver-0.21-0.17-left
09:49:08 | INFO: Blender create Mesh node MESH-GEO-receiver-0.21-0.17-rear
09:49:08 | INFO: Blender create Mesh node MESH-GEO-receiver-0.21-0.17-right
09:49:08 | INFO: glTF import finished in 0.05s
09:49:08 | INFO: Data are loaded, start creating Blender stuff
09:49:08 | INFO: Blender create Mesh node MESH-GEO-receiver--0.21--0.17-front
09:49:08 | INFO: Blender create Mesh node MESH-GEO-receiver--0.21--0.17-left
09:49:08 | INFO: Blender create Mesh node MESH-GEO-receiver--0.21--0.17-rear
09:49:08 | INFO: Blender create Mesh node MESH-GEO-receiver--0.21--0.17-right
09:49:08 | INFO: Blender create Mesh node MESH-GEO-receiver--0.21-0.17-front
09:49:08 | INFO: Blender create Mesh node MESH-GEO-receiver--0.21-0.17-left
09:49:08 | INFO: Blender create Mesh node MESH-GEO-receiver--0.21-0.17-rear
09:49:08 | INFO: Blender create Mesh node MESH-GEO-receiver--0.21-0.17-right
09:49:08 | INFO: Blender create Mesh node MESH-GEO-receiver-0.21--0.17-front
09:49:08 | INFO: Blender create Mesh node MESH-GEO-receiver-0.21--0.17-left
09:49:08 | INFO: Blender create Mesh node MESH-GEO-receiver-0.21--0.17-rear
09:49:08 | INFO: Blender create Mesh node MESH-GEO-receiver-0.21--0.17-right
09:49:08 | INFO: Blender create Mesh node MESH-GEO-receiver-0.21-0.17-front
09:49:08 | INFO: Blender create Mesh node MESH-GEO-receiver-0.21-0.17-left
09:49:08 | INFO: Blender create Mesh node MESH-GEO-receiver-0.21-0.17-rear
09:49:08 | INFO: Blender create Mesh node MESH-GEO-receiver-0.21-0.17-right
09:49:08 | INFO: glTF import finished in 0.05s
09:49:08 | INFO: Data are loaded, start creating Blender stuff
09:49:08 | INFO: Blender create Mesh node MESH-GEO-receiver--0.21--0.17-front
09:49:08 | INFO: Blender create Mesh node MESH-GEO-receiver--0.21--0.17-left
09:49:08 | INFO: Blender create Mesh node MESH-GEO-receiver--0.21--0.17-rear
09:49:08 | INFO: Blender create Mesh node MESH-GEO-receiver--0.21--0.17-right
09:49:08 | INFO: Blender create Mesh node MESH-GEO-receiver--0.21-0.17-front
09:49:08 | INFO: Blender create Mesh node MESH-GEO-receiver--0.21-0.17-left
09:49:08 | INFO: Blender create Mesh node MESH-GEO-receiver--0.21-0.17-rear
09:49:08 | INFO: Blender create Mesh node MESH-GEO-receiver--0.21-0.17-right
09:49:08 | INFO: Blender create Mesh node MESH-GEO-receiver-0.21--0.17-front
09:49:08 | INFO: Blender create Mesh node MESH-GEO-receiver-0.21--0.17-left
09:49:08 | INFO: Blender create Mesh node MESH-GEO-receiver-0.21--0.17-rear
09:49:08 | INFO: Blender create Mesh node MESH-GEO-receiver-0.21--0.17-right
09:49:08 | INFO: Blender create Mesh node MESH-GEO-receiver-0.21-0.17-front
09:49:08 | INFO: Blender create Mesh node MESH-GEO-receiver-0.21-0.17-left
09:49:08 | INFO: Blender create Mesh node MESH-GEO-receiver-0.21-0.17-rear
09:49:08 | INFO: Blender create Mesh node MESH-GEO-receiver-0.21-0.17-right
09:49:08 | INFO: glTF import finished in 0.06s
09:49:08 | INFO: Data are loaded, start creating Blender stuff
09:49:08 | INFO: Blender create Mesh node MESH-GEO-receiver--0.21--0.17-front
09:49:08 | INFO: Blender create Mesh node MESH-GEO-receiver--0.21--0.17-left
09:49:08 | INFO: Blender create Mesh node MESH-GEO-receiver--0.21--0.17-rear
09:49:08 | INFO: Blender create Mesh node MESH-GEO-receiver--0.21--0.17-right
09:49:08 | INFO: Blender create Mesh node MESH-GEO-receiver--0.21-0.17-front
09:49:08 | INFO: Blender create Mesh node MESH-GEO-receiver--0.21-0.17-left
09:49:08 | INFO: Blender create Mesh node MESH-GEO-receiver--0.21-0.17-rear
09:49:08 | INFO: Blender create Mesh node MESH-GEO-receiver--0.21-0.17-right
09:49:08 | INFO: Blender create Mesh node MESH-GEO-receiver-0.21--0.17-front
09:49:08 | INFO: Blender create Mesh node MESH-GEO-receiver-0.21--0.17-left
09:49:08 | INFO: Blender create Mesh node MESH-GEO-receiver-0.21--0.17-rear
09:49:08 | INFO: Blender create Mesh node MESH-GEO-receiver-0.21--0.17-right
09:49:08 | INFO: Blender create Mesh node MESH-GEO-receiver-0.21-0.17-front
09:49:08 | INFO: Blender create Mesh node MESH-GEO-receiver-0.21-0.17-left
09:49:08 | INFO: Blender create Mesh node MESH-GEO-receiver-0.21-0.17-rear
09:49:08 | INFO: Blender create Mesh node MESH-GEO-receiver-0.21-0.17-right
09:49:08 | INFO: glTF import finished in 0.05s
09:49:08 | INFO: Data are loaded, start creating Blender stuff
09:49:08 | INFO: Blender create Mesh node MESH-floor-square-2m
09:49:08 | INFO: Blender create Mesh node MESH-floor-half-2x1
09:49:08 | INFO: Blender create Mesh node MESH-floor-quarter-1m
09:49:08 | INFO: Blender create Mesh node MESH-floor-strip-4x1
09:49:08 | INFO: Blender create Mesh node MESH-floor-triangle-45
09:49:08 | INFO: Blender create Mesh node MESH-floor-triangle-long-left
09:49:08 | INFO: Blender create Mesh node MESH-floor-triangle-long-right
09:49:08 | INFO: Blender create Mesh node MESH-floor-triangle-slim-left
09:49:08 | INFO: Blender create Mesh node MESH-floor-triangle-slim-right
09:49:08 | INFO: Blender create Mesh node MESH-floor-corner-clipped
09:49:08 | INFO: Blender create Mesh node MESH-floor-taper-4m
09:49:08 | INFO: Blender create Mesh node MESH-floor-triangle-1m
09:49:08 | INFO: glTF import finished in 0.06s
Blender 4.3.2
Read blend: "/root/sidereal_spacetime/assets/art-library/designs/cargo.carrier.grid-support/revisions/r000/a003/stack-fixture.blend"
Fra:1 Mem:97.72M (Peak 97.96M) | Time:00:00.05 | Mem:0.00M, Peak:0.00M | Scene, ViewLayer | Synchronizing object | GEO-REVIEW-floor
Fra:1 Mem:99.77M (Peak 99.77M) | Time:00:00.05 | Mem:0.00M, Peak:0.00M | Scene, ViewLayer | Synchronizing object | GEO-REVIEW-height-gauge--0.375--0.375
Fra:1 Mem:99.79M (Peak 99.79M) | Time:00:00.05 | Mem:0.00M, Peak:0.00M | Scene, ViewLayer | Synchronizing object | GEO-REVIEW-height-gauge--0.375-2.375
Fra:1 Mem:99.80M (Peak 99.80M) | Time:00:00.05 | Mem:0.00M, Peak:0.00M | Scene, ViewLayer | Synchronizing object | GEO-REVIEW-height-gauge-2.375--0.375
Fra:1 Mem:99.81M (Peak 99.81M) | Time:00:00.05 | Mem:0.00M, Peak:0.00M | Scene, ViewLayer | Synchronizing object | GEO-REVIEW-height-gauge-2.375-2.375
Fra:1 Mem:99.83M (Peak 99.83M) | Time:00:00.05 | Mem:0.00M, Peak:0.00M | Scene, ViewLayer | Synchronizing object | GEO-REVIEW-roof-datum--0.375
Fra:1 Mem:99.83M (Peak 99.83M) | Time:00:00.05 | Mem:0.00M, Peak:0.00M | Scene, ViewLayer | Synchronizing object | GEO-REVIEW-roof-datum-2.375
Fra:1 Mem:99.83M (Peak 99.83M) | Time:00:00.05 | Mem:0.00M, Peak:0.00M | Scene, ViewLayer | Synchronizing object | GEO-FIXTURE-base-GEO-carrier-2m-lower-deck
Fra:1 Mem:99.85M (Peak 99.85M) | Time:00:00.05 | Mem:0.00M, Peak:0.00M | Scene, ViewLayer | Synchronizing object | GEO-FIXTURE-base-GEO-carrier-2m-upper-deck
Fra:1 Mem:99.86M (Peak 99.86M) | Time:00:00.05 | Mem:0.00M, Peak:0.00M | Scene, ViewLayer | Synchronizing object | GEO-FIXTURE-base-GEO-carrier-2m-BEARING-bottom-0-0
Fra:1 Mem:99.86M (Peak 99.86M) | Time:00:00.05 | Mem:0.00M, Peak:0.00M | Scene, ViewLayer | Synchronizing object | GEO-FIXTURE-base-GEO-carrier-2m-BEARING-top-0-0
Fra:1 Mem:99.86M (Peak 99.86M) | Time:00:00.05 | Mem:0.00M, Peak:0.00M | Scene, ViewLayer | Synchronizing object | GEO-FIXTURE-base-GEO-carrier-2m-top-restraint-0-0-0.045
Fra:1 Mem:99.88M (Peak 99.88M) | Time:00:00.05 | Mem:0.00M, Peak:0.00M | Scene, ViewLayer | Synchronizing object | GEO-FIXTURE-base-GEO-carrier-2m-top-restraint-0-0-0.94
Fra:1 Mem:99.89M (Peak 99.89M) | Time:00:00.05 | Mem:0.00M, Peak:0.00M | Scene, ViewLayer | Synchronizing object | GEO-FIXTURE-base-GEO-carrier-2m-BEARING-bottom-0-1
Fra:1 Mem:99.89M (Peak 99.89M) | Time:00:00.05 | Mem:0.00M, Peak:0.00M | Scene, ViewLayer | Synchronizing object | GEO-FIXTURE-base-GEO-carrier-2m-BEARING-top-0-1
Fra:1 Mem:99.90M (Peak 99.90M) | Time:00:00.05 | Mem:0.00M, Peak:0.00M | Scene, ViewLayer | Synchronizing object | GEO-FIXTURE-base-GEO-carrier-2m-top-restraint-0-1-1.045
Fra:1 Mem:99.91M (Peak 99.91M) | Time:00:00.05 | Mem:0.00M, Peak:0.00M | Scene, ViewLayer | Synchronizing object | GEO-FIXTURE-base-GEO-carrier-2m-top-restraint-0-1-1.94
Fra:1 Mem:99.92M (Peak 99.92M) | Time:00:00.05 | Mem:0.00M, Peak:0.00M | Scene, ViewLayer | Synchronizing object | GEO-FIXTURE-base-GEO-carrier-2m-BEARING-bottom-1-0
Fra:1 Mem:99.92M (Peak 99.92M) | Time:00:00.05 | Mem:0.00M, Peak:0.00M | Scene, ViewLayer | Synchronizing object | GEO-FIXTURE-base-GEO-carrier-2m-BEARING-top-1-0
Fra:1 Mem:99.93M (Peak 99.93M) | Time:00:00.05 | Mem:0.00M, Peak:0.00M | Scene, ViewLayer | Synchronizing object | GEO-FIXTURE-base-GEO-carrier-2m-top-restraint-1-0-0.045
Fra:1 Mem:99.94M (Peak 99.94M) | Time:00:00.05 | Mem:0.00M, Peak:0.00M | Scene, ViewLayer | Synchronizing object | GEO-FIXTURE-base-GEO-carrier-2m-top-restraint-1-0-0.94
Fra:1 Mem:99.95M (Peak 99.95M) | Time:00:00.05 | Mem:0.00M, Peak:0.00M | Scene, ViewLayer | Synchronizing object | GEO-FIXTURE-base-GEO-carrier-2m-BEARING-bottom-1-1
Fra:1 Mem:99.95M (Peak 99.95M) | Time:00:00.05 | Mem:0.00M, Peak:0.00M | Scene, ViewLayer | Synchronizing object | GEO-FIXTURE-base-GEO-carrier-2m-BEARING-top-1-1
Fra:1 Mem:99.96M (Peak 99.96M) | Time:00:00.05 | Mem:0.00M, Peak:0.00M | Scene, ViewLayer | Synchronizing object | GEO-FIXTURE-base-GEO-carrier-2m-top-restraint-1-1-1.045
Fra:1 Mem:99.97M (Peak 99.97M) | Time:00:00.05 | Mem:0.00M, Peak:0.00M | Scene, ViewLayer | Synchronizing object | GEO-FIXTURE-base-GEO-carrier-2m-top-restraint-1-1-1.94
Fra:1 Mem:99.98M (Peak 99.98M) | Time:00:00.05 | Mem:0.00M, Peak:0.00M | Scene, ViewLayer | Synchronizing object | GEO-FIXTURE-base-GEO-carrier-2m-corner-post-0-0
Fra:1 Mem:100.00M (Peak 100.00M) | Time:00:00.05 | Mem:0.00M, Peak:0.00M | Scene, ViewLayer | Synchronizing object | GEO-FIXTURE-base-GEO-carrier-2m-corner-shell-0-0
Fra:1 Mem:100.01M (Peak 100.01M) | Time:00:00.05 | Mem:0.00M, Peak:0.00M | Scene, ViewLayer | Synchronizing object | GEO-FIXTURE-base-GEO-carrier-2m-corner-post-0-1.90625
Fra:1 Mem:100.02M (Peak 100.02M) | Time:00:00.05 | Mem:0.00M, Peak:0.00M | Scene, ViewLayer | Synchronizing object | GEO-FIXTURE-base-GEO-carrier-2m-corner-shell-0-1.90625
Fra:1 Mem:100.04M (Peak 100.04M) | Time:00:00.05 | Mem:0.00M, Peak:0.00M | Scene, ViewLayer | Synchronizing object | GEO-FIXTURE-base-GEO-carrier-2m-corner-post-1.90625-0
Fra:1 Mem:100.05M (Peak 100.05M) | Time:00:00.05 | Mem:0.00M, Peak:0.00M | Scene, ViewLayer | Synchronizing object | GEO-FIXTURE-base-GEO-carrier-2m-corner-shell-1.90625-0
Fra:1 Mem:100.07M (Peak 100.07M) | Time:00:00.05 | Mem:0.00M, Peak:0.00M | Scene, ViewLayer | Synchronizing object | GEO-FIXTURE-base-GEO-carrier-2m-corner-post-1.90625-1.90625
Fra:1 Mem:100.08M (Peak 100.08M) | Time:00:00.05 | Mem:0.00M, Peak:0.00M | Scene, ViewLayer | Synchronizing object | GEO-FIXTURE-base-GEO-carrier-2m-corner-shell-1.90625-1.90625
Fra:1 Mem:100.09M (Peak 100.09M) | Time:00:00.05 | Mem:0.00M, Peak:0.00M | Scene, ViewLayer | Synchronizing object | GEO-FIXTURE-base-GEO-carrier-2m-front-rail-0
Fra:1 Mem:100.11M (Peak 100.11M) | Time:00:00.05 | Mem:0.00M, Peak:0.00M | Scene, ViewLayer | Synchronizing object | GEO-FIXTURE-base-GEO-carrier-2m-latch-0.15-0
Fra:1 Mem:100.12M (Peak 100.12M) | Time:00:00.05 | Mem:0.00M, Peak:0.00M | Scene, ViewLayer | Synchronizing object | GEO-FIXTURE-base-GEO-carrier-2m-latch-grip-0.15-0
Fra:1 Mem:100.14M (Peak 100.14M) | Time:00:00.05 | Mem:0.00M, Peak:0.00M | Scene, ViewLayer | Synchronizing object | GEO-FIXTURE-base-GEO-carrier-2m-latch-1.65-0
Fra:1 Mem:100.15M (Peak 100.15M) | Time:00:00.05 | Mem:0.00M, Peak:0.00M | Scene, ViewLayer | Synchronizing object | GEO-FIXTURE-base-GEO-carrier-2m-latch-grip-1.65-0
Fra:1 Mem:100.16M (Peak 100.16M) | Time:00:00.05 | Mem:0.00M, Peak:0.00M | Scene, ViewLayer | Synchronizing object | GEO-FIXTURE-base-GEO-carrier-2m-status-0
Fra:1 Mem:100.18M (Peak 100.18M) | Time:00:00.05 | Mem:0.00M, Peak:0.00M | Scene, ViewLayer | Synchronizing object | GEO-FIXTURE-base-GEO-carrier-2m-front-rail-1.9375
Fra:1 Mem:100.19M (Peak 100.19M) | Time:00:00.05 | Mem:0.00M, Peak:0.00M | Scene, ViewLayer | Synchronizing object | GEO-FIXTURE-base-GEO-carrier-2m-latch-0.15-1.9375
Fra:1 Mem:100.21M (Peak 100.21M) | Time:00:00.05 | Mem:0.00M, Peak:0.00M | Scene, ViewLayer | Synchronizing object | GEO-FIXTURE-base-GEO-carrier-2m-latch-grip-0.15-1.9375
Fra:1 Mem:100.22M (Peak 100.22M) | Time:00:00.05 | Mem:0.00M, Peak:0.00M | Scene, ViewLayer | Synchronizing object | GEO-FIXTURE-base-GEO-carrier-2m-latch-1.65-1.9375
Fra:1 Mem:100.23M (Peak 100.23M) | Time:00:00.05 | Mem:0.00M, Peak:0.00M | Scene, ViewLayer | Synchronizing object | GEO-FIXTURE-base-GEO-carrier-2m-latch-grip-1.65-1.9375
Fra:1 Mem:100.25M (Peak 100.25M) | Time:00:00.05 | Mem:0.00M, Peak:0.00M | Scene, ViewLayer | Synchronizing object | GEO-FIXTURE-base-GEO-carrier-2m-status-1.9375
Fra:1 Mem:100.26M (Peak 100.26M) | Time:00:00.05 | Mem:0.00M, Peak:0.00M | Scene, ViewLayer | Synchronizing object | GEO-FIXTURE-base-GEO-carrier-2m-side-lower-rail-0
Fra:1 Mem:100.28M (Peak 100.28M) | Time:00:00.05 | Mem:0.00M, Peak:0.00M | Scene, ViewLayer | Synchronizing object | GEO-FIXTURE-base-GEO-carrier-2m-side-upper-rail-0
Fra:1 Mem:100.30M (Peak 100.30M) | Time:00:00.05 | Mem:0.00M, Peak:0.00M | Scene, ViewLayer | Synchronizing object | GEO-FIXTURE-base-GEO-carrier-2m-side-lower-rail-1.9375
Fra:1 Mem:100.31M (Peak 100.31M) | Time:00:00.05 | Mem:0.00M, Peak:0.00M | Scene, ViewLayer | Synchronizing object | GEO-FIXTURE-base-GEO-carrier-2m-side-upper-rail-1.9375
Fra:1 Mem:100.33M (Peak 100.33M) | Time:00:00.05 | Mem:0.00M, Peak:0.00M | Scene, ViewLayer | Synchronizing object | GEO-FIXTURE-base-GEO-carrier-2m-intermediate-post-0-0.953125
Fra:1 Mem:100.34M (Peak 100.34M) | Time:00:00.05 | Mem:0.00M, Peak:0.00M | Scene, ViewLayer | Synchronizing object | GEO-FIXTURE-base-GEO-carrier-2m-intermediate-post-1.90625-0.953
Fra:1 Mem:100.35M (Peak 100.35M) | Time:00:00.05 | Mem:0.00M, Peak:0.00M | Scene, ViewLayer | Synchronizing object | GEO-FIXTURE-base-GEO-carrier-2m-intermediate-post-0.953125-0
Fra:1 Mem:100.37M (Peak 100.37M) | Time:00:00.05 | Mem:0.00M, Peak:0.00M | Scene, ViewLayer | Synchronizing object | GEO-FIXTURE-base-GEO-carrier-2m-intermediate-post-0.953125-1.90
Fra:1 Mem:100.38M (Peak 100.38M) | Time:00:00.05 | Mem:0.00M, Peak:0.00M | Scene, ViewLayer | Synchronizing object | GEO-FIXTURE-middle-0-0-GEO-carrier-1m-lower-deck
Fra:1 Mem:100.40M (Peak 100.40M) | Time:00:00.05 | Mem:0.00M, Peak:0.00M | Scene, ViewLayer | Synchronizing object | GEO-FIXTURE-middle-0-0-GEO-carrier-1m-upper-deck
Fra:1 Mem:100.41M (Peak 100.41M) | Time:00:00.05 | Mem:0.00M, Peak:0.00M | Scene, ViewLayer | Synchronizing object | GEO-FIXTURE-middle-0-0-GEO-carrier-1m-BEARING-bottom-0-0
Fra:1 Mem:100.41M (Peak 100.41M) | Time:00:00.05 | Mem:0.00M, Peak:0.00M | Scene, ViewLayer | Synchronizing object | GEO-FIXTURE-middle-0-0-GEO-carrier-1m-BEARING-top-0-0
Fra:1 Mem:100.41M (Peak 100.41M) | Time:00:00.05 | Mem:0.00M, Peak:0.00M | Scene, ViewLayer | Synchronizing object | GEO-FIXTURE-middle-0-0-GEO-carrier-1m-top-restraint-0-0-0.045
Fra:1 Mem:100.43M (Peak 100.43M) | Time:00:00.05 | Mem:0.00M, Peak:0.00M | Scene, ViewLayer | Synchronizing object | GEO-FIXTURE-middle-0-0-GEO-carrier-1m-top-restraint-0-0-0.94
Fra:1 Mem:100.44M (Peak 100.44M) | Time:00:00.05 | Mem:0.00M, Peak:0.00M | Scene, ViewLayer | Synchronizing object | GEO-FIXTURE-middle-0-0-GEO-carrier-1m-corner-post-0-0
Fra:1 Mem:100.45M (Peak 100.45M) | Time:00:00.05 | Mem:0.00M, Peak:0.00M | Scene, ViewLayer | Synchronizing object | GEO-FIXTURE-middle-0-0-GEO-carrier-1m-corner-shell-0-0
Fra:1 Mem:100.47M (Peak 100.47M) | Time:00:00.05 | Mem:0.00M, Peak:0.00M | Scene, ViewLayer | Synchronizing object | GEO-FIXTURE-middle-0-0-GEO-carrier-1m-corner-post-0-0.90625
Fra:1 Mem:100.48M (Peak 100.48M) | Time:00:00.05 | Mem:0.00M, Peak:0.00M | Scene, ViewLayer | Synchronizing object | GEO-FIXTURE-middle-0-0-GEO-carrier-1m-corner-shell-0-0.90625
Fra:1 Mem:100.50M (Peak 100.50M) | Time:00:00.05 | Mem:0.00M, Peak:0.00M | Scene, ViewLayer | Synchronizing object | GEO-FIXTURE-middle-0-0-GEO-carrier-1m-corner-post-0.90625-0
Fra:1 Mem:100.51M (Peak 100.51M) | Time:00:00.05 | Mem:0.00M, Peak:0.00M | Scene, ViewLayer | Synchronizing object | GEO-FIXTURE-middle-0-0-GEO-carrier-1m-corner-shell-0.90625-0
Fra:1 Mem:100.52M (Peak 100.52M) | Time:00:00.05 | Mem:0.00M, Peak:0.00M | Scene, ViewLayer | Synchronizing object | GEO-FIXTURE-middle-0-0-GEO-carrier-1m-corner-post-0.90625-0.906
Fra:1 Mem:100.54M (Peak 100.54M) | Time:00:00.05 | Mem:0.00M, Peak:0.00M | Scene, ViewLayer | Synchronizing object | GEO-FIXTURE-middle-0-0-GEO-carrier-1m-corner-shell-0.90625-0.90
Fra:1 Mem:100.55M (Peak 100.55M) | Time:00:00.05 | Mem:0.00M, Peak:0.00M | Scene, ViewLayer | Synchronizing object | GEO-FIXTURE-middle-0-0-GEO-carrier-1m-front-rail-0
Fra:1 Mem:100.57M (Peak 100.57M) | Time:00:00.05 | Mem:0.00M, Peak:0.00M | Scene, ViewLayer | Synchronizing object | GEO-FIXTURE-middle-0-0-GEO-carrier-1m-latch-0.15-0
Fra:1 Mem:100.58M (Peak 100.58M) | Time:00:00.05 | Mem:0.00M, Peak:0.00M | Scene, ViewLayer | Synchronizing object | GEO-FIXTURE-middle-0-0-GEO-carrier-1m-latch-grip-0.15-0
Fra:1 Mem:100.59M (Peak 100.59M) | Time:00:00.05 | Mem:0.00M, Peak:0.00M | Scene, ViewLayer | Synchronizing object | GEO-FIXTURE-middle-0-0-GEO-carrier-1m-latch-0.65-0
Fra:1 Mem:100.61M (Peak 100.61M) | Time:00:00.05 | Mem:0.00M, Peak:0.00M | Scene, ViewLayer | Synchronizing object | GEO-FIXTURE-middle-0-0-GEO-carrier-1m-latch-grip-0.65-0
Fra:1 Mem:100.62M (Peak 100.62M) | Time:00:00.06 | Mem:0.00M, Peak:0.00M | Scene, ViewLayer | Synchronizing object | GEO-FIXTURE-middle-0-0-GEO-carrier-1m-status-0
Fra:1 Mem:100.64M (Peak 100.64M) | Time:00:00.06 | Mem:0.00M, Peak:0.00M | Scene, ViewLayer | Synchronizing object | GEO-FIXTURE-middle-0-0-GEO-carrier-1m-front-rail-0.9375
Fra:1 Mem:100.65M (Peak 100.65M) | Time:00:00.06 | Mem:0.00M, Peak:0.00M | Scene, ViewLayer | Synchronizing object | GEO-FIXTURE-middle-0-0-GEO-carrier-1m-latch-0.15-0.9375
Fra:1 Mem:100.66M (Peak 100.66M) | Time:00:00.06 | Mem:0.00M, Peak:0.00M | Scene, ViewLayer | Synchronizing object | GEO-FIXTURE-middle-0-0-GEO-carrier-1m-latch-grip-0.15-0.9375
Fra:1 Mem:100.68M (Peak 100.68M) | Time:00:00.06 | Mem:0.00M, Peak:0.00M | Scene, ViewLayer | Synchronizing object | GEO-FIXTURE-middle-0-0-GEO-carrier-1m-latch-0.65-0.9375
Fra:1 Mem:100.69M (Peak 100.69M) | Time:00:00.06 | Mem:0.00M, Peak:0.00M | Scene, ViewLayer | Synchronizing object | GEO-FIXTURE-middle-0-0-GEO-carrier-1m-latch-grip-0.65-0.9375
Fra:1 Mem:100.71M (Peak 100.71M) | Time:00:00.06 | Mem:0.00M, Peak:0.00M | Scene, ViewLayer | Synchronizing object | GEO-FIXTURE-middle-0-0-GEO-carrier-1m-status-0.9375
Fra:1 Mem:100.72M (Peak 100.72M) | Time:00:00.06 | Mem:0.00M, Peak:0.00M | Scene, ViewLayer | Synchronizing object | GEO-FIXTURE-middle-0-0-GEO-carrier-1m-side-lower-rail-0
Fra:1 Mem:100.73M (Peak 100.73M) | Time:00:00.06 | Mem:0.00M, Peak:0.00M | Scene, ViewLayer | Synchronizing object | GEO-FIXTURE-middle-0-0-GEO-carrier-1m-side-upper-rail-0
Fra:1 Mem:100.75M (Peak 100.75M) | Time:00:00.06 | Mem:0.00M, Peak:0.00M | Scene, ViewLayer | Synchronizing object | GEO-FIXTURE-middle-0-0-GEO-carrier-1m-side-lower-rail-0.9375
Fra:1 Mem:100.76M (Peak 100.76M) | Time:00:00.06 | Mem:0.00M, Peak:0.00M | Scene, ViewLayer | Synchronizing object | GEO-FIXTURE-middle-0-0-GEO-carrier-1m-side-upper-rail-0.9375
Fra:1 Mem:100.77M (Peak 100.77M) | Time:00:00.06 | Mem:0.00M, Peak:0.00M | Scene, ViewLayer | Synchronizing object | GEO-FIXTURE-middle-0-1-GEO-carrier-1m-lower-deck
Fra:1 Mem:100.79M (Peak 100.79M) | Time:00:00.06 | Mem:0.00M, Peak:0.00M | Scene, ViewLayer | Synchronizing object | GEO-FIXTURE-middle-0-1-GEO-carrier-1m-upper-deck
Fra:1 Mem:100.80M (Peak 100.80M) | Time:00:00.06 | Mem:0.00M, Peak:0.00M | Scene, ViewLayer | Synchronizing object | GEO-FIXTURE-middle-0-1-GEO-carrier-1m-BEARING-bottom-0-0
Fra:1 Mem:100.80M (Peak 100.80M) | Time:00:00.06 | Mem:0.00M, Peak:0.00M | Scene, ViewLayer | Synchronizing object | GEO-FIXTURE-middle-0-1-GEO-carrier-1m-BEARING-top-0-0
Fra:1 Mem:100.81M (Peak 100.81M) | Time:00:00.06 | Mem:0.00M, Peak:0.00M | Scene, ViewLayer | Synchronizing object | GEO-FIXTURE-middle-0-1-GEO-carrier-1m-top-restraint-0-0-0.045
Fra:1 Mem:100.82M (Peak 100.82M) | Time:00:00.06 | Mem:0.00M, Peak:0.00M | Scene, ViewLayer | Synchronizing object | GEO-FIXTURE-middle-0-1-GEO-carrier-1m-top-restraint-0-0-0.94
Fra:1 Mem:100.83M (Peak 100.83M) | Time:00:00.06 | Mem:0.00M, Peak:0.00M | Scene, ViewLayer | Synchronizing object | GEO-FIXTURE-middle-0-1-GEO-carrier-1m-corner-post-0-0
Fra:1 Mem:100.85M (Peak 100.85M) | Time:00:00.06 | Mem:0.00M, Peak:0.00M | Scene, ViewLayer | Synchronizing object | GEO-FIXTURE-middle-0-1-GEO-carrier-1m-corner-shell-0-0
Fra:1 Mem:100.86M (Peak 100.86M) | Time:00:00.06 | Mem:0.00M, Peak:0.00M | Scene, ViewLayer | Synchronizing object | GEO-FIXTURE-middle-0-1-GEO-carrier-1m-corner-post-0-0.90625
Fra:1 Mem:100.88M (Peak 100.88M) | Time:00:00.06 | Mem:0.00M, Peak:0.00M | Scene, ViewLayer | Synchronizing object | GEO-FIXTURE-middle-0-1-GEO-carrier-1m-corner-shell-0-0.90625
Fra:1 Mem:100.89M (Peak 100.89M) | Time:00:00.06 | Mem:0.00M, Peak:0.00M | Scene, ViewLayer | Synchronizing object | GEO-FIXTURE-middle-0-1-GEO-carrier-1m-corner-post-0.90625-0
Fra:1 Mem:100.90M (Peak 100.90M) | Time:00:00.06 | Mem:0.00M, Peak:0.00M | Scene, ViewLayer | Synchronizing object | GEO-FIXTURE-middle-0-1-GEO-carrier-1m-corner-shell-0.90625-0
Fra:1 Mem:100.92M (Peak 100.92M) | Time:00:00.06 | Mem:0.00M, Peak:0.00M | Scene, ViewLayer | Synchronizing object | GEO-FIXTURE-middle-0-1-GEO-carrier-1m-corner-post-0.90625-0.906
Fra:1 Mem:100.94M (Peak 100.94M) | Time:00:00.06 | Mem:0.00M, Peak:0.00M | Scene, ViewLayer | Synchronizing object | NATIVE-FLOOR--1--1-GEO-part-a3f5c1c3caa171a94d6c--floor
Fra:1 Mem:100.93M (Peak 100.94M) | Time:00:00.06 | Mem:0.00M, Peak:0.00M | Scene, ViewLayer | Synchronizing object | GEO-FIXTURE-middle-0-1-GEO-carrier-1m-corner-shell-0.90625-0.90
Fra:1 Mem:101.00M (Peak 101.00M) | Time:00:00.06 | Mem:0.00M, Peak:0.00M | Scene, ViewLayer | Synchronizing object | GEO-FIXTURE-middle-0-1-GEO-carrier-1m-front-rail-0
Fra:1 Mem:101.02M (Peak 101.02M) | Time:00:00.06 | Mem:0.00M, Peak:0.00M | Scene, ViewLayer | Synchronizing object | GEO-FIXTURE-middle-0-1-GEO-carrier-1m-latch-0.15-0
Fra:1 Mem:101.02M (Peak 101.02M) | Time:00:00.06 | Mem:0.00M, Peak:0.00M | Scene, ViewLayer | Synchronizing object | GEO-FIXTURE-middle-0-1-GEO-carrier-1m-latch-grip-0.15-0
Fra:1 Mem:101.04M (Peak 101.04M) | Time:00:00.06 | Mem:0.00M, Peak:0.00M | Scene, ViewLayer | Synchronizing object | GEO-FIXTURE-middle-0-1-GEO-carrier-1m-latch-0.65-0
Fra:1 Mem:101.02M (Peak 101.04M) | Time:00:00.06 | Mem:0.00M, Peak:0.00M | Scene, ViewLayer | Synchronizing object | RECEIVER-top-GEO-receiver-0.21-0.17-right
Fra:1 Mem:101.03M (Peak 101.04M) | Time:00:00.06 | Mem:0.00M, Peak:0.00M | Scene, ViewLayer | Synchronizing object | GEO-FIXTURE-middle-0-1-GEO-carrier-1m-latch-grip-0.65-0
Fra:1 Mem:101.06M (Peak 101.06M) | Time:00:00.06 | Mem:0.00M, Peak:0.00M | Scene, ViewLayer | Synchronizing object | RECEIVER-top-GEO-receiver-0.21-0.17-rear
Fra:1 Mem:101.04M (Peak 101.06M) | Time:00:00.06 | Mem:0.00M, Peak:0.00M | Scene, ViewLayer | Synchronizing object | GEO-FIXTURE-middle-0-1-GEO-carrier-1m-status-0
Fra:1 Mem:101.06M (Peak 101.06M) | Time:00:00.06 | Mem:0.00M, Peak:0.00M | Scene, ViewLayer | Synchronizing object | RECEIVER-top-GEO-receiver-0.21-0.17-left
Fra:1 Mem:101.06M (Peak 101.06M) | Time:00:00.06 | Mem:0.00M, Peak:0.00M | Scene, ViewLayer | Synchronizing object | GEO-FIXTURE-middle-0-1-GEO-carrier-1m-front-rail-0.9375
Fra:1 Mem:101.06M (Peak 101.06M) | Time:00:00.06 | Mem:0.00M, Peak:0.00M | Scene, ViewLayer | Synchronizing object | RECEIVER-top-GEO-receiver-0.21-0.17-front
Fra:1 Mem:101.09M (Peak 101.09M) | Time:00:00.06 | Mem:0.00M, Peak:0.00M | Scene, ViewLayer | Synchronizing object | RECEIVER-top-GEO-receiver-0.21--0.17-right
Fra:1 Mem:101.08M (Peak 101.09M) | Time:00:00.06 | Mem:0.00M, Peak:0.00M | Scene, ViewLayer | Synchronizing object | GEO-FIXTURE-middle-0-1-GEO-carrier-1m-latch-0.15-0.9375
Fra:1 Mem:101.08M (Peak 101.09M) | Time:00:00.06 | Mem:0.00M, Peak:0.00M | Scene, ViewLayer | Synchronizing object | RECEIVER-top-GEO-receiver-0.21--0.17-rear
Fra:1 Mem:101.11M (Peak 101.11M) | Time:00:00.06 | Mem:0.00M, Peak:0.00M | Scene, ViewLayer | Synchronizing object | RECEIVER-top-GEO-receiver-0.21--0.17-left
Fra:1 Mem:101.10M (Peak 101.11M) | Time:00:00.06 | Mem:0.00M, Peak:0.00M | Scene, ViewLayer | Synchronizing object | GEO-FIXTURE-middle-0-1-GEO-carrier-1m-latch-grip-0.15-0.9375
Fra:1 Mem:101.09M (Peak 101.11M) | Time:00:00.06 | Mem:0.00M, Peak:0.00M | Scene, ViewLayer | Synchronizing object | RECEIVER-top-GEO-receiver-0.21--0.17-front
Fra:1 Mem:101.13M (Peak 101.13M) | Time:00:00.06 | Mem:0.00M, Peak:0.00M | Scene, ViewLayer | Synchronizing object | RECEIVER-top-GEO-receiver--0.21-0.17-right
Fra:1 Mem:101.12M (Peak 101.13M) | Time:00:00.06 | Mem:0.00M, Peak:0.00M | Scene, ViewLayer | Synchronizing object | GEO-FIXTURE-middle-0-1-GEO-carrier-1m-latch-0.65-0.9375
Fra:1 Mem:101.11M (Peak 101.13M) | Time:00:00.06 | Mem:0.00M, Peak:0.00M | Scene, ViewLayer | Synchronizing object | RECEIVER-top-GEO-receiver--0.21-0.17-rear
Fra:1 Mem:101.14M (Peak 101.14M) | Time:00:00.06 | Mem:0.00M, Peak:0.00M | Scene, ViewLayer | Synchronizing object | RECEIVER-top-GEO-receiver--0.21-0.17-left
Fra:1 Mem:101.13M (Peak 101.14M) | Time:00:00.06 | Mem:0.00M, Peak:0.00M | Scene, ViewLayer | Synchronizing object | GEO-FIXTURE-middle-0-1-GEO-carrier-1m-latch-grip-0.65-0.9375
Fra:1 Mem:101.13M (Peak 101.14M) | Time:00:00.06 | Mem:0.00M, Peak:0.00M | Scene, ViewLayer | Synchronizing object | RECEIVER-top-GEO-receiver--0.21-0.17-front
Fra:1 Mem:101.16M (Peak 101.16M) | Time:00:00.06 | Mem:0.00M, Peak:0.00M | Scene, ViewLayer | Synchronizing object | RECEIVER-top-GEO-receiver--0.21--0.17-right
Fra:1 Mem:101.15M (Peak 101.16M) | Time:00:00.06 | Mem:0.00M, Peak:0.00M | Scene, ViewLayer | Synchronizing object | GEO-FIXTURE-middle-0-1-GEO-carrier-1m-status-0.9375
Fra:1 Mem:101.15M (Peak 101.16M) | Time:00:00.06 | Mem:0.00M, Peak:0.00M | Scene, ViewLayer | Synchronizing object | RECEIVER-top-GEO-receiver--0.21--0.17-rear
Fra:1 Mem:101.18M (Peak 101.18M) | Time:00:00.06 | Mem:0.00M, Peak:0.00M | Scene, ViewLayer | Synchronizing object | RECEIVER-top-GEO-receiver--0.21--0.17-left
Fra:1 Mem:101.17M (Peak 101.18M) | Time:00:00.06 | Mem:0.00M, Peak:0.00M | Scene, ViewLayer | Synchronizing object | GEO-FIXTURE-middle-0-1-GEO-carrier-1m-side-lower-rail-0
Fra:1 Mem:101.16M (Peak 101.18M) | Time:00:00.06 | Mem:0.00M, Peak:0.00M | Scene, ViewLayer | Synchronizing object | RECEIVER-top-GEO-receiver--0.21--0.17-front
Fra:1 Mem:101.19M (Peak 101.19M) | Time:00:00.06 | Mem:0.00M, Peak:0.00M | Scene, ViewLayer | Synchronizing object | RECEIVER-middle-1-1-GEO-receiver-0.21-0.17-right
Fra:1 Mem:101.18M (Peak 101.19M) | Time:00:00.06 | Mem:0.00M, Peak:0.00M | Scene, ViewLayer | Synchronizing object | GEO-FIXTURE-middle-0-1-GEO-carrier-1m-side-upper-rail-0
Fra:1 Mem:101.18M (Peak 101.19M) | Time:00:00.06 | Mem:0.00M, Peak:0.00M | Scene, ViewLayer | Synchronizing object | RECEIVER-middle-1-1-GEO-receiver-0.21-0.17-rear
Fra:1 Mem:101.21M (Peak 101.21M) | Time:00:00.06 | Mem:0.00M, Peak:0.00M | Scene, ViewLayer | Synchronizing object | RECEIVER-middle-1-1-GEO-receiver-0.21-0.17-left
Fra:1 Mem:101.20M (Peak 101.21M) | Time:00:00.06 | Mem:0.00M, Peak:0.00M | Scene, ViewLayer | Synchronizing object | GEO-FIXTURE-middle-0-1-GEO-carrier-1m-side-lower-rail-0.9375
Fra:1 Mem:101.20M (Peak 101.21M) | Time:00:00.06 | Mem:0.00M, Peak:0.00M | Scene, ViewLayer | Synchronizing object | RECEIVER-middle-1-1-GEO-receiver-0.21-0.17-front
Fra:1 Mem:101.23M (Peak 101.23M) | Time:00:00.06 | Mem:0.00M, Peak:0.00M | Scene, ViewLayer | Synchronizing object | RECEIVER-middle-1-1-GEO-receiver-0.21--0.17-right
Fra:1 Mem:101.22M (Peak 101.23M) | Time:00:00.06 | Mem:0.00M, Peak:0.00M | Scene, ViewLayer | Synchronizing object | GEO-FIXTURE-middle-0-1-GEO-carrier-1m-side-upper-rail-0.9375
Fra:1 Mem:101.21M (Peak 101.23M) | Time:00:00.06 | Mem:0.00M, Peak:0.00M | Scene, ViewLayer | Synchronizing object | RECEIVER-middle-1-1-GEO-receiver-0.21--0.17-rear
Fra:1 Mem:101.25M (Peak 101.25M) | Time:00:00.06 | Mem:0.00M, Peak:0.00M | Scene, ViewLayer | Synchronizing object | RECEIVER-middle-1-1-GEO-receiver-0.21--0.17-left
Fra:1 Mem:101.23M (Peak 101.25M) | Time:00:00.06 | Mem:0.00M, Peak:0.00M | Scene, ViewLayer | Synchronizing object | GEO-FIXTURE-middle-1-0-GEO-carrier-1m-lower-deck
Fra:1 Mem:101.23M (Peak 101.25M) | Time:00:00.06 | Mem:0.00M, Peak:0.00M | Scene, ViewLayer | Synchronizing object | RECEIVER-middle-1-1-GEO-receiver-0.21--0.17-front
Fra:1 Mem:101.26M (Peak 101.26M) | Time:00:00.06 | Mem:0.00M, Peak:0.00M | Scene, ViewLayer | Synchronizing object | RECEIVER-middle-1-1-GEO-receiver--0.21-0.17-right
Fra:1 Mem:101.25M (Peak 101.26M) | Time:00:00.06 | Mem:0.00M, Peak:0.00M | Scene, ViewLayer | Synchronizing object | GEO-FIXTURE-middle-1-0-GEO-carrier-1m-upper-deck
Fra:1 Mem:101.25M (Peak 101.26M) | Time:00:00.06 | Mem:0.00M, Peak:0.00M | Scene, ViewLayer | Synchronizing object | RECEIVER-middle-1-1-GEO-receiver--0.21-0.17-rear
Fra:1 Mem:101.28M (Peak 101.28M) | Time:00:00.06 | Mem:0.00M, Peak:0.00M | Scene, ViewLayer | Synchronizing object | RECEIVER-middle-1-1-GEO-receiver--0.21-0.17-left
Fra:1 Mem:101.27M (Peak 101.28M) | Time:00:00.06 | Mem:0.00M, Peak:0.00M | Scene, ViewLayer | Synchronizing object | GEO-FIXTURE-middle-1-0-GEO-carrier-1m-BEARING-bottom-0-0
Fra:1 Mem:101.26M (Peak 101.28M) | Time:00:00.06 | Mem:0.00M, Peak:0.00M | Scene, ViewLayer | Synchronizing object | RECEIVER-middle-1-1-GEO-receiver--0.21-0.17-front
Fra:1 Mem:101.27M (Peak 101.28M) | Time:00:00.06 | Mem:0.00M, Peak:0.00M | Scene, ViewLayer | Synchronizing object | GEO-FIXTURE-middle-1-0-GEO-carrier-1m-BEARING-top-0-0
Fra:1 Mem:101.27M (Peak 101.28M) | Time:00:00.06 | Mem:0.00M, Peak:0.00M | Scene, ViewLayer | Synchronizing object | GEO-FIXTURE-middle-1-0-GEO-carrier-1m-top-restraint-0-0-0.045
Fra:1 Mem:101.27M (Peak 101.28M) | Time:00:00.06 | Mem:0.00M, Peak:0.00M | Scene, ViewLayer | Synchronizing object | RECEIVER-middle-1-1-GEO-receiver--0.21--0.17-right
Fra:1 Mem:101.30M (Peak 101.30M) | Time:00:00.06 | Mem:0.00M, Peak:0.00M | Scene, ViewLayer | Synchronizing object | RECEIVER-middle-1-1-GEO-receiver--0.21--0.17-rear
Fra:1 Mem:101.29M (Peak 101.30M) | Time:00:00.06 | Mem:0.00M, Peak:0.00M | Scene, ViewLayer | Synchronizing object | GEO-FIXTURE-middle-1-0-GEO-carrier-1m-top-restraint-0-0-0.94
Fra:1 Mem:101.29M (Peak 101.30M) | Time:00:00.06 | Mem:0.00M, Peak:0.00M | Scene, ViewLayer | Synchronizing object | RECEIVER-middle-1-1-GEO-receiver--0.21--0.17-left
Fra:1 Mem:101.32M (Peak 101.32M) | Time:00:00.06 | Mem:0.00M, Peak:0.00M | Scene, ViewLayer | Synchronizing object | RECEIVER-middle-1-1-GEO-receiver--0.21--0.17-front
Fra:1 Mem:101.31M (Peak 101.32M) | Time:00:00.06 | Mem:0.00M, Peak:0.00M | Scene, ViewLayer | Synchronizing object | GEO-FIXTURE-middle-1-0-GEO-carrier-1m-corner-post-0-0
Fra:1 Mem:101.30M (Peak 101.32M) | Time:00:00.06 | Mem:0.00M, Peak:0.00M | Scene, ViewLayer | Synchronizing object | RECEIVER-middle-0-1-GEO-receiver-0.21-0.17-right
Fra:1 Mem:101.34M (Peak 101.34M) | Time:00:00.06 | Mem:0.00M, Peak:0.00M | Scene, ViewLayer | Synchronizing object | RECEIVER-middle-0-1-GEO-receiver-0.21-0.17-rear
Fra:1 Mem:101.33M (Peak 101.34M) | Time:00:00.06 | Mem:0.00M, Peak:0.00M | Scene, ViewLayer | Synchronizing object | GEO-FIXTURE-middle-1-0-GEO-carrier-1m-corner-shell-0-0
Fra:1 Mem:101.32M (Peak 101.34M) | Time:00:00.06 | Mem:0.00M, Peak:0.00M | Scene, ViewLayer | Synchronizing object | RECEIVER-middle-0-1-GEO-receiver-0.21-0.17-left
Fra:1 Mem:101.35M (Peak 101.35M) | Time:00:00.06 | Mem:0.00M, Peak:0.00M | Scene, ViewLayer | Synchronizing object | RECEIVER-middle-0-1-GEO-receiver-0.21-0.17-front
Fra:1 Mem:101.34M (Peak 101.35M) | Time:00:00.06 | Mem:0.00M, Peak:0.00M | Scene, ViewLayer | Synchronizing object | GEO-FIXTURE-middle-1-0-GEO-carrier-1m-corner-post-0-0.90625
Fra:1 Mem:101.34M (Peak 101.35M) | Time:00:00.06 | Mem:0.00M, Peak:0.00M | Scene, ViewLayer | Synchronizing object | RECEIVER-middle-0-1-GEO-receiver-0.21--0.17-right
Fra:1 Mem:101.37M (Peak 101.37M) | Time:00:00.06 | Mem:0.00M, Peak:0.00M | Scene, ViewLayer | Synchronizing object | RECEIVER-middle-0-1-GEO-receiver-0.21--0.17-rear
Fra:1 Mem:101.36M (Peak 101.37M) | Time:00:00.06 | Mem:0.00M, Peak:0.00M | Scene, ViewLayer | Synchronizing object | GEO-FIXTURE-middle-1-0-GEO-carrier-1m-corner-shell-0-0.90625
Fra:1 Mem:101.36M (Peak 101.37M) | Time:00:00.06 | Mem:0.00M, Peak:0.00M | Scene, ViewLayer | Synchronizing object | RECEIVER-middle-0-1-GEO-receiver-0.21--0.17-left
Fra:1 Mem:101.39M (Peak 101.39M) | Time:00:00.06 | Mem:0.00M, Peak:0.00M | Scene, ViewLayer | Synchronizing object | RECEIVER-middle-0-1-GEO-receiver-0.21--0.17-front
Fra:1 Mem:101.38M (Peak 101.39M) | Time:00:00.06 | Mem:0.00M, Peak:0.00M | Scene, ViewLayer | Synchronizing object | GEO-FIXTURE-middle-1-0-GEO-carrier-1m-corner-post-0.90625-0
Fra:1 Mem:101.37M (Peak 101.39M) | Time:00:00.06 | Mem:0.00M, Peak:0.00M | Scene, ViewLayer | Synchronizing object | RECEIVER-middle-0-1-GEO-receiver--0.21-0.17-right
Fra:1 Mem:101.41M (Peak 101.41M) | Time:00:00.06 | Mem:0.00M, Peak:0.00M | Scene, ViewLayer | Synchronizing object | RECEIVER-middle-0-1-GEO-receiver--0.21-0.17-rear
Fra:1 Mem:101.39M (Peak 101.41M) | Time:00:00.06 | Mem:0.00M, Peak:0.00M | Scene, ViewLayer | Synchronizing object | GEO-FIXTURE-middle-1-0-GEO-carrier-1m-corner-shell-0.90625-0
Fra:1 Mem:101.39M (Peak 101.41M) | Time:00:00.06 | Mem:0.00M, Peak:0.00M | Scene, ViewLayer | Synchronizing object | RECEIVER-middle-0-1-GEO-receiver--0.21-0.17-left
Fra:1 Mem:101.42M (Peak 101.42M) | Time:00:00.06 | Mem:0.00M, Peak:0.00M | Scene, ViewLayer | Synchronizing object | RECEIVER-middle-0-1-GEO-receiver--0.21-0.17-front
Fra:1 Mem:101.41M (Peak 101.42M) | Time:00:00.06 | Mem:0.00M, Peak:0.00M | Scene, ViewLayer | Synchronizing object | GEO-FIXTURE-middle-1-0-GEO-carrier-1m-corner-post-0.90625-0.906
Fra:1 Mem:101.41M (Peak 101.42M) | Time:00:00.06 | Mem:0.00M, Peak:0.00M | Scene, ViewLayer | Synchronizing object | RECEIVER-middle-0-1-GEO-receiver--0.21--0.17-right
Fra:1 Mem:101.43M (Peak 101.43M) | Time:00:00.06 | Mem:0.00M, Peak:0.00M | Scene, ViewLayer | Synchronizing object | RECEIVER-middle-0-1-GEO-receiver--0.21--0.17-rear
Fra:1 Mem:101.42M (Peak 101.43M) | Time:00:00.06 | Mem:0.00M, Peak:0.00M | Scene, ViewLayer | Synchronizing object | GEO-FIXTURE-middle-1-0-GEO-carrier-1m-corner-shell-0.90625-0.90
Fra:1 Mem:101.43M (Peak 101.43M) | Time:00:00.06 | Mem:0.00M, Peak:0.00M | Scene, ViewLayer | Synchronizing object | RECEIVER-middle-0-1-GEO-receiver--0.21--0.17-left
Fra:1 Mem:101.46M (Peak 101.46M) | Time:00:00.06 | Mem:0.00M, Peak:0.00M | Scene, ViewLayer | Synchronizing object | RECEIVER-middle-0-1-GEO-receiver--0.21--0.17-front
Fra:1 Mem:101.44M (Peak 101.46M) | Time:00:00.06 | Mem:0.00M, Peak:0.00M | Scene, ViewLayer | Synchronizing object | GEO-FIXTURE-middle-1-0-GEO-carrier-1m-front-rail-0
Fra:1 Mem:101.44M (Peak 101.46M) | Time:00:00.06 | Mem:0.00M, Peak:0.00M | Scene, ViewLayer | Synchronizing object | RECEIVER-middle-1-0-GEO-receiver-0.21-0.17-right
Fra:1 Mem:101.47M (Peak 101.47M) | Time:00:00.06 | Mem:0.00M, Peak:0.00M | Scene, ViewLayer | Synchronizing object | RECEIVER-middle-1-0-GEO-receiver-0.21-0.17-rear
Fra:1 Mem:101.46M (Peak 101.47M) | Time:00:00.06 | Mem:0.00M, Peak:0.00M | Scene, ViewLayer | Synchronizing object | GEO-FIXTURE-middle-1-0-GEO-carrier-1m-latch-0.15-0
Fra:1 Mem:101.46M (Peak 101.47M) | Time:00:00.06 | Mem:0.00M, Peak:0.00M | Scene, ViewLayer | Synchronizing object | RECEIVER-middle-1-0-GEO-receiver-0.21-0.17-left
Fra:1 Mem:101.49M (Peak 101.49M) | Time:00:00.06 | Mem:0.00M, Peak:0.00M | Scene, ViewLayer | Synchronizing object | RECEIVER-middle-1-0-GEO-receiver-0.21-0.17-front
Fra:1 Mem:101.48M (Peak 101.49M) | Time:00:00.06 | Mem:0.00M, Peak:0.00M | Scene, ViewLayer | Synchronizing object | GEO-FIXTURE-middle-1-0-GEO-carrier-1m-latch-grip-0.15-0
Fra:1 Mem:101.48M (Peak 101.49M) | Time:00:00.06 | Mem:0.00M, Peak:0.00M | Scene, ViewLayer | Synchronizing object | RECEIVER-middle-1-0-GEO-receiver-0.21--0.17-right
Fra:1 Mem:101.51M (Peak 101.51M) | Time:00:00.06 | Mem:0.00M, Peak:0.00M | Scene, ViewLayer | Synchronizing object | RECEIVER-middle-1-0-GEO-receiver-0.21--0.17-rear
Fra:1 Mem:101.50M (Peak 101.51M) | Time:00:00.06 | Mem:0.00M, Peak:0.00M | Scene, ViewLayer | Synchronizing object | GEO-FIXTURE-middle-1-0-GEO-carrier-1m-latch-0.65-0
Fra:1 Mem:101.50M (Peak 101.51M) | Time:00:00.06 | Mem:0.00M, Peak:0.00M | Scene, ViewLayer | Synchronizing object | RECEIVER-middle-1-0-GEO-receiver-0.21--0.17-left
Fra:1 Mem:101.52M (Peak 101.52M) | Time:00:00.06 | Mem:0.00M, Peak:0.00M | Scene, ViewLayer | Synchronizing object | RECEIVER-middle-1-0-GEO-receiver-0.21--0.17-front
Fra:1 Mem:101.52M (Peak 101.52M) | Time:00:00.06 | Mem:0.00M, Peak:0.00M | Scene, ViewLayer | Synchronizing object | GEO-FIXTURE-middle-1-0-GEO-carrier-1m-latch-grip-0.65-0
Fra:1 Mem:101.53M (Peak 101.53M) | Time:00:00.06 | Mem:0.00M, Peak:0.00M | Scene, ViewLayer | Synchronizing object | RECEIVER-middle-1-0-GEO-receiver--0.21-0.17-right
Fra:1 Mem:101.54M (Peak 101.54M) | Time:00:00.06 | Mem:0.00M, Peak:0.00M | Scene, ViewLayer | Synchronizing object | RECEIVER-middle-1-0-GEO-receiver--0.21-0.17-rear
Fra:1 Mem:101.53M (Peak 101.54M) | Time:00:00.06 | Mem:0.00M, Peak:0.00M | Scene, ViewLayer | Synchronizing object | GEO-FIXTURE-middle-1-0-GEO-carrier-1m-status-0
Fra:1 Mem:101.54M (Peak 101.54M) | Time:00:00.06 | Mem:0.00M, Peak:0.00M | Scene, ViewLayer | Synchronizing object | RECEIVER-middle-1-0-GEO-receiver--0.21-0.17-left
Fra:1 Mem:101.54M (Peak 101.54M) | Time:00:00.06 | Mem:0.00M, Peak:0.00M | Scene, ViewLayer | Synchronizing object | RECEIVER-middle-1-0-GEO-receiver--0.21-0.17-front
Fra:1 Mem:101.54M (Peak 101.54M) | Time:00:00.06 | Mem:0.00M, Peak:0.00M | Scene, ViewLayer | Synchronizing object | GEO-FIXTURE-middle-1-0-GEO-carrier-1m-front-rail-0.9375
Fra:1 Mem:101.56M (Peak 101.56M) | Time:00:00.06 | Mem:0.00M, Peak:0.00M | Scene, ViewLayer | Synchronizing object | RECEIVER-middle-1-0-GEO-receiver--0.21--0.17-right
Fra:1 Mem:101.56M (Peak 101.56M) | Time:00:00.06 | Mem:0.00M, Peak:0.00M | Scene, ViewLayer | Synchronizing object | RECEIVER-middle-1-0-GEO-receiver--0.21--0.17-rear
Fra:1 Mem:101.56M (Peak 101.56M) | Time:00:00.06 | Mem:0.00M, Peak:0.00M | Scene, ViewLayer | Synchronizing object | GEO-FIXTURE-middle-1-0-GEO-carrier-1m-latch-0.15-0.9375
Fra:1 Mem:101.58M (Peak 101.58M) | Time:00:00.06 | Mem:0.00M, Peak:0.00M | Scene, ViewLayer | Synchronizing object | RECEIVER-middle-1-0-GEO-receiver--0.21--0.17-left
Fra:1 Mem:101.58M (Peak 101.58M) | Time:00:00.06 | Mem:0.00M, Peak:0.00M | Scene, ViewLayer | Synchronizing object | RECEIVER-middle-1-0-GEO-receiver--0.21--0.17-front
Fra:1 Mem:101.58M (Peak 101.58M) | Time:00:00.06 | Mem:0.00M, Peak:0.00M | Scene, ViewLayer | Synchronizing object | GEO-FIXTURE-middle-1-0-GEO-carrier-1m-latch-grip-0.15-0.9375
Fra:1 Mem:101.59M (Peak 101.59M) | Time:00:00.06 | Mem:0.00M, Peak:0.00M | Scene, ViewLayer | Synchronizing object | RECEIVER-middle-0-0-GEO-receiver-0.21-0.17-right
Fra:1 Mem:101.61M (Peak 101.61M) | Time:00:00.06 | Mem:0.00M, Peak:0.00M | Scene, ViewLayer | Synchronizing object | RECEIVER-middle-0-0-GEO-receiver-0.21-0.17-rear
Fra:1 Mem:101.60M (Peak 101.61M) | Time:00:00.06 | Mem:0.00M, Peak:0.00M | Scene, ViewLayer | Synchronizing object | GEO-FIXTURE-middle-1-0-GEO-carrier-1m-latch-0.65-0.9375
Fra:1 Mem:101.61M (Peak 101.61M) | Time:00:00.06 | Mem:0.00M, Peak:0.00M | Scene, ViewLayer | Synchronizing object | RECEIVER-middle-0-0-GEO-receiver-0.21-0.17-left
Fra:1 Mem:101.63M (Peak 101.63M) | Time:00:00.06 | Mem:0.00M, Peak:0.00M | Scene, ViewLayer | Synchronizing object | RECEIVER-middle-0-0-GEO-receiver-0.21-0.17-front
Fra:1 Mem:101.61M (Peak 101.63M) | Time:00:00.06 | Mem:0.00M, Peak:0.00M | Scene, ViewLayer | Synchronizing object | GEO-FIXTURE-middle-1-0-GEO-carrier-1m-latch-grip-0.65-0.9375
Fra:1 Mem:101.63M (Peak 101.63M) | Time:00:00.06 | Mem:0.00M, Peak:0.00M | Scene, ViewLayer | Synchronizing object | RECEIVER-middle-0-0-GEO-receiver-0.21--0.17-right
Fra:1 Mem:101.63M (Peak 101.63M) | Time:00:00.06 | Mem:0.00M, Peak:0.00M | Scene, ViewLayer | Synchronizing object | RECEIVER-middle-0-0-GEO-receiver-0.21--0.17-rear
Fra:1 Mem:101.63M (Peak 101.63M) | Time:00:00.06 | Mem:0.00M, Peak:0.00M | Scene, ViewLayer | Synchronizing object | GEO-FIXTURE-middle-1-0-GEO-carrier-1m-status-0.9375
Fra:1 Mem:101.65M (Peak 101.65M) | Time:00:00.06 | Mem:0.00M, Peak:0.00M | Scene, ViewLayer | Synchronizing object | RECEIVER-middle-0-0-GEO-receiver-0.21--0.17-left
Fra:1 Mem:101.64M (Peak 101.65M) | Time:00:00.06 | Mem:0.00M, Peak:0.00M | Scene, ViewLayer | Synchronizing object | RECEIVER-middle-0-0-GEO-receiver-0.21--0.17-front
Fra:1 Mem:101.65M (Peak 101.65M) | Time:00:00.06 | Mem:0.00M, Peak:0.00M | Scene, ViewLayer | Synchronizing object | GEO-FIXTURE-middle-1-0-GEO-carrier-1m-side-lower-rail-0
Fra:1 Mem:101.66M (Peak 101.66M) | Time:00:00.06 | Mem:0.00M, Peak:0.00M | Scene, ViewLayer | Synchronizing object | RECEIVER-middle-0-0-GEO-receiver--0.21-0.17-right
Fra:1 Mem:101.68M (Peak 101.68M) | Time:00:00.06 | Mem:0.00M, Peak:0.00M | Scene, ViewLayer | Synchronizing object | RECEIVER-middle-0-0-GEO-receiver--0.21-0.17-rear
Fra:1 Mem:101.67M (Peak 101.68M) | Time:00:00.06 | Mem:0.00M, Peak:0.00M | Scene, ViewLayer | Synchronizing object | GEO-FIXTURE-middle-1-0-GEO-carrier-1m-side-upper-rail-0
Fra:1 Mem:101.68M (Peak 101.68M) | Time:00:00.06 | Mem:0.00M, Peak:0.00M | Scene, ViewLayer | Synchronizing object | RECEIVER-middle-0-0-GEO-receiver--0.21-0.17-left
Fra:1 Mem:101.70M (Peak 101.70M) | Time:00:00.06 | Mem:0.00M, Peak:0.00M | Scene, ViewLayer | Synchronizing object | RECEIVER-middle-0-0-GEO-receiver--0.21-0.17-front
Fra:1 Mem:101.68M (Peak 101.70M) | Time:00:00.06 | Mem:0.00M, Peak:0.00M | Scene, ViewLayer | Synchronizing object | GEO-FIXTURE-middle-1-0-GEO-carrier-1m-side-lower-rail-0.9375
Fra:1 Mem:101.70M (Peak 101.70M) | Time:00:00.06 | Mem:0.00M, Peak:0.00M | Scene, ViewLayer | Synchronizing object | RECEIVER-middle-0-0-GEO-receiver--0.21--0.17-right
Fra:1 Mem:101.71M (Peak 101.71M) | Time:00:00.06 | Mem:0.00M, Peak:0.00M | Scene, ViewLayer | Synchronizing object | RECEIVER-middle-0-0-GEO-receiver--0.21--0.17-rear
Fra:1 Mem:101.70M (Peak 101.71M) | Time:00:00.06 | Mem:0.00M, Peak:0.00M | Scene, ViewLayer | Synchronizing object | GEO-FIXTURE-middle-1-0-GEO-carrier-1m-side-upper-rail-0.9375
Fra:1 Mem:101.72M (Peak 101.72M) | Time:00:00.06 | Mem:0.00M, Peak:0.00M | Scene, ViewLayer | Synchronizing object | RECEIVER-middle-0-0-GEO-receiver--0.21--0.17-left
Fra:1 Mem:101.71M (Peak 101.72M) | Time:00:00.06 | Mem:0.00M, Peak:0.00M | Scene, ViewLayer | Synchronizing object | RECEIVER-middle-0-0-GEO-receiver--0.21--0.17-front
Fra:1 Mem:101.72M (Peak 101.72M) | Time:00:00.06 | Mem:0.00M, Peak:0.00M | Scene, ViewLayer | Synchronizing object | GEO-FIXTURE-middle-1-1-GEO-carrier-1m-lower-deck
Fra:1 Mem:101.74M (Peak 101.74M) | Time:00:00.06 | Mem:0.00M, Peak:0.00M | Scene, ViewLayer | Synchronizing object | RECEIVER-base-GEO-receiver-0.21-0.17-right
Fra:1 Mem:101.73M (Peak 101.74M) | Time:00:00.06 | Mem:0.00M, Peak:0.00M | Scene, ViewLayer | Synchronizing object | RECEIVER-base-GEO-receiver-0.21-0.17-rear
Fra:1 Mem:101.73M (Peak 101.74M) | Time:00:00.06 | Mem:0.00M, Peak:0.00M | Scene, ViewLayer | Synchronizing object | GEO-FIXTURE-middle-1-1-GEO-carrier-1m-upper-deck
Fra:1 Mem:101.75M (Peak 101.75M) | Time:00:00.06 | Mem:0.00M, Peak:0.00M | Scene, ViewLayer | Synchronizing object | RECEIVER-base-GEO-receiver-0.21-0.17-left
Fra:1 Mem:101.75M (Peak 101.75M) | Time:00:00.06 | Mem:0.00M, Peak:0.00M | Scene, ViewLayer | Synchronizing object | RECEIVER-base-GEO-receiver-0.21-0.17-front
Fra:1 Mem:101.75M (Peak 101.75M) | Time:00:00.06 | Mem:0.00M, Peak:0.00M | Scene, ViewLayer | Synchronizing object | GEO-FIXTURE-middle-1-1-GEO-carrier-1m-BEARING-bottom-0-0
Fra:1 Mem:101.76M (Peak 101.76M) | Time:00:00.06 | Mem:0.00M, Peak:0.00M | Scene, ViewLayer | Synchronizing object | GEO-FIXTURE-middle-1-1-GEO-carrier-1m-BEARING-top-0-0
Fra:1 Mem:101.75M (Peak 101.76M) | Time:00:00.06 | Mem:0.00M, Peak:0.00M | Scene, ViewLayer | Synchronizing object | RECEIVER-base-GEO-receiver-0.21--0.17-right
Fra:1 Mem:101.75M (Peak 101.76M) | Time:00:00.06 | Mem:0.00M, Peak:0.00M | Scene, ViewLayer | Synchronizing object | GEO-FIXTURE-middle-1-1-GEO-carrier-1m-top-restraint-0-0-0.045
Fra:1 Mem:101.77M (Peak 101.77M) | Time:00:00.06 | Mem:0.00M, Peak:0.00M | Scene, ViewLayer | Synchronizing object | RECEIVER-base-GEO-receiver-0.21--0.17-rear
Fra:1 Mem:101.79M (Peak 101.79M) | Time:00:00.06 | Mem:0.00M, Peak:0.00M | Scene, ViewLayer | Synchronizing object | RECEIVER-base-GEO-receiver-0.21--0.17-left
Fra:1 Mem:101.77M (Peak 101.79M) | Time:00:00.06 | Mem:0.00M, Peak:0.00M | Scene, ViewLayer | Synchronizing object | GEO-FIXTURE-middle-1-1-GEO-carrier-1m-top-restraint-0-0-0.94
Fra:1 Mem:101.79M (Peak 101.79M) | Time:00:00.06 | Mem:0.00M, Peak:0.00M | Scene, ViewLayer | Synchronizing object | RECEIVER-base-GEO-receiver-0.21--0.17-front
Fra:1 Mem:101.79M (Peak 101.79M) | Time:00:00.06 | Mem:0.00M, Peak:0.00M | Scene, ViewLayer | Synchronizing object | RECEIVER-base-GEO-receiver--0.21-0.17-right
Fra:1 Mem:101.79M (Peak 101.79M) | Time:00:00.06 | Mem:0.00M, Peak:0.00M | Scene, ViewLayer | Synchronizing object | GEO-FIXTURE-middle-1-1-GEO-carrier-1m-corner-post-0-0
Fra:1 Mem:101.80M (Peak 101.80M) | Time:00:00.06 | Mem:0.00M, Peak:0.00M | Scene, ViewLayer | Synchronizing object | RECEIVER-base-GEO-receiver--0.21-0.17-rear
Fra:1 Mem:101.82M (Peak 101.82M) | Time:00:00.06 | Mem:0.00M, Peak:0.00M | Scene, ViewLayer | Synchronizing object | RECEIVER-base-GEO-receiver--0.21-0.17-left
Fra:1 Mem:101.81M (Peak 101.82M) | Time:00:00.06 | Mem:0.00M, Peak:0.00M | Scene, ViewLayer | Synchronizing object | GEO-FIXTURE-middle-1-1-GEO-carrier-1m-corner-shell-0-0
Fra:1 Mem:101.82M (Peak 101.82M) | Time:00:00.06 | Mem:0.00M, Peak:0.00M | Scene, ViewLayer | Synchronizing object | RECEIVER-base-GEO-receiver--0.21-0.17-front
Fra:1 Mem:101.84M (Peak 101.84M) | Time:00:00.06 | Mem:0.00M, Peak:0.00M | Scene, ViewLayer | Synchronizing object | RECEIVER-base-GEO-receiver--0.21--0.17-right
Fra:1 Mem:101.82M (Peak 101.84M) | Time:00:00.06 | Mem:0.00M, Peak:0.00M | Scene, ViewLayer | Synchronizing object | GEO-FIXTURE-middle-1-1-GEO-carrier-1m-corner-post-0-0.90625
Fra:1 Mem:101.84M (Peak 101.84M) | Time:00:00.06 | Mem:0.00M, Peak:0.00M | Scene, ViewLayer | Synchronizing object | RECEIVER-base-GEO-receiver--0.21--0.17-rear
Fra:1 Mem:101.84M (Peak 101.84M) | Time:00:00.06 | Mem:0.00M, Peak:0.00M | Scene, ViewLayer | Synchronizing object | RECEIVER-base-GEO-receiver--0.21--0.17-left
Fra:1 Mem:101.84M (Peak 101.84M) | Time:00:00.06 | Mem:0.00M, Peak:0.00M | Scene, ViewLayer | Synchronizing object | GEO-FIXTURE-middle-1-1-GEO-carrier-1m-corner-shell-0-0.90625
Fra:1 Mem:101.86M (Peak 101.86M) | Time:00:00.06 | Mem:0.00M, Peak:0.00M | Scene, ViewLayer | Synchronizing object | RECEIVER-base-GEO-receiver--0.21--0.17-front
Fra:1 Mem:101.87M (Peak 101.87M) | Time:00:00.06 | Mem:0.00M, Peak:0.00M | Scene, ViewLayer | Synchronizing object | PAYLOAD-top-GEO-fixed-rear-hinge-saddle.003--export
Fra:1 Mem:101.86M (Peak 101.87M) | Time:00:00.06 | Mem:0.00M, Peak:0.00M | Scene, ViewLayer | Synchronizing object | GEO-FIXTURE-middle-1-1-GEO-carrier-1m-corner-post-0.90625-0
Fra:1 Mem:101.91M (Peak 101.91M) | Time:00:00.06 | Mem:0.00M, Peak:0.00M | Scene, ViewLayer | Synchronizing object | GEO-FIXTURE-middle-1-1-GEO-carrier-1m-corner-shell-0.90625-0
Fra:1 Mem:101.91M (Peak 101.91M) | Time:00:00.06 | Mem:0.00M, Peak:0.00M | Scene, ViewLayer | Synchronizing object | PAYLOAD-top-GEO-fixed-rear-hinge-saddle.002--export
Fra:1 Mem:101.91M (Peak 101.91M) | Time:00:00.06 | Mem:0.00M, Peak:0.00M | Scene, ViewLayer | Synchronizing object | GEO-FIXTURE-middle-1-1-GEO-carrier-1m-corner-post-0.90625-0.906
Fra:1 Mem:101.93M (Peak 101.93M) | Time:00:00.06 | Mem:0.00M, Peak:0.00M | Scene, ViewLayer | Synchronizing object | GEO-FIXTURE-middle-1-1-GEO-carrier-1m-corner-shell-0.90625-0.90
Fra:1 Mem:101.93M (Peak 101.93M) | Time:00:00.06 | Mem:0.00M, Peak:0.00M | Scene, ViewLayer | Synchronizing object | PAYLOAD-top-GEO-fixed-rear-hinge-saddle.001--export
Fra:1 Mem:101.96M (Peak 101.96M) | Time:00:00.06 | Mem:0.00M, Peak:0.00M | Scene, ViewLayer | Synchronizing object | GEO-FIXTURE-middle-1-1-GEO-carrier-1m-front-rail-0
Fra:1 Mem:101.99M (Peak 101.99M) | Time:00:00.06 | Mem:0.00M, Peak:0.00M | Scene, ViewLayer | Synchronizing object | PAYLOAD-top-GEO-fixed-rear-hinge-saddle--export
Fra:1 Mem:101.98M (Peak 101.99M) | Time:00:00.06 | Mem:0.00M, Peak:0.00M | Scene, ViewLayer | Synchronizing object | GEO-FIXTURE-middle-1-1-GEO-carrier-1m-latch-0.15-0
Fra:1 Mem:102.00M (Peak 102.00M) | Time:00:00.06 | Mem:0.00M, Peak:0.00M | Scene, ViewLayer | Synchronizing object | GEO-FIXTURE-middle-1-1-GEO-carrier-1m-latch-grip-0.15-0
Fra:1 Mem:102.04M (Peak 102.04M) | Time:00:00.06 | Mem:0.00M, Peak:0.00M | Scene, ViewLayer | Synchronizing object | GEO-FIXTURE-middle-1-1-GEO-carrier-1m-latch-0.65-0
Fra:1 Mem:102.04M (Peak 102.04M) | Time:00:00.06 | Mem:0.00M, Peak:0.00M | Scene, ViewLayer | Synchronizing object | PAYLOAD-top-GEO-lid-latch-connecting-bridge.001--export
Fra:1 Mem:102.03M (Peak 102.04M) | Time:00:00.06 | Mem:0.00M, Peak:0.00M | Scene, ViewLayer | Synchronizing object | GEO-FIXTURE-middle-1-1-GEO-carrier-1m-latch-grip-0.65-0
Fra:1 Mem:102.09M (Peak 102.09M) | Time:00:00.06 | Mem:0.00M, Peak:0.00M | Scene, ViewLayer | Synchronizing object | GEO-FIXTURE-middle-1-1-GEO-carrier-1m-status-0
Fra:1 Mem:102.08M (Peak 102.09M) | Time:00:00.06 | Mem:0.00M, Peak:0.00M | Scene, ViewLayer | Synchronizing object | PAYLOAD-top-GEO-lid-latch-connecting-bridge--export
Fra:1 Mem:102.08M (Peak 102.09M) | Time:00:00.06 | Mem:0.00M, Peak:0.00M | Scene, ViewLayer | Synchronizing object | GEO-FIXTURE-middle-1-1-GEO-carrier-1m-front-rail-0.9375
Fra:1 Mem:102.13M (Peak 102.13M) | Time:00:00.06 | Mem:0.00M, Peak:0.00M | Scene, ViewLayer | Synchronizing object | GEO-FIXTURE-middle-1-1-GEO-carrier-1m-latch-0.15-0.9375
Fra:1 Mem:102.11M (Peak 102.13M) | Time:00:00.06 | Mem:0.00M, Peak:0.00M | Scene, ViewLayer | Synchronizing object | PAYLOAD-top-GEO-inset-lid-gasket.003--export
Fra:1 Mem:102.14M (Peak 102.14M) | Time:00:00.06 | Mem:0.00M, Peak:0.00M | Scene, ViewLayer | Synchronizing object | GEO-FIXTURE-middle-1-1-GEO-carrier-1m-latch-grip-0.15-0.9375
Fra:1 Mem:102.17M (Peak 102.17M) | Time:00:00.06 | Mem:0.00M, Peak:0.00M | Scene, ViewLayer | Synchronizing object | PAYLOAD-top-GEO-lid-support-ledge.003--export
Fra:1 Mem:102.16M (Peak 102.17M) | Time:00:00.06 | Mem:0.00M, Peak:0.00M | Scene, ViewLayer | Synchronizing object | GEO-FIXTURE-middle-1-1-GEO-carrier-1m-latch-0.65-0.9375
Fra:1 Mem:102.18M (Peak 102.18M) | Time:00:00.06 | Mem:0.00M, Peak:0.00M | Scene, ViewLayer | Synchronizing object | GEO-FIXTURE-middle-1-1-GEO-carrier-1m-latch-grip-0.65-0.9375
Fra:1 Mem:102.18M (Peak 102.18M) | Time:00:00.06 | Mem:0.00M, Peak:0.00M | Scene, ViewLayer | Synchronizing object | PAYLOAD-top-GEO-inset-lid-gasket.002--export
Fra:1 Mem:102.20M (Peak 102.20M) | Time:00:00.06 | Mem:0.00M, Peak:0.00M | Scene, ViewLayer | Synchronizing object | GEO-FIXTURE-middle-1-1-GEO-carrier-1m-status-0.9375
Fra:1 Mem:102.23M (Peak 102.23M) | Time:00:00.06 | Mem:0.00M, Peak:0.00M | Scene, ViewLayer | Synchronizing object | PAYLOAD-top-GEO-lid-support-ledge.002--export
Fra:1 Mem:102.23M (Peak 102.23M) | Time:00:00.06 | Mem:0.00M, Peak:0.00M | Scene, ViewLayer | Synchronizing object | GEO-FIXTURE-middle-1-1-GEO-carrier-1m-side-lower-rail-0
Fra:1 Mem:102.26M (Peak 102.26M) | Time:00:00.06 | Mem:0.00M, Peak:0.00M | Scene, ViewLayer | Synchronizing object | GEO-FIXTURE-middle-1-1-GEO-carrier-1m-side-upper-rail-0
Fra:1 Mem:102.27M (Peak 102.27M) | Time:00:00.06 | Mem:0.00M, Peak:0.00M | Scene, ViewLayer | Synchronizing object | PAYLOAD-top-GEO-inset-lid-gasket.001--export
Fra:1 Mem:102.27M (Peak 102.27M) | Time:00:00.06 | Mem:0.00M, Peak:0.00M | Scene, ViewLayer | Synchronizing object | GEO-FIXTURE-middle-1-1-GEO-carrier-1m-side-lower-rail-0.9375
Fra:1 Mem:102.32M (Peak 102.32M) | Time:00:00.06 | Mem:0.00M, Peak:0.00M | Scene, ViewLayer | Synchronizing object | GEO-FIXTURE-middle-1-1-GEO-carrier-1m-side-upper-rail-0.9375
Fra:1 Mem:102.32M (Peak 102.32M) | Time:00:00.06 | Mem:0.00M, Peak:0.00M | Scene, ViewLayer | Synchronizing object | PAYLOAD-top-GEO-lid-support-ledge.001--export
Fra:1 Mem:102.32M (Peak 102.32M) | Time:00:00.06 | Mem:0.00M, Peak:0.00M | Scene, ViewLayer | Synchronizing object | GEO-FIXTURE-top-GEO-carrier-2m-lower-deck
Fra:1 Mem:102.36M (Peak 102.36M) | Time:00:00.06 | Mem:0.00M, Peak:0.00M | Scene, ViewLayer | Synchronizing object | GEO-FIXTURE-top-GEO-carrier-2m-upper-deck
Fra:1 Mem:102.36M (Peak 102.36M) | Time:00:00.06 | Mem:0.00M, Peak:0.00M | Scene, ViewLayer | Synchronizing object | PAYLOAD-top-GEO-inset-lid-gasket--export
Fra:1 Mem:102.37M (Peak 102.37M) | Time:00:00.06 | Mem:0.00M, Peak:0.00M | Scene, ViewLayer | Synchronizing object | GEO-FIXTURE-top-GEO-carrier-2m-BEARING-bottom-0-0
Fra:1 Mem:102.40M (Peak 102.40M) | Time:00:00.06 | Mem:0.00M, Peak:0.00M | Scene, ViewLayer | Synchronizing object | GEO-FIXTURE-top-GEO-carrier-2m-BEARING-top-0-0
Fra:1 Mem:102.40M (Peak 102.40M) | Time:00:00.06 | Mem:0.00M, Peak:0.00M | Scene, ViewLayer | Synchronizing object | GEO-FIXTURE-top-GEO-carrier-2m-top-restraint-0-0-0.045
Fra:1 Mem:102.38M (Peak 102.40M) | Time:00:00.06 | Mem:0.00M, Peak:0.00M | Scene, ViewLayer | Synchronizing object | PAYLOAD-top-GEO-lid-support-ledge--export
Fra:1 Mem:102.41M (Peak 102.41M) | Time:00:00.06 | Mem:0.00M, Peak:0.00M | Scene, ViewLayer | Synchronizing object | GEO-FIXTURE-top-GEO-carrier-2m-top-restraint-0-0-0.94
Fra:1 Mem:102.44M (Peak 102.44M) | Time:00:00.06 | Mem:0.00M, Peak:0.00M | Scene, ViewLayer | Synchronizing object | PAYLOAD-top-GEO-fixed-top-frame.003--export
Fra:1 Mem:102.43M (Peak 102.44M) | Time:00:00.06 | Mem:0.00M, Peak:0.00M | Scene, ViewLayer | Synchronizing object | GEO-FIXTURE-top-GEO-carrier-2m-BEARING-bottom-0-1
Fra:1 Mem:102.45M (Peak 102.45M) | Time:00:00.06 | Mem:0.00M, Peak:0.00M | Scene, ViewLayer | Synchronizing object | GEO-FIXTURE-top-GEO-carrier-2m-BEARING-top-0-1
Fra:1 Mem:102.44M (Peak 102.45M) | Time:00:00.06 | Mem:0.00M, Peak:0.00M | Scene, ViewLayer | Synchronizing object | GEO-FIXTURE-top-GEO-carrier-2m-top-restraint-0-1-1.045
Fra:1 Mem:102.45M (Peak 102.45M) | Time:00:00.06 | Mem:0.00M, Peak:0.00M | Scene, ViewLayer | Synchronizing object | GEO-FIXTURE-top-GEO-carrier-2m-top-restraint-0-1-1.94
Fra:1 Mem:102.45M (Peak 102.45M) | Time:00:00.06 | Mem:0.00M, Peak:0.00M | Scene, ViewLayer | Synchronizing object | PAYLOAD-top-GEO-fixed-top-frame.002--export
Fra:1 Mem:102.47M (Peak 102.47M) | Time:00:00.06 | Mem:0.00M, Peak:0.00M | Scene, ViewLayer | Synchronizing object | GEO-FIXTURE-top-GEO-carrier-2m-BEARING-bottom-1-0
Fra:1 Mem:102.49M (Peak 102.49M) | Time:00:00.06 | Mem:0.00M, Peak:0.00M | Scene, ViewLayer | Synchronizing object | GEO-FIXTURE-top-GEO-carrier-2m-BEARING-top-1-0
Fra:1 Mem:102.50M (Peak 102.50M) | Time:00:00.06 | Mem:0.00M, Peak:0.00M | Scene, ViewLayer | Synchronizing object | GEO-FIXTURE-top-GEO-carrier-2m-top-restraint-1-0-0.045
Fra:1 Mem:102.50M (Peak 102.50M) | Time:00:00.06 | Mem:0.00M, Peak:0.00M | Scene, ViewLayer | Synchronizing object | GEO-FIXTURE-top-GEO-carrier-2m-top-restraint-1-0-0.94
Fra:1 Mem:102.50M (Peak 102.50M) | Time:00:00.06 | Mem:0.00M, Peak:0.00M | Scene, ViewLayer | Synchronizing object | PAYLOAD-top-GEO-fixed-top-frame.001--export
Fra:1 Mem:102.53M (Peak 102.53M) | Time:00:00.06 | Mem:0.00M, Peak:0.00M | Scene, ViewLayer | Synchronizing object | GEO-FIXTURE-top-GEO-carrier-2m-BEARING-bottom-1-1
Fra:1 Mem:102.55M (Peak 102.55M) | Time:00:00.06 | Mem:0.00M, Peak:0.00M | Scene, ViewLayer | Synchronizing object | GEO-FIXTURE-top-GEO-carrier-2m-BEARING-top-1-1
Fra:1 Mem:102.53M (Peak 102.55M) | Time:00:00.06 | Mem:0.00M, Peak:0.00M | Scene, ViewLayer | Synchronizing object | GEO-FIXTURE-top-GEO-carrier-2m-top-restraint-1-1-1.045
Fra:1 Mem:102.53M (Peak 102.55M) | Time:00:00.06 | Mem:0.00M, Peak:0.00M | Scene, ViewLayer | Synchronizing object | PAYLOAD-top-GEO-fixed-top-frame--export
Fra:1 Mem:102.57M (Peak 102.57M) | Time:00:00.06 | Mem:0.00M, Peak:0.00M | Scene, ViewLayer | Synchronizing object | GEO-FIXTURE-top-GEO-carrier-2m-top-restraint-1-1-1.94
Fra:1 Mem:102.58M (Peak 102.58M) | Time:00:00.06 | Mem:0.00M, Peak:0.00M | Scene, ViewLayer | Synchronizing object | PAYLOAD-top-GEO-marking-STA / S--export
Fra:1 Mem:102.58M (Peak 102.58M) | Time:00:00.06 | Mem:0.00M, Peak:0.00M | Scene, ViewLayer | Synchronizing object | GEO-FIXTURE-top-GEO-carrier-2m-corner-post-0-0
Fra:1 Mem:102.64M (Peak 102.64M) | Time:00:00.06 | Mem:0.00M, Peak:0.00M | Scene, ViewLayer | Synchronizing object | GEO-FIXTURE-top-GEO-carrier-2m-corner-shell-0-0
Fra:1 Mem:102.84M (Peak 102.84M) | Time:00:00.06 | Mem:0.00M, Peak:0.00M | Scene, ViewLayer | Synchronizing object | GEO-FIXTURE-top-GEO-carrier-2m-corner-post-0-1.90625
Fra:1 Mem:102.86M (Peak 102.86M) | Time:00:00.06 | Mem:0.00M, Peak:0.00M | Scene, ViewLayer | Synchronizing object | GEO-FIXTURE-top-GEO-carrier-2m-corner-shell-0-1.90625
Fra:1 Mem:102.93M (Peak 102.93M) | Time:00:00.06 | Mem:0.00M, Peak:0.00M | Scene, ViewLayer | Synchronizing object | GEO-FIXTURE-top-GEO-carrier-2m-corner-post-1.90625-0
Fra:1 Mem:102.80M (Peak 102.93M) | Time:00:00.06 | Mem:0.00M, Peak:0.00M | Scene, ViewLayer | Synchronizing object | GEO-FIXTURE-top-GEO-carrier-2m-corner-shell-1.90625-0
Fra:1 Mem:102.86M (Peak 102.93M) | Time:00:00.06 | Mem:0.00M, Peak:0.00M | Scene, ViewLayer | Synchronizing object | GEO-FIXTURE-top-GEO-carrier-2m-corner-post-1.90625-1.90625
Fra:1 Mem:102.89M (Peak 102.93M) | Time:00:00.06 | Mem:0.00M, Peak:0.00M | Scene, ViewLayer | Synchronizing object | GEO-FIXTURE-top-GEO-carrier-2m-corner-shell-1.90625-1.90625
Fra:1 Mem:103.02M (Peak 103.02M) | Time:00:00.06 | Mem:0.00M, Peak:0.00M | Scene, ViewLayer | Synchronizing object | GEO-FIXTURE-top-GEO-carrier-2m-front-rail-0
Fra:1 Mem:103.03M (Peak 103.03M) | Time:00:00.06 | Mem:0.00M, Peak:0.00M | Scene, ViewLayer | Synchronizing object | GEO-FIXTURE-top-GEO-carrier-2m-latch-0.15-0
Fra:1 Mem:103.04M (Peak 103.04M) | Time:00:00.06 | Mem:0.00M, Peak:0.00M | Scene, ViewLayer | Synchronizing object | GEO-FIXTURE-top-GEO-carrier-2m-latch-grip-0.15-0
Fra:1 Mem:103.04M (Peak 103.04M) | Time:00:00.06 | Mem:0.00M, Peak:0.00M | Scene, ViewLayer | Synchronizing object | GEO-FIXTURE-top-GEO-carrier-2m-latch-1.65-0
Fra:1 Mem:102.88M (Peak 103.04M) | Time:00:00.06 | Mem:0.00M, Peak:0.00M | Scene, ViewLayer | Synchronizing object | PAYLOAD-top-GEO-44mm-clear-stack-receiver.015--export
Fra:1 Mem:102.88M (Peak 103.04M) | Time:00:00.06 | Mem:0.00M, Peak:0.00M | Scene, ViewLayer | Synchronizing object | GEO-FIXTURE-top-GEO-carrier-2m-latch-grip-1.65-0
Fra:1 Mem:102.91M (Peak 103.04M) | Time:00:00.06 | Mem:0.00M, Peak:0.00M | Scene, ViewLayer | Synchronizing object | GEO-FIXTURE-top-GEO-carrier-2m-status-0
Fra:1 Mem:102.94M (Peak 103.04M) | Time:00:00.06 | Mem:0.00M, Peak:0.00M | Scene, ViewLayer | Synchronizing object | PAYLOAD-top-GEO-44mm-clear-stack-receiver.014--export
Fra:1 Mem:102.92M (Peak 103.04M) | Time:00:00.06 | Mem:0.00M, Peak:0.00M | Scene, ViewLayer | Synchronizing object | GEO-FIXTURE-top-GEO-carrier-2m-front-rail-1.9375
Fra:1 Mem:102.97M (Peak 103.04M) | Time:00:00.06 | Mem:0.00M, Peak:0.00M | Scene, ViewLayer | Synchronizing object | GEO-FIXTURE-top-GEO-carrier-2m-latch-0.15-1.9375
Fra:1 Mem:102.97M (Peak 103.04M) | Time:00:00.06 | Mem:0.00M, Peak:0.00M | Scene, ViewLayer | Synchronizing object | PAYLOAD-top-GEO-44mm-clear-stack-receiver.013--export
Fra:1 Mem:103.00M (Peak 103.04M) | Time:00:00.06 | Mem:0.00M, Peak:0.00M | Scene, ViewLayer | Synchronizing object | GEO-FIXTURE-top-GEO-carrier-2m-latch-grip-0.15-1.9375
Fra:1 Mem:103.02M (Peak 103.04M) | Time:00:00.06 | Mem:0.00M, Peak:0.00M | Scene, ViewLayer | Synchronizing object | GEO-FIXTURE-top-GEO-carrier-2m-latch-1.65-1.9375
Fra:1 Mem:103.01M (Peak 103.04M) | Time:00:00.06 | Mem:0.00M, Peak:0.00M | Scene, ViewLayer | Synchronizing object | PAYLOAD-top-GEO-44mm-clear-stack-receiver.012--export
Fra:1 Mem:103.01M (Peak 103.04M) | Time:00:00.06 | Mem:0.00M, Peak:0.00M | Scene, ViewLayer | Synchronizing object | GEO-FIXTURE-top-GEO-carrier-2m-latch-grip-1.65-1.9375
Fra:1 Mem:103.06M (Peak 103.06M) | Time:00:00.06 | Mem:0.00M, Peak:0.00M | Scene, ViewLayer | Synchronizing object | GEO-FIXTURE-top-GEO-carrier-2m-status-1.9375
Fra:1 Mem:103.07M (Peak 103.07M) | Time:00:00.06 | Mem:0.00M, Peak:0.00M | Scene, ViewLayer | Synchronizing object | PAYLOAD-top-GEO-stack-receiver-base.003--export
Fra:1 Mem:103.06M (Peak 103.07M) | Time:00:00.06 | Mem:0.00M, Peak:0.00M | Scene, ViewLayer | Synchronizing object | GEO-FIXTURE-top-GEO-carrier-2m-side-lower-rail-0
Fra:1 Mem:103.09M (Peak 103.09M) | Time:00:00.06 | Mem:0.00M, Peak:0.00M | Scene, ViewLayer | Synchronizing object | PAYLOAD-top-GEO-44mm-clear-stack-receiver.011--export
Fra:1 Mem:103.10M (Peak 103.10M) | Time:00:00.06 | Mem:0.00M, Peak:0.00M | Scene, ViewLayer | Synchronizing object | PAYLOAD-top-GEO-44mm-clear-stack-receiver.010--export
Fra:1 Mem:103.12M (Peak 103.12M) | Time:00:00.06 | Mem:0.00M, Peak:0.00M | Scene, ViewLayer | Synchronizing object | PAYLOAD-top-GEO-44mm-clear-stack-receiver.009--export
Fra:1 Mem:103.14M (Peak 103.14M) | Time:00:00.06 | Mem:0.00M, Peak:0.00M | Scene, ViewLayer | Synchronizing object | PAYLOAD-top-GEO-44mm-clear-stack-receiver.008--export
Fra:1 Mem:103.16M (Peak 103.16M) | Time:00:00.06 | Mem:0.00M, Peak:0.00M | Scene, ViewLayer | Synchronizing object | PAYLOAD-top-GEO-stack-receiver-base.002--export
Fra:1 Mem:103.17M (Peak 103.17M) | Time:00:00.06 | Mem:0.00M, Peak:0.00M | Scene, ViewLayer | Synchronizing object | GEO-FIXTURE-top-GEO-carrier-2m-side-upper-rail-0
Fra:1 Mem:103.18M (Peak 103.18M) | Time:00:00.06 | Mem:0.00M, Peak:0.00M | Scene, ViewLayer | Synchronizing object | PAYLOAD-top-GEO-44mm-clear-stack-receiver.007--export
Fra:1 Mem:103.19M (Peak 103.19M) | Time:00:00.06 | Mem:0.00M, Peak:0.00M | Scene, ViewLayer | Synchronizing object | GEO-FIXTURE-top-GEO-carrier-2m-side-lower-rail-1.9375
Fra:1 Mem:103.23M (Peak 103.23M) | Time:00:00.06 | Mem:0.00M, Peak:0.00M | Scene, ViewLayer | Synchronizing object | GEO-FIXTURE-top-GEO-carrier-2m-side-upper-rail-1.9375
Fra:1 Mem:103.25M (Peak 103.25M) | Time:00:00.06 | Mem:0.00M, Peak:0.00M | Scene, ViewLayer | Synchronizing object | PAYLOAD-top-GEO-44mm-clear-stack-receiver.006--export
Fra:1 Mem:103.23M (Peak 103.25M) | Time:00:00.06 | Mem:0.00M, Peak:0.00M | Scene, ViewLayer | Synchronizing object | GEO-FIXTURE-top-GEO-carrier-2m-intermediate-post-0-0.953125
Fra:1 Mem:103.28M (Peak 103.28M) | Time:00:00.06 | Mem:0.00M, Peak:0.00M | Scene, ViewLayer | Synchronizing object | GEO-FIXTURE-top-GEO-carrier-2m-intermediate-post-1.90625-0.9531
Fra:1 Mem:103.26M (Peak 103.28M) | Time:00:00.06 | Mem:0.00M, Peak:0.00M | Scene, ViewLayer | Synchronizing object | PAYLOAD-top-GEO-44mm-clear-stack-receiver.005--export
Fra:1 Mem:103.29M (Peak 103.29M) | Time:00:00.06 | Mem:0.00M, Peak:0.00M | Scene, ViewLayer | Synchronizing object | GEO-FIXTURE-top-GEO-carrier-2m-intermediate-post-0.953125-0
Fra:1 Mem:103.32M (Peak 103.32M) | Time:00:00.06 | Mem:0.00M, Peak:0.00M | Scene, ViewLayer | Synchronizing object | PAYLOAD-top-GEO-44mm-clear-stack-receiver.004--export
Fra:1 Mem:103.31M (Peak 103.32M) | Time:00:00.06 | Mem:0.00M, Peak:0.00M | Scene, ViewLayer | Synchronizing object | GEO-FIXTURE-top-GEO-carrier-2m-intermediate-post-0.953125-1.906
Fra:1 Mem:103.35M (Peak 103.35M) | Time:00:00.06 | Mem:0.00M, Peak:0.00M | Scene, ViewLayer | Synchronizing object | PAYLOAD-base-GEO-load-skid--export
Fra:1 Mem:103.34M (Peak 103.35M) | Time:00:00.06 | Mem:0.00M, Peak:0.00M | Scene, ViewLayer | Synchronizing object | PAYLOAD-top-GEO-stack-receiver-base.001--export
Fra:1 Mem:103.37M (Peak 103.37M) | Time:00:00.06 | Mem:0.00M, Peak:0.00M | Scene, ViewLayer | Synchronizing object | PAYLOAD-top-GEO-44mm-clear-stack-receiver.003--export
Fra:1 Mem:103.37M (Peak 103.37M) | Time:00:00.06 | Mem:0.00M, Peak:0.00M | Scene, ViewLayer | Synchronizing object | PAYLOAD-base-GEO-load-skid.001--export
Fra:1 Mem:103.43M (Peak 103.43M) | Time:00:00.06 | Mem:0.00M, Peak:0.00M | Scene, ViewLayer | Synchronizing object | PAYLOAD-base-GEO-crossmember--export
Fra:1 Mem:103.41M (Peak 103.43M) | Time:00:00.06 | Mem:0.00M, Peak:0.00M | Scene, ViewLayer | Synchronizing object | PAYLOAD-top-GEO-44mm-clear-stack-receiver.002--export
Fra:1 Mem:103.46M (Peak 103.46M) | Time:00:00.06 | Mem:0.00M, Peak:0.00M | Scene, ViewLayer | Synchronizing object | PAYLOAD-base-GEO-crossmember.001--export
Fra:1 Mem:103.44M (Peak 103.46M) | Time:00:00.06 | Mem:0.00M, Peak:0.00M | Scene, ViewLayer | Synchronizing object | PAYLOAD-top-GEO-44mm-clear-stack-receiver.001--export
Fra:1 Mem:103.50M (Peak 103.50M) | Time:00:00.06 | Mem:0.00M, Peak:0.00M | Scene, ViewLayer | Synchronizing object | PAYLOAD-base-GEO-40mm-locating-foot--export
Fra:1 Mem:103.49M (Peak 103.50M) | Time:00:00.06 | Mem:0.00M, Peak:0.00M | Scene, ViewLayer | Synchronizing object | PAYLOAD-top-GEO-44mm-clear-stack-receiver--export
Fra:1 Mem:103.53M (Peak 103.53M) | Time:00:00.06 | Mem:0.00M, Peak:0.00M | Scene, ViewLayer | Synchronizing object | PAYLOAD-base-GEO-40mm-locating-foot.001--export
Fra:1 Mem:103.52M (Peak 103.53M) | Time:00:00.06 | Mem:0.00M, Peak:0.00M | Scene, ViewLayer | Synchronizing object | PAYLOAD-top-GEO-stack-receiver-base--export
Fra:1 Mem:103.55M (Peak 103.55M) | Time:00:00.06 | Mem:0.00M, Peak:0.00M | Scene, ViewLayer | Synchronizing object | PAYLOAD-base-GEO-40mm-locating-foot.002--export
Fra:1 Mem:103.55M (Peak 103.55M) | Time:00:00.06 | Mem:0.00M, Peak:0.00M | Scene, ViewLayer | Synchronizing object | PAYLOAD-top-GEO-front-fitted-panel--export
Fra:1 Mem:103.61M (Peak 103.61M) | Time:00:00.06 | Mem:0.00M, Peak:0.00M | Scene, ViewLayer | Synchronizing object | PAYLOAD-base-GEO-40mm-locating-foot.003--export
Fra:1 Mem:103.64M (Peak 103.64M) | Time:00:00.06 | Mem:0.00M, Peak:0.00M | Scene, ViewLayer | Synchronizing object | PAYLOAD-top-GEO-front-inset--export
Fra:1 Mem:103.62M (Peak 103.64M) | Time:00:00.06 | Mem:0.00M, Peak:0.00M | Scene, ViewLayer | Synchronizing object | PAYLOAD-base-GEO-sealed-floor--export
Fra:1 Mem:103.72M (Peak 103.72M) | Time:00:00.06 | Mem:0.00M, Peak:0.00M | Scene, ViewLayer | Synchronizing object | PAYLOAD-base-GEO-closed-side-wall--export
Fra:1 Mem:103.72M (Peak 103.72M) | Time:00:00.06 | Mem:0.00M, Peak:0.00M | Scene, ViewLayer | Synchronizing object | PAYLOAD-top-GEO-service-cartridge.001--export
Fra:1 Mem:103.72M (Peak 103.72M) | Time:00:00.06 | Mem:0.00M, Peak:0.00M | Scene, ViewLayer | Synchronizing object | PAYLOAD-base-GEO-closed-side-wall.001--export
Fra:1 Mem:103.74M (Peak 103.74M) | Time:00:00.06 | Mem:0.00M, Peak:0.00M | Scene, ViewLayer | Synchronizing object | PAYLOAD-top-GEO-glove-grip.001--export
Fra:1 Mem:103.81M (Peak 103.81M) | Time:00:00.06 | Mem:0.00M, Peak:0.00M | Scene, ViewLayer | Synchronizing object | PAYLOAD-base-GEO-closed-rear-wall--export
Fra:1 Mem:103.78M (Peak 103.81M) | Time:00:00.06 | Mem:0.00M, Peak:0.00M | Scene, ViewLayer | Synchronizing object | PAYLOAD-base-GEO-closed-front-wall--export
Fra:1 Mem:103.78M (Peak 103.81M) | Time:00:00.06 | Mem:0.00M, Peak:0.00M | Scene, ViewLayer | Synchronizing object | PAYLOAD-top-GEO-grip-support.003--export
Fra:1 Mem:103.84M (Peak 103.84M) | Time:00:00.06 | Mem:0.00M, Peak:0.00M | Scene, ViewLayer | Synchronizing object | PAYLOAD-base-GEO-corner-load-column--export
Fra:1 Mem:103.82M (Peak 103.84M) | Time:00:00.06 | Mem:0.00M, Peak:0.00M | Scene, ViewLayer | Synchronizing object | PAYLOAD-top-GEO-grip-support.002--export
Fra:1 Mem:103.85M (Peak 103.85M) | Time:00:00.06 | Mem:0.00M, Peak:0.00M | Scene, ViewLayer | Synchronizing object | PAYLOAD-base-GEO-stepped-corner-armor--export
Fra:1 Mem:103.86M (Peak 103.86M) | Time:00:00.06 | Mem:0.00M, Peak:0.00M | Scene, ViewLayer | Synchronizing object | PAYLOAD-top-GEO-grip-backing.001--export
Fra:1 Mem:103.91M (Peak 103.91M) | Time:00:00.06 | Mem:0.00M, Peak:0.00M | Scene, ViewLayer | Synchronizing object | PAYLOAD-base-GEO-stepped-corner-armor.001--export
Fra:1 Mem:103.92M (Peak 103.92M) | Time:00:00.06 | Mem:0.00M, Peak:0.00M | Scene, ViewLayer | Synchronizing object | PAYLOAD-top-GEO-fitted-side-panel.001--export
Fra:1 Mem:103.96M (Peak 103.96M) | Time:00:00.06 | Mem:0.00M, Peak:0.00M | Scene, ViewLayer | Synchronizing object | PAYLOAD-base-GEO-corner-load-column.001--export
Fra:1 Mem:104.01M (Peak 104.01M) | Time:00:00.06 | Mem:0.00M, Peak:0.00M | Scene, ViewLayer | Synchronizing object | PAYLOAD-base-GEO-stepped-corner-armor.002--export
Fra:1 Mem:103.99M (Peak 104.01M) | Time:00:00.06 | Mem:0.00M, Peak:0.00M | Scene, ViewLayer | Synchronizing object | PAYLOAD-top-GEO-side-inset-backing.001--export
Fra:1 Mem:104.03M (Peak 104.03M) | Time:00:00.06 | Mem:0.00M, Peak:0.00M | Scene, ViewLayer | Synchronizing object | PAYLOAD-base-GEO-stepped-corner-armor.003--export
Fra:1 Mem:104.07M (Peak 104.07M) | Time:00:00.06 | Mem:0.00M, Peak:0.00M | Scene, ViewLayer | Synchronizing object | PAYLOAD-base-GEO-corner-load-column.002--export
Fra:1 Mem:104.04M (Peak 104.07M) | Time:00:00.06 | Mem:0.00M, Peak:0.00M | Scene, ViewLayer | Synchronizing object | PAYLOAD-top-GEO-service-cartridge--export
Fra:1 Mem:104.09M (Peak 104.09M) | Time:00:00.06 | Mem:0.00M, Peak:0.00M | Scene, ViewLayer | Synchronizing object | PAYLOAD-base-GEO-stepped-corner-armor.004--export
Fra:1 Mem:104.07M (Peak 104.09M) | Time:00:00.06 | Mem:0.00M, Peak:0.00M | Scene, ViewLayer | Synchronizing object | PAYLOAD-top-GEO-glove-grip--export
Fra:1 Mem:104.13M (Peak 104.13M) | Time:00:00.06 | Mem:0.00M, Peak:0.00M | Scene, ViewLayer | Synchronizing object | PAYLOAD-base-GEO-stepped-corner-armor.005--export
Fra:1 Mem:104.15M (Peak 104.15M) | Time:00:00.06 | Mem:0.00M, Peak:0.00M | Scene, ViewLayer | Synchronizing object | PAYLOAD-top-GEO-grip-support.001--export
Fra:1 Mem:104.17M (Peak 104.17M) | Time:00:00.06 | Mem:0.00M, Peak:0.00M | Scene, ViewLayer | Synchronizing object | PAYLOAD-base-GEO-corner-load-column.003--export
Fra:1 Mem:104.19M (Peak 104.19M) | Time:00:00.06 | Mem:0.00M, Peak:0.00M | Scene, ViewLayer | Synchronizing object | PAYLOAD-top-GEO-grip-support--export
Fra:1 Mem:104.22M (Peak 104.22M) | Time:00:00.06 | Mem:0.00M, Peak:0.00M | Scene, ViewLayer | Synchronizing object | PAYLOAD-base-GEO-stepped-corner-armor.006--export
Fra:1 Mem:104.23M (Peak 104.23M) | Time:00:00.06 | Mem:0.00M, Peak:0.00M | Scene, ViewLayer | Synchronizing object | PAYLOAD-top-GEO-grip-backing--export
Fra:1 Mem:104.24M (Peak 104.24M) | Time:00:00.06 | Mem:0.00M, Peak:0.00M | Scene, ViewLayer | Synchronizing object | PAYLOAD-base-GEO-stepped-corner-armor.007--export
Fra:1 Mem:104.26M (Peak 104.27M) | Time:00:00.06 | Mem:0.00M, Peak:0.00M | Scene, ViewLayer | Synchronizing object | PAYLOAD-top-GEO-fitted-side-panel--export
Fra:1 Mem:104.25M (Peak 104.27M) | Time:00:00.06 | Mem:0.00M, Peak:0.00M | Scene, ViewLayer | Synchronizing object | PAYLOAD-base-GEO-opening-layered-lid--export
Fra:1 Mem:104.31M (Peak 104.31M) | Time:00:00.06 | Mem:0.00M, Peak:0.00M | Scene, ViewLayer | Synchronizing object | PAYLOAD-base-GEO-lid-shoulder-band--export
Fra:1 Mem:104.32M (Peak 104.32M) | Time:00:00.06 | Mem:0.00M, Peak:0.00M | Scene, ViewLayer | Synchronizing object | PAYLOAD-base-GEO-lid-shoulder-band.001--export
Fra:1 Mem:104.32M (Peak 104.32M) | Time:00:00.06 | Mem:0.00M, Peak:0.00M | Scene, ViewLayer | Synchronizing object | PAYLOAD-top-GEO-side-inset-backing--export
Fra:1 Mem:104.40M (Peak 104.40M) | Time:00:00.06 | Mem:0.00M, Peak:0.00M | Scene, ViewLayer | Synchronizing object | PAYLOAD-base-GEO-lid-recess-base--export
Fra:1 Mem:104.43M (Peak 104.43M) | Time:00:00.06 | Mem:0.00M, Peak:0.00M | Scene, ViewLayer | Synchronizing object | PAYLOAD-base-GEO-lid-fitted-cap--export
Fra:1 Mem:104.39M (Peak 104.43M) | Time:00:00.06 | Mem:0.00M, Peak:0.00M | Scene, ViewLayer | Synchronizing object | PAYLOAD-top-GEO-rear-hinge-pin.001--export
Fra:1 Mem:104.49M (Peak 104.49M) | Time:00:00.06 | Mem:0.00M, Peak:0.00M | Scene, ViewLayer | Synchronizing object | PAYLOAD-base-GEO-lid-cap-end-step--export
Fra:1 Mem:104.50M (Peak 104.50M) | Time:00:00.06 | Mem:0.00M, Peak:0.00M | Scene, ViewLayer | Synchronizing object | PAYLOAD-base-GEO-lid-cap-end-step.001--export
Fra:1 Mem:104.52M (Peak 104.52M) | Time:00:00.06 | Mem:0.00M, Peak:0.00M | Scene, ViewLayer | Synchronizing object | PAYLOAD-base-GEO-lid-latch-leaf--export
Fra:1 Mem:104.54M (Peak 104.54M) | Time:00:00.06 | Mem:0.00M, Peak:0.00M | Scene, ViewLayer | Synchronizing object | PAYLOAD-base-GEO-lid-toggle--export
Fra:1 Mem:104.57M (Peak 104.57M) | Time:00:00.06 | Mem:0.00M, Peak:0.00M | Scene, ViewLayer | Synchronizing object | PAYLOAD-base-GEO-lid-latch-leaf.001--export
Fra:1 Mem:104.57M (Peak 104.57M) | Time:00:00.06 | Mem:0.00M, Peak:0.00M | Scene, ViewLayer | Synchronizing object | PAYLOAD-base-GEO-lid-toggle.001--export
Fra:1 Mem:104.56M (Peak 104.57M) | Time:00:00.06 | Mem:0.00M, Peak:0.00M | Scene, ViewLayer | Synchronizing object | PAYLOAD-top-GEO-rear-hinge-pin--export
Fra:1 Mem:104.63M (Peak 104.63M) | Time:00:00.06 | Mem:0.00M, Peak:0.00M | Scene, ViewLayer | Synchronizing object | PAYLOAD-base-GEO-rear-hinge-pin--export
Fra:1 Mem:104.63M (Peak 104.63M) | Time:00:00.06 | Mem:0.00M, Peak:0.00M | Scene, ViewLayer | Synchronizing object | PAYLOAD-top-GEO-lid-toggle.001--export
Fra:1 Mem:104.66M (Peak 104.66M) | Time:00:00.06 | Mem:0.00M, Peak:0.00M | Scene, ViewLayer | Synchronizing object | PAYLOAD-base-GEO-rear-hinge-pin.001--export
Fra:1 Mem:104.72M (Peak 104.72M) | Time:00:00.06 | Mem:0.00M, Peak:0.00M | Scene, ViewLayer | Synchronizing object | PAYLOAD-top-GEO-lid-latch-leaf.001--export
Fra:1 Mem:104.72M (Peak 104.72M) | Time:00:00.06 | Mem:0.00M, Peak:0.00M | Scene, ViewLayer | Synchronizing object | PAYLOAD-base-GEO-side-inset-backing--export
Fra:1 Mem:104.74M (Peak 104.74M) | Time:00:00.06 | Mem:0.00M, Peak:0.00M | Scene, ViewLayer | Synchronizing object | PAYLOAD-top-GEO-lid-toggle--export
Fra:1 Mem:104.77M (Peak 104.77M) | Time:00:00.06 | Mem:0.00M, Peak:0.00M | Scene, ViewLayer | Synchronizing object | PAYLOAD-base-GEO-fitted-side-panel--export
Fra:1 Mem:104.75M (Peak 104.77M) | Time:00:00.06 | Mem:0.00M, Peak:0.00M | Scene, ViewLayer | Synchronizing object | PAYLOAD-top-GEO-lid-latch-leaf--export
Fra:1 Mem:104.85M (Peak 104.85M) | Time:00:00.06 | Mem:0.00M, Peak:0.00M | Scene, ViewLayer | Synchronizing object | PAYLOAD-top-GEO-lid-cap-end-step.001--export
Fra:1 Mem:104.83M (Peak 104.85M) | Time:00:00.06 | Mem:0.00M, Peak:0.00M | Scene, ViewLayer | Synchronizing object | PAYLOAD-base-GEO-grip-backing--export
Fra:1 Mem:104.85M (Peak 104.85M) | Time:00:00.07 | Mem:0.00M, Peak:0.00M | Scene, ViewLayer | Synchronizing object | PAYLOAD-top-GEO-lid-cap-end-step--export
Fra:1 Mem:104.88M (Peak 104.88M) | Time:00:00.07 | Mem:0.00M, Peak:0.00M | Scene, ViewLayer | Synchronizing object | PAYLOAD-base-GEO-grip-support--export
Fra:1 Mem:104.86M (Peak 104.88M) | Time:00:00.07 | Mem:0.00M, Peak:0.00M | Scene, ViewLayer | Synchronizing object | PAYLOAD-top-GEO-lid-fitted-cap--export
Fra:1 Mem:104.89M (Peak 104.89M) | Time:00:00.07 | Mem:0.00M, Peak:0.00M | Scene, ViewLayer | Synchronizing object | PAYLOAD-base-GEO-grip-support.001--export
Fra:1 Mem:104.89M (Peak 104.89M) | Time:00:00.07 | Mem:0.00M, Peak:0.00M | Scene, ViewLayer | Synchronizing object | PAYLOAD-top-GEO-lid-recess-base--export
Fra:1 Mem:104.95M (Peak 104.95M) | Time:00:00.07 | Mem:0.00M, Peak:0.00M | Scene, ViewLayer | Synchronizing object | PAYLOAD-base-GEO-glove-grip--export
Fra:1 Mem:104.94M (Peak 104.95M) | Time:00:00.07 | Mem:0.00M, Peak:0.00M | Scene, ViewLayer | Synchronizing object | PAYLOAD-top-GEO-lid-shoulder-band.001--export
Fra:1 Mem:105.02M (Peak 105.02M) | Time:00:00.07 | Mem:0.00M, Peak:0.00M | Scene, ViewLayer | Synchronizing object | PAYLOAD-top-GEO-lid-shoulder-band--export
Fra:1 Mem:104.98M (Peak 105.02M) | Time:00:00.07 | Mem:0.00M, Peak:0.00M | Scene, ViewLayer | Synchronizing object | PAYLOAD-base-GEO-service-cartridge--export
Fra:1 Mem:105.01M (Peak 105.02M) | Time:00:00.07 | Mem:0.00M, Peak:0.00M | Scene, ViewLayer | Synchronizing object | PAYLOAD-top-GEO-opening-layered-lid--export
Fra:1 Mem:105.03M (Peak 105.03M) | Time:00:00.07 | Mem:0.00M, Peak:0.00M | Scene, ViewLayer | Synchronizing object | PAYLOAD-top-GEO-stepped-corner-armor.007--export
Fra:1 Mem:105.06M (Peak 105.06M) | Time:00:00.07 | Mem:0.00M, Peak:0.00M | Scene, ViewLayer | Synchronizing object | PAYLOAD-top-GEO-stepped-corner-armor.006--export
Fra:1 Mem:105.06M (Peak 105.06M) | Time:00:00.07 | Mem:0.00M, Peak:0.00M | Scene, ViewLayer | Synchronizing object | PAYLOAD-base-GEO-side-inset-backing.001--export
Fra:1 Mem:105.11M (Peak 105.11M) | Time:00:00.07 | Mem:0.00M, Peak:0.00M | Scene, ViewLayer | Synchronizing object | PAYLOAD-top-GEO-corner-load-column.003--export
Fra:1 Mem:105.13M (Peak 105.13M) | Time:00:00.07 | Mem:0.00M, Peak:0.00M | Scene, ViewLayer | Synchronizing object | PAYLOAD-base-GEO-fitted-side-panel.001--export
Fra:1 Mem:105.13M (Peak 105.13M) | Time:00:00.07 | Mem:0.00M, Peak:0.00M | Scene, ViewLayer | Synchronizing object | PAYLOAD-top-GEO-stepped-corner-armor.005--export
Fra:1 Mem:105.22M (Peak 105.22M) | Time:00:00.07 | Mem:0.00M, Peak:0.00M | Scene, ViewLayer | Synchronizing object | PAYLOAD-top-GEO-stepped-corner-armor.004--export
Fra:1 Mem:105.18M (Peak 105.22M) | Time:00:00.07 | Mem:0.00M, Peak:0.00M | Scene, ViewLayer | Synchronizing object | PAYLOAD-base-GEO-grip-backing.001--export
Fra:1 Mem:105.24M (Peak 105.24M) | Time:00:00.07 | Mem:0.00M, Peak:0.00M | Scene, ViewLayer | Synchronizing object | PAYLOAD-top-GEO-corner-load-column.002--export
Fra:1 Mem:105.22M (Peak 105.24M) | Time:00:00.07 | Mem:0.00M, Peak:0.00M | Scene, ViewLayer | Synchronizing object | PAYLOAD-base-GEO-grip-support.002--export
Fra:1 Mem:105.27M (Peak 105.27M) | Time:00:00.07 | Mem:0.00M, Peak:0.00M | Scene, ViewLayer | Synchronizing object | PAYLOAD-top-GEO-stepped-corner-armor.003--export
Fra:1 Mem:105.25M (Peak 105.27M) | Time:00:00.07 | Mem:0.00M, Peak:0.00M | Scene, ViewLayer | Synchronizing object | PAYLOAD-base-GEO-grip-support.003--export
Fra:1 Mem:105.31M (Peak 105.31M) | Time:00:00.07 | Mem:0.00M, Peak:0.00M | Scene, ViewLayer | Synchronizing object | PAYLOAD-top-GEO-stepped-corner-armor.002--export
Fra:1 Mem:105.29M (Peak 105.31M) | Time:00:00.07 | Mem:0.00M, Peak:0.00M | Scene, ViewLayer | Synchronizing object | PAYLOAD-base-GEO-glove-grip.001--export
Fra:1 Mem:105.39M (Peak 105.39M) | Time:00:00.07 | Mem:0.00M, Peak:0.00M | Scene, ViewLayer | Synchronizing object | PAYLOAD-top-GEO-corner-load-column.001--export
Fra:1 Mem:105.35M (Peak 105.39M) | Time:00:00.07 | Mem:0.00M, Peak:0.00M | Scene, ViewLayer | Synchronizing object | PAYLOAD-top-GEO-stepped-corner-armor.001--export
Fra:1 Mem:105.36M (Peak 105.39M) | Time:00:00.07 | Mem:0.00M, Peak:0.00M | Scene, ViewLayer | Synchronizing object | PAYLOAD-base-GEO-service-cartridge.001--export
Fra:1 Mem:105.42M (Peak 105.42M) | Time:00:00.07 | Mem:0.00M, Peak:0.00M | Scene, ViewLayer | Synchronizing object | PAYLOAD-top-GEO-stepped-corner-armor--export
Fra:1 Mem:105.39M (Peak 105.42M) | Time:00:00.07 | Mem:0.00M, Peak:0.00M | Scene, ViewLayer | Synchronizing object | PAYLOAD-base-GEO-front-inset--export
Fra:1 Mem:105.45M (Peak 105.45M) | Time:00:00.07 | Mem:0.00M, Peak:0.00M | Scene, ViewLayer | Synchronizing object | PAYLOAD-top-GEO-corner-load-column--export
Fra:1 Mem:105.51M (Peak 105.51M) | Time:00:00.07 | Mem:0.00M, Peak:0.00M | Scene, ViewLayer | Synchronizing object | PAYLOAD-top-GEO-closed-front-wall--export
Fra:1 Mem:105.46M (Peak 105.51M) | Time:00:00.07 | Mem:0.00M, Peak:0.00M | Scene, ViewLayer | Synchronizing object | PAYLOAD-base-GEO-front-fitted-panel--export
Fra:1 Mem:105.51M (Peak 105.51M) | Time:00:00.07 | Mem:0.00M, Peak:0.00M | Scene, ViewLayer | Synchronizing object | PAYLOAD-top-GEO-closed-rear-wall--export
Fra:1 Mem:105.57M (Peak 105.57M) | Time:00:00.07 | Mem:0.00M, Peak:0.00M | Scene, ViewLayer | Synchronizing object | PAYLOAD-top-GEO-closed-side-wall.001--export
Fra:1 Mem:105.54M (Peak 105.57M) | Time:00:00.07 | Mem:0.00M, Peak:0.00M | Scene, ViewLayer | Synchronizing object | PAYLOAD-base-GEO-stack-receiver-base--export
Fra:1 Mem:105.60M (Peak 105.60M) | Time:00:00.07 | Mem:0.00M, Peak:0.00M | Scene, ViewLayer | Synchronizing object | PAYLOAD-top-GEO-closed-side-wall--export
Fra:1 Mem:105.61M (Peak 105.61M) | Time:00:00.07 | Mem:0.00M, Peak:0.00M | Scene, ViewLayer | Synchronizing object | PAYLOAD-base-GEO-44mm-clear-stack-receiver--export
Fra:1 Mem:105.63M (Peak 105.63M) | Time:00:00.07 | Mem:0.00M, Peak:0.00M | Scene, ViewLayer | Synchronizing object | PAYLOAD-top-GEO-sealed-floor--export
Fra:1 Mem:105.64M (Peak 105.64M) | Time:00:00.07 | Mem:0.00M, Peak:0.00M | Scene, ViewLayer | Synchronizing object | PAYLOAD-base-GEO-44mm-clear-stack-receiver.001--export
Fra:1 Mem:105.62M (Peak 105.64M) | Time:00:00.07 | Mem:0.00M, Peak:0.00M | Scene, ViewLayer | Synchronizing object | PAYLOAD-top-GEO-40mm-locating-foot.003--export
Fra:1 Mem:105.68M (Peak 105.68M) | Time:00:00.07 | Mem:0.00M, Peak:0.00M | Scene, ViewLayer | Synchronizing object | PAYLOAD-top-GEO-40mm-locating-foot.002--export
Fra:1 Mem:105.67M (Peak 105.68M) | Time:00:00.07 | Mem:0.00M, Peak:0.00M | Scene, ViewLayer | Synchronizing object | PAYLOAD-base-GEO-44mm-clear-stack-receiver.002--export
Fra:1 Mem:105.70M (Peak 105.70M) | Time:00:00.07 | Mem:0.00M, Peak:0.00M | Scene, ViewLayer | Synchronizing object | PAYLOAD-top-GEO-40mm-locating-foot.001--export
Fra:1 Mem:105.70M (Peak 105.70M) | Time:00:00.07 | Mem:0.00M, Peak:0.00M | Scene, ViewLayer | Synchronizing object | PAYLOAD-base-GEO-44mm-clear-stack-receiver.003--export
Fra:1 Mem:105.73M (Peak 105.73M) | Time:00:00.07 | Mem:0.00M, Peak:0.00M | Scene, ViewLayer | Synchronizing object | PAYLOAD-top-GEO-40mm-locating-foot--export
Fra:1 Mem:105.73M (Peak 105.73M) | Time:00:00.07 | Mem:0.00M, Peak:0.00M | Scene, ViewLayer | Synchronizing object | PAYLOAD-base-GEO-stack-receiver-base.001--export
Fra:1 Mem:105.79M (Peak 105.79M) | Time:00:00.07 | Mem:0.00M, Peak:0.00M | Scene, ViewLayer | Synchronizing object | PAYLOAD-base-GEO-44mm-clear-stack-receiver.004--export
Fra:1 Mem:105.81M (Peak 105.81M) | Time:00:00.07 | Mem:0.00M, Peak:0.00M | Scene, ViewLayer | Synchronizing object | PAYLOAD-top-GEO-crossmember.001--export
Fra:1 Mem:105.82M (Peak 105.82M) | Time:00:00.07 | Mem:0.00M, Peak:0.00M | Scene, ViewLayer | Synchronizing object | PAYLOAD-base-GEO-44mm-clear-stack-receiver.005--export
Fra:1 Mem:105.85M (Peak 105.85M) | Time:00:00.07 | Mem:0.00M, Peak:0.00M | Scene, ViewLayer | Synchronizing object | PAYLOAD-top-GEO-crossmember--export
Fra:1 Mem:105.82M (Peak 105.85M) | Time:00:00.07 | Mem:0.00M, Peak:0.00M | Scene, ViewLayer | Synchronizing object | PAYLOAD-base-GEO-44mm-clear-stack-receiver.006--export
Fra:1 Mem:105.88M (Peak 105.88M) | Time:00:00.07 | Mem:0.00M, Peak:0.00M | Scene, ViewLayer | Synchronizing object | PAYLOAD-top-GEO-load-skid.001--export
Fra:1 Mem:105.90M (Peak 105.90M) | Time:00:00.07 | Mem:0.00M, Peak:0.00M | Scene, ViewLayer | Synchronizing object | PAYLOAD-base-GEO-44mm-clear-stack-receiver.007--export
Fra:1 Mem:105.91M (Peak 105.91M) | Time:00:00.07 | Mem:0.00M, Peak:0.00M | Scene, ViewLayer | Synchronizing object | PAYLOAD-top-GEO-load-skid--export
Fra:1 Mem:105.91M (Peak 105.91M) | Time:00:00.07 | Mem:0.00M, Peak:0.00M | Scene, ViewLayer | Synchronizing object | PAYLOAD-base-GEO-stack-receiver-base.002--export
Fra:1 Mem:105.91M (Peak 105.91M) | Time:00:00.07 | Mem:0.00M, Peak:0.00M | Scene, ViewLayer | Synchronizing object | PAYLOAD-middle-1-1-GEO-fixed-rear-hinge-saddle.003--export
Fra:1 Mem:105.97M (Peak 105.97M) | Time:00:00.07 | Mem:0.00M, Peak:0.00M | Scene, ViewLayer | Synchronizing object | PAYLOAD-middle-1-1-GEO-fixed-rear-hinge-saddle.002--export
Fra:1 Mem:105.95M (Peak 105.97M) | Time:00:00.07 | Mem:0.00M, Peak:0.00M | Scene, ViewLayer | Synchronizing object | PAYLOAD-base-GEO-44mm-clear-stack-receiver.008--export
Fra:1 Mem:106.01M (Peak 106.01M) | Time:00:00.07 | Mem:0.00M, Peak:0.00M | Scene, ViewLayer | Synchronizing object | PAYLOAD-middle-1-1-GEO-fixed-rear-hinge-saddle.001--export
Fra:1 Mem:105.99M (Peak 106.01M) | Time:00:00.07 | Mem:0.00M, Peak:0.00M | Scene, ViewLayer | Synchronizing object | PAYLOAD-base-GEO-44mm-clear-stack-receiver.009--export
Fra:1 Mem:106.02M (Peak 106.02M) | Time:00:00.07 | Mem:0.00M, Peak:0.00M | Scene, ViewLayer | Synchronizing object | PAYLOAD-middle-1-1-GEO-fixed-rear-hinge-saddle--export
Fra:1 Mem:106.04M (Peak 106.04M) | Time:00:00.07 | Mem:0.00M, Peak:0.00M | Scene, ViewLayer | Synchronizing object | PAYLOAD-middle-1-1-GEO-lid-latch-connecting-bridge.001--export
Fra:1 Mem:106.08M (Peak 106.08M) | Time:00:00.07 | Mem:0.00M, Peak:0.00M | Scene, ViewLayer | Synchronizing object | PAYLOAD-middle-1-1-GEO-lid-latch-connecting-bridge--export
Fra:1 Mem:106.11M (Peak 106.11M) | Time:00:00.07 | Mem:0.00M, Peak:0.00M | Scene, ViewLayer | Synchronizing object | PAYLOAD-base-GEO-44mm-clear-stack-receiver.011--export
Fra:1 Mem:106.11M (Peak 106.11M) | Time:00:00.07 | Mem:0.00M, Peak:0.00M | Scene, ViewLayer | Synchronizing object | PAYLOAD-base-GEO-stack-receiver-base.003--export
Fra:1 Mem:106.11M (Peak 106.11M) | Time:00:00.07 | Mem:0.00M, Peak:0.00M | Scene, ViewLayer | Synchronizing object | PAYLOAD-middle-1-1-GEO-inset-lid-gasket.003--export
Fra:1 Mem:106.17M (Peak 106.17M) | Time:00:00.07 | Mem:0.00M, Peak:0.00M | Scene, ViewLayer | Synchronizing object | PAYLOAD-base-GEO-44mm-clear-stack-receiver.012--export
Fra:1 Mem:106.16M (Peak 106.17M) | Time:00:00.07 | Mem:0.00M, Peak:0.00M | Scene, ViewLayer | Synchronizing object | PAYLOAD-middle-1-1-GEO-lid-support-ledge.003--export
Fra:1 Mem:106.16M (Peak 106.17M) | Time:00:00.07 | Mem:0.00M, Peak:0.00M | Scene, ViewLayer | Synchronizing object | PAYLOAD-base-GEO-44mm-clear-stack-receiver.013--export
Fra:1 Mem:106.22M (Peak 106.22M) | Time:00:00.07 | Mem:0.00M, Peak:0.00M | Scene, ViewLayer | Synchronizing object | PAYLOAD-base-GEO-44mm-clear-stack-receiver.014--export
Fra:1 Mem:106.23M (Peak 106.23M) | Time:00:00.07 | Mem:0.00M, Peak:0.00M | Scene, ViewLayer | Synchronizing object | PAYLOAD-middle-1-1-GEO-inset-lid-gasket.002--export
Fra:1 Mem:106.24M (Peak 106.24M) | Time:00:00.07 | Mem:0.00M, Peak:0.00M | Scene, ViewLayer | Synchronizing object | PAYLOAD-base-GEO-44mm-clear-stack-receiver.015--export
Fra:1 Mem:106.26M (Peak 106.26M) | Time:00:00.07 | Mem:0.00M, Peak:0.00M | Scene, ViewLayer | Synchronizing object | PAYLOAD-middle-1-1-GEO-lid-support-ledge.002--export
Fra:1 Mem:106.28M (Peak 106.28M) | Time:00:00.07 | Mem:0.00M, Peak:0.00M | Scene, ViewLayer | Synchronizing object | PAYLOAD-base-GEO-marking-STA / S--export
Fra:1 Mem:106.28M (Peak 106.28M) | Time:00:00.07 | Mem:0.00M, Peak:0.00M | Scene, ViewLayer | Synchronizing object | PAYLOAD-middle-1-1-GEO-inset-lid-gasket.001--export
Fra:1 Mem:106.35M (Peak 106.35M) | Time:00:00.07 | Mem:0.00M, Peak:0.00M | Scene, ViewLayer | Synchronizing object | PAYLOAD-middle-1-1-GEO-lid-support-ledge.001--export
Fra:1 Mem:106.55M (Peak 106.55M) | Time:00:00.07 | Mem:0.00M, Peak:0.00M | Scene, ViewLayer | Synchronizing object | PAYLOAD-middle-1-1-GEO-inset-lid-gasket--export
Fra:1 Mem:106.57M (Peak 106.57M) | Time:00:00.07 | Mem:0.00M, Peak:0.00M | Scene, ViewLayer | Synchronizing object | PAYLOAD-middle-1-1-GEO-lid-support-ledge--export
Fra:1 Mem:106.58M (Peak 106.58M) | Time:00:00.07 | Mem:0.00M, Peak:0.00M | Scene, ViewLayer | Synchronizing object | PAYLOAD-middle-1-1-GEO-fixed-top-frame.003--export
Fra:1 Mem:106.61M (Peak 106.61M) | Time:00:00.07 | Mem:0.00M, Peak:0.00M | Scene, ViewLayer | Synchronizing object | PAYLOAD-middle-1-1-GEO-fixed-top-frame.002--export
Fra:1 Mem:106.55M (Peak 106.61M) | Time:00:00.07 | Mem:0.00M, Peak:0.00M | Scene, ViewLayer | Synchronizing object | PAYLOAD-middle-1-1-GEO-fixed-top-frame.001--export
Fra:1 Mem:106.63M (Peak 106.63M) | Time:00:00.07 | Mem:0.00M, Peak:0.00M | Scene, ViewLayer | Synchronizing object | PAYLOAD-middle-1-1-GEO-fixed-top-frame--export
Fra:1 Mem:106.76M (Peak 106.76M) | Time:00:00.07 | Mem:0.00M, Peak:0.00M | Scene, ViewLayer | Synchronizing object | PAYLOAD-middle-1-1-GEO-marking-STA / S--export
Fra:1 Mem:106.80M (Peak 106.80M) | Time:00:00.07 | Mem:0.00M, Peak:0.00M | Scene, ViewLayer | Synchronizing object | PAYLOAD-base-GEO-fixed-top-frame--export
Fra:1 Mem:106.89M (Peak 106.89M) | Time:00:00.07 | Mem:0.00M, Peak:0.00M | Scene, ViewLayer | Synchronizing object | PAYLOAD-base-GEO-fixed-top-frame.001--export
Fra:1 Mem:106.79M (Peak 106.89M) | Time:00:00.07 | Mem:0.00M, Peak:0.00M | Scene, ViewLayer | Synchronizing object | PAYLOAD-base-GEO-fixed-top-frame.002--export
Fra:1 Mem:106.85M (Peak 106.89M) | Time:00:00.07 | Mem:0.00M, Peak:0.00M | Scene, ViewLayer | Synchronizing object | PAYLOAD-base-GEO-fixed-top-frame.003--export
Fra:1 Mem:106.98M (Peak 106.98M) | Time:00:00.07 | Mem:0.00M, Peak:0.00M | Scene, ViewLayer | Synchronizing object | PAYLOAD-base-GEO-lid-support-ledge--export
Fra:1 Mem:106.99M (Peak 106.99M) | Time:00:00.07 | Mem:0.00M, Peak:0.00M | Scene, ViewLayer | Synchronizing object | PAYLOAD-base-GEO-inset-lid-gasket--export
Fra:1 Mem:106.82M (Peak 106.99M) | Time:00:00.07 | Mem:0.00M, Peak:0.00M | Scene, ViewLayer | Synchronizing object | PAYLOAD-middle-1-1-GEO-44mm-clear-stack-receiver.015--export
Fra:1 Mem:106.82M (Peak 106.99M) | Time:00:00.07 | Mem:0.00M, Peak:0.00M | Scene, ViewLayer | Synchronizing object | PAYLOAD-base-GEO-lid-support-ledge.001--export
Fra:1 Mem:106.88M (Peak 106.99M) | Time:00:00.07 | Mem:0.00M, Peak:0.00M | Scene, ViewLayer | Synchronizing object | PAYLOAD-base-GEO-inset-lid-gasket.001--export
Fra:1 Mem:106.89M (Peak 106.99M) | Time:00:00.07 | Mem:0.00M, Peak:0.00M | Scene, ViewLayer | Synchronizing object | PAYLOAD-middle-1-1-GEO-44mm-clear-stack-receiver.014--export
Fra:1 Mem:106.91M (Peak 106.99M) | Time:00:00.07 | Mem:0.00M, Peak:0.00M | Scene, ViewLayer | Synchronizing object | PAYLOAD-base-GEO-lid-support-ledge.002--export
Fra:1 Mem:106.93M (Peak 106.99M) | Time:00:00.07 | Mem:0.00M, Peak:0.00M | Scene, ViewLayer | Synchronizing object | PAYLOAD-middle-1-1-GEO-44mm-clear-stack-receiver.013--export
Fra:1 Mem:106.91M (Peak 106.99M) | Time:00:00.07 | Mem:0.00M, Peak:0.00M | Scene, ViewLayer | Synchronizing object | PAYLOAD-base-GEO-inset-lid-gasket.002--export
Fra:1 Mem:106.97M (Peak 106.99M) | Time:00:00.07 | Mem:0.00M, Peak:0.00M | Scene, ViewLayer | Synchronizing object | PAYLOAD-base-GEO-lid-support-ledge.003--export
Fra:1 Mem:106.95M (Peak 106.99M) | Time:00:00.07 | Mem:0.00M, Peak:0.00M | Scene, ViewLayer | Synchronizing object | PAYLOAD-middle-1-1-GEO-44mm-clear-stack-receiver.012--export
Fra:1 Mem:106.99M (Peak 106.99M) | Time:00:00.07 | Mem:0.00M, Peak:0.00M | Scene, ViewLayer | Synchronizing object | PAYLOAD-base-GEO-inset-lid-gasket.003--export
Fra:1 Mem:107.00M (Peak 107.00M) | Time:00:00.07 | Mem:0.00M, Peak:0.00M | Scene, ViewLayer | Synchronizing object | PAYLOAD-middle-1-1-GEO-stack-receiver-base.003--export
Fra:1 Mem:107.03M (Peak 107.03M) | Time:00:00.07 | Mem:0.00M, Peak:0.00M | Scene, ViewLayer | Synchronizing object | PAYLOAD-base-GEO-lid-latch-connecting-bridge--export
Fra:1 Mem:107.06M (Peak 107.06M) | Time:00:00.07 | Mem:0.00M, Peak:0.00M | Scene, ViewLayer | Synchronizing object | PAYLOAD-middle-1-1-GEO-44mm-clear-stack-receiver.011--export
Fra:1 Mem:107.04M (Peak 107.06M) | Time:00:00.07 | Mem:0.00M, Peak:0.00M | Scene, ViewLayer | Synchronizing object | PAYLOAD-base-GEO-lid-latch-connecting-bridge.001--export
Fra:1 Mem:107.07M (Peak 107.07M) | Time:00:00.07 | Mem:0.00M, Peak:0.00M | Scene, ViewLayer | Synchronizing object | PAYLOAD-middle-1-1-GEO-44mm-clear-stack-receiver.010--export
Fra:1 Mem:107.07M (Peak 107.07M) | Time:00:00.07 | Mem:0.00M, Peak:0.00M | Scene, ViewLayer | Synchronizing object | PAYLOAD-base-GEO-fixed-rear-hinge-saddle--export
Fra:1 Mem:107.13M (Peak 107.13M) | Time:00:00.07 | Mem:0.00M, Peak:0.00M | Scene, ViewLayer | Synchronizing object | PAYLOAD-base-GEO-fixed-rear-hinge-saddle.001--export
Fra:1 Mem:107.14M (Peak 107.14M) | Time:00:00.07 | Mem:0.00M, Peak:0.00M | Scene, ViewLayer | Synchronizing object | PAYLOAD-middle-1-1-GEO-44mm-clear-stack-receiver.009--export
Fra:1 Mem:107.15M (Peak 107.15M) | Time:00:00.07 | Mem:0.00M, Peak:0.00M | Scene, ViewLayer | Synchronizing object | PAYLOAD-base-GEO-fixed-rear-hinge-saddle.002--export
Fra:1 Mem:107.16M (Peak 107.16M) | Time:00:00.07 | Mem:0.00M, Peak:0.00M | Scene, ViewLayer | Synchronizing object | PAYLOAD-middle-1-1-GEO-44mm-clear-stack-receiver.008--export
Fra:1 Mem:107.16M (Peak 107.16M) | Time:00:00.07 | Mem:0.00M, Peak:0.00M | Scene, ViewLayer | Synchronizing object | PAYLOAD-base-GEO-fixed-rear-hinge-saddle.003--export
Fra:1 Mem:107.22M (Peak 107.22M) | Time:00:00.07 | Mem:0.00M, Peak:0.00M | Scene, ViewLayer | Synchronizing object | PAYLOAD-middle-0-0-GEO-load-skid--export
Fra:1 Mem:107.20M (Peak 107.22M) | Time:00:00.07 | Mem:0.00M, Peak:0.00M | Scene, ViewLayer | Synchronizing object | PAYLOAD-middle-1-1-GEO-stack-receiver-base.002--export
Fra:1 Mem:107.24M (Peak 107.24M) | Time:00:00.07 | Mem:0.00M, Peak:0.00M | Scene, ViewLayer | Synchronizing object | PAYLOAD-middle-0-0-GEO-load-skid.001--export
Fra:1 Mem:107.26M (Peak 107.26M) | Time:00:00.07 | Mem:0.00M, Peak:0.00M | Scene, ViewLayer | Synchronizing object | PAYLOAD-middle-1-1-GEO-44mm-clear-stack-receiver.007--export
Fra:1 Mem:107.28M (Peak 107.28M) | Time:00:00.07 | Mem:0.00M, Peak:0.00M | Scene, ViewLayer | Synchronizing object | PAYLOAD-middle-0-0-GEO-crossmember--export
Fra:1 Mem:107.29M (Peak 107.29M) | Time:00:00.07 | Mem:0.00M, Peak:0.00M | Scene, ViewLayer | Synchronizing object | PAYLOAD-middle-1-1-GEO-44mm-clear-stack-receiver.006--export
Fra:1 Mem:107.28M (Peak 107.29M) | Time:00:00.07 | Mem:0.00M, Peak:0.00M | Scene, ViewLayer | Synchronizing object | PAYLOAD-middle-0-0-GEO-crossmember.001--export
Fra:1 Mem:107.31M (Peak 107.31M) | Time:00:00.07 | Mem:0.00M, Peak:0.00M | Scene, ViewLayer | Synchronizing object | PAYLOAD-middle-0-0-GEO-40mm-locating-foot--export
Fra:1 Mem:107.33M (Peak 107.33M) | Time:00:00.07 | Mem:0.00M, Peak:0.00M | Scene, ViewLayer | Synchronizing object | PAYLOAD-middle-0-0-GEO-40mm-locating-foot.001--export
Fra:1 Mem:107.35M (Peak 107.35M) | Time:00:00.07 | Mem:0.00M, Peak:0.00M | Scene, ViewLayer | Synchronizing object | PAYLOAD-middle-0-0-GEO-40mm-locating-foot.002--export
Fra:1 Mem:107.38M (Peak 107.38M) | Time:00:00.07 | Mem:0.00M, Peak:0.00M | Scene, ViewLayer | Synchronizing object | PAYLOAD-middle-0-0-GEO-40mm-locating-foot.003--export
Fra:1 Mem:107.39M (Peak 107.39M) | Time:00:00.07 | Mem:0.00M, Peak:0.00M | Scene, ViewLayer | Synchronizing object | PAYLOAD-middle-1-1-GEO-44mm-clear-stack-receiver.005--export
Fra:1 Mem:107.39M (Peak 107.39M) | Time:00:00.07 | Mem:0.00M, Peak:0.00M | Scene, ViewLayer | Synchronizing object | PAYLOAD-middle-0-0-GEO-sealed-floor--export
Fra:1 Mem:107.44M (Peak 107.44M) | Time:00:00.07 | Mem:0.00M, Peak:0.00M | Scene, ViewLayer | Synchronizing object | PAYLOAD-middle-0-0-GEO-closed-side-wall--export
Fra:1 Mem:107.46M (Peak 107.46M) | Time:00:00.07 | Mem:0.00M, Peak:0.00M | Scene, ViewLayer | Synchronizing object | PAYLOAD-middle-1-1-GEO-44mm-clear-stack-receiver.004--export
Fra:1 Mem:107.45M (Peak 107.46M) | Time:00:00.07 | Mem:0.00M, Peak:0.00M | Scene, ViewLayer | Synchronizing object | PAYLOAD-middle-0-0-GEO-closed-side-wall.001--export
Fra:1 Mem:107.51M (Peak 107.51M) | Time:00:00.07 | Mem:0.00M, Peak:0.00M | Scene, ViewLayer | Synchronizing object | PAYLOAD-middle-0-0-GEO-closed-rear-wall--export
Fra:1 Mem:107.50M (Peak 107.51M) | Time:00:00.07 | Mem:0.00M, Peak:0.00M | Scene, ViewLayer | Synchronizing object | PAYLOAD-middle-1-1-GEO-stack-receiver-base.001--export
Fra:1 Mem:107.50M (Peak 107.51M) | Time:00:00.07 | Mem:0.00M, Peak:0.00M | Scene, ViewLayer | Synchronizing object | PAYLOAD-middle-0-0-GEO-closed-front-wall--export
Fra:1 Mem:107.56M (Peak 107.56M) | Time:00:00.07 | Mem:0.00M, Peak:0.00M | Scene, ViewLayer | Synchronizing object | PAYLOAD-middle-0-0-GEO-corner-load-column--export
Fra:1 Mem:107.54M (Peak 107.56M) | Time:00:00.07 | Mem:0.00M, Peak:0.00M | Scene, ViewLayer | Synchronizing object | PAYLOAD-middle-1-1-GEO-44mm-clear-stack-receiver.003--export
Fra:1 Mem:107.60M (Peak 107.60M) | Time:00:00.07 | Mem:0.00M, Peak:0.00M | Scene, ViewLayer | Synchronizing object | PAYLOAD-middle-0-0-GEO-stepped-corner-armor--export
Fra:1 Mem:107.60M (Peak 107.60M) | Time:00:00.07 | Mem:0.00M, Peak:0.00M | Scene, ViewLayer | Synchronizing object | PAYLOAD-middle-1-1-GEO-44mm-clear-stack-receiver.002--export
Fra:1 Mem:107.63M (Peak 107.63M) | Time:00:00.07 | Mem:0.00M, Peak:0.00M | Scene, ViewLayer | Synchronizing object | PAYLOAD-middle-0-0-GEO-stepped-corner-armor.001--export
Fra:1 Mem:107.61M (Peak 107.63M) | Time:00:00.07 | Mem:0.00M, Peak:0.00M | Scene, ViewLayer | Synchronizing object | PAYLOAD-middle-1-1-GEO-44mm-clear-stack-receiver.001--export
Fra:1 Mem:107.65M (Peak 107.65M) | Time:00:00.07 | Mem:0.00M, Peak:0.00M | Scene, ViewLayer | Synchronizing object | PAYLOAD-middle-1-1-GEO-44mm-clear-stack-receiver--export
Fra:1 Mem:107.67M (Peak 107.67M) | Time:00:00.07 | Mem:0.00M, Peak:0.00M | Scene, ViewLayer | Synchronizing object | PAYLOAD-middle-0-0-GEO-corner-load-column.001--export
Fra:1 Mem:107.67M (Peak 107.67M) | Time:00:00.07 | Mem:0.00M, Peak:0.00M | Scene, ViewLayer | Synchronizing object | PAYLOAD-middle-1-1-GEO-stack-receiver-base--export
Fra:1 Mem:107.71M (Peak 107.71M) | Time:00:00.07 | Mem:0.00M, Peak:0.00M | Scene, ViewLayer | Synchronizing object | PAYLOAD-middle-0-0-GEO-stepped-corner-armor.002--export
Fra:1 Mem:107.74M (Peak 107.74M) | Time:00:00.07 | Mem:0.00M, Peak:0.00M | Scene, ViewLayer | Synchronizing object | PAYLOAD-middle-1-1-GEO-front-fitted-panel--export
Fra:1 Mem:107.72M (Peak 107.74M) | Time:00:00.07 | Mem:0.00M, Peak:0.00M | Scene, ViewLayer | Synchronizing object | PAYLOAD-middle-0-0-GEO-stepped-corner-armor.003--export
Fra:1 Mem:107.75M (Peak 107.75M) | Time:00:00.07 | Mem:0.00M, Peak:0.00M | Scene, ViewLayer | Synchronizing object | PAYLOAD-middle-0-0-GEO-corner-load-column.002--export
Fra:1 Mem:107.77M (Peak 107.77M) | Time:00:00.07 | Mem:0.00M, Peak:0.00M | Scene, ViewLayer | Synchronizing object | PAYLOAD-middle-0-0-GEO-stepped-corner-armor.004--export
Fra:1 Mem:107.79M (Peak 107.79M) | Time:00:00.07 | Mem:0.00M, Peak:0.00M | Scene, ViewLayer | Synchronizing object | PAYLOAD-middle-0-0-GEO-stepped-corner-armor.005--export
Fra:1 Mem:107.84M (Peak 107.84M) | Time:00:00.07 | Mem:0.00M, Peak:0.00M | Scene, ViewLayer | Synchronizing object | PAYLOAD-middle-0-0-GEO-corner-load-column.003--export
Fra:1 Mem:107.84M (Peak 107.84M) | Time:00:00.07 | Mem:0.00M, Peak:0.00M | Scene, ViewLayer | Synchronizing object | PAYLOAD-middle-0-0-GEO-stepped-corner-armor.006--export
Fra:1 Mem:107.85M (Peak 107.85M) | Time:00:00.07 | Mem:0.00M, Peak:0.00M | Scene, ViewLayer | Synchronizing object | PAYLOAD-middle-1-1-GEO-front-inset--export
Fra:1 Mem:107.92M (Peak 107.92M) | Time:00:00.07 | Mem:0.00M, Peak:0.00M | Scene, ViewLayer | Synchronizing object | PAYLOAD-middle-0-0-GEO-stepped-corner-armor.007--export
Fra:1 Mem:107.96M (Peak 107.96M) | Time:00:00.07 | Mem:0.00M, Peak:0.00M | Scene, ViewLayer | Synchronizing object | PAYLOAD-middle-0-0-GEO-opening-layered-lid--export
Fra:1 Mem:107.94M (Peak 107.96M) | Time:00:00.07 | Mem:0.00M, Peak:0.00M | Scene, ViewLayer | Synchronizing object | PAYLOAD-middle-1-1-GEO-service-cartridge.001--export
Fra:1 Mem:107.96M (Peak 107.96M) | Time:00:00.07 | Mem:0.00M, Peak:0.00M | Scene, ViewLayer | Synchronizing object | PAYLOAD-middle-0-0-GEO-lid-shoulder-band--export
Fra:1 Mem:107.97M (Peak 107.97M) | Time:00:00.07 | Mem:0.00M, Peak:0.00M | Scene, ViewLayer | Synchronizing object | PAYLOAD-middle-1-1-GEO-glove-grip.001--export
Fra:1 Mem:107.98M (Peak 107.98M) | Time:00:00.07 | Mem:0.00M, Peak:0.00M | Scene, ViewLayer | Synchronizing object | PAYLOAD-middle-0-0-GEO-lid-shoulder-band.001--export
Fra:1 Mem:108.07M (Peak 108.07M) | Time:00:00.07 | Mem:0.00M, Peak:0.00M | Scene, ViewLayer | Synchronizing object | PAYLOAD-middle-0-0-GEO-lid-recess-base--export
Fra:1 Mem:108.05M (Peak 108.07M) | Time:00:00.07 | Mem:0.00M, Peak:0.00M | Scene, ViewLayer | Synchronizing object | PAYLOAD-middle-1-1-GEO-grip-support.003--export
Fra:1 Mem:108.07M (Peak 108.07M) | Time:00:00.07 | Mem:0.00M, Peak:0.00M | Scene, ViewLayer | Synchronizing object | PAYLOAD-middle-0-0-GEO-lid-fitted-cap--export
Fra:1 Mem:108.10M (Peak 108.10M) | Time:00:00.07 | Mem:0.00M, Peak:0.00M | Scene, ViewLayer | Synchronizing object | PAYLOAD-middle-1-1-GEO-grip-support.002--export
Fra:1 Mem:108.08M (Peak 108.10M) | Time:00:00.07 | Mem:0.00M, Peak:0.00M | Scene, ViewLayer | Synchronizing object | PAYLOAD-middle-0-0-GEO-lid-cap-end-step--export
Fra:1 Mem:108.14M (Peak 108.14M) | Time:00:00.07 | Mem:0.00M, Peak:0.00M | Scene, ViewLayer | Synchronizing object | PAYLOAD-middle-1-1-GEO-grip-backing.001--export
Fra:1 Mem:108.12M (Peak 108.14M) | Time:00:00.07 | Mem:0.00M, Peak:0.00M | Scene, ViewLayer | Synchronizing object | PAYLOAD-middle-0-0-GEO-lid-cap-end-step.001--export
Fra:1 Mem:108.17M (Peak 108.17M) | Time:00:00.07 | Mem:0.00M, Peak:0.00M | Scene, ViewLayer | Synchronizing object | PAYLOAD-middle-1-1-GEO-fitted-side-panel.001--export
Fra:1 Mem:108.15M (Peak 108.17M) | Time:00:00.07 | Mem:0.00M, Peak:0.00M | Scene, ViewLayer | Synchronizing object | PAYLOAD-middle-0-0-GEO-lid-latch-leaf--export
Fra:1 Mem:108.22M (Peak 108.22M) | Time:00:00.07 | Mem:0.00M, Peak:0.00M | Scene, ViewLayer | Synchronizing object | PAYLOAD-middle-0-0-GEO-lid-toggle--export
Fra:1 Mem:108.24M (Peak 108.24M) | Time:00:00.07 | Mem:0.00M, Peak:0.00M | Scene, ViewLayer | Synchronizing object | PAYLOAD-middle-1-1-GEO-side-inset-backing.001--export
Fra:1 Mem:108.22M (Peak 108.24M) | Time:00:00.07 | Mem:0.00M, Peak:0.00M | Scene, ViewLayer | Synchronizing object | PAYLOAD-middle-0-0-GEO-lid-latch-leaf.001--export
Fra:1 Mem:108.32M (Peak 108.32M) | Time:00:00.07 | Mem:0.00M, Peak:0.00M | Scene, ViewLayer | Synchronizing object | PAYLOAD-middle-0-0-GEO-lid-toggle.001--export
Fra:1 Mem:108.31M (Peak 108.32M) | Time:00:00.07 | Mem:0.00M, Peak:0.00M | Scene, ViewLayer | Synchronizing object | PAYLOAD-middle-1-1-GEO-service-cartridge--export
Fra:1 Mem:108.29M (Peak 108.32M) | Time:00:00.07 | Mem:0.00M, Peak:0.00M | Scene, ViewLayer | Synchronizing object | PAYLOAD-middle-0-0-GEO-rear-hinge-pin--export
Fra:1 Mem:108.40M (Peak 108.40M) | Time:00:00.07 | Mem:0.00M, Peak:0.00M | Scene, ViewLayer | Synchronizing object | PAYLOAD-middle-1-1-GEO-glove-grip--export
Fra:1 Mem:108.39M (Peak 108.40M) | Time:00:00.07 | Mem:0.00M, Peak:0.00M | Scene, ViewLayer | Synchronizing object | PAYLOAD-middle-0-0-GEO-rear-hinge-pin.001--export
Fra:1 Mem:108.41M (Peak 108.41M) | Time:00:00.07 | Mem:0.00M, Peak:0.00M | Scene, ViewLayer | Synchronizing object | PAYLOAD-middle-1-1-GEO-grip-support.001--export
Fra:1 Mem:108.44M (Peak 108.44M) | Time:00:00.07 | Mem:0.00M, Peak:0.00M | Scene, ViewLayer | Synchronizing object | PAYLOAD-middle-0-0-GEO-side-inset-backing--export
Fra:1 Mem:108.48M (Peak 108.48M) | Time:00:00.07 | Mem:0.00M, Peak:0.00M | Scene, ViewLayer | Synchronizing object | PAYLOAD-middle-1-1-GEO-grip-support--export
Fra:1 Mem:108.53M (Peak 108.53M) | Time:00:00.07 | Mem:0.00M, Peak:0.00M | Scene, ViewLayer | Synchronizing object | PAYLOAD-middle-1-1-GEO-grip-backing--export
Fra:1 Mem:108.51M (Peak 108.53M) | Time:00:00.07 | Mem:0.00M, Peak:0.00M | Scene, ViewLayer | Synchronizing object | PAYLOAD-middle-0-0-GEO-fitted-side-panel--export
Fra:1 Mem:108.54M (Peak 108.54M) | Time:00:00.07 | Mem:0.00M, Peak:0.00M | Scene, ViewLayer | Synchronizing object | PAYLOAD-middle-1-1-GEO-fitted-side-panel--export
Fra:1 Mem:108.62M (Peak 108.62M) | Time:00:00.07 | Mem:0.00M, Peak:0.00M | Scene, ViewLayer | Synchronizing object | PAYLOAD-middle-0-0-GEO-grip-backing--export
Fra:1 Mem:108.59M (Peak 108.62M) | Time:00:00.07 | Mem:0.00M, Peak:0.00M | Scene, ViewLayer | Synchronizing object | PAYLOAD-middle-1-1-GEO-side-inset-backing--export
Fra:1 Mem:108.64M (Peak 108.64M) | Time:00:00.07 | Mem:0.00M, Peak:0.00M | Scene, ViewLayer | Synchronizing object | PAYLOAD-middle-0-0-GEO-grip-support--export
Fra:1 Mem:108.67M (Peak 108.67M) | Time:00:00.07 | Mem:0.00M, Peak:0.00M | Scene, ViewLayer | Synchronizing object | PAYLOAD-middle-0-0-GEO-grip-support.001--export
Fra:1 Mem:108.68M (Peak 108.68M) | Time:00:00.07 | Mem:0.00M, Peak:0.00M | Scene, ViewLayer | Synchronizing object | PAYLOAD-middle-1-1-GEO-rear-hinge-pin.001--export
Fra:1 Mem:108.76M (Peak 108.76M) | Time:00:00.07 | Mem:0.00M, Peak:0.00M | Scene, ViewLayer | Synchronizing object | PAYLOAD-middle-0-0-GEO-glove-grip--export
Fra:1 Mem:108.75M (Peak 108.76M) | Time:00:00.07 | Mem:0.00M, Peak:0.00M | Scene, ViewLayer | Synchronizing object | PAYLOAD-middle-1-1-GEO-rear-hinge-pin--export
Fra:1 Mem:108.75M (Peak 108.76M) | Time:00:00.07 | Mem:0.00M, Peak:0.00M | Scene, ViewLayer | Synchronizing object | PAYLOAD-middle-0-0-GEO-service-cartridge--export
Fra:1 Mem:108.77M (Peak 108.77M) | Time:00:00.07 | Mem:0.00M, Peak:0.00M | Scene, ViewLayer | Synchronizing object | PAYLOAD-middle-0-0-GEO-side-inset-backing.001--export
Fra:1 Mem:108.80M (Peak 108.80M) | Time:00:00.07 | Mem:0.00M, Peak:0.00M | Scene, ViewLayer | Synchronizing object | PAYLOAD-middle-0-0-GEO-fitted-side-panel.001--export
Fra:1 Mem:108.84M (Peak 108.84M) | Time:00:00.07 | Mem:0.00M, Peak:0.00M | Scene, ViewLayer | Synchronizing object | PAYLOAD-middle-0-0-GEO-grip-backing.001--export
Fra:1 Mem:108.86M (Peak 108.86M) | Time:00:00.07 | Mem:0.00M, Peak:0.00M | Scene, ViewLayer | Synchronizing object | PAYLOAD-middle-0-0-GEO-grip-support.002--export
Fra:1 Mem:108.87M (Peak 108.87M) | Time:00:00.07 | Mem:0.00M, Peak:0.00M | Scene, ViewLayer | Synchronizing object | PAYLOAD-middle-0-0-GEO-grip-support.003--export
Fra:1 Mem:108.89M (Peak 108.89M) | Time:00:00.07 | Mem:0.00M, Peak:0.00M | Scene, ViewLayer | Synchronizing object | PAYLOAD-middle-0-0-GEO-glove-grip.001--export
Fra:1 Mem:108.93M (Peak 108.93M) | Time:00:00.07 | Mem:0.00M, Peak:0.00M | Scene, ViewLayer | Synchronizing object | PAYLOAD-middle-0-0-GEO-service-cartridge.001--export
Fra:1 Mem:108.95M (Peak 108.95M) | Time:00:00.07 | Mem:0.00M, Peak:0.00M | Scene, ViewLayer | Synchronizing object | PAYLOAD-middle-0-0-GEO-front-inset--export
Fra:1 Mem:108.98M (Peak 108.98M) | Time:00:00.07 | Mem:0.00M, Peak:0.00M | Scene, ViewLayer | Synchronizing object | PAYLOAD-middle-0-0-GEO-front-fitted-panel--export
Fra:1 Mem:109.02M (Peak 109.02M) | Time:00:00.07 | Mem:0.00M, Peak:0.00M | Scene, ViewLayer | Synchronizing object | PAYLOAD-middle-0-0-GEO-stack-receiver-base--export
Fra:1 Mem:109.03M (Peak 109.03M) | Time:00:00.07 | Mem:0.00M, Peak:0.00M | Scene, ViewLayer | Synchronizing object | PAYLOAD-middle-0-0-GEO-44mm-clear-stack-receiver--export
Fra:1 Mem:109.05M (Peak 109.05M) | Time:00:00.07 | Mem:0.00M, Peak:0.00M | Scene, ViewLayer | Synchronizing object | PAYLOAD-middle-0-0-GEO-44mm-clear-stack-receiver.001--export
Fra:1 Mem:109.07M (Peak 109.07M) | Time:00:00.07 | Mem:0.00M, Peak:0.00M | Scene, ViewLayer | Synchronizing object | PAYLOAD-middle-0-0-GEO-44mm-clear-stack-receiver.002--export
Fra:1 Mem:109.09M (Peak 109.09M) | Time:00:00.07 | Mem:0.00M, Peak:0.00M | Scene, ViewLayer | Synchronizing object | PAYLOAD-middle-0-0-GEO-44mm-clear-stack-receiver.003--export
Fra:1 Mem:109.11M (Peak 109.11M) | Time:00:00.07 | Mem:0.00M, Peak:0.00M | Scene, ViewLayer | Synchronizing object | PAYLOAD-middle-0-0-GEO-stack-receiver-base.001--export
Fra:1 Mem:109.13M (Peak 109.13M) | Time:00:00.07 | Mem:0.00M, Peak:0.00M | Scene, ViewLayer | Synchronizing object | PAYLOAD-middle-0-0-GEO-44mm-clear-stack-receiver.004--export
Fra:1 Mem:109.14M (Peak 109.14M) | Time:00:00.07 | Mem:0.00M, Peak:0.00M | Scene, ViewLayer | Synchronizing object | PAYLOAD-middle-0-0-GEO-44mm-clear-stack-receiver.005--export
Fra:1 Mem:109.16M (Peak 109.16M) | Time:00:00.07 | Mem:0.00M, Peak:0.00M | Scene, ViewLayer | Synchronizing object | PAYLOAD-middle-0-0-GEO-44mm-clear-stack-receiver.006--export
Fra:1 Mem:109.18M (Peak 109.18M) | Time:00:00.08 | Mem:0.00M, Peak:0.00M | Scene, ViewLayer | Synchronizing object | PAYLOAD-middle-0-0-GEO-44mm-clear-stack-receiver.007--export
Fra:1 Mem:109.20M (Peak 109.20M) | Time:00:00.08 | Mem:0.00M, Peak:0.00M | Scene, ViewLayer | Synchronizing object | PAYLOAD-middle-0-0-GEO-stack-receiver-base.002--export
Fra:1 Mem:109.22M (Peak 109.22M) | Time:00:00.08 | Mem:0.00M, Peak:0.00M | Scene, ViewLayer | Synchronizing object | PAYLOAD-middle-0-0-GEO-44mm-clear-stack-receiver.008--export
Fra:1 Mem:109.23M (Peak 109.23M) | Time:00:00.08 | Mem:0.00M, Peak:0.00M | Scene, ViewLayer | Synchronizing object | PAYLOAD-middle-0-0-GEO-44mm-clear-stack-receiver.009--export
Fra:1 Mem:109.25M (Peak 109.25M) | Time:00:00.08 | Mem:0.00M, Peak:0.00M | Scene, ViewLayer | Synchronizing object | PAYLOAD-middle-0-0-GEO-44mm-clear-stack-receiver.010--export
Fra:1 Mem:109.29M (Peak 109.29M) | Time:00:00.12 | Mem:0.00M, Peak:0.00M | Scene, ViewLayer | Synchronizing object | PAYLOAD-middle-0-0-GEO-44mm-clear-stack-receiver.011--export
Fra:1 Mem:109.29M (Peak 109.29M) | Time:00:00.12 | Mem:0.00M, Peak:0.00M | Scene, ViewLayer | Synchronizing object | PAYLOAD-middle-1-1-GEO-lid-toggle.001--export
Fra:1 Mem:109.32M (Peak 109.32M) | Time:00:00.12 | Mem:0.00M, Peak:0.00M | Scene, ViewLayer | Synchronizing object | PAYLOAD-middle-0-0-GEO-stack-receiver-base.003--export
Fra:1 Mem:109.36M (Peak 109.36M) | Time:00:00.12 | Mem:0.00M, Peak:0.00M | Scene, ViewLayer | Synchronizing object | PAYLOAD-middle-1-1-GEO-lid-latch-leaf.001--export
Fra:1 Mem:109.37M (Peak 109.37M) | Time:00:00.12 | Mem:0.00M, Peak:0.00M | Scene, ViewLayer | Synchronizing object | PAYLOAD-middle-0-0-GEO-44mm-clear-stack-receiver.012--export
Fra:1 Mem:109.39M (Peak 109.39M) | Time:00:00.12 | Mem:0.00M, Peak:0.00M | Scene, ViewLayer | Synchronizing object | PAYLOAD-middle-1-1-GEO-lid-toggle--export
Fra:1 Mem:109.39M (Peak 109.39M) | Time:00:00.12 | Mem:0.00M, Peak:0.00M | Scene, ViewLayer | Synchronizing object | PAYLOAD-middle-0-0-GEO-44mm-clear-stack-receiver.013--export
Fra:1 Mem:109.44M (Peak 109.44M) | Time:00:00.12 | Mem:0.00M, Peak:0.00M | Scene, ViewLayer | Synchronizing object | PAYLOAD-middle-1-1-GEO-lid-latch-leaf--export
Fra:1 Mem:109.43M (Peak 109.44M) | Time:00:00.12 | Mem:0.00M, Peak:0.00M | Scene, ViewLayer | Synchronizing object | PAYLOAD-middle-0-0-GEO-44mm-clear-stack-receiver.014--export
Fra:1 Mem:109.48M (Peak 109.48M) | Time:00:00.12 | Mem:0.00M, Peak:0.00M | Scene, ViewLayer | Synchronizing object | PAYLOAD-middle-1-1-GEO-lid-cap-end-step.001--export
Fra:1 Mem:109.49M (Peak 109.49M) | Time:00:00.12 | Mem:0.00M, Peak:0.00M | Scene, ViewLayer | Synchronizing object | PAYLOAD-middle-0-0-GEO-44mm-clear-stack-receiver.015--export
Fra:1 Mem:109.51M (Peak 109.51M) | Time:00:00.12 | Mem:0.00M, Peak:0.00M | Scene, ViewLayer | Synchronizing object | PAYLOAD-middle-1-1-GEO-lid-cap-end-step--export
Fra:1 Mem:109.49M (Peak 109.51M) | Time:00:00.12 | Mem:0.00M, Peak:0.00M | Scene, ViewLayer | Synchronizing object | PAYLOAD-middle-0-0-GEO-marking-STA / S--export
Fra:1 Mem:109.55M (Peak 109.55M) | Time:00:00.12 | Mem:0.00M, Peak:0.00M | Scene, ViewLayer | Synchronizing object | PAYLOAD-middle-1-1-GEO-lid-fitted-cap--export
Fra:1 Mem:109.77M (Peak 109.77M) | Time:00:00.12 | Mem:0.00M, Peak:0.00M | Scene, ViewLayer | Synchronizing object | PAYLOAD-middle-1-1-GEO-lid-recess-base--export
Fra:1 Mem:109.68M (Peak 109.77M) | Time:00:00.12 | Mem:0.00M, Peak:0.00M | Scene, ViewLayer | Synchronizing object | PAYLOAD-middle-1-1-GEO-lid-shoulder-band.001--export
Fra:1 Mem:109.77M (Peak 109.77M) | Time:00:00.12 | Mem:0.00M, Peak:0.00M | Scene, ViewLayer | Synchronizing object | PAYLOAD-middle-1-1-GEO-lid-shoulder-band--export
Fra:1 Mem:109.92M (Peak 109.92M) | Time:00:00.12 | Mem:0.00M, Peak:0.00M | Scene, ViewLayer | Synchronizing object | PAYLOAD-middle-1-1-GEO-opening-layered-lid--export
Fra:1 Mem:109.94M (Peak 109.94M) | Time:00:00.12 | Mem:0.00M, Peak:0.00M | Scene, ViewLayer | Synchronizing object | PAYLOAD-middle-1-1-GEO-stepped-corner-armor.007--export
Fra:1 Mem:109.76M (Peak 109.94M) | Time:00:00.12 | Mem:0.00M, Peak:0.00M | Scene, ViewLayer | Synchronizing object | PAYLOAD-middle-0-0-GEO-fixed-top-frame--export
Fra:1 Mem:109.76M (Peak 109.94M) | Time:00:00.12 | Mem:0.00M, Peak:0.00M | Scene, ViewLayer | Synchronizing object | PAYLOAD-middle-1-1-GEO-stepped-corner-armor.006--export
Fra:1 Mem:109.82M (Peak 109.94M) | Time:00:00.12 | Mem:0.00M, Peak:0.00M | Scene, ViewLayer | Synchronizing object | PAYLOAD-middle-0-0-GEO-fixed-top-frame.001--export
Fra:1 Mem:109.83M (Peak 109.94M) | Time:00:00.12 | Mem:0.00M, Peak:0.00M | Scene, ViewLayer | Synchronizing object | PAYLOAD-middle-1-1-GEO-corner-load-column.003--export
Fra:1 Mem:109.86M (Peak 109.94M) | Time:00:00.12 | Mem:0.00M, Peak:0.00M | Scene, ViewLayer | Synchronizing object | PAYLOAD-middle-0-0-GEO-fixed-top-frame.002--export
Fra:1 Mem:109.84M (Peak 109.94M) | Time:00:00.12 | Mem:0.00M, Peak:0.00M | Scene, ViewLayer | Synchronizing object | PAYLOAD-middle-1-1-GEO-stepped-corner-armor.005--export
Fra:1 Mem:109.89M (Peak 109.94M) | Time:00:00.12 | Mem:0.00M, Peak:0.00M | Scene, ViewLayer | Synchronizing object | PAYLOAD-middle-0-0-GEO-fixed-top-frame.003--export
Fra:1 Mem:109.88M (Peak 109.94M) | Time:00:00.12 | Mem:0.00M, Peak:0.00M | Scene, ViewLayer | Synchronizing object | PAYLOAD-middle-1-1-GEO-stepped-corner-armor.004--export
Fra:1 Mem:109.92M (Peak 109.94M) | Time:00:00.12 | Mem:0.00M, Peak:0.00M | Scene, ViewLayer | Synchronizing object | PAYLOAD-middle-0-0-GEO-lid-support-ledge--export
Fra:1 Mem:109.94M (Peak 109.94M) | Time:00:00.12 | Mem:0.00M, Peak:0.00M | Scene, ViewLayer | Synchronizing object | PAYLOAD-middle-1-1-GEO-corner-load-column.002--export
Fra:1 Mem:109.97M (Peak 109.97M) | Time:00:00.12 | Mem:0.00M, Peak:0.00M | Scene, ViewLayer | Synchronizing object | PAYLOAD-middle-0-0-GEO-inset-lid-gasket--export
Fra:1 Mem:109.98M (Peak 109.98M) | Time:00:00.12 | Mem:0.00M, Peak:0.00M | Scene, ViewLayer | Synchronizing object | PAYLOAD-middle-1-1-GEO-stepped-corner-armor.003--export
Fra:1 Mem:109.98M (Peak 109.98M) | Time:00:00.12 | Mem:0.00M, Peak:0.00M | Scene, ViewLayer | Synchronizing object | PAYLOAD-middle-0-0-GEO-lid-support-ledge.001--export
Fra:1 Mem:110.02M (Peak 110.02M) | Time:00:00.12 | Mem:0.00M, Peak:0.00M | Scene, ViewLayer | Synchronizing object | PAYLOAD-middle-1-1-GEO-stepped-corner-armor.002--export
Fra:1 Mem:110.00M (Peak 110.02M) | Time:00:00.12 | Mem:0.00M, Peak:0.00M | Scene, ViewLayer | Synchronizing object | PAYLOAD-middle-0-0-GEO-inset-lid-gasket.001--export
Fra:1 Mem:110.05M (Peak 110.05M) | Time:00:00.12 | Mem:0.00M, Peak:0.00M | Scene, ViewLayer | Synchronizing object | PAYLOAD-middle-0-0-GEO-lid-support-ledge.002--export
Fra:1 Mem:110.03M (Peak 110.05M) | Time:00:00.12 | Mem:0.00M, Peak:0.00M | Scene, ViewLayer | Synchronizing object | PAYLOAD-middle-1-1-GEO-corner-load-column.001--export
Fra:1 Mem:110.09M (Peak 110.09M) | Time:00:00.12 | Mem:0.00M, Peak:0.00M | Scene, ViewLayer | Synchronizing object | PAYLOAD-middle-0-0-GEO-inset-lid-gasket.002--export
Fra:1 Mem:110.09M (Peak 110.09M) | Time:00:00.12 | Mem:0.00M, Peak:0.00M | Scene, ViewLayer | Synchronizing object | PAYLOAD-middle-1-1-GEO-stepped-corner-armor.001--export
Fra:1 Mem:110.10M (Peak 110.10M) | Time:00:00.12 | Mem:0.00M, Peak:0.00M | Scene, ViewLayer | Synchronizing object | PAYLOAD-middle-0-0-GEO-lid-support-ledge.003--export
Fra:1 Mem:110.13M (Peak 110.13M) | Time:00:00.12 | Mem:0.00M, Peak:0.00M | Scene, ViewLayer | Synchronizing object | PAYLOAD-middle-1-1-GEO-stepped-corner-armor--export
Fra:1 Mem:110.15M (Peak 110.15M) | Time:00:00.12 | Mem:0.00M, Peak:0.00M | Scene, ViewLayer | Synchronizing object | PAYLOAD-middle-0-0-GEO-inset-lid-gasket.003--export
Fra:1 Mem:110.18M (Peak 110.18M) | Time:00:00.12 | Mem:0.00M, Peak:0.00M | Scene, ViewLayer | Synchronizing object | PAYLOAD-middle-1-1-GEO-corner-load-column--export
Fra:1 Mem:110.20M (Peak 110.20M) | Time:00:00.12 | Mem:0.00M, Peak:0.00M | Scene, ViewLayer | Synchronizing object | PAYLOAD-middle-0-0-GEO-lid-latch-connecting-bridge--export
Fra:1 Mem:110.21M (Peak 110.21M) | Time:00:00.12 | Mem:0.00M, Peak:0.00M | Scene, ViewLayer | Synchronizing object | PAYLOAD-middle-1-1-GEO-closed-front-wall--export
Fra:1 Mem:110.22M (Peak 110.22M) | Time:00:00.12 | Mem:0.00M, Peak:0.00M | Scene, ViewLayer | Synchronizing object | PAYLOAD-middle-0-0-GEO-lid-latch-connecting-bridge.001--export
Fra:1 Mem:110.25M (Peak 110.25M) | Time:00:00.12 | Mem:0.00M, Peak:0.00M | Scene, ViewLayer | Synchronizing object | PAYLOAD-middle-1-1-GEO-closed-rear-wall--export
Fra:1 Mem:110.25M (Peak 110.25M) | Time:00:00.12 | Mem:0.00M, Peak:0.00M | Scene, ViewLayer | Synchronizing object | PAYLOAD-middle-0-0-GEO-fixed-rear-hinge-saddle--export
Fra:1 Mem:110.27M (Peak 110.27M) | Time:00:00.12 | Mem:0.00M, Peak:0.00M | Scene, ViewLayer | Synchronizing object | PAYLOAD-middle-1-1-GEO-closed-side-wall.001--export
Fra:1 Mem:110.28M (Peak 110.28M) | Time:00:00.12 | Mem:0.00M, Peak:0.00M | Scene, ViewLayer | Synchronizing object | PAYLOAD-middle-0-0-GEO-fixed-rear-hinge-saddle.001--export
Fra:1 Mem:110.30M (Peak 110.30M) | Time:00:00.12 | Mem:0.00M, Peak:0.00M | Scene, ViewLayer | Synchronizing object | PAYLOAD-middle-1-1-GEO-closed-side-wall--export
Fra:1 Mem:110.32M (Peak 110.32M) | Time:00:00.12 | Mem:0.00M, Peak:0.00M | Scene, ViewLayer | Synchronizing object | PAYLOAD-middle-0-0-GEO-fixed-rear-hinge-saddle.002--export
Fra:1 Mem:110.36M (Peak 110.36M) | Time:00:00.12 | Mem:0.00M, Peak:0.00M | Scene, ViewLayer | Synchronizing object | PAYLOAD-middle-1-1-GEO-sealed-floor--export
Fra:1 Mem:110.35M (Peak 110.36M) | Time:00:00.12 | Mem:0.00M, Peak:0.00M | Scene, ViewLayer | Synchronizing object | PAYLOAD-middle-0-0-GEO-fixed-rear-hinge-saddle.003--export
Fra:1 Mem:110.38M (Peak 110.38M) | Time:00:00.12 | Mem:0.00M, Peak:0.00M | Scene, ViewLayer | Synchronizing object | PAYLOAD-middle-1-1-GEO-40mm-locating-foot.003--export
Fra:1 Mem:110.41M (Peak 110.41M) | Time:00:00.12 | Mem:0.00M, Peak:0.00M | Scene, ViewLayer | Synchronizing object | PAYLOAD-middle-0-1-GEO-load-skid--export
Fra:1 Mem:110.43M (Peak 110.43M) | Time:00:00.12 | Mem:0.00M, Peak:0.00M | Scene, ViewLayer | Synchronizing object | PAYLOAD-middle-1-1-GEO-40mm-locating-foot.002--export
Fra:1 Mem:110.42M (Peak 110.43M) | Time:00:00.12 | Mem:0.00M, Peak:0.00M | Scene, ViewLayer | Synchronizing object | PAYLOAD-middle-0-1-GEO-load-skid.001--export
Fra:1 Mem:110.46M (Peak 110.46M) | Time:00:00.12 | Mem:0.00M, Peak:0.00M | Scene, ViewLayer | Synchronizing object | PAYLOAD-middle-0-1-GEO-crossmember--export
Fra:1 Mem:110.44M (Peak 110.46M) | Time:00:00.12 | Mem:0.00M, Peak:0.00M | Scene, ViewLayer | Synchronizing object | PAYLOAD-middle-1-1-GEO-40mm-locating-foot.001--export
Fra:1 Mem:110.50M (Peak 110.50M) | Time:00:00.12 | Mem:0.00M, Peak:0.00M | Scene, ViewLayer | Synchronizing object | PAYLOAD-middle-1-1-GEO-40mm-locating-foot--export
Fra:1 Mem:110.49M (Peak 110.50M) | Time:00:00.12 | Mem:0.00M, Peak:0.00M | Scene, ViewLayer | Synchronizing object | PAYLOAD-middle-0-1-GEO-crossmember.001--export
Fra:1 Mem:110.51M (Peak 110.51M) | Time:00:00.12 | Mem:0.00M, Peak:0.00M | Scene, ViewLayer | Synchronizing object | PAYLOAD-middle-1-1-GEO-crossmember.001--export
Fra:1 Mem:110.56M (Peak 110.56M) | Time:00:00.12 | Mem:0.00M, Peak:0.00M | Scene, ViewLayer | Synchronizing object | PAYLOAD-middle-0-1-GEO-40mm-locating-foot--export
Fra:1 Mem:110.54M (Peak 110.56M) | Time:00:00.12 | Mem:0.00M, Peak:0.00M | Scene, ViewLayer | Synchronizing object | PAYLOAD-middle-1-1-GEO-crossmember--export
Fra:1 Mem:110.58M (Peak 110.58M) | Time:00:00.12 | Mem:0.00M, Peak:0.00M | Scene, ViewLayer | Synchronizing object | PAYLOAD-middle-0-1-GEO-40mm-locating-foot.001--export
Fra:1 Mem:110.61M (Peak 110.61M) | Time:00:00.12 | Mem:0.00M, Peak:0.00M | Scene, ViewLayer | Synchronizing object | PAYLOAD-middle-1-1-GEO-load-skid.001--export
Fra:1 Mem:110.61M (Peak 110.61M) | Time:00:00.12 | Mem:0.00M, Peak:0.00M | Scene, ViewLayer | Synchronizing object | PAYLOAD-middle-0-1-GEO-40mm-locating-foot.002--export
Fra:1 Mem:110.64M (Peak 110.64M) | Time:00:00.12 | Mem:0.00M, Peak:0.00M | Scene, ViewLayer | Synchronizing object | PAYLOAD-middle-1-1-GEO-load-skid--export
Fra:1 Mem:110.65M (Peak 110.65M) | Time:00:00.12 | Mem:0.00M, Peak:0.00M | Scene, ViewLayer | Synchronizing object | PAYLOAD-middle-0-1-GEO-40mm-locating-foot.003--export
Fra:1 Mem:110.67M (Peak 110.67M) | Time:00:00.12 | Mem:0.00M, Peak:0.00M | Scene, ViewLayer | Synchronizing object | PAYLOAD-middle-1-0-GEO-fixed-rear-hinge-saddle.003--export
Fra:1 Mem:110.67M (Peak 110.67M) | Time:00:00.12 | Mem:0.00M, Peak:0.00M | Scene, ViewLayer | Synchronizing object | PAYLOAD-middle-0-1-GEO-sealed-floor--export
Fra:1 Mem:110.72M (Peak 110.72M) | Time:00:00.12 | Mem:0.00M, Peak:0.00M | Scene, ViewLayer | Synchronizing object | PAYLOAD-middle-1-0-GEO-fixed-rear-hinge-saddle.002--export
Fra:1 Mem:110.70M (Peak 110.72M) | Time:00:00.12 | Mem:0.00M, Peak:0.00M | Scene, ViewLayer | Synchronizing object | PAYLOAD-middle-0-1-GEO-closed-side-wall--export
Fra:1 Mem:110.75M (Peak 110.75M) | Time:00:00.12 | Mem:0.00M, Peak:0.00M | Scene, ViewLayer | Synchronizing object | PAYLOAD-middle-1-0-GEO-fixed-rear-hinge-saddle.001--export
Fra:1 Mem:110.74M (Peak 110.75M) | Time:00:00.12 | Mem:0.00M, Peak:0.00M | Scene, ViewLayer | Synchronizing object | PAYLOAD-middle-0-1-GEO-closed-side-wall.001--export
Fra:1 Mem:110.79M (Peak 110.79M) | Time:00:00.12 | Mem:0.00M, Peak:0.00M | Scene, ViewLayer | Synchronizing object | PAYLOAD-middle-1-0-GEO-fixed-rear-hinge-saddle--export
Fra:1 Mem:110.77M (Peak 110.79M) | Time:00:00.12 | Mem:0.00M, Peak:0.00M | Scene, ViewLayer | Synchronizing object | PAYLOAD-middle-0-1-GEO-closed-rear-wall--export
Fra:1 Mem:110.80M (Peak 110.80M) | Time:00:00.12 | Mem:0.00M, Peak:0.00M | Scene, ViewLayer | Synchronizing object | PAYLOAD-middle-1-0-GEO-lid-latch-connecting-bridge.001--export
Fra:1 Mem:110.80M (Peak 110.80M) | Time:00:00.12 | Mem:0.00M, Peak:0.00M | Scene, ViewLayer | Synchronizing object | PAYLOAD-middle-0-1-GEO-closed-front-wall--export
Fra:1 Mem:110.86M (Peak 110.86M) | Time:00:00.12 | Mem:0.00M, Peak:0.00M | Scene, ViewLayer | Synchronizing object | PAYLOAD-middle-1-0-GEO-lid-latch-connecting-bridge--export
Fra:1 Mem:110.84M (Peak 110.86M) | Time:00:00.12 | Mem:0.00M, Peak:0.00M | Scene, ViewLayer | Synchronizing object | PAYLOAD-middle-0-1-GEO-corner-load-column--export
Fra:1 Mem:110.90M (Peak 110.90M) | Time:00:00.12 | Mem:0.00M, Peak:0.00M | Scene, ViewLayer | Synchronizing object | PAYLOAD-middle-1-0-GEO-inset-lid-gasket.003--export
Fra:1 Mem:110.88M (Peak 110.90M) | Time:00:00.12 | Mem:0.00M, Peak:0.00M | Scene, ViewLayer | Synchronizing object | PAYLOAD-middle-0-1-GEO-stepped-corner-armor--export
Fra:1 Mem:110.91M (Peak 110.91M) | Time:00:00.12 | Mem:0.00M, Peak:0.00M | Scene, ViewLayer | Synchronizing object | PAYLOAD-middle-1-0-GEO-lid-support-ledge.003--export
Fra:1 Mem:110.91M (Peak 110.91M) | Time:00:00.12 | Mem:0.00M, Peak:0.00M | Scene, ViewLayer | Synchronizing object | PAYLOAD-middle-0-1-GEO-stepped-corner-armor.001--export
Fra:1 Mem:110.97M (Peak 110.97M) | Time:00:00.12 | Mem:0.00M, Peak:0.00M | Scene, ViewLayer | Synchronizing object | PAYLOAD-middle-1-0-GEO-inset-lid-gasket.002--export
Fra:1 Mem:110.95M (Peak 110.97M) | Time:00:00.12 | Mem:0.00M, Peak:0.00M | Scene, ViewLayer | Synchronizing object | PAYLOAD-middle-0-1-GEO-corner-load-column.001--export
Fra:1 Mem:111.00M (Peak 111.00M) | Time:00:00.12 | Mem:0.00M, Peak:0.00M | Scene, ViewLayer | Synchronizing object | PAYLOAD-middle-1-0-GEO-lid-support-ledge.002--export
Fra:1 Mem:110.98M (Peak 111.00M) | Time:00:00.12 | Mem:0.00M, Peak:0.00M | Scene, ViewLayer | Synchronizing object | PAYLOAD-middle-0-1-GEO-stepped-corner-armor.002--export
Fra:1 Mem:111.04M (Peak 111.04M) | Time:00:00.12 | Mem:0.00M, Peak:0.00M | Scene, ViewLayer | Synchronizing object | PAYLOAD-middle-1-0-GEO-inset-lid-gasket.001--export
Fra:1 Mem:111.02M (Peak 111.04M) | Time:00:00.12 | Mem:0.00M, Peak:0.00M | Scene, ViewLayer | Synchronizing object | PAYLOAD-middle-0-1-GEO-stepped-corner-armor.003--export
Fra:1 Mem:111.07M (Peak 111.07M) | Time:00:00.12 | Mem:0.00M, Peak:0.00M | Scene, ViewLayer | Synchronizing object | PAYLOAD-middle-1-0-GEO-lid-support-ledge.001--export
Fra:1 Mem:111.06M (Peak 111.07M) | Time:00:00.12 | Mem:0.00M, Peak:0.00M | Scene, ViewLayer | Synchronizing object | PAYLOAD-middle-0-1-GEO-corner-load-column.002--export
Fra:1 Mem:111.11M (Peak 111.11M) | Time:00:00.12 | Mem:0.00M, Peak:0.00M | Scene, ViewLayer | Synchronizing object | PAYLOAD-middle-1-0-GEO-inset-lid-gasket--export
Fra:1 Mem:111.09M (Peak 111.11M) | Time:00:00.12 | Mem:0.00M, Peak:0.00M | Scene, ViewLayer | Synchronizing object | PAYLOAD-middle-0-1-GEO-stepped-corner-armor.004--export
Fra:1 Mem:111.13M (Peak 111.13M) | Time:00:00.12 | Mem:0.00M, Peak:0.00M | Scene, ViewLayer | Synchronizing object | PAYLOAD-middle-1-0-GEO-lid-support-ledge--export
Fra:1 Mem:111.13M (Peak 111.13M) | Time:00:00.12 | Mem:0.00M, Peak:0.00M | Scene, ViewLayer | Synchronizing object | PAYLOAD-middle-0-1-GEO-stepped-corner-armor.005--export
Fra:1 Mem:111.18M (Peak 111.18M) | Time:00:00.12 | Mem:0.00M, Peak:0.00M | Scene, ViewLayer | Synchronizing object | PAYLOAD-middle-1-0-GEO-fixed-top-frame.003--export
Fra:1 Mem:111.16M (Peak 111.18M) | Time:00:00.12 | Mem:0.00M, Peak:0.00M | Scene, ViewLayer | Synchronizing object | PAYLOAD-middle-0-1-GEO-corner-load-column.003--export
Fra:1 Mem:111.22M (Peak 111.22M) | Time:00:00.12 | Mem:0.00M, Peak:0.00M | Scene, ViewLayer | Synchronizing object | PAYLOAD-middle-1-0-GEO-fixed-top-frame.002--export
Fra:1 Mem:111.23M (Peak 111.23M) | Time:00:00.12 | Mem:0.00M, Peak:0.00M | Scene, ViewLayer | Synchronizing object | PAYLOAD-middle-0-1-GEO-stepped-corner-armor.006--export
Fra:1 Mem:111.22M (Peak 111.23M) | Time:00:00.12 | Mem:0.00M, Peak:0.00M | Scene, ViewLayer | Synchronizing object | PAYLOAD-middle-1-0-GEO-fixed-top-frame.001--export
Fra:1 Mem:111.24M (Peak 111.24M) | Time:00:00.12 | Mem:0.00M, Peak:0.00M | Scene, ViewLayer | Synchronizing object | PAYLOAD-middle-1-0-GEO-fixed-top-frame--export
Fra:1 Mem:111.26M (Peak 111.26M) | Time:00:00.12 | Mem:0.00M, Peak:0.00M | Scene, ViewLayer | Synchronizing object | PAYLOAD-middle-1-0-GEO-marking-STA / S--export
Fra:1 Mem:111.51M (Peak 111.51M) | Time:00:00.12 | Mem:0.00M, Peak:0.00M | Scene, ViewLayer | Synchronizing object | PAYLOAD-middle-0-1-GEO-stepped-corner-armor.007--export
Fra:1 Mem:111.59M (Peak 111.59M) | Time:00:00.12 | Mem:0.00M, Peak:0.00M | Scene, ViewLayer | Synchronizing object | PAYLOAD-middle-0-1-GEO-opening-layered-lid--export
Fra:1 Mem:111.51M (Peak 111.59M) | Time:00:00.12 | Mem:0.00M, Peak:0.00M | Scene, ViewLayer | Synchronizing object | PAYLOAD-middle-0-1-GEO-lid-shoulder-band--export
Fra:1 Mem:111.66M (Peak 111.66M) | Time:00:00.12 | Mem:0.00M, Peak:0.00M | Scene, ViewLayer | Synchronizing object | PAYLOAD-middle-0-1-GEO-lid-shoulder-band.001--export
Fra:1 Mem:111.66M (Peak 111.66M) | Time:00:00.12 | Mem:0.00M, Peak:0.00M | Scene, ViewLayer | Synchronizing object | PAYLOAD-middle-0-1-GEO-lid-recess-base--export
Fra:1 Mem:111.53M (Peak 111.66M) | Time:00:00.12 | Mem:0.00M, Peak:0.00M | Scene, ViewLayer | Synchronizing object | PAYLOAD-middle-1-0-GEO-44mm-clear-stack-receiver.015--export
Fra:1 Mem:111.51M (Peak 111.66M) | Time:00:00.12 | Mem:0.00M, Peak:0.00M | Scene, ViewLayer | Synchronizing object | PAYLOAD-middle-0-1-GEO-lid-fitted-cap--export
Fra:1 Mem:111.56M (Peak 111.66M) | Time:00:00.12 | Mem:0.00M, Peak:0.00M | Scene, ViewLayer | Synchronizing object | PAYLOAD-middle-1-0-GEO-44mm-clear-stack-receiver.014--export
Fra:1 Mem:111.54M (Peak 111.66M) | Time:00:00.12 | Mem:0.00M, Peak:0.00M | Scene, ViewLayer | Synchronizing object | PAYLOAD-middle-0-1-GEO-lid-cap-end-step--export
Fra:1 Mem:111.58M (Peak 111.66M) | Time:00:00.12 | Mem:0.00M, Peak:0.00M | Scene, ViewLayer | Synchronizing object | PAYLOAD-middle-1-0-GEO-44mm-clear-stack-receiver.013--export
Fra:1 Mem:111.61M (Peak 111.66M) | Time:00:00.12 | Mem:0.00M, Peak:0.00M | Scene, ViewLayer | Synchronizing object | PAYLOAD-middle-0-1-GEO-lid-cap-end-step.001--export
Fra:1 Mem:111.63M (Peak 111.66M) | Time:00:00.12 | Mem:0.00M, Peak:0.00M | Scene, ViewLayer | Synchronizing object | PAYLOAD-middle-1-0-GEO-44mm-clear-stack-receiver.012--export
Fra:1 Mem:111.65M (Peak 111.66M) | Time:00:00.12 | Mem:0.00M, Peak:0.00M | Scene, ViewLayer | Synchronizing object | PAYLOAD-middle-0-1-GEO-lid-latch-leaf--export
Fra:1 Mem:111.63M (Peak 111.66M) | Time:00:00.12 | Mem:0.00M, Peak:0.00M | Scene, ViewLayer | Synchronizing object | PAYLOAD-middle-1-0-GEO-stack-receiver-base.003--export
Fra:1 Mem:111.69M (Peak 111.69M) | Time:00:00.12 | Mem:0.00M, Peak:0.00M | Scene, ViewLayer | Synchronizing object | PAYLOAD-middle-0-1-GEO-lid-toggle--export
Fra:1 Mem:111.68M (Peak 111.69M) | Time:00:00.12 | Mem:0.00M, Peak:0.00M | Scene, ViewLayer | Synchronizing object | PAYLOAD-middle-1-0-GEO-44mm-clear-stack-receiver.011--export
Fra:1 Mem:111.72M (Peak 111.72M) | Time:00:00.12 | Mem:0.00M, Peak:0.00M | Scene, ViewLayer | Synchronizing object | PAYLOAD-middle-0-1-GEO-lid-latch-leaf.001--export
Fra:1 Mem:111.71M (Peak 111.72M) | Time:00:00.12 | Mem:0.00M, Peak:0.00M | Scene, ViewLayer | Synchronizing object | PAYLOAD-middle-1-0-GEO-44mm-clear-stack-receiver.010--export
Fra:1 Mem:111.76M (Peak 111.76M) | Time:00:00.12 | Mem:0.00M, Peak:0.00M | Scene, ViewLayer | Synchronizing object | PAYLOAD-middle-0-1-GEO-lid-toggle.001--export
Fra:1 Mem:111.75M (Peak 111.76M) | Time:00:00.12 | Mem:0.00M, Peak:0.00M | Scene, ViewLayer | Synchronizing object | PAYLOAD-middle-1-0-GEO-44mm-clear-stack-receiver.009--export
Fra:1 Mem:111.80M (Peak 111.80M) | Time:00:00.12 | Mem:0.00M, Peak:0.00M | Scene, ViewLayer | Synchronizing object | PAYLOAD-middle-0-1-GEO-rear-hinge-pin--export
Fra:1 Mem:111.78M (Peak 111.80M) | Time:00:00.12 | Mem:0.00M, Peak:0.00M | Scene, ViewLayer | Synchronizing object | PAYLOAD-middle-1-0-GEO-44mm-clear-stack-receiver.008--export
Fra:1 Mem:111.84M (Peak 111.84M) | Time:00:00.12 | Mem:0.00M, Peak:0.00M | Scene, ViewLayer | Synchronizing object | PAYLOAD-middle-1-0-GEO-stack-receiver-base.002--export
Fra:1 Mem:111.86M (Peak 111.86M) | Time:00:00.12 | Mem:0.00M, Peak:0.00M | Scene, ViewLayer | Synchronizing object | PAYLOAD-middle-0-1-GEO-rear-hinge-pin.001--export
Fra:1 Mem:111.92M (Peak 111.92M) | Time:00:00.12 | Mem:0.00M, Peak:0.00M | Scene, ViewLayer | Synchronizing object | PAYLOAD-middle-1-0-GEO-44mm-clear-stack-receiver.007--export
Fra:1 Mem:111.94M (Peak 111.94M) | Time:00:00.12 | Mem:0.00M, Peak:0.00M | Scene, ViewLayer | Synchronizing object | PAYLOAD-middle-1-0-GEO-44mm-clear-stack-receiver.006--export
Fra:1 Mem:111.90M (Peak 111.94M) | Time:00:00.12 | Mem:0.00M, Peak:0.00M | Scene, ViewLayer | Synchronizing object | PAYLOAD-middle-0-1-GEO-side-inset-backing--export
Fra:1 Mem:111.97M (Peak 111.97M) | Time:00:00.12 | Mem:0.00M, Peak:0.00M | Scene, ViewLayer | Synchronizing object | PAYLOAD-middle-1-0-GEO-44mm-clear-stack-receiver.005--export
Fra:1 Mem:112.00M (Peak 112.00M) | Time:00:00.12 | Mem:0.00M, Peak:0.00M | Scene, ViewLayer | Synchronizing object | PAYLOAD-middle-0-1-GEO-fitted-side-panel--export
Fra:1 Mem:111.98M (Peak 112.00M) | Time:00:00.12 | Mem:0.00M, Peak:0.00M | Scene, ViewLayer | Synchronizing object | PAYLOAD-middle-1-0-GEO-44mm-clear-stack-receiver.004--export
Fra:1 Mem:112.05M (Peak 112.05M) | Time:00:00.12 | Mem:0.00M, Peak:0.00M | Scene, ViewLayer | Synchronizing object | PAYLOAD-middle-1-0-GEO-stack-receiver-base.001--export
Fra:1 Mem:112.09M (Peak 112.09M) | Time:00:00.12 | Mem:0.00M, Peak:0.00M | Scene, ViewLayer | Synchronizing object | PAYLOAD-middle-1-0-GEO-44mm-clear-stack-receiver.003--export
Fra:1 Mem:112.05M (Peak 112.09M) | Time:00:00.12 | Mem:0.00M, Peak:0.00M | Scene, ViewLayer | Synchronizing object | PAYLOAD-middle-0-1-GEO-grip-backing--export
Fra:1 Mem:112.10M (Peak 112.10M) | Time:00:00.12 | Mem:0.00M, Peak:0.00M | Scene, ViewLayer | Synchronizing object | PAYLOAD-middle-1-0-GEO-44mm-clear-stack-receiver.002--export
Fra:1 Mem:112.09M (Peak 112.10M) | Time:00:00.12 | Mem:0.00M, Peak:0.00M | Scene, ViewLayer | Synchronizing object | PAYLOAD-middle-0-1-GEO-grip-support--export
Fra:1 Mem:112.14M (Peak 112.14M) | Time:00:00.12 | Mem:0.00M, Peak:0.00M | Scene, ViewLayer | Synchronizing object | PAYLOAD-middle-1-0-GEO-44mm-clear-stack-receiver.001--export
Fra:1 Mem:112.12M (Peak 112.14M) | Time:00:00.12 | Mem:0.00M, Peak:0.00M | Scene, ViewLayer | Synchronizing object | PAYLOAD-middle-0-1-GEO-grip-support.001--export
Fra:1 Mem:112.17M (Peak 112.17M) | Time:00:00.12 | Mem:0.00M, Peak:0.00M | Scene, ViewLayer | Synchronizing object | PAYLOAD-middle-0-1-GEO-glove-grip--export
Fra:1 Mem:112.19M (Peak 112.19M) | Time:00:00.12 | Mem:0.00M, Peak:0.00M | Scene, ViewLayer | Synchronizing object | PAYLOAD-middle-1-0-GEO-44mm-clear-stack-receiver--export
Fra:1 Mem:112.22M (Peak 112.22M) | Time:00:00.12 | Mem:0.00M, Peak:0.00M | Scene, ViewLayer | Synchronizing object | PAYLOAD-middle-0-1-GEO-service-cartridge--export
Fra:1 Mem:112.21M (Peak 112.22M) | Time:00:00.12 | Mem:0.00M, Peak:0.00M | Scene, ViewLayer | Synchronizing object | PAYLOAD-middle-1-0-GEO-stack-receiver-base--export
Fra:1 Mem:112.27M (Peak 112.27M) | Time:00:00.12 | Mem:0.00M, Peak:0.00M | Scene, ViewLayer | Synchronizing object | PAYLOAD-middle-0-1-GEO-side-inset-backing.001--export
Fra:1 Mem:112.25M (Peak 112.27M) | Time:00:00.12 | Mem:0.00M, Peak:0.00M | Scene, ViewLayer | Synchronizing object | PAYLOAD-middle-1-0-GEO-front-fitted-panel--export
Fra:1 Mem:112.36M (Peak 112.36M) | Time:00:00.12 | Mem:0.00M, Peak:0.00M | Scene, ViewLayer | Synchronizing object | PAYLOAD-middle-0-1-GEO-fitted-side-panel.001--export
Fra:1 Mem:112.36M (Peak 112.36M) | Time:00:00.12 | Mem:0.00M, Peak:0.00M | Scene, ViewLayer | Synchronizing object | PAYLOAD-middle-1-0-GEO-front-inset--export
Fra:1 Mem:112.43M (Peak 112.43M) | Time:00:00.12 | Mem:0.00M, Peak:0.00M | Scene, ViewLayer | Synchronizing object | PAYLOAD-middle-0-1-GEO-grip-backing.001--export
Fra:1 Mem:112.41M (Peak 112.43M) | Time:00:00.12 | Mem:0.00M, Peak:0.00M | Scene, ViewLayer | Synchronizing object | PAYLOAD-middle-1-0-GEO-service-cartridge.001--export
Fra:1 Mem:112.44M (Peak 112.44M) | Time:00:00.12 | Mem:0.00M, Peak:0.00M | Scene, ViewLayer | Synchronizing object | PAYLOAD-middle-0-1-GEO-grip-support.002--export
Fra:1 Mem:112.45M (Peak 112.45M) | Time:00:00.12 | Mem:0.00M, Peak:0.00M | Scene, ViewLayer | Synchronizing object | PAYLOAD-middle-1-0-GEO-glove-grip.001--export
Fra:1 Mem:112.45M (Peak 112.45M) | Time:00:00.12 | Mem:0.00M, Peak:0.00M | Scene, ViewLayer | Synchronizing object | PAYLOAD-middle-0-1-GEO-grip-support.003--export
Fra:1 Mem:112.54M (Peak 112.54M) | Time:00:00.12 | Mem:0.00M, Peak:0.00M | Scene, ViewLayer | Synchronizing object | PAYLOAD-middle-0-1-GEO-glove-grip.001--export
Fra:1 Mem:112.57M (Peak 112.57M) | Time:00:00.12 | Mem:0.00M, Peak:0.00M | Scene, ViewLayer | Synchronizing object | PAYLOAD-middle-1-0-GEO-grip-support.003--export
Fra:1 Mem:112.59M (Peak 112.59M) | Time:00:00.12 | Mem:0.00M, Peak:0.00M | Scene, ViewLayer | Synchronizing object | PAYLOAD-middle-1-0-GEO-grip-support.002--export
Fra:1 Mem:112.56M (Peak 112.59M) | Time:00:00.12 | Mem:0.00M, Peak:0.00M | Scene, ViewLayer | Synchronizing object | PAYLOAD-middle-1-0-GEO-grip-backing.001--export
Fra:1 Mem:112.58M (Peak 112.59M) | Time:00:00.12 | Mem:0.00M, Peak:0.00M | Scene, ViewLayer | Synchronizing object | PAYLOAD-middle-1-0-GEO-fitted-side-panel.001--export
Fra:1 Mem:112.61M (Peak 112.61M) | Time:00:00.12 | Mem:0.00M, Peak:0.00M | Scene, ViewLayer | Synchronizing object | PAYLOAD-middle-1-0-GEO-side-inset-backing.001--export
Fra:1 Mem:112.65M (Peak 112.65M) | Time:00:00.12 | Mem:0.00M, Peak:0.00M | Scene, ViewLayer | Synchronizing object | PAYLOAD-middle-1-0-GEO-service-cartridge--export
Fra:1 Mem:112.67M (Peak 112.67M) | Time:00:00.12 | Mem:0.00M, Peak:0.00M | Scene, ViewLayer | Synchronizing object | PAYLOAD-middle-1-0-GEO-glove-grip--export
Fra:1 Mem:112.77M (Peak 112.77M) | Time:00:00.12 | Mem:0.00M, Peak:0.00M | Scene, ViewLayer | Synchronizing object | PAYLOAD-middle-0-1-GEO-front-inset--export
Fra:1 Mem:112.77M (Peak 112.77M) | Time:00:00.12 | Mem:0.00M, Peak:0.00M | Scene, ViewLayer | Synchronizing object | PAYLOAD-middle-1-0-GEO-grip-support.001--export
Fra:1 Mem:112.82M (Peak 112.82M) | Time:00:00.12 | Mem:0.00M, Peak:0.00M | Scene, ViewLayer | Synchronizing object | PAYLOAD-middle-1-0-GEO-grip-support--export
Fra:1 Mem:112.82M (Peak 112.82M) | Time:00:00.12 | Mem:0.00M, Peak:0.00M | Scene, ViewLayer | Synchronizing object | PAYLOAD-middle-0-1-GEO-front-fitted-panel--export
Fra:1 Mem:112.85M (Peak 112.85M) | Time:00:00.12 | Mem:0.00M, Peak:0.00M | Scene, ViewLayer | Synchronizing object | PAYLOAD-middle-1-0-GEO-grip-backing--export
Fra:1 Mem:112.88M (Peak 112.88M) | Time:00:00.12 | Mem:0.00M, Peak:0.00M | Scene, ViewLayer | Synchronizing object | PAYLOAD-middle-1-0-GEO-fitted-side-panel--export
Fra:1 Mem:112.86M (Peak 112.88M) | Time:00:00.12 | Mem:0.00M, Peak:0.00M | Scene, ViewLayer | Synchronizing object | PAYLOAD-middle-0-1-GEO-stack-receiver-base--export
Fra:1 Mem:112.95M (Peak 112.95M) | Time:00:00.12 | Mem:0.00M, Peak:0.00M | Scene, ViewLayer | Synchronizing object | PAYLOAD-middle-0-1-GEO-44mm-clear-stack-receiver--export
Fra:1 Mem:112.94M (Peak 112.95M) | Time:00:00.12 | Mem:0.00M, Peak:0.00M | Scene, ViewLayer | Synchronizing object | PAYLOAD-middle-1-0-GEO-side-inset-backing--export
Fra:1 Mem:112.92M (Peak 112.95M) | Time:00:00.12 | Mem:0.00M, Peak:0.00M | Scene, ViewLayer | Synchronizing object | PAYLOAD-middle-0-1-GEO-44mm-clear-stack-receiver.001--export
Fra:1 Mem:112.95M (Peak 112.95M) | Time:00:00.12 | Mem:0.00M, Peak:0.00M | Scene, ViewLayer | Synchronizing object | PAYLOAD-middle-0-1-GEO-44mm-clear-stack-receiver.002--export
Fra:1 Mem:112.97M (Peak 112.97M) | Time:00:00.12 | Mem:0.00M, Peak:0.00M | Scene, ViewLayer | Synchronizing object | PAYLOAD-middle-0-1-GEO-44mm-clear-stack-receiver.003--export
Fra:1 Mem:112.99M (Peak 112.99M) | Time:00:00.12 | Mem:0.00M, Peak:0.00M | Scene, ViewLayer | Synchronizing object | PAYLOAD-middle-0-1-GEO-stack-receiver-base.001--export
Fra:1 Mem:113.04M (Peak 113.04M) | Time:00:00.12 | Mem:0.00M, Peak:0.00M | Scene, ViewLayer | Synchronizing object | PAYLOAD-middle-1-0-GEO-rear-hinge-pin.001--export
Fra:1 Mem:113.03M (Peak 113.04M) | Time:00:00.12 | Mem:0.00M, Peak:0.00M | Scene, ViewLayer | Synchronizing object | PAYLOAD-middle-0-1-GEO-44mm-clear-stack-receiver.004--export
Fra:1 Mem:113.12M (Peak 113.12M) | Time:00:00.12 | Mem:0.00M, Peak:0.00M | Scene, ViewLayer | Synchronizing object | PAYLOAD-middle-0-1-GEO-44mm-clear-stack-receiver.005--export
Fra:1 Mem:113.08M (Peak 113.12M) | Time:00:00.12 | Mem:0.00M, Peak:0.00M | Scene, ViewLayer | Synchronizing object | PAYLOAD-middle-1-0-GEO-rear-hinge-pin--export
Fra:1 Mem:113.14M (Peak 113.14M) | Time:00:00.12 | Mem:0.00M, Peak:0.00M | Scene, ViewLayer | Synchronizing object | PAYLOAD-middle-0-1-GEO-44mm-clear-stack-receiver.006--export
Fra:1 Mem:113.18M (Peak 113.18M) | Time:00:00.12 | Mem:0.00M, Peak:0.00M | Scene, ViewLayer | Synchronizing object | PAYLOAD-middle-1-0-GEO-lid-toggle.001--export
Fra:1 Mem:113.19M (Peak 113.19M) | Time:00:00.12 | Mem:0.00M, Peak:0.00M | Scene, ViewLayer | Synchronizing object | PAYLOAD-middle-0-1-GEO-44mm-clear-stack-receiver.007--export
Fra:1 Mem:113.21M (Peak 113.21M) | Time:00:00.12 | Mem:0.00M, Peak:0.00M | Scene, ViewLayer | Synchronizing object | PAYLOAD-middle-1-0-GEO-lid-latch-leaf.001--export
Fra:1 Mem:113.22M (Peak 113.22M) | Time:00:00.12 | Mem:0.00M, Peak:0.00M | Scene, ViewLayer | Synchronizing object | PAYLOAD-middle-0-1-GEO-stack-receiver-base.002--export
Fra:1 Mem:113.25M (Peak 113.25M) | Time:00:00.12 | Mem:0.00M, Peak:0.00M | Scene, ViewLayer | Synchronizing object | PAYLOAD-middle-1-0-GEO-lid-toggle--export
Fra:1 Mem:113.23M (Peak 113.25M) | Time:00:00.12 | Mem:0.00M, Peak:0.00M | Scene, ViewLayer | Synchronizing object | PAYLOAD-middle-0-1-GEO-44mm-clear-stack-receiver.008--export
Fra:1 Mem:113.28M (Peak 113.28M) | Time:00:00.12 | Mem:0.00M, Peak:0.00M | Scene, ViewLayer | Synchronizing object | PAYLOAD-middle-1-0-GEO-lid-latch-leaf--export
Fra:1 Mem:113.26M (Peak 113.28M) | Time:00:00.12 | Mem:0.00M, Peak:0.00M | Scene, ViewLayer | Synchronizing object | PAYLOAD-middle-0-1-GEO-44mm-clear-stack-receiver.009--export
Fra:1 Mem:113.30M (Peak 113.30M) | Time:00:00.12 | Mem:0.00M, Peak:0.00M | Scene, ViewLayer | Synchronizing object | PAYLOAD-middle-1-0-GEO-lid-cap-end-step.001--export
Fra:1 Mem:113.30M (Peak 113.30M) | Time:00:00.12 | Mem:0.00M, Peak:0.00M | Scene, ViewLayer | Synchronizing object | PAYLOAD-middle-0-1-GEO-44mm-clear-stack-receiver.010--export
Fra:1 Mem:113.35M (Peak 113.35M) | Time:00:00.12 | Mem:0.00M, Peak:0.00M | Scene, ViewLayer | Synchronizing object | PAYLOAD-middle-1-0-GEO-lid-cap-end-step--export
Fra:1 Mem:113.33M (Peak 113.35M) | Time:00:00.12 | Mem:0.00M, Peak:0.00M | Scene, ViewLayer | Synchronizing object | PAYLOAD-middle-0-1-GEO-44mm-clear-stack-receiver.011--export
Fra:1 Mem:113.39M (Peak 113.39M) | Time:00:00.12 | Mem:0.00M, Peak:0.00M | Scene, ViewLayer | Synchronizing object | PAYLOAD-middle-1-0-GEO-lid-fitted-cap--export
Fra:1 Mem:113.37M (Peak 113.39M) | Time:00:00.12 | Mem:0.00M, Peak:0.00M | Scene, ViewLayer | Synchronizing object | PAYLOAD-middle-0-1-GEO-stack-receiver-base.003--export
Fra:1 Mem:113.42M (Peak 113.42M) | Time:00:00.12 | Mem:0.00M, Peak:0.00M | Scene, ViewLayer | Synchronizing object | PAYLOAD-middle-1-0-GEO-lid-recess-base--export
Fra:1 Mem:113.41M (Peak 113.42M) | Time:00:00.12 | Mem:0.00M, Peak:0.00M | Scene, ViewLayer | Synchronizing object | PAYLOAD-middle-0-1-GEO-44mm-clear-stack-receiver.012--export
Fra:1 Mem:113.46M (Peak 113.46M) | Time:00:00.12 | Mem:0.00M, Peak:0.00M | Scene, ViewLayer | Synchronizing object | PAYLOAD-middle-0-1-GEO-44mm-clear-stack-receiver.013--export
Fra:1 Mem:113.45M (Peak 113.46M) | Time:00:00.12 | Mem:0.00M, Peak:0.00M | Scene, ViewLayer | Synchronizing object | PAYLOAD-middle-1-0-GEO-lid-shoulder-band.001--export
Fra:1 Mem:113.50M (Peak 113.50M) | Time:00:00.12 | Mem:0.00M, Peak:0.00M | Scene, ViewLayer | Synchronizing object | PAYLOAD-middle-0-1-GEO-44mm-clear-stack-receiver.014--export
Fra:1 Mem:113.51M (Peak 113.51M) | Time:00:00.12 | Mem:0.00M, Peak:0.00M | Scene, ViewLayer | Synchronizing object | PAYLOAD-middle-1-0-GEO-lid-shoulder-band--export
Fra:1 Mem:113.54M (Peak 113.54M) | Time:00:00.12 | Mem:0.00M, Peak:0.00M | Scene, ViewLayer | Synchronizing object | PAYLOAD-middle-0-1-GEO-44mm-clear-stack-receiver.015--export
Fra:1 Mem:113.54M (Peak 113.54M) | Time:00:00.12 | Mem:0.00M, Peak:0.00M | Scene, ViewLayer | Synchronizing object | PAYLOAD-middle-1-0-GEO-opening-layered-lid--export
Fra:1 Mem:113.57M (Peak 113.57M) | Time:00:00.12 | Mem:0.00M, Peak:0.00M | Scene, ViewLayer | Synchronizing object | PAYLOAD-middle-0-1-GEO-marking-STA / S--export
Fra:1 Mem:113.55M (Peak 113.57M) | Time:00:00.12 | Mem:0.00M, Peak:0.00M | Scene, ViewLayer | Synchronizing object | PAYLOAD-middle-1-0-GEO-stepped-corner-armor.007--export
Fra:1 Mem:113.81M (Peak 113.81M) | Time:00:00.12 | Mem:0.00M, Peak:0.00M | Scene, ViewLayer | Synchronizing object | PAYLOAD-middle-1-0-GEO-stepped-corner-armor.006--export
Fra:1 Mem:113.89M (Peak 113.89M) | Time:00:00.12 | Mem:0.00M, Peak:0.00M | Scene, ViewLayer | Synchronizing object | PAYLOAD-middle-1-0-GEO-corner-load-column.003--export
Fra:1 Mem:113.80M (Peak 113.89M) | Time:00:00.12 | Mem:0.00M, Peak:0.00M | Scene, ViewLayer | Synchronizing object | PAYLOAD-middle-1-0-GEO-stepped-corner-armor.005--export
Fra:1 Mem:113.83M (Peak 113.89M) | Time:00:00.12 | Mem:0.00M, Peak:0.00M | Scene, ViewLayer | Synchronizing object | PAYLOAD-middle-1-0-GEO-stepped-corner-armor.004--export
Fra:1 Mem:113.98M (Peak 113.98M) | Time:00:00.12 | Mem:0.00M, Peak:0.00M | Scene, ViewLayer | Synchronizing object | PAYLOAD-middle-1-0-GEO-corner-load-column.002--export
Fra:1 Mem:114.00M (Peak 114.00M) | Time:00:00.12 | Mem:0.00M, Peak:0.00M | Scene, ViewLayer | Synchronizing object | PAYLOAD-middle-1-0-GEO-stepped-corner-armor.003--export
Fra:1 Mem:114.00M (Peak 114.00M) | Time:00:00.12 | Mem:0.00M, Peak:0.00M | Scene, ViewLayer | Synchronizing object | PAYLOAD-middle-1-0-GEO-stepped-corner-armor.002--export
Fra:1 Mem:113.85M (Peak 114.00M) | Time:00:00.12 | Mem:0.00M, Peak:0.00M | Scene, ViewLayer | Synchronizing object | PAYLOAD-middle-0-1-GEO-fixed-top-frame--export
Fra:1 Mem:113.87M (Peak 114.00M) | Time:00:00.12 | Mem:0.00M, Peak:0.00M | Scene, ViewLayer | Synchronizing object | PAYLOAD-middle-1-0-GEO-corner-load-column.001--export
Fra:1 Mem:113.89M (Peak 114.00M) | Time:00:00.12 | Mem:0.00M, Peak:0.00M | Scene, ViewLayer | Synchronizing object | PAYLOAD-middle-0-1-GEO-fixed-top-frame.001--export
Fra:1 Mem:113.90M (Peak 114.00M) | Time:00:00.12 | Mem:0.00M, Peak:0.00M | Scene, ViewLayer | Synchronizing object | PAYLOAD-middle-1-0-GEO-stepped-corner-armor.001--export
Fra:1 Mem:113.93M (Peak 114.00M) | Time:00:00.12 | Mem:0.00M, Peak:0.00M | Scene, ViewLayer | Synchronizing object | PAYLOAD-middle-0-1-GEO-fixed-top-frame.002--export
Fra:1 Mem:113.95M (Peak 114.00M) | Time:00:00.12 | Mem:0.00M, Peak:0.00M | Scene, ViewLayer | Synchronizing object | PAYLOAD-middle-1-0-GEO-stepped-corner-armor--export
Fra:1 Mem:113.94M (Peak 114.00M) | Time:00:00.12 | Mem:0.00M, Peak:0.00M | Scene, ViewLayer | Synchronizing object | PAYLOAD-middle-0-1-GEO-fixed-top-frame.003--export
Fra:1 Mem:113.99M (Peak 114.00M) | Time:00:00.12 | Mem:0.00M, Peak:0.00M | Scene, ViewLayer | Synchronizing object | PAYLOAD-middle-1-0-GEO-corner-load-column--export
Fra:1 Mem:113.97M (Peak 114.00M) | Time:00:00.12 | Mem:0.00M, Peak:0.00M | Scene, ViewLayer | Synchronizing object | PAYLOAD-middle-0-1-GEO-lid-support-ledge--export
Fra:1 Mem:114.02M (Peak 114.02M) | Time:00:00.12 | Mem:0.00M, Peak:0.00M | Scene, ViewLayer | Synchronizing object | PAYLOAD-middle-1-0-GEO-closed-front-wall--export
Fra:1 Mem:114.00M (Peak 114.02M) | Time:00:00.12 | Mem:0.00M, Peak:0.00M | Scene, ViewLayer | Synchronizing object | PAYLOAD-middle-0-1-GEO-inset-lid-gasket--export
Fra:1 Mem:114.06M (Peak 114.06M) | Time:00:00.12 | Mem:0.00M, Peak:0.00M | Scene, ViewLayer | Synchronizing object | PAYLOAD-middle-1-0-GEO-closed-rear-wall--export
Fra:1 Mem:114.04M (Peak 114.06M) | Time:00:00.12 | Mem:0.00M, Peak:0.00M | Scene, ViewLayer | Synchronizing object | PAYLOAD-middle-0-1-GEO-lid-support-ledge.001--export
Fra:1 Mem:114.09M (Peak 114.09M) | Time:00:00.12 | Mem:0.00M, Peak:0.00M | Scene, ViewLayer | Synchronizing object | PAYLOAD-middle-1-0-GEO-closed-side-wall.001--export
Fra:1 Mem:114.08M (Peak 114.09M) | Time:00:00.12 | Mem:0.00M, Peak:0.00M | Scene, ViewLayer | Synchronizing object | PAYLOAD-middle-0-1-GEO-inset-lid-gasket.001--export
Fra:1 Mem:114.13M (Peak 114.13M) | Time:00:00.12 | Mem:0.00M, Peak:0.00M | Scene, ViewLayer | Synchronizing object | PAYLOAD-middle-1-0-GEO-closed-side-wall--export
Fra:1 Mem:114.11M (Peak 114.13M) | Time:00:00.12 | Mem:0.00M, Peak:0.00M | Scene, ViewLayer | Synchronizing object | PAYLOAD-middle-0-1-GEO-lid-support-ledge.002--export
Fra:1 Mem:114.14M (Peak 114.14M) | Time:00:00.12 | Mem:0.00M, Peak:0.00M | Scene, ViewLayer | Synchronizing object | PAYLOAD-middle-0-1-GEO-inset-lid-gasket.002--export
Fra:1 Mem:114.20M (Peak 114.20M) | Time:00:00.12 | Mem:0.00M, Peak:0.00M | Scene, ViewLayer | Synchronizing object | PAYLOAD-middle-1-0-GEO-40mm-locating-foot.003--export
Fra:1 Mem:114.18M (Peak 114.20M) | Time:00:00.12 | Mem:0.00M, Peak:0.00M | Scene, ViewLayer | Synchronizing object | PAYLOAD-middle-0-1-GEO-lid-support-ledge.003--export
Fra:1 Mem:114.22M (Peak 114.22M) | Time:00:00.12 | Mem:0.00M, Peak:0.00M | Scene, ViewLayer | Synchronizing object | PAYLOAD-middle-0-1-GEO-inset-lid-gasket.003--export
Fra:1 Mem:114.21M (Peak 114.22M) | Time:00:00.12 | Mem:0.00M, Peak:0.00M | Scene, ViewLayer | Synchronizing object | PAYLOAD-middle-1-0-GEO-40mm-locating-foot.002--export
Fra:1 Mem:114.28M (Peak 114.28M) | Time:00:00.12 | Mem:0.00M, Peak:0.00M | Scene, ViewLayer | Synchronizing object | PAYLOAD-middle-0-1-GEO-lid-latch-connecting-bridge--export
Fra:1 Mem:114.28M (Peak 114.28M) | Time:00:00.12 | Mem:0.00M, Peak:0.00M | Scene, ViewLayer | Synchronizing object | PAYLOAD-middle-1-0-GEO-40mm-locating-foot.001--export
Fra:1 Mem:114.31M (Peak 114.31M) | Time:00:00.13 | Mem:0.00M, Peak:0.00M | Scene, ViewLayer | Synchronizing object | PAYLOAD-middle-0-1-GEO-lid-latch-connecting-bridge.001--export
Fra:1 Mem:114.32M (Peak 114.32M) | Time:00:00.13 | Mem:0.00M, Peak:0.00M | Scene, ViewLayer | Synchronizing object | PAYLOAD-middle-1-0-GEO-40mm-locating-foot--export
Fra:1 Mem:114.33M (Peak 114.33M) | Time:00:00.13 | Mem:0.00M, Peak:0.00M | Scene, ViewLayer | Synchronizing object | PAYLOAD-middle-0-1-GEO-fixed-rear-hinge-saddle--export
Fra:1 Mem:114.35M (Peak 114.35M) | Time:00:00.13 | Mem:0.00M, Peak:0.00M | Scene, ViewLayer | Synchronizing object | PAYLOAD-middle-1-0-GEO-crossmember.001--export
Fra:1 Mem:114.38M (Peak 114.38M) | Time:00:00.13 | Mem:0.00M, Peak:0.00M | Scene, ViewLayer | Synchronizing object | PAYLOAD-middle-0-1-GEO-fixed-rear-hinge-saddle.001--export
Fra:1 Mem:114.40M (Peak 114.40M) | Time:00:00.13 | Mem:0.00M, Peak:0.00M | Scene, ViewLayer | Synchronizing object | PAYLOAD-middle-1-0-GEO-crossmember--export
Fra:1 Mem:114.39M (Peak 114.40M) | Time:00:00.13 | Mem:0.00M, Peak:0.00M | Scene, ViewLayer | Synchronizing object | PAYLOAD-middle-0-1-GEO-fixed-rear-hinge-saddle.002--export
Fra:1 Mem:114.44M (Peak 114.44M) | Time:00:00.13 | Mem:0.00M, Peak:0.00M | Scene, ViewLayer | Synchronizing object | PAYLOAD-middle-1-0-GEO-load-skid.001--export
Fra:1 Mem:114.42M (Peak 114.44M) | Time:00:00.13 | Mem:0.00M, Peak:0.00M | Scene, ViewLayer | Synchronizing object | PAYLOAD-middle-0-1-GEO-fixed-rear-hinge-saddle.003--export
Fra:1 Mem:114.47M (Peak 114.47M) | Time:00:00.13 | Mem:0.00M, Peak:0.00M | Scene, ViewLayer | Synchronizing object | PAYLOAD-middle-1-0-GEO-load-skid--export
Fra:1 Mem:114.47M (Peak 114.47M) | Time:00:00.13 | Mem:0.00M, Peak:0.00M | Scene, ViewLayer | Initializing
Fra:1 Mem:108.17M (Peak 114.47M) | Time:00:00.13 | Mem:0.00M, Peak:0.00M | Scene, ViewLayer | Updating Images | Loading normal
Fra:1 Mem:108.17M (Peak 114.47M) | Time:00:00.13 | Mem:0.00M, Peak:0.00M | Scene, ViewLayer | Updating Images | Loading basecolor
Fra:1 Mem:124.19M (Peak 132.19M) | Time:00:00.17 | Mem:4.00M, Peak:4.00M | Scene, ViewLayer | Updating Images | Loading orm
Fra:1 Mem:93.18M (Peak 132.19M) | Time:00:00.18 | Mem:12.00M, Peak:12.00M | Scene, ViewLayer | Waiting for render to start
Fra:1 Mem:93.18M (Peak 132.19M) | Time:00:00.18 | Mem:12.00M, Peak:12.00M | Scene, ViewLayer | Loading render kernels (may take a few minutes the first time)
Fra:1 Mem:93.18M (Peak 132.19M) | Time:00:00.18 | Mem:12.00M, Peak:12.00M | Scene, ViewLayer | Updating Scene
Fra:1 Mem:93.18M (Peak 132.19M) | Time:00:00.18 | Mem:12.00M, Peak:12.00M | Scene, ViewLayer | Updating Shaders
Fra:1 Mem:93.30M (Peak 132.19M) | Time:00:00.18 | Mem:12.04M, Peak:12.04M | Scene, ViewLayer | Updating Procedurals
Fra:1 Mem:93.30M (Peak 132.19M) | Time:00:00.18 | Mem:12.04M, Peak:12.04M | Scene, ViewLayer | Updating Background
Fra:1 Mem:93.30M (Peak 132.19M) | Time:00:00.18 | Mem:12.04M, Peak:12.04M | Scene, ViewLayer | Updating Camera
Fra:1 Mem:93.30M (Peak 132.19M) | Time:00:00.18 | Mem:12.04M, Peak:12.04M | Scene, ViewLayer | Updating Meshes Flags
Fra:1 Mem:93.30M (Peak 132.19M) | Time:00:00.19 | Mem:12.04M, Peak:12.04M | Scene, ViewLayer | Updating Objects
Fra:1 Mem:93.30M (Peak 132.19M) | Time:00:00.19 | Mem:12.04M, Peak:12.04M | Scene, ViewLayer | Updating Objects | Copying Transformations to device
Fra:1 Mem:93.51M (Peak 132.19M) | Time:00:00.19 | Mem:12.24M, Peak:12.24M | Scene, ViewLayer | Updating Objects | Applying Static Transformations
Fra:1 Mem:93.51M (Peak 132.19M) | Time:00:00.19 | Mem:12.24M, Peak:12.24M | Scene, ViewLayer | Updating Particle Systems
Fra:1 Mem:93.51M (Peak 132.19M) | Time:00:00.19 | Mem:12.24M, Peak:12.24M | Scene, ViewLayer | Updating Particle Systems | Copying Particles to device
Fra:1 Mem:93.51M (Peak 132.19M) | Time:00:00.19 | Mem:12.24M, Peak:12.24M | Scene, ViewLayer | Updating Meshes
Fra:1 Mem:94.95M (Peak 132.19M) | Time:00:00.19 | Mem:12.24M, Peak:12.24M | Scene, ViewLayer | Updating Mesh | Computing attributes
Fra:1 Mem:97.73M (Peak 132.19M) | Time:00:00.19 | Mem:12.29M, Peak:12.29M | Scene, ViewLayer | Updating Mesh | Copying Attributes to device
Fra:1 Mem:97.59M (Peak 132.19M) | Time:00:00.19 | Mem:14.88M, Peak:14.88M | Scene, ViewLayer | Updating Geometry BVH MESH-floor-square-2m 1/1 | Building BVH
Fra:1 Mem:97.59M (Peak 132.19M) | Time:00:00.19 | Mem:14.89M, Peak:14.89M | Scene, ViewLayer | Updating Geometry BVH MESH-floor-square-2m 1/1 | Building BVH 0%
Fra:1 Mem:97.59M (Peak 132.19M) | Time:00:00.19 | Mem:14.89M, Peak:14.90M | Scene, ViewLayer | Updating Scene BVH | Building
Fra:1 Mem:97.61M (Peak 132.19M) | Time:00:00.19 | Mem:14.89M, Peak:14.90M | Scene, ViewLayer | Updating Scene BVH | Building BVH
Fra:1 Mem:97.61M (Peak 132.19M) | Time:00:00.20 | Mem:21.20M, Peak:24.08M | Scene, ViewLayer | Updating Scene BVH | Copying BVH to device
Fra:1 Mem:97.61M (Peak 132.19M) | Time:00:00.20 | Mem:21.20M, Peak:24.08M | Scene, ViewLayer | Updating Mesh | Computing normals
Fra:1 Mem:106.29M (Peak 132.19M) | Time:00:00.20 | Mem:21.20M, Peak:24.08M | Scene, ViewLayer | Updating Mesh | Copying Mesh to device
Fra:1 Mem:106.29M (Peak 132.19M) | Time:00:00.20 | Mem:29.89M, Peak:29.89M | Scene, ViewLayer | Updating Objects Flags
Fra:1 Mem:106.29M (Peak 132.19M) | Time:00:00.20 | Mem:29.89M, Peak:29.89M | Scene, ViewLayer | Updating Primitive Offsets
Fra:1 Mem:106.29M (Peak 132.19M) | Time:00:00.20 | Mem:29.90M, Peak:29.90M | Scene, ViewLayer | Updating Images
Fra:1 Mem:106.29M (Peak 132.19M) | Time:00:00.20 | Mem:29.90M, Peak:29.90M | Scene, ViewLayer | Updating Camera Volume
Fra:1 Mem:106.29M (Peak 132.19M) | Time:00:00.20 | Mem:29.90M, Peak:29.90M | Scene, ViewLayer | Updating Lookup Tables
Fra:1 Mem:106.29M (Peak 132.19M) | Time:00:00.20 | Mem:29.98M, Peak:29.98M | Scene, ViewLayer | Updating Lights
Fra:1 Mem:106.29M (Peak 132.19M) | Time:00:00.20 | Mem:29.98M, Peak:29.98M | Scene, ViewLayer | Updating Lights | Computing tree
Fra:1 Mem:106.50M (Peak 132.19M) | Time:00:00.21 | Mem:30.19M, Peak:30.19M | Scene, ViewLayer | Updating Integrator
Fra:1 Mem:106.50M (Peak 132.19M) | Time:00:00.21 | Mem:30.19M, Peak:30.19M | Scene, ViewLayer | Updating Film
Fra:1 Mem:106.51M (Peak 132.19M) | Time:00:00.21 | Mem:30.10M, Peak:30.19M | Scene, ViewLayer | Updating Lookup Tables
Fra:1 Mem:106.51M (Peak 132.19M) | Time:00:00.21 | Mem:30.19M, Peak:30.19M | Scene, ViewLayer | Updating Baking
Fra:1 Mem:106.51M (Peak 132.19M) | Time:00:00.21 | Mem:30.19M, Peak:30.19M | Scene, ViewLayer | Updating Device | Writing constant memory
Fra:1 Mem:106.52M (Peak 132.19M) | Time:00:00.21 | Mem:30.19M, Peak:30.19M | Scene, ViewLayer | Sample 0/16
Fra:1 Mem:143.61M (Peak 143.61M) | Time:00:00.76 | Remaining:00:08.33 | Mem:67.28M, Peak:67.28M | Scene, ViewLayer | Sample 1/16
Fra:1 Mem:160.09M (Peak 193.05M) | Time:00:06.88 | Mem:67.28M, Peak:67.28M | Scene, ViewLayer | Sample 16/16
Fra:1 Mem:160.09M (Peak 193.05M) | Time:00:06.88 | Mem:67.28M, Peak:67.28M | Scene, ViewLayer | Finished
Saved: '/root/sidereal_spacetime/assets/art-library/designs/cargo.handling.fixture/revisions/r001/a001/stacked-native-floor.png'
Time: 00:07.16 (Saving: 00:00.27)

Fra:1 Mem:102.45M (Peak 102.45M) | Time:00:00.06 | Mem:0.00M, Peak:0.00M | Scene, ViewLayer | Synchronizing object | GEO-REVIEW-floor
Fra:1 Mem:102.47M (Peak 102.47M) | Time:00:00.06 | Mem:0.00M, Peak:0.00M | Scene, ViewLayer | Synchronizing object | GEO-REVIEW-height-gauge--0.375--0.375
Fra:1 Mem:102.48M (Peak 102.48M) | Time:00:00.06 | Mem:0.00M, Peak:0.00M | Scene, ViewLayer | Synchronizing object | GEO-REVIEW-height-gauge--0.375-2.375
Fra:1 Mem:102.50M (Peak 102.50M) | Time:00:00.06 | Mem:0.00M, Peak:0.00M | Scene, ViewLayer | Synchronizing object | GEO-REVIEW-height-gauge-2.375--0.375
Fra:1 Mem:102.51M (Peak 102.51M) | Time:00:00.06 | Mem:0.00M, Peak:0.00M | Scene, ViewLayer | Synchronizing object | GEO-REVIEW-height-gauge-2.375-2.375
Fra:1 Mem:102.53M (Peak 102.53M) | Time:00:00.06 | Mem:0.00M, Peak:0.00M | Scene, ViewLayer | Synchronizing object | GEO-REVIEW-roof-datum--0.375
Fra:1 Mem:102.53M (Peak 102.53M) | Time:00:00.06 | Mem:0.00M, Peak:0.00M | Scene, ViewLayer | Synchronizing object | GEO-REVIEW-roof-datum-2.375
Fra:1 Mem:102.53M (Peak 102.53M) | Time:00:00.06 | Mem:0.00M, Peak:0.00M | Scene, ViewLayer | Synchronizing object | GEO-FIXTURE-base-GEO-carrier-2m-lower-deck
Fra:1 Mem:102.54M (Peak 102.54M) | Time:00:00.06 | Mem:0.00M, Peak:0.00M | Scene, ViewLayer | Synchronizing object | GEO-FIXTURE-base-GEO-carrier-2m-upper-deck
Fra:1 Mem:102.56M (Peak 102.56M) | Time:00:00.06 | Mem:0.00M, Peak:0.00M | Scene, ViewLayer | Synchronizing object | GEO-FIXTURE-base-GEO-carrier-2m-BEARING-bottom-0-0
Fra:1 Mem:102.56M (Peak 102.56M) | Time:00:00.06 | Mem:0.00M, Peak:0.00M | Scene, ViewLayer | Synchronizing object | GEO-FIXTURE-base-GEO-carrier-2m-BEARING-top-0-0
Fra:1 Mem:102.56M (Peak 102.56M) | Time:00:00.06 | Mem:0.00M, Peak:0.00M | Scene, ViewLayer | Synchronizing object | GEO-FIXTURE-base-GEO-carrier-2m-top-restraint-0-0-0.045
Fra:1 Mem:102.57M (Peak 102.57M) | Time:00:00.06 | Mem:0.00M, Peak:0.00M | Scene, ViewLayer | Synchronizing object | GEO-FIXTURE-base-GEO-carrier-2m-top-restraint-0-0-0.94
Fra:1 Mem:102.59M (Peak 102.59M) | Time:00:00.06 | Mem:0.00M, Peak:0.00M | Scene, ViewLayer | Synchronizing object | GEO-FIXTURE-base-GEO-carrier-2m-BEARING-bottom-0-1
Fra:1 Mem:102.59M (Peak 102.59M) | Time:00:00.06 | Mem:0.00M, Peak:0.00M | Scene, ViewLayer | Synchronizing object | GEO-FIXTURE-base-GEO-carrier-2m-BEARING-top-0-1
Fra:1 Mem:102.59M (Peak 102.59M) | Time:00:00.06 | Mem:0.00M, Peak:0.00M | Scene, ViewLayer | Synchronizing object | GEO-FIXTURE-base-GEO-carrier-2m-top-restraint-0-1-1.045
Fra:1 Mem:102.60M (Peak 102.60M) | Time:00:00.06 | Mem:0.00M, Peak:0.00M | Scene, ViewLayer | Synchronizing object | GEO-FIXTURE-base-GEO-carrier-2m-top-restraint-0-1-1.94
Fra:1 Mem:102.62M (Peak 102.62M) | Time:00:00.06 | Mem:0.00M, Peak:0.00M | Scene, ViewLayer | Synchronizing object | GEO-FIXTURE-base-GEO-carrier-2m-BEARING-bottom-1-0
Fra:1 Mem:102.62M (Peak 102.62M) | Time:00:00.06 | Mem:0.00M, Peak:0.00M | Scene, ViewLayer | Synchronizing object | GEO-FIXTURE-base-GEO-carrier-2m-BEARING-top-1-0
Fra:1 Mem:102.62M (Peak 102.62M) | Time:00:00.06 | Mem:0.00M, Peak:0.00M | Scene, ViewLayer | Synchronizing object | GEO-FIXTURE-base-GEO-carrier-2m-top-restraint-1-0-0.045
Fra:1 Mem:102.63M (Peak 102.63M) | Time:00:00.06 | Mem:0.00M, Peak:0.00M | Scene, ViewLayer | Synchronizing object | GEO-FIXTURE-base-GEO-carrier-2m-top-restraint-1-0-0.94
Fra:1 Mem:102.65M (Peak 102.65M) | Time:00:00.06 | Mem:0.00M, Peak:0.00M | Scene, ViewLayer | Synchronizing object | GEO-FIXTURE-base-GEO-carrier-2m-BEARING-bottom-1-1
Fra:1 Mem:102.65M (Peak 102.65M) | Time:00:00.06 | Mem:0.00M, Peak:0.00M | Scene, ViewLayer | Synchronizing object | GEO-FIXTURE-base-GEO-carrier-2m-BEARING-top-1-1
Fra:1 Mem:102.65M (Peak 102.65M) | Time:00:00.06 | Mem:0.00M, Peak:0.00M | Scene, ViewLayer | Synchronizing object | GEO-FIXTURE-base-GEO-carrier-2m-top-restraint-1-1-1.045
Fra:1 Mem:102.66M (Peak 102.66M) | Time:00:00.06 | Mem:0.00M, Peak:0.00M | Scene, ViewLayer | Synchronizing object | GEO-FIXTURE-base-GEO-carrier-2m-top-restraint-1-1-1.94
Fra:1 Mem:102.68M (Peak 102.68M) | Time:00:00.06 | Mem:0.00M, Peak:0.00M | Scene, ViewLayer | Synchronizing object | GEO-FIXTURE-base-GEO-carrier-2m-corner-post-0-0
Fra:1 Mem:102.69M (Peak 102.69M) | Time:00:00.06 | Mem:0.00M, Peak:0.00M | Scene, ViewLayer | Synchronizing object | GEO-FIXTURE-base-GEO-carrier-2m-corner-shell-0-0
Fra:1 Mem:102.71M (Peak 102.71M) | Time:00:00.06 | Mem:0.00M, Peak:0.00M | Scene, ViewLayer | Synchronizing object | GEO-FIXTURE-base-GEO-carrier-2m-corner-post-0-1.90625
Fra:1 Mem:102.72M (Peak 102.72M) | Time:00:00.06 | Mem:0.00M, Peak:0.00M | Scene, ViewLayer | Synchronizing object | GEO-FIXTURE-base-GEO-carrier-2m-corner-shell-0-1.90625
Fra:1 Mem:102.73M (Peak 102.73M) | Time:00:00.06 | Mem:0.00M, Peak:0.00M | Scene, ViewLayer | Synchronizing object | GEO-FIXTURE-base-GEO-carrier-2m-corner-post-1.90625-0
Fra:1 Mem:102.75M (Peak 102.75M) | Time:00:00.06 | Mem:0.00M, Peak:0.00M | Scene, ViewLayer | Synchronizing object | GEO-FIXTURE-base-GEO-carrier-2m-corner-shell-1.90625-0
Fra:1 Mem:102.76M (Peak 102.76M) | Time:00:00.06 | Mem:0.00M, Peak:0.00M | Scene, ViewLayer | Synchronizing object | GEO-FIXTURE-base-GEO-carrier-2m-corner-post-1.90625-1.90625
Fra:1 Mem:102.78M (Peak 102.78M) | Time:00:00.06 | Mem:0.00M, Peak:0.00M | Scene, ViewLayer | Synchronizing object | GEO-FIXTURE-base-GEO-carrier-2m-corner-shell-1.90625-1.90625
Fra:1 Mem:102.79M (Peak 102.79M) | Time:00:00.06 | Mem:0.00M, Peak:0.00M | Scene, ViewLayer | Synchronizing object | GEO-FIXTURE-base-GEO-carrier-2m-front-rail-0
Fra:1 Mem:102.80M (Peak 102.80M) | Time:00:00.06 | Mem:0.00M, Peak:0.00M | Scene, ViewLayer | Synchronizing object | GEO-FIXTURE-base-GEO-carrier-2m-latch-0.15-0
Fra:1 Mem:102.82M (Peak 102.82M) | Time:00:00.06 | Mem:0.00M, Peak:0.00M | Scene, ViewLayer | Synchronizing object | GEO-FIXTURE-base-GEO-carrier-2m-latch-grip-0.15-0
Fra:1 Mem:102.84M (Peak 102.84M) | Time:00:00.06 | Mem:0.00M, Peak:0.00M | Scene, ViewLayer | Synchronizing object | GEO-FIXTURE-base-GEO-carrier-2m-latch-1.65-0
Fra:1 Mem:102.85M (Peak 102.85M) | Time:00:00.06 | Mem:0.00M, Peak:0.00M | Scene, ViewLayer | Synchronizing object | GEO-FIXTURE-base-GEO-carrier-2m-latch-grip-1.65-0
Fra:1 Mem:102.86M (Peak 102.86M) | Time:00:00.06 | Mem:0.00M, Peak:0.00M | Scene, ViewLayer | Synchronizing object | GEO-FIXTURE-base-GEO-carrier-2m-status-0
Fra:1 Mem:102.88M (Peak 102.88M) | Time:00:00.06 | Mem:0.00M, Peak:0.00M | Scene, ViewLayer | Synchronizing object | GEO-FIXTURE-base-GEO-carrier-2m-front-rail-1.9375
Fra:1 Mem:102.89M (Peak 102.89M) | Time:00:00.06 | Mem:0.00M, Peak:0.00M | Scene, ViewLayer | Synchronizing object | GEO-FIXTURE-base-GEO-carrier-2m-latch-0.15-1.9375
Fra:1 Mem:102.91M (Peak 102.91M) | Time:00:00.06 | Mem:0.00M, Peak:0.00M | Scene, ViewLayer | Synchronizing object | GEO-FIXTURE-base-GEO-carrier-2m-latch-grip-0.15-1.9375
Fra:1 Mem:102.92M (Peak 102.92M) | Time:00:00.06 | Mem:0.00M, Peak:0.00M | Scene, ViewLayer | Synchronizing object | GEO-FIXTURE-base-GEO-carrier-2m-latch-1.65-1.9375
Fra:1 Mem:102.93M (Peak 102.93M) | Time:00:00.06 | Mem:0.00M, Peak:0.00M | Scene, ViewLayer | Synchronizing object | GEO-FIXTURE-base-GEO-carrier-2m-latch-grip-1.65-1.9375
Fra:1 Mem:102.95M (Peak 102.95M) | Time:00:00.06 | Mem:0.00M, Peak:0.00M | Scene, ViewLayer | Synchronizing object | GEO-FIXTURE-base-GEO-carrier-2m-status-1.9375
Fra:1 Mem:102.96M (Peak 102.96M) | Time:00:00.06 | Mem:0.00M, Peak:0.00M | Scene, ViewLayer | Synchronizing object | GEO-FIXTURE-base-GEO-carrier-2m-side-lower-rail-0
Fra:1 Mem:102.98M (Peak 102.98M) | Time:00:00.06 | Mem:0.00M, Peak:0.00M | Scene, ViewLayer | Synchronizing object | GEO-FIXTURE-base-GEO-carrier-2m-side-upper-rail-0
Fra:1 Mem:102.99M (Peak 102.99M) | Time:00:00.06 | Mem:0.00M, Peak:0.00M | Scene, ViewLayer | Synchronizing object | GEO-FIXTURE-base-GEO-carrier-2m-side-lower-rail-1.9375
Fra:1 Mem:103.00M (Peak 103.00M) | Time:00:00.06 | Mem:0.00M, Peak:0.00M | Scene, ViewLayer | Synchronizing object | GEO-FIXTURE-base-GEO-carrier-2m-side-upper-rail-1.9375
Fra:1 Mem:103.02M (Peak 103.02M) | Time:00:00.06 | Mem:0.00M, Peak:0.00M | Scene, ViewLayer | Synchronizing object | GEO-FIXTURE-base-GEO-carrier-2m-intermediate-post-0-0.953125
Fra:1 Mem:103.03M (Peak 103.03M) | Time:00:00.06 | Mem:0.00M, Peak:0.00M | Scene, ViewLayer | Synchronizing object | GEO-FIXTURE-base-GEO-carrier-2m-intermediate-post-1.90625-0.953
Fra:1 Mem:103.05M (Peak 103.05M) | Time:00:00.06 | Mem:0.00M, Peak:0.00M | Scene, ViewLayer | Synchronizing object | GEO-FIXTURE-base-GEO-carrier-2m-intermediate-post-0.953125-0
Fra:1 Mem:103.06M (Peak 103.06M) | Time:00:00.06 | Mem:0.00M, Peak:0.00M | Scene, ViewLayer | Synchronizing object | GEO-FIXTURE-base-GEO-carrier-2m-intermediate-post-0.953125-1.90
Fra:1 Mem:103.07M (Peak 103.07M) | Time:00:00.06 | Mem:0.00M, Peak:0.00M | Scene, ViewLayer | Synchronizing object | GEO-FIXTURE-middle-0-0-GEO-carrier-1m-lower-deck
Fra:1 Mem:103.09M (Peak 103.09M) | Time:00:00.06 | Mem:0.00M, Peak:0.00M | Scene, ViewLayer | Synchronizing object | GEO-FIXTURE-middle-0-0-GEO-carrier-1m-upper-deck
Fra:1 Mem:103.10M (Peak 103.10M) | Time:00:00.06 | Mem:0.00M, Peak:0.00M | Scene, ViewLayer | Synchronizing object | GEO-FIXTURE-middle-0-0-GEO-carrier-1m-BEARING-bottom-0-0
Fra:1 Mem:103.10M (Peak 103.10M) | Time:00:00.06 | Mem:0.00M, Peak:0.00M | Scene, ViewLayer | Synchronizing object | GEO-FIXTURE-middle-0-0-GEO-carrier-1m-BEARING-top-0-0
Fra:1 Mem:103.10M (Peak 103.10M) | Time:00:00.06 | Mem:0.00M, Peak:0.00M | Scene, ViewLayer | Synchronizing object | GEO-FIXTURE-middle-0-0-GEO-carrier-1m-top-restraint-0-0-0.045
Fra:1 Mem:103.12M (Peak 103.12M) | Time:00:00.06 | Mem:0.00M, Peak:0.00M | Scene, ViewLayer | Synchronizing object | GEO-FIXTURE-middle-0-0-GEO-carrier-1m-top-restraint-0-0-0.94
Fra:1 Mem:103.13M (Peak 103.13M) | Time:00:00.06 | Mem:0.00M, Peak:0.00M | Scene, ViewLayer | Synchronizing object | GEO-FIXTURE-middle-0-0-GEO-carrier-1m-corner-post-0-0
Fra:1 Mem:103.15M (Peak 103.15M) | Time:00:00.06 | Mem:0.00M, Peak:0.00M | Scene, ViewLayer | Synchronizing object | GEO-FIXTURE-middle-0-0-GEO-carrier-1m-corner-shell-0-0
Fra:1 Mem:103.16M (Peak 103.16M) | Time:00:00.06 | Mem:0.00M, Peak:0.00M | Scene, ViewLayer | Synchronizing object | GEO-FIXTURE-middle-0-0-GEO-carrier-1m-corner-post-0-0.90625
Fra:1 Mem:103.17M (Peak 103.17M) | Time:00:00.06 | Mem:0.00M, Peak:0.00M | Scene, ViewLayer | Synchronizing object | GEO-FIXTURE-middle-0-0-GEO-carrier-1m-corner-shell-0-0.90625
Fra:1 Mem:103.19M (Peak 103.19M) | Time:00:00.06 | Mem:0.00M, Peak:0.00M | Scene, ViewLayer | Synchronizing object | GEO-FIXTURE-middle-0-0-GEO-carrier-1m-corner-post-0.90625-0
Fra:1 Mem:103.20M (Peak 103.20M) | Time:00:00.06 | Mem:0.00M, Peak:0.00M | Scene, ViewLayer | Synchronizing object | GEO-FIXTURE-middle-0-0-GEO-carrier-1m-corner-shell-0.90625-0
Fra:1 Mem:103.22M (Peak 103.22M) | Time:00:00.06 | Mem:0.00M, Peak:0.00M | Scene, ViewLayer | Synchronizing object | GEO-FIXTURE-middle-0-0-GEO-carrier-1m-corner-post-0.90625-0.906
Fra:1 Mem:103.23M (Peak 103.23M) | Time:00:00.06 | Mem:0.00M, Peak:0.00M | Scene, ViewLayer | Synchronizing object | GEO-FIXTURE-middle-0-0-GEO-carrier-1m-corner-shell-0.90625-0.90
Fra:1 Mem:103.24M (Peak 103.24M) | Time:00:00.06 | Mem:0.00M, Peak:0.00M | Scene, ViewLayer | Synchronizing object | GEO-FIXTURE-middle-0-0-GEO-carrier-1m-front-rail-0
Fra:1 Mem:103.27M (Peak 103.27M) | Time:00:00.06 | Mem:0.00M, Peak:0.00M | Scene, ViewLayer | Synchronizing object | GEO-FIXTURE-middle-0-0-GEO-carrier-1m-latch-0.15-0
Fra:1 Mem:103.28M (Peak 103.28M) | Time:00:00.06 | Mem:0.00M, Peak:0.00M | Scene, ViewLayer | Synchronizing object | GEO-FIXTURE-middle-0-0-GEO-carrier-1m-latch-grip-0.15-0
Fra:1 Mem:103.29M (Peak 103.29M) | Time:00:00.07 | Mem:0.00M, Peak:0.00M | Scene, ViewLayer | Synchronizing object | GEO-FIXTURE-middle-0-0-GEO-carrier-1m-latch-0.65-0
Fra:1 Mem:103.31M (Peak 103.31M) | Time:00:00.07 | Mem:0.00M, Peak:0.00M | Scene, ViewLayer | Synchronizing object | GEO-FIXTURE-middle-0-0-GEO-carrier-1m-latch-grip-0.65-0
Fra:1 Mem:103.32M (Peak 103.32M) | Time:00:00.07 | Mem:0.00M, Peak:0.00M | Scene, ViewLayer | Synchronizing object | GEO-FIXTURE-middle-0-0-GEO-carrier-1m-status-0
Fra:1 Mem:103.34M (Peak 103.34M) | Time:00:00.07 | Mem:0.00M, Peak:0.00M | Scene, ViewLayer | Synchronizing object | GEO-FIXTURE-middle-0-0-GEO-carrier-1m-front-rail-0.9375
Fra:1 Mem:103.35M (Peak 103.35M) | Time:00:00.07 | Mem:0.00M, Peak:0.00M | Scene, ViewLayer | Synchronizing object | GEO-FIXTURE-middle-0-0-GEO-carrier-1m-latch-0.15-0.9375
Fra:1 Mem:103.36M (Peak 103.36M) | Time:00:00.07 | Mem:0.00M, Peak:0.00M | Scene, ViewLayer | Synchronizing object | GEO-FIXTURE-middle-0-0-GEO-carrier-1m-latch-grip-0.15-0.9375
Fra:1 Mem:103.38M (Peak 103.38M) | Time:00:00.07 | Mem:0.00M, Peak:0.00M | Scene, ViewLayer | Synchronizing object | GEO-FIXTURE-middle-0-0-GEO-carrier-1m-latch-0.65-0.9375
Fra:1 Mem:103.39M (Peak 103.39M) | Time:00:00.07 | Mem:0.00M, Peak:0.00M | Scene, ViewLayer | Synchronizing object | GEO-FIXTURE-middle-0-0-GEO-carrier-1m-latch-grip-0.65-0.9375
Fra:1 Mem:103.41M (Peak 103.41M) | Time:00:00.07 | Mem:0.00M, Peak:0.00M | Scene, ViewLayer | Synchronizing object | GEO-FIXTURE-middle-0-0-GEO-carrier-1m-status-0.9375
Fra:1 Mem:103.42M (Peak 103.42M) | Time:00:00.07 | Mem:0.00M, Peak:0.00M | Scene, ViewLayer | Synchronizing object | GEO-FIXTURE-middle-0-0-GEO-carrier-1m-side-lower-rail-0
Fra:1 Mem:103.43M (Peak 103.43M) | Time:00:00.07 | Mem:0.00M, Peak:0.00M | Scene, ViewLayer | Synchronizing object | GEO-FIXTURE-middle-0-0-GEO-carrier-1m-side-upper-rail-0
Fra:1 Mem:103.45M (Peak 103.45M) | Time:00:00.07 | Mem:0.00M, Peak:0.00M | Scene, ViewLayer | Synchronizing object | GEO-FIXTURE-middle-0-0-GEO-carrier-1m-side-lower-rail-0.9375
Fra:1 Mem:103.46M (Peak 103.46M) | Time:00:00.07 | Mem:0.00M, Peak:0.00M | Scene, ViewLayer | Synchronizing object | GEO-FIXTURE-middle-0-0-GEO-carrier-1m-side-upper-rail-0.9375
Fra:1 Mem:103.47M (Peak 103.47M) | Time:00:00.07 | Mem:0.00M, Peak:0.00M | Scene, ViewLayer | Synchronizing object | GEO-FIXTURE-middle-0-1-GEO-carrier-1m-lower-deck
Fra:1 Mem:103.49M (Peak 103.49M) | Time:00:00.07 | Mem:0.00M, Peak:0.00M | Scene, ViewLayer | Synchronizing object | GEO-FIXTURE-middle-0-1-GEO-carrier-1m-upper-deck
Fra:1 Mem:103.50M (Peak 103.50M) | Time:00:00.07 | Mem:0.00M, Peak:0.00M | Scene, ViewLayer | Synchronizing object | GEO-FIXTURE-middle-0-1-GEO-carrier-1m-BEARING-bottom-0-0
Fra:1 Mem:103.50M (Peak 103.50M) | Time:00:00.07 | Mem:0.00M, Peak:0.00M | Scene, ViewLayer | Synchronizing object | GEO-FIXTURE-middle-0-1-GEO-carrier-1m-BEARING-top-0-0
Fra:1 Mem:103.50M (Peak 103.50M) | Time:00:00.07 | Mem:0.00M, Peak:0.00M | Scene, ViewLayer | Synchronizing object | GEO-FIXTURE-middle-0-1-GEO-carrier-1m-top-restraint-0-0-0.045
Fra:1 Mem:103.52M (Peak 103.52M) | Time:00:00.07 | Mem:0.00M, Peak:0.00M | Scene, ViewLayer | Synchronizing object | GEO-FIXTURE-middle-0-1-GEO-carrier-1m-top-restraint-0-0-0.94
Fra:1 Mem:103.53M (Peak 103.53M) | Time:00:00.07 | Mem:0.00M, Peak:0.00M | Scene, ViewLayer | Synchronizing object | GEO-FIXTURE-middle-0-1-GEO-carrier-1m-corner-post-0-0
Fra:1 Mem:103.55M (Peak 103.55M) | Time:00:00.07 | Mem:0.00M, Peak:0.00M | Scene, ViewLayer | Synchronizing object | GEO-FIXTURE-middle-0-1-GEO-carrier-1m-corner-shell-0-0
Fra:1 Mem:103.56M (Peak 103.56M) | Time:00:00.07 | Mem:0.00M, Peak:0.00M | Scene, ViewLayer | Synchronizing object | GEO-FIXTURE-middle-0-1-GEO-carrier-1m-corner-post-0-0.90625
Fra:1 Mem:103.57M (Peak 103.57M) | Time:00:00.07 | Mem:0.00M, Peak:0.00M | Scene, ViewLayer | Synchronizing object | GEO-FIXTURE-middle-0-1-GEO-carrier-1m-corner-shell-0-0.90625
Fra:1 Mem:103.59M (Peak 103.59M) | Time:00:00.07 | Mem:0.00M, Peak:0.00M | Scene, ViewLayer | Synchronizing object | GEO-FIXTURE-middle-0-1-GEO-carrier-1m-corner-post-0.90625-0
Fra:1 Mem:103.60M (Peak 103.60M) | Time:00:00.07 | Mem:0.00M, Peak:0.00M | Scene, ViewLayer | Synchronizing object | GEO-FIXTURE-middle-0-1-GEO-carrier-1m-corner-shell-0.90625-0
Fra:1 Mem:103.62M (Peak 103.62M) | Time:00:00.07 | Mem:0.00M, Peak:0.00M | Scene, ViewLayer | Synchronizing object | GEO-FIXTURE-middle-0-1-GEO-carrier-1m-corner-post-0.90625-0.906
Fra:1 Mem:103.63M (Peak 103.63M) | Time:00:00.07 | Mem:0.00M, Peak:0.00M | Scene, ViewLayer | Synchronizing object | GEO-FIXTURE-middle-0-1-GEO-carrier-1m-corner-shell-0.90625-0.90
Fra:1 Mem:103.64M (Peak 103.64M) | Time:00:00.07 | Mem:0.00M, Peak:0.00M | Scene, ViewLayer | Synchronizing object | GEO-FIXTURE-middle-0-1-GEO-carrier-1m-front-rail-0
Fra:1 Mem:103.66M (Peak 103.66M) | Time:00:00.07 | Mem:0.00M, Peak:0.00M | Scene, ViewLayer | Synchronizing object | GEO-FIXTURE-middle-0-1-GEO-carrier-1m-latch-0.15-0
Fra:1 Mem:103.67M (Peak 103.67M) | Time:00:00.07 | Mem:0.00M, Peak:0.00M | Scene, ViewLayer | Synchronizing object | GEO-FIXTURE-middle-0-1-GEO-carrier-1m-latch-grip-0.15-0
Fra:1 Mem:103.68M (Peak 103.68M) | Time:00:00.07 | Mem:0.00M, Peak:0.00M | Scene, ViewLayer | Synchronizing object | GEO-FIXTURE-middle-0-1-GEO-carrier-1m-latch-0.65-0
Fra:1 Mem:103.70M (Peak 103.70M) | Time:00:00.07 | Mem:0.00M, Peak:0.00M | Scene, ViewLayer | Synchronizing object | GEO-FIXTURE-middle-0-1-GEO-carrier-1m-latch-grip-0.65-0
Fra:1 Mem:103.71M (Peak 103.71M) | Time:00:00.07 | Mem:0.00M, Peak:0.00M | Scene, ViewLayer | Synchronizing object | GEO-FIXTURE-middle-0-1-GEO-carrier-1m-status-0
Fra:1 Mem:103.73M (Peak 103.73M) | Time:00:00.07 | Mem:0.00M, Peak:0.00M | Scene, ViewLayer | Synchronizing object | GEO-FIXTURE-middle-0-1-GEO-carrier-1m-front-rail-0.9375
Fra:1 Mem:103.74M (Peak 103.74M) | Time:00:00.07 | Mem:0.00M, Peak:0.00M | Scene, ViewLayer | Synchronizing object | GEO-FIXTURE-middle-0-1-GEO-carrier-1m-latch-0.15-0.9375
Fra:1 Mem:103.75M (Peak 103.75M) | Time:00:00.07 | Mem:0.00M, Peak:0.00M | Scene, ViewLayer | Synchronizing object | GEO-FIXTURE-middle-0-1-GEO-carrier-1m-latch-grip-0.15-0.9375
Fra:1 Mem:103.77M (Peak 103.77M) | Time:00:00.07 | Mem:0.00M, Peak:0.00M | Scene, ViewLayer | Synchronizing object | GEO-FIXTURE-middle-0-1-GEO-carrier-1m-latch-0.65-0.9375
Fra:1 Mem:103.78M (Peak 103.78M) | Time:00:00.07 | Mem:0.00M, Peak:0.00M | Scene, ViewLayer | Synchronizing object | GEO-FIXTURE-middle-0-1-GEO-carrier-1m-latch-grip-0.65-0.9375
Fra:1 Mem:103.80M (Peak 103.80M) | Time:00:00.07 | Mem:0.00M, Peak:0.00M | Scene, ViewLayer | Synchronizing object | GEO-FIXTURE-middle-0-1-GEO-carrier-1m-status-0.9375
Fra:1 Mem:103.81M (Peak 103.81M) | Time:00:00.07 | Mem:0.00M, Peak:0.00M | Scene, ViewLayer | Synchronizing object | GEO-FIXTURE-middle-0-1-GEO-carrier-1m-side-lower-rail-0
Fra:1 Mem:103.82M (Peak 103.82M) | Time:00:00.07 | Mem:0.00M, Peak:0.00M | Scene, ViewLayer | Synchronizing object | GEO-FIXTURE-middle-0-1-GEO-carrier-1m-side-upper-rail-0
Fra:1 Mem:103.84M (Peak 103.84M) | Time:00:00.07 | Mem:0.00M, Peak:0.00M | Scene, ViewLayer | Synchronizing object | GEO-FIXTURE-middle-0-1-GEO-carrier-1m-side-lower-rail-0.9375
Fra:1 Mem:103.85M (Peak 103.85M) | Time:00:00.07 | Mem:0.00M, Peak:0.00M | Scene, ViewLayer | Synchronizing object | GEO-FIXTURE-middle-0-1-GEO-carrier-1m-side-upper-rail-0.9375
Fra:1 Mem:103.87M (Peak 103.87M) | Time:00:00.07 | Mem:0.00M, Peak:0.00M | Scene, ViewLayer | Synchronizing object | GEO-FIXTURE-middle-1-0-GEO-carrier-1m-lower-deck
Fra:1 Mem:103.88M (Peak 103.88M) | Time:00:00.07 | Mem:0.00M, Peak:0.00M | Scene, ViewLayer | Synchronizing object | GEO-FIXTURE-middle-1-0-GEO-carrier-1m-upper-deck
Fra:1 Mem:103.89M (Peak 103.89M) | Time:00:00.07 | Mem:0.00M, Peak:0.00M | Scene, ViewLayer | Synchronizing object | GEO-FIXTURE-middle-1-0-GEO-carrier-1m-BEARING-bottom-0-0
Fra:1 Mem:103.89M (Peak 103.89M) | Time:00:00.07 | Mem:0.00M, Peak:0.00M | Scene, ViewLayer | Synchronizing object | GEO-FIXTURE-middle-1-0-GEO-carrier-1m-BEARING-top-0-0
Fra:1 Mem:103.90M (Peak 103.90M) | Time:00:00.07 | Mem:0.00M, Peak:0.00M | Scene, ViewLayer | Synchronizing object | GEO-FIXTURE-middle-1-0-GEO-carrier-1m-top-restraint-0-0-0.045
Fra:1 Mem:103.91M (Peak 103.91M) | Time:00:00.07 | Mem:0.00M, Peak:0.00M | Scene, ViewLayer | Synchronizing object | GEO-FIXTURE-middle-1-0-GEO-carrier-1m-top-restraint-0-0-0.94
Fra:1 Mem:103.92M (Peak 103.92M) | Time:00:00.07 | Mem:0.00M, Peak:0.00M | Scene, ViewLayer | Synchronizing object | GEO-FIXTURE-middle-1-0-GEO-carrier-1m-corner-post-0-0
Fra:1 Mem:103.96M (Peak 103.94M) | Time:00:00.07 | Mem:0.00M, Peak:0.00M | Scene, ViewLayer | Synchronizing object | NATIVE-FLOOR--1--1-GEO-part-a3f5c1c3caa171a94d6c--floor
Fra:1 Mem:103.94M (Peak 103.94M) | Time:00:00.07 | Mem:0.00M, Peak:0.00M | Scene, ViewLayer | Synchronizing object | GEO-FIXTURE-middle-1-0-GEO-carrier-1m-corner-shell-0-0
Fra:1 Mem:104.00M (Peak 104.00M) | Time:00:00.07 | Mem:0.00M, Peak:0.00M | Scene, ViewLayer | Synchronizing object | GEO-FIXTURE-middle-1-0-GEO-carrier-1m-corner-post-0-0.90625
Fra:1 Mem:103.98M (Peak 104.00M) | Time:00:00.07 | Mem:0.00M, Peak:0.00M | Scene, ViewLayer | Synchronizing object | GEO-FIXTURE-middle-1-0-GEO-carrier-1m-corner-shell-0-0.90625
Fra:1 Mem:104.02M (Peak 104.02M) | Time:00:00.07 | Mem:0.00M, Peak:0.00M | Scene, ViewLayer | Synchronizing object | GEO-FIXTURE-middle-1-0-GEO-carrier-1m-corner-post-0.90625-0
Fra:1 Mem:104.04M (Peak 104.04M) | Time:00:00.07 | Mem:0.00M, Peak:0.00M | Scene, ViewLayer | Synchronizing object | GEO-FIXTURE-middle-1-0-GEO-carrier-1m-corner-shell-0.90625-0
Fra:1 Mem:104.03M (Peak 104.04M) | Time:00:00.07 | Mem:0.00M, Peak:0.00M | Scene, ViewLayer | Synchronizing object | GEO-FIXTURE-middle-1-0-GEO-carrier-1m-corner-post-0.90625-0.906
Fra:1 Mem:104.03M (Peak 104.04M) | Time:00:00.07 | Mem:0.00M, Peak:0.00M | Scene, ViewLayer | Synchronizing object | RECEIVER-top-GEO-receiver-0.21-0.17-right
Fra:1 Mem:104.05M (Peak 104.05M) | Time:00:00.07 | Mem:0.00M, Peak:0.00M | Scene, ViewLayer | Synchronizing object | GEO-FIXTURE-middle-1-0-GEO-carrier-1m-corner-shell-0.90625-0.90
Fra:1 Mem:104.05M (Peak 104.05M) | Time:00:00.07 | Mem:0.00M, Peak:0.00M | Scene, ViewLayer | Synchronizing object | RECEIVER-top-GEO-receiver-0.21-0.17-rear
Fra:1 Mem:104.07M (Peak 104.07M) | Time:00:00.07 | Mem:0.00M, Peak:0.00M | Scene, ViewLayer | Synchronizing object | RECEIVER-top-GEO-receiver-0.21-0.17-left
Fra:1 Mem:104.07M (Peak 104.07M) | Time:00:00.07 | Mem:0.00M, Peak:0.00M | Scene, ViewLayer | Synchronizing object | GEO-FIXTURE-middle-1-0-GEO-carrier-1m-front-rail-0
Fra:1 Mem:104.07M (Peak 104.07M) | Time:00:00.07 | Mem:0.00M, Peak:0.00M | Scene, ViewLayer | Synchronizing object | RECEIVER-top-GEO-receiver-0.21-0.17-front
Fra:1 Mem:104.09M (Peak 104.09M) | Time:00:00.07 | Mem:0.00M, Peak:0.00M | Scene, ViewLayer | Synchronizing object | RECEIVER-top-GEO-receiver-0.21--0.17-right
Fra:1 Mem:104.08M (Peak 104.09M) | Time:00:00.07 | Mem:0.00M, Peak:0.00M | Scene, ViewLayer | Synchronizing object | GEO-FIXTURE-middle-1-0-GEO-carrier-1m-latch-0.15-0
Fra:1 Mem:104.10M (Peak 104.10M) | Time:00:00.07 | Mem:0.00M, Peak:0.00M | Scene, ViewLayer | Synchronizing object | RECEIVER-top-GEO-receiver-0.21--0.17-rear
Fra:1 Mem:104.09M (Peak 104.10M) | Time:00:00.07 | Mem:0.00M, Peak:0.00M | Scene, ViewLayer | Synchronizing object | GEO-FIXTURE-middle-1-0-GEO-carrier-1m-latch-grip-0.15-0
Fra:1 Mem:104.10M (Peak 104.10M) | Time:00:00.07 | Mem:0.00M, Peak:0.00M | Scene, ViewLayer | Synchronizing object | RECEIVER-top-GEO-receiver-0.21--0.17-left
Fra:1 Mem:104.12M (Peak 104.12M) | Time:00:00.07 | Mem:0.00M, Peak:0.00M | Scene, ViewLayer | Synchronizing object | RECEIVER-top-GEO-receiver-0.21--0.17-front
Fra:1 Mem:104.12M (Peak 104.12M) | Time:00:00.07 | Mem:0.00M, Peak:0.00M | Scene, ViewLayer | Synchronizing object | GEO-FIXTURE-middle-1-0-GEO-carrier-1m-latch-0.65-0
Fra:1 Mem:104.11M (Peak 104.12M) | Time:00:00.07 | Mem:0.00M, Peak:0.00M | Scene, ViewLayer | Synchronizing object | RECEIVER-top-GEO-receiver--0.21-0.17-right
Fra:1 Mem:104.14M (Peak 104.14M) | Time:00:00.07 | Mem:0.00M, Peak:0.00M | Scene, ViewLayer | Synchronizing object | RECEIVER-top-GEO-receiver--0.21-0.17-rear
Fra:1 Mem:104.13M (Peak 104.14M) | Time:00:00.07 | Mem:0.00M, Peak:0.00M | Scene, ViewLayer | Synchronizing object | GEO-FIXTURE-middle-1-0-GEO-carrier-1m-latch-grip-0.65-0
Fra:1 Mem:104.15M (Peak 104.15M) | Time:00:00.07 | Mem:0.00M, Peak:0.00M | Scene, ViewLayer | Synchronizing object | RECEIVER-top-GEO-receiver--0.21-0.17-left
Fra:1 Mem:104.14M (Peak 104.15M) | Time:00:00.07 | Mem:0.00M, Peak:0.00M | Scene, ViewLayer | Synchronizing object | RECEIVER-top-GEO-receiver--0.21-0.17-front
Fra:1 Mem:104.17M (Peak 104.17M) | Time:00:00.07 | Mem:0.00M, Peak:0.00M | Scene, ViewLayer | Synchronizing object | RECEIVER-top-GEO-receiver--0.21--0.17-right
Fra:1 Mem:104.16M (Peak 104.17M) | Time:00:00.07 | Mem:0.00M, Peak:0.00M | Scene, ViewLayer | Synchronizing object | GEO-FIXTURE-middle-1-0-GEO-carrier-1m-front-rail-0.9375
Fra:1 Mem:104.16M (Peak 104.17M) | Time:00:00.07 | Mem:0.00M, Peak:0.00M | Scene, ViewLayer | Synchronizing object | RECEIVER-top-GEO-receiver--0.21--0.17-rear
Fra:1 Mem:104.18M (Peak 104.18M) | Time:00:00.07 | Mem:0.00M, Peak:0.00M | Scene, ViewLayer | Synchronizing object | RECEIVER-top-GEO-receiver--0.21--0.17-left
Fra:1 Mem:104.18M (Peak 104.18M) | Time:00:00.07 | Mem:0.00M, Peak:0.00M | Scene, ViewLayer | Synchronizing object | GEO-FIXTURE-middle-1-0-GEO-carrier-1m-latch-0.15-0.9375
Fra:1 Mem:104.19M (Peak 104.19M) | Time:00:00.07 | Mem:0.00M, Peak:0.00M | Scene, ViewLayer | Synchronizing object | RECEIVER-top-GEO-receiver--0.21--0.17-front
Fra:1 Mem:104.19M (Peak 104.19M) | Time:00:00.07 | Mem:0.00M, Peak:0.00M | Scene, ViewLayer | Synchronizing object | RECEIVER-middle-1-1-GEO-receiver-0.21-0.17-right
Fra:1 Mem:104.19M (Peak 104.19M) | Time:00:00.07 | Mem:0.00M, Peak:0.00M | Scene, ViewLayer | Synchronizing object | GEO-FIXTURE-middle-1-0-GEO-carrier-1m-latch-grip-0.15-0.9375
Fra:1 Mem:104.20M (Peak 104.20M) | Time:00:00.07 | Mem:0.00M, Peak:0.00M | Scene, ViewLayer | Synchronizing object | RECEIVER-middle-1-1-GEO-receiver-0.21-0.17-rear
Fra:1 Mem:104.21M (Peak 104.21M) | Time:00:00.07 | Mem:0.00M, Peak:0.00M | Scene, ViewLayer | Synchronizing object | GEO-FIXTURE-middle-1-0-GEO-carrier-1m-latch-0.65-0.9375
Fra:1 Mem:104.20M (Peak 104.21M) | Time:00:00.07 | Mem:0.00M, Peak:0.00M | Scene, ViewLayer | Synchronizing object | RECEIVER-middle-1-1-GEO-receiver-0.21-0.17-left
Fra:1 Mem:104.24M (Peak 104.24M) | Time:00:00.07 | Mem:0.00M, Peak:0.00M | Scene, ViewLayer | Synchronizing object | RECEIVER-middle-1-1-GEO-receiver-0.21-0.17-front
Fra:1 Mem:104.23M (Peak 104.24M) | Time:00:00.07 | Mem:0.00M, Peak:0.00M | Scene, ViewLayer | Synchronizing object | GEO-FIXTURE-middle-1-0-GEO-carrier-1m-latch-grip-0.65-0.9375
Fra:1 Mem:104.23M (Peak 104.24M) | Time:00:00.07 | Mem:0.00M, Peak:0.00M | Scene, ViewLayer | Synchronizing object | RECEIVER-middle-1-1-GEO-receiver-0.21--0.17-right
Fra:1 Mem:104.25M (Peak 104.25M) | Time:00:00.07 | Mem:0.00M, Peak:0.00M | Scene, ViewLayer | Synchronizing object | RECEIVER-middle-1-1-GEO-receiver-0.21--0.17-rear
Fra:1 Mem:104.24M (Peak 104.25M) | Time:00:00.07 | Mem:0.00M, Peak:0.00M | Scene, ViewLayer | Synchronizing object | GEO-FIXTURE-middle-1-0-GEO-carrier-1m-status-0.9375
Fra:1 Mem:104.26M (Peak 104.26M) | Time:00:00.07 | Mem:0.00M, Peak:0.00M | Scene, ViewLayer | Synchronizing object | RECEIVER-middle-1-1-GEO-receiver-0.21--0.17-left
Fra:1 Mem:104.25M (Peak 104.26M) | Time:00:00.07 | Mem:0.00M, Peak:0.00M | Scene, ViewLayer | Synchronizing object | GEO-FIXTURE-middle-1-0-GEO-carrier-1m-side-lower-rail-0
Fra:1 Mem:104.25M (Peak 104.26M) | Time:00:00.07 | Mem:0.00M, Peak:0.00M | Scene, ViewLayer | Synchronizing object | RECEIVER-middle-1-1-GEO-receiver-0.21--0.17-front
Fra:1 Mem:104.28M (Peak 104.28M) | Time:00:00.07 | Mem:0.00M, Peak:0.00M | Scene, ViewLayer | Synchronizing object | RECEIVER-middle-1-1-GEO-receiver--0.21-0.17-right
Fra:1 Mem:104.27M (Peak 104.28M) | Time:00:00.07 | Mem:0.00M, Peak:0.00M | Scene, ViewLayer | Synchronizing object | GEO-FIXTURE-middle-1-0-GEO-carrier-1m-side-upper-rail-0
Fra:1 Mem:104.29M (Peak 104.29M) | Time:00:00.07 | Mem:0.00M, Peak:0.00M | Scene, ViewLayer | Synchronizing object | RECEIVER-middle-1-1-GEO-receiver--0.21-0.17-rear
Fra:1 Mem:104.28M (Peak 104.29M) | Time:00:00.07 | Mem:0.00M, Peak:0.00M | Scene, ViewLayer | Synchronizing object | RECEIVER-middle-1-1-GEO-receiver--0.21-0.17-left
Fra:1 Mem:104.32M (Peak 104.32M) | Time:00:00.07 | Mem:0.00M, Peak:0.00M | Scene, ViewLayer | Synchronizing object | RECEIVER-middle-1-1-GEO-receiver--0.21-0.17-front
Fra:1 Mem:104.31M (Peak 104.32M) | Time:00:00.07 | Mem:0.00M, Peak:0.00M | Scene, ViewLayer | Synchronizing object | GEO-FIXTURE-middle-1-0-GEO-carrier-1m-side-upper-rail-0.9375
Fra:1 Mem:104.32M (Peak 104.32M) | Time:00:00.07 | Mem:0.00M, Peak:0.00M | Scene, ViewLayer | Synchronizing object | RECEIVER-middle-1-1-GEO-receiver--0.21--0.17-right
Fra:1 Mem:104.31M (Peak 104.32M) | Time:00:00.07 | Mem:0.00M, Peak:0.00M | Scene, ViewLayer | Synchronizing object | RECEIVER-middle-1-1-GEO-receiver--0.21--0.17-rear
Fra:1 Mem:104.31M (Peak 104.32M) | Time:00:00.07 | Mem:0.00M, Peak:0.00M | Scene, ViewLayer | Synchronizing object | GEO-FIXTURE-middle-1-1-GEO-carrier-1m-lower-deck
Fra:1 Mem:104.33M (Peak 104.33M) | Time:00:00.07 | Mem:0.00M, Peak:0.00M | Scene, ViewLayer | Synchronizing object | RECEIVER-middle-1-1-GEO-receiver--0.21--0.17-left
Fra:1 Mem:104.34M (Peak 104.34M) | Time:00:00.07 | Mem:0.00M, Peak:0.00M | Scene, ViewLayer | Synchronizing object | GEO-FIXTURE-middle-1-1-GEO-carrier-1m-upper-deck
Fra:1 Mem:104.33M (Peak 104.34M) | Time:00:00.07 | Mem:0.00M, Peak:0.00M | Scene, ViewLayer | Synchronizing object | RECEIVER-middle-1-1-GEO-receiver--0.21--0.17-front
Fra:1 Mem:104.36M (Peak 104.36M) | Time:00:00.07 | Mem:0.00M, Peak:0.00M | Scene, ViewLayer | Synchronizing object | RECEIVER-middle-0-1-GEO-receiver-0.21-0.17-right
Fra:1 Mem:104.35M (Peak 104.36M) | Time:00:00.07 | Mem:0.00M, Peak:0.00M | Scene, ViewLayer | Synchronizing object | GEO-FIXTURE-middle-1-1-GEO-carrier-1m-BEARING-bottom-0-0
Fra:1 Mem:104.35M (Peak 104.36M) | Time:00:00.07 | Mem:0.00M, Peak:0.00M | Scene, ViewLayer | Synchronizing object | GEO-FIXTURE-middle-1-1-GEO-carrier-1m-BEARING-top-0-0
Fra:1 Mem:104.35M (Peak 104.36M) | Time:00:00.07 | Mem:0.00M, Peak:0.00M | Scene, ViewLayer | Synchronizing object | RECEIVER-middle-0-1-GEO-receiver-0.21-0.17-rear
Fra:1 Mem:104.35M (Peak 104.36M) | Time:00:00.07 | Mem:0.00M, Peak:0.00M | Scene, ViewLayer | Synchronizing object | GEO-FIXTURE-middle-1-1-GEO-carrier-1m-top-restraint-0-0-0.045
Fra:1 Mem:104.37M (Peak 104.37M) | Time:00:00.07 | Mem:0.00M, Peak:0.00M | Scene, ViewLayer | Synchronizing object | RECEIVER-middle-0-1-GEO-receiver-0.21-0.17-left
Fra:1 Mem:104.36M (Peak 104.37M) | Time:00:00.07 | Mem:0.00M, Peak:0.00M | Scene, ViewLayer | Synchronizing object | GEO-FIXTURE-middle-1-1-GEO-carrier-1m-top-restraint-0-0-0.94
Fra:1 Mem:104.37M (Peak 104.37M) | Time:00:00.07 | Mem:0.00M, Peak:0.00M | Scene, ViewLayer | Synchronizing object | RECEIVER-middle-0-1-GEO-receiver-0.21-0.17-front
Fra:1 Mem:104.39M (Peak 104.39M) | Time:00:00.07 | Mem:0.00M, Peak:0.00M | Scene, ViewLayer | Synchronizing object | RECEIVER-middle-0-1-GEO-receiver-0.21--0.17-right
Fra:1 Mem:104.39M (Peak 104.39M) | Time:00:00.07 | Mem:0.00M, Peak:0.00M | Scene, ViewLayer | Synchronizing object | GEO-FIXTURE-middle-1-1-GEO-carrier-1m-corner-post-0-0
Fra:1 Mem:104.40M (Peak 104.40M) | Time:00:00.07 | Mem:0.00M, Peak:0.00M | Scene, ViewLayer | Synchronizing object | RECEIVER-middle-0-1-GEO-receiver-0.21--0.17-rear
Fra:1 Mem:104.40M (Peak 104.40M) | Time:00:00.07 | Mem:0.00M, Peak:0.00M | Scene, ViewLayer | Synchronizing object | RECEIVER-middle-0-1-GEO-receiver-0.21--0.17-left
Fra:1 Mem:104.40M (Peak 104.40M) | Time:00:00.07 | Mem:0.00M, Peak:0.00M | Scene, ViewLayer | Synchronizing object | GEO-FIXTURE-middle-1-1-GEO-carrier-1m-corner-shell-0-0
Fra:1 Mem:104.42M (Peak 104.42M) | Time:00:00.07 | Mem:0.00M, Peak:0.00M | Scene, ViewLayer | Synchronizing object | RECEIVER-middle-0-1-GEO-receiver-0.21--0.17-front
Fra:1 Mem:104.41M (Peak 104.42M) | Time:00:00.07 | Mem:0.00M, Peak:0.00M | Scene, ViewLayer | Synchronizing object | RECEIVER-middle-0-1-GEO-receiver--0.21-0.17-right
Fra:1 Mem:104.41M (Peak 104.42M) | Time:00:00.07 | Mem:0.00M, Peak:0.00M | Scene, ViewLayer | Synchronizing object | GEO-FIXTURE-middle-1-1-GEO-carrier-1m-corner-post-0-0.90625
Fra:1 Mem:104.44M (Peak 104.44M) | Time:00:00.07 | Mem:0.00M, Peak:0.00M | Scene, ViewLayer | Synchronizing object | RECEIVER-middle-0-1-GEO-receiver--0.21-0.17-rear
Fra:1 Mem:104.43M (Peak 104.44M) | Time:00:00.07 | Mem:0.00M, Peak:0.00M | Scene, ViewLayer | Synchronizing object | GEO-FIXTURE-middle-1-1-GEO-carrier-1m-corner-shell-0-0.90625
Fra:1 Mem:104.43M (Peak 104.44M) | Time:00:00.07 | Mem:0.00M, Peak:0.00M | Scene, ViewLayer | Synchronizing object | RECEIVER-middle-0-1-GEO-receiver--0.21-0.17-left
Fra:1 Mem:104.45M (Peak 104.45M) | Time:00:00.07 | Mem:0.00M, Peak:0.00M | Scene, ViewLayer | Synchronizing object | RECEIVER-middle-0-1-GEO-receiver--0.21-0.17-front
Fra:1 Mem:104.45M (Peak 104.45M) | Time:00:00.07 | Mem:0.00M, Peak:0.00M | Scene, ViewLayer | Synchronizing object | GEO-FIXTURE-middle-1-1-GEO-carrier-1m-corner-post-0.90625-0
Fra:1 Mem:104.46M (Peak 104.46M) | Time:00:00.07 | Mem:0.00M, Peak:0.00M | Scene, ViewLayer | Synchronizing object | RECEIVER-middle-0-1-GEO-receiver--0.21--0.17-right
Fra:1 Mem:104.48M (Peak 104.48M) | Time:00:00.07 | Mem:0.00M, Peak:0.00M | Scene, ViewLayer | Synchronizing object | RECEIVER-middle-0-1-GEO-receiver--0.21--0.17-rear
Fra:1 Mem:104.46M (Peak 104.48M) | Time:00:00.07 | Mem:0.00M, Peak:0.00M | Scene, ViewLayer | Synchronizing object | GEO-FIXTURE-middle-1-1-GEO-carrier-1m-corner-shell-0.90625-0
Fra:1 Mem:104.49M (Peak 104.49M) | Time:00:00.07 | Mem:0.00M, Peak:0.00M | Scene, ViewLayer | Synchronizing object | RECEIVER-middle-0-1-GEO-receiver--0.21--0.17-left
Fra:1 Mem:104.48M (Peak 104.49M) | Time:00:00.07 | Mem:0.00M, Peak:0.00M | Scene, ViewLayer | Synchronizing object | RECEIVER-middle-0-1-GEO-receiver--0.21--0.17-front
Fra:1 Mem:104.48M (Peak 104.49M) | Time:00:00.07 | Mem:0.00M, Peak:0.00M | Scene, ViewLayer | Synchronizing object | GEO-FIXTURE-middle-1-1-GEO-carrier-1m-corner-post-0.90625-0.906
Fra:1 Mem:104.50M (Peak 104.50M) | Time:00:00.07 | Mem:0.00M, Peak:0.00M | Scene, ViewLayer | Synchronizing object | RECEIVER-middle-1-0-GEO-receiver-0.21-0.17-right
Fra:1 Mem:104.49M (Peak 104.50M) | Time:00:00.07 | Mem:0.00M, Peak:0.00M | Scene, ViewLayer | Synchronizing object | RECEIVER-middle-1-0-GEO-receiver-0.21-0.17-rear
Fra:1 Mem:104.50M (Peak 104.50M) | Time:00:00.07 | Mem:0.00M, Peak:0.00M | Scene, ViewLayer | Synchronizing object | GEO-FIXTURE-middle-1-1-GEO-carrier-1m-corner-shell-0.90625-0.90
Fra:1 Mem:104.52M (Peak 104.52M) | Time:00:00.07 | Mem:0.00M, Peak:0.00M | Scene, ViewLayer | Synchronizing object | RECEIVER-middle-1-0-GEO-receiver-0.21-0.17-left
Fra:1 Mem:104.51M (Peak 104.52M) | Time:00:00.07 | Mem:0.00M, Peak:0.00M | Scene, ViewLayer | Synchronizing object | GEO-FIXTURE-middle-1-1-GEO-carrier-1m-front-rail-0
Fra:1 Mem:104.51M (Peak 104.52M) | Time:00:00.07 | Mem:0.00M, Peak:0.00M | Scene, ViewLayer | Synchronizing object | RECEIVER-middle-1-0-GEO-receiver-0.21-0.17-front
Fra:1 Mem:104.54M (Peak 104.54M) | Time:00:00.07 | Mem:0.00M, Peak:0.00M | Scene, ViewLayer | Synchronizing object | RECEIVER-middle-1-0-GEO-receiver-0.21--0.17-right
Fra:1 Mem:104.53M (Peak 104.54M) | Time:00:00.07 | Mem:0.00M, Peak:0.00M | Scene, ViewLayer | Synchronizing object | GEO-FIXTURE-middle-1-1-GEO-carrier-1m-latch-0.15-0
Fra:1 Mem:104.54M (Peak 104.54M) | Time:00:00.07 | Mem:0.00M, Peak:0.00M | Scene, ViewLayer | Synchronizing object | RECEIVER-middle-1-0-GEO-receiver-0.21--0.17-rear
Fra:1 Mem:104.56M (Peak 104.56M) | Time:00:00.07 | Mem:0.00M, Peak:0.00M | Scene, ViewLayer | Synchronizing object | RECEIVER-middle-1-0-GEO-receiver-0.21--0.17-left
Fra:1 Mem:104.54M (Peak 104.56M) | Time:00:00.07 | Mem:0.00M, Peak:0.00M | Scene, ViewLayer | Synchronizing object | GEO-FIXTURE-middle-1-1-GEO-carrier-1m-latch-grip-0.15-0
Fra:1 Mem:104.55M (Peak 104.56M) | Time:00:00.07 | Mem:0.00M, Peak:0.00M | Scene, ViewLayer | Synchronizing object | RECEIVER-middle-1-0-GEO-receiver-0.21--0.17-front
Fra:1 Mem:104.56M (Peak 104.56M) | Time:00:00.07 | Mem:0.00M, Peak:0.00M | Scene, ViewLayer | Synchronizing object | GEO-FIXTURE-middle-1-1-GEO-carrier-1m-latch-0.65-0
Fra:1 Mem:104.56M (Peak 104.56M) | Time:00:00.07 | Mem:0.00M, Peak:0.00M | Scene, ViewLayer | Synchronizing object | RECEIVER-middle-1-0-GEO-receiver--0.21-0.17-right
Fra:1 Mem:104.58M (Peak 104.58M) | Time:00:00.07 | Mem:0.00M, Peak:0.00M | Scene, ViewLayer | Synchronizing object | RECEIVER-middle-1-0-GEO-receiver--0.21-0.17-rear
Fra:1 Mem:104.58M (Peak 104.58M) | Time:00:00.07 | Mem:0.00M, Peak:0.00M | Scene, ViewLayer | Synchronizing object | GEO-FIXTURE-middle-1-1-GEO-carrier-1m-latch-grip-0.65-0
Fra:1 Mem:104.59M (Peak 104.59M) | Time:00:00.07 | Mem:0.00M, Peak:0.00M | Scene, ViewLayer | Synchronizing object | RECEIVER-middle-1-0-GEO-receiver--0.21-0.17-left
Fra:1 Mem:104.61M (Peak 104.61M) | Time:00:00.07 | Mem:0.00M, Peak:0.00M | Scene, ViewLayer | Synchronizing object | RECEIVER-middle-1-0-GEO-receiver--0.21-0.17-front
Fra:1 Mem:104.59M (Peak 104.61M) | Time:00:00.07 | Mem:0.00M, Peak:0.00M | Scene, ViewLayer | Synchronizing object | GEO-FIXTURE-middle-1-1-GEO-carrier-1m-status-0
Fra:1 Mem:104.61M (Peak 104.61M) | Time:00:00.07 | Mem:0.00M, Peak:0.00M | Scene, ViewLayer | Synchronizing object | RECEIVER-middle-1-0-GEO-receiver--0.21--0.17-right
Fra:1 Mem:104.60M (Peak 104.61M) | Time:00:00.07 | Mem:0.00M, Peak:0.00M | Scene, ViewLayer | Synchronizing object | RECEIVER-middle-1-0-GEO-receiver--0.21--0.17-rear
Fra:1 Mem:104.64M (Peak 104.64M) | Time:00:00.07 | Mem:0.00M, Peak:0.00M | Scene, ViewLayer | Synchronizing object | RECEIVER-middle-1-0-GEO-receiver--0.21--0.17-left
Fra:1 Mem:104.63M (Peak 104.64M) | Time:00:00.07 | Mem:0.00M, Peak:0.00M | Scene, ViewLayer | Synchronizing object | GEO-FIXTURE-middle-1-1-GEO-carrier-1m-latch-0.15-0.9375
Fra:1 Mem:104.63M (Peak 104.64M) | Time:00:00.07 | Mem:0.00M, Peak:0.00M | Scene, ViewLayer | Synchronizing object | RECEIVER-middle-1-0-GEO-receiver--0.21--0.17-front
Fra:1 Mem:104.65M (Peak 104.65M) | Time:00:00.07 | Mem:0.00M, Peak:0.00M | Scene, ViewLayer | Synchronizing object | RECEIVER-middle-0-0-GEO-receiver-0.21-0.17-right
Fra:1 Mem:104.64M (Peak 104.65M) | Time:00:00.07 | Mem:0.00M, Peak:0.00M | Scene, ViewLayer | Synchronizing object | GEO-FIXTURE-middle-1-1-GEO-carrier-1m-latch-grip-0.15-0.9375
Fra:1 Mem:104.66M (Peak 104.66M) | Time:00:00.07 | Mem:0.00M, Peak:0.00M | Scene, ViewLayer | Synchronizing object | RECEIVER-middle-0-0-GEO-receiver-0.21-0.17-rear
Fra:1 Mem:104.65M (Peak 104.66M) | Time:00:00.07 | Mem:0.00M, Peak:0.00M | Scene, ViewLayer | Synchronizing object | GEO-FIXTURE-middle-1-1-GEO-carrier-1m-latch-0.65-0.9375
Fra:1 Mem:104.66M (Peak 104.66M) | Time:00:00.07 | Mem:0.00M, Peak:0.00M | Scene, ViewLayer | Synchronizing object | RECEIVER-middle-0-0-GEO-receiver-0.21-0.17-left
Fra:1 Mem:104.68M (Peak 104.68M) | Time:00:00.07 | Mem:0.00M, Peak:0.00M | Scene, ViewLayer | Synchronizing object | RECEIVER-middle-0-0-GEO-receiver-0.21-0.17-front
Fra:1 Mem:104.68M (Peak 104.68M) | Time:00:00.07 | Mem:0.00M, Peak:0.00M | Scene, ViewLayer | Synchronizing object | GEO-FIXTURE-middle-1-1-GEO-carrier-1m-latch-grip-0.65-0.9375
Fra:1 Mem:104.69M (Peak 104.69M) | Time:00:00.07 | Mem:0.00M, Peak:0.00M | Scene, ViewLayer | Synchronizing object | RECEIVER-middle-0-0-GEO-receiver-0.21--0.17-right
Fra:1 Mem:104.69M (Peak 104.69M) | Time:00:00.07 | Mem:0.00M, Peak:0.00M | Scene, ViewLayer | Synchronizing object | RECEIVER-middle-0-0-GEO-receiver-0.21--0.17-rear
Fra:1 Mem:104.69M (Peak 104.69M) | Time:00:00.07 | Mem:0.00M, Peak:0.00M | Scene, ViewLayer | Synchronizing object | GEO-FIXTURE-middle-1-1-GEO-carrier-1m-status-0.9375
Fra:1 Mem:104.71M (Peak 104.71M) | Time:00:00.07 | Mem:0.00M, Peak:0.00M | Scene, ViewLayer | Synchronizing object | RECEIVER-middle-0-0-GEO-receiver-0.21--0.17-left
Fra:1 Mem:104.71M (Peak 104.71M) | Time:00:00.07 | Mem:0.00M, Peak:0.00M | Scene, ViewLayer | Synchronizing object | GEO-FIXTURE-middle-1-1-GEO-carrier-1m-side-lower-rail-0
Fra:1 Mem:104.70M (Peak 104.71M) | Time:00:00.07 | Mem:0.00M, Peak:0.00M | Scene, ViewLayer | Synchronizing object | RECEIVER-middle-0-0-GEO-receiver-0.21--0.17-front
Fra:1 Mem:104.73M (Peak 104.73M) | Time:00:00.07 | Mem:0.00M, Peak:0.00M | Scene, ViewLayer | Synchronizing object | RECEIVER-middle-0-0-GEO-receiver--0.21-0.17-right
Fra:1 Mem:104.72M (Peak 104.73M) | Time:00:00.07 | Mem:0.00M, Peak:0.00M | Scene, ViewLayer | Synchronizing object | GEO-FIXTURE-middle-1-1-GEO-carrier-1m-side-upper-rail-0
Fra:1 Mem:104.74M (Peak 104.74M) | Time:00:00.07 | Mem:0.00M, Peak:0.00M | Scene, ViewLayer | Synchronizing object | RECEIVER-middle-0-0-GEO-receiver--0.21-0.17-rear
Fra:1 Mem:104.73M (Peak 104.74M) | Time:00:00.07 | Mem:0.00M, Peak:0.00M | Scene, ViewLayer | Synchronizing object | RECEIVER-middle-0-0-GEO-receiver--0.21-0.17-left
Fra:1 Mem:104.73M (Peak 104.74M) | Time:00:00.07 | Mem:0.00M, Peak:0.00M | Scene, ViewLayer | Synchronizing object | GEO-FIXTURE-middle-1-1-GEO-carrier-1m-side-lower-rail-0.9375
Fra:1 Mem:104.76M (Peak 104.76M) | Time:00:00.07 | Mem:0.00M, Peak:0.00M | Scene, ViewLayer | Synchronizing object | RECEIVER-middle-0-0-GEO-receiver--0.21-0.17-front
Fra:1 Mem:104.75M (Peak 104.76M) | Time:00:00.07 | Mem:0.00M, Peak:0.00M | Scene, ViewLayer | Synchronizing object | RECEIVER-middle-0-0-GEO-receiver--0.21--0.17-right
Fra:1 Mem:104.75M (Peak 104.76M) | Time:00:00.07 | Mem:0.00M, Peak:0.00M | Scene, ViewLayer | Synchronizing object | GEO-FIXTURE-middle-1-1-GEO-carrier-1m-side-upper-rail-0.9375
Fra:1 Mem:104.76M (Peak 104.76M) | Time:00:00.07 | Mem:0.00M, Peak:0.00M | Scene, ViewLayer | Synchronizing object | RECEIVER-middle-0-0-GEO-receiver--0.21--0.17-rear
Fra:1 Mem:104.77M (Peak 104.77M) | Time:00:00.07 | Mem:0.00M, Peak:0.00M | Scene, ViewLayer | Synchronizing object | GEO-FIXTURE-top-GEO-carrier-2m-lower-deck
Fra:1 Mem:104.77M (Peak 104.77M) | Time:00:00.07 | Mem:0.00M, Peak:0.00M | Scene, ViewLayer | Synchronizing object | RECEIVER-middle-0-0-GEO-receiver--0.21--0.17-left
Fra:1 Mem:104.79M (Peak 104.79M) | Time:00:00.07 | Mem:0.00M, Peak:0.00M | Scene, ViewLayer | Synchronizing object | RECEIVER-middle-0-0-GEO-receiver--0.21--0.17-front
Fra:1 Mem:104.78M (Peak 104.79M) | Time:00:00.07 | Mem:0.00M, Peak:0.00M | Scene, ViewLayer | Synchronizing object | GEO-FIXTURE-top-GEO-carrier-2m-upper-deck
Fra:1 Mem:104.80M (Peak 104.80M) | Time:00:00.07 | Mem:0.00M, Peak:0.00M | Scene, ViewLayer | Synchronizing object | RECEIVER-base-GEO-receiver-0.21-0.17-right
Fra:1 Mem:104.80M (Peak 104.80M) | Time:00:00.07 | Mem:0.00M, Peak:0.00M | Scene, ViewLayer | Synchronizing object | RECEIVER-base-GEO-receiver-0.21-0.17-rear
Fra:1 Mem:104.80M (Peak 104.80M) | Time:00:00.07 | Mem:0.00M, Peak:0.00M | Scene, ViewLayer | Synchronizing object | GEO-FIXTURE-top-GEO-carrier-2m-BEARING-bottom-0-0
Fra:1 Mem:104.81M (Peak 104.81M) | Time:00:00.07 | Mem:0.00M, Peak:0.00M | Scene, ViewLayer | Synchronizing object | GEO-FIXTURE-top-GEO-carrier-2m-BEARING-top-0-0
Fra:1 Mem:104.80M (Peak 104.81M) | Time:00:00.07 | Mem:0.00M, Peak:0.00M | Scene, ViewLayer | Synchronizing object | RECEIVER-base-GEO-receiver-0.21-0.17-left
Fra:1 Mem:104.80M (Peak 104.81M) | Time:00:00.07 | Mem:0.00M, Peak:0.00M | Scene, ViewLayer | Synchronizing object | GEO-FIXTURE-top-GEO-carrier-2m-top-restraint-0-0-0.045
Fra:1 Mem:104.83M (Peak 104.83M) | Time:00:00.07 | Mem:0.00M, Peak:0.00M | Scene, ViewLayer | Synchronizing object | RECEIVER-base-GEO-receiver-0.21-0.17-front
Fra:1 Mem:104.82M (Peak 104.83M) | Time:00:00.07 | Mem:0.00M, Peak:0.00M | Scene, ViewLayer | Synchronizing object | GEO-FIXTURE-top-GEO-carrier-2m-top-restraint-0-0-0.94
Fra:1 Mem:104.82M (Peak 104.83M) | Time:00:00.07 | Mem:0.00M, Peak:0.00M | Scene, ViewLayer | Synchronizing object | RECEIVER-base-GEO-receiver-0.21--0.17-right
Fra:1 Mem:104.85M (Peak 104.85M) | Time:00:00.07 | Mem:0.00M, Peak:0.00M | Scene, ViewLayer | Synchronizing object | RECEIVER-base-GEO-receiver-0.21--0.17-rear
Fra:1 Mem:104.83M (Peak 104.85M) | Time:00:00.07 | Mem:0.00M, Peak:0.00M | Scene, ViewLayer | Synchronizing object | GEO-FIXTURE-top-GEO-carrier-2m-BEARING-bottom-0-1
Fra:1 Mem:104.84M (Peak 104.85M) | Time:00:00.07 | Mem:0.00M, Peak:0.00M | Scene, ViewLayer | Synchronizing object | GEO-FIXTURE-top-GEO-carrier-2m-BEARING-top-0-1
Fra:1 Mem:104.83M (Peak 104.85M) | Time:00:00.07 | Mem:0.00M, Peak:0.00M | Scene, ViewLayer | Synchronizing object | RECEIVER-base-GEO-receiver-0.21--0.17-left
Fra:1 Mem:104.83M (Peak 104.85M) | Time:00:00.07 | Mem:0.00M, Peak:0.00M | Scene, ViewLayer | Synchronizing object | GEO-FIXTURE-top-GEO-carrier-2m-top-restraint-0-1-1.045
Fra:1 Mem:104.85M (Peak 104.85M) | Time:00:00.07 | Mem:0.00M, Peak:0.00M | Scene, ViewLayer | Synchronizing object | RECEIVER-base-GEO-receiver-0.21--0.17-front
Fra:1 Mem:104.86M (Peak 104.86M) | Time:00:00.07 | Mem:0.00M, Peak:0.00M | Scene, ViewLayer | Synchronizing object | GEO-FIXTURE-top-GEO-carrier-2m-top-restraint-0-1-1.94
Fra:1 Mem:104.85M (Peak 104.86M) | Time:00:00.07 | Mem:0.00M, Peak:0.00M | Scene, ViewLayer | Synchronizing object | RECEIVER-base-GEO-receiver--0.21-0.17-right
Fra:1 Mem:104.88M (Peak 104.88M) | Time:00:00.07 | Mem:0.00M, Peak:0.00M | Scene, ViewLayer | Synchronizing object | RECEIVER-base-GEO-receiver--0.21-0.17-rear
Fra:1 Mem:104.87M (Peak 104.88M) | Time:00:00.07 | Mem:0.00M, Peak:0.00M | Scene, ViewLayer | Synchronizing object | GEO-FIXTURE-top-GEO-carrier-2m-BEARING-bottom-1-0
Fra:1 Mem:104.87M (Peak 104.88M) | Time:00:00.07 | Mem:0.00M, Peak:0.00M | Scene, ViewLayer | Synchronizing object | GEO-FIXTURE-top-GEO-carrier-2m-BEARING-top-1-0
Fra:1 Mem:104.87M (Peak 104.88M) | Time:00:00.07 | Mem:0.00M, Peak:0.00M | Scene, ViewLayer | Synchronizing object | RECEIVER-base-GEO-receiver--0.21-0.17-left
Fra:1 Mem:104.87M (Peak 104.88M) | Time:00:00.07 | Mem:0.00M, Peak:0.00M | Scene, ViewLayer | Synchronizing object | GEO-FIXTURE-top-GEO-carrier-2m-top-restraint-1-0-0.045
Fra:1 Mem:104.89M (Peak 104.89M) | Time:00:00.07 | Mem:0.00M, Peak:0.00M | Scene, ViewLayer | Synchronizing object | RECEIVER-base-GEO-receiver--0.21-0.17-front
Fra:1 Mem:104.88M (Peak 104.89M) | Time:00:00.07 | Mem:0.00M, Peak:0.00M | Scene, ViewLayer | Synchronizing object | RECEIVER-base-GEO-receiver--0.21--0.17-right
Fra:1 Mem:104.89M (Peak 104.89M) | Time:00:00.07 | Mem:0.00M, Peak:0.00M | Scene, ViewLayer | Synchronizing object | GEO-FIXTURE-top-GEO-carrier-2m-top-restraint-1-0-0.94
Fra:1 Mem:104.91M (Peak 104.91M) | Time:00:00.07 | Mem:0.00M, Peak:0.00M | Scene, ViewLayer | Synchronizing object | RECEIVER-base-GEO-receiver--0.21--0.17-rear
Fra:1 Mem:104.90M (Peak 104.91M) | Time:00:00.07 | Mem:0.00M, Peak:0.00M | Scene, ViewLayer | Synchronizing object | GEO-FIXTURE-top-GEO-carrier-2m-BEARING-bottom-1-1
Fra:1 Mem:104.90M (Peak 104.91M) | Time:00:00.07 | Mem:0.00M, Peak:0.00M | Scene, ViewLayer | Synchronizing object | RECEIVER-base-GEO-receiver--0.21--0.17-left
Fra:1 Mem:104.90M (Peak 104.91M) | Time:00:00.07 | Mem:0.00M, Peak:0.00M | Scene, ViewLayer | Synchronizing object | GEO-FIXTURE-top-GEO-carrier-2m-BEARING-top-1-1
Fra:1 Mem:104.91M (Peak 104.91M) | Time:00:00.07 | Mem:0.00M, Peak:0.00M | Scene, ViewLayer | Synchronizing object | GEO-FIXTURE-top-GEO-carrier-2m-top-restraint-1-1-1.045
Fra:1 Mem:104.91M (Peak 104.91M) | Time:00:00.07 | Mem:0.00M, Peak:0.00M | Scene, ViewLayer | Synchronizing object | RECEIVER-base-GEO-receiver--0.21--0.17-front
Fra:1 Mem:104.93M (Peak 104.93M) | Time:00:00.07 | Mem:0.00M, Peak:0.00M | Scene, ViewLayer | Synchronizing object | PAYLOAD-top-GEO-fixed-rear-hinge-saddle.003--export
Fra:1 Mem:104.92M (Peak 104.93M) | Time:00:00.07 | Mem:0.00M, Peak:0.00M | Scene, ViewLayer | Synchronizing object | GEO-FIXTURE-top-GEO-carrier-2m-top-restraint-1-1-1.94
Fra:1 Mem:104.96M (Peak 104.96M) | Time:00:00.07 | Mem:0.00M, Peak:0.00M | Scene, ViewLayer | Synchronizing object | GEO-FIXTURE-top-GEO-carrier-2m-corner-post-0-0
Fra:1 Mem:104.98M (Peak 104.98M) | Time:00:00.07 | Mem:0.00M, Peak:0.00M | Scene, ViewLayer | Synchronizing object | PAYLOAD-top-GEO-fixed-rear-hinge-saddle.002--export
Fra:1 Mem:104.96M (Peak 104.98M) | Time:00:00.07 | Mem:0.00M, Peak:0.00M | Scene, ViewLayer | Synchronizing object | GEO-FIXTURE-top-GEO-carrier-2m-corner-shell-0-0
Fra:1 Mem:105.01M (Peak 105.01M) | Time:00:00.07 | Mem:0.00M, Peak:0.00M | Scene, ViewLayer | Synchronizing object | GEO-FIXTURE-top-GEO-carrier-2m-corner-post-0-1.90625
Fra:1 Mem:105.01M (Peak 105.01M) | Time:00:00.07 | Mem:0.00M, Peak:0.00M | Scene, ViewLayer | Synchronizing object | PAYLOAD-top-GEO-fixed-rear-hinge-saddle.001--export
Fra:1 Mem:105.03M (Peak 105.03M) | Time:00:00.07 | Mem:0.00M, Peak:0.00M | Scene, ViewLayer | Synchronizing object | GEO-FIXTURE-top-GEO-carrier-2m-corner-shell-0-1.90625
Fra:1 Mem:105.03M (Peak 105.03M) | Time:00:00.07 | Mem:0.00M, Peak:0.00M | Scene, ViewLayer | Synchronizing object | PAYLOAD-top-GEO-fixed-rear-hinge-saddle--export
Fra:1 Mem:105.03M (Peak 105.03M) | Time:00:00.07 | Mem:0.00M, Peak:0.00M | Scene, ViewLayer | Synchronizing object | GEO-FIXTURE-top-GEO-carrier-2m-corner-post-1.90625-0
Fra:1 Mem:105.08M (Peak 105.08M) | Time:00:00.07 | Mem:0.00M, Peak:0.00M | Scene, ViewLayer | Synchronizing object | GEO-FIXTURE-top-GEO-carrier-2m-corner-shell-1.90625-0
Fra:1 Mem:105.07M (Peak 105.08M) | Time:00:00.07 | Mem:0.00M, Peak:0.00M | Scene, ViewLayer | Synchronizing object | PAYLOAD-top-GEO-lid-latch-connecting-bridge.001--export
Fra:1 Mem:105.09M (Peak 105.09M) | Time:00:00.07 | Mem:0.00M, Peak:0.00M | Scene, ViewLayer | Synchronizing object | GEO-FIXTURE-top-GEO-carrier-2m-corner-post-1.90625-1.90625
Fra:1 Mem:105.12M (Peak 105.12M) | Time:00:00.07 | Mem:0.00M, Peak:0.00M | Scene, ViewLayer | Synchronizing object | GEO-FIXTURE-top-GEO-carrier-2m-corner-shell-1.90625-1.90625
Fra:1 Mem:105.10M (Peak 105.12M) | Time:00:00.07 | Mem:0.00M, Peak:0.00M | Scene, ViewLayer | Synchronizing object | PAYLOAD-top-GEO-lid-latch-connecting-bridge--export
Fra:1 Mem:105.14M (Peak 105.14M) | Time:00:00.07 | Mem:0.00M, Peak:0.00M | Scene, ViewLayer | Synchronizing object | GEO-FIXTURE-top-GEO-carrier-2m-front-rail-0
Fra:1 Mem:105.15M (Peak 105.15M) | Time:00:00.07 | Mem:0.00M, Peak:0.00M | Scene, ViewLayer | Synchronizing object | PAYLOAD-top-GEO-inset-lid-gasket.003--export
Fra:1 Mem:105.13M (Peak 105.15M) | Time:00:00.07 | Mem:0.00M, Peak:0.00M | Scene, ViewLayer | Synchronizing object | GEO-FIXTURE-top-GEO-carrier-2m-latch-0.15-0
Fra:1 Mem:105.19M (Peak 105.19M) | Time:00:00.07 | Mem:0.00M, Peak:0.00M | Scene, ViewLayer | Synchronizing object | GEO-FIXTURE-top-GEO-carrier-2m-latch-grip-0.15-0
Fra:1 Mem:105.19M (Peak 105.19M) | Time:00:00.07 | Mem:0.00M, Peak:0.00M | Scene, ViewLayer | Synchronizing object | PAYLOAD-top-GEO-lid-support-ledge.003--export
Fra:1 Mem:105.18M (Peak 105.19M) | Time:00:00.07 | Mem:0.00M, Peak:0.00M | Scene, ViewLayer | Synchronizing object | GEO-FIXTURE-top-GEO-carrier-2m-latch-1.65-0
Fra:1 Mem:105.22M (Peak 105.22M) | Time:00:00.07 | Mem:0.00M, Peak:0.00M | Scene, ViewLayer | Synchronizing object | GEO-FIXTURE-top-GEO-carrier-2m-latch-grip-1.65-0
Fra:1 Mem:105.20M (Peak 105.22M) | Time:00:00.07 | Mem:0.00M, Peak:0.00M | Scene, ViewLayer | Synchronizing object | PAYLOAD-top-GEO-inset-lid-gasket.002--export
Fra:1 Mem:105.23M (Peak 105.23M) | Time:00:00.07 | Mem:0.00M, Peak:0.00M | Scene, ViewLayer | Synchronizing object | GEO-FIXTURE-top-GEO-carrier-2m-status-0
Fra:1 Mem:105.26M (Peak 105.26M) | Time:00:00.07 | Mem:0.00M, Peak:0.00M | Scene, ViewLayer | Synchronizing object | PAYLOAD-top-GEO-lid-support-ledge.002--export
Fra:1 Mem:105.24M (Peak 105.26M) | Time:00:00.07 | Mem:0.00M, Peak:0.00M | Scene, ViewLayer | Synchronizing object | GEO-FIXTURE-top-GEO-carrier-2m-front-rail-1.9375
Fra:1 Mem:105.29M (Peak 105.29M) | Time:00:00.07 | Mem:0.00M, Peak:0.00M | Scene, ViewLayer | Synchronizing object | GEO-FIXTURE-top-GEO-carrier-2m-latch-0.15-1.9375
Fra:1 Mem:105.27M (Peak 105.29M) | Time:00:00.07 | Mem:0.00M, Peak:0.00M | Scene, ViewLayer | Synchronizing object | PAYLOAD-top-GEO-inset-lid-gasket.001--export
Fra:1 Mem:105.30M (Peak 105.30M) | Time:00:00.07 | Mem:0.00M, Peak:0.00M | Scene, ViewLayer | Synchronizing object | GEO-FIXTURE-top-GEO-carrier-2m-latch-grip-0.15-1.9375
Fra:1 Mem:105.32M (Peak 105.32M) | Time:00:00.07 | Mem:0.00M, Peak:0.00M | Scene, ViewLayer | Synchronizing object | PAYLOAD-top-GEO-lid-support-ledge.001--export
Fra:1 Mem:105.31M (Peak 105.32M) | Time:00:00.07 | Mem:0.00M, Peak:0.00M | Scene, ViewLayer | Synchronizing object | GEO-FIXTURE-top-GEO-carrier-2m-latch-1.65-1.9375
Fra:1 Mem:105.35M (Peak 105.35M) | Time:00:00.07 | Mem:0.00M, Peak:0.00M | Scene, ViewLayer | Synchronizing object | GEO-FIXTURE-top-GEO-carrier-2m-latch-grip-1.65-1.9375
Fra:1 Mem:105.35M (Peak 105.35M) | Time:00:00.07 | Mem:0.00M, Peak:0.00M | Scene, ViewLayer | Synchronizing object | PAYLOAD-top-GEO-inset-lid-gasket--export
Fra:1 Mem:105.38M (Peak 105.38M) | Time:00:00.07 | Mem:0.00M, Peak:0.00M | Scene, ViewLayer | Synchronizing object | GEO-FIXTURE-top-GEO-carrier-2m-status-1.9375
Fra:1 Mem:105.39M (Peak 105.39M) | Time:00:00.07 | Mem:0.00M, Peak:0.00M | Scene, ViewLayer | Synchronizing object | PAYLOAD-top-GEO-lid-support-ledge--export
Fra:1 Mem:105.38M (Peak 105.39M) | Time:00:00.07 | Mem:0.00M, Peak:0.00M | Scene, ViewLayer | Synchronizing object | GEO-FIXTURE-top-GEO-carrier-2m-side-lower-rail-0
Fra:1 Mem:105.43M (Peak 105.43M) | Time:00:00.07 | Mem:0.00M, Peak:0.00M | Scene, ViewLayer | Synchronizing object | GEO-FIXTURE-top-GEO-carrier-2m-side-upper-rail-0
Fra:1 Mem:105.42M (Peak 105.43M) | Time:00:00.07 | Mem:0.00M, Peak:0.00M | Scene, ViewLayer | Synchronizing object | PAYLOAD-top-GEO-fixed-top-frame.003--export
Fra:1 Mem:105.45M (Peak 105.45M) | Time:00:00.07 | Mem:0.00M, Peak:0.00M | Scene, ViewLayer | Synchronizing object | GEO-FIXTURE-top-GEO-carrier-2m-side-lower-rail-1.9375
Fra:1 Mem:105.46M (Peak 105.46M) | Time:00:00.07 | Mem:0.00M, Peak:0.00M | Scene, ViewLayer | Synchronizing object | PAYLOAD-top-GEO-fixed-top-frame.002--export
Fra:1 Mem:105.44M (Peak 105.46M) | Time:00:00.07 | Mem:0.00M, Peak:0.00M | Scene, ViewLayer | Synchronizing object | GEO-FIXTURE-top-GEO-carrier-2m-side-upper-rail-1.9375
Fra:1 Mem:105.49M (Peak 105.49M) | Time:00:00.07 | Mem:0.00M, Peak:0.00M | Scene, ViewLayer | Synchronizing object | GEO-FIXTURE-top-GEO-carrier-2m-intermediate-post-0-0.953125
Fra:1 Mem:105.47M (Peak 105.49M) | Time:00:00.07 | Mem:0.00M, Peak:0.00M | Scene, ViewLayer | Synchronizing object | PAYLOAD-top-GEO-fixed-top-frame.001--export
Fra:1 Mem:105.52M (Peak 105.52M) | Time:00:00.07 | Mem:0.00M, Peak:0.00M | Scene, ViewLayer | Synchronizing object | GEO-FIXTURE-top-GEO-carrier-2m-intermediate-post-1.90625-0.9531
Fra:1 Mem:105.51M (Peak 105.52M) | Time:00:00.07 | Mem:0.00M, Peak:0.00M | Scene, ViewLayer | Synchronizing object | PAYLOAD-top-GEO-fixed-top-frame--export
Fra:1 Mem:105.51M (Peak 105.52M) | Time:00:00.07 | Mem:0.00M, Peak:0.00M | Scene, ViewLayer | Synchronizing object | GEO-FIXTURE-top-GEO-carrier-2m-intermediate-post-0.953125-0
Fra:1 Mem:105.56M (Peak 105.56M) | Time:00:00.07 | Mem:0.00M, Peak:0.00M | Scene, ViewLayer | Synchronizing object | GEO-FIXTURE-top-GEO-carrier-2m-intermediate-post-0.953125-1.906
Fra:1 Mem:105.54M (Peak 105.56M) | Time:00:00.07 | Mem:0.00M, Peak:0.00M | Scene, ViewLayer | Synchronizing object | PAYLOAD-top-GEO-marking-STA / S--export
Fra:1 Mem:105.58M (Peak 105.58M) | Time:00:00.07 | Mem:0.00M, Peak:0.00M | Scene, ViewLayer | Synchronizing object | PAYLOAD-base-GEO-load-skid--export
Fra:1 Mem:105.84M (Peak 105.84M) | Time:00:00.07 | Mem:0.00M, Peak:0.00M | Scene, ViewLayer | Synchronizing object | PAYLOAD-base-GEO-load-skid.001--export
Fra:1 Mem:105.74M (Peak 105.84M) | Time:00:00.07 | Mem:0.00M, Peak:0.00M | Scene, ViewLayer | Synchronizing object | PAYLOAD-base-GEO-crossmember--export
Fra:1 Mem:105.77M (Peak 105.84M) | Time:00:00.07 | Mem:0.00M, Peak:0.00M | Scene, ViewLayer | Synchronizing object | PAYLOAD-base-GEO-crossmember.001--export
Fra:1 Mem:105.92M (Peak 105.92M) | Time:00:00.07 | Mem:0.00M, Peak:0.00M | Scene, ViewLayer | Synchronizing object | PAYLOAD-base-GEO-40mm-locating-foot--export
Fra:1 Mem:105.93M (Peak 105.93M) | Time:00:00.07 | Mem:0.00M, Peak:0.00M | Scene, ViewLayer | Synchronizing object | PAYLOAD-base-GEO-40mm-locating-foot.001--export
Fra:1 Mem:105.93M (Peak 105.93M) | Time:00:00.07 | Mem:0.00M, Peak:0.00M | Scene, ViewLayer | Synchronizing object | PAYLOAD-base-GEO-40mm-locating-foot.002--export
Fra:1 Mem:105.79M (Peak 105.93M) | Time:00:00.07 | Mem:0.00M, Peak:0.00M | Scene, ViewLayer | Synchronizing object | PAYLOAD-top-GEO-44mm-clear-stack-receiver.015--export
Fra:1 Mem:105.76M (Peak 105.93M) | Time:00:00.07 | Mem:0.00M, Peak:0.00M | Scene, ViewLayer | Synchronizing object | PAYLOAD-base-GEO-40mm-locating-foot.003--export
Fra:1 Mem:105.79M (Peak 105.93M) | Time:00:00.07 | Mem:0.00M, Peak:0.00M | Scene, ViewLayer | Synchronizing object | PAYLOAD-base-GEO-sealed-floor--export
Fra:1 Mem:105.79M (Peak 105.93M) | Time:00:00.07 | Mem:0.00M, Peak:0.00M | Scene, ViewLayer | Synchronizing object | PAYLOAD-top-GEO-44mm-clear-stack-receiver.014--export
Fra:1 Mem:105.83M (Peak 105.93M) | Time:00:00.07 | Mem:0.00M, Peak:0.00M | Scene, ViewLayer | Synchronizing object | PAYLOAD-base-GEO-closed-side-wall--export
Fra:1 Mem:105.82M (Peak 105.93M) | Time:00:00.07 | Mem:0.00M, Peak:0.00M | Scene, ViewLayer | Synchronizing object | PAYLOAD-top-GEO-44mm-clear-stack-receiver.013--export
Fra:1 Mem:105.87M (Peak 105.93M) | Time:00:00.07 | Mem:0.00M, Peak:0.00M | Scene, ViewLayer | Synchronizing object | PAYLOAD-base-GEO-closed-side-wall.001--export
Fra:1 Mem:105.87M (Peak 105.93M) | Time:00:00.07 | Mem:0.00M, Peak:0.00M | Scene, ViewLayer | Synchronizing object | PAYLOAD-top-GEO-44mm-clear-stack-receiver.012--export
Fra:1 Mem:105.90M (Peak 105.93M) | Time:00:00.07 | Mem:0.00M, Peak:0.00M | Scene, ViewLayer | Synchronizing object | PAYLOAD-base-GEO-closed-rear-wall--export
Fra:1 Mem:105.90M (Peak 105.93M) | Time:00:00.07 | Mem:0.00M, Peak:0.00M | Scene, ViewLayer | Synchronizing object | PAYLOAD-top-GEO-stack-receiver-base.003--export
Fra:1 Mem:105.93M (Peak 105.93M) | Time:00:00.07 | Mem:0.00M, Peak:0.00M | Scene, ViewLayer | Synchronizing object | PAYLOAD-base-GEO-closed-front-wall--export
Fra:1 Mem:105.93M (Peak 105.93M) | Time:00:00.07 | Mem:0.00M, Peak:0.00M | Scene, ViewLayer | Synchronizing object | PAYLOAD-top-GEO-44mm-clear-stack-receiver.011--export
Fra:1 Mem:105.96M (Peak 105.96M) | Time:00:00.07 | Mem:0.00M, Peak:0.00M | Scene, ViewLayer | Synchronizing object | PAYLOAD-base-GEO-corner-load-column--export
Fra:1 Mem:105.96M (Peak 105.96M) | Time:00:00.07 | Mem:0.00M, Peak:0.00M | Scene, ViewLayer | Synchronizing object | PAYLOAD-top-GEO-44mm-clear-stack-receiver.010--export
Fra:1 Mem:105.99M (Peak 105.99M) | Time:00:00.07 | Mem:0.00M, Peak:0.00M | Scene, ViewLayer | Synchronizing object | PAYLOAD-base-GEO-stepped-corner-armor--export
Fra:1 Mem:105.99M (Peak 105.99M) | Time:00:00.07 | Mem:0.00M, Peak:0.00M | Scene, ViewLayer | Synchronizing object | PAYLOAD-top-GEO-44mm-clear-stack-receiver.009--export
Fra:1 Mem:106.02M (Peak 106.02M) | Time:00:00.07 | Mem:0.00M, Peak:0.00M | Scene, ViewLayer | Synchronizing object | PAYLOAD-base-GEO-stepped-corner-armor.001--export
Fra:1 Mem:106.01M (Peak 106.02M) | Time:00:00.07 | Mem:0.00M, Peak:0.00M | Scene, ViewLayer | Synchronizing object | PAYLOAD-top-GEO-44mm-clear-stack-receiver.008--export
Fra:1 Mem:106.04M (Peak 106.04M) | Time:00:00.07 | Mem:0.00M, Peak:0.00M | Scene, ViewLayer | Synchronizing object | PAYLOAD-base-GEO-corner-load-column.001--export
Fra:1 Mem:106.05M (Peak 106.05M) | Time:00:00.07 | Mem:0.00M, Peak:0.00M | Scene, ViewLayer | Synchronizing object | PAYLOAD-top-GEO-stack-receiver-base.002--export
Fra:1 Mem:106.06M (Peak 106.06M) | Time:00:00.07 | Mem:0.00M, Peak:0.00M | Scene, ViewLayer | Synchronizing object | PAYLOAD-base-GEO-stepped-corner-armor.002--export
Fra:1 Mem:106.08M (Peak 106.08M) | Time:00:00.07 | Mem:0.00M, Peak:0.00M | Scene, ViewLayer | Synchronizing object | PAYLOAD-top-GEO-44mm-clear-stack-receiver.007--export
Fra:1 Mem:106.08M (Peak 106.08M) | Time:00:00.07 | Mem:0.00M, Peak:0.00M | Scene, ViewLayer | Synchronizing object | PAYLOAD-base-GEO-stepped-corner-armor.003--export
Fra:1 Mem:106.10M (Peak 106.10M) | Time:00:00.07 | Mem:0.00M, Peak:0.00M | Scene, ViewLayer | Synchronizing object | PAYLOAD-top-GEO-44mm-clear-stack-receiver.006--export
Fra:1 Mem:106.13M (Peak 106.13M) | Time:00:00.07 | Mem:0.00M, Peak:0.00M | Scene, ViewLayer | Synchronizing object | PAYLOAD-base-GEO-corner-load-column.002--export
Fra:1 Mem:106.13M (Peak 106.13M) | Time:00:00.07 | Mem:0.00M, Peak:0.00M | Scene, ViewLayer | Synchronizing object | PAYLOAD-top-GEO-44mm-clear-stack-receiver.005--export
Fra:1 Mem:106.15M (Peak 106.15M) | Time:00:00.07 | Mem:0.00M, Peak:0.00M | Scene, ViewLayer | Synchronizing object | PAYLOAD-base-GEO-stepped-corner-armor.004--export
Fra:1 Mem:106.16M (Peak 106.16M) | Time:00:00.07 | Mem:0.00M, Peak:0.00M | Scene, ViewLayer | Synchronizing object | PAYLOAD-base-GEO-stepped-corner-armor.005--export
Fra:1 Mem:106.17M (Peak 106.17M) | Time:00:00.07 | Mem:0.00M, Peak:0.00M | Scene, ViewLayer | Synchronizing object | PAYLOAD-base-GEO-corner-load-column.003--export
Fra:1 Mem:106.19M (Peak 106.19M) | Time:00:00.07 | Mem:0.00M, Peak:0.00M | Scene, ViewLayer | Synchronizing object | PAYLOAD-base-GEO-stepped-corner-armor.006--export
Fra:1 Mem:106.20M (Peak 106.20M) | Time:00:00.07 | Mem:0.00M, Peak:0.00M | Scene, ViewLayer | Synchronizing object | PAYLOAD-base-GEO-stepped-corner-armor.007--export
Fra:1 Mem:106.22M (Peak 106.22M) | Time:00:00.07 | Mem:0.00M, Peak:0.00M | Scene, ViewLayer | Synchronizing object | PAYLOAD-base-GEO-opening-layered-lid--export
Fra:1 Mem:106.23M (Peak 106.23M) | Time:00:00.07 | Mem:0.00M, Peak:0.00M | Scene, ViewLayer | Synchronizing object | PAYLOAD-base-GEO-lid-shoulder-band--export
Fra:1 Mem:106.25M (Peak 106.25M) | Time:00:00.07 | Mem:0.00M, Peak:0.00M | Scene, ViewLayer | Synchronizing object | PAYLOAD-base-GEO-lid-shoulder-band.001--export
Fra:1 Mem:106.26M (Peak 106.26M) | Time:00:00.07 | Mem:0.00M, Peak:0.00M | Scene, ViewLayer | Synchronizing object | PAYLOAD-base-GEO-lid-recess-base--export
Fra:1 Mem:106.27M (Peak 106.27M) | Time:00:00.07 | Mem:0.00M, Peak:0.00M | Scene, ViewLayer | Synchronizing object | PAYLOAD-base-GEO-lid-fitted-cap--export
Fra:1 Mem:106.29M (Peak 106.29M) | Time:00:00.07 | Mem:0.00M, Peak:0.00M | Scene, ViewLayer | Synchronizing object | PAYLOAD-base-GEO-lid-cap-end-step--export
Fra:1 Mem:106.30M (Peak 106.30M) | Time:00:00.07 | Mem:0.00M, Peak:0.00M | Scene, ViewLayer | Synchronizing object | PAYLOAD-base-GEO-lid-cap-end-step.001--export
Fra:1 Mem:106.32M (Peak 106.32M) | Time:00:00.07 | Mem:0.00M, Peak:0.00M | Scene, ViewLayer | Synchronizing object | PAYLOAD-base-GEO-lid-latch-leaf--export
Fra:1 Mem:106.33M (Peak 106.33M) | Time:00:00.07 | Mem:0.00M, Peak:0.00M | Scene, ViewLayer | Synchronizing object | PAYLOAD-base-GEO-lid-toggle--export
Fra:1 Mem:106.35M (Peak 106.35M) | Time:00:00.07 | Mem:0.00M, Peak:0.00M | Scene, ViewLayer | Synchronizing object | PAYLOAD-base-GEO-lid-latch-leaf.001--export
Fra:1 Mem:106.35M (Peak 106.35M) | Time:00:00.07 | Mem:0.00M, Peak:0.00M | Scene, ViewLayer | Synchronizing object | PAYLOAD-top-GEO-44mm-clear-stack-receiver.004--export
Fra:1 Mem:106.35M (Peak 106.35M) | Time:00:00.07 | Mem:0.00M, Peak:0.00M | Scene, ViewLayer | Synchronizing object | PAYLOAD-base-GEO-lid-toggle.001--export
Fra:1 Mem:106.37M (Peak 106.37M) | Time:00:00.07 | Mem:0.00M, Peak:0.00M | Scene, ViewLayer | Synchronizing object | PAYLOAD-base-GEO-rear-hinge-pin--export
Fra:1 Mem:106.38M (Peak 106.38M) | Time:00:00.07 | Mem:0.00M, Peak:0.00M | Scene, ViewLayer | Synchronizing object | PAYLOAD-top-GEO-stack-receiver-base.001--export
Fra:1 Mem:106.46M (Peak 106.46M) | Time:00:00.07 | Mem:0.00M, Peak:0.00M | Scene, ViewLayer | Synchronizing object | PAYLOAD-top-GEO-44mm-clear-stack-receiver.003--export
Fra:1 Mem:106.44M (Peak 106.46M) | Time:00:00.07 | Mem:0.00M, Peak:0.00M | Scene, ViewLayer | Synchronizing object | PAYLOAD-base-GEO-rear-hinge-pin.001--export
Fra:1 Mem:106.52M (Peak 106.52M) | Time:00:00.07 | Mem:0.00M, Peak:0.00M | Scene, ViewLayer | Synchronizing object | PAYLOAD-top-GEO-44mm-clear-stack-receiver.002--export
Fra:1 Mem:106.50M (Peak 106.52M) | Time:00:00.07 | Mem:0.00M, Peak:0.00M | Scene, ViewLayer | Synchronizing object | PAYLOAD-base-GEO-side-inset-backing--export
Fra:1 Mem:106.48M (Peak 106.52M) | Time:00:00.07 | Mem:0.00M, Peak:0.00M | Scene, ViewLayer | Synchronizing object | PAYLOAD-top-GEO-44mm-clear-stack-receiver.001--export
Fra:1 Mem:106.57M (Peak 106.57M) | Time:00:00.07 | Mem:0.00M, Peak:0.00M | Scene, ViewLayer | Synchronizing object | PAYLOAD-top-GEO-44mm-clear-stack-receiver--export
Fra:1 Mem:106.56M (Peak 106.57M) | Time:00:00.07 | Mem:0.00M, Peak:0.00M | Scene, ViewLayer | Synchronizing object | PAYLOAD-base-GEO-fitted-side-panel--export
Fra:1 Mem:106.54M (Peak 106.57M) | Time:00:00.07 | Mem:0.00M, Peak:0.00M | Scene, ViewLayer | Synchronizing object | PAYLOAD-top-GEO-stack-receiver-base--export
Fra:1 Mem:106.62M (Peak 106.62M) | Time:00:00.07 | Mem:0.00M, Peak:0.00M | Scene, ViewLayer | Synchronizing object | PAYLOAD-top-GEO-front-fitted-panel--export
Fra:1 Mem:106.63M (Peak 106.63M) | Time:00:00.07 | Mem:0.00M, Peak:0.00M | Scene, ViewLayer | Synchronizing object | PAYLOAD-base-GEO-grip-backing--export
Fra:1 Mem:106.67M (Peak 106.67M) | Time:00:00.07 | Mem:0.00M, Peak:0.00M | Scene, ViewLayer | Synchronizing object | PAYLOAD-base-GEO-grip-support--export
Fra:1 Mem:106.64M (Peak 106.67M) | Time:00:00.07 | Mem:0.00M, Peak:0.00M | Scene, ViewLayer | Synchronizing object | PAYLOAD-top-GEO-front-inset--export
Fra:1 Mem:106.67M (Peak 106.67M) | Time:00:00.07 | Mem:0.00M, Peak:0.00M | Scene, ViewLayer | Synchronizing object | PAYLOAD-base-GEO-grip-support.001--export
Fra:1 Mem:106.72M (Peak 106.72M) | Time:00:00.07 | Mem:0.00M, Peak:0.00M | Scene, ViewLayer | Synchronizing object | PAYLOAD-base-GEO-glove-grip--export
Fra:1 Mem:106.76M (Peak 106.76M) | Time:00:00.07 | Mem:0.00M, Peak:0.00M | Scene, ViewLayer | Synchronizing object | PAYLOAD-top-GEO-service-cartridge.001--export
Fra:1 Mem:106.74M (Peak 106.76M) | Time:00:00.07 | Mem:0.00M, Peak:0.00M | Scene, ViewLayer | Synchronizing object | PAYLOAD-base-GEO-service-cartridge--export
Fra:1 Mem:106.72M (Peak 106.76M) | Time:00:00.07 | Mem:0.00M, Peak:0.00M | Scene, ViewLayer | Synchronizing object | PAYLOAD-top-GEO-glove-grip.001--export
Fra:1 Mem:106.76M (Peak 106.76M) | Time:00:00.07 | Mem:0.00M, Peak:0.00M | Scene, ViewLayer | Synchronizing object | PAYLOAD-base-GEO-side-inset-backing.001--export
Fra:1 Mem:106.84M (Peak 106.84M) | Time:00:00.07 | Mem:0.00M, Peak:0.00M | Scene, ViewLayer | Synchronizing object | PAYLOAD-top-GEO-grip-support.003--export
Fra:1 Mem:106.81M (Peak 106.84M) | Time:00:00.07 | Mem:0.00M, Peak:0.00M | Scene, ViewLayer | Synchronizing object | PAYLOAD-base-GEO-fitted-side-panel.001--export
Fra:1 Mem:106.84M (Peak 106.84M) | Time:00:00.07 | Mem:0.00M, Peak:0.00M | Scene, ViewLayer | Synchronizing object | PAYLOAD-top-GEO-grip-support.002--export
Fra:1 Mem:106.84M (Peak 106.84M) | Time:00:00.07 | Mem:0.00M, Peak:0.00M | Scene, ViewLayer | Synchronizing object | PAYLOAD-top-GEO-grip-backing.001--export
Fra:1 Mem:106.85M (Peak 106.85M) | Time:00:00.07 | Mem:0.00M, Peak:0.00M | Scene, ViewLayer | Synchronizing object | PAYLOAD-base-GEO-grip-backing.001--export
Fra:1 Mem:106.90M (Peak 106.90M) | Time:00:00.07 | Mem:0.00M, Peak:0.00M | Scene, ViewLayer | Synchronizing object | PAYLOAD-top-GEO-fitted-side-panel.001--export
Fra:1 Mem:106.88M (Peak 106.90M) | Time:00:00.07 | Mem:0.00M, Peak:0.00M | Scene, ViewLayer | Synchronizing object | PAYLOAD-base-GEO-grip-support.002--export
Fra:1 Mem:106.96M (Peak 106.96M) | Time:00:00.07 | Mem:0.00M, Peak:0.00M | Scene, ViewLayer | Synchronizing object | PAYLOAD-base-GEO-grip-support.003--export
Fra:1 Mem:106.95M (Peak 106.96M) | Time:00:00.07 | Mem:0.00M, Peak:0.00M | Scene, ViewLayer | Synchronizing object | PAYLOAD-top-GEO-side-inset-backing.001--export
Fra:1 Mem:106.93M (Peak 106.96M) | Time:00:00.07 | Mem:0.00M, Peak:0.00M | Scene, ViewLayer | Synchronizing object | PAYLOAD-base-GEO-glove-grip.001--export
Fra:1 Mem:107.03M (Peak 107.03M) | Time:00:00.07 | Mem:0.00M, Peak:0.00M | Scene, ViewLayer | Synchronizing object | PAYLOAD-top-GEO-service-cartridge--export
Fra:1 Mem:107.04M (Peak 107.04M) | Time:00:00.07 | Mem:0.00M, Peak:0.00M | Scene, ViewLayer | Synchronizing object | PAYLOAD-top-GEO-glove-grip--export
Fra:1 Mem:107.01M (Peak 107.04M) | Time:00:00.07 | Mem:0.00M, Peak:0.00M | Scene, ViewLayer | Synchronizing object | PAYLOAD-base-GEO-service-cartridge.001--export
Fra:1 Mem:107.09M (Peak 107.09M) | Time:00:00.07 | Mem:0.00M, Peak:0.00M | Scene, ViewLayer | Synchronizing object | PAYLOAD-base-GEO-front-inset--export
Fra:1 Mem:107.10M (Peak 107.10M) | Time:00:00.07 | Mem:0.00M, Peak:0.00M | Scene, ViewLayer | Synchronizing object | PAYLOAD-top-GEO-grip-support.001--export
Fra:1 Mem:107.11M (Peak 107.11M) | Time:00:00.07 | Mem:0.00M, Peak:0.00M | Scene, ViewLayer | Synchronizing object | PAYLOAD-top-GEO-grip-support--export
Fra:1 Mem:107.09M (Peak 107.11M) | Time:00:00.07 | Mem:0.00M, Peak:0.00M | Scene, ViewLayer | Synchronizing object | PAYLOAD-base-GEO-front-fitted-panel--export
Fra:1 Mem:107.14M (Peak 107.14M) | Time:00:00.07 | Mem:0.00M, Peak:0.00M | Scene, ViewLayer | Synchronizing object | PAYLOAD-top-GEO-grip-backing--export
Fra:1 Mem:107.17M (Peak 107.17M) | Time:00:00.07 | Mem:0.00M, Peak:0.00M | Scene, ViewLayer | Synchronizing object | PAYLOAD-base-GEO-stack-receiver-base--export
Fra:1 Mem:107.15M (Peak 107.17M) | Time:00:00.07 | Mem:0.00M, Peak:0.00M | Scene, ViewLayer | Synchronizing object | PAYLOAD-top-GEO-fitted-side-panel--export
Fra:1 Mem:107.20M (Peak 107.20M) | Time:00:00.07 | Mem:0.00M, Peak:0.00M | Scene, ViewLayer | Synchronizing object | PAYLOAD-base-GEO-44mm-clear-stack-receiver--export
Fra:1 Mem:107.20M (Peak 107.20M) | Time:00:00.07 | Mem:0.00M, Peak:0.00M | Scene, ViewLayer | Synchronizing object | PAYLOAD-top-GEO-side-inset-backing--export
Fra:1 Mem:107.20M (Peak 107.20M) | Time:00:00.07 | Mem:0.00M, Peak:0.00M | Scene, ViewLayer | Synchronizing object | PAYLOAD-base-GEO-44mm-clear-stack-receiver.001--export
Fra:1 Mem:107.29M (Peak 107.29M) | Time:00:00.07 | Mem:0.00M, Peak:0.00M | Scene, ViewLayer | Synchronizing object | PAYLOAD-base-GEO-44mm-clear-stack-receiver.002--export
Fra:1 Mem:107.27M (Peak 107.29M) | Time:00:00.07 | Mem:0.00M, Peak:0.00M | Scene, ViewLayer | Synchronizing object | PAYLOAD-top-GEO-rear-hinge-pin.001--export
Fra:1 Mem:107.33M (Peak 107.33M) | Time:00:00.07 | Mem:0.00M, Peak:0.00M | Scene, ViewLayer | Synchronizing object | PAYLOAD-base-GEO-44mm-clear-stack-receiver.003--export
Fra:1 Mem:107.35M (Peak 107.35M) | Time:00:00.07 | Mem:0.00M, Peak:0.00M | Scene, ViewLayer | Synchronizing object | PAYLOAD-base-GEO-stack-receiver-base.001--export
Fra:1 Mem:107.34M (Peak 107.35M) | Time:00:00.07 | Mem:0.00M, Peak:0.00M | Scene, ViewLayer | Synchronizing object | PAYLOAD-top-GEO-rear-hinge-pin--export
Fra:1 Mem:107.41M (Peak 107.41M) | Time:00:00.07 | Mem:0.00M, Peak:0.00M | Scene, ViewLayer | Synchronizing object | PAYLOAD-base-GEO-44mm-clear-stack-receiver.004--export
Fra:1 Mem:107.36M (Peak 107.41M) | Time:00:00.07 | Mem:0.00M, Peak:0.00M | Scene, ViewLayer | Synchronizing object | PAYLOAD-top-GEO-lid-toggle.001--export
Fra:1 Mem:107.36M (Peak 107.41M) | Time:00:00.07 | Mem:0.00M, Peak:0.00M | Scene, ViewLayer | Synchronizing object | PAYLOAD-base-GEO-44mm-clear-stack-receiver.005--export
Fra:1 Mem:107.39M (Peak 107.41M) | Time:00:00.07 | Mem:0.00M, Peak:0.00M | Scene, ViewLayer | Synchronizing object | PAYLOAD-top-GEO-lid-latch-leaf.001--export
Fra:1 Mem:107.39M (Peak 107.41M) | Time:00:00.07 | Mem:0.00M, Peak:0.00M | Scene, ViewLayer | Synchronizing object | PAYLOAD-base-GEO-44mm-clear-stack-receiver.006--export
Fra:1 Mem:107.44M (Peak 107.44M) | Time:00:00.07 | Mem:0.00M, Peak:0.00M | Scene, ViewLayer | Synchronizing object | PAYLOAD-top-GEO-lid-toggle--export
Fra:1 Mem:107.41M (Peak 107.44M) | Time:00:00.07 | Mem:0.00M, Peak:0.00M | Scene, ViewLayer | Synchronizing object | PAYLOAD-base-GEO-44mm-clear-stack-receiver.007--export
Fra:1 Mem:107.45M (Peak 107.45M) | Time:00:00.07 | Mem:0.00M, Peak:0.00M | Scene, ViewLayer | Synchronizing object | PAYLOAD-top-GEO-lid-latch-leaf--export
Fra:1 Mem:107.45M (Peak 107.45M) | Time:00:00.07 | Mem:0.00M, Peak:0.00M | Scene, ViewLayer | Synchronizing object | PAYLOAD-base-GEO-stack-receiver-base.002--export
Fra:1 Mem:107.50M (Peak 107.50M) | Time:00:00.07 | Mem:0.00M, Peak:0.00M | Scene, ViewLayer | Synchronizing object | PAYLOAD-top-GEO-lid-cap-end-step.001--export
Fra:1 Mem:107.48M (Peak 107.50M) | Time:00:00.07 | Mem:0.00M, Peak:0.00M | Scene, ViewLayer | Synchronizing object | PAYLOAD-base-GEO-44mm-clear-stack-receiver.008--export
Fra:1 Mem:107.53M (Peak 107.53M) | Time:00:00.07 | Mem:0.00M, Peak:0.00M | Scene, ViewLayer | Synchronizing object | PAYLOAD-top-GEO-lid-cap-end-step--export
Fra:1 Mem:107.51M (Peak 107.53M) | Time:00:00.07 | Mem:0.00M, Peak:0.00M | Scene, ViewLayer | Synchronizing object | PAYLOAD-base-GEO-44mm-clear-stack-receiver.009--export
Fra:1 Mem:107.56M (Peak 107.56M) | Time:00:00.08 | Mem:0.00M, Peak:0.00M | Scene, ViewLayer | Synchronizing object | PAYLOAD-top-GEO-lid-fitted-cap--export
Fra:1 Mem:107.56M (Peak 107.56M) | Time:00:00.08 | Mem:0.00M, Peak:0.00M | Scene, ViewLayer | Synchronizing object | PAYLOAD-base-GEO-44mm-clear-stack-receiver.010--export
Fra:1 Mem:107.58M (Peak 107.58M) | Time:00:00.08 | Mem:0.00M, Peak:0.00M | Scene, ViewLayer | Synchronizing object | PAYLOAD-top-GEO-lid-recess-base--export
Fra:1 Mem:107.59M (Peak 107.59M) | Time:00:00.08 | Mem:0.00M, Peak:0.00M | Scene, ViewLayer | Synchronizing object | PAYLOAD-base-GEO-44mm-clear-stack-receiver.011--export
Fra:1 Mem:107.61M (Peak 107.61M) | Time:00:00.08 | Mem:0.00M, Peak:0.00M | Scene, ViewLayer | Synchronizing object | PAYLOAD-top-GEO-lid-shoulder-band.001--export
Fra:1 Mem:107.61M (Peak 107.61M) | Time:00:00.08 | Mem:0.00M, Peak:0.00M | Scene, ViewLayer | Synchronizing object | PAYLOAD-base-GEO-stack-receiver-base.003--export
Fra:1 Mem:107.64M (Peak 107.64M) | Time:00:00.08 | Mem:0.00M, Peak:0.00M | Scene, ViewLayer | Synchronizing object | PAYLOAD-top-GEO-lid-shoulder-band--export
Fra:1 Mem:107.62M (Peak 107.64M) | Time:00:00.08 | Mem:0.00M, Peak:0.00M | Scene, ViewLayer | Synchronizing object | PAYLOAD-base-GEO-44mm-clear-stack-receiver.012--export
Fra:1 Mem:107.67M (Peak 107.67M) | Time:00:00.08 | Mem:0.00M, Peak:0.00M | Scene, ViewLayer | Synchronizing object | PAYLOAD-top-GEO-opening-layered-lid--export
Fra:1 Mem:107.65M (Peak 107.67M) | Time:00:00.08 | Mem:0.00M, Peak:0.00M | Scene, ViewLayer | Synchronizing object | PAYLOAD-base-GEO-44mm-clear-stack-receiver.013--export
Fra:1 Mem:107.70M (Peak 107.70M) | Time:00:00.08 | Mem:0.00M, Peak:0.00M | Scene, ViewLayer | Synchronizing object | PAYLOAD-top-GEO-stepped-corner-armor.007--export
Fra:1 Mem:107.68M (Peak 107.70M) | Time:00:00.08 | Mem:0.00M, Peak:0.00M | Scene, ViewLayer | Synchronizing object | PAYLOAD-base-GEO-44mm-clear-stack-receiver.014--export
Fra:1 Mem:107.73M (Peak 107.73M) | Time:00:00.08 | Mem:0.00M, Peak:0.00M | Scene, ViewLayer | Synchronizing object | PAYLOAD-top-GEO-stepped-corner-armor.006--export
Fra:1 Mem:107.71M (Peak 107.73M) | Time:00:00.08 | Mem:0.00M, Peak:0.00M | Scene, ViewLayer | Synchronizing object | PAYLOAD-base-GEO-44mm-clear-stack-receiver.015--export
Fra:1 Mem:107.76M (Peak 107.76M) | Time:00:00.08 | Mem:0.00M, Peak:0.00M | Scene, ViewLayer | Synchronizing object | PAYLOAD-top-GEO-corner-load-column.003--export
Fra:1 Mem:107.74M (Peak 107.76M) | Time:00:00.08 | Mem:0.00M, Peak:0.00M | Scene, ViewLayer | Synchronizing object | PAYLOAD-base-GEO-marking-STA / S--export
Fra:1 Mem:107.77M (Peak 107.77M) | Time:00:00.08 | Mem:0.00M, Peak:0.00M | Scene, ViewLayer | Synchronizing object | PAYLOAD-top-GEO-stepped-corner-armor.005--export
Fra:1 Mem:108.06M (Peak 108.06M) | Time:00:00.08 | Mem:0.00M, Peak:0.00M | Scene, ViewLayer | Synchronizing object | PAYLOAD-top-GEO-stepped-corner-armor.004--export
Fra:1 Mem:107.95M (Peak 108.06M) | Time:00:00.08 | Mem:0.00M, Peak:0.00M | Scene, ViewLayer | Synchronizing object | PAYLOAD-top-GEO-corner-load-column.002--export
Fra:1 Mem:108.10M (Peak 108.10M) | Time:00:00.08 | Mem:0.00M, Peak:0.00M | Scene, ViewLayer | Synchronizing object | PAYLOAD-top-GEO-stepped-corner-armor.003--export
Fra:1 Mem:108.11M (Peak 108.11M) | Time:00:00.08 | Mem:0.00M, Peak:0.00M | Scene, ViewLayer | Synchronizing object | PAYLOAD-top-GEO-stepped-corner-armor.002--export
Fra:1 Mem:108.11M (Peak 108.11M) | Time:00:00.08 | Mem:0.00M, Peak:0.00M | Scene, ViewLayer | Synchronizing object | PAYLOAD-top-GEO-corner-load-column.001--export
Fra:1 Mem:107.95M (Peak 108.11M) | Time:00:00.08 | Mem:0.00M, Peak:0.00M | Scene, ViewLayer | Synchronizing object | PAYLOAD-base-GEO-fixed-top-frame--export
Fra:1 Mem:107.98M (Peak 108.11M) | Time:00:00.08 | Mem:0.00M, Peak:0.00M | Scene, ViewLayer | Synchronizing object | PAYLOAD-top-GEO-stepped-corner-armor.001--export
Fra:1 Mem:108.00M (Peak 108.11M) | Time:00:00.08 | Mem:0.00M, Peak:0.00M | Scene, ViewLayer | Synchronizing object | PAYLOAD-base-GEO-fixed-top-frame.001--export
Fra:1 Mem:108.00M (Peak 108.11M) | Time:00:00.08 | Mem:0.00M, Peak:0.00M | Scene, ViewLayer | Synchronizing object | PAYLOAD-top-GEO-stepped-corner-armor--export
Fra:1 Mem:108.03M (Peak 108.11M) | Time:00:00.08 | Mem:0.00M, Peak:0.00M | Scene, ViewLayer | Synchronizing object | PAYLOAD-base-GEO-fixed-top-frame.002--export
Fra:1 Mem:108.01M (Peak 108.11M) | Time:00:00.08 | Mem:0.00M, Peak:0.00M | Scene, ViewLayer | Synchronizing object | PAYLOAD-top-GEO-corner-load-column--export
Fra:1 Mem:108.05M (Peak 108.11M) | Time:00:00.08 | Mem:0.00M, Peak:0.00M | Scene, ViewLayer | Synchronizing object | PAYLOAD-base-GEO-fixed-top-frame.003--export
Fra:1 Mem:108.04M (Peak 108.11M) | Time:00:00.08 | Mem:0.00M, Peak:0.00M | Scene, ViewLayer | Synchronizing object | PAYLOAD-top-GEO-closed-front-wall--export
Fra:1 Mem:108.08M (Peak 108.11M) | Time:00:00.08 | Mem:0.00M, Peak:0.00M | Scene, ViewLayer | Synchronizing object | PAYLOAD-base-GEO-lid-support-ledge--export
Fra:1 Mem:108.06M (Peak 108.11M) | Time:00:00.08 | Mem:0.00M, Peak:0.00M | Scene, ViewLayer | Synchronizing object | PAYLOAD-top-GEO-closed-rear-wall--export
Fra:1 Mem:108.10M (Peak 108.11M) | Time:00:00.08 | Mem:0.00M, Peak:0.00M | Scene, ViewLayer | Synchronizing object | PAYLOAD-base-GEO-inset-lid-gasket--export
Fra:1 Mem:108.09M (Peak 108.11M) | Time:00:00.08 | Mem:0.00M, Peak:0.00M | Scene, ViewLayer | Synchronizing object | PAYLOAD-top-GEO-closed-side-wall.001--export
Fra:1 Mem:108.13M (Peak 108.13M) | Time:00:00.08 | Mem:0.00M, Peak:0.00M | Scene, ViewLayer | Synchronizing object | PAYLOAD-base-GEO-lid-support-ledge.001--export
Fra:1 Mem:108.12M (Peak 108.13M) | Time:00:00.08 | Mem:0.00M, Peak:0.00M | Scene, ViewLayer | Synchronizing object | PAYLOAD-top-GEO-closed-side-wall--export
Fra:1 Mem:108.17M (Peak 108.17M) | Time:00:00.08 | Mem:0.00M, Peak:0.00M | Scene, ViewLayer | Synchronizing object | PAYLOAD-base-GEO-inset-lid-gasket.001--export
Fra:1 Mem:108.17M (Peak 108.17M) | Time:00:00.08 | Mem:0.00M, Peak:0.00M | Scene, ViewLayer | Synchronizing object | PAYLOAD-top-GEO-sealed-floor--export
Fra:1 Mem:108.20M (Peak 108.20M) | Time:00:00.08 | Mem:0.00M, Peak:0.00M | Scene, ViewLayer | Synchronizing object | PAYLOAD-base-GEO-lid-support-ledge.002--export
Fra:1 Mem:108.20M (Peak 108.20M) | Time:00:00.08 | Mem:0.00M, Peak:0.00M | Scene, ViewLayer | Synchronizing object | PAYLOAD-top-GEO-40mm-locating-foot.003--export
Fra:1 Mem:108.22M (Peak 108.22M) | Time:00:00.08 | Mem:0.00M, Peak:0.00M | Scene, ViewLayer | Synchronizing object | PAYLOAD-base-GEO-inset-lid-gasket.002--export
Fra:1 Mem:108.23M (Peak 108.23M) | Time:00:00.08 | Mem:0.00M, Peak:0.00M | Scene, ViewLayer | Synchronizing object | PAYLOAD-top-GEO-40mm-locating-foot.002--export
Fra:1 Mem:108.25M (Peak 108.25M) | Time:00:00.08 | Mem:0.00M, Peak:0.00M | Scene, ViewLayer | Synchronizing object | PAYLOAD-base-GEO-lid-support-ledge.003--export
Fra:1 Mem:108.26M (Peak 108.26M) | Time:00:00.08 | Mem:0.00M, Peak:0.00M | Scene, ViewLayer | Synchronizing object | PAYLOAD-top-GEO-40mm-locating-foot.001--export
Fra:1 Mem:108.27M (Peak 108.27M) | Time:00:00.08 | Mem:0.00M, Peak:0.00M | Scene, ViewLayer | Synchronizing object | PAYLOAD-base-GEO-inset-lid-gasket.003--export
Fra:1 Mem:108.27M (Peak 108.27M) | Time:00:00.08 | Mem:0.00M, Peak:0.00M | Scene, ViewLayer | Synchronizing object | PAYLOAD-top-GEO-40mm-locating-foot--export
Fra:1 Mem:108.29M (Peak 108.29M) | Time:00:00.08 | Mem:0.00M, Peak:0.00M | Scene, ViewLayer | Synchronizing object | PAYLOAD-base-GEO-lid-latch-connecting-bridge--export
Fra:1 Mem:108.31M (Peak 108.31M) | Time:00:00.08 | Mem:0.00M, Peak:0.00M | Scene, ViewLayer | Synchronizing object | PAYLOAD-top-GEO-crossmember.001--export
Fra:1 Mem:108.32M (Peak 108.32M) | Time:00:00.08 | Mem:0.00M, Peak:0.00M | Scene, ViewLayer | Synchronizing object | PAYLOAD-base-GEO-lid-latch-connecting-bridge.001--export
Fra:1 Mem:108.34M (Peak 108.34M) | Time:00:00.08 | Mem:0.00M, Peak:0.00M | Scene, ViewLayer | Synchronizing object | PAYLOAD-top-GEO-crossmember--export
Fra:1 Mem:108.35M (Peak 108.35M) | Time:00:00.08 | Mem:0.00M, Peak:0.00M | Scene, ViewLayer | Synchronizing object | PAYLOAD-base-GEO-fixed-rear-hinge-saddle--export
Fra:1 Mem:108.36M (Peak 108.36M) | Time:00:00.08 | Mem:0.00M, Peak:0.00M | Scene, ViewLayer | Synchronizing object | PAYLOAD-top-GEO-load-skid.001--export
Fra:1 Mem:108.38M (Peak 108.38M) | Time:00:00.08 | Mem:0.00M, Peak:0.00M | Scene, ViewLayer | Synchronizing object | PAYLOAD-base-GEO-fixed-rear-hinge-saddle.001--export
Fra:1 Mem:108.39M (Peak 108.39M) | Time:00:00.08 | Mem:0.00M, Peak:0.00M | Scene, ViewLayer | Synchronizing object | PAYLOAD-top-GEO-load-skid--export
Fra:1 Mem:108.41M (Peak 108.41M) | Time:00:00.08 | Mem:0.00M, Peak:0.00M | Scene, ViewLayer | Synchronizing object | PAYLOAD-base-GEO-fixed-rear-hinge-saddle.002--export
Fra:1 Mem:108.42M (Peak 108.42M) | Time:00:00.08 | Mem:0.00M, Peak:0.00M | Scene, ViewLayer | Synchronizing object | PAYLOAD-middle-1-1-GEO-fixed-rear-hinge-saddle.003--export
Fra:1 Mem:108.43M (Peak 108.43M) | Time:00:00.08 | Mem:0.00M, Peak:0.00M | Scene, ViewLayer | Synchronizing object | PAYLOAD-base-GEO-fixed-rear-hinge-saddle.003--export
Fra:1 Mem:108.45M (Peak 108.45M) | Time:00:00.08 | Mem:0.00M, Peak:0.00M | Scene, ViewLayer | Synchronizing object | PAYLOAD-middle-1-1-GEO-fixed-rear-hinge-saddle.002--export
Fra:1 Mem:108.46M (Peak 108.46M) | Time:00:00.08 | Mem:0.00M, Peak:0.00M | Scene, ViewLayer | Synchronizing object | PAYLOAD-middle-0-0-GEO-load-skid--export
Fra:1 Mem:108.47M (Peak 108.47M) | Time:00:00.08 | Mem:0.00M, Peak:0.00M | Scene, ViewLayer | Synchronizing object | PAYLOAD-middle-1-1-GEO-fixed-rear-hinge-saddle.001--export
Fra:1 Mem:108.49M (Peak 108.49M) | Time:00:00.08 | Mem:0.00M, Peak:0.00M | Scene, ViewLayer | Synchronizing object | PAYLOAD-middle-0-0-GEO-load-skid.001--export
Fra:1 Mem:108.50M (Peak 108.50M) | Time:00:00.08 | Mem:0.00M, Peak:0.00M | Scene, ViewLayer | Synchronizing object | PAYLOAD-middle-1-1-GEO-fixed-rear-hinge-saddle--export
Fra:1 Mem:108.52M (Peak 108.52M) | Time:00:00.08 | Mem:0.00M, Peak:0.00M | Scene, ViewLayer | Synchronizing object | PAYLOAD-middle-0-0-GEO-crossmember--export
Fra:1 Mem:108.55M (Peak 108.55M) | Time:00:00.08 | Mem:0.00M, Peak:0.00M | Scene, ViewLayer | Synchronizing object | PAYLOAD-middle-1-1-GEO-lid-latch-connecting-bridge.001--export
Fra:1 Mem:108.55M (Peak 108.55M) | Time:00:00.08 | Mem:0.00M, Peak:0.00M | Scene, ViewLayer | Synchronizing object | PAYLOAD-middle-0-0-GEO-crossmember.001--export
Fra:1 Mem:108.58M (Peak 108.58M) | Time:00:00.08 | Mem:0.00M, Peak:0.00M | Scene, ViewLayer | Synchronizing object | PAYLOAD-middle-1-1-GEO-lid-latch-connecting-bridge--export
Fra:1 Mem:108.58M (Peak 108.58M) | Time:00:00.08 | Mem:0.00M, Peak:0.00M | Scene, ViewLayer | Synchronizing object | PAYLOAD-middle-0-0-GEO-40mm-locating-foot--export
Fra:1 Mem:108.60M (Peak 108.60M) | Time:00:00.08 | Mem:0.00M, Peak:0.00M | Scene, ViewLayer | Synchronizing object | PAYLOAD-middle-1-1-GEO-inset-lid-gasket.003--export
Fra:1 Mem:108.62M (Peak 108.62M) | Time:00:00.08 | Mem:0.00M, Peak:0.00M | Scene, ViewLayer | Synchronizing object | PAYLOAD-middle-0-0-GEO-40mm-locating-foot.001--export
Fra:1 Mem:108.63M (Peak 108.63M) | Time:00:00.08 | Mem:0.00M, Peak:0.00M | Scene, ViewLayer | Synchronizing object | PAYLOAD-middle-1-1-GEO-lid-support-ledge.003--export
Fra:1 Mem:108.64M (Peak 108.64M) | Time:00:00.08 | Mem:0.00M, Peak:0.00M | Scene, ViewLayer | Synchronizing object | PAYLOAD-middle-0-0-GEO-40mm-locating-foot.002--export
Fra:1 Mem:108.66M (Peak 108.66M) | Time:00:00.08 | Mem:0.00M, Peak:0.00M | Scene, ViewLayer | Synchronizing object | PAYLOAD-middle-1-1-GEO-inset-lid-gasket.002--export
Fra:1 Mem:108.68M (Peak 108.68M) | Time:00:00.08 | Mem:0.00M, Peak:0.00M | Scene, ViewLayer | Synchronizing object | PAYLOAD-middle-0-0-GEO-40mm-locating-foot.003--export
Fra:1 Mem:108.69M (Peak 108.69M) | Time:00:00.08 | Mem:0.00M, Peak:0.00M | Scene, ViewLayer | Synchronizing object | PAYLOAD-middle-1-1-GEO-lid-support-ledge.002--export
Fra:1 Mem:108.71M (Peak 108.71M) | Time:00:00.08 | Mem:0.00M, Peak:0.00M | Scene, ViewLayer | Synchronizing object | PAYLOAD-middle-0-0-GEO-sealed-floor--export
Fra:1 Mem:108.72M (Peak 108.72M) | Time:00:00.08 | Mem:0.00M, Peak:0.00M | Scene, ViewLayer | Synchronizing object | PAYLOAD-middle-1-1-GEO-inset-lid-gasket.001--export
Fra:1 Mem:108.74M (Peak 108.74M) | Time:00:00.08 | Mem:0.00M, Peak:0.00M | Scene, ViewLayer | Synchronizing object | PAYLOAD-middle-0-0-GEO-closed-side-wall--export
Fra:1 Mem:108.74M (Peak 108.74M) | Time:00:00.08 | Mem:0.00M, Peak:0.00M | Scene, ViewLayer | Synchronizing object | PAYLOAD-middle-1-1-GEO-lid-support-ledge.001--export
Fra:1 Mem:108.76M (Peak 108.76M) | Time:00:00.08 | Mem:0.00M, Peak:0.00M | Scene, ViewLayer | Synchronizing object | PAYLOAD-middle-0-0-GEO-closed-side-wall.001--export
Fra:1 Mem:108.77M (Peak 108.77M) | Time:00:00.08 | Mem:0.00M, Peak:0.00M | Scene, ViewLayer | Synchronizing object | PAYLOAD-middle-1-1-GEO-inset-lid-gasket--export
Fra:1 Mem:108.79M (Peak 108.79M) | Time:00:00.08 | Mem:0.00M, Peak:0.00M | Scene, ViewLayer | Synchronizing object | PAYLOAD-middle-0-0-GEO-closed-rear-wall--export
Fra:1 Mem:108.80M (Peak 108.80M) | Time:00:00.08 | Mem:0.00M, Peak:0.00M | Scene, ViewLayer | Synchronizing object | PAYLOAD-middle-1-1-GEO-lid-support-ledge--export
Fra:1 Mem:108.82M (Peak 108.82M) | Time:00:00.08 | Mem:0.00M, Peak:0.00M | Scene, ViewLayer | Synchronizing object | PAYLOAD-middle-0-0-GEO-closed-front-wall--export
Fra:1 Mem:108.82M (Peak 108.82M) | Time:00:00.08 | Mem:0.00M, Peak:0.00M | Scene, ViewLayer | Synchronizing object | PAYLOAD-middle-1-1-GEO-fixed-top-frame.003--export
Fra:1 Mem:108.85M (Peak 108.85M) | Time:00:00.08 | Mem:0.00M, Peak:0.00M | Scene, ViewLayer | Synchronizing object | PAYLOAD-middle-0-0-GEO-corner-load-column--export
Fra:1 Mem:108.85M (Peak 108.85M) | Time:00:00.08 | Mem:0.00M, Peak:0.00M | Scene, ViewLayer | Synchronizing object | PAYLOAD-middle-1-1-GEO-fixed-top-frame.002--export
Fra:1 Mem:108.88M (Peak 108.88M) | Time:00:00.08 | Mem:0.00M, Peak:0.00M | Scene, ViewLayer | Synchronizing object | PAYLOAD-middle-0-0-GEO-stepped-corner-armor--export
Fra:1 Mem:108.88M (Peak 108.88M) | Time:00:00.08 | Mem:0.00M, Peak:0.00M | Scene, ViewLayer | Synchronizing object | PAYLOAD-middle-1-1-GEO-fixed-top-frame.001--export
Fra:1 Mem:108.91M (Peak 108.91M) | Time:00:00.08 | Mem:0.00M, Peak:0.00M | Scene, ViewLayer | Synchronizing object | PAYLOAD-middle-0-0-GEO-stepped-corner-armor.001--export
Fra:1 Mem:108.91M (Peak 108.91M) | Time:00:00.08 | Mem:0.00M, Peak:0.00M | Scene, ViewLayer | Synchronizing object | PAYLOAD-middle-1-1-GEO-fixed-top-frame--export
Fra:1 Mem:108.94M (Peak 108.94M) | Time:00:00.08 | Mem:0.00M, Peak:0.00M | Scene, ViewLayer | Synchronizing object | PAYLOAD-middle-0-0-GEO-corner-load-column.001--export
Fra:1 Mem:108.94M (Peak 108.94M) | Time:00:00.08 | Mem:0.00M, Peak:0.00M | Scene, ViewLayer | Synchronizing object | PAYLOAD-middle-1-1-GEO-marking-STA / S--export
Fra:1 Mem:109.13M (Peak 109.13M) | Time:00:00.08 | Mem:0.00M, Peak:0.00M | Scene, ViewLayer | Synchronizing object | PAYLOAD-middle-0-0-GEO-stepped-corner-armor.002--export
Fra:1 Mem:109.21M (Peak 109.21M) | Time:00:00.08 | Mem:0.00M, Peak:0.00M | Scene, ViewLayer | Synchronizing object | PAYLOAD-middle-0-0-GEO-stepped-corner-armor.003--export
Fra:1 Mem:109.13M (Peak 109.21M) | Time:00:00.08 | Mem:0.00M, Peak:0.00M | Scene, ViewLayer | Synchronizing object | PAYLOAD-middle-0-0-GEO-corner-load-column.002--export
Fra:1 Mem:109.18M (Peak 109.21M) | Time:00:00.08 | Mem:0.00M, Peak:0.00M | Scene, ViewLayer | Synchronizing object | PAYLOAD-middle-0-0-GEO-stepped-corner-armor.004--export
Fra:1 Mem:109.29M (Peak 109.29M) | Time:00:00.08 | Mem:0.00M, Peak:0.00M | Scene, ViewLayer | Synchronizing object | PAYLOAD-middle-0-0-GEO-stepped-corner-armor.005--export
Fra:1 Mem:109.31M (Peak 109.31M) | Time:00:00.08 | Mem:0.00M, Peak:0.00M | Scene, ViewLayer | Synchronizing object | PAYLOAD-middle-0-0-GEO-corner-load-column.003--export
Fra:1 Mem:109.15M (Peak 109.31M) | Time:00:00.08 | Mem:0.00M, Peak:0.00M | Scene, ViewLayer | Synchronizing object | PAYLOAD-middle-1-1-GEO-44mm-clear-stack-receiver.015--export
Fra:1 Mem:109.12M (Peak 109.31M) | Time:00:00.08 | Mem:0.00M, Peak:0.00M | Scene, ViewLayer | Synchronizing object | PAYLOAD-middle-0-0-GEO-stepped-corner-armor.006--export
Fra:1 Mem:109.15M (Peak 109.31M) | Time:00:00.08 | Mem:0.00M, Peak:0.00M | Scene, ViewLayer | Synchronizing object | PAYLOAD-middle-1-1-GEO-44mm-clear-stack-receiver.014--export
Fra:1 Mem:109.15M (Peak 109.31M) | Time:00:00.08 | Mem:0.00M, Peak:0.00M | Scene, ViewLayer | Synchronizing object | PAYLOAD-middle-0-0-GEO-stepped-corner-armor.007--export
Fra:1 Mem:109.19M (Peak 109.31M) | Time:00:00.08 | Mem:0.00M, Peak:0.00M | Scene, ViewLayer | Synchronizing object | PAYLOAD-middle-1-1-GEO-44mm-clear-stack-receiver.013--export
Fra:1 Mem:109.19M (Peak 109.31M) | Time:00:00.08 | Mem:0.00M, Peak:0.00M | Scene, ViewLayer | Synchronizing object | PAYLOAD-middle-0-0-GEO-opening-layered-lid--export
Fra:1 Mem:109.23M (Peak 109.31M) | Time:00:00.08 | Mem:0.00M, Peak:0.00M | Scene, ViewLayer | Synchronizing object | PAYLOAD-middle-1-1-GEO-44mm-clear-stack-receiver.012--export
Fra:1 Mem:109.22M (Peak 109.31M) | Time:00:00.08 | Mem:0.00M, Peak:0.00M | Scene, ViewLayer | Synchronizing object | PAYLOAD-middle-0-0-GEO-lid-shoulder-band--export
Fra:1 Mem:109.26M (Peak 109.31M) | Time:00:00.08 | Mem:0.00M, Peak:0.00M | Scene, ViewLayer | Synchronizing object | PAYLOAD-middle-1-1-GEO-stack-receiver-base.003--export
Fra:1 Mem:109.26M (Peak 109.31M) | Time:00:00.08 | Mem:0.00M, Peak:0.00M | Scene, ViewLayer | Synchronizing object | PAYLOAD-middle-0-0-GEO-lid-shoulder-band.001--export
Fra:1 Mem:109.29M (Peak 109.31M) | Time:00:00.08 | Mem:0.00M, Peak:0.00M | Scene, ViewLayer | Synchronizing object | PAYLOAD-middle-1-1-GEO-44mm-clear-stack-receiver.011--export
Fra:1 Mem:109.29M (Peak 109.31M) | Time:00:00.08 | Mem:0.00M, Peak:0.00M | Scene, ViewLayer | Synchronizing object | PAYLOAD-middle-0-0-GEO-lid-recess-base--export
Fra:1 Mem:109.32M (Peak 109.32M) | Time:00:00.08 | Mem:0.00M, Peak:0.00M | Scene, ViewLayer | Synchronizing object | PAYLOAD-middle-1-1-GEO-44mm-clear-stack-receiver.010--export
Fra:1 Mem:109.32M (Peak 109.32M) | Time:00:00.08 | Mem:0.00M, Peak:0.00M | Scene, ViewLayer | Synchronizing object | PAYLOAD-middle-0-0-GEO-lid-fitted-cap--export
Fra:1 Mem:109.35M (Peak 109.35M) | Time:00:00.08 | Mem:0.00M, Peak:0.00M | Scene, ViewLayer | Synchronizing object | PAYLOAD-middle-1-1-GEO-44mm-clear-stack-receiver.009--export
Fra:1 Mem:109.36M (Peak 109.36M) | Time:00:00.08 | Mem:0.00M, Peak:0.00M | Scene, ViewLayer | Synchronizing object | PAYLOAD-middle-0-0-GEO-lid-cap-end-step--export
Fra:1 Mem:109.38M (Peak 109.38M) | Time:00:00.08 | Mem:0.00M, Peak:0.00M | Scene, ViewLayer | Synchronizing object | PAYLOAD-middle-1-1-GEO-44mm-clear-stack-receiver.008--export
Fra:1 Mem:109.39M (Peak 109.39M) | Time:00:00.08 | Mem:0.00M, Peak:0.00M | Scene, ViewLayer | Synchronizing object | PAYLOAD-middle-0-0-GEO-lid-cap-end-step.001--export
Fra:1 Mem:109.39M (Peak 109.39M) | Time:00:00.08 | Mem:0.00M, Peak:0.00M | Scene, ViewLayer | Synchronizing object | PAYLOAD-middle-1-1-GEO-stack-receiver-base.002--export
Fra:1 Mem:109.41M (Peak 109.41M) | Time:00:00.08 | Mem:0.00M, Peak:0.00M | Scene, ViewLayer | Synchronizing object | PAYLOAD-middle-0-0-GEO-lid-latch-leaf--export
Fra:1 Mem:109.42M (Peak 109.42M) | Time:00:00.08 | Mem:0.00M, Peak:0.00M | Scene, ViewLayer | Synchronizing object | PAYLOAD-middle-1-1-GEO-44mm-clear-stack-receiver.007--export
Fra:1 Mem:109.44M (Peak 109.44M) | Time:00:00.08 | Mem:0.00M, Peak:0.00M | Scene, ViewLayer | Synchronizing object | PAYLOAD-middle-0-0-GEO-lid-toggle--export
Fra:1 Mem:109.46M (Peak 109.46M) | Time:00:00.08 | Mem:0.00M, Peak:0.00M | Scene, ViewLayer | Synchronizing object | PAYLOAD-middle-1-1-GEO-44mm-clear-stack-receiver.006--export
Fra:1 Mem:109.47M (Peak 109.47M) | Time:00:00.08 | Mem:0.00M, Peak:0.00M | Scene, ViewLayer | Synchronizing object | PAYLOAD-middle-0-0-GEO-lid-latch-leaf.001--export
Fra:1 Mem:109.49M (Peak 109.49M) | Time:00:00.08 | Mem:0.00M, Peak:0.00M | Scene, ViewLayer | Synchronizing object | PAYLOAD-middle-1-1-GEO-44mm-clear-stack-receiver.005--export
Fra:1 Mem:109.50M (Peak 109.50M) | Time:00:00.08 | Mem:0.00M, Peak:0.00M | Scene, ViewLayer | Synchronizing object | PAYLOAD-middle-0-0-GEO-lid-toggle.001--export
Fra:1 Mem:109.52M (Peak 109.52M) | Time:00:00.08 | Mem:0.00M, Peak:0.00M | Scene, ViewLayer | Synchronizing object | PAYLOAD-middle-1-1-GEO-44mm-clear-stack-receiver.004--export
Fra:1 Mem:109.53M (Peak 109.53M) | Time:00:00.08 | Mem:0.00M, Peak:0.00M | Scene, ViewLayer | Synchronizing object | PAYLOAD-middle-0-0-GEO-rear-hinge-pin--export
Fra:1 Mem:109.58M (Peak 109.58M) | Time:00:00.08 | Mem:0.00M, Peak:0.00M | Scene, ViewLayer | Synchronizing object | PAYLOAD-middle-1-1-GEO-stack-receiver-base.001--export
Fra:1 Mem:109.60M (Peak 109.60M) | Time:00:00.08 | Mem:0.00M, Peak:0.00M | Scene, ViewLayer | Synchronizing object | PAYLOAD-middle-1-1-GEO-44mm-clear-stack-receiver.003--export
Fra:1 Mem:109.59M (Peak 109.60M) | Time:00:00.08 | Mem:0.00M, Peak:0.00M | Scene, ViewLayer | Synchronizing object | PAYLOAD-middle-0-0-GEO-rear-hinge-pin.001--export
Fra:1 Mem:109.65M (Peak 109.65M) | Time:00:00.08 | Mem:0.00M, Peak:0.00M | Scene, ViewLayer | Synchronizing object | PAYLOAD-middle-1-1-GEO-44mm-clear-stack-receiver.002--export
Fra:1 Mem:109.62M (Peak 109.65M) | Time:00:00.08 | Mem:0.00M, Peak:0.00M | Scene, ViewLayer | Synchronizing object | PAYLOAD-middle-1-1-GEO-44mm-clear-stack-receiver.001--export
Fra:1 Mem:109.61M (Peak 109.65M) | Time:00:00.08 | Mem:0.00M, Peak:0.00M | Scene, ViewLayer | Synchronizing object | PAYLOAD-middle-0-0-GEO-side-inset-backing--export
Fra:1 Mem:109.67M (Peak 109.67M) | Time:00:00.08 | Mem:0.00M, Peak:0.00M | Scene, ViewLayer | Synchronizing object | PAYLOAD-middle-1-1-GEO-44mm-clear-stack-receiver--export
Fra:1 Mem:109.67M (Peak 109.67M) | Time:00:00.08 | Mem:0.00M, Peak:0.00M | Scene, ViewLayer | Synchronizing object | PAYLOAD-middle-0-0-GEO-fitted-side-panel--export
Fra:1 Mem:109.67M (Peak 109.67M) | Time:00:00.08 | Mem:0.00M, Peak:0.00M | Scene, ViewLayer | Synchronizing object | PAYLOAD-middle-1-1-GEO-stack-receiver-base--export
Fra:1 Mem:109.76M (Peak 109.76M) | Time:00:00.08 | Mem:0.00M, Peak:0.00M | Scene, ViewLayer | Synchronizing object | PAYLOAD-middle-1-1-GEO-front-fitted-panel--export
Fra:1 Mem:109.74M (Peak 109.76M) | Time:00:00.08 | Mem:0.00M, Peak:0.00M | Scene, ViewLayer | Synchronizing object | PAYLOAD-middle-0-0-GEO-grip-backing--export
Fra:1 Mem:109.80M (Peak 109.80M) | Time:00:00.08 | Mem:0.00M, Peak:0.00M | Scene, ViewLayer | Synchronizing object | PAYLOAD-middle-0-0-GEO-grip-support--export
Fra:1 Mem:109.76M (Peak 109.80M) | Time:00:00.08 | Mem:0.00M, Peak:0.00M | Scene, ViewLayer | Synchronizing object | PAYLOAD-middle-1-1-GEO-front-inset--export
Fra:1 Mem:109.81M (Peak 109.81M) | Time:00:00.08 | Mem:0.00M, Peak:0.00M | Scene, ViewLayer | Synchronizing object | PAYLOAD-middle-0-0-GEO-grip-support.001--export
Fra:1 Mem:109.82M (Peak 109.82M) | Time:00:00.08 | Mem:0.00M, Peak:0.00M | Scene, ViewLayer | Synchronizing object | PAYLOAD-middle-0-0-GEO-glove-grip--export
Fra:1 Mem:109.81M (Peak 109.82M) | Time:00:00.08 | Mem:0.00M, Peak:0.00M | Scene, ViewLayer | Synchronizing object | PAYLOAD-middle-1-1-GEO-service-cartridge.001--export
Fra:1 Mem:109.90M (Peak 109.90M) | Time:00:00.08 | Mem:0.00M, Peak:0.00M | Scene, ViewLayer | Synchronizing object | PAYLOAD-middle-1-1-GEO-glove-grip.001--export
Fra:1 Mem:109.94M (Peak 109.94M) | Time:00:00.08 | Mem:0.00M, Peak:0.00M | Scene, ViewLayer | Synchronizing object | PAYLOAD-middle-0-0-GEO-service-cartridge--export
Fra:1 Mem:109.94M (Peak 109.94M) | Time:00:00.08 | Mem:0.00M, Peak:0.00M | Scene, ViewLayer | Synchronizing object | PAYLOAD-middle-0-0-GEO-side-inset-backing.001--export
Fra:1 Mem:109.90M (Peak 109.94M) | Time:00:00.08 | Mem:0.00M, Peak:0.00M | Scene, ViewLayer | Synchronizing object | PAYLOAD-middle-1-1-GEO-grip-support.003--export
Fra:1 Mem:109.98M (Peak 109.98M) | Time:00:00.08 | Mem:0.00M, Peak:0.00M | Scene, ViewLayer | Synchronizing object | PAYLOAD-middle-1-1-GEO-grip-support.002--export
Fra:1 Mem:109.96M (Peak 109.98M) | Time:00:00.08 | Mem:0.00M, Peak:0.00M | Scene, ViewLayer | Synchronizing object | PAYLOAD-middle-0-0-GEO-fitted-side-panel.001--export
Fra:1 Mem:109.99M (Peak 109.99M) | Time:00:00.08 | Mem:0.00M, Peak:0.00M | Scene, ViewLayer | Synchronizing object | PAYLOAD-middle-1-1-GEO-grip-backing.001--export
Fra:1 Mem:110.04M (Peak 110.04M) | Time:00:00.08 | Mem:0.00M, Peak:0.00M | Scene, ViewLayer | Synchronizing object | PAYLOAD-middle-1-1-GEO-fitted-side-panel.001--export
Fra:1 Mem:110.05M (Peak 110.05M) | Time:00:00.08 | Mem:0.00M, Peak:0.00M | Scene, ViewLayer | Synchronizing object | PAYLOAD-middle-0-0-GEO-grip-backing.001--export
Fra:1 Mem:110.07M (Peak 110.07M) | Time:00:00.08 | Mem:0.00M, Peak:0.00M | Scene, ViewLayer | Synchronizing object | PAYLOAD-middle-0-0-GEO-grip-support.002--export
Fra:1 Mem:110.06M (Peak 110.07M) | Time:00:00.08 | Mem:0.00M, Peak:0.00M | Scene, ViewLayer | Synchronizing object | PAYLOAD-middle-1-1-GEO-side-inset-backing.001--export
Fra:1 Mem:110.09M (Peak 110.09M) | Time:00:00.08 | Mem:0.00M, Peak:0.00M | Scene, ViewLayer | Synchronizing object | PAYLOAD-middle-0-0-GEO-grip-support.003--export
Fra:1 Mem:110.12M (Peak 110.12M) | Time:00:00.08 | Mem:0.00M, Peak:0.00M | Scene, ViewLayer | Synchronizing object | PAYLOAD-middle-1-1-GEO-service-cartridge--export
Fra:1 Mem:110.09M (Peak 110.12M) | Time:00:00.08 | Mem:0.00M, Peak:0.00M | Scene, ViewLayer | Synchronizing object | PAYLOAD-middle-0-0-GEO-glove-grip.001--export
Fra:1 Mem:110.14M (Peak 110.14M) | Time:00:00.08 | Mem:0.00M, Peak:0.00M | Scene, ViewLayer | Synchronizing object | PAYLOAD-middle-1-1-GEO-glove-grip--export
Fra:1 Mem:110.21M (Peak 110.21M) | Time:00:00.08 | Mem:0.00M, Peak:0.00M | Scene, ViewLayer | Synchronizing object | PAYLOAD-middle-0-0-GEO-service-cartridge.001--export
Fra:1 Mem:110.19M (Peak 110.21M) | Time:00:00.08 | Mem:0.00M, Peak:0.00M | Scene, ViewLayer | Synchronizing object | PAYLOAD-middle-1-1-GEO-grip-support.001--export
Fra:1 Mem:110.21M (Peak 110.21M) | Time:00:00.08 | Mem:0.00M, Peak:0.00M | Scene, ViewLayer | Synchronizing object | PAYLOAD-middle-0-0-GEO-front-inset--export
Fra:1 Mem:110.22M (Peak 110.22M) | Time:00:00.08 | Mem:0.00M, Peak:0.00M | Scene, ViewLayer | Synchronizing object | PAYLOAD-middle-1-1-GEO-grip-support--export
Fra:1 Mem:110.27M (Peak 110.27M) | Time:00:00.08 | Mem:0.00M, Peak:0.00M | Scene, ViewLayer | Synchronizing object | PAYLOAD-middle-1-1-GEO-grip-backing--export
Fra:1 Mem:110.27M (Peak 110.27M) | Time:00:00.08 | Mem:0.00M, Peak:0.00M | Scene, ViewLayer | Synchronizing object | PAYLOAD-middle-0-0-GEO-front-fitted-panel--export
Fra:1 Mem:110.28M (Peak 110.28M) | Time:00:00.08 | Mem:0.00M, Peak:0.00M | Scene, ViewLayer | Synchronizing object | PAYLOAD-middle-1-1-GEO-fitted-side-panel--export
Fra:1 Mem:110.35M (Peak 110.35M) | Time:00:00.08 | Mem:0.00M, Peak:0.00M | Scene, ViewLayer | Synchronizing object | PAYLOAD-middle-0-0-GEO-stack-receiver-base--export
Fra:1 Mem:110.31M (Peak 110.35M) | Time:00:00.08 | Mem:0.00M, Peak:0.00M | Scene, ViewLayer | Synchronizing object | PAYLOAD-middle-1-1-GEO-side-inset-backing--export
Fra:1 Mem:110.36M (Peak 110.36M) | Time:00:00.08 | Mem:0.00M, Peak:0.00M | Scene, ViewLayer | Synchronizing object | PAYLOAD-middle-0-0-GEO-44mm-clear-stack-receiver--export
Fra:1 Mem:110.36M (Peak 110.36M) | Time:00:00.08 | Mem:0.00M, Peak:0.00M | Scene, ViewLayer | Synchronizing object | PAYLOAD-middle-1-1-GEO-rear-hinge-pin.001--export
Fra:1 Mem:110.36M (Peak 110.36M) | Time:00:00.08 | Mem:0.00M, Peak:0.00M | Scene, ViewLayer | Synchronizing object | PAYLOAD-middle-0-0-GEO-44mm-clear-stack-receiver.001--export
Fra:1 Mem:110.45M (Peak 110.45M) | Time:00:00.08 | Mem:0.00M, Peak:0.00M | Scene, ViewLayer | Synchronizing object | PAYLOAD-middle-0-0-GEO-44mm-clear-stack-receiver.002--export
Fra:1 Mem:110.45M (Peak 110.45M) | Time:00:00.08 | Mem:0.00M, Peak:0.00M | Scene, ViewLayer | Synchronizing object | PAYLOAD-middle-1-1-GEO-rear-hinge-pin--export
Fra:1 Mem:110.49M (Peak 110.49M) | Time:00:00.08 | Mem:0.00M, Peak:0.00M | Scene, ViewLayer | Synchronizing object | PAYLOAD-middle-0-0-GEO-44mm-clear-stack-receiver.003--export
Fra:1 Mem:110.51M (Peak 110.51M) | Time:00:00.08 | Mem:0.00M, Peak:0.00M | Scene, ViewLayer | Synchronizing object | PAYLOAD-middle-0-0-GEO-stack-receiver-base.001--export
Fra:1 Mem:110.49M (Peak 110.51M) | Time:00:00.08 | Mem:0.00M, Peak:0.00M | Scene, ViewLayer | Synchronizing object | PAYLOAD-middle-1-1-GEO-lid-toggle.001--export
Fra:1 Mem:110.50M (Peak 110.51M) | Time:00:00.08 | Mem:0.00M, Peak:0.00M | Scene, ViewLayer | Synchronizing object | PAYLOAD-middle-0-0-GEO-44mm-clear-stack-receiver.004--export
Fra:1 Mem:110.53M (Peak 110.53M) | Time:00:00.08 | Mem:0.00M, Peak:0.00M | Scene, ViewLayer | Synchronizing object | PAYLOAD-middle-1-1-GEO-lid-latch-leaf.001--export
Fra:1 Mem:110.53M (Peak 110.53M) | Time:00:00.08 | Mem:0.00M, Peak:0.00M | Scene, ViewLayer | Synchronizing object | PAYLOAD-middle-0-0-GEO-44mm-clear-stack-receiver.005--export
Fra:1 Mem:110.56M (Peak 110.56M) | Time:00:00.08 | Mem:0.00M, Peak:0.00M | Scene, ViewLayer | Synchronizing object | PAYLOAD-middle-1-1-GEO-lid-toggle--export
Fra:1 Mem:110.56M (Peak 110.56M) | Time:00:00.08 | Mem:0.00M, Peak:0.00M | Scene, ViewLayer | Synchronizing object | PAYLOAD-middle-0-0-GEO-44mm-clear-stack-receiver.006--export
Fra:1 Mem:110.59M (Peak 110.59M) | Time:00:00.08 | Mem:0.00M, Peak:0.00M | Scene, ViewLayer | Synchronizing object | PAYLOAD-middle-1-1-GEO-lid-latch-leaf--export
Fra:1 Mem:110.59M (Peak 110.59M) | Time:00:00.08 | Mem:0.00M, Peak:0.00M | Scene, ViewLayer | Synchronizing object | PAYLOAD-middle-0-0-GEO-44mm-clear-stack-receiver.007--export
Fra:1 Mem:110.61M (Peak 110.61M) | Time:00:00.08 | Mem:0.00M, Peak:0.00M | Scene, ViewLayer | Synchronizing object | PAYLOAD-middle-1-1-GEO-lid-cap-end-step.001--export
Fra:1 Mem:110.63M (Peak 110.63M) | Time:00:00.08 | Mem:0.00M, Peak:0.00M | Scene, ViewLayer | Synchronizing object | PAYLOAD-middle-0-0-GEO-stack-receiver-base.002--export
Fra:1 Mem:110.64M (Peak 110.64M) | Time:00:00.08 | Mem:0.00M, Peak:0.00M | Scene, ViewLayer | Synchronizing object | PAYLOAD-middle-1-1-GEO-lid-cap-end-step--export
Fra:1 Mem:110.66M (Peak 110.66M) | Time:00:00.08 | Mem:0.00M, Peak:0.00M | Scene, ViewLayer | Synchronizing object | PAYLOAD-middle-0-0-GEO-44mm-clear-stack-receiver.008--export
Fra:1 Mem:110.67M (Peak 110.67M) | Time:00:00.08 | Mem:0.00M, Peak:0.00M | Scene, ViewLayer | Synchronizing object | PAYLOAD-middle-1-1-GEO-lid-fitted-cap--export
Fra:1 Mem:110.68M (Peak 110.68M) | Time:00:00.08 | Mem:0.00M, Peak:0.00M | Scene, ViewLayer | Synchronizing object | PAYLOAD-middle-0-0-GEO-44mm-clear-stack-receiver.009--export
Fra:1 Mem:110.70M (Peak 110.70M) | Time:00:00.08 | Mem:0.00M, Peak:0.00M | Scene, ViewLayer | Synchronizing object | PAYLOAD-middle-1-1-GEO-lid-recess-base--export
Fra:1 Mem:110.70M (Peak 110.70M) | Time:00:00.08 | Mem:0.00M, Peak:0.00M | Scene, ViewLayer | Synchronizing object | PAYLOAD-middle-0-0-GEO-44mm-clear-stack-receiver.010--export
Fra:1 Mem:110.73M (Peak 110.73M) | Time:00:00.08 | Mem:0.00M, Peak:0.00M | Scene, ViewLayer | Synchronizing object | PAYLOAD-middle-1-1-GEO-lid-shoulder-band.001--export
Fra:1 Mem:110.73M (Peak 110.73M) | Time:00:00.08 | Mem:0.00M, Peak:0.00M | Scene, ViewLayer | Synchronizing object | PAYLOAD-middle-0-0-GEO-44mm-clear-stack-receiver.011--export
Fra:1 Mem:110.73M (Peak 110.73M) | Time:00:00.08 | Mem:0.00M, Peak:0.00M | Scene, ViewLayer | Synchronizing object | PAYLOAD-middle-1-1-GEO-lid-shoulder-band--export
Fra:1 Mem:110.76M (Peak 110.76M) | Time:00:00.08 | Mem:0.00M, Peak:0.00M | Scene, ViewLayer | Synchronizing object | PAYLOAD-middle-0-0-GEO-stack-receiver-base.003--export
Fra:1 Mem:110.77M (Peak 110.77M) | Time:00:00.08 | Mem:0.00M, Peak:0.00M | Scene, ViewLayer | Synchronizing object | PAYLOAD-middle-1-1-GEO-opening-layered-lid--export
Fra:1 Mem:110.78M (Peak 110.78M) | Time:00:00.08 | Mem:0.00M, Peak:0.00M | Scene, ViewLayer | Synchronizing object | PAYLOAD-middle-0-0-GEO-44mm-clear-stack-receiver.012--export
Fra:1 Mem:110.80M (Peak 110.80M) | Time:00:00.08 | Mem:0.00M, Peak:0.00M | Scene, ViewLayer | Synchronizing object | PAYLOAD-middle-1-1-GEO-stepped-corner-armor.007--export
Fra:1 Mem:110.82M (Peak 110.82M) | Time:00:00.08 | Mem:0.00M, Peak:0.00M | Scene, ViewLayer | Synchronizing object | PAYLOAD-middle-0-0-GEO-44mm-clear-stack-receiver.013--export
Fra:1 Mem:110.83M (Peak 110.85M) | Time:00:00.08 | Mem:0.00M, Peak:0.00M | Scene, ViewLayer | Synchronizing object | PAYLOAD-middle-1-1-GEO-stepped-corner-armor.006--export
Fra:1 Mem:110.85M (Peak 110.85M) | Time:00:00.08 | Mem:0.00M, Peak:0.00M | Scene, ViewLayer | Synchronizing object | PAYLOAD-middle-0-0-GEO-44mm-clear-stack-receiver.014--export
Fra:1 Mem:110.86M (Peak 110.86M) | Time:00:00.08 | Mem:0.00M, Peak:0.00M | Scene, ViewLayer | Synchronizing object | PAYLOAD-middle-1-1-GEO-corner-load-column.003--export
Fra:1 Mem:110.86M (Peak 110.86M) | Time:00:00.08 | Mem:0.00M, Peak:0.00M | Scene, ViewLayer | Synchronizing object | PAYLOAD-middle-0-0-GEO-44mm-clear-stack-receiver.015--export
Fra:1 Mem:110.89M (Peak 110.89M) | Time:00:00.08 | Mem:0.00M, Peak:0.00M | Scene, ViewLayer | Synchronizing object | PAYLOAD-middle-1-1-GEO-stepped-corner-armor.005--export
Fra:1 Mem:110.91M (Peak 110.91M) | Time:00:00.08 | Mem:0.00M, Peak:0.00M | Scene, ViewLayer | Synchronizing object | PAYLOAD-middle-1-1-GEO-stepped-corner-armor.004--export
Fra:1 Mem:110.93M (Peak 110.93M) | Time:00:00.08 | Mem:0.00M, Peak:0.00M | Scene, ViewLayer | Synchronizing object | PAYLOAD-middle-1-1-GEO-corner-load-column.002--export
Fra:1 Mem:110.93M (Peak 110.93M) | Time:00:00.08 | Mem:0.00M, Peak:0.00M | Scene, ViewLayer | Synchronizing object | PAYLOAD-middle-0-0-GEO-marking-STA / S--export
Fra:1 Mem:110.95M (Peak 110.95M) | Time:00:00.08 | Mem:0.00M, Peak:0.00M | Scene, ViewLayer | Synchronizing object | PAYLOAD-middle-1-1-GEO-stepped-corner-armor.003--export
Fra:1 Mem:111.21M (Peak 111.21M) | Time:00:00.08 | Mem:0.00M, Peak:0.00M | Scene, ViewLayer | Synchronizing object | PAYLOAD-middle-1-1-GEO-stepped-corner-armor.002--export
Fra:1 Mem:111.11M (Peak 111.21M) | Time:00:00.08 | Mem:0.00M, Peak:0.00M | Scene, ViewLayer | Synchronizing object | PAYLOAD-middle-1-1-GEO-corner-load-column.001--export
Fra:1 Mem:111.14M (Peak 111.21M) | Time:00:00.08 | Mem:0.00M, Peak:0.00M | Scene, ViewLayer | Synchronizing object | PAYLOAD-middle-1-1-GEO-stepped-corner-armor.001--export
Fra:1 Mem:111.29M (Peak 111.29M) | Time:00:00.08 | Mem:0.00M, Peak:0.00M | Scene, ViewLayer | Synchronizing object | PAYLOAD-middle-1-1-GEO-stepped-corner-armor--export
Fra:1 Mem:111.30M (Peak 111.30M) | Time:00:00.08 | Mem:0.00M, Peak:0.00M | Scene, ViewLayer | Synchronizing object | PAYLOAD-middle-1-1-GEO-corner-load-column--export
Fra:1 Mem:111.30M (Peak 111.30M) | Time:00:00.08 | Mem:0.00M, Peak:0.00M | Scene, ViewLayer | Synchronizing object | PAYLOAD-middle-1-1-GEO-closed-front-wall--export
Fra:1 Mem:111.16M (Peak 111.30M) | Time:00:00.08 | Mem:0.00M, Peak:0.00M | Scene, ViewLayer | Synchronizing object | PAYLOAD-middle-0-0-GEO-fixed-top-frame--export
Fra:1 Mem:111.16M (Peak 111.30M) | Time:00:00.08 | Mem:0.00M, Peak:0.00M | Scene, ViewLayer | Synchronizing object | PAYLOAD-middle-1-1-GEO-closed-rear-wall--export
Fra:1 Mem:111.19M (Peak 111.30M) | Time:00:00.08 | Mem:0.00M, Peak:0.00M | Scene, ViewLayer | Synchronizing object | PAYLOAD-middle-0-0-GEO-fixed-top-frame.001--export
Fra:1 Mem:111.20M (Peak 111.30M) | Time:00:00.08 | Mem:0.00M, Peak:0.00M | Scene, ViewLayer | Synchronizing object | PAYLOAD-middle-1-1-GEO-closed-side-wall.001--export
Fra:1 Mem:111.22M (Peak 111.30M) | Time:00:00.08 | Mem:0.00M, Peak:0.00M | Scene, ViewLayer | Synchronizing object | PAYLOAD-middle-0-0-GEO-fixed-top-frame.002--export
Fra:1 Mem:111.23M (Peak 111.30M) | Time:00:00.08 | Mem:0.00M, Peak:0.00M | Scene, ViewLayer | Synchronizing object | PAYLOAD-middle-1-1-GEO-closed-side-wall--export
Fra:1 Mem:111.25M (Peak 111.30M) | Time:00:00.08 | Mem:0.00M, Peak:0.00M | Scene, ViewLayer | Synchronizing object | PAYLOAD-middle-0-0-GEO-fixed-top-frame.003--export
Fra:1 Mem:111.25M (Peak 111.30M) | Time:00:00.08 | Mem:0.00M, Peak:0.00M | Scene, ViewLayer | Synchronizing object | PAYLOAD-middle-1-1-GEO-sealed-floor--export
Fra:1 Mem:111.26M (Peak 111.30M) | Time:00:00.08 | Mem:0.00M, Peak:0.00M | Scene, ViewLayer | Synchronizing object | PAYLOAD-middle-0-0-GEO-lid-support-ledge--export
Fra:1 Mem:111.28M (Peak 111.30M) | Time:00:00.08 | Mem:0.00M, Peak:0.00M | Scene, ViewLayer | Synchronizing object | PAYLOAD-middle-1-1-GEO-40mm-locating-foot.003--export
Fra:1 Mem:111.29M (Peak 111.30M) | Time:00:00.08 | Mem:0.00M, Peak:0.00M | Scene, ViewLayer | Synchronizing object | PAYLOAD-middle-0-0-GEO-inset-lid-gasket--export
Fra:1 Mem:111.29M (Peak 111.30M) | Time:00:00.08 | Mem:0.00M, Peak:0.00M | Scene, ViewLayer | Synchronizing object | PAYLOAD-middle-1-1-GEO-40mm-locating-foot.002--export
Fra:1 Mem:111.31M (Peak 111.31M) | Time:00:00.08 | Mem:0.00M, Peak:0.00M | Scene, ViewLayer | Synchronizing object | PAYLOAD-middle-0-0-GEO-lid-support-ledge.001--export
Fra:1 Mem:111.34M (Peak 111.34M) | Time:00:00.08 | Mem:0.00M, Peak:0.00M | Scene, ViewLayer | Synchronizing object | PAYLOAD-middle-1-1-GEO-40mm-locating-foot.001--export
Fra:1 Mem:111.36M (Peak 111.36M) | Time:00:00.08 | Mem:0.00M, Peak:0.00M | Scene, ViewLayer | Synchronizing object | PAYLOAD-middle-0-0-GEO-inset-lid-gasket.001--export
Fra:1 Mem:111.36M (Peak 111.36M) | Time:00:00.08 | Mem:0.00M, Peak:0.00M | Scene, ViewLayer | Synchronizing object | PAYLOAD-middle-1-1-GEO-40mm-locating-foot--export
Fra:1 Mem:111.39M (Peak 111.39M) | Time:00:00.08 | Mem:0.00M, Peak:0.00M | Scene, ViewLayer | Synchronizing object | PAYLOAD-middle-0-0-GEO-lid-support-ledge.002--export
Fra:1 Mem:111.37M (Peak 111.39M) | Time:00:00.08 | Mem:0.00M, Peak:0.00M | Scene, ViewLayer | Synchronizing object | PAYLOAD-middle-1-1-GEO-crossmember.001--export
Fra:1 Mem:111.41M (Peak 111.41M) | Time:00:00.08 | Mem:0.00M, Peak:0.00M | Scene, ViewLayer | Synchronizing object | PAYLOAD-middle-0-0-GEO-inset-lid-gasket.002--export
Fra:1 Mem:111.39M (Peak 111.41M) | Time:00:00.08 | Mem:0.00M, Peak:0.00M | Scene, ViewLayer | Synchronizing object | PAYLOAD-middle-1-1-GEO-crossmember--export
Fra:1 Mem:111.44M (Peak 111.44M) | Time:00:00.08 | Mem:0.00M, Peak:0.00M | Scene, ViewLayer | Synchronizing object | PAYLOAD-middle-0-0-GEO-lid-support-ledge.003--export
Fra:1 Mem:111.42M (Peak 111.44M) | Time:00:00.08 | Mem:0.00M, Peak:0.00M | Scene, ViewLayer | Synchronizing object | PAYLOAD-middle-1-1-GEO-load-skid.001--export
Fra:1 Mem:111.47M (Peak 111.47M) | Time:00:00.08 | Mem:0.00M, Peak:0.00M | Scene, ViewLayer | Synchronizing object | PAYLOAD-middle-0-0-GEO-inset-lid-gasket.003--export
Fra:1 Mem:111.45M (Peak 111.47M) | Time:00:00.08 | Mem:0.00M, Peak:0.00M | Scene, ViewLayer | Synchronizing object | PAYLOAD-middle-1-1-GEO-load-skid--export
Fra:1 Mem:111.49M (Peak 111.49M) | Time:00:00.08 | Mem:0.00M, Peak:0.00M | Scene, ViewLayer | Synchronizing object | PAYLOAD-middle-0-0-GEO-lid-latch-connecting-bridge--export
Fra:1 Mem:111.48M (Peak 111.49M) | Time:00:00.08 | Mem:0.00M, Peak:0.00M | Scene, ViewLayer | Synchronizing object | PAYLOAD-middle-1-0-GEO-fixed-rear-hinge-saddle.003--export
Fra:1 Mem:111.53M (Peak 111.53M) | Time:00:00.08 | Mem:0.00M, Peak:0.00M | Scene, ViewLayer | Synchronizing object | PAYLOAD-middle-0-0-GEO-lid-latch-connecting-bridge.001--export
Fra:1 Mem:111.51M (Peak 111.53M) | Time:00:00.08 | Mem:0.00M, Peak:0.00M | Scene, ViewLayer | Synchronizing object | PAYLOAD-middle-1-0-GEO-fixed-rear-hinge-saddle.002--export
Fra:1 Mem:111.56M (Peak 111.56M) | Time:00:00.08 | Mem:0.00M, Peak:0.00M | Scene, ViewLayer | Synchronizing object | PAYLOAD-middle-0-0-GEO-fixed-rear-hinge-saddle--export
Fra:1 Mem:111.56M (Peak 111.56M) | Time:00:00.08 | Mem:0.00M, Peak:0.00M | Scene, ViewLayer | Synchronizing object | PAYLOAD-middle-1-0-GEO-fixed-rear-hinge-saddle.001--export
Fra:1 Mem:111.59M (Peak 111.59M) | Time:00:00.08 | Mem:0.00M, Peak:0.00M | Scene, ViewLayer | Synchronizing object | PAYLOAD-middle-0-0-GEO-fixed-rear-hinge-saddle.001--export
Fra:1 Mem:111.60M (Peak 111.60M) | Time:00:00.08 | Mem:0.00M, Peak:0.00M | Scene, ViewLayer | Synchronizing object | PAYLOAD-middle-1-0-GEO-fixed-rear-hinge-saddle--export
Fra:1 Mem:111.60M (Peak 111.60M) | Time:00:00.08 | Mem:0.00M, Peak:0.00M | Scene, ViewLayer | Synchronizing object | PAYLOAD-middle-0-0-GEO-fixed-rear-hinge-saddle.002--export
Fra:1 Mem:111.62M (Peak 111.62M) | Time:00:00.08 | Mem:0.00M, Peak:0.00M | Scene, ViewLayer | Synchronizing object | PAYLOAD-middle-1-0-GEO-lid-latch-connecting-bridge.001--export
Fra:1 Mem:111.64M (Peak 111.64M) | Time:00:00.08 | Mem:0.00M, Peak:0.00M | Scene, ViewLayer | Synchronizing object | PAYLOAD-middle-0-0-GEO-fixed-rear-hinge-saddle.003--export
Fra:1 Mem:111.65M (Peak 111.65M) | Time:00:00.08 | Mem:0.00M, Peak:0.00M | Scene, ViewLayer | Synchronizing object | PAYLOAD-middle-1-0-GEO-lid-latch-connecting-bridge--export
Fra:1 Mem:111.67M (Peak 111.67M) | Time:00:00.08 | Mem:0.00M, Peak:0.00M | Scene, ViewLayer | Synchronizing object | PAYLOAD-middle-0-1-GEO-load-skid--export
Fra:1 Mem:111.67M (Peak 111.67M) | Time:00:00.08 | Mem:0.00M, Peak:0.00M | Scene, ViewLayer | Synchronizing object | PAYLOAD-middle-1-0-GEO-inset-lid-gasket.003--export
Fra:1 Mem:111.70M (Peak 111.70M) | Time:00:00.08 | Mem:0.00M, Peak:0.00M | Scene, ViewLayer | Synchronizing object | PAYLOAD-middle-0-1-GEO-load-skid.001--export
Fra:1 Mem:111.68M (Peak 111.70M) | Time:00:00.08 | Mem:0.00M, Peak:0.00M | Scene, ViewLayer | Synchronizing object | PAYLOAD-middle-1-0-GEO-lid-support-ledge.003--export
Fra:1 Mem:111.73M (Peak 111.73M) | Time:00:00.08 | Mem:0.00M, Peak:0.00M | Scene, ViewLayer | Synchronizing object | PAYLOAD-middle-0-1-GEO-crossmember--export
Fra:1 Mem:111.70M (Peak 111.73M) | Time:00:00.08 | Mem:0.00M, Peak:0.00M | Scene, ViewLayer | Synchronizing object | PAYLOAD-middle-1-0-GEO-inset-lid-gasket.002--export
Fra:1 Mem:111.76M (Peak 111.76M) | Time:00:00.08 | Mem:0.00M, Peak:0.00M | Scene, ViewLayer | Synchronizing object | PAYLOAD-middle-1-0-GEO-lid-support-ledge.002--export
Fra:1 Mem:111.73M (Peak 111.76M) | Time:00:00.08 | Mem:0.00M, Peak:0.00M | Scene, ViewLayer | Synchronizing object | PAYLOAD-middle-0-1-GEO-crossmember.001--export
Fra:1 Mem:111.78M (Peak 111.78M) | Time:00:00.08 | Mem:0.00M, Peak:0.00M | Scene, ViewLayer | Synchronizing object | PAYLOAD-middle-1-0-GEO-inset-lid-gasket.001--export
Fra:1 Mem:111.76M (Peak 111.78M) | Time:00:00.08 | Mem:0.00M, Peak:0.00M | Scene, ViewLayer | Synchronizing object | PAYLOAD-middle-0-1-GEO-40mm-locating-foot--export
Fra:1 Mem:111.81M (Peak 111.81M) | Time:00:00.08 | Mem:0.00M, Peak:0.00M | Scene, ViewLayer | Synchronizing object | PAYLOAD-middle-1-0-GEO-lid-support-ledge.001--export
Fra:1 Mem:111.79M (Peak 111.81M) | Time:00:00.08 | Mem:0.00M, Peak:0.00M | Scene, ViewLayer | Synchronizing object | PAYLOAD-middle-0-1-GEO-40mm-locating-foot.001--export
Fra:1 Mem:111.82M (Peak 111.82M) | Time:00:00.08 | Mem:0.00M, Peak:0.00M | Scene, ViewLayer | Synchronizing object | PAYLOAD-middle-1-0-GEO-inset-lid-gasket--export
Fra:1 Mem:111.82M (Peak 111.82M) | Time:00:00.08 | Mem:0.00M, Peak:0.00M | Scene, ViewLayer | Synchronizing object | PAYLOAD-middle-0-1-GEO-40mm-locating-foot.002--export
Fra:1 Mem:111.86M (Peak 111.86M) | Time:00:00.08 | Mem:0.00M, Peak:0.00M | Scene, ViewLayer | Synchronizing object | PAYLOAD-middle-1-0-GEO-lid-support-ledge--export
Fra:1 Mem:111.85M (Peak 111.86M) | Time:00:00.08 | Mem:0.00M, Peak:0.00M | Scene, ViewLayer | Synchronizing object | PAYLOAD-middle-0-1-GEO-40mm-locating-foot.003--export
Fra:1 Mem:111.90M (Peak 111.90M) | Time:00:00.08 | Mem:0.00M, Peak:0.00M | Scene, ViewLayer | Synchronizing object | PAYLOAD-middle-1-0-GEO-fixed-top-frame.003--export
Fra:1 Mem:111.87M (Peak 111.90M) | Time:00:00.08 | Mem:0.00M, Peak:0.00M | Scene, ViewLayer | Synchronizing object | PAYLOAD-middle-0-1-GEO-sealed-floor--export
Fra:1 Mem:111.90M (Peak 111.90M) | Time:00:00.08 | Mem:0.00M, Peak:0.00M | Scene, ViewLayer | Synchronizing object | PAYLOAD-middle-1-0-GEO-fixed-top-frame.002--export
Fra:1 Mem:111.90M (Peak 111.90M) | Time:00:00.08 | Mem:0.00M, Peak:0.00M | Scene, ViewLayer | Synchronizing object | PAYLOAD-middle-0-1-GEO-closed-side-wall--export
Fra:1 Mem:111.95M (Peak 111.95M) | Time:00:00.08 | Mem:0.00M, Peak:0.00M | Scene, ViewLayer | Synchronizing object | PAYLOAD-middle-1-0-GEO-fixed-top-frame.001--export
Fra:1 Mem:111.93M (Peak 111.95M) | Time:00:00.08 | Mem:0.00M, Peak:0.00M | Scene, ViewLayer | Synchronizing object | PAYLOAD-middle-0-1-GEO-closed-side-wall.001--export
Fra:1 Mem:111.96M (Peak 111.96M) | Time:00:00.08 | Mem:0.00M, Peak:0.00M | Scene, ViewLayer | Synchronizing object | PAYLOAD-middle-1-0-GEO-fixed-top-frame--export
Fra:1 Mem:111.96M (Peak 111.96M) | Time:00:00.08 | Mem:0.00M, Peak:0.00M | Scene, ViewLayer | Synchronizing object | PAYLOAD-middle-0-1-GEO-closed-rear-wall--export
Fra:1 Mem:112.00M (Peak 112.00M) | Time:00:00.08 | Mem:0.00M, Peak:0.00M | Scene, ViewLayer | Synchronizing object | PAYLOAD-middle-1-0-GEO-marking-STA / S--export
Fra:1 Mem:111.99M (Peak 112.00M) | Time:00:00.08 | Mem:0.00M, Peak:0.00M | Scene, ViewLayer | Synchronizing object | PAYLOAD-middle-0-1-GEO-closed-front-wall--export
Fra:1 Mem:112.23M (Peak 112.23M) | Time:00:00.08 | Mem:0.00M, Peak:0.00M | Scene, ViewLayer | Synchronizing object | PAYLOAD-middle-0-1-GEO-corner-load-column--export
Fra:1 Mem:112.18M (Peak 112.23M) | Time:00:00.08 | Mem:0.00M, Peak:0.00M | Scene, ViewLayer | Synchronizing object | PAYLOAD-middle-0-1-GEO-stepped-corner-armor--export
Fra:1 Mem:112.21M (Peak 112.23M) | Time:00:00.08 | Mem:0.00M, Peak:0.00M | Scene, ViewLayer | Synchronizing object | PAYLOAD-middle-0-1-GEO-stepped-corner-armor.001--export
Fra:1 Mem:112.36M (Peak 112.36M) | Time:00:00.08 | Mem:0.00M, Peak:0.00M | Scene, ViewLayer | Synchronizing object | PAYLOAD-middle-0-1-GEO-corner-load-column.001--export
Fra:1 Mem:112.37M (Peak 112.37M) | Time:00:00.08 | Mem:0.00M, Peak:0.00M | Scene, ViewLayer | Synchronizing object | PAYLOAD-middle-0-1-GEO-stepped-corner-armor.002--export
Fra:1 Mem:112.22M (Peak 112.37M) | Time:00:00.08 | Mem:0.00M, Peak:0.00M | Scene, ViewLayer | Synchronizing object | PAYLOAD-middle-0-1-GEO-stepped-corner-armor.003--export
Fra:1 Mem:112.19M (Peak 112.37M) | Time:00:00.08 | Mem:0.00M, Peak:0.00M | Scene, ViewLayer | Synchronizing object | PAYLOAD-middle-1-0-GEO-44mm-clear-stack-receiver.015--export
Fra:1 Mem:112.24M (Peak 112.37M) | Time:00:00.08 | Mem:0.00M, Peak:0.00M | Scene, ViewLayer | Synchronizing object | PAYLOAD-middle-0-1-GEO-corner-load-column.002--export
Fra:1 Mem:112.24M (Peak 112.37M) | Time:00:00.08 | Mem:0.00M, Peak:0.00M | Scene, ViewLayer | Synchronizing object | PAYLOAD-middle-1-0-GEO-44mm-clear-stack-receiver.014--export
Fra:1 Mem:112.27M (Peak 112.37M) | Time:00:00.08 | Mem:0.00M, Peak:0.00M | Scene, ViewLayer | Synchronizing object | PAYLOAD-middle-0-1-GEO-stepped-corner-armor.004--export
Fra:1 Mem:112.27M (Peak 112.37M) | Time:00:00.08 | Mem:0.00M, Peak:0.00M | Scene, ViewLayer | Synchronizing object | PAYLOAD-middle-1-0-GEO-44mm-clear-stack-receiver.013--export
Fra:1 Mem:112.30M (Peak 112.37M) | Time:00:00.08 | Mem:0.00M, Peak:0.00M | Scene, ViewLayer | Synchronizing object | PAYLOAD-middle-0-1-GEO-stepped-corner-armor.005--export
Fra:1 Mem:112.30M (Peak 112.37M) | Time:00:00.08 | Mem:0.00M, Peak:0.00M | Scene, ViewLayer | Synchronizing object | PAYLOAD-middle-1-0-GEO-44mm-clear-stack-receiver.012--export
Fra:1 Mem:112.33M (Peak 112.37M) | Time:00:00.08 | Mem:0.00M, Peak:0.00M | Scene, ViewLayer | Synchronizing object | PAYLOAD-middle-0-1-GEO-corner-load-column.003--export
Fra:1 Mem:112.33M (Peak 112.37M) | Time:00:00.08 | Mem:0.00M, Peak:0.00M | Scene, ViewLayer | Synchronizing object | PAYLOAD-middle-1-0-GEO-stack-receiver-base.003--export
Fra:1 Mem:112.34M (Peak 112.37M) | Time:00:00.08 | Mem:0.00M, Peak:0.00M | Scene, ViewLayer | Synchronizing object | PAYLOAD-middle-0-1-GEO-stepped-corner-armor.006--export
Fra:1 Mem:112.36M (Peak 112.37M) | Time:00:00.08 | Mem:0.00M, Peak:0.00M | Scene, ViewLayer | Synchronizing object | PAYLOAD-middle-1-0-GEO-44mm-clear-stack-receiver.011--export
Fra:1 Mem:112.37M (Peak 112.37M) | Time:00:00.08 | Mem:0.00M, Peak:0.00M | Scene, ViewLayer | Synchronizing object | PAYLOAD-middle-0-1-GEO-stepped-corner-armor.007--export
Fra:1 Mem:112.38M (Peak 112.38M) | Time:00:00.08 | Mem:0.00M, Peak:0.00M | Scene, ViewLayer | Synchronizing object | PAYLOAD-middle-1-0-GEO-44mm-clear-stack-receiver.010--export
Fra:1 Mem:112.39M (Peak 112.39M) | Time:00:00.08 | Mem:0.00M, Peak:0.00M | Scene, ViewLayer | Synchronizing object | PAYLOAD-middle-0-1-GEO-opening-layered-lid--export
Fra:1 Mem:112.42M (Peak 112.42M) | Time:00:00.08 | Mem:0.00M, Peak:0.00M | Scene, ViewLayer | Synchronizing object | PAYLOAD-middle-1-0-GEO-44mm-clear-stack-receiver.009--export
Fra:1 Mem:112.44M (Peak 112.44M) | Time:00:00.08 | Mem:0.00M, Peak:0.00M | Scene, ViewLayer | Synchronizing object | PAYLOAD-middle-0-1-GEO-lid-shoulder-band--export
Fra:1 Mem:112.45M (Peak 112.45M) | Time:00:00.08 | Mem:0.00M, Peak:0.00M | Scene, ViewLayer | Synchronizing object | PAYLOAD-middle-1-0-GEO-44mm-clear-stack-receiver.008--export
Fra:1 Mem:112.47M (Peak 112.47M) | Time:00:00.08 | Mem:0.00M, Peak:0.00M | Scene, ViewLayer | Synchronizing object | PAYLOAD-middle-0-1-GEO-lid-shoulder-band.001--export
Fra:1 Mem:112.47M (Peak 112.47M) | Time:00:00.08 | Mem:0.00M, Peak:0.00M | Scene, ViewLayer | Synchronizing object | PAYLOAD-middle-1-0-GEO-stack-receiver-base.002--export
Fra:1 Mem:112.49M (Peak 112.49M) | Time:00:00.08 | Mem:0.00M, Peak:0.00M | Scene, ViewLayer | Synchronizing object | PAYLOAD-middle-0-1-GEO-lid-recess-base--export
Fra:1 Mem:112.48M (Peak 112.49M) | Time:00:00.08 | Mem:0.00M, Peak:0.00M | Scene, ViewLayer | Synchronizing object | PAYLOAD-middle-1-0-GEO-44mm-clear-stack-receiver.007--export
Fra:1 Mem:112.50M (Peak 112.50M) | Time:00:00.09 | Mem:0.00M, Peak:0.00M | Scene, ViewLayer | Synchronizing object | PAYLOAD-middle-0-1-GEO-lid-fitted-cap--export
Fra:1 Mem:112.50M (Peak 112.50M) | Time:00:00.09 | Mem:0.00M, Peak:0.00M | Scene, ViewLayer | Synchronizing object | PAYLOAD-middle-1-0-GEO-44mm-clear-stack-receiver.006--export
Fra:1 Mem:112.53M (Peak 112.53M) | Time:00:00.09 | Mem:0.00M, Peak:0.00M | Scene, ViewLayer | Synchronizing object | PAYLOAD-middle-0-1-GEO-lid-cap-end-step--export
Fra:1 Mem:112.53M (Peak 112.53M) | Time:00:00.09 | Mem:0.00M, Peak:0.00M | Scene, ViewLayer | Synchronizing object | PAYLOAD-middle-1-0-GEO-44mm-clear-stack-receiver.005--export
Fra:1 Mem:112.58M (Peak 112.58M) | Time:00:00.09 | Mem:0.00M, Peak:0.00M | Scene, ViewLayer | Synchronizing object | PAYLOAD-middle-0-1-GEO-lid-cap-end-step.001--export
Fra:1 Mem:112.56M (Peak 112.58M) | Time:00:00.09 | Mem:0.00M, Peak:0.00M | Scene, ViewLayer | Synchronizing object | PAYLOAD-middle-1-0-GEO-44mm-clear-stack-receiver.004--export
Fra:1 Mem:112.61M (Peak 112.61M) | Time:00:00.09 | Mem:0.00M, Peak:0.00M | Scene, ViewLayer | Synchronizing object | PAYLOAD-middle-0-1-GEO-lid-latch-leaf--export
Fra:1 Mem:112.59M (Peak 112.61M) | Time:00:00.09 | Mem:0.00M, Peak:0.00M | Scene, ViewLayer | Synchronizing object | PAYLOAD-middle-1-0-GEO-stack-receiver-base.001--export
Fra:1 Mem:112.64M (Peak 112.64M) | Time:00:00.09 | Mem:0.00M, Peak:0.00M | Scene, ViewLayer | Synchronizing object | PAYLOAD-middle-0-1-GEO-lid-toggle--export
Fra:1 Mem:112.62M (Peak 112.64M) | Time:00:00.09 | Mem:0.00M, Peak:0.00M | Scene, ViewLayer | Synchronizing object | PAYLOAD-middle-1-0-GEO-44mm-clear-stack-receiver.003--export
Fra:1 Mem:112.67M (Peak 112.67M) | Time:00:00.09 | Mem:0.00M, Peak:0.00M | Scene, ViewLayer | Synchronizing object | PAYLOAD-middle-0-1-GEO-lid-latch-leaf.001--export
Fra:1 Mem:112.67M (Peak 112.67M) | Time:00:00.09 | Mem:0.00M, Peak:0.00M | Scene, ViewLayer | Synchronizing object | PAYLOAD-middle-1-0-GEO-44mm-clear-stack-receiver.002--export
Fra:1 Mem:112.70M (Peak 112.70M) | Time:00:00.09 | Mem:0.00M, Peak:0.00M | Scene, ViewLayer | Synchronizing object | PAYLOAD-middle-0-1-GEO-lid-toggle.001--export
Fra:1 Mem:112.68M (Peak 112.70M) | Time:00:00.09 | Mem:0.00M, Peak:0.00M | Scene, ViewLayer | Synchronizing object | PAYLOAD-middle-1-0-GEO-44mm-clear-stack-receiver.001--export
Fra:1 Mem:112.73M (Peak 112.73M) | Time:00:00.09 | Mem:0.00M, Peak:0.00M | Scene, ViewLayer | Synchronizing object | PAYLOAD-middle-0-1-GEO-rear-hinge-pin--export
Fra:1 Mem:112.71M (Peak 112.73M) | Time:00:00.09 | Mem:0.00M, Peak:0.00M | Scene, ViewLayer | Synchronizing object | PAYLOAD-middle-1-0-GEO-44mm-clear-stack-receiver--export
Fra:1 Mem:112.79M (Peak 112.79M) | Time:00:00.09 | Mem:0.00M, Peak:0.00M | Scene, ViewLayer | Synchronizing object | PAYLOAD-middle-1-0-GEO-stack-receiver-base--export
Fra:1 Mem:112.78M (Peak 112.79M) | Time:00:00.09 | Mem:0.00M, Peak:0.00M | Scene, ViewLayer | Synchronizing object | PAYLOAD-middle-0-1-GEO-rear-hinge-pin.001--export
Fra:1 Mem:112.77M (Peak 112.79M) | Time:00:00.09 | Mem:0.00M, Peak:0.00M | Scene, ViewLayer | Synchronizing object | PAYLOAD-middle-1-0-GEO-front-fitted-panel--export
Fra:1 Mem:112.86M (Peak 112.86M) | Time:00:00.09 | Mem:0.00M, Peak:0.00M | Scene, ViewLayer | Synchronizing object | PAYLOAD-middle-0-1-GEO-side-inset-backing--export
Fra:1 Mem:112.86M (Peak 112.86M) | Time:00:00.09 | Mem:0.00M, Peak:0.00M | Scene, ViewLayer | Synchronizing object | PAYLOAD-middle-1-0-GEO-front-inset--export
Fra:1 Mem:112.88M (Peak 112.88M) | Time:00:00.09 | Mem:0.00M, Peak:0.00M | Scene, ViewLayer | Synchronizing object | PAYLOAD-middle-0-1-GEO-fitted-side-panel--export
Fra:1 Mem:112.87M (Peak 112.88M) | Time:00:00.09 | Mem:0.00M, Peak:0.00M | Scene, ViewLayer | Synchronizing object | PAYLOAD-middle-1-0-GEO-service-cartridge.001--export
Fra:1 Mem:112.96M (Peak 112.96M) | Time:00:00.09 | Mem:0.00M, Peak:0.00M | Scene, ViewLayer | Synchronizing object | PAYLOAD-middle-1-0-GEO-glove-grip.001--export
Fra:1 Mem:112.95M (Peak 112.96M) | Time:00:00.09 | Mem:0.00M, Peak:0.00M | Scene, ViewLayer | Synchronizing object | PAYLOAD-middle-0-1-GEO-grip-backing--export
Fra:1 Mem:112.97M (Peak 112.97M) | Time:00:00.09 | Mem:0.00M, Peak:0.00M | Scene, ViewLayer | Synchronizing object | PAYLOAD-middle-1-0-GEO-grip-support.003--export
Fra:1 Mem:112.96M (Peak 112.97M) | Time:00:00.09 | Mem:0.00M, Peak:0.00M | Scene, ViewLayer | Synchronizing object | PAYLOAD-middle-0-1-GEO-grip-support--export
Fra:1 Mem:113.01M (Peak 113.01M) | Time:00:00.09 | Mem:0.00M, Peak:0.00M | Scene, ViewLayer | Synchronizing object | PAYLOAD-middle-1-0-GEO-grip-support.002--export
Fra:1 Mem:112.99M (Peak 113.01M) | Time:00:00.09 | Mem:0.00M, Peak:0.00M | Scene, ViewLayer | Synchronizing object | PAYLOAD-middle-0-1-GEO-grip-support.001--export
Fra:1 Mem:113.04M (Peak 113.04M) | Time:00:00.09 | Mem:0.00M, Peak:0.00M | Scene, ViewLayer | Synchronizing object | PAYLOAD-middle-1-0-GEO-grip-backing.001--export
Fra:1 Mem:113.02M (Peak 113.04M) | Time:00:00.09 | Mem:0.00M, Peak:0.00M | Scene, ViewLayer | Synchronizing object | PAYLOAD-middle-0-1-GEO-glove-grip--export
Fra:1 Mem:113.07M (Peak 113.07M) | Time:00:00.09 | Mem:0.00M, Peak:0.00M | Scene, ViewLayer | Synchronizing object | PAYLOAD-middle-1-0-GEO-fitted-side-panel.001--export
Fra:1 Mem:113.12M (Peak 113.12M) | Time:00:00.09 | Mem:0.00M, Peak:0.00M | Scene, ViewLayer | Synchronizing object | PAYLOAD-middle-0-1-GEO-service-cartridge--export
Fra:1 Mem:113.15M (Peak 113.15M) | Time:00:00.09 | Mem:0.00M, Peak:0.00M | Scene, ViewLayer | Synchronizing object | PAYLOAD-middle-0-1-GEO-side-inset-backing.001--export
Fra:1 Mem:113.18M (Peak 113.18M) | Time:00:00.09 | Mem:0.00M, Peak:0.00M | Scene, ViewLayer | Synchronizing object | PAYLOAD-middle-0-1-GEO-fitted-side-panel.001--export
Fra:1 Mem:113.20M (Peak 113.20M) | Time:00:00.09 | Mem:0.00M, Peak:0.00M | Scene, ViewLayer | Synchronizing object | PAYLOAD-middle-0-1-GEO-grip-backing.001--export
Fra:1 Mem:113.22M (Peak 113.22M) | Time:00:00.09 | Mem:0.00M, Peak:0.00M | Scene, ViewLayer | Synchronizing object | PAYLOAD-middle-0-1-GEO-grip-support.002--export
Fra:1 Mem:113.23M (Peak 113.23M) | Time:00:00.09 | Mem:0.00M, Peak:0.00M | Scene, ViewLayer | Synchronizing object | PAYLOAD-middle-0-1-GEO-grip-support.003--export
Fra:1 Mem:113.25M (Peak 113.25M) | Time:00:00.09 | Mem:0.00M, Peak:0.00M | Scene, ViewLayer | Synchronizing object | PAYLOAD-middle-0-1-GEO-glove-grip.001--export
Fra:1 Mem:113.27M (Peak 113.27M) | Time:00:00.09 | Mem:0.00M, Peak:0.00M | Scene, ViewLayer | Synchronizing object | PAYLOAD-middle-0-1-GEO-service-cartridge.001--export
Fra:1 Mem:113.29M (Peak 113.29M) | Time:00:00.09 | Mem:0.00M, Peak:0.00M | Scene, ViewLayer | Synchronizing object | PAYLOAD-middle-0-1-GEO-front-inset--export
Fra:1 Mem:113.32M (Peak 113.32M) | Time:00:00.09 | Mem:0.00M, Peak:0.00M | Scene, ViewLayer | Synchronizing object | PAYLOAD-middle-0-1-GEO-front-fitted-panel--export
Fra:1 Mem:113.30M (Peak 113.32M) | Time:00:00.09 | Mem:0.00M, Peak:0.00M | Scene, ViewLayer | Synchronizing object | PAYLOAD-middle-1-0-GEO-side-inset-backing.001--export
Fra:1 Mem:113.37M (Peak 113.37M) | Time:00:00.09 | Mem:0.00M, Peak:0.00M | Scene, ViewLayer | Synchronizing object | PAYLOAD-middle-0-1-GEO-stack-receiver-base--export
Fra:1 Mem:113.37M (Peak 113.37M) | Time:00:00.09 | Mem:0.00M, Peak:0.00M | Scene, ViewLayer | Synchronizing object | PAYLOAD-middle-1-0-GEO-service-cartridge--export
Fra:1 Mem:113.34M (Peak 113.37M) | Time:00:00.09 | Mem:0.00M, Peak:0.00M | Scene, ViewLayer | Synchronizing object | PAYLOAD-middle-0-1-GEO-44mm-clear-stack-receiver--export
Fra:1 Mem:113.39M (Peak 113.39M) | Time:00:00.09 | Mem:0.00M, Peak:0.00M | Scene, ViewLayer | Synchronizing object | PAYLOAD-middle-1-0-GEO-glove-grip--export
Fra:1 Mem:113.37M (Peak 113.39M) | Time:00:00.09 | Mem:0.00M, Peak:0.00M | Scene, ViewLayer | Synchronizing object | PAYLOAD-middle-0-1-GEO-44mm-clear-stack-receiver.001--export
Fra:1 Mem:113.46M (Peak 113.46M) | Time:00:00.09 | Mem:0.00M, Peak:0.00M | Scene, ViewLayer | Synchronizing object | PAYLOAD-middle-0-1-GEO-44mm-clear-stack-receiver.002--export
Fra:1 Mem:113.45M (Peak 113.46M) | Time:00:00.09 | Mem:0.00M, Peak:0.00M | Scene, ViewLayer | Synchronizing object | PAYLOAD-middle-1-0-GEO-grip-support.001--export
Fra:1 Mem:113.47M (Peak 113.47M) | Time:00:00.09 | Mem:0.00M, Peak:0.00M | Scene, ViewLayer | Synchronizing object | PAYLOAD-middle-0-1-GEO-44mm-clear-stack-receiver.003--export
Fra:1 Mem:113.47M (Peak 113.47M) | Time:00:00.09 | Mem:0.00M, Peak:0.00M | Scene, ViewLayer | Synchronizing object | PAYLOAD-middle-1-0-GEO-grip-support--export
Fra:1 Mem:113.50M (Peak 113.50M) | Time:00:00.09 | Mem:0.00M, Peak:0.00M | Scene, ViewLayer | Synchronizing object | PAYLOAD-middle-0-1-GEO-stack-receiver-base.001--export
Fra:1 Mem:113.49M (Peak 113.50M) | Time:00:00.09 | Mem:0.00M, Peak:0.00M | Scene, ViewLayer | Synchronizing object | PAYLOAD-middle-1-0-GEO-grip-backing--export
Fra:1 Mem:113.52M (Peak 113.52M) | Time:00:00.09 | Mem:0.00M, Peak:0.00M | Scene, ViewLayer | Synchronizing object | PAYLOAD-middle-0-1-GEO-44mm-clear-stack-receiver.004--export
Fra:1 Mem:113.53M (Peak 113.53M) | Time:00:00.09 | Mem:0.00M, Peak:0.00M | Scene, ViewLayer | Synchronizing object | PAYLOAD-middle-1-0-GEO-fitted-side-panel--export
Fra:1 Mem:113.57M (Peak 113.57M) | Time:00:00.09 | Mem:0.00M, Peak:0.00M | Scene, ViewLayer | Synchronizing object | PAYLOAD-middle-0-1-GEO-44mm-clear-stack-receiver.005--export
Fra:1 Mem:113.60M (Peak 113.60M) | Time:00:00.09 | Mem:0.00M, Peak:0.00M | Scene, ViewLayer | Synchronizing object | PAYLOAD-middle-0-1-GEO-44mm-clear-stack-receiver.006--export
Fra:1 Mem:113.58M (Peak 113.60M) | Time:00:00.09 | Mem:0.00M, Peak:0.00M | Scene, ViewLayer | Synchronizing object | PAYLOAD-middle-1-0-GEO-side-inset-backing--export
Fra:1 Mem:113.60M (Peak 113.60M) | Time:00:00.09 | Mem:0.00M, Peak:0.00M | Scene, ViewLayer | Synchronizing object | PAYLOAD-middle-0-1-GEO-44mm-clear-stack-receiver.007--export
Fra:1 Mem:113.65M (Peak 113.65M) | Time:00:00.09 | Mem:0.00M, Peak:0.00M | Scene, ViewLayer | Synchronizing object | PAYLOAD-middle-0-1-GEO-stack-receiver-base.002--export
Fra:1 Mem:113.62M (Peak 113.65M) | Time:00:00.09 | Mem:0.00M, Peak:0.00M | Scene, ViewLayer | Synchronizing object | PAYLOAD-middle-1-0-GEO-rear-hinge-pin.001--export
Fra:1 Mem:113.66M (Peak 113.66M) | Time:00:00.09 | Mem:0.00M, Peak:0.00M | Scene, ViewLayer | Synchronizing object | PAYLOAD-middle-0-1-GEO-44mm-clear-stack-receiver.008--export
Fra:1 Mem:113.67M (Peak 113.67M) | Time:00:00.09 | Mem:0.00M, Peak:0.00M | Scene, ViewLayer | Synchronizing object | PAYLOAD-middle-1-0-GEO-rear-hinge-pin--export
Fra:1 Mem:113.67M (Peak 113.67M) | Time:00:00.09 | Mem:0.00M, Peak:0.00M | Scene, ViewLayer | Synchronizing object | PAYLOAD-middle-0-1-GEO-44mm-clear-stack-receiver.009--export
Fra:1 Mem:113.76M (Peak 113.76M) | Time:00:00.09 | Mem:0.00M, Peak:0.00M | Scene, ViewLayer | Synchronizing object | PAYLOAD-middle-0-1-GEO-44mm-clear-stack-receiver.010--export
Fra:1 Mem:113.73M (Peak 113.76M) | Time:00:00.09 | Mem:0.00M, Peak:0.00M | Scene, ViewLayer | Synchronizing object | PAYLOAD-middle-1-0-GEO-lid-toggle.001--export
Fra:1 Mem:113.75M (Peak 113.76M) | Time:00:00.09 | Mem:0.00M, Peak:0.00M | Scene, ViewLayer | Synchronizing object | PAYLOAD-middle-0-1-GEO-44mm-clear-stack-receiver.011--export
Fra:1 Mem:113.78M (Peak 113.78M) | Time:00:00.09 | Mem:0.00M, Peak:0.00M | Scene, ViewLayer | Synchronizing object | PAYLOAD-middle-1-0-GEO-lid-latch-leaf.001--export
Fra:1 Mem:113.80M (Peak 113.80M) | Time:00:00.09 | Mem:0.00M, Peak:0.00M | Scene, ViewLayer | Synchronizing object | PAYLOAD-middle-0-1-GEO-stack-receiver-base.003--export
Fra:1 Mem:113.80M (Peak 113.80M) | Time:00:00.09 | Mem:0.00M, Peak:0.00M | Scene, ViewLayer | Synchronizing object | PAYLOAD-middle-1-0-GEO-lid-toggle--export
Fra:1 Mem:113.82M (Peak 113.82M) | Time:00:00.09 | Mem:0.00M, Peak:0.00M | Scene, ViewLayer | Synchronizing object | PAYLOAD-middle-0-1-GEO-44mm-clear-stack-receiver.012--export
Fra:1 Mem:113.83M (Peak 113.83M) | Time:00:00.09 | Mem:0.00M, Peak:0.00M | Scene, ViewLayer | Synchronizing object | PAYLOAD-middle-1-0-GEO-lid-latch-leaf--export
Fra:1 Mem:113.85M (Peak 113.85M) | Time:00:00.09 | Mem:0.00M, Peak:0.00M | Scene, ViewLayer | Synchronizing object | PAYLOAD-middle-0-1-GEO-44mm-clear-stack-receiver.013--export
Fra:1 Mem:113.85M (Peak 113.85M) | Time:00:00.09 | Mem:0.00M, Peak:0.00M | Scene, ViewLayer | Synchronizing object | PAYLOAD-middle-1-0-GEO-lid-cap-end-step.001--export
Fra:1 Mem:113.88M (Peak 113.88M) | Time:00:00.09 | Mem:0.00M, Peak:0.00M | Scene, ViewLayer | Synchronizing object | PAYLOAD-middle-0-1-GEO-44mm-clear-stack-receiver.014--export
Fra:1 Mem:113.89M (Peak 113.89M) | Time:00:00.09 | Mem:0.00M, Peak:0.00M | Scene, ViewLayer | Synchronizing object | PAYLOAD-middle-1-0-GEO-lid-cap-end-step--export
Fra:1 Mem:113.91M (Peak 113.91M) | Time:00:00.09 | Mem:0.00M, Peak:0.00M | Scene, ViewLayer | Synchronizing object | PAYLOAD-middle-0-1-GEO-44mm-clear-stack-receiver.015--export
Fra:1 Mem:113.92M (Peak 113.92M) | Time:00:00.09 | Mem:0.00M, Peak:0.00M | Scene, ViewLayer | Synchronizing object | PAYLOAD-middle-1-0-GEO-lid-fitted-cap--export
Fra:1 Mem:113.94M (Peak 113.94M) | Time:00:00.09 | Mem:0.00M, Peak:0.00M | Scene, ViewLayer | Synchronizing object | PAYLOAD-middle-0-1-GEO-marking-STA / S--export
Fra:1 Mem:113.92M (Peak 113.94M) | Time:00:00.09 | Mem:0.00M, Peak:0.00M | Scene, ViewLayer | Synchronizing object | PAYLOAD-middle-1-0-GEO-lid-recess-base--export
Fra:1 Mem:114.16M (Peak 114.16M) | Time:00:00.09 | Mem:0.00M, Peak:0.00M | Scene, ViewLayer | Synchronizing object | PAYLOAD-middle-1-0-GEO-lid-shoulder-band.001--export
Fra:1 Mem:114.11M (Peak 114.16M) | Time:00:00.09 | Mem:0.00M, Peak:0.00M | Scene, ViewLayer | Synchronizing object | PAYLOAD-middle-1-0-GEO-lid-shoulder-band--export
Fra:1 Mem:114.14M (Peak 114.16M) | Time:00:00.09 | Mem:0.00M, Peak:0.00M | Scene, ViewLayer | Synchronizing object | PAYLOAD-middle-1-0-GEO-opening-layered-lid--export
Fra:1 Mem:114.28M (Peak 114.28M) | Time:00:00.09 | Mem:0.00M, Peak:0.00M | Scene, ViewLayer | Synchronizing object | PAYLOAD-middle-1-0-GEO-stepped-corner-armor.007--export
Fra:1 Mem:114.30M (Peak 114.30M) | Time:00:00.09 | Mem:0.00M, Peak:0.00M | Scene, ViewLayer | Synchronizing object | PAYLOAD-middle-1-0-GEO-stepped-corner-armor.006--export
Fra:1 Mem:114.29M (Peak 114.30M) | Time:00:00.09 | Mem:0.00M, Peak:0.00M | Scene, ViewLayer | Synchronizing object | PAYLOAD-middle-1-0-GEO-corner-load-column.003--export
Fra:1 Mem:114.15M (Peak 114.30M) | Time:00:00.09 | Mem:0.00M, Peak:0.00M | Scene, ViewLayer | Synchronizing object | PAYLOAD-middle-0-1-GEO-fixed-top-frame--export
Fra:1 Mem:114.16M (Peak 114.30M) | Time:00:00.09 | Mem:0.00M, Peak:0.00M | Scene, ViewLayer | Synchronizing object | PAYLOAD-middle-1-0-GEO-stepped-corner-armor.005--export
Fra:1 Mem:114.18M (Peak 114.30M) | Time:00:00.09 | Mem:0.00M, Peak:0.00M | Scene, ViewLayer | Synchronizing object | PAYLOAD-middle-0-1-GEO-fixed-top-frame.001--export
Fra:1 Mem:114.16M (Peak 114.30M) | Time:00:00.09 | Mem:0.00M, Peak:0.00M | Scene, ViewLayer | Synchronizing object | PAYLOAD-middle-1-0-GEO-stepped-corner-armor.004--export
Fra:1 Mem:114.20M (Peak 114.30M) | Time:00:00.09 | Mem:0.00M, Peak:0.00M | Scene, ViewLayer | Synchronizing object | PAYLOAD-middle-0-1-GEO-fixed-top-frame.002--export
Fra:1 Mem:114.19M (Peak 114.30M) | Time:00:00.09 | Mem:0.00M, Peak:0.00M | Scene, ViewLayer | Synchronizing object | PAYLOAD-middle-1-0-GEO-corner-load-column.002--export
Fra:1 Mem:114.23M (Peak 114.30M) | Time:00:00.09 | Mem:0.00M, Peak:0.00M | Scene, ViewLayer | Synchronizing object | PAYLOAD-middle-0-1-GEO-fixed-top-frame.003--export
Fra:1 Mem:114.21M (Peak 114.30M) | Time:00:00.09 | Mem:0.00M, Peak:0.00M | Scene, ViewLayer | Synchronizing object | PAYLOAD-middle-1-0-GEO-stepped-corner-armor.003--export
Fra:1 Mem:114.26M (Peak 114.30M) | Time:00:00.09 | Mem:0.00M, Peak:0.00M | Scene, ViewLayer | Synchronizing object | PAYLOAD-middle-0-1-GEO-lid-support-ledge--export
Fra:1 Mem:114.24M (Peak 114.30M) | Time:00:00.09 | Mem:0.00M, Peak:0.00M | Scene, ViewLayer | Synchronizing object | PAYLOAD-middle-1-0-GEO-stepped-corner-armor.002--export
Fra:1 Mem:114.27M (Peak 114.30M) | Time:00:00.09 | Mem:0.00M, Peak:0.00M | Scene, ViewLayer | Synchronizing object | PAYLOAD-middle-0-1-GEO-inset-lid-gasket--export
Fra:1 Mem:114.27M (Peak 114.30M) | Time:00:00.09 | Mem:0.00M, Peak:0.00M | Scene, ViewLayer | Synchronizing object | PAYLOAD-middle-1-0-GEO-corner-load-column.001--export
Fra:1 Mem:114.32M (Peak 114.32M) | Time:00:00.09 | Mem:0.00M, Peak:0.00M | Scene, ViewLayer | Synchronizing object | PAYLOAD-middle-0-1-GEO-lid-support-ledge.001--export
Fra:1 Mem:114.30M (Peak 114.32M) | Time:00:00.09 | Mem:0.00M, Peak:0.00M | Scene, ViewLayer | Synchronizing object | PAYLOAD-middle-1-0-GEO-stepped-corner-armor.001--export
Fra:1 Mem:114.34M (Peak 114.34M) | Time:00:00.09 | Mem:0.00M, Peak:0.00M | Scene, ViewLayer | Synchronizing object | PAYLOAD-middle-0-1-GEO-inset-lid-gasket.001--export
Fra:1 Mem:114.33M (Peak 114.34M) | Time:00:00.09 | Mem:0.00M, Peak:0.00M | Scene, ViewLayer | Synchronizing object | PAYLOAD-middle-1-0-GEO-stepped-corner-armor--export
Fra:1 Mem:114.38M (Peak 114.38M) | Time:00:00.09 | Mem:0.00M, Peak:0.00M | Scene, ViewLayer | Synchronizing object | PAYLOAD-middle-0-1-GEO-lid-support-ledge.002--export
Fra:1 Mem:114.38M (Peak 114.38M) | Time:00:00.09 | Mem:0.00M, Peak:0.00M | Scene, ViewLayer | Synchronizing object | PAYLOAD-middle-1-0-GEO-corner-load-column--export
Fra:1 Mem:114.41M (Peak 114.41M) | Time:00:00.09 | Mem:0.00M, Peak:0.00M | Scene, ViewLayer | Synchronizing object | PAYLOAD-middle-0-1-GEO-inset-lid-gasket.002--export
Fra:1 Mem:114.42M (Peak 114.42M) | Time:00:00.09 | Mem:0.00M, Peak:0.00M | Scene, ViewLayer | Synchronizing object | PAYLOAD-middle-1-0-GEO-closed-front-wall--export
Fra:1 Mem:114.44M (Peak 114.44M) | Time:00:00.09 | Mem:0.00M, Peak:0.00M | Scene, ViewLayer | Synchronizing object | PAYLOAD-middle-0-1-GEO-lid-support-ledge.003--export
Fra:1 Mem:114.44M (Peak 114.44M) | Time:00:00.09 | Mem:0.00M, Peak:0.00M | Scene, ViewLayer | Synchronizing object | PAYLOAD-middle-1-0-GEO-closed-rear-wall--export
Fra:1 Mem:114.46M (Peak 114.46M) | Time:00:00.09 | Mem:0.00M, Peak:0.00M | Scene, ViewLayer | Synchronizing object | PAYLOAD-middle-0-1-GEO-inset-lid-gasket.003--export
Fra:1 Mem:114.47M (Peak 114.47M) | Time:00:00.09 | Mem:0.00M, Peak:0.00M | Scene, ViewLayer | Synchronizing object | PAYLOAD-middle-1-0-GEO-closed-side-wall.001--export
Fra:1 Mem:114.49M (Peak 114.49M) | Time:00:00.09 | Mem:0.00M, Peak:0.00M | Scene, ViewLayer | Synchronizing object | PAYLOAD-middle-0-1-GEO-lid-latch-connecting-bridge--export
Fra:1 Mem:114.49M (Peak 114.49M) | Time:00:00.09 | Mem:0.00M, Peak:0.00M | Scene, ViewLayer | Synchronizing object | PAYLOAD-middle-1-0-GEO-closed-side-wall--export
Fra:1 Mem:114.52M (Peak 114.52M) | Time:00:00.09 | Mem:0.00M, Peak:0.00M | Scene, ViewLayer | Synchronizing object | PAYLOAD-middle-0-1-GEO-lid-latch-connecting-bridge.001--export
Fra:1 Mem:114.50M (Peak 114.52M) | Time:00:00.09 | Mem:0.00M, Peak:0.00M | Scene, ViewLayer | Synchronizing object | PAYLOAD-middle-1-0-GEO-sealed-floor--export
Fra:1 Mem:114.54M (Peak 114.54M) | Time:00:00.09 | Mem:0.00M, Peak:0.00M | Scene, ViewLayer | Synchronizing object | PAYLOAD-middle-0-1-GEO-fixed-rear-hinge-saddle--export
Fra:1 Mem:114.53M (Peak 114.54M) | Time:00:00.09 | Mem:0.00M, Peak:0.00M | Scene, ViewLayer | Synchronizing object | PAYLOAD-middle-1-0-GEO-40mm-locating-foot.003--export
Fra:1 Mem:114.58M (Peak 114.58M) | Time:00:00.09 | Mem:0.00M, Peak:0.00M | Scene, ViewLayer | Synchronizing object | PAYLOAD-middle-0-1-GEO-fixed-rear-hinge-saddle.001--export
Fra:1 Mem:114.55M (Peak 114.58M) | Time:00:00.09 | Mem:0.00M, Peak:0.00M | Scene, ViewLayer | Synchronizing object | PAYLOAD-middle-1-0-GEO-40mm-locating-foot.002--export
Fra:1 Mem:114.58M (Peak 114.58M) | Time:00:00.09 | Mem:0.00M, Peak:0.00M | Scene, ViewLayer | Synchronizing object | PAYLOAD-middle-0-1-GEO-fixed-rear-hinge-saddle.002--export
Fra:1 Mem:114.58M (Peak 114.58M) | Time:00:00.09 | Mem:0.00M, Peak:0.00M | Scene, ViewLayer | Synchronizing object | PAYLOAD-middle-1-0-GEO-40mm-locating-foot.001--export
Fra:1 Mem:114.61M (Peak 114.61M) | Time:00:00.09 | Mem:0.00M, Peak:0.00M | Scene, ViewLayer | Synchronizing object | PAYLOAD-middle-0-1-GEO-fixed-rear-hinge-saddle.003--export
Fra:1 Mem:114.61M (Peak 114.61M) | Time:00:00.09 | Mem:0.00M, Peak:0.00M | Scene, ViewLayer | Synchronizing object | PAYLOAD-middle-1-0-GEO-40mm-locating-foot--export
Fra:1 Mem:114.64M (Peak 114.64M) | Time:00:00.09 | Mem:0.00M, Peak:0.00M | Scene, ViewLayer | Synchronizing object | PAYLOAD-middle-1-0-GEO-load-skid--export
Fra:1 Mem:114.64M (Peak 114.64M) | Time:00:00.09 | Mem:0.00M, Peak:0.00M | Scene, ViewLayer | Synchronizing object | PAYLOAD-middle-1-0-GEO-crossmember.001--export
Fra:1 Mem:114.69M (Peak 114.69M) | Time:00:00.09 | Mem:0.00M, Peak:0.00M | Scene, ViewLayer | Synchronizing object | PAYLOAD-middle-1-0-GEO-load-skid.001--export
Fra:1 Mem:114.69M (Peak 114.69M) | Time:00:00.09 | Mem:0.00M, Peak:0.00M | Scene, ViewLayer | Synchronizing object | PAYLOAD-middle-1-0-GEO-crossmember--export
Fra:1 Mem:114.69M (Peak 114.69M) | Time:00:00.09 | Mem:0.00M, Peak:0.00M | Scene, ViewLayer | Initializing
Fra:1 Mem:108.40M (Peak 114.69M) | Time:00:00.09 | Mem:0.00M, Peak:0.00M | Scene, ViewLayer | Updating Images | Loading normal
Fra:1 Mem:108.40M (Peak 114.69M) | Time:00:00.09 | Mem:0.00M, Peak:0.00M | Scene, ViewLayer | Updating Images | Loading basecolor
Fra:1 Mem:124.42M (Peak 132.42M) | Time:00:00.11 | Mem:4.00M, Peak:4.00M | Scene, ViewLayer | Updating Images | Loading orm
Fra:1 Mem:93.41M (Peak 132.42M) | Time:00:00.13 | Mem:12.00M, Peak:12.00M | Scene, ViewLayer | Waiting for render to start
Fra:1 Mem:93.41M (Peak 132.42M) | Time:00:00.13 | Mem:12.00M, Peak:12.00M | Scene, ViewLayer | Loading render kernels (may take a few minutes the first time)
Fra:1 Mem:93.41M (Peak 132.42M) | Time:00:00.13 | Mem:12.00M, Peak:12.00M | Scene, ViewLayer | Updating Scene
Fra:1 Mem:93.41M (Peak 132.42M) | Time:00:00.13 | Mem:12.00M, Peak:12.00M | Scene, ViewLayer | Updating Shaders
Fra:1 Mem:93.53M (Peak 132.42M) | Time:00:00.13 | Mem:12.04M, Peak:12.04M | Scene, ViewLayer | Updating Procedurals
Fra:1 Mem:93.53M (Peak 132.42M) | Time:00:00.13 | Mem:12.04M, Peak:12.04M | Scene, ViewLayer | Updating Background
Fra:1 Mem:93.53M (Peak 132.42M) | Time:00:00.13 | Mem:12.04M, Peak:12.04M | Scene, ViewLayer | Updating Camera
Fra:1 Mem:93.53M (Peak 132.42M) | Time:00:00.13 | Mem:12.04M, Peak:12.04M | Scene, ViewLayer | Updating Meshes Flags
Fra:1 Mem:93.53M (Peak 132.42M) | Time:00:00.13 | Mem:12.04M, Peak:12.04M | Scene, ViewLayer | Updating Objects
Fra:1 Mem:93.53M (Peak 132.42M) | Time:00:00.13 | Mem:12.04M, Peak:12.04M | Scene, ViewLayer | Updating Objects | Copying Transformations to device
Fra:1 Mem:93.74M (Peak 132.42M) | Time:00:00.13 | Mem:12.24M, Peak:12.24M | Scene, ViewLayer | Updating Objects | Applying Static Transformations
Fra:1 Mem:93.74M (Peak 132.42M) | Time:00:00.13 | Mem:12.24M, Peak:12.24M | Scene, ViewLayer | Updating Particle Systems
Fra:1 Mem:93.74M (Peak 132.42M) | Time:00:00.13 | Mem:12.24M, Peak:12.24M | Scene, ViewLayer | Updating Particle Systems | Copying Particles to device
Fra:1 Mem:93.74M (Peak 132.42M) | Time:00:00.13 | Mem:12.24M, Peak:12.24M | Scene, ViewLayer | Updating Meshes
Fra:1 Mem:95.18M (Peak 132.42M) | Time:00:00.13 | Mem:12.24M, Peak:12.24M | Scene, ViewLayer | Updating Mesh | Computing attributes
Fra:1 Mem:97.96M (Peak 132.42M) | Time:00:00.14 | Mem:12.29M, Peak:12.29M | Scene, ViewLayer | Updating Mesh | Copying Attributes to device
Fra:1 Mem:97.82M (Peak 132.42M) | Time:00:00.14 | Mem:14.88M, Peak:14.88M | Scene, ViewLayer | Updating Geometry BVH MESH-floor-square-2m 1/1 | Building BVH
Fra:1 Mem:97.82M (Peak 132.42M) | Time:00:00.14 | Mem:14.89M, Peak:14.89M | Scene, ViewLayer | Updating Geometry BVH MESH-floor-square-2m 1/1 | Building BVH 0%
Fra:1 Mem:97.82M (Peak 132.42M) | Time:00:00.14 | Mem:14.89M, Peak:14.90M | Scene, ViewLayer | Updating Scene BVH | Building
Fra:1 Mem:97.84M (Peak 132.42M) | Time:00:00.14 | Mem:14.89M, Peak:14.90M | Scene, ViewLayer | Updating Scene BVH | Building BVH
Fra:1 Mem:97.84M (Peak 132.42M) | Time:00:00.15 | Mem:21.20M, Peak:24.08M | Scene, ViewLayer | Updating Scene BVH | Copying BVH to device
Fra:1 Mem:97.84M (Peak 132.42M) | Time:00:00.15 | Mem:21.20M, Peak:24.08M | Scene, ViewLayer | Updating Mesh | Computing normals
Fra:1 Mem:106.52M (Peak 132.42M) | Time:00:00.15 | Mem:21.20M, Peak:24.08M | Scene, ViewLayer | Updating Mesh | Copying Mesh to device
Fra:1 Mem:106.52M (Peak 132.42M) | Time:00:00.15 | Mem:29.89M, Peak:29.89M | Scene, ViewLayer | Updating Objects Flags
Fra:1 Mem:106.52M (Peak 132.42M) | Time:00:00.15 | Mem:29.89M, Peak:29.89M | Scene, ViewLayer | Updating Primitive Offsets
Fra:1 Mem:106.52M (Peak 132.42M) | Time:00:00.15 | Mem:29.90M, Peak:29.90M | Scene, ViewLayer | Updating Images
Fra:1 Mem:106.52M (Peak 132.42M) | Time:00:00.15 | Mem:29.90M, Peak:29.90M | Scene, ViewLayer | Updating Camera Volume
Fra:1 Mem:106.52M (Peak 132.42M) | Time:00:00.15 | Mem:29.90M, Peak:29.90M | Scene, ViewLayer | Updating Lookup Tables
Fra:1 Mem:106.52M (Peak 132.42M) | Time:00:00.15 | Mem:29.98M, Peak:29.98M | Scene, ViewLayer | Updating Lights
Fra:1 Mem:106.52M (Peak 132.42M) | Time:00:00.15 | Mem:29.98M, Peak:29.98M | Scene, ViewLayer | Updating Lights | Computing tree
Fra:1 Mem:106.73M (Peak 132.42M) | Time:00:00.15 | Mem:30.19M, Peak:30.19M | Scene, ViewLayer | Updating Integrator
Fra:1 Mem:106.73M (Peak 132.42M) | Time:00:00.15 | Mem:30.19M, Peak:30.19M | Scene, ViewLayer | Updating Film
Fra:1 Mem:106.74M (Peak 132.42M) | Time:00:00.15 | Mem:30.11M, Peak:30.19M | Scene, ViewLayer | Updating Lookup Tables
Fra:1 Mem:106.74M (Peak 132.42M) | Time:00:00.15 | Mem:30.19M, Peak:30.19M | Scene, ViewLayer | Updating Baking
Fra:1 Mem:106.74M (Peak 132.42M) | Time:00:00.15 | Mem:30.19M, Peak:30.19M | Scene, ViewLayer | Updating Device | Writing constant memory
Fra:1 Mem:106.75M (Peak 132.42M) | Time:00:00.15 | Mem:30.19M, Peak:30.19M | Scene, ViewLayer | Sample 0/16
Fra:1 Mem:143.84M (Peak 143.84M) | Time:00:00.72 | Remaining:00:08.55 | Mem:67.28M, Peak:67.28M | Scene, ViewLayer | Sample 1/16
Fra:1 Mem:160.32M (Peak 193.28M) | Time:00:07.22 | Mem:67.28M, Peak:67.28M | Scene, ViewLayer | Sample 16/16
Fra:1 Mem:160.32M (Peak 193.28M) | Time:00:07.22 | Mem:67.28M, Peak:67.28M | Scene, ViewLayer | Finished
Saved: '/root/sidereal_spacetime/assets/art-library/designs/cargo.handling.fixture/revisions/r001/a001/unstacked-native-floor.png'
Time: 00:07.45 (Saving: 00:00.22)

Info: Saved "stacked-fixture.blend"
Info: Saved "unstacked-fixture.blend"

Blender quit
