ERROR Draco mesh compression is not available because library could not be found at /usr/bin/4.3/python/lib/python3.13/site-packages/libextern_draco.so
07:20:18 | INFO: Starting glTF 2.0 export
07:20:18 | INFO: Extracting primitive: MESH-carrier-1m-BEARING-bottom-0-0
07:20:18 | INFO: Primitives created: 1
07:20:18 | INFO: Extracting primitive: MESH-carrier-1m-BEARING-top-0-0
07:20:18 | INFO: Primitives created: 1
07:20:18 | INFO: Extracting primitive: MESH-carrier-1m-corner-post-0-0
07:20:18 | INFO: Primitives created: 1
07:20:18 | INFO: Extracting primitive: MESH-carrier-1m-corner-post-0-0.90625
07:20:18 | INFO: Primitives created: 1
07:20:18 | INFO: Extracting primitive: MESH-carrier-1m-corner-post-0.90625-0
07:20:18 | INFO: Primitives created: 1
07:20:18 | INFO: Extracting primitive: MESH-carrier-1m-corner-post-0.90625-0.90625
07:20:18 | INFO: Primitives created: 1
07:20:18 | INFO: Extracting primitive: MESH-carrier-1m-corner-shell-0-0
07:20:18 | INFO: Primitives created: 1
07:20:18 | INFO: Extracting primitive: MESH-carrier-1m-corner-shell-0-0.90625
07:20:18 | INFO: Primitives created: 1
07:20:18 | INFO: Extracting primitive: MESH-carrier-1m-corner-shell-0.90625-0
07:20:18 | INFO: Primitives created: 1
07:20:18 | INFO: Extracting primitive: MESH-carrier-1m-corner-shell-0.90625-0.90625
07:20:18 | INFO: Primitives created: 1
07:20:18 | INFO: Extracting primitive: MESH-carrier-1m-front-rail-0
07:20:18 | INFO: Primitives created: 1
07:20:18 | INFO: Extracting primitive: MESH-carrier-1m-front-rail-0.9375
07:20:18 | INFO: Primitives created: 1
07:20:18 | INFO: Extracting primitive: MESH-carrier-1m-latch-0.15-0
07:20:18 | INFO: Primitives created: 1
07:20:18 | INFO: Extracting primitive: MESH-carrier-1m-latch-0.15-0.9375
07:20:18 | INFO: Primitives created: 1
07:20:18 | INFO: Extracting primitive: MESH-carrier-1m-latch-0.65-0
07:20:18 | INFO: Primitives created: 1
07:20:18 | INFO: Extracting primitive: MESH-carrier-1m-latch-0.65-0.9375
07:20:18 | INFO: Primitives created: 1
07:20:18 | INFO: Extracting primitive: MESH-carrier-1m-latch-grip-0.15-0
07:20:18 | INFO: Primitives created: 1
07:20:18 | INFO: Extracting primitive: MESH-carrier-1m-latch-grip-0.15-0.9375
07:20:18 | INFO: Primitives created: 1
07:20:18 | INFO: Extracting primitive: MESH-carrier-1m-latch-grip-0.65-0
07:20:18 | INFO: Primitives created: 1
07:20:18 | INFO: Extracting primitive: MESH-carrier-1m-latch-grip-0.65-0.9375
07:20:18 | INFO: Primitives created: 1
07:20:18 | INFO: Extracting primitive: MESH-carrier-1m-lower-deck
07:20:18 | INFO: Primitives created: 1
07:20:18 | INFO: Extracting primitive: MESH-carrier-1m-side-lower-rail-0
07:20:18 | INFO: Primitives created: 1
07:20:18 | INFO: Extracting primitive: MESH-carrier-1m-side-lower-rail-0.9375
07:20:18 | INFO: Primitives created: 1
07:20:18 | INFO: Extracting primitive: MESH-carrier-1m-side-upper-rail-0
07:20:18 | INFO: Primitives created: 1
07:20:19 | INFO: Extracting primitive: MESH-carrier-1m-side-upper-rail-0.9375
07:20:19 | INFO: Primitives created: 1
07:20:19 | INFO: Extracting primitive: MESH-carrier-1m-status-0
07:20:19 | INFO: Primitives created: 1
07:20:19 | INFO: Extracting primitive: MESH-carrier-1m-status-0.9375
07:20:19 | INFO: Primitives created: 1
07:20:19 | INFO: Extracting primitive: MESH-carrier-1m-top-restraint-0-0-0.045
07:20:19 | INFO: Primitives created: 1
07:20:19 | INFO: Extracting primitive: MESH-carrier-1m-top-restraint-0-0-0.94
07:20:19 | INFO: Primitives created: 1
07:20:19 | INFO: Extracting primitive: MESH-carrier-1m-upper-deck
07:20:19 | INFO: Primitives created: 1
07:20:19 | INFO: Finished glTF 2.0 export in 0.03826189041137695 s

07:20:19 | INFO: Starting glTF 2.0 export
07:20:19 | INFO: Extracting primitive: MESH-carrier-2m-BEARING-bottom-0-0
07:20:19 | INFO: Primitives created: 1
07:20:19 | INFO: Extracting primitive: MESH-carrier-2m-BEARING-bottom-0-1
07:20:19 | INFO: Primitives created: 1
07:20:19 | INFO: Extracting primitive: MESH-carrier-2m-BEARING-bottom-1-0
07:20:19 | INFO: Primitives created: 1
07:20:19 | INFO: Extracting primitive: MESH-carrier-2m-BEARING-bottom-1-1
07:20:19 | INFO: Primitives created: 1
07:20:19 | INFO: Extracting primitive: MESH-carrier-2m-BEARING-top-0-0
07:20:19 | INFO: Primitives created: 1
07:20:19 | INFO: Extracting primitive: MESH-carrier-2m-BEARING-top-0-1
07:20:19 | INFO: Primitives created: 1
07:20:19 | INFO: Extracting primitive: MESH-carrier-2m-BEARING-top-1-0
07:20:19 | INFO: Primitives created: 1
07:20:19 | INFO: Extracting primitive: MESH-carrier-2m-BEARING-top-1-1
07:20:19 | INFO: Primitives created: 1
07:20:19 | INFO: Extracting primitive: MESH-carrier-2m-corner-post-0-0
07:20:19 | INFO: Primitives created: 1
07:20:19 | INFO: Extracting primitive: MESH-carrier-2m-corner-post-0-1.90625
07:20:19 | INFO: Primitives created: 1
07:20:19 | INFO: Extracting primitive: MESH-carrier-2m-corner-post-1.90625-0
07:20:19 | INFO: Primitives created: 1
07:20:19 | INFO: Extracting primitive: MESH-carrier-2m-corner-post-1.90625-1.90625
07:20:19 | INFO: Primitives created: 1
07:20:19 | INFO: Extracting primitive: MESH-carrier-2m-corner-shell-0-0
07:20:19 | INFO: Primitives created: 1
07:20:19 | INFO: Extracting primitive: MESH-carrier-2m-corner-shell-0-1.90625
07:20:19 | INFO: Primitives created: 1
07:20:19 | INFO: Extracting primitive: MESH-carrier-2m-corner-shell-1.90625-0
07:20:19 | INFO: Primitives created: 1
07:20:19 | INFO: Extracting primitive: MESH-carrier-2m-corner-shell-1.90625-1.90625
07:20:19 | INFO: Primitives created: 1
07:20:19 | INFO: Extracting primitive: MESH-carrier-2m-front-rail-0
07:20:19 | INFO: Primitives created: 1
07:20:19 | INFO: Extracting primitive: MESH-carrier-2m-front-rail-1.9375
07:20:19 | INFO: Primitives created: 1
07:20:19 | INFO: Extracting primitive: MESH-carrier-2m-intermediate-post-0-0.953125
07:20:19 | INFO: Primitives created: 1
07:20:19 | INFO: Extracting primitive: MESH-carrier-2m-intermediate-post-0.953125-0
07:20:19 | INFO: Primitives created: 1
07:20:19 | INFO: Extracting primitive: MESH-carrier-2m-intermediate-post-0.953125-1.90625
07:20:19 | INFO: Primitives created: 1
07:20:19 | INFO: Extracting primitive: MESH-carrier-2m-intermediate-post-1.90625-0.953125
07:20:19 | INFO: Primitives created: 1
07:20:19 | INFO: Extracting primitive: MESH-carrier-2m-latch-0.15-0
07:20:19 | INFO: Primitives created: 1
07:20:19 | INFO: Extracting primitive: MESH-carrier-2m-latch-0.15-1.9375
07:20:19 | INFO: Primitives created: 1
07:20:19 | INFO: Extracting primitive: MESH-carrier-2m-latch-1.65-0
07:20:19 | INFO: Primitives created: 1
07:20:19 | INFO: Extracting primitive: MESH-carrier-2m-latch-1.65-1.9375
07:20:19 | INFO: Primitives created: 1
07:20:19 | INFO: Extracting primitive: MESH-carrier-2m-latch-grip-0.15-0
07:20:19 | INFO: Primitives created: 1
07:20:19 | INFO: Extracting primitive: MESH-carrier-2m-latch-grip-0.15-1.9375
07:20:19 | INFO: Primitives created: 1
07:20:19 | INFO: Extracting primitive: MESH-carrier-2m-latch-grip-1.65-0
07:20:19 | INFO: Primitives created: 1
07:20:19 | INFO: Extracting primitive: MESH-carrier-2m-latch-grip-1.65-1.9375
07:20:19 | INFO: Primitives created: 1
07:20:19 | INFO: Extracting primitive: MESH-carrier-2m-lower-deck
07:20:19 | INFO: Primitives created: 1
07:20:19 | INFO: Extracting primitive: MESH-carrier-2m-side-lower-rail-0
07:20:19 | INFO: Primitives created: 1
07:20:19 | INFO: Extracting primitive: MESH-carrier-2m-side-lower-rail-1.9375
07:20:19 | INFO: Primitives created: 1
07:20:19 | INFO: Extracting primitive: MESH-carrier-2m-side-upper-rail-0
07:20:19 | INFO: Primitives created: 1
07:20:19 | INFO: Extracting primitive: MESH-carrier-2m-side-upper-rail-1.9375
07:20:19 | INFO: Primitives created: 1
07:20:19 | INFO: Extracting primitive: MESH-carrier-2m-status-0
07:20:19 | INFO: Primitives created: 1
07:20:19 | INFO: Extracting primitive: MESH-carrier-2m-status-1.9375
07:20:19 | INFO: Primitives created: 1
07:20:19 | INFO: Extracting primitive: MESH-carrier-2m-top-restraint-0-0-0.045
07:20:19 | INFO: Primitives created: 1
07:20:19 | INFO: Extracting primitive: MESH-carrier-2m-top-restraint-0-0-0.94
07:20:19 | INFO: Primitives created: 1
07:20:19 | INFO: Extracting primitive: MESH-carrier-2m-top-restraint-0-1-1.045
07:20:19 | INFO: Primitives created: 1
07:20:19 | INFO: Extracting primitive: MESH-carrier-2m-top-restraint-0-1-1.94
07:20:19 | INFO: Primitives created: 1
07:20:19 | INFO: Extracting primitive: MESH-carrier-2m-top-restraint-1-0-0.045
07:20:19 | INFO: Primitives created: 1
07:20:19 | INFO: Extracting primitive: MESH-carrier-2m-top-restraint-1-0-0.94
07:20:19 | INFO: Primitives created: 1
07:20:19 | INFO: Extracting primitive: MESH-carrier-2m-top-restraint-1-1-1.045
07:20:19 | INFO: Primitives created: 1
07:20:19 | INFO: Extracting primitive: MESH-carrier-2m-top-restraint-1-1-1.94
07:20:19 | INFO: Primitives created: 1
07:20:19 | INFO: Extracting primitive: MESH-carrier-2m-upper-deck
07:20:19 | INFO: Primitives created: 1
07:20:19 | INFO: Finished glTF 2.0 export in 0.0444033145904541 s
Blender 4.3.2
Fra:1 Mem:18.64M (Peak 19.70M) | Time:00:00.00 | Mem:0.00M, Peak:0.00M | Scene, ViewLayer | Synchronizing object | GEO-carrier-1m-lower-deck
Fra:1 Mem:19.65M (Peak 19.70M) | Time:00:00.00 | Mem:0.00M, Peak:0.00M | Scene, ViewLayer | Synchronizing object | GEO-carrier-1m-side-upper-rail-0.9375
Fra:1 Mem:20.66M (Peak 20.66M) | Time:00:00.00 | Mem:0.00M, Peak:0.00M | Scene, ViewLayer | Synchronizing object | GEO-carrier-1m-upper-deck
Fra:1 Mem:20.70M (Peak 20.70M) | Time:00:00.00 | Mem:0.00M, Peak:0.00M | Scene, ViewLayer | Synchronizing object | GEO-carrier-1m-BEARING-bottom-0-0
Fra:1 Mem:20.69M (Peak 20.70M) | Time:00:00.00 | Mem:0.00M, Peak:0.00M | Scene, ViewLayer | Synchronizing object | GEO-carrier-1m-side-lower-rail-0.9375
Fra:1 Mem:20.69M (Peak 20.70M) | Time:00:00.00 | Mem:0.00M, Peak:0.00M | Scene, ViewLayer | Synchronizing object | GEO-carrier-1m-BEARING-top-0-0
Fra:1 Mem:20.71M (Peak 20.71M) | Time:00:00.00 | Mem:0.00M, Peak:0.00M | Scene, ViewLayer | Synchronizing object | GEO-carrier-1m-top-restraint-0-0-0.045
Fra:1 Mem:20.71M (Peak 20.71M) | Time:00:00.00 | Mem:0.00M, Peak:0.00M | Scene, ViewLayer | Synchronizing object | GEO-carrier-1m-side-upper-rail-0
Fra:1 Mem:20.73M (Peak 20.73M) | Time:00:00.00 | Mem:0.00M, Peak:0.00M | Scene, ViewLayer | Synchronizing object | GEO-carrier-1m-top-restraint-0-0-0.94
Fra:1 Mem:20.73M (Peak 20.73M) | Time:00:00.00 | Mem:0.00M, Peak:0.00M | Scene, ViewLayer | Synchronizing object | GEO-carrier-1m-side-lower-rail-0
Fra:1 Mem:20.77M (Peak 20.77M) | Time:00:00.00 | Mem:0.00M, Peak:0.00M | Scene, ViewLayer | Synchronizing object | GEO-carrier-1m-status-0.9375
Fra:1 Mem:20.77M (Peak 20.77M) | Time:00:00.00 | Mem:0.00M, Peak:0.00M | Scene, ViewLayer | Synchronizing object | GEO-carrier-1m-corner-post-0-0
Fra:1 Mem:20.78M (Peak 20.78M) | Time:00:00.00 | Mem:0.00M, Peak:0.00M | Scene, ViewLayer | Synchronizing object | GEO-carrier-1m-latch-grip-0.65-0.9375
Fra:1 Mem:20.81M (Peak 20.81M) | Time:00:00.00 | Mem:0.00M, Peak:0.00M | Scene, ViewLayer | Synchronizing object | GEO-carrier-1m-corner-shell-0-0
Fra:1 Mem:20.80M (Peak 20.81M) | Time:00:00.00 | Mem:0.00M, Peak:0.00M | Scene, ViewLayer | Synchronizing object | GEO-carrier-1m-latch-0.65-0.9375
Fra:1 Mem:20.83M (Peak 20.83M) | Time:00:00.00 | Mem:0.00M, Peak:0.00M | Scene, ViewLayer | Synchronizing object | GEO-carrier-1m-latch-grip-0.15-0.9375
Fra:1 Mem:20.84M (Peak 20.84M) | Time:00:00.00 | Mem:0.00M, Peak:0.00M | Scene, ViewLayer | Synchronizing object | GEO-carrier-1m-corner-post-0-0.90625
Fra:1 Mem:20.85M (Peak 20.85M) | Time:00:00.00 | Mem:0.00M, Peak:0.00M | Scene, ViewLayer | Synchronizing object | GEO-carrier-1m-latch-0.15-0.9375
Fra:1 Mem:20.87M (Peak 20.87M) | Time:00:00.00 | Mem:0.00M, Peak:0.00M | Scene, ViewLayer | Synchronizing object | GEO-carrier-1m-corner-shell-0-0.90625
Fra:1 Mem:20.86M (Peak 20.87M) | Time:00:00.00 | Mem:0.00M, Peak:0.00M | Scene, ViewLayer | Synchronizing object | GEO-carrier-1m-front-rail-0.9375
Fra:1 Mem:20.90M (Peak 20.90M) | Time:00:00.00 | Mem:0.00M, Peak:0.00M | Scene, ViewLayer | Synchronizing object | GEO-carrier-1m-status-0
Fra:1 Mem:20.90M (Peak 20.90M) | Time:00:00.00 | Mem:0.00M, Peak:0.00M | Scene, ViewLayer | Synchronizing object | GEO-carrier-1m-corner-post-0.90625-0
Fra:1 Mem:20.92M (Peak 20.92M) | Time:00:00.00 | Mem:0.00M, Peak:0.00M | Scene, ViewLayer | Synchronizing object | GEO-carrier-1m-latch-grip-0.65-0
Fra:1 Mem:20.92M (Peak 20.92M) | Time:00:00.00 | Mem:0.00M, Peak:0.00M | Scene, ViewLayer | Synchronizing object | GEO-carrier-1m-latch-0.65-0
Fra:1 Mem:20.92M (Peak 20.92M) | Time:00:00.00 | Mem:0.00M, Peak:0.00M | Scene, ViewLayer | Synchronizing object | GEO-carrier-1m-corner-shell-0.90625-0
Fra:1 Mem:20.95M (Peak 20.95M) | Time:00:00.00 | Mem:0.00M, Peak:0.00M | Scene, ViewLayer | Synchronizing object | GEO-carrier-1m-latch-grip-0.15-0
Fra:1 Mem:20.97M (Peak 20.97M) | Time:00:00.00 | Mem:0.00M, Peak:0.00M | Scene, ViewLayer | Synchronizing object | GEO-carrier-1m-corner-post-0.90625-0.90625
Fra:1 Mem:20.96M (Peak 20.97M) | Time:00:00.00 | Mem:0.00M, Peak:0.00M | Scene, ViewLayer | Synchronizing object | GEO-carrier-1m-latch-0.15-0
Fra:1 Mem:20.99M (Peak 20.99M) | Time:00:00.00 | Mem:0.00M, Peak:0.00M | Scene, ViewLayer | Synchronizing object | GEO-carrier-1m-front-rail-0
Fra:1 Mem:21.00M (Peak 21.00M) | Time:00:00.00 | Mem:0.00M, Peak:0.00M | Scene, ViewLayer | Synchronizing object | GEO-carrier-1m-corner-shell-0.90625-0.90625
Fra:1 Mem:21.01M (Peak 21.01M) | Time:00:00.00 | Mem:0.00M, Peak:0.00M | Scene, ViewLayer | Initializing
Fra:1 Mem:19.23M (Peak 21.01M) | Time:00:00.00 | Mem:0.00M, Peak:0.00M | Scene, ViewLayer | Waiting for render to start
Fra:1 Mem:19.23M (Peak 21.01M) | Time:00:00.00 | Mem:0.00M, Peak:0.00M | Scene, ViewLayer | Loading render kernels (may take a few minutes the first time)
Fra:1 Mem:19.23M (Peak 21.01M) | Time:00:00.00 | Mem:0.00M, Peak:0.00M | Scene, ViewLayer | Updating Scene
Fra:1 Mem:19.23M (Peak 21.01M) | Time:00:00.00 | Mem:0.00M, Peak:0.00M | Scene, ViewLayer | Updating Shaders
Fra:1 Mem:19.31M (Peak 21.01M) | Time:00:00.00 | Mem:0.00M, Peak:0.00M | Scene, ViewLayer | Updating Procedurals
Fra:1 Mem:19.31M (Peak 21.01M) | Time:00:00.00 | Mem:0.00M, Peak:0.00M | Scene, ViewLayer | Updating Background
Fra:1 Mem:19.31M (Peak 21.01M) | Time:00:00.00 | Mem:0.00M, Peak:0.00M | Scene, ViewLayer | Updating Camera
Fra:1 Mem:19.31M (Peak 21.01M) | Time:00:00.00 | Mem:0.00M, Peak:0.00M | Scene, ViewLayer | Updating Meshes Flags
Fra:1 Mem:19.31M (Peak 21.01M) | Time:00:00.00 | Mem:0.00M, Peak:0.00M | Scene, ViewLayer | Updating Objects
Fra:1 Mem:19.31M (Peak 21.01M) | Time:00:00.00 | Mem:0.00M, Peak:0.00M | Scene, ViewLayer | Updating Objects | Copying Transformations to device
Fra:1 Mem:19.32M (Peak 21.01M) | Time:00:00.00 | Mem:0.01M, Peak:0.01M | Scene, ViewLayer | Updating Objects | Applying Static Transformations
Fra:1 Mem:19.32M (Peak 21.01M) | Time:00:00.00 | Mem:0.01M, Peak:0.01M | Scene, ViewLayer | Updating Particle Systems
Fra:1 Mem:19.32M (Peak 21.01M) | Time:00:00.00 | Mem:0.01M, Peak:0.01M | Scene, ViewLayer | Updating Particle Systems | Copying Particles to device
Fra:1 Mem:19.32M (Peak 21.01M) | Time:00:00.00 | Mem:0.01M, Peak:0.01M | Scene, ViewLayer | Updating Meshes
Fra:1 Mem:19.37M (Peak 21.01M) | Time:00:00.00 | Mem:0.01M, Peak:0.01M | Scene, ViewLayer | Updating Mesh | Computing attributes
Fra:1 Mem:19.44M (Peak 21.01M) | Time:00:00.00 | Mem:0.01M, Peak:0.01M | Scene, ViewLayer | Updating Mesh | Copying Attributes to device
Fra:1 Mem:19.44M (Peak 21.01M) | Time:00:00.00 | Mem:0.08M, Peak:0.08M | Scene, ViewLayer | Updating Scene BVH | Building
Fra:1 Mem:19.44M (Peak 21.01M) | Time:00:00.00 | Mem:0.08M, Peak:0.08M | Scene, ViewLayer | Updating Scene BVH | Building BVH
Fra:1 Mem:19.44M (Peak 21.01M) | Time:00:00.00 | Mem:0.18M, Peak:0.18M | Scene, ViewLayer | Updating Scene BVH | Building BVH 0%
Fra:1 Mem:19.44M (Peak 21.01M) | Time:00:00.01 | Mem:0.29M, Peak:0.38M | Scene, ViewLayer | Updating Scene BVH | Copying BVH to device
Fra:1 Mem:19.44M (Peak 21.01M) | Time:00:00.01 | Mem:0.29M, Peak:0.38M | Scene, ViewLayer | Updating Mesh | Computing normals
Fra:1 Mem:19.68M (Peak 21.01M) | Time:00:00.01 | Mem:0.29M, Peak:0.38M | Scene, ViewLayer | Updating Mesh | Copying Mesh to device
Fra:1 Mem:19.68M (Peak 21.01M) | Time:00:00.01 | Mem:0.53M, Peak:0.53M | Scene, ViewLayer | Updating Objects Flags
Fra:1 Mem:19.68M (Peak 21.01M) | Time:00:00.01 | Mem:0.53M, Peak:0.53M | Scene, ViewLayer | Updating Primitive Offsets
Fra:1 Mem:19.68M (Peak 21.01M) | Time:00:00.01 | Mem:0.53M, Peak:0.53M | Scene, ViewLayer | Updating Images
Fra:1 Mem:19.68M (Peak 21.01M) | Time:00:00.01 | Mem:0.53M, Peak:0.53M | Scene, ViewLayer | Updating Camera Volume
Fra:1 Mem:19.68M (Peak 21.01M) | Time:00:00.01 | Mem:0.53M, Peak:0.53M | Scene, ViewLayer | Updating Lookup Tables
Fra:1 Mem:19.68M (Peak 21.01M) | Time:00:00.01 | Mem:0.62M, Peak:0.62M | Scene, ViewLayer | Updating Lights
Fra:1 Mem:19.68M (Peak 21.01M) | Time:00:00.01 | Mem:0.62M, Peak:0.62M | Scene, ViewLayer | Updating Lights | Computing tree
Fra:1 Mem:19.72M (Peak 21.01M) | Time:00:00.01 | Mem:0.65M, Peak:0.65M | Scene, ViewLayer | Updating Integrator
Fra:1 Mem:19.72M (Peak 21.01M) | Time:00:00.01 | Mem:0.65M, Peak:0.65M | Scene, ViewLayer | Updating Film
Fra:1 Mem:19.72M (Peak 21.01M) | Time:00:00.01 | Mem:0.57M, Peak:0.65M | Scene, ViewLayer | Updating Lookup Tables
Fra:1 Mem:19.72M (Peak 21.01M) | Time:00:00.01 | Mem:0.66M, Peak:0.66M | Scene, ViewLayer | Updating Baking
Fra:1 Mem:19.72M (Peak 21.01M) | Time:00:00.01 | Mem:0.66M, Peak:0.66M | Scene, ViewLayer | Updating Device | Writing constant memory
Fra:1 Mem:19.72M (Peak 21.01M) | Time:00:00.01 | Mem:0.66M, Peak:0.66M | Scene, ViewLayer | Sample 0/64
Fra:1 Mem:53.72M (Peak 53.72M) | Time:00:00.57 | Remaining:00:35.63 | Mem:34.65M, Peak:34.65M | Scene, ViewLayer | Sample 1/64
Fra:1 Mem:68.83M (Peak 99.04M) | Time:00:26.10 | Mem:34.65M, Peak:34.65M | Scene, ViewLayer | Sample 64/64
Fra:1 Mem:68.83M (Peak 99.04M) | Time:00:26.10 | Mem:34.65M, Peak:34.65M | Scene, ViewLayer | Finished
Saved: '/root/sidereal_spacetime/assets/art-library/designs/cargo.carrier.grid-support/revisions/r000/a002/carrier-1m-cutout.png'
Time: 00:26.33 (Saving: 00:00.22)

Fra:1 Mem:21.27M (Peak 21.27M) | Time:00:00.00 | Mem:0.00M, Peak:0.00M | Scene, ViewLayer | Synchronizing object | GEO-carrier-2m-lower-deck
Fra:1 Mem:21.29M (Peak 21.29M) | Time:00:00.00 | Mem:0.00M, Peak:0.00M | Scene, ViewLayer | Synchronizing object | GEO-carrier-2m-upper-deck
Fra:1 Mem:21.30M (Peak 21.30M) | Time:00:00.00 | Mem:0.00M, Peak:0.00M | Scene, ViewLayer | Synchronizing object | GEO-carrier-2m-BEARING-bottom-0-0
Fra:1 Mem:21.31M (Peak 21.31M) | Time:00:00.00 | Mem:0.00M, Peak:0.00M | Scene, ViewLayer | Synchronizing object | GEO-carrier-2m-BEARING-top-0-0
Fra:1 Mem:21.31M (Peak 21.31M) | Time:00:00.00 | Mem:0.00M, Peak:0.00M | Scene, ViewLayer | Synchronizing object | GEO-carrier-2m-top-restraint-0-0-0.045
Fra:1 Mem:21.32M (Peak 21.32M) | Time:00:00.00 | Mem:0.00M, Peak:0.00M | Scene, ViewLayer | Synchronizing object | GEO-carrier-2m-top-restraint-0-0-0.94
Fra:1 Mem:21.34M (Peak 21.34M) | Time:00:00.00 | Mem:0.00M, Peak:0.00M | Scene, ViewLayer | Synchronizing object | GEO-carrier-2m-intermediate-post-0.953125-1.90625
Fra:1 Mem:21.34M (Peak 21.34M) | Time:00:00.00 | Mem:0.00M, Peak:0.00M | Scene, ViewLayer | Synchronizing object | GEO-carrier-2m-BEARING-bottom-0-1
Fra:1 Mem:21.34M (Peak 21.34M) | Time:00:00.00 | Mem:0.00M, Peak:0.00M | Scene, ViewLayer | Synchronizing object | GEO-carrier-2m-BEARING-top-0-1
Fra:1 Mem:21.35M (Peak 21.35M) | Time:00:00.00 | Mem:0.00M, Peak:0.00M | Scene, ViewLayer | Synchronizing object | GEO-carrier-2m-top-restraint-0-1-1.045
Fra:1 Mem:21.37M (Peak 21.37M) | Time:00:00.00 | Mem:0.00M, Peak:0.00M | Scene, ViewLayer | Synchronizing object | GEO-carrier-2m-top-restraint-0-1-1.94
Fra:1 Mem:21.38M (Peak 21.38M) | Time:00:00.00 | Mem:0.00M, Peak:0.00M | Scene, ViewLayer | Synchronizing object | GEO-carrier-2m-intermediate-post-0.953125-0
Fra:1 Mem:21.38M (Peak 21.38M) | Time:00:00.00 | Mem:0.00M, Peak:0.00M | Scene, ViewLayer | Synchronizing object | GEO-carrier-2m-BEARING-bottom-1-0
Fra:1 Mem:21.38M (Peak 21.38M) | Time:00:00.00 | Mem:0.00M, Peak:0.00M | Scene, ViewLayer | Synchronizing object | GEO-carrier-2m-BEARING-top-1-0
Fra:1 Mem:21.40M (Peak 21.40M) | Time:00:00.00 | Mem:0.00M, Peak:0.00M | Scene, ViewLayer | Synchronizing object | GEO-carrier-2m-top-restraint-1-0-0.045
Fra:1 Mem:21.42M (Peak 21.42M) | Time:00:00.00 | Mem:0.00M, Peak:0.00M | Scene, ViewLayer | Synchronizing object | GEO-carrier-2m-intermediate-post-1.90625-0.953125
Fra:1 Mem:21.42M (Peak 21.42M) | Time:00:00.00 | Mem:0.00M, Peak:0.00M | Scene, ViewLayer | Synchronizing object | GEO-carrier-2m-top-restraint-1-0-0.94
Fra:1 Mem:21.44M (Peak 21.44M) | Time:00:00.00 | Mem:0.00M, Peak:0.00M | Scene, ViewLayer | Synchronizing object | GEO-carrier-2m-intermediate-post-0-0.953125
Fra:1 Mem:21.45M (Peak 21.45M) | Time:00:00.00 | Mem:0.00M, Peak:0.00M | Scene, ViewLayer | Synchronizing object | GEO-carrier-2m-BEARING-bottom-1-1
Fra:1 Mem:21.46M (Peak 21.46M) | Time:00:00.00 | Mem:0.00M, Peak:0.00M | Scene, ViewLayer | Synchronizing object | GEO-carrier-2m-BEARING-top-1-1
Fra:1 Mem:21.45M (Peak 21.46M) | Time:00:00.00 | Mem:0.00M, Peak:0.00M | Scene, ViewLayer | Synchronizing object | GEO-carrier-2m-top-restraint-1-1-1.045
Fra:1 Mem:21.46M (Peak 21.46M) | Time:00:00.00 | Mem:0.00M, Peak:0.00M | Scene, ViewLayer | Synchronizing object | GEO-carrier-2m-side-upper-rail-1.9375
Fra:1 Mem:21.47M (Peak 21.47M) | Time:00:00.00 | Mem:0.00M, Peak:0.00M | Scene, ViewLayer | Synchronizing object | GEO-carrier-2m-top-restraint-1-1-1.94
Fra:1 Mem:21.50M (Peak 21.50M) | Time:00:00.00 | Mem:0.00M, Peak:0.00M | Scene, ViewLayer | Synchronizing object | GEO-carrier-2m-side-lower-rail-1.9375
Fra:1 Mem:21.49M (Peak 21.50M) | Time:00:00.00 | Mem:0.00M, Peak:0.00M | Scene, ViewLayer | Synchronizing object | GEO-carrier-2m-corner-post-0-0
Fra:1 Mem:21.53M (Peak 21.53M) | Time:00:00.00 | Mem:0.00M, Peak:0.00M | Scene, ViewLayer | Synchronizing object | GEO-carrier-2m-side-upper-rail-0
Fra:1 Mem:21.51M (Peak 21.53M) | Time:00:00.00 | Mem:0.00M, Peak:0.00M | Scene, ViewLayer | Synchronizing object | GEO-carrier-2m-corner-shell-0-0
Fra:1 Mem:21.54M (Peak 21.54M) | Time:00:00.00 | Mem:0.00M, Peak:0.00M | Scene, ViewLayer | Synchronizing object | GEO-carrier-2m-corner-post-0-1.90625
Fra:1 Mem:21.53M (Peak 21.54M) | Time:00:00.00 | Mem:0.00M, Peak:0.00M | Scene, ViewLayer | Synchronizing object | GEO-carrier-2m-side-lower-rail-0
Fra:1 Mem:21.58M (Peak 21.58M) | Time:00:00.00 | Mem:0.00M, Peak:0.00M | Scene, ViewLayer | Synchronizing object | GEO-carrier-2m-corner-shell-0-1.90625
Fra:1 Mem:21.56M (Peak 21.58M) | Time:00:00.00 | Mem:0.00M, Peak:0.00M | Scene, ViewLayer | Synchronizing object | GEO-carrier-2m-status-1.9375
Fra:1 Mem:21.60M (Peak 21.60M) | Time:00:00.00 | Mem:0.00M, Peak:0.00M | Scene, ViewLayer | Synchronizing object | GEO-carrier-2m-corner-post-1.90625-0
Fra:1 Mem:21.59M (Peak 21.60M) | Time:00:00.00 | Mem:0.00M, Peak:0.00M | Scene, ViewLayer | Synchronizing object | GEO-carrier-2m-latch-grip-1.65-1.9375
Fra:1 Mem:21.63M (Peak 21.63M) | Time:00:00.00 | Mem:0.00M, Peak:0.00M | Scene, ViewLayer | Synchronizing object | GEO-carrier-2m-corner-shell-1.90625-0
Fra:1 Mem:21.63M (Peak 21.63M) | Time:00:00.00 | Mem:0.00M, Peak:0.00M | Scene, ViewLayer | Synchronizing object | GEO-carrier-2m-latch-1.65-1.9375
Fra:1 Mem:21.66M (Peak 21.66M) | Time:00:00.00 | Mem:0.00M, Peak:0.00M | Scene, ViewLayer | Synchronizing object | GEO-carrier-2m-corner-post-1.90625-1.90625
Fra:1 Mem:21.65M (Peak 21.66M) | Time:00:00.00 | Mem:0.00M, Peak:0.00M | Scene, ViewLayer | Synchronizing object | GEO-carrier-2m-latch-grip-0.15-1.9375
Fra:1 Mem:21.67M (Peak 21.67M) | Time:00:00.00 | Mem:0.00M, Peak:0.00M | Scene, ViewLayer | Synchronizing object | GEO-carrier-2m-corner-shell-1.90625-1.90625
Fra:1 Mem:21.68M (Peak 21.68M) | Time:00:00.00 | Mem:0.00M, Peak:0.00M | Scene, ViewLayer | Synchronizing object | GEO-carrier-2m-latch-0.15-1.9375
Fra:1 Mem:21.69M (Peak 21.69M) | Time:00:00.00 | Mem:0.00M, Peak:0.00M | Scene, ViewLayer | Synchronizing object | GEO-carrier-2m-front-rail-0
Fra:1 Mem:21.71M (Peak 21.71M) | Time:00:00.00 | Mem:0.00M, Peak:0.00M | Scene, ViewLayer | Synchronizing object | GEO-carrier-2m-front-rail-1.9375
Fra:1 Mem:21.73M (Peak 21.73M) | Time:00:00.00 | Mem:0.00M, Peak:0.00M | Scene, ViewLayer | Synchronizing object | GEO-carrier-2m-latch-0.15-0
Fra:1 Mem:21.75M (Peak 21.75M) | Time:00:00.00 | Mem:0.00M, Peak:0.00M | Scene, ViewLayer | Synchronizing object | GEO-carrier-2m-status-0
Fra:1 Mem:21.75M (Peak 21.75M) | Time:00:00.00 | Mem:0.00M, Peak:0.00M | Scene, ViewLayer | Synchronizing object | GEO-carrier-2m-latch-grip-0.15-0
Fra:1 Mem:21.77M (Peak 21.77M) | Time:00:00.00 | Mem:0.00M, Peak:0.00M | Scene, ViewLayer | Synchronizing object | GEO-carrier-2m-latch-grip-1.65-0
Fra:1 Mem:21.78M (Peak 21.78M) | Time:00:00.00 | Mem:0.00M, Peak:0.00M | Scene, ViewLayer | Synchronizing object | GEO-carrier-2m-latch-1.65-0
Fra:1 Mem:21.78M (Peak 21.78M) | Time:00:00.00 | Mem:0.00M, Peak:0.00M | Scene, ViewLayer | Initializing
Fra:1 Mem:19.35M (Peak 21.78M) | Time:00:00.00 | Mem:0.00M, Peak:0.00M | Scene, ViewLayer | Waiting for render to start
Fra:1 Mem:19.35M (Peak 21.78M) | Time:00:00.00 | Mem:0.00M, Peak:0.00M | Scene, ViewLayer | Loading render kernels (may take a few minutes the first time)
Fra:1 Mem:19.35M (Peak 21.78M) | Time:00:00.00 | Mem:0.00M, Peak:0.00M | Scene, ViewLayer | Updating Scene
Fra:1 Mem:19.35M (Peak 21.78M) | Time:00:00.00 | Mem:0.00M, Peak:0.00M | Scene, ViewLayer | Updating Shaders
Fra:1 Mem:19.44M (Peak 21.78M) | Time:00:00.00 | Mem:0.00M, Peak:0.00M | Scene, ViewLayer | Updating Procedurals
Fra:1 Mem:19.44M (Peak 21.78M) | Time:00:00.00 | Mem:0.00M, Peak:0.00M | Scene, ViewLayer | Updating Background
Fra:1 Mem:19.44M (Peak 21.78M) | Time:00:00.00 | Mem:0.00M, Peak:0.00M | Scene, ViewLayer | Updating Camera
Fra:1 Mem:19.44M (Peak 21.78M) | Time:00:00.00 | Mem:0.00M, Peak:0.00M | Scene, ViewLayer | Updating Meshes Flags
Fra:1 Mem:19.44M (Peak 21.78M) | Time:00:00.00 | Mem:0.00M, Peak:0.00M | Scene, ViewLayer | Updating Objects
Fra:1 Mem:19.44M (Peak 21.78M) | Time:00:00.00 | Mem:0.00M, Peak:0.00M | Scene, ViewLayer | Updating Objects | Copying Transformations to device
Fra:1 Mem:19.45M (Peak 21.78M) | Time:00:00.00 | Mem:0.02M, Peak:0.02M | Scene, ViewLayer | Updating Objects | Applying Static Transformations
Fra:1 Mem:19.45M (Peak 21.78M) | Time:00:00.00 | Mem:0.02M, Peak:0.02M | Scene, ViewLayer | Updating Particle Systems
Fra:1 Mem:19.45M (Peak 21.78M) | Time:00:00.00 | Mem:0.02M, Peak:0.02M | Scene, ViewLayer | Updating Particle Systems | Copying Particles to device
Fra:1 Mem:19.45M (Peak 21.78M) | Time:00:00.00 | Mem:0.02M, Peak:0.02M | Scene, ViewLayer | Updating Meshes
Fra:1 Mem:19.51M (Peak 21.78M) | Time:00:00.00 | Mem:0.02M, Peak:0.02M | Scene, ViewLayer | Updating Mesh | Computing attributes
Fra:1 Mem:19.62M (Peak 21.78M) | Time:00:00.00 | Mem:0.02M, Peak:0.02M | Scene, ViewLayer | Updating Mesh | Copying Attributes to device
Fra:1 Mem:19.61M (Peak 21.78M) | Time:00:00.00 | Mem:0.11M, Peak:0.11M | Scene, ViewLayer | Updating Scene BVH | Building
Fra:1 Mem:19.61M (Peak 21.78M) | Time:00:00.00 | Mem:0.11M, Peak:0.11M | Scene, ViewLayer | Updating Scene BVH | Building BVH
Fra:1 Mem:19.61M (Peak 21.78M) | Time:00:00.00 | Mem:0.24M, Peak:0.24M | Scene, ViewLayer | Updating Scene BVH | Building BVH 0%
Fra:1 Mem:19.61M (Peak 21.78M) | Time:00:00.00 | Mem:0.40M, Peak:0.53M | Scene, ViewLayer | Updating Scene BVH | Copying BVH to device
Fra:1 Mem:19.61M (Peak 21.78M) | Time:00:00.00 | Mem:0.40M, Peak:0.53M | Scene, ViewLayer | Updating Mesh | Computing normals
Fra:1 Mem:19.94M (Peak 21.78M) | Time:00:00.00 | Mem:0.40M, Peak:0.53M | Scene, ViewLayer | Updating Mesh | Copying Mesh to device
Fra:1 Mem:19.94M (Peak 21.78M) | Time:00:00.00 | Mem:0.73M, Peak:0.73M | Scene, ViewLayer | Updating Objects Flags
Fra:1 Mem:19.94M (Peak 21.78M) | Time:00:00.00 | Mem:0.73M, Peak:0.73M | Scene, ViewLayer | Updating Primitive Offsets
Fra:1 Mem:19.94M (Peak 21.78M) | Time:00:00.00 | Mem:0.73M, Peak:0.73M | Scene, ViewLayer | Updating Images
Fra:1 Mem:19.94M (Peak 21.78M) | Time:00:00.00 | Mem:0.73M, Peak:0.73M | Scene, ViewLayer | Updating Camera Volume
Fra:1 Mem:19.94M (Peak 21.78M) | Time:00:00.00 | Mem:0.73M, Peak:0.73M | Scene, ViewLayer | Updating Lookup Tables
Fra:1 Mem:19.94M (Peak 21.78M) | Time:00:00.00 | Mem:0.81M, Peak:0.81M | Scene, ViewLayer | Updating Lights
Fra:1 Mem:19.94M (Peak 21.78M) | Time:00:00.00 | Mem:0.81M, Peak:0.81M | Scene, ViewLayer | Updating Lights | Computing tree
Fra:1 Mem:19.98M (Peak 21.78M) | Time:00:00.00 | Mem:0.85M, Peak:0.85M | Scene, ViewLayer | Updating Integrator
Fra:1 Mem:19.98M (Peak 21.78M) | Time:00:00.00 | Mem:0.85M, Peak:0.85M | Scene, ViewLayer | Updating Film
Fra:1 Mem:19.98M (Peak 21.78M) | Time:00:00.00 | Mem:0.77M, Peak:0.85M | Scene, ViewLayer | Updating Lookup Tables
Fra:1 Mem:19.98M (Peak 21.78M) | Time:00:00.00 | Mem:0.85M, Peak:0.85M | Scene, ViewLayer | Updating Baking
Fra:1 Mem:19.98M (Peak 21.78M) | Time:00:00.00 | Mem:0.85M, Peak:0.85M | Scene, ViewLayer | Updating Device | Writing constant memory
Fra:1 Mem:19.98M (Peak 21.78M) | Time:00:00.00 | Mem:0.85M, Peak:0.85M | Scene, ViewLayer | Sample 0/64
Fra:1 Mem:53.98M (Peak 53.98M) | Time:00:00.33 | Remaining:00:20.85 | Mem:34.84M, Peak:34.84M | Scene, ViewLayer | Sample 1/64
Fra:1 Mem:69.09M (Peak 99.30M) | Time:00:19.54 | Mem:34.84M, Peak:34.84M | Scene, ViewLayer | Sample 64/64
Fra:1 Mem:69.09M (Peak 99.30M) | Time:00:19.54 | Mem:34.84M, Peak:34.84M | Scene, ViewLayer | Finished
Saved: '/root/sidereal_spacetime/assets/art-library/designs/cargo.carrier.grid-support/revisions/r000/a002/carrier-2m-cutout.png'
Time: 00:19.64 (Saving: 00:00.10)


Info: Saved "blender-source.blend"
07:21:05 | INFO: Data are loaded, start creating Blender stuff
07:21:05 | INFO: Blender create Mesh node Cube.089
07:21:05 | INFO: Blender create Mesh node Cube.090
07:21:05 | INFO: Blender create Mesh node Cube.091
07:21:05 | INFO: Blender create Mesh node Cube.092
07:21:05 | INFO: Blender create Mesh node Cube.093
07:21:05 | INFO: Blender create Mesh node Cube.094
07:21:05 | INFO: Blender create Mesh node Cube.095
07:21:05 | INFO: Blender create Mesh node Cube.096
07:21:05 | INFO: Blender create Mesh node Cube.097
07:21:05 | INFO: Blender create Mesh node Cube.098
07:21:05 | INFO: Blender create Mesh node Cube.099
07:21:05 | INFO: Blender create Mesh node Cube.100
07:21:05 | INFO: Blender create Mesh node Cube.101
07:21:05 | INFO: Blender create Mesh node Cube.102
07:21:05 | INFO: Blender create Mesh node Cube.103
07:21:05 | INFO: Blender create Mesh node Cube.104
07:21:05 | INFO: Blender create Mesh node Cube.105
07:21:05 | INFO: Blender create Mesh node Cube.106
07:21:05 | INFO: Blender create Mesh node Cube.107
07:21:05 | INFO: Blender create Mesh node Cube.108
07:21:05 | INFO: Blender create Mesh node Cube.109
07:21:05 | INFO: Blender create Mesh node Cube.110
07:21:05 | INFO: Blender create Mesh node Cube.111
07:21:05 | INFO: Blender create Mesh node Cube.112
07:21:05 | INFO: Blender create Mesh node Cube.113
07:21:05 | INFO: Blender create Mesh node Cube.114
07:21:05 | INFO: Blender create Mesh node Cube.115
07:21:05 | INFO: Blender create Mesh node Cube.116
07:21:05 | INFO: Blender create Mesh node Cube.117
07:21:05 | INFO: Blender create Mesh node Cube.118
07:21:05 | INFO: Blender create Mesh node Cube.119
07:21:05 | INFO: Blender create Mesh node Cube.120
07:21:05 | INFO: Blender create Mesh node Cube.121
07:21:05 | INFO: Blender create Mesh node Cube.122
07:21:05 | INFO: Blender create Mesh node Cube.123
07:21:05 | INFO: Blender create Mesh node Cube.124
07:21:05 | INFO: Blender create Mesh node Cylinder.004
07:21:05 | INFO: Blender create Mesh node Cylinder.005
07:21:05 | INFO: Blender create Mesh node side-inset-backing.002
07:21:05 | INFO: Blender create Mesh node fitted-side-panel.002
07:21:05 | INFO: Blender create Mesh node Cube.125
07:21:05 | INFO: Blender create Mesh node Cube.126
07:21:05 | INFO: Blender create Mesh node Cube.127
07:21:05 | INFO: Blender create Mesh node Cylinder.006
07:21:05 | INFO: Blender create Mesh node Cube.128
07:21:05 | INFO: Blender create Mesh node side-inset-backing.003
07:21:05 | INFO: Blender create Mesh node fitted-side-panel.003
07:21:05 | INFO: Blender create Mesh node Cube.129
07:21:05 | INFO: Blender create Mesh node Cube.130
07:21:05 | INFO: Blender create Mesh node Cube.131
07:21:05 | INFO: Blender create Mesh node Cylinder.007
07:21:05 | INFO: Blender create Mesh node Cube.132
07:21:05 | INFO: Blender create Mesh node front-inset.001
07:21:05 | INFO: Blender create Mesh node front-fitted-panel.001
07:21:05 | INFO: Blender create Mesh node Cube.133
07:21:05 | INFO: Blender create Mesh node Cube.134
07:21:05 | INFO: Blender create Mesh node Cube.135
07:21:05 | INFO: Blender create Mesh node Cube.136
07:21:05 | INFO: Blender create Mesh node Cube.137
07:21:05 | INFO: Blender create Mesh node Cube.138
07:21:05 | INFO: Blender create Mesh node Cube.139
07:21:05 | INFO: Blender create Mesh node Cube.140
07:21:05 | INFO: Blender create Mesh node Cube.141
07:21:05 | INFO: Blender create Mesh node Cube.142
07:21:05 | INFO: Blender create Mesh node Cube.143
07:21:05 | INFO: Blender create Mesh node Cube.144
07:21:05 | INFO: Blender create Mesh node Cube.145
07:21:05 | INFO: Blender create Mesh node Cube.146
07:21:05 | INFO: Blender create Mesh node Cube.147
07:21:05 | INFO: Blender create Mesh node Cube.148
07:21:05 | INFO: Blender create Mesh node Cube.149
07:21:05 | INFO: Blender create Mesh node Cube.150
07:21:05 | INFO: Blender create Mesh node Cube.151
07:21:05 | INFO: Blender create Mesh node Cube.152
07:21:05 | INFO: Blender create Mesh node Text.001
07:21:05 | INFO: Blender create Mesh node Cube.153
07:21:05 | INFO: Blender create Mesh node Cube.154
07:21:05 | INFO: Blender create Mesh node Cube.155
07:21:05 | INFO: Blender create Mesh node Cube.156
07:21:05 | INFO: Blender create Mesh node Cube.157
07:21:05 | INFO: Blender create Mesh node Cube.158
07:21:05 | INFO: Blender create Mesh node Cube.159
07:21:05 | INFO: Blender create Mesh node Cube.160
07:21:05 | INFO: Blender create Mesh node Cube.161
07:21:05 | INFO: Blender create Mesh node Cube.162
07:21:05 | INFO: Blender create Mesh node Cube.163
07:21:05 | INFO: Blender create Mesh node Cube.164
07:21:05 | INFO: Blender create Mesh node Cube.165
07:21:05 | INFO: Blender create Mesh node Cube.166
07:21:05 | INFO: Blender create Mesh node Cube.167
07:21:05 | INFO: Blender create Mesh node Cube.168
07:21:05 | INFO: Blender create Mesh node Cube.169
07:21:05 | INFO: Blender create Mesh node Cube.170
07:21:05 | INFO: glTF import finished in 0.07s
07:21:05 | INFO: Data are loaded, start creating Blender stuff
07:21:05 | INFO: Blender create Mesh node Cube.026
07:21:05 | INFO: Blender create Mesh node Cube.027
07:21:05 | INFO: Blender create Mesh node Cube.028
07:21:05 | INFO: Blender create Mesh node Cube.029
07:21:05 | INFO: Blender create Mesh node Cube.089
07:21:05 | INFO: Blender create Mesh node Cube.090
07:21:05 | INFO: Blender create Mesh node Cube.091
07:21:05 | INFO: Blender create Mesh node Cube.092
07:21:05 | INFO: Blender create Mesh node Cube.093
07:21:05 | INFO: Blender create Mesh node Cube.094
07:21:05 | INFO: Blender create Mesh node Cube.095
07:21:05 | INFO: Blender create Mesh node Cube.096
07:21:05 | INFO: Blender create Mesh node Cube.097
07:21:05 | INFO: Blender create Mesh node Cube.098
07:21:05 | INFO: Blender create Mesh node Cube.099
07:21:05 | INFO: Blender create Mesh node Cube.100
07:21:05 | INFO: Blender create Mesh node Cube.101
07:21:05 | INFO: Blender create Mesh node Cube.102
07:21:05 | INFO: Blender create Mesh node Cube.103
07:21:05 | INFO: Blender create Mesh node Cube.104
07:21:05 | INFO: Blender create Mesh node Cube.105
07:21:05 | INFO: Blender create Mesh node Cube.106
07:21:05 | INFO: Blender create Mesh node Cube.107
07:21:05 | INFO: Blender create Mesh node Cube.108
07:21:05 | INFO: Blender create Mesh node Cube.109
07:21:05 | INFO: Blender create Mesh node Cube.110
07:21:05 | INFO: Blender create Mesh node Cube.111
07:21:05 | INFO: Blender create Mesh node Cube.112
07:21:05 | INFO: Blender create Mesh node Cube.113
07:21:05 | INFO: Blender create Mesh node Cube.114
07:21:05 | INFO: Blender create Mesh node Cube.115
07:21:05 | INFO: Blender create Mesh node Cube.116
07:21:05 | INFO: Blender create Mesh node Cube.117
07:21:05 | INFO: Blender create Mesh node Cube.118
07:21:05 | INFO: Blender create Mesh node Cube.119
07:21:05 | INFO: Blender create Mesh node Cube.120
07:21:05 | INFO: Blender create Mesh node Cylinder.004
07:21:05 | INFO: Blender create Mesh node Cylinder.005
07:21:05 | INFO: Blender create Mesh node side-inset-backing.002
07:21:05 | INFO: Blender create Mesh node fitted-side-panel.002
07:21:05 | INFO: Blender create Mesh node Cube.121
07:21:05 | INFO: Blender create Mesh node Cube.122
07:21:05 | INFO: Blender create Mesh node Cube.123
07:21:05 | INFO: Blender create Mesh node Cylinder.006
07:21:05 | INFO: Blender create Mesh node Cube.124
07:21:05 | INFO: Blender create Mesh node side-inset-backing.003
07:21:05 | INFO: Blender create Mesh node fitted-side-panel.003
07:21:05 | INFO: Blender create Mesh node Cube.125
07:21:05 | INFO: Blender create Mesh node Cube.126
07:21:05 | INFO: Blender create Mesh node Cube.127
07:21:05 | INFO: Blender create Mesh node Cylinder.007
07:21:05 | INFO: Blender create Mesh node Cube.128
07:21:05 | INFO: Blender create Mesh node front-inset.001
07:21:05 | INFO: Blender create Mesh node front-fitted-panel.001
07:21:05 | INFO: Blender create Mesh node Cube.129
07:21:05 | INFO: Blender create Mesh node Cube.130
07:21:05 | INFO: Blender create Mesh node Cube.131
07:21:05 | INFO: Blender create Mesh node Cube.132
07:21:05 | INFO: Blender create Mesh node Cube.133
07:21:05 | INFO: Blender create Mesh node Cube.134
07:21:05 | INFO: Blender create Mesh node Cube.135
07:21:05 | INFO: Blender create Mesh node Cube.136
07:21:05 | INFO: Blender create Mesh node Cube.137
07:21:05 | INFO: Blender create Mesh node Cube.138
07:21:05 | INFO: Blender create Mesh node Cube.139
07:21:05 | INFO: Blender create Mesh node Cube.140
07:21:05 | INFO: Blender create Mesh node Cube.141
07:21:05 | INFO: Blender create Mesh node Cube.142
07:21:05 | INFO: Blender create Mesh node Cube.143
07:21:05 | INFO: Blender create Mesh node Cube.144
07:21:05 | INFO: Blender create Mesh node Cube.145
07:21:05 | INFO: Blender create Mesh node Cube.146
07:21:05 | INFO: Blender create Mesh node Cube.147
07:21:05 | INFO: Blender create Mesh node Cube.148
07:21:05 | INFO: Blender create Mesh node Text.001
07:21:05 | INFO: Blender create Mesh node Cube.149
07:21:05 | INFO: Blender create Mesh node Cube.150
07:21:05 | INFO: Blender create Mesh node Cube.151
07:21:05 | INFO: Blender create Mesh node Cube.152
07:21:05 | INFO: Blender create Mesh node Cube.153
07:21:05 | INFO: Blender create Mesh node Cube.154
07:21:05 | INFO: Blender create Mesh node Cube.155
07:21:05 | INFO: Blender create Mesh node Cube.156
07:21:05 | INFO: Blender create Mesh node Cube.157
07:21:05 | INFO: Blender create Mesh node Cube.158
07:21:05 | INFO: Blender create Mesh node Cube.159
07:21:05 | INFO: Blender create Mesh node Cube.160
07:21:05 | INFO: Blender create Mesh node Cube.161
07:21:05 | INFO: Blender create Mesh node Cube.162
07:21:05 | INFO: Blender create Mesh node Cube.163
07:21:05 | INFO: Blender create Mesh node Cube.164
07:21:05 | INFO: Blender create Mesh node Cube.165
07:21:05 | INFO: Blender create Mesh node Cube.166
07:21:05 | INFO: glTF import finished in 0.09s
07:21:05 | INFO: Data are loaded, start creating Blender stuff
07:21:05 | INFO: Blender create Mesh node Cube.089
07:21:05 | INFO: Blender create Mesh node Cube.090
07:21:05 | INFO: Blender create Mesh node Cube.091
07:21:05 | INFO: Blender create Mesh node Cube.092
07:21:05 | INFO: Blender create Mesh node Cube.093
07:21:05 | INFO: Blender create Mesh node Cube.094
07:21:05 | INFO: Blender create Mesh node Cube.095
07:21:05 | INFO: Blender create Mesh node Cube.096
07:21:05 | INFO: Blender create Mesh node Cube.097
07:21:05 | INFO: Blender create Mesh node Cube.098
07:21:05 | INFO: Blender create Mesh node Cube.099
07:21:05 | INFO: Blender create Mesh node Cube.100
07:21:05 | INFO: Blender create Mesh node Cube.101
07:21:05 | INFO: Blender create Mesh node Cube.102
07:21:05 | INFO: Blender create Mesh node Cube.103
07:21:05 | INFO: Blender create Mesh node Cube.104
07:21:05 | INFO: Blender create Mesh node Cube.105
07:21:05 | INFO: Blender create Mesh node Cube.106
07:21:05 | INFO: Blender create Mesh node Cube.107
07:21:05 | INFO: Blender create Mesh node Cube.108
07:21:05 | INFO: Blender create Mesh node Cube.109
07:21:05 | INFO: Blender create Mesh node Cube.110
07:21:05 | INFO: Blender create Mesh node Cube.111
07:21:05 | INFO: Blender create Mesh node Cube.112
07:21:05 | INFO: Blender create Mesh node Cube.113
07:21:05 | INFO: Blender create Mesh node Cube.114
07:21:05 | INFO: Blender create Mesh node Cube.115
07:21:05 | INFO: Blender create Mesh node Cube.116
07:21:05 | INFO: Blender create Mesh node Cube.117
07:21:05 | INFO: Blender create Mesh node Cube.118
07:21:05 | INFO: Blender create Mesh node Cube.119
07:21:05 | INFO: Blender create Mesh node Cube.120
07:21:05 | INFO: Blender create Mesh node Cube.121
07:21:05 | INFO: Blender create Mesh node Cube.122
07:21:05 | INFO: Blender create Mesh node Cube.123
07:21:05 | INFO: Blender create Mesh node Cube.124
07:21:05 | INFO: Blender create Mesh node Cylinder.004
07:21:05 | INFO: Blender create Mesh node Cylinder.005
07:21:05 | INFO: Blender create Mesh node side-inset-backing.002
07:21:05 | INFO: Blender create Mesh node fitted-side-panel.002
07:21:05 | INFO: Blender create Mesh node Cube.125
07:21:05 | INFO: Blender create Mesh node Cube.126
07:21:05 | INFO: Blender create Mesh node Cube.127
07:21:05 | INFO: Blender create Mesh node Cylinder.006
07:21:05 | INFO: Blender create Mesh node Cube.128
07:21:05 | INFO: Blender create Mesh node side-inset-backing.003
07:21:05 | INFO: Blender create Mesh node fitted-side-panel.003
07:21:05 | INFO: Blender create Mesh node Cube.129
07:21:05 | INFO: Blender create Mesh node Cube.130
07:21:05 | INFO: Blender create Mesh node Cube.131
07:21:05 | INFO: Blender create Mesh node Cylinder.007
07:21:05 | INFO: Blender create Mesh node Cube.132
07:21:05 | INFO: Blender create Mesh node front-inset.001
07:21:05 | INFO: Blender create Mesh node front-fitted-panel.001
07:21:05 | INFO: Blender create Mesh node Cube.133
07:21:05 | INFO: Blender create Mesh node Cube.134
07:21:05 | INFO: Blender create Mesh node Cube.135
07:21:05 | INFO: Blender create Mesh node Cube.136
07:21:05 | INFO: Blender create Mesh node Cube.137
07:21:05 | INFO: Blender create Mesh node Cube.138
07:21:05 | INFO: Blender create Mesh node Cube.139
07:21:05 | INFO: Blender create Mesh node Cube.140
07:21:05 | INFO: Blender create Mesh node Cube.141
07:21:05 | INFO: Blender create Mesh node Cube.142
07:21:05 | INFO: Blender create Mesh node Cube.143
07:21:05 | INFO: Blender create Mesh node Cube.144
07:21:05 | INFO: Blender create Mesh node Cube.145
07:21:05 | INFO: Blender create Mesh node Cube.146
07:21:05 | INFO: Blender create Mesh node Cube.147
07:21:05 | INFO: Blender create Mesh node Cube.148
07:21:05 | INFO: Blender create Mesh node Cube.149
07:21:05 | INFO: Blender create Mesh node Cube.150
07:21:05 | INFO: Blender create Mesh node Cube.151
07:21:05 | INFO: Blender create Mesh node Cube.152
07:21:05 | INFO: Blender create Mesh node Text.001
07:21:05 | INFO: Blender create Mesh node Cube.153
07:21:05 | INFO: Blender create Mesh node Cube.154
07:21:05 | INFO: Blender create Mesh node Cube.155
07:21:05 | INFO: Blender create Mesh node Cube.156
07:21:05 | INFO: Blender create Mesh node Cube.157
07:21:05 | INFO: Blender create Mesh node Cube.158
07:21:05 | INFO: Blender create Mesh node Cube.159
07:21:05 | INFO: Blender create Mesh node Cube.160
07:21:05 | INFO: Blender create Mesh node Cube.161
07:21:05 | INFO: Blender create Mesh node Cube.162
07:21:05 | INFO: Blender create Mesh node Cube.163
07:21:05 | INFO: Blender create Mesh node Cube.164
07:21:05 | INFO: Blender create Mesh node Cube.165
07:21:05 | INFO: Blender create Mesh node Cube.166
07:21:05 | INFO: Blender create Mesh node Cube.167
07:21:05 | INFO: Blender create Mesh node Cube.168
07:21:05 | INFO: Blender create Mesh node Cube.169
07:21:05 | INFO: Blender create Mesh node Cube.170
07:21:05 | INFO: glTF import finished in 0.27s
07:21:05 | INFO: Data are loaded, start creating Blender stuff
07:21:05 | INFO: Blender create Mesh node Cube.026
07:21:05 | INFO: Blender create Mesh node Cube.027
07:21:05 | INFO: Blender create Mesh node Cube.028
07:21:05 | INFO: Blender create Mesh node Cube.029
07:21:05 | INFO: Blender create Mesh node Cube.089
07:21:05 | INFO: Blender create Mesh node Cube.090
07:21:05 | INFO: Blender create Mesh node Cube.091
07:21:05 | INFO: Blender create Mesh node Cube.092
07:21:05 | INFO: Blender create Mesh node Cube.093
07:21:05 | INFO: Blender create Mesh node Cube.094
07:21:05 | INFO: Blender create Mesh node Cube.095
07:21:05 | INFO: Blender create Mesh node Cube.096
07:21:05 | INFO: Blender create Mesh node Cube.097
07:21:05 | INFO: Blender create Mesh node Cube.098
07:21:05 | INFO: Blender create Mesh node Cube.099
07:21:05 | INFO: Blender create Mesh node Cube.100
07:21:05 | INFO: Blender create Mesh node Cube.101
07:21:05 | INFO: Blender create Mesh node Cube.102
07:21:05 | INFO: Blender create Mesh node Cube.103
07:21:05 | INFO: Blender create Mesh node Cube.104
07:21:05 | INFO: Blender create Mesh node Cube.105
07:21:05 | INFO: Blender create Mesh node Cube.106
07:21:05 | INFO: Blender create Mesh node Cube.107
07:21:05 | INFO: Blender create Mesh node Cube.108
07:21:05 | INFO: Blender create Mesh node Cube.109
07:21:05 | INFO: Blender create Mesh node Cube.110
07:21:05 | INFO: Blender create Mesh node Cube.111
07:21:05 | INFO: Blender create Mesh node Cube.112
07:21:05 | INFO: Blender create Mesh node Cube.113
07:21:05 | INFO: Blender create Mesh node Cube.114
07:21:05 | INFO: Blender create Mesh node Cube.115
07:21:05 | INFO: Blender create Mesh node Cube.116
07:21:05 | INFO: Blender create Mesh node Cube.117
07:21:05 | INFO: Blender create Mesh node Cube.118
07:21:05 | INFO: Blender create Mesh node Cube.119
07:21:05 | INFO: Blender create Mesh node Cube.120
07:21:05 | INFO: Blender create Mesh node Cylinder.004
07:21:05 | INFO: Blender create Mesh node Cylinder.005
07:21:05 | INFO: Blender create Mesh node side-inset-backing.002
07:21:05 | INFO: Blender create Mesh node fitted-side-panel.002
07:21:05 | INFO: Blender create Mesh node Cube.121
07:21:05 | INFO: Blender create Mesh node Cube.122
07:21:05 | INFO: Blender create Mesh node Cube.123
07:21:05 | INFO: Blender create Mesh node Cylinder.006
07:21:05 | INFO: Blender create Mesh node Cube.124
07:21:05 | INFO: Blender create Mesh node side-inset-backing.003
07:21:05 | INFO: Blender create Mesh node fitted-side-panel.003
07:21:05 | INFO: Blender create Mesh node Cube.125
07:21:05 | INFO: Blender create Mesh node Cube.126
07:21:05 | INFO: Blender create Mesh node Cube.127
07:21:05 | INFO: Blender create Mesh node Cylinder.007
07:21:05 | INFO: Blender create Mesh node Cube.128
07:21:05 | INFO: Blender create Mesh node front-inset.001
07:21:05 | INFO: Blender create Mesh node front-fitted-panel.001
07:21:05 | INFO: Blender create Mesh node Cube.129
07:21:05 | INFO: Blender create Mesh node Cube.130
07:21:05 | INFO: Blender create Mesh node Cube.131
07:21:05 | INFO: Blender create Mesh node Cube.132
07:21:05 | INFO: Blender create Mesh node Cube.133
07:21:05 | INFO: Blender create Mesh node Cube.134
07:21:05 | INFO: Blender create Mesh node Cube.135
07:21:05 | INFO: Blender create Mesh node Cube.136
07:21:05 | INFO: Blender create Mesh node Cube.137
07:21:05 | INFO: Blender create Mesh node Cube.138
07:21:05 | INFO: Blender create Mesh node Cube.139
07:21:05 | INFO: Blender create Mesh node Cube.140
07:21:05 | INFO: Blender create Mesh node Cube.141
07:21:05 | INFO: Blender create Mesh node Cube.142
07:21:05 | INFO: Blender create Mesh node Cube.143
07:21:05 | INFO: Blender create Mesh node Cube.144
07:21:05 | INFO: Blender create Mesh node Cube.145
07:21:05 | INFO: Blender create Mesh node Cube.146
07:21:05 | INFO: Blender create Mesh node Cube.147
07:21:05 | INFO: Blender create Mesh node Cube.148
07:21:05 | INFO: Blender create Mesh node Text.001
07:21:05 | INFO: Blender create Mesh node Cube.149
07:21:05 | INFO: Blender create Mesh node Cube.150
07:21:05 | INFO: Blender create Mesh node Cube.151
07:21:05 | INFO: Blender create Mesh node Cube.152
07:21:05 | INFO: Blender create Mesh node Cube.153
07:21:05 | INFO: Blender create Mesh node Cube.154
07:21:05 | INFO: Blender create Mesh node Cube.155
07:21:05 | INFO: Blender create Mesh node Cube.156
07:21:05 | INFO: Blender create Mesh node Cube.157
07:21:05 | INFO: Blender create Mesh node Cube.158
07:21:05 | INFO: Blender create Mesh node Cube.159
07:21:05 | INFO: Blender create Mesh node Cube.160
07:21:05 | INFO: Blender create Mesh node Cube.161
07:21:05 | INFO: Blender create Mesh node Cube.162
07:21:05 | INFO: Blender create Mesh node Cube.163
07:21:05 | INFO: Blender create Mesh node Cube.164
07:21:05 | INFO: Blender create Mesh node Cube.165
07:21:05 | INFO: Blender create Mesh node Cube.166
07:21:05 | INFO: glTF import finished in 0.09s
07:21:05 | INFO: Data are loaded, start creating Blender stuff
07:21:05 | INFO: Blender create Mesh node Cube.089
07:21:05 | INFO: Blender create Mesh node Cube.090
07:21:05 | INFO: Blender create Mesh node Cube.091
07:21:05 | INFO: Blender create Mesh node Cube.092
07:21:05 | INFO: Blender create Mesh node Cube.093
07:21:05 | INFO: Blender create Mesh node Cube.094
07:21:05 | INFO: Blender create Mesh node Cube.095
07:21:05 | INFO: Blender create Mesh node Cube.096
07:21:05 | INFO: Blender create Mesh node Cube.097
07:21:05 | INFO: Blender create Mesh node Cube.098
07:21:05 | INFO: Blender create Mesh node Cube.099
07:21:05 | INFO: Blender create Mesh node Cube.100
07:21:05 | INFO: Blender create Mesh node Cube.101
07:21:05 | INFO: Blender create Mesh node Cube.102
07:21:05 | INFO: Blender create Mesh node Cube.103
07:21:05 | INFO: Blender create Mesh node Cube.104
07:21:05 | INFO: Blender create Mesh node Cube.105
07:21:05 | INFO: Blender create Mesh node Cube.106
07:21:05 | INFO: Blender create Mesh node Cube.107
07:21:05 | INFO: Blender create Mesh node Cube.108
07:21:05 | INFO: Blender create Mesh node Cube.109
07:21:05 | INFO: Blender create Mesh node Cube.110
07:21:05 | INFO: Blender create Mesh node Cube.111
07:21:05 | INFO: Blender create Mesh node Cube.112
07:21:05 | INFO: Blender create Mesh node Cube.113
07:21:05 | INFO: Blender create Mesh node Cube.114
07:21:05 | INFO: Blender create Mesh node Cube.115
07:21:05 | INFO: Blender create Mesh node Cube.116
07:21:05 | INFO: Blender create Mesh node Cube.117
07:21:05 | INFO: Blender create Mesh node Cube.118
07:21:05 | INFO: Blender create Mesh node Cube.119
07:21:05 | INFO: Blender create Mesh node Cube.120
07:21:05 | INFO: Blender create Mesh node Cube.121
07:21:05 | INFO: Blender create Mesh node Cube.122
07:21:05 | INFO: Blender create Mesh node Cube.123
07:21:05 | INFO: Blender create Mesh node Cube.124
07:21:05 | INFO: Blender create Mesh node Cylinder.004
07:21:05 | INFO: Blender create Mesh node Cylinder.005
07:21:05 | INFO: Blender create Mesh node side-inset-backing.002
07:21:05 | INFO: Blender create Mesh node fitted-side-panel.002
07:21:05 | INFO: Blender create Mesh node Cube.125
07:21:05 | INFO: Blender create Mesh node Cube.126
07:21:05 | INFO: Blender create Mesh node Cube.127
07:21:05 | INFO: Blender create Mesh node Cylinder.006
07:21:05 | INFO: Blender create Mesh node Cube.128
07:21:05 | INFO: Blender create Mesh node side-inset-backing.003
07:21:05 | INFO: Blender create Mesh node fitted-side-panel.003
07:21:05 | INFO: Blender create Mesh node Cube.129
07:21:05 | INFO: Blender create Mesh node Cube.130
07:21:05 | INFO: Blender create Mesh node Cube.131
07:21:05 | INFO: Blender create Mesh node Cylinder.007
07:21:05 | INFO: Blender create Mesh node Cube.132
07:21:05 | INFO: Blender create Mesh node front-inset.001
07:21:05 | INFO: Blender create Mesh node front-fitted-panel.001
07:21:05 | INFO: Blender create Mesh node Cube.133
07:21:05 | INFO: Blender create Mesh node Cube.134
07:21:05 | INFO: Blender create Mesh node Cube.135
07:21:05 | INFO: Blender create Mesh node Cube.136
07:21:05 | INFO: Blender create Mesh node Cube.137
07:21:05 | INFO: Blender create Mesh node Cube.138
07:21:05 | INFO: Blender create Mesh node Cube.139
07:21:05 | INFO: Blender create Mesh node Cube.140
07:21:05 | INFO: Blender create Mesh node Cube.141
07:21:05 | INFO: Blender create Mesh node Cube.142
07:21:05 | INFO: Blender create Mesh node Cube.143
07:21:05 | INFO: Blender create Mesh node Cube.144
07:21:05 | INFO: Blender create Mesh node Cube.145
07:21:05 | INFO: Blender create Mesh node Cube.146
07:21:05 | INFO: Blender create Mesh node Cube.147
07:21:05 | INFO: Blender create Mesh node Cube.148
07:21:05 | INFO: Blender create Mesh node Cube.149
07:21:05 | INFO: Blender create Mesh node Cube.150
07:21:05 | INFO: Blender create Mesh node Cube.151
07:21:05 | INFO: Blender create Mesh node Cube.152
07:21:05 | INFO: Blender create Mesh node Text.001
07:21:05 | INFO: Blender create Mesh node Cube.153
07:21:05 | INFO: Blender create Mesh node Cube.154
07:21:05 | INFO: Blender create Mesh node Cube.155
07:21:05 | INFO: Blender create Mesh node Cube.156
07:21:05 | INFO: Blender create Mesh node Cube.157
07:21:05 | INFO: Blender create Mesh node Cube.158
07:21:05 | INFO: Blender create Mesh node Cube.159
07:21:05 | INFO: Blender create Mesh node Cube.160
07:21:05 | INFO: Blender create Mesh node Cube.161
07:21:05 | INFO: Blender create Mesh node Cube.162
07:21:05 | INFO: Blender create Mesh node Cube.163
07:21:05 | INFO: Blender create Mesh node Cube.164
07:21:05 | INFO: Blender create Mesh node Cube.165
07:21:05 | INFO: Blender create Mesh node Cube.166
07:21:05 | INFO: Blender create Mesh node Cube.167
07:21:05 | INFO: Blender create Mesh node Cube.168
07:21:05 | INFO: Blender create Mesh node Cube.169
07:21:05 | INFO: Blender create Mesh node Cube.170
07:21:05 | INFO: glTF import finished in 0.11s
07:21:05 | INFO: Data are loaded, start creating Blender stuff
07:21:05 | INFO: Blender create Mesh node Cube.026
07:21:05 | INFO: Blender create Mesh node Cube.027
07:21:05 | INFO: Blender create Mesh node Cube.028
07:21:05 | INFO: Blender create Mesh node Cube.029
07:21:05 | INFO: Blender create Mesh node Cube.089
07:21:05 | INFO: Blender create Mesh node Cube.090
07:21:05 | INFO: Blender create Mesh node Cube.091
07:21:05 | INFO: Blender create Mesh node Cube.092
07:21:05 | INFO: Blender create Mesh node Cube.093
07:21:05 | INFO: Blender create Mesh node Cube.094
07:21:05 | INFO: Blender create Mesh node Cube.095
07:21:05 | INFO: Blender create Mesh node Cube.096
07:21:05 | INFO: Blender create Mesh node Cube.097
07:21:05 | INFO: Blender create Mesh node Cube.098
07:21:05 | INFO: Blender create Mesh node Cube.099
07:21:05 | INFO: Blender create Mesh node Cube.100
07:21:05 | INFO: Blender create Mesh node Cube.101
07:21:05 | INFO: Blender create Mesh node Cube.102
07:21:05 | INFO: Blender create Mesh node Cube.103
07:21:05 | INFO: Blender create Mesh node Cube.104
07:21:05 | INFO: Blender create Mesh node Cube.105
07:21:05 | INFO: Blender create Mesh node Cube.106
07:21:05 | INFO: Blender create Mesh node Cube.107
07:21:05 | INFO: Blender create Mesh node Cube.108
07:21:05 | INFO: Blender create Mesh node Cube.109
07:21:05 | INFO: Blender create Mesh node Cube.110
07:21:05 | INFO: Blender create Mesh node Cube.111
07:21:05 | INFO: Blender create Mesh node Cube.112
07:21:05 | INFO: Blender create Mesh node Cube.113
07:21:05 | INFO: Blender create Mesh node Cube.114
07:21:05 | INFO: Blender create Mesh node Cube.115
07:21:05 | INFO: Blender create Mesh node Cube.116
07:21:05 | INFO: Blender create Mesh node Cube.117
07:21:05 | INFO: Blender create Mesh node Cube.118
07:21:05 | INFO: Blender create Mesh node Cube.119
07:21:05 | INFO: Blender create Mesh node Cube.120
07:21:05 | INFO: Blender create Mesh node Cylinder.004
07:21:05 | INFO: Blender create Mesh node Cylinder.005
07:21:05 | INFO: Blender create Mesh node side-inset-backing.002
07:21:05 | INFO: Blender create Mesh node fitted-side-panel.002
07:21:05 | INFO: Blender create Mesh node Cube.121
07:21:05 | INFO: Blender create Mesh node Cube.122
07:21:05 | INFO: Blender create Mesh node Cube.123
07:21:05 | INFO: Blender create Mesh node Cylinder.006
07:21:05 | INFO: Blender create Mesh node Cube.124
07:21:05 | INFO: Blender create Mesh node side-inset-backing.003
07:21:05 | INFO: Blender create Mesh node fitted-side-panel.003
07:21:05 | INFO: Blender create Mesh node Cube.125
07:21:05 | INFO: Blender create Mesh node Cube.126
07:21:05 | INFO: Blender create Mesh node Cube.127
07:21:05 | INFO: Blender create Mesh node Cylinder.007
07:21:05 | INFO: Blender create Mesh node Cube.128
07:21:05 | INFO: Blender create Mesh node front-inset.001
07:21:05 | INFO: Blender create Mesh node front-fitted-panel.001
07:21:05 | INFO: Blender create Mesh node Cube.129
07:21:05 | INFO: Blender create Mesh node Cube.130
07:21:05 | INFO: Blender create Mesh node Cube.131
07:21:05 | INFO: Blender create Mesh node Cube.132
07:21:05 | INFO: Blender create Mesh node Cube.133
07:21:05 | INFO: Blender create Mesh node Cube.134
07:21:05 | INFO: Blender create Mesh node Cube.135
07:21:05 | INFO: Blender create Mesh node Cube.136
07:21:05 | INFO: Blender create Mesh node Cube.137
07:21:05 | INFO: Blender create Mesh node Cube.138
07:21:05 | INFO: Blender create Mesh node Cube.139
07:21:05 | INFO: Blender create Mesh node Cube.140
07:21:05 | INFO: Blender create Mesh node Cube.141
07:21:05 | INFO: Blender create Mesh node Cube.142
07:21:05 | INFO: Blender create Mesh node Cube.143
07:21:05 | INFO: Blender create Mesh node Cube.144
07:21:05 | INFO: Blender create Mesh node Cube.145
07:21:05 | INFO: Blender create Mesh node Cube.146
07:21:05 | INFO: Blender create Mesh node Cube.147
07:21:05 | INFO: Blender create Mesh node Cube.148
07:21:05 | INFO: Blender create Mesh node Text.001
07:21:05 | INFO: Blender create Mesh node Cube.149
07:21:05 | INFO: Blender create Mesh node Cube.150
07:21:05 | INFO: Blender create Mesh node Cube.151
07:21:05 | INFO: Blender create Mesh node Cube.152
07:21:05 | INFO: Blender create Mesh node Cube.153
07:21:05 | INFO: Blender create Mesh node Cube.154
07:21:05 | INFO: Blender create Mesh node Cube.155
07:21:05 | INFO: Blender create Mesh node Cube.156
07:21:05 | INFO: Blender create Mesh node Cube.157
07:21:05 | INFO: Blender create Mesh node Cube.158
07:21:05 | INFO: Blender create Mesh node Cube.159
07:21:05 | INFO: Blender create Mesh node Cube.160
07:21:05 | INFO: Blender create Mesh node Cube.161
07:21:05 | INFO: Blender create Mesh node Cube.162
07:21:05 | INFO: Blender create Mesh node Cube.163
07:21:05 | INFO: Blender create Mesh node Cube.164
07:21:05 | INFO: Blender create Mesh node Cube.165
07:21:05 | INFO: Blender create Mesh node Cube.166
07:21:05 | INFO: glTF import finished in 0.11s
Fra:1 Mem:94.57M (Peak 94.57M) | Time:00:00.11 | Mem:0.00M, Peak:0.00M | Scene, ViewLayer | Synchronizing object | GEO-REVIEW-floor
Fra:1 Mem:94.59M (Peak 94.59M) | Time:00:00.11 | Mem:0.00M, Peak:0.00M | Scene, ViewLayer | Synchronizing object | GEO-REVIEW-height-gauge--0.375--0.375
Fra:1 Mem:94.60M (Peak 94.60M) | Time:00:00.11 | Mem:0.00M, Peak:0.00M | Scene, ViewLayer | Synchronizing object | GEO-REVIEW-height-gauge--0.375-2.375
Fra:1 Mem:94.62M (Peak 94.62M) | Time:00:00.11 | Mem:0.00M, Peak:0.00M | Scene, ViewLayer | Synchronizing object | GEO-REVIEW-height-gauge-2.375--0.375
Fra:1 Mem:94.63M (Peak 94.63M) | Time:00:00.11 | Mem:0.00M, Peak:0.00M | Scene, ViewLayer | Synchronizing object | GEO-REVIEW-height-gauge-2.375-2.375
Fra:1 Mem:94.65M (Peak 94.65M) | Time:00:00.11 | Mem:0.00M, Peak:0.00M | Scene, ViewLayer | Synchronizing object | GEO-REVIEW-roof-datum--0.375
Fra:1 Mem:94.65M (Peak 94.65M) | Time:00:00.11 | Mem:0.00M, Peak:0.00M | Scene, ViewLayer | Synchronizing object | GEO-REVIEW-roof-datum-2.375
Fra:1 Mem:94.65M (Peak 94.65M) | Time:00:00.11 | Mem:0.00M, Peak:0.00M | Scene, ViewLayer | Synchronizing object | GEO-FIXTURE-base-GEO-carrier-2m-lower-deck
Fra:1 Mem:94.67M (Peak 94.67M) | Time:00:00.11 | Mem:0.00M, Peak:0.00M | Scene, ViewLayer | Synchronizing object | GEO-FIXTURE-base-GEO-carrier-2m-upper-deck
Fra:1 Mem:94.68M (Peak 94.68M) | Time:00:00.11 | Mem:0.00M, Peak:0.00M | Scene, ViewLayer | Synchronizing object | GEO-FIXTURE-base-GEO-carrier-2m-BEARING-bottom-0-0
Fra:1 Mem:94.68M (Peak 94.68M) | Time:00:00.11 | Mem:0.00M, Peak:0.00M | Scene, ViewLayer | Synchronizing object | GEO-FIXTURE-base-GEO-carrier-2m-BEARING-top-0-0
Fra:1 Mem:94.68M (Peak 94.68M) | Time:00:00.11 | Mem:0.00M, Peak:0.00M | Scene, ViewLayer | Synchronizing object | GEO-FIXTURE-base-GEO-carrier-2m-top-restraint-0-0-0.045
Fra:1 Mem:94.70M (Peak 94.70M) | Time:00:00.11 | Mem:0.00M, Peak:0.00M | Scene, ViewLayer | Synchronizing object | GEO-FIXTURE-base-GEO-carrier-2m-top-restraint-0-0-0.94
Fra:1 Mem:94.71M (Peak 94.71M) | Time:00:00.11 | Mem:0.00M, Peak:0.00M | Scene, ViewLayer | Synchronizing object | GEO-FIXTURE-base-GEO-carrier-2m-BEARING-bottom-0-1
Fra:1 Mem:94.71M (Peak 94.71M) | Time:00:00.11 | Mem:0.00M, Peak:0.00M | Scene, ViewLayer | Synchronizing object | GEO-FIXTURE-base-GEO-carrier-2m-BEARING-top-0-1
Fra:1 Mem:94.71M (Peak 94.71M) | Time:00:00.11 | Mem:0.00M, Peak:0.00M | Scene, ViewLayer | Synchronizing object | GEO-FIXTURE-base-GEO-carrier-2m-top-restraint-0-1-1.045
Fra:1 Mem:94.73M (Peak 94.73M) | Time:00:00.11 | Mem:0.00M, Peak:0.00M | Scene, ViewLayer | Synchronizing object | GEO-FIXTURE-base-GEO-carrier-2m-top-restraint-0-1-1.94
Fra:1 Mem:94.74M (Peak 94.74M) | Time:00:00.11 | Mem:0.00M, Peak:0.00M | Scene, ViewLayer | Synchronizing object | GEO-FIXTURE-base-GEO-carrier-2m-BEARING-bottom-1-0
Fra:1 Mem:94.74M (Peak 94.74M) | Time:00:00.11 | Mem:0.00M, Peak:0.00M | Scene, ViewLayer | Synchronizing object | GEO-FIXTURE-base-GEO-carrier-2m-BEARING-top-1-0
Fra:1 Mem:94.74M (Peak 94.74M) | Time:00:00.11 | Mem:0.00M, Peak:0.00M | Scene, ViewLayer | Synchronizing object | GEO-FIXTURE-base-GEO-carrier-2m-top-restraint-1-0-0.045
Fra:1 Mem:94.76M (Peak 94.76M) | Time:00:00.11 | Mem:0.00M, Peak:0.00M | Scene, ViewLayer | Synchronizing object | GEO-FIXTURE-base-GEO-carrier-2m-top-restraint-1-0-0.94
Fra:1 Mem:94.77M (Peak 94.77M) | Time:00:00.11 | Mem:0.00M, Peak:0.00M | Scene, ViewLayer | Synchronizing object | GEO-FIXTURE-base-GEO-carrier-2m-BEARING-bottom-1-1
Fra:1 Mem:94.77M (Peak 94.77M) | Time:00:00.11 | Mem:0.00M, Peak:0.00M | Scene, ViewLayer | Synchronizing object | GEO-FIXTURE-base-GEO-carrier-2m-BEARING-top-1-1
Fra:1 Mem:94.77M (Peak 94.77M) | Time:00:00.11 | Mem:0.00M, Peak:0.00M | Scene, ViewLayer | Synchronizing object | GEO-FIXTURE-base-GEO-carrier-2m-top-restraint-1-1-1.045
Fra:1 Mem:94.79M (Peak 94.79M) | Time:00:00.11 | Mem:0.00M, Peak:0.00M | Scene, ViewLayer | Synchronizing object | GEO-FIXTURE-base-GEO-carrier-2m-top-restraint-1-1-1.94
Fra:1 Mem:94.80M (Peak 94.80M) | Time:00:00.11 | Mem:0.00M, Peak:0.00M | Scene, ViewLayer | Synchronizing object | GEO-FIXTURE-base-GEO-carrier-2m-corner-post-0-0
Fra:1 Mem:94.82M (Peak 94.82M) | Time:00:00.11 | Mem:0.00M, Peak:0.00M | Scene, ViewLayer | Synchronizing object | GEO-FIXTURE-base-GEO-carrier-2m-corner-shell-0-0
Fra:1 Mem:94.83M (Peak 94.83M) | Time:00:00.11 | Mem:0.00M, Peak:0.00M | Scene, ViewLayer | Synchronizing object | GEO-FIXTURE-base-GEO-carrier-2m-corner-post-0-1.90625
Fra:1 Mem:94.85M (Peak 94.85M) | Time:00:00.11 | Mem:0.00M, Peak:0.00M | Scene, ViewLayer | Synchronizing object | GEO-FIXTURE-base-GEO-carrier-2m-corner-shell-0-1.90625
Fra:1 Mem:94.86M (Peak 94.86M) | Time:00:00.11 | Mem:0.00M, Peak:0.00M | Scene, ViewLayer | Synchronizing object | GEO-FIXTURE-base-GEO-carrier-2m-corner-post-1.90625-0
Fra:1 Mem:94.88M (Peak 94.88M) | Time:00:00.11 | Mem:0.00M, Peak:0.00M | Scene, ViewLayer | Synchronizing object | GEO-FIXTURE-base-GEO-carrier-2m-corner-shell-1.90625-0
Fra:1 Mem:94.89M (Peak 94.89M) | Time:00:00.11 | Mem:0.00M, Peak:0.00M | Scene, ViewLayer | Synchronizing object | GEO-FIXTURE-base-GEO-carrier-2m-corner-post-1.90625-1.90625
Fra:1 Mem:94.91M (Peak 94.91M) | Time:00:00.11 | Mem:0.00M, Peak:0.00M | Scene, ViewLayer | Synchronizing object | GEO-FIXTURE-base-GEO-carrier-2m-corner-shell-1.90625-1.90625
Fra:1 Mem:94.92M (Peak 94.92M) | Time:00:00.11 | Mem:0.00M, Peak:0.00M | Scene, ViewLayer | Synchronizing object | GEO-FIXTURE-base-GEO-carrier-2m-front-rail-0
Fra:1 Mem:94.93M (Peak 94.93M) | Time:00:00.11 | Mem:0.00M, Peak:0.00M | Scene, ViewLayer | Synchronizing object | GEO-FIXTURE-base-GEO-carrier-2m-latch-0.15-0
Fra:1 Mem:94.95M (Peak 94.95M) | Time:00:00.11 | Mem:0.00M, Peak:0.00M | Scene, ViewLayer | Synchronizing object | GEO-FIXTURE-base-GEO-carrier-2m-latch-grip-0.15-0
Fra:1 Mem:94.97M (Peak 94.97M) | Time:00:00.11 | Mem:0.00M, Peak:0.00M | Scene, ViewLayer | Synchronizing object | GEO-FIXTURE-base-GEO-carrier-2m-latch-1.65-0
Fra:1 Mem:94.98M (Peak 94.98M) | Time:00:00.11 | Mem:0.00M, Peak:0.00M | Scene, ViewLayer | Synchronizing object | GEO-FIXTURE-base-GEO-carrier-2m-latch-grip-1.65-0
Fra:1 Mem:94.99M (Peak 94.99M) | Time:00:00.11 | Mem:0.00M, Peak:0.00M | Scene, ViewLayer | Synchronizing object | GEO-FIXTURE-base-GEO-carrier-2m-status-0
Fra:1 Mem:95.01M (Peak 95.01M) | Time:00:00.11 | Mem:0.00M, Peak:0.00M | Scene, ViewLayer | Synchronizing object | GEO-FIXTURE-base-GEO-carrier-2m-front-rail-1.9375
Fra:1 Mem:95.02M (Peak 95.02M) | Time:00:00.11 | Mem:0.00M, Peak:0.00M | Scene, ViewLayer | Synchronizing object | GEO-FIXTURE-base-GEO-carrier-2m-latch-0.15-1.9375
Fra:1 Mem:95.04M (Peak 95.04M) | Time:00:00.11 | Mem:0.00M, Peak:0.00M | Scene, ViewLayer | Synchronizing object | GEO-FIXTURE-base-GEO-carrier-2m-latch-grip-0.15-1.9375
Fra:1 Mem:95.05M (Peak 95.05M) | Time:00:00.11 | Mem:0.00M, Peak:0.00M | Scene, ViewLayer | Synchronizing object | GEO-FIXTURE-base-GEO-carrier-2m-latch-1.65-1.9375
Fra:1 Mem:95.07M (Peak 95.07M) | Time:00:00.11 | Mem:0.00M, Peak:0.00M | Scene, ViewLayer | Synchronizing object | GEO-FIXTURE-base-GEO-carrier-2m-latch-grip-1.65-1.9375
Fra:1 Mem:95.08M (Peak 95.08M) | Time:00:00.11 | Mem:0.00M, Peak:0.00M | Scene, ViewLayer | Synchronizing object | GEO-FIXTURE-base-GEO-carrier-2m-status-1.9375
Fra:1 Mem:95.10M (Peak 95.10M) | Time:00:00.11 | Mem:0.00M, Peak:0.00M | Scene, ViewLayer | Synchronizing object | GEO-FIXTURE-base-GEO-carrier-2m-side-lower-rail-0
Fra:1 Mem:95.12M (Peak 95.12M) | Time:00:00.11 | Mem:0.00M, Peak:0.00M | Scene, ViewLayer | Synchronizing object | GEO-FIXTURE-base-GEO-carrier-2m-side-upper-rail-0
Fra:1 Mem:95.14M (Peak 95.14M) | Time:00:00.11 | Mem:0.00M, Peak:0.00M | Scene, ViewLayer | Synchronizing object | GEO-FIXTURE-base-GEO-carrier-2m-side-lower-rail-1.9375
Fra:1 Mem:95.15M (Peak 95.15M) | Time:00:00.11 | Mem:0.00M, Peak:0.00M | Scene, ViewLayer | Synchronizing object | GEO-FIXTURE-base-GEO-carrier-2m-side-upper-rail-1.9375
Fra:1 Mem:95.16M (Peak 95.16M) | Time:00:00.11 | Mem:0.00M, Peak:0.00M | Scene, ViewLayer | Synchronizing object | GEO-FIXTURE-base-GEO-carrier-2m-intermediate-post-0-0.953125
Fra:1 Mem:95.18M (Peak 95.18M) | Time:00:00.11 | Mem:0.00M, Peak:0.00M | Scene, ViewLayer | Synchronizing object | GEO-FIXTURE-base-GEO-carrier-2m-intermediate-post-1.90625-0.953
Fra:1 Mem:95.19M (Peak 95.19M) | Time:00:00.11 | Mem:0.00M, Peak:0.00M | Scene, ViewLayer | Synchronizing object | GEO-FIXTURE-base-GEO-carrier-2m-intermediate-post-0.953125-0
Fra:1 Mem:95.21M (Peak 95.21M) | Time:00:00.11 | Mem:0.00M, Peak:0.00M | Scene, ViewLayer | Synchronizing object | GEO-FIXTURE-base-GEO-carrier-2m-intermediate-post-0.953125-1.90
Fra:1 Mem:95.22M (Peak 95.22M) | Time:00:00.11 | Mem:0.00M, Peak:0.00M | Scene, ViewLayer | Synchronizing object | GEO-FIXTURE-middle-0-0-GEO-carrier-1m-lower-deck
Fra:1 Mem:95.24M (Peak 95.24M) | Time:00:00.11 | Mem:0.00M, Peak:0.00M | Scene, ViewLayer | Synchronizing object | GEO-FIXTURE-middle-0-0-GEO-carrier-1m-upper-deck
Fra:1 Mem:95.25M (Peak 95.25M) | Time:00:00.11 | Mem:0.00M, Peak:0.00M | Scene, ViewLayer | Synchronizing object | GEO-FIXTURE-middle-0-0-GEO-carrier-1m-BEARING-bottom-0-0
Fra:1 Mem:95.25M (Peak 95.25M) | Time:00:00.11 | Mem:0.00M, Peak:0.00M | Scene, ViewLayer | Synchronizing object | GEO-FIXTURE-middle-0-0-GEO-carrier-1m-BEARING-top-0-0
Fra:1 Mem:95.25M (Peak 95.25M) | Time:00:00.11 | Mem:0.00M, Peak:0.00M | Scene, ViewLayer | Synchronizing object | GEO-FIXTURE-middle-0-0-GEO-carrier-1m-top-restraint-0-0-0.045
Fra:1 Mem:95.27M (Peak 95.27M) | Time:00:00.11 | Mem:0.00M, Peak:0.00M | Scene, ViewLayer | Synchronizing object | GEO-FIXTURE-middle-0-0-GEO-carrier-1m-top-restraint-0-0-0.94
Fra:1 Mem:95.28M (Peak 95.28M) | Time:00:00.11 | Mem:0.00M, Peak:0.00M | Scene, ViewLayer | Synchronizing object | GEO-FIXTURE-middle-0-0-GEO-carrier-1m-corner-post-0-0
Fra:1 Mem:95.30M (Peak 95.30M) | Time:00:00.11 | Mem:0.00M, Peak:0.00M | Scene, ViewLayer | Synchronizing object | GEO-FIXTURE-middle-0-0-GEO-carrier-1m-corner-shell-0-0
Fra:1 Mem:95.31M (Peak 95.31M) | Time:00:00.11 | Mem:0.00M, Peak:0.00M | Scene, ViewLayer | Synchronizing object | GEO-FIXTURE-middle-0-0-GEO-carrier-1m-corner-post-0-0.90625
Fra:1 Mem:95.33M (Peak 95.33M) | Time:00:00.11 | Mem:0.00M, Peak:0.00M | Scene, ViewLayer | Synchronizing object | GEO-FIXTURE-middle-0-0-GEO-carrier-1m-corner-shell-0-0.90625
Fra:1 Mem:95.34M (Peak 95.34M) | Time:00:00.11 | Mem:0.00M, Peak:0.00M | Scene, ViewLayer | Synchronizing object | GEO-FIXTURE-middle-0-0-GEO-carrier-1m-corner-post-0.90625-0
Fra:1 Mem:95.36M (Peak 95.36M) | Time:00:00.11 | Mem:0.00M, Peak:0.00M | Scene, ViewLayer | Synchronizing object | GEO-FIXTURE-middle-0-0-GEO-carrier-1m-corner-shell-0.90625-0
Fra:1 Mem:95.37M (Peak 95.37M) | Time:00:00.11 | Mem:0.00M, Peak:0.00M | Scene, ViewLayer | Synchronizing object | GEO-FIXTURE-middle-0-0-GEO-carrier-1m-corner-post-0.90625-0.906
Fra:1 Mem:95.39M (Peak 95.39M) | Time:00:00.11 | Mem:0.00M, Peak:0.00M | Scene, ViewLayer | Synchronizing object | GEO-FIXTURE-middle-0-0-GEO-carrier-1m-corner-shell-0.90625-0.90
Fra:1 Mem:95.40M (Peak 95.40M) | Time:00:00.11 | Mem:0.00M, Peak:0.00M | Scene, ViewLayer | Synchronizing object | GEO-FIXTURE-middle-0-0-GEO-carrier-1m-front-rail-0
Fra:1 Mem:95.42M (Peak 95.42M) | Time:00:00.11 | Mem:0.00M, Peak:0.00M | Scene, ViewLayer | Synchronizing object | GEO-FIXTURE-middle-0-0-GEO-carrier-1m-latch-0.15-0
Fra:1 Mem:95.43M (Peak 95.43M) | Time:00:00.11 | Mem:0.00M, Peak:0.00M | Scene, ViewLayer | Synchronizing object | GEO-FIXTURE-middle-0-0-GEO-carrier-1m-latch-grip-0.15-0
Fra:1 Mem:95.44M (Peak 95.44M) | Time:00:00.11 | Mem:0.00M, Peak:0.00M | Scene, ViewLayer | Synchronizing object | GEO-FIXTURE-middle-0-0-GEO-carrier-1m-latch-0.65-0
Fra:1 Mem:95.47M (Peak 95.47M) | Time:00:00.11 | Mem:0.00M, Peak:0.00M | Scene, ViewLayer | Synchronizing object | GEO-FIXTURE-middle-0-0-GEO-carrier-1m-latch-grip-0.65-0
Fra:1 Mem:95.48M (Peak 95.48M) | Time:00:00.11 | Mem:0.00M, Peak:0.00M | Scene, ViewLayer | Synchronizing object | GEO-FIXTURE-middle-0-0-GEO-carrier-1m-status-0
Fra:1 Mem:95.50M (Peak 95.50M) | Time:00:00.11 | Mem:0.00M, Peak:0.00M | Scene, ViewLayer | Synchronizing object | GEO-FIXTURE-middle-0-0-GEO-carrier-1m-front-rail-0.9375
Fra:1 Mem:95.52M (Peak 95.52M) | Time:00:00.11 | Mem:0.00M, Peak:0.00M | Scene, ViewLayer | Synchronizing object | GEO-FIXTURE-middle-0-0-GEO-carrier-1m-latch-0.15-0.9375
Fra:1 Mem:95.53M (Peak 95.53M) | Time:00:00.11 | Mem:0.00M, Peak:0.00M | Scene, ViewLayer | Synchronizing object | GEO-FIXTURE-middle-0-0-GEO-carrier-1m-latch-grip-0.15-0.9375
Fra:1 Mem:95.55M (Peak 95.55M) | Time:00:00.11 | Mem:0.00M, Peak:0.00M | Scene, ViewLayer | Synchronizing object | GEO-FIXTURE-middle-0-0-GEO-carrier-1m-latch-0.65-0.9375
Fra:1 Mem:95.56M (Peak 95.56M) | Time:00:00.11 | Mem:0.00M, Peak:0.00M | Scene, ViewLayer | Synchronizing object | GEO-FIXTURE-middle-0-0-GEO-carrier-1m-latch-grip-0.65-0.9375
Fra:1 Mem:95.58M (Peak 95.58M) | Time:00:00.11 | Mem:0.00M, Peak:0.00M | Scene, ViewLayer | Synchronizing object | GEO-FIXTURE-middle-0-0-GEO-carrier-1m-status-0.9375
Fra:1 Mem:95.60M (Peak 95.60M) | Time:00:00.11 | Mem:0.00M, Peak:0.00M | Scene, ViewLayer | Synchronizing object | GEO-FIXTURE-middle-0-0-GEO-carrier-1m-side-lower-rail-0
Fra:1 Mem:95.61M (Peak 95.61M) | Time:00:00.11 | Mem:0.00M, Peak:0.00M | Scene, ViewLayer | Synchronizing object | GEO-FIXTURE-middle-0-0-GEO-carrier-1m-side-upper-rail-0
Fra:1 Mem:95.63M (Peak 95.63M) | Time:00:00.11 | Mem:0.00M, Peak:0.00M | Scene, ViewLayer | Synchronizing object | GEO-FIXTURE-middle-0-0-GEO-carrier-1m-side-lower-rail-0.9375
Fra:1 Mem:95.64M (Peak 95.64M) | Time:00:00.11 | Mem:0.00M, Peak:0.00M | Scene, ViewLayer | Synchronizing object | GEO-FIXTURE-middle-0-0-GEO-carrier-1m-side-upper-rail-0.9375
Fra:1 Mem:95.66M (Peak 95.66M) | Time:00:00.11 | Mem:0.00M, Peak:0.00M | Scene, ViewLayer | Synchronizing object | GEO-FIXTURE-middle-0-1-GEO-carrier-1m-lower-deck
Fra:1 Mem:95.67M (Peak 95.67M) | Time:00:00.11 | Mem:0.00M, Peak:0.00M | Scene, ViewLayer | Synchronizing object | GEO-FIXTURE-middle-0-1-GEO-carrier-1m-upper-deck
Fra:1 Mem:95.69M (Peak 95.69M) | Time:00:00.11 | Mem:0.00M, Peak:0.00M | Scene, ViewLayer | Synchronizing object | GEO-FIXTURE-middle-0-1-GEO-carrier-1m-BEARING-bottom-0-0
Fra:1 Mem:95.69M (Peak 95.69M) | Time:00:00.11 | Mem:0.00M, Peak:0.00M | Scene, ViewLayer | Synchronizing object | GEO-FIXTURE-middle-0-1-GEO-carrier-1m-BEARING-top-0-0
Fra:1 Mem:95.69M (Peak 95.69M) | Time:00:00.11 | Mem:0.00M, Peak:0.00M | Scene, ViewLayer | Synchronizing object | GEO-FIXTURE-middle-0-1-GEO-carrier-1m-top-restraint-0-0-0.045
Fra:1 Mem:95.70M (Peak 95.70M) | Time:00:00.11 | Mem:0.00M, Peak:0.00M | Scene, ViewLayer | Synchronizing object | GEO-FIXTURE-middle-0-1-GEO-carrier-1m-top-restraint-0-0-0.94
Fra:1 Mem:95.72M (Peak 95.72M) | Time:00:00.11 | Mem:0.00M, Peak:0.00M | Scene, ViewLayer | Synchronizing object | GEO-FIXTURE-middle-0-1-GEO-carrier-1m-corner-post-0-0
Fra:1 Mem:95.73M (Peak 95.73M) | Time:00:00.11 | Mem:0.00M, Peak:0.00M | Scene, ViewLayer | Synchronizing object | GEO-FIXTURE-middle-0-1-GEO-carrier-1m-corner-shell-0-0
Fra:1 Mem:95.75M (Peak 95.75M) | Time:00:00.11 | Mem:0.00M, Peak:0.00M | Scene, ViewLayer | Synchronizing object | GEO-FIXTURE-middle-0-1-GEO-carrier-1m-corner-post-0-0.90625
Fra:1 Mem:95.76M (Peak 95.76M) | Time:00:00.11 | Mem:0.00M, Peak:0.00M | Scene, ViewLayer | Synchronizing object | GEO-FIXTURE-middle-0-1-GEO-carrier-1m-corner-shell-0-0.90625
Fra:1 Mem:95.78M (Peak 95.78M) | Time:00:00.11 | Mem:0.00M, Peak:0.00M | Scene, ViewLayer | Synchronizing object | GEO-FIXTURE-middle-0-1-GEO-carrier-1m-corner-post-0.90625-0
Fra:1 Mem:95.79M (Peak 95.79M) | Time:00:00.11 | Mem:0.00M, Peak:0.00M | Scene, ViewLayer | Synchronizing object | GEO-FIXTURE-middle-0-1-GEO-carrier-1m-corner-shell-0.90625-0
Fra:1 Mem:95.80M (Peak 95.80M) | Time:00:00.11 | Mem:0.00M, Peak:0.00M | Scene, ViewLayer | Synchronizing object | GEO-FIXTURE-middle-0-1-GEO-carrier-1m-corner-post-0.90625-0.906
Fra:1 Mem:95.82M (Peak 95.82M) | Time:00:00.11 | Mem:0.00M, Peak:0.00M | Scene, ViewLayer | Synchronizing object | GEO-FIXTURE-middle-0-1-GEO-carrier-1m-corner-shell-0.90625-0.90
Fra:1 Mem:95.83M (Peak 95.83M) | Time:00:00.11 | Mem:0.00M, Peak:0.00M | Scene, ViewLayer | Synchronizing object | GEO-FIXTURE-middle-0-1-GEO-carrier-1m-front-rail-0
Fra:1 Mem:95.85M (Peak 95.85M) | Time:00:00.11 | Mem:0.00M, Peak:0.00M | Scene, ViewLayer | Synchronizing object | GEO-FIXTURE-middle-0-1-GEO-carrier-1m-latch-0.15-0
Fra:1 Mem:95.86M (Peak 95.86M) | Time:00:00.11 | Mem:0.00M, Peak:0.00M | Scene, ViewLayer | Synchronizing object | GEO-FIXTURE-middle-0-1-GEO-carrier-1m-latch-grip-0.15-0
Fra:1 Mem:95.88M (Peak 95.88M) | Time:00:00.11 | Mem:0.00M, Peak:0.00M | Scene, ViewLayer | Synchronizing object | GEO-FIXTURE-middle-0-1-GEO-carrier-1m-latch-0.65-0
Fra:1 Mem:95.89M (Peak 95.89M) | Time:00:00.11 | Mem:0.00M, Peak:0.00M | Scene, ViewLayer | Synchronizing object | GEO-FIXTURE-middle-0-1-GEO-carrier-1m-latch-grip-0.65-0
Fra:1 Mem:95.91M (Peak 95.91M) | Time:00:00.11 | Mem:0.00M, Peak:0.00M | Scene, ViewLayer | Synchronizing object | GEO-FIXTURE-middle-0-1-GEO-carrier-1m-status-0
Fra:1 Mem:95.92M (Peak 95.92M) | Time:00:00.11 | Mem:0.00M, Peak:0.00M | Scene, ViewLayer | Synchronizing object | GEO-FIXTURE-middle-0-1-GEO-carrier-1m-front-rail-0.9375
Fra:1 Mem:95.94M (Peak 95.94M) | Time:00:00.11 | Mem:0.00M, Peak:0.00M | Scene, ViewLayer | Synchronizing object | GEO-FIXTURE-middle-0-1-GEO-carrier-1m-latch-0.15-0.9375
Fra:1 Mem:95.95M (Peak 95.95M) | Time:00:00.11 | Mem:0.00M, Peak:0.00M | Scene, ViewLayer | Synchronizing object | GEO-FIXTURE-middle-0-1-GEO-carrier-1m-latch-grip-0.15-0.9375
Fra:1 Mem:95.97M (Peak 95.97M) | Time:00:00.11 | Mem:0.00M, Peak:0.00M | Scene, ViewLayer | Synchronizing object | GEO-FIXTURE-middle-0-1-GEO-carrier-1m-latch-0.65-0.9375
Fra:1 Mem:95.98M (Peak 95.98M) | Time:00:00.11 | Mem:0.00M, Peak:0.00M | Scene, ViewLayer | Synchronizing object | GEO-FIXTURE-middle-0-1-GEO-carrier-1m-latch-grip-0.65-0.9375
Fra:1 Mem:96.00M (Peak 96.00M) | Time:00:00.11 | Mem:0.00M, Peak:0.00M | Scene, ViewLayer | Synchronizing object | GEO-FIXTURE-middle-0-1-GEO-carrier-1m-status-0.9375
Fra:1 Mem:96.01M (Peak 96.01M) | Time:00:00.11 | Mem:0.00M, Peak:0.00M | Scene, ViewLayer | Synchronizing object | GEO-FIXTURE-middle-0-1-GEO-carrier-1m-side-lower-rail-0
Fra:1 Mem:96.03M (Peak 96.03M) | Time:00:00.11 | Mem:0.00M, Peak:0.00M | Scene, ViewLayer | Synchronizing object | GEO-FIXTURE-middle-0-1-GEO-carrier-1m-side-upper-rail-0
Fra:1 Mem:96.04M (Peak 96.04M) | Time:00:00.11 | Mem:0.00M, Peak:0.00M | Scene, ViewLayer | Synchronizing object | GEO-FIXTURE-middle-0-1-GEO-carrier-1m-side-lower-rail-0.9375
Fra:1 Mem:96.06M (Peak 96.06M) | Time:00:00.11 | Mem:0.00M, Peak:0.00M | Scene, ViewLayer | Synchronizing object | GEO-FIXTURE-middle-0-1-GEO-carrier-1m-side-upper-rail-0.9375
Fra:1 Mem:96.07M (Peak 96.07M) | Time:00:00.11 | Mem:0.00M, Peak:0.00M | Scene, ViewLayer | Synchronizing object | GEO-FIXTURE-middle-1-0-GEO-carrier-1m-lower-deck
Fra:1 Mem:96.08M (Peak 96.08M) | Time:00:00.11 | Mem:0.00M, Peak:0.00M | Scene, ViewLayer | Synchronizing object | GEO-FIXTURE-middle-1-0-GEO-carrier-1m-upper-deck
Fra:1 Mem:96.10M (Peak 96.10M) | Time:00:00.11 | Mem:0.00M, Peak:0.00M | Scene, ViewLayer | Synchronizing object | GEO-FIXTURE-middle-1-0-GEO-carrier-1m-BEARING-bottom-0-0
Fra:1 Mem:96.10M (Peak 96.10M) | Time:00:00.11 | Mem:0.00M, Peak:0.00M | Scene, ViewLayer | Synchronizing object | GEO-FIXTURE-middle-1-0-GEO-carrier-1m-BEARING-top-0-0
Fra:1 Mem:96.10M (Peak 96.10M) | Time:00:00.11 | Mem:0.00M, Peak:0.00M | Scene, ViewLayer | Synchronizing object | GEO-FIXTURE-middle-1-0-GEO-carrier-1m-top-restraint-0-0-0.045
Fra:1 Mem:96.12M (Peak 96.12M) | Time:00:00.11 | Mem:0.00M, Peak:0.00M | Scene, ViewLayer | Synchronizing object | GEO-FIXTURE-middle-1-0-GEO-carrier-1m-top-restraint-0-0-0.94
Fra:1 Mem:96.13M (Peak 96.13M) | Time:00:00.11 | Mem:0.00M, Peak:0.00M | Scene, ViewLayer | Synchronizing object | PAYLOAD-top-GEO-fixed-rear-hinge-saddle.003--export
Fra:1 Mem:96.13M (Peak 96.13M) | Time:00:00.11 | Mem:0.00M, Peak:0.00M | Scene, ViewLayer | Synchronizing object | GEO-FIXTURE-middle-1-0-GEO-carrier-1m-corner-post-0-0
Fra:1 Mem:96.18M (Peak 96.18M) | Time:00:00.11 | Mem:0.00M, Peak:0.00M | Scene, ViewLayer | Synchronizing object | GEO-FIXTURE-middle-1-0-GEO-carrier-1m-corner-shell-0-0
Fra:1 Mem:96.20M (Peak 96.20M) | Time:00:00.11 | Mem:0.00M, Peak:0.00M | Scene, ViewLayer | Synchronizing object | GEO-FIXTURE-middle-1-0-GEO-carrier-1m-corner-post-0-0.90625
Fra:1 Mem:96.21M (Peak 96.21M) | Time:00:00.11 | Mem:0.00M, Peak:0.00M | Scene, ViewLayer | Synchronizing object | PAYLOAD-top-GEO-fixed-rear-hinge-saddle.002--export
Fra:1 Mem:96.19M (Peak 96.21M) | Time:00:00.11 | Mem:0.00M, Peak:0.00M | Scene, ViewLayer | Synchronizing object | GEO-FIXTURE-middle-1-0-GEO-carrier-1m-corner-shell-0-0.90625
Fra:1 Mem:96.24M (Peak 96.24M) | Time:00:00.11 | Mem:0.00M, Peak:0.00M | Scene, ViewLayer | Synchronizing object | GEO-FIXTURE-middle-1-0-GEO-carrier-1m-corner-post-0.90625-0
Fra:1 Mem:96.23M (Peak 96.24M) | Time:00:00.11 | Mem:0.00M, Peak:0.00M | Scene, ViewLayer | Synchronizing object | PAYLOAD-top-GEO-fixed-rear-hinge-saddle.001--export
Fra:1 Mem:96.27M (Peak 96.27M) | Time:00:00.11 | Mem:0.00M, Peak:0.00M | Scene, ViewLayer | Synchronizing object | GEO-FIXTURE-middle-1-0-GEO-carrier-1m-corner-shell-0.90625-0
Fra:1 Mem:96.26M (Peak 96.27M) | Time:00:00.11 | Mem:0.00M, Peak:0.00M | Scene, ViewLayer | Synchronizing object | PAYLOAD-top-GEO-fixed-rear-hinge-saddle--export
Fra:1 Mem:96.26M (Peak 96.27M) | Time:00:00.11 | Mem:0.00M, Peak:0.00M | Scene, ViewLayer | Synchronizing object | GEO-FIXTURE-middle-1-0-GEO-carrier-1m-corner-post-0.90625-0.906
Fra:1 Mem:96.32M (Peak 96.32M) | Time:00:00.11 | Mem:0.00M, Peak:0.00M | Scene, ViewLayer | Synchronizing object | GEO-FIXTURE-middle-1-0-GEO-carrier-1m-corner-shell-0.90625-0.90
Fra:1 Mem:96.32M (Peak 96.32M) | Time:00:00.11 | Mem:0.00M, Peak:0.00M | Scene, ViewLayer | Synchronizing object | PAYLOAD-top-GEO-lid-latch-connecting-bridge.001--export
Fra:1 Mem:96.34M (Peak 96.34M) | Time:00:00.11 | Mem:0.00M, Peak:0.00M | Scene, ViewLayer | Synchronizing object | GEO-FIXTURE-middle-1-0-GEO-carrier-1m-front-rail-0
Fra:1 Mem:96.35M (Peak 96.35M) | Time:00:00.11 | Mem:0.00M, Peak:0.00M | Scene, ViewLayer | Synchronizing object | PAYLOAD-top-GEO-lid-latch-connecting-bridge--export
Fra:1 Mem:96.37M (Peak 96.37M) | Time:00:00.11 | Mem:0.00M, Peak:0.00M | Scene, ViewLayer | Synchronizing object | GEO-FIXTURE-middle-1-0-GEO-carrier-1m-latch-0.15-0
Fra:1 Mem:96.37M (Peak 96.37M) | Time:00:00.11 | Mem:0.00M, Peak:0.00M | Scene, ViewLayer | Synchronizing object | PAYLOAD-top-GEO-inset-lid-gasket.003--export
Fra:1 Mem:96.40M (Peak 96.40M) | Time:00:00.11 | Mem:0.00M, Peak:0.00M | Scene, ViewLayer | Synchronizing object | GEO-FIXTURE-middle-1-0-GEO-carrier-1m-latch-grip-0.15-0
Fra:1 Mem:96.41M (Peak 96.41M) | Time:00:00.11 | Mem:0.00M, Peak:0.00M | Scene, ViewLayer | Synchronizing object | PAYLOAD-top-GEO-lid-support-ledge.003--export
Fra:1 Mem:96.42M (Peak 96.42M) | Time:00:00.11 | Mem:0.00M, Peak:0.00M | Scene, ViewLayer | Synchronizing object | GEO-FIXTURE-middle-1-0-GEO-carrier-1m-latch-0.65-0
Fra:1 Mem:96.45M (Peak 96.45M) | Time:00:00.11 | Mem:0.00M, Peak:0.00M | Scene, ViewLayer | Synchronizing object | GEO-FIXTURE-middle-1-0-GEO-carrier-1m-latch-grip-0.65-0
Fra:1 Mem:96.45M (Peak 96.45M) | Time:00:00.11 | Mem:0.00M, Peak:0.00M | Scene, ViewLayer | Synchronizing object | PAYLOAD-top-GEO-inset-lid-gasket.002--export
Fra:1 Mem:96.48M (Peak 96.48M) | Time:00:00.11 | Mem:0.00M, Peak:0.00M | Scene, ViewLayer | Synchronizing object | GEO-FIXTURE-middle-1-0-GEO-carrier-1m-status-0
Fra:1 Mem:96.47M (Peak 96.48M) | Time:00:00.11 | Mem:0.00M, Peak:0.00M | Scene, ViewLayer | Synchronizing object | PAYLOAD-top-GEO-lid-support-ledge.002--export
Fra:1 Mem:96.47M (Peak 96.48M) | Time:00:00.11 | Mem:0.00M, Peak:0.00M | Scene, ViewLayer | Synchronizing object | GEO-FIXTURE-middle-1-0-GEO-carrier-1m-front-rail-0.9375
Fra:1 Mem:96.52M (Peak 96.52M) | Time:00:00.11 | Mem:0.00M, Peak:0.00M | Scene, ViewLayer | Synchronizing object | GEO-FIXTURE-middle-1-0-GEO-carrier-1m-latch-0.15-0.9375
Fra:1 Mem:96.51M (Peak 96.52M) | Time:00:00.11 | Mem:0.00M, Peak:0.00M | Scene, ViewLayer | Synchronizing object | PAYLOAD-top-GEO-inset-lid-gasket.001--export
Fra:1 Mem:96.54M (Peak 96.54M) | Time:00:00.11 | Mem:0.00M, Peak:0.00M | Scene, ViewLayer | Synchronizing object | GEO-FIXTURE-middle-1-0-GEO-carrier-1m-latch-grip-0.15-0.9375
Fra:1 Mem:96.56M (Peak 96.56M) | Time:00:00.11 | Mem:0.00M, Peak:0.00M | Scene, ViewLayer | Synchronizing object | GEO-FIXTURE-middle-1-0-GEO-carrier-1m-latch-0.65-0.9375
Fra:1 Mem:96.54M (Peak 96.56M) | Time:00:00.11 | Mem:0.00M, Peak:0.00M | Scene, ViewLayer | Synchronizing object | PAYLOAD-top-GEO-lid-support-ledge.001--export
Fra:1 Mem:96.58M (Peak 96.58M) | Time:00:00.11 | Mem:0.00M, Peak:0.00M | Scene, ViewLayer | Synchronizing object | GEO-FIXTURE-middle-1-0-GEO-carrier-1m-latch-grip-0.65-0.9375
Fra:1 Mem:96.60M (Peak 96.60M) | Time:00:00.11 | Mem:0.00M, Peak:0.00M | Scene, ViewLayer | Synchronizing object | PAYLOAD-top-GEO-inset-lid-gasket--export
Fra:1 Mem:96.61M (Peak 96.61M) | Time:00:00.11 | Mem:0.00M, Peak:0.00M | Scene, ViewLayer | Synchronizing object | GEO-FIXTURE-middle-1-0-GEO-carrier-1m-status-0.9375
Fra:1 Mem:96.63M (Peak 96.63M) | Time:00:00.11 | Mem:0.00M, Peak:0.00M | Scene, ViewLayer | Synchronizing object | GEO-FIXTURE-middle-1-0-GEO-carrier-1m-side-lower-rail-0
Fra:1 Mem:96.63M (Peak 96.63M) | Time:00:00.11 | Mem:0.00M, Peak:0.00M | Scene, ViewLayer | Synchronizing object | PAYLOAD-top-GEO-lid-support-ledge--export
Fra:1 Mem:96.64M (Peak 96.64M) | Time:00:00.11 | Mem:0.00M, Peak:0.00M | Scene, ViewLayer | Synchronizing object | GEO-FIXTURE-middle-1-0-GEO-carrier-1m-side-upper-rail-0
Fra:1 Mem:96.65M (Peak 96.65M) | Time:00:00.11 | Mem:0.00M, Peak:0.00M | Scene, ViewLayer | Synchronizing object | PAYLOAD-top-GEO-fixed-top-frame.003--export
Fra:1 Mem:96.65M (Peak 96.65M) | Time:00:00.11 | Mem:0.00M, Peak:0.00M | Scene, ViewLayer | Synchronizing object | GEO-FIXTURE-middle-1-0-GEO-carrier-1m-side-lower-rail-0.9375
Fra:1 Mem:96.70M (Peak 96.70M) | Time:00:00.11 | Mem:0.00M, Peak:0.00M | Scene, ViewLayer | Synchronizing object | GEO-FIXTURE-middle-1-0-GEO-carrier-1m-side-upper-rail-0.9375
Fra:1 Mem:96.72M (Peak 96.72M) | Time:00:00.11 | Mem:0.00M, Peak:0.00M | Scene, ViewLayer | Synchronizing object | GEO-FIXTURE-middle-1-1-GEO-carrier-1m-lower-deck
Fra:1 Mem:96.72M (Peak 96.72M) | Time:00:00.11 | Mem:0.00M, Peak:0.00M | Scene, ViewLayer | Synchronizing object | PAYLOAD-top-GEO-fixed-top-frame.002--export
Fra:1 Mem:96.72M (Peak 96.72M) | Time:00:00.11 | Mem:0.00M, Peak:0.00M | Scene, ViewLayer | Synchronizing object | GEO-FIXTURE-middle-1-1-GEO-carrier-1m-upper-deck
Fra:1 Mem:96.76M (Peak 96.76M) | Time:00:00.11 | Mem:0.00M, Peak:0.00M | Scene, ViewLayer | Synchronizing object | GEO-FIXTURE-middle-1-1-GEO-carrier-1m-BEARING-bottom-0-0
Fra:1 Mem:96.76M (Peak 96.76M) | Time:00:00.11 | Mem:0.00M, Peak:0.00M | Scene, ViewLayer | Synchronizing object | GEO-FIXTURE-middle-1-1-GEO-carrier-1m-BEARING-top-0-0
Fra:1 Mem:96.76M (Peak 96.76M) | Time:00:00.11 | Mem:0.00M, Peak:0.00M | Scene, ViewLayer | Synchronizing object | GEO-FIXTURE-middle-1-1-GEO-carrier-1m-top-restraint-0-0-0.045
Fra:1 Mem:96.74M (Peak 96.76M) | Time:00:00.11 | Mem:0.00M, Peak:0.00M | Scene, ViewLayer | Synchronizing object | PAYLOAD-top-GEO-fixed-top-frame.001--export
Fra:1 Mem:96.78M (Peak 96.78M) | Time:00:00.11 | Mem:0.00M, Peak:0.00M | Scene, ViewLayer | Synchronizing object | GEO-FIXTURE-middle-1-1-GEO-carrier-1m-top-restraint-0-0-0.94
Fra:1 Mem:96.80M (Peak 96.80M) | Time:00:00.11 | Mem:0.00M, Peak:0.00M | Scene, ViewLayer | Synchronizing object | PAYLOAD-top-GEO-fixed-top-frame--export
Fra:1 Mem:96.79M (Peak 96.80M) | Time:00:00.11 | Mem:0.00M, Peak:0.00M | Scene, ViewLayer | Synchronizing object | GEO-FIXTURE-middle-1-1-GEO-carrier-1m-corner-post-0-0
Fra:1 Mem:96.81M (Peak 96.81M) | Time:00:00.11 | Mem:0.00M, Peak:0.00M | Scene, ViewLayer | Synchronizing object | GEO-FIXTURE-middle-1-1-GEO-carrier-1m-corner-shell-0-0
Fra:1 Mem:96.82M (Peak 96.82M) | Time:00:00.11 | Mem:0.00M, Peak:0.00M | Scene, ViewLayer | Synchronizing object | PAYLOAD-top-GEO-marking-STA / S--export
Fra:1 Mem:96.85M (Peak 96.85M) | Time:00:00.11 | Mem:0.00M, Peak:0.00M | Scene, ViewLayer | Synchronizing object | GEO-FIXTURE-middle-1-1-GEO-carrier-1m-corner-post-0-0.90625
Fra:1 Mem:96.89M (Peak 96.89M) | Time:00:00.11 | Mem:0.00M, Peak:0.00M | Scene, ViewLayer | Synchronizing object | GEO-FIXTURE-middle-1-1-GEO-carrier-1m-corner-shell-0-0.90625
Fra:1 Mem:97.09M (Peak 97.09M) | Time:00:00.11 | Mem:0.00M, Peak:0.00M | Scene, ViewLayer | Synchronizing object | GEO-FIXTURE-middle-1-1-GEO-carrier-1m-corner-post-0.90625-0
Fra:1 Mem:97.16M (Peak 97.16M) | Time:00:00.11 | Mem:0.00M, Peak:0.00M | Scene, ViewLayer | Synchronizing object | GEO-FIXTURE-middle-1-1-GEO-carrier-1m-corner-shell-0.90625-0
Fra:1 Mem:97.18M (Peak 97.18M) | Time:00:00.11 | Mem:0.00M, Peak:0.00M | Scene, ViewLayer | Synchronizing object | GEO-FIXTURE-middle-1-1-GEO-carrier-1m-corner-post-0.90625-0.906
Fra:1 Mem:97.08M (Peak 97.18M) | Time:00:00.11 | Mem:0.00M, Peak:0.00M | Scene, ViewLayer | Synchronizing object | GEO-FIXTURE-middle-1-1-GEO-carrier-1m-corner-shell-0.90625-0.90
Fra:1 Mem:97.13M (Peak 97.18M) | Time:00:00.11 | Mem:0.00M, Peak:0.00M | Scene, ViewLayer | Synchronizing object | GEO-FIXTURE-middle-1-1-GEO-carrier-1m-front-rail-0
Fra:1 Mem:97.25M (Peak 97.25M) | Time:00:00.11 | Mem:0.00M, Peak:0.00M | Scene, ViewLayer | Synchronizing object | GEO-FIXTURE-middle-1-1-GEO-carrier-1m-latch-0.15-0
Fra:1 Mem:97.27M (Peak 97.27M) | Time:00:00.11 | Mem:0.00M, Peak:0.00M | Scene, ViewLayer | Synchronizing object | GEO-FIXTURE-middle-1-1-GEO-carrier-1m-latch-grip-0.15-0
Fra:1 Mem:97.28M (Peak 97.28M) | Time:00:00.11 | Mem:0.00M, Peak:0.00M | Scene, ViewLayer | Synchronizing object | GEO-FIXTURE-middle-1-1-GEO-carrier-1m-latch-0.65-0
Fra:1 Mem:97.24M (Peak 97.28M) | Time:00:00.11 | Mem:0.00M, Peak:0.00M | Scene, ViewLayer | Synchronizing object | GEO-FIXTURE-middle-1-1-GEO-carrier-1m-latch-grip-0.65-0
Fra:1 Mem:97.11M (Peak 97.28M) | Time:00:00.11 | Mem:0.00M, Peak:0.00M | Scene, ViewLayer | Synchronizing object | GEO-FIXTURE-middle-1-1-GEO-carrier-1m-status-0
Fra:1 Mem:97.11M (Peak 97.28M) | Time:00:00.11 | Mem:0.00M, Peak:0.00M | Scene, ViewLayer | Synchronizing object | PAYLOAD-top-GEO-44mm-clear-stack-receiver.015--export
Fra:1 Mem:97.15M (Peak 97.28M) | Time:00:00.11 | Mem:0.00M, Peak:0.00M | Scene, ViewLayer | Synchronizing object | GEO-FIXTURE-middle-1-1-GEO-carrier-1m-front-rail-0.9375
Fra:1 Mem:97.18M (Peak 97.28M) | Time:00:00.11 | Mem:0.00M, Peak:0.00M | Scene, ViewLayer | Synchronizing object | GEO-FIXTURE-middle-1-1-GEO-carrier-1m-latch-0.15-0.9375
Fra:1 Mem:97.18M (Peak 97.28M) | Time:00:00.11 | Mem:0.00M, Peak:0.00M | Scene, ViewLayer | Synchronizing object | PAYLOAD-top-GEO-44mm-clear-stack-receiver.014--export
Fra:1 Mem:97.21M (Peak 97.28M) | Time:00:00.11 | Mem:0.00M, Peak:0.00M | Scene, ViewLayer | Synchronizing object | GEO-FIXTURE-middle-1-1-GEO-carrier-1m-latch-grip-0.15-0.9375
Fra:1 Mem:97.19M (Peak 97.28M) | Time:00:00.11 | Mem:0.00M, Peak:0.00M | Scene, ViewLayer | Synchronizing object | PAYLOAD-top-GEO-44mm-clear-stack-receiver.013--export
Fra:1 Mem:97.24M (Peak 97.28M) | Time:00:00.11 | Mem:0.00M, Peak:0.00M | Scene, ViewLayer | Synchronizing object | GEO-FIXTURE-middle-1-1-GEO-carrier-1m-latch-0.65-0.9375
Fra:1 Mem:97.22M (Peak 97.28M) | Time:00:00.11 | Mem:0.00M, Peak:0.00M | Scene, ViewLayer | Synchronizing object | PAYLOAD-top-GEO-44mm-clear-stack-receiver.012--export
Fra:1 Mem:97.27M (Peak 97.28M) | Time:00:00.11 | Mem:0.00M, Peak:0.00M | Scene, ViewLayer | Synchronizing object | GEO-FIXTURE-middle-1-1-GEO-carrier-1m-latch-grip-0.65-0.9375
Fra:1 Mem:97.27M (Peak 97.28M) | Time:00:00.11 | Mem:0.00M, Peak:0.00M | Scene, ViewLayer | Synchronizing object | PAYLOAD-top-GEO-stack-receiver-base.003--export
Fra:1 Mem:97.26M (Peak 97.28M) | Time:00:00.11 | Mem:0.00M, Peak:0.00M | Scene, ViewLayer | Synchronizing object | GEO-FIXTURE-middle-1-1-GEO-carrier-1m-status-0.9375
Fra:1 Mem:97.28M (Peak 97.28M) | Time:00:00.11 | Mem:0.00M, Peak:0.00M | Scene, ViewLayer | Synchronizing object | GEO-FIXTURE-middle-1-1-GEO-carrier-1m-side-lower-rail-0
Fra:1 Mem:97.30M (Peak 97.30M) | Time:00:00.11 | Mem:0.00M, Peak:0.00M | Scene, ViewLayer | Synchronizing object | PAYLOAD-top-GEO-44mm-clear-stack-receiver.011--export
Fra:1 Mem:97.30M (Peak 97.30M) | Time:00:00.11 | Mem:0.00M, Peak:0.00M | Scene, ViewLayer | Synchronizing object | GEO-FIXTURE-middle-1-1-GEO-carrier-1m-side-upper-rail-0
Fra:1 Mem:97.34M (Peak 97.34M) | Time:00:00.11 | Mem:0.00M, Peak:0.00M | Scene, ViewLayer | Synchronizing object | GEO-FIXTURE-middle-1-1-GEO-carrier-1m-side-lower-rail-0.9375
Fra:1 Mem:97.36M (Peak 97.36M) | Time:00:00.11 | Mem:0.00M, Peak:0.00M | Scene, ViewLayer | Synchronizing object | PAYLOAD-top-GEO-44mm-clear-stack-receiver.010--export
Fra:1 Mem:97.37M (Peak 97.37M) | Time:00:00.11 | Mem:0.00M, Peak:0.00M | Scene, ViewLayer | Synchronizing object | GEO-FIXTURE-middle-1-1-GEO-carrier-1m-side-upper-rail-0.9375
Fra:1 Mem:97.39M (Peak 97.39M) | Time:00:00.11 | Mem:0.00M, Peak:0.00M | Scene, ViewLayer | Synchronizing object | GEO-FIXTURE-top-GEO-carrier-2m-lower-deck
Fra:1 Mem:97.39M (Peak 97.39M) | Time:00:00.11 | Mem:0.00M, Peak:0.00M | Scene, ViewLayer | Synchronizing object | PAYLOAD-top-GEO-44mm-clear-stack-receiver.009--export
Fra:1 Mem:97.41M (Peak 97.41M) | Time:00:00.11 | Mem:0.00M, Peak:0.00M | Scene, ViewLayer | Synchronizing object | GEO-FIXTURE-top-GEO-carrier-2m-upper-deck
Fra:1 Mem:97.43M (Peak 97.43M) | Time:00:00.11 | Mem:0.00M, Peak:0.00M | Scene, ViewLayer | Synchronizing object | PAYLOAD-top-GEO-44mm-clear-stack-receiver.008--export
Fra:1 Mem:97.42M (Peak 97.43M) | Time:00:00.11 | Mem:0.00M, Peak:0.00M | Scene, ViewLayer | Synchronizing object | GEO-FIXTURE-top-GEO-carrier-2m-BEARING-bottom-0-0
Fra:1 Mem:97.45M (Peak 97.45M) | Time:00:00.11 | Mem:0.00M, Peak:0.00M | Scene, ViewLayer | Synchronizing object | GEO-FIXTURE-top-GEO-carrier-2m-BEARING-top-0-0
Fra:1 Mem:97.45M (Peak 97.45M) | Time:00:00.11 | Mem:0.00M, Peak:0.00M | Scene, ViewLayer | Synchronizing object | GEO-FIXTURE-top-GEO-carrier-2m-top-restraint-0-0-0.045
Fra:1 Mem:97.45M (Peak 97.45M) | Time:00:00.11 | Mem:0.00M, Peak:0.00M | Scene, ViewLayer | Synchronizing object | PAYLOAD-top-GEO-stack-receiver-base.002--export
Fra:1 Mem:97.45M (Peak 97.45M) | Time:00:00.11 | Mem:0.00M, Peak:0.00M | Scene, ViewLayer | Synchronizing object | GEO-FIXTURE-top-GEO-carrier-2m-top-restraint-0-0-0.94
Fra:1 Mem:97.50M (Peak 97.50M) | Time:00:00.11 | Mem:0.00M, Peak:0.00M | Scene, ViewLayer | Synchronizing object | GEO-FIXTURE-top-GEO-carrier-2m-BEARING-bottom-0-1
Fra:1 Mem:97.50M (Peak 97.50M) | Time:00:00.11 | Mem:0.00M, Peak:0.00M | Scene, ViewLayer | Synchronizing object | GEO-FIXTURE-top-GEO-carrier-2m-BEARING-top-0-1
Fra:1 Mem:97.50M (Peak 97.50M) | Time:00:00.11 | Mem:0.00M, Peak:0.00M | Scene, ViewLayer | Synchronizing object | GEO-FIXTURE-top-GEO-carrier-2m-top-restraint-0-1-1.045
Fra:1 Mem:97.48M (Peak 97.50M) | Time:00:00.11 | Mem:0.00M, Peak:0.00M | Scene, ViewLayer | Synchronizing object | PAYLOAD-top-GEO-44mm-clear-stack-receiver.007--export
Fra:1 Mem:97.51M (Peak 97.51M) | Time:00:00.11 | Mem:0.00M, Peak:0.00M | Scene, ViewLayer | Synchronizing object | GEO-FIXTURE-top-GEO-carrier-2m-top-restraint-0-1-1.94
Fra:1 Mem:97.54M (Peak 97.54M) | Time:00:00.11 | Mem:0.00M, Peak:0.00M | Scene, ViewLayer | Synchronizing object | PAYLOAD-top-GEO-44mm-clear-stack-receiver.006--export
Fra:1 Mem:97.52M (Peak 97.54M) | Time:00:00.11 | Mem:0.00M, Peak:0.00M | Scene, ViewLayer | Synchronizing object | GEO-FIXTURE-top-GEO-carrier-2m-BEARING-bottom-1-0
Fra:1 Mem:97.53M (Peak 97.54M) | Time:00:00.11 | Mem:0.00M, Peak:0.00M | Scene, ViewLayer | Synchronizing object | GEO-FIXTURE-top-GEO-carrier-2m-BEARING-top-1-0
Fra:1 Mem:97.56M (Peak 97.56M) | Time:00:00.11 | Mem:0.00M, Peak:0.00M | Scene, ViewLayer | Synchronizing object | GEO-FIXTURE-top-GEO-carrier-2m-top-restraint-1-0-0.045
Fra:1 Mem:97.57M (Peak 97.57M) | Time:00:00.11 | Mem:0.00M, Peak:0.00M | Scene, ViewLayer | Synchronizing object | PAYLOAD-top-GEO-44mm-clear-stack-receiver.005--export
Fra:1 Mem:97.58M (Peak 97.58M) | Time:00:00.11 | Mem:0.00M, Peak:0.00M | Scene, ViewLayer | Synchronizing object | GEO-FIXTURE-top-GEO-carrier-2m-top-restraint-1-0-0.94
Fra:1 Mem:97.59M (Peak 97.59M) | Time:00:00.11 | Mem:0.00M, Peak:0.00M | Scene, ViewLayer | Synchronizing object | PAYLOAD-top-GEO-44mm-clear-stack-receiver.004--export
Fra:1 Mem:97.62M (Peak 97.62M) | Time:00:00.11 | Mem:0.00M, Peak:0.00M | Scene, ViewLayer | Synchronizing object | GEO-FIXTURE-top-GEO-carrier-2m-BEARING-bottom-1-1
Fra:1 Mem:97.61M (Peak 97.62M) | Time:00:00.11 | Mem:0.00M, Peak:0.00M | Scene, ViewLayer | Synchronizing object | GEO-FIXTURE-top-GEO-carrier-2m-BEARING-top-1-1
Fra:1 Mem:97.63M (Peak 97.63M) | Time:00:00.11 | Mem:0.00M, Peak:0.00M | Scene, ViewLayer | Synchronizing object | GEO-FIXTURE-top-GEO-carrier-2m-top-restraint-1-1-1.045
Fra:1 Mem:97.63M (Peak 97.63M) | Time:00:00.11 | Mem:0.00M, Peak:0.00M | Scene, ViewLayer | Synchronizing object | PAYLOAD-top-GEO-stack-receiver-base.001--export
Fra:1 Mem:97.63M (Peak 97.63M) | Time:00:00.11 | Mem:0.00M, Peak:0.00M | Scene, ViewLayer | Synchronizing object | GEO-FIXTURE-top-GEO-carrier-2m-top-restraint-1-1-1.94
Fra:1 Mem:97.66M (Peak 97.66M) | Time:00:00.11 | Mem:0.00M, Peak:0.00M | Scene, ViewLayer | Synchronizing object | PAYLOAD-top-GEO-44mm-clear-stack-receiver.003--export
Fra:1 Mem:97.65M (Peak 97.66M) | Time:00:00.11 | Mem:0.00M, Peak:0.00M | Scene, ViewLayer | Synchronizing object | GEO-FIXTURE-top-GEO-carrier-2m-corner-post-0-0
Fra:1 Mem:97.69M (Peak 97.69M) | Time:00:00.11 | Mem:0.00M, Peak:0.00M | Scene, ViewLayer | Synchronizing object | GEO-FIXTURE-top-GEO-carrier-2m-corner-shell-0-0
Fra:1 Mem:97.68M (Peak 97.69M) | Time:00:00.11 | Mem:0.00M, Peak:0.00M | Scene, ViewLayer | Synchronizing object | PAYLOAD-top-GEO-44mm-clear-stack-receiver.002--export
Fra:1 Mem:97.71M (Peak 97.71M) | Time:00:00.11 | Mem:0.00M, Peak:0.00M | Scene, ViewLayer | Synchronizing object | GEO-FIXTURE-top-GEO-carrier-2m-corner-post-0-1.90625
Fra:1 Mem:97.73M (Peak 97.73M) | Time:00:00.11 | Mem:0.00M, Peak:0.00M | Scene, ViewLayer | Synchronizing object | PAYLOAD-top-GEO-44mm-clear-stack-receiver.001--export
Fra:1 Mem:97.72M (Peak 97.73M) | Time:00:00.11 | Mem:0.00M, Peak:0.00M | Scene, ViewLayer | Synchronizing object | GEO-FIXTURE-top-GEO-carrier-2m-corner-shell-0-1.90625
Fra:1 Mem:97.77M (Peak 97.77M) | Time:00:00.11 | Mem:0.00M, Peak:0.00M | Scene, ViewLayer | Synchronizing object | GEO-FIXTURE-top-GEO-carrier-2m-corner-post-1.90625-0
Fra:1 Mem:97.77M (Peak 97.77M) | Time:00:00.11 | Mem:0.00M, Peak:0.00M | Scene, ViewLayer | Synchronizing object | PAYLOAD-top-GEO-44mm-clear-stack-receiver--export
Fra:1 Mem:97.77M (Peak 97.77M) | Time:00:00.11 | Mem:0.00M, Peak:0.00M | Scene, ViewLayer | Synchronizing object | GEO-FIXTURE-top-GEO-carrier-2m-corner-shell-1.90625-0
Fra:1 Mem:97.79M (Peak 97.79M) | Time:00:00.11 | Mem:0.00M, Peak:0.00M | Scene, ViewLayer | Synchronizing object | PAYLOAD-top-GEO-stack-receiver-base--export
Fra:1 Mem:97.79M (Peak 97.79M) | Time:00:00.11 | Mem:0.00M, Peak:0.00M | Scene, ViewLayer | Synchronizing object | GEO-FIXTURE-top-GEO-carrier-2m-corner-post-1.90625-1.90625
Fra:1 Mem:97.84M (Peak 97.84M) | Time:00:00.11 | Mem:0.00M, Peak:0.00M | Scene, ViewLayer | Synchronizing object | GEO-FIXTURE-top-GEO-carrier-2m-corner-shell-1.90625-1.90625
Fra:1 Mem:97.83M (Peak 97.84M) | Time:00:00.11 | Mem:0.00M, Peak:0.00M | Scene, ViewLayer | Synchronizing object | PAYLOAD-top-GEO-front-fitted-panel--export
Fra:1 Mem:97.85M (Peak 97.85M) | Time:00:00.11 | Mem:0.00M, Peak:0.00M | Scene, ViewLayer | Synchronizing object | GEO-FIXTURE-top-GEO-carrier-2m-front-rail-0
Fra:1 Mem:97.92M (Peak 97.92M) | Time:00:00.11 | Mem:0.00M, Peak:0.00M | Scene, ViewLayer | Synchronizing object | GEO-FIXTURE-top-GEO-carrier-2m-latch-0.15-0
Fra:1 Mem:97.91M (Peak 97.92M) | Time:00:00.11 | Mem:0.00M, Peak:0.00M | Scene, ViewLayer | Synchronizing object | GEO-FIXTURE-top-GEO-carrier-2m-latch-grip-0.15-0
Fra:1 Mem:97.95M (Peak 97.95M) | Time:00:00.11 | Mem:0.00M, Peak:0.00M | Scene, ViewLayer | Synchronizing object | GEO-FIXTURE-top-GEO-carrier-2m-latch-1.65-0
Fra:1 Mem:97.92M (Peak 97.95M) | Time:00:00.11 | Mem:0.00M, Peak:0.00M | Scene, ViewLayer | Synchronizing object | PAYLOAD-top-GEO-front-inset--export
Fra:1 Mem:97.92M (Peak 97.95M) | Time:00:00.11 | Mem:0.00M, Peak:0.00M | Scene, ViewLayer | Synchronizing object | GEO-FIXTURE-top-GEO-carrier-2m-latch-grip-1.65-0
Fra:1 Mem:97.99M (Peak 97.99M) | Time:00:00.11 | Mem:0.00M, Peak:0.00M | Scene, ViewLayer | Synchronizing object | GEO-FIXTURE-top-GEO-carrier-2m-status-0
Fra:1 Mem:98.02M (Peak 98.02M) | Time:00:00.11 | Mem:0.00M, Peak:0.00M | Scene, ViewLayer | Synchronizing object | GEO-FIXTURE-top-GEO-carrier-2m-front-rail-1.9375
Fra:1 Mem:98.00M (Peak 98.02M) | Time:00:00.11 | Mem:0.00M, Peak:0.00M | Scene, ViewLayer | Synchronizing object | GEO-FIXTURE-top-GEO-carrier-2m-latch-0.15-1.9375
Fra:1 Mem:97.99M (Peak 98.02M) | Time:00:00.11 | Mem:0.00M, Peak:0.00M | Scene, ViewLayer | Synchronizing object | PAYLOAD-top-GEO-service-cartridge.001--export
Fra:1 Mem:98.03M (Peak 98.03M) | Time:00:00.11 | Mem:0.00M, Peak:0.00M | Scene, ViewLayer | Synchronizing object | GEO-FIXTURE-top-GEO-carrier-2m-latch-grip-0.15-1.9375
Fra:1 Mem:98.05M (Peak 98.05M) | Time:00:00.11 | Mem:0.00M, Peak:0.00M | Scene, ViewLayer | Synchronizing object | PAYLOAD-top-GEO-glove-grip.001--export
Fra:1 Mem:98.04M (Peak 98.05M) | Time:00:00.11 | Mem:0.00M, Peak:0.00M | Scene, ViewLayer | Synchronizing object | GEO-FIXTURE-top-GEO-carrier-2m-latch-1.65-1.9375
Fra:1 Mem:98.07M (Peak 98.07M) | Time:00:00.11 | Mem:0.00M, Peak:0.00M | Scene, ViewLayer | Synchronizing object | GEO-FIXTURE-top-GEO-carrier-2m-latch-grip-1.65-1.9375
Fra:1 Mem:98.13M (Peak 98.13M) | Time:00:00.11 | Mem:0.00M, Peak:0.00M | Scene, ViewLayer | Synchronizing object | GEO-FIXTURE-top-GEO-carrier-2m-status-1.9375
Fra:1 Mem:98.11M (Peak 98.13M) | Time:00:00.11 | Mem:0.00M, Peak:0.00M | Scene, ViewLayer | Synchronizing object | PAYLOAD-top-GEO-grip-support.003--export
Fra:1 Mem:98.14M (Peak 98.14M) | Time:00:00.11 | Mem:0.00M, Peak:0.00M | Scene, ViewLayer | Synchronizing object | GEO-FIXTURE-top-GEO-carrier-2m-side-lower-rail-0
Fra:1 Mem:98.16M (Peak 98.16M) | Time:00:00.12 | Mem:0.00M, Peak:0.00M | Scene, ViewLayer | Synchronizing object | GEO-FIXTURE-top-GEO-carrier-2m-side-upper-rail-0
Fra:1 Mem:98.17M (Peak 98.17M) | Time:00:00.12 | Mem:0.00M, Peak:0.00M | Scene, ViewLayer | Synchronizing object | PAYLOAD-top-GEO-grip-support.002--export
Fra:1 Mem:98.15M (Peak 98.17M) | Time:00:00.12 | Mem:0.00M, Peak:0.00M | Scene, ViewLayer | Synchronizing object | GEO-FIXTURE-top-GEO-carrier-2m-side-lower-rail-1.9375
Fra:1 Mem:98.18M (Peak 98.18M) | Time:00:00.12 | Mem:0.00M, Peak:0.00M | Scene, ViewLayer | Synchronizing object | GEO-FIXTURE-top-GEO-carrier-2m-side-upper-rail-1.9375
Fra:1 Mem:98.18M (Peak 98.18M) | Time:00:00.12 | Mem:0.00M, Peak:0.00M | Scene, ViewLayer | Synchronizing object | PAYLOAD-top-GEO-grip-backing.001--export
Fra:1 Mem:98.23M (Peak 98.23M) | Time:00:00.12 | Mem:0.00M, Peak:0.00M | Scene, ViewLayer | Synchronizing object | GEO-FIXTURE-top-GEO-carrier-2m-intermediate-post-0-0.953125
Fra:1 Mem:98.21M (Peak 98.23M) | Time:00:00.12 | Mem:0.00M, Peak:0.00M | Scene, ViewLayer | Synchronizing object | PAYLOAD-top-GEO-fitted-side-panel.001--export
Fra:1 Mem:98.30M (Peak 98.30M) | Time:00:00.12 | Mem:0.00M, Peak:0.00M | Scene, ViewLayer | Synchronizing object | GEO-FIXTURE-top-GEO-carrier-2m-intermediate-post-1.90625-0.9531
Fra:1 Mem:98.28M (Peak 98.30M) | Time:00:00.12 | Mem:0.00M, Peak:0.00M | Scene, ViewLayer | Synchronizing object | PAYLOAD-top-GEO-side-inset-backing.001--export
Fra:1 Mem:98.28M (Peak 98.30M) | Time:00:00.12 | Mem:0.00M, Peak:0.00M | Scene, ViewLayer | Synchronizing object | GEO-FIXTURE-top-GEO-carrier-2m-intermediate-post-0.953125-0
Fra:1 Mem:98.33M (Peak 98.33M) | Time:00:00.12 | Mem:0.00M, Peak:0.00M | Scene, ViewLayer | Synchronizing object | GEO-FIXTURE-top-GEO-carrier-2m-intermediate-post-0.953125-1.906
Fra:1 Mem:98.37M (Peak 98.37M) | Time:00:00.12 | Mem:0.00M, Peak:0.00M | Scene, ViewLayer | Synchronizing object | PAYLOAD-base-GEO-load-skid--export
Fra:1 Mem:98.36M (Peak 98.37M) | Time:00:00.12 | Mem:0.00M, Peak:0.00M | Scene, ViewLayer | Synchronizing object | PAYLOAD-top-GEO-service-cartridge--export
Fra:1 Mem:98.39M (Peak 98.39M) | Time:00:00.12 | Mem:0.00M, Peak:0.00M | Scene, ViewLayer | Synchronizing object | PAYLOAD-base-GEO-load-skid.001--export
Fra:1 Mem:98.37M (Peak 98.39M) | Time:00:00.12 | Mem:0.00M, Peak:0.00M | Scene, ViewLayer | Synchronizing object | PAYLOAD-top-GEO-glove-grip--export
Fra:1 Mem:98.48M (Peak 98.48M) | Time:00:00.12 | Mem:0.00M, Peak:0.00M | Scene, ViewLayer | Synchronizing object | PAYLOAD-base-GEO-crossmember--export
Fra:1 Mem:98.42M (Peak 98.48M) | Time:00:00.12 | Mem:0.00M, Peak:0.00M | Scene, ViewLayer | Synchronizing object | PAYLOAD-top-GEO-grip-support.001--export
Fra:1 Mem:98.44M (Peak 98.48M) | Time:00:00.12 | Mem:0.00M, Peak:0.00M | Scene, ViewLayer | Synchronizing object | PAYLOAD-top-GEO-grip-support--export
Fra:1 Mem:98.46M (Peak 98.48M) | Time:00:00.12 | Mem:0.00M, Peak:0.00M | Scene, ViewLayer | Synchronizing object | PAYLOAD-top-GEO-grip-backing--export
Fra:1 Mem:98.47M (Peak 98.48M) | Time:00:00.12 | Mem:0.00M, Peak:0.00M | Scene, ViewLayer | Synchronizing object | PAYLOAD-top-GEO-fitted-side-panel--export
Fra:1 Mem:98.53M (Peak 98.53M) | Time:00:00.12 | Mem:0.00M, Peak:0.00M | Scene, ViewLayer | Synchronizing object | PAYLOAD-base-GEO-crossmember.001--export
Fra:1 Mem:98.56M (Peak 98.56M) | Time:00:00.12 | Mem:0.00M, Peak:0.00M | Scene, ViewLayer | Synchronizing object | PAYLOAD-base-GEO-40mm-locating-foot--export
Fra:1 Mem:98.59M (Peak 98.59M) | Time:00:00.12 | Mem:0.00M, Peak:0.00M | Scene, ViewLayer | Synchronizing object | PAYLOAD-base-GEO-40mm-locating-foot.001--export
Fra:1 Mem:98.56M (Peak 98.59M) | Time:00:00.12 | Mem:0.00M, Peak:0.00M | Scene, ViewLayer | Synchronizing object | PAYLOAD-top-GEO-side-inset-backing--export
Fra:1 Mem:98.65M (Peak 98.65M) | Time:00:00.12 | Mem:0.00M, Peak:0.00M | Scene, ViewLayer | Synchronizing object | PAYLOAD-base-GEO-40mm-locating-foot.002--export
Fra:1 Mem:98.63M (Peak 98.65M) | Time:00:00.12 | Mem:0.00M, Peak:0.00M | Scene, ViewLayer | Synchronizing object | PAYLOAD-top-GEO-rear-hinge-pin.001--export
Fra:1 Mem:98.69M (Peak 98.69M) | Time:00:00.12 | Mem:0.00M, Peak:0.00M | Scene, ViewLayer | Synchronizing object | PAYLOAD-base-GEO-40mm-locating-foot.003--export
Fra:1 Mem:98.71M (Peak 98.71M) | Time:00:00.12 | Mem:0.00M, Peak:0.00M | Scene, ViewLayer | Synchronizing object | PAYLOAD-base-GEO-sealed-floor--export
Fra:1 Mem:98.67M (Peak 98.71M) | Time:00:00.12 | Mem:0.00M, Peak:0.00M | Scene, ViewLayer | Synchronizing object | PAYLOAD-top-GEO-rear-hinge-pin--export
Fra:1 Mem:98.75M (Peak 98.75M) | Time:00:00.12 | Mem:0.00M, Peak:0.00M | Scene, ViewLayer | Synchronizing object | PAYLOAD-base-GEO-closed-side-wall--export
Fra:1 Mem:98.72M (Peak 98.75M) | Time:00:00.12 | Mem:0.00M, Peak:0.00M | Scene, ViewLayer | Synchronizing object | PAYLOAD-top-GEO-lid-toggle.001--export
Fra:1 Mem:98.77M (Peak 98.77M) | Time:00:00.12 | Mem:0.00M, Peak:0.00M | Scene, ViewLayer | Synchronizing object | PAYLOAD-base-GEO-closed-side-wall.001--export
Fra:1 Mem:98.76M (Peak 98.77M) | Time:00:00.12 | Mem:0.00M, Peak:0.00M | Scene, ViewLayer | Synchronizing object | PAYLOAD-top-GEO-lid-latch-leaf.001--export
Fra:1 Mem:98.80M (Peak 98.80M) | Time:00:00.12 | Mem:0.00M, Peak:0.00M | Scene, ViewLayer | Synchronizing object | PAYLOAD-top-GEO-lid-toggle--export
Fra:1 Mem:98.83M (Peak 98.83M) | Time:00:00.12 | Mem:0.00M, Peak:0.00M | Scene, ViewLayer | Synchronizing object | PAYLOAD-base-GEO-closed-rear-wall--export
Fra:1 Mem:98.84M (Peak 98.84M) | Time:00:00.12 | Mem:0.00M, Peak:0.00M | Scene, ViewLayer | Synchronizing object | PAYLOAD-top-GEO-lid-latch-leaf--export
Fra:1 Mem:98.87M (Peak 98.87M) | Time:00:00.12 | Mem:0.00M, Peak:0.00M | Scene, ViewLayer | Synchronizing object | PAYLOAD-top-GEO-lid-cap-end-step.001--export
Fra:1 Mem:98.87M (Peak 98.87M) | Time:00:00.12 | Mem:0.00M, Peak:0.00M | Scene, ViewLayer | Synchronizing object | PAYLOAD-base-GEO-closed-front-wall--export
Fra:1 Mem:98.86M (Peak 98.87M) | Time:00:00.12 | Mem:0.00M, Peak:0.00M | Scene, ViewLayer | Synchronizing object | PAYLOAD-top-GEO-lid-cap-end-step--export
Fra:1 Mem:98.91M (Peak 98.91M) | Time:00:00.12 | Mem:0.00M, Peak:0.00M | Scene, ViewLayer | Synchronizing object | PAYLOAD-top-GEO-lid-fitted-cap--export
Fra:1 Mem:98.90M (Peak 98.91M) | Time:00:00.12 | Mem:0.00M, Peak:0.00M | Scene, ViewLayer | Synchronizing object | PAYLOAD-base-GEO-corner-load-column--export
Fra:1 Mem:98.95M (Peak 98.95M) | Time:00:00.12 | Mem:0.00M, Peak:0.00M | Scene, ViewLayer | Synchronizing object | PAYLOAD-top-GEO-lid-recess-base--export
Fra:1 Mem:98.96M (Peak 98.96M) | Time:00:00.12 | Mem:0.00M, Peak:0.00M | Scene, ViewLayer | Synchronizing object | PAYLOAD-base-GEO-stepped-corner-armor--export
Fra:1 Mem:98.99M (Peak 98.99M) | Time:00:00.12 | Mem:0.00M, Peak:0.00M | Scene, ViewLayer | Synchronizing object | PAYLOAD-top-GEO-lid-shoulder-band.001--export
Fra:1 Mem:98.99M (Peak 98.99M) | Time:00:00.12 | Mem:0.00M, Peak:0.00M | Scene, ViewLayer | Synchronizing object | PAYLOAD-base-GEO-stepped-corner-armor.001--export
Fra:1 Mem:99.00M (Peak 99.00M) | Time:00:00.12 | Mem:0.00M, Peak:0.00M | Scene, ViewLayer | Synchronizing object | PAYLOAD-top-GEO-lid-shoulder-band--export
Fra:1 Mem:99.04M (Peak 99.04M) | Time:00:00.12 | Mem:0.00M, Peak:0.00M | Scene, ViewLayer | Synchronizing object | PAYLOAD-base-GEO-corner-load-column.001--export
Fra:1 Mem:99.02M (Peak 99.04M) | Time:00:00.12 | Mem:0.00M, Peak:0.00M | Scene, ViewLayer | Synchronizing object | PAYLOAD-top-GEO-opening-layered-lid--export
Fra:1 Mem:99.07M (Peak 99.07M) | Time:00:00.12 | Mem:0.00M, Peak:0.00M | Scene, ViewLayer | Synchronizing object | PAYLOAD-base-GEO-stepped-corner-armor.002--export
Fra:1 Mem:99.05M (Peak 99.07M) | Time:00:00.12 | Mem:0.00M, Peak:0.00M | Scene, ViewLayer | Synchronizing object | PAYLOAD-top-GEO-stepped-corner-armor.007--export
Fra:1 Mem:99.10M (Peak 99.10M) | Time:00:00.12 | Mem:0.00M, Peak:0.00M | Scene, ViewLayer | Synchronizing object | PAYLOAD-base-GEO-stepped-corner-armor.003--export
Fra:1 Mem:99.12M (Peak 99.12M) | Time:00:00.12 | Mem:0.00M, Peak:0.00M | Scene, ViewLayer | Synchronizing object | PAYLOAD-top-GEO-stepped-corner-armor.006--export
Fra:1 Mem:99.10M (Peak 99.12M) | Time:00:00.12 | Mem:0.00M, Peak:0.00M | Scene, ViewLayer | Synchronizing object | PAYLOAD-base-GEO-corner-load-column.002--export
Fra:1 Mem:99.15M (Peak 99.15M) | Time:00:00.12 | Mem:0.00M, Peak:0.00M | Scene, ViewLayer | Synchronizing object | PAYLOAD-base-GEO-stepped-corner-armor.004--export
Fra:1 Mem:99.14M (Peak 99.15M) | Time:00:00.12 | Mem:0.00M, Peak:0.00M | Scene, ViewLayer | Synchronizing object | PAYLOAD-top-GEO-corner-load-column.003--export
Fra:1 Mem:99.19M (Peak 99.19M) | Time:00:00.12 | Mem:0.00M, Peak:0.00M | Scene, ViewLayer | Synchronizing object | PAYLOAD-top-GEO-stepped-corner-armor.005--export
Fra:1 Mem:99.17M (Peak 99.19M) | Time:00:00.12 | Mem:0.00M, Peak:0.00M | Scene, ViewLayer | Synchronizing object | PAYLOAD-base-GEO-stepped-corner-armor.005--export
Fra:1 Mem:99.20M (Peak 99.20M) | Time:00:00.12 | Mem:0.00M, Peak:0.00M | Scene, ViewLayer | Synchronizing object | PAYLOAD-top-GEO-stepped-corner-armor.004--export
Fra:1 Mem:99.24M (Peak 99.24M) | Time:00:00.12 | Mem:0.00M, Peak:0.00M | Scene, ViewLayer | Synchronizing object | PAYLOAD-base-GEO-corner-load-column.003--export
Fra:1 Mem:99.25M (Peak 99.25M) | Time:00:00.12 | Mem:0.00M, Peak:0.00M | Scene, ViewLayer | Synchronizing object | PAYLOAD-top-GEO-corner-load-column.002--export
Fra:1 Mem:99.25M (Peak 99.25M) | Time:00:00.12 | Mem:0.00M, Peak:0.00M | Scene, ViewLayer | Synchronizing object | PAYLOAD-base-GEO-stepped-corner-armor.006--export
Fra:1 Mem:99.29M (Peak 99.29M) | Time:00:00.12 | Mem:0.00M, Peak:0.00M | Scene, ViewLayer | Synchronizing object | PAYLOAD-top-GEO-stepped-corner-armor.003--export
Fra:1 Mem:99.27M (Peak 99.29M) | Time:00:00.12 | Mem:0.00M, Peak:0.00M | Scene, ViewLayer | Synchronizing object | PAYLOAD-base-GEO-stepped-corner-armor.007--export
Fra:1 Mem:99.31M (Peak 99.31M) | Time:00:00.12 | Mem:0.00M, Peak:0.00M | Scene, ViewLayer | Synchronizing object | PAYLOAD-base-GEO-opening-layered-lid--export
Fra:1 Mem:99.30M (Peak 99.31M) | Time:00:00.12 | Mem:0.00M, Peak:0.00M | Scene, ViewLayer | Synchronizing object | PAYLOAD-top-GEO-stepped-corner-armor.002--export
Fra:1 Mem:99.34M (Peak 99.34M) | Time:00:00.12 | Mem:0.00M, Peak:0.00M | Scene, ViewLayer | Synchronizing object | PAYLOAD-top-GEO-corner-load-column.001--export
Fra:1 Mem:99.34M (Peak 99.34M) | Time:00:00.12 | Mem:0.00M, Peak:0.00M | Scene, ViewLayer | Synchronizing object | PAYLOAD-base-GEO-lid-shoulder-band--export
Fra:1 Mem:99.39M (Peak 99.39M) | Time:00:00.12 | Mem:0.00M, Peak:0.00M | Scene, ViewLayer | Synchronizing object | PAYLOAD-top-GEO-stepped-corner-armor.001--export
Fra:1 Mem:99.37M (Peak 99.39M) | Time:00:00.12 | Mem:0.00M, Peak:0.00M | Scene, ViewLayer | Synchronizing object | PAYLOAD-base-GEO-lid-shoulder-band.001--export
Fra:1 Mem:99.42M (Peak 99.42M) | Time:00:00.12 | Mem:0.00M, Peak:0.00M | Scene, ViewLayer | Synchronizing object | PAYLOAD-top-GEO-stepped-corner-armor--export
Fra:1 Mem:99.41M (Peak 99.42M) | Time:00:00.12 | Mem:0.00M, Peak:0.00M | Scene, ViewLayer | Synchronizing object | PAYLOAD-base-GEO-lid-recess-base--export
Fra:1 Mem:99.45M (Peak 99.45M) | Time:00:00.12 | Mem:0.00M, Peak:0.00M | Scene, ViewLayer | Synchronizing object | PAYLOAD-top-GEO-corner-load-column--export
Fra:1 Mem:99.44M (Peak 99.45M) | Time:00:00.12 | Mem:0.00M, Peak:0.00M | Scene, ViewLayer | Synchronizing object | PAYLOAD-base-GEO-lid-fitted-cap--export
Fra:1 Mem:99.49M (Peak 99.49M) | Time:00:00.12 | Mem:0.00M, Peak:0.00M | Scene, ViewLayer | Synchronizing object | PAYLOAD-top-GEO-closed-front-wall--export
Fra:1 Mem:99.48M (Peak 99.49M) | Time:00:00.12 | Mem:0.00M, Peak:0.00M | Scene, ViewLayer | Synchronizing object | PAYLOAD-base-GEO-lid-cap-end-step--export
Fra:1 Mem:99.52M (Peak 99.52M) | Time:00:00.12 | Mem:0.00M, Peak:0.00M | Scene, ViewLayer | Synchronizing object | PAYLOAD-top-GEO-closed-rear-wall--export
Fra:1 Mem:99.51M (Peak 99.52M) | Time:00:00.12 | Mem:0.00M, Peak:0.00M | Scene, ViewLayer | Synchronizing object | PAYLOAD-base-GEO-lid-cap-end-step.001--export
Fra:1 Mem:99.55M (Peak 99.55M) | Time:00:00.12 | Mem:0.00M, Peak:0.00M | Scene, ViewLayer | Synchronizing object | PAYLOAD-top-GEO-closed-side-wall.001--export
Fra:1 Mem:99.58M (Peak 99.58M) | Time:00:00.12 | Mem:0.00M, Peak:0.00M | Scene, ViewLayer | Synchronizing object | PAYLOAD-base-GEO-lid-latch-leaf--export
Fra:1 Mem:99.57M (Peak 99.58M) | Time:00:00.12 | Mem:0.00M, Peak:0.00M | Scene, ViewLayer | Synchronizing object | PAYLOAD-top-GEO-closed-side-wall--export
Fra:1 Mem:99.60M (Peak 99.60M) | Time:00:00.12 | Mem:0.00M, Peak:0.00M | Scene, ViewLayer | Synchronizing object | PAYLOAD-top-GEO-sealed-floor--export
Fra:1 Mem:99.59M (Peak 99.60M) | Time:00:00.12 | Mem:0.00M, Peak:0.00M | Scene, ViewLayer | Synchronizing object | PAYLOAD-base-GEO-lid-toggle--export
Fra:1 Mem:99.65M (Peak 99.65M) | Time:00:00.12 | Mem:0.00M, Peak:0.00M | Scene, ViewLayer | Synchronizing object | PAYLOAD-top-GEO-40mm-locating-foot.003--export
Fra:1 Mem:99.63M (Peak 99.65M) | Time:00:00.12 | Mem:0.00M, Peak:0.00M | Scene, ViewLayer | Synchronizing object | PAYLOAD-base-GEO-lid-latch-leaf.001--export
Fra:1 Mem:99.69M (Peak 99.69M) | Time:00:00.12 | Mem:0.00M, Peak:0.00M | Scene, ViewLayer | Synchronizing object | PAYLOAD-top-GEO-40mm-locating-foot.002--export
Fra:1 Mem:99.67M (Peak 99.69M) | Time:00:00.12 | Mem:0.00M, Peak:0.00M | Scene, ViewLayer | Synchronizing object | PAYLOAD-base-GEO-lid-toggle.001--export
Fra:1 Mem:99.72M (Peak 99.72M) | Time:00:00.12 | Mem:0.00M, Peak:0.00M | Scene, ViewLayer | Synchronizing object | PAYLOAD-top-GEO-40mm-locating-foot.001--export
Fra:1 Mem:99.72M (Peak 99.72M) | Time:00:00.12 | Mem:0.00M, Peak:0.00M | Scene, ViewLayer | Synchronizing object | PAYLOAD-base-GEO-rear-hinge-pin--export
Fra:1 Mem:99.79M (Peak 99.79M) | Time:00:00.12 | Mem:0.00M, Peak:0.00M | Scene, ViewLayer | Synchronizing object | PAYLOAD-top-GEO-40mm-locating-foot--export
Fra:1 Mem:99.81M (Peak 99.81M) | Time:00:00.12 | Mem:0.00M, Peak:0.00M | Scene, ViewLayer | Synchronizing object | PAYLOAD-top-GEO-crossmember.001--export
Fra:1 Mem:99.79M (Peak 99.81M) | Time:00:00.12 | Mem:0.00M, Peak:0.00M | Scene, ViewLayer | Synchronizing object | PAYLOAD-base-GEO-rear-hinge-pin.001--export
Fra:1 Mem:99.86M (Peak 99.86M) | Time:00:00.12 | Mem:0.00M, Peak:0.00M | Scene, ViewLayer | Synchronizing object | PAYLOAD-top-GEO-crossmember--export
Fra:1 Mem:99.85M (Peak 99.86M) | Time:00:00.12 | Mem:0.00M, Peak:0.00M | Scene, ViewLayer | Synchronizing object | PAYLOAD-base-GEO-side-inset-backing--export
Fra:1 Mem:99.88M (Peak 99.88M) | Time:00:00.12 | Mem:0.00M, Peak:0.00M | Scene, ViewLayer | Synchronizing object | PAYLOAD-top-GEO-load-skid.001--export
Fra:1 Mem:99.88M (Peak 99.88M) | Time:00:00.12 | Mem:0.00M, Peak:0.00M | Scene, ViewLayer | Synchronizing object | PAYLOAD-top-GEO-load-skid--export
Fra:1 Mem:99.90M (Peak 99.90M) | Time:00:00.12 | Mem:0.00M, Peak:0.00M | Scene, ViewLayer | Synchronizing object | PAYLOAD-middle-1-1-GEO-fixed-rear-hinge-saddle.003--export
Fra:1 Mem:99.92M (Peak 99.92M) | Time:00:00.12 | Mem:0.00M, Peak:0.00M | Scene, ViewLayer | Synchronizing object | PAYLOAD-middle-1-1-GEO-fixed-rear-hinge-saddle.002--export
Fra:1 Mem:99.93M (Peak 99.93M) | Time:00:00.12 | Mem:0.00M, Peak:0.00M | Scene, ViewLayer | Synchronizing object | PAYLOAD-middle-1-1-GEO-fixed-rear-hinge-saddle.001--export
Fra:1 Mem:100.01M (Peak 100.01M) | Time:00:00.12 | Mem:0.00M, Peak:0.00M | Scene, ViewLayer | Synchronizing object | PAYLOAD-middle-1-1-GEO-fixed-rear-hinge-saddle--export
Fra:1 Mem:100.02M (Peak 100.02M) | Time:00:00.12 | Mem:0.00M, Peak:0.00M | Scene, ViewLayer | Synchronizing object | PAYLOAD-middle-1-1-GEO-lid-latch-connecting-bridge.001--export
Fra:1 Mem:100.06M (Peak 100.06M) | Time:00:00.12 | Mem:0.00M, Peak:0.00M | Scene, ViewLayer | Synchronizing object | PAYLOAD-middle-1-1-GEO-lid-latch-connecting-bridge--export
Fra:1 Mem:100.03M (Peak 100.06M) | Time:00:00.12 | Mem:0.00M, Peak:0.00M | Scene, ViewLayer | Synchronizing object | PAYLOAD-base-GEO-grip-backing--export
Fra:1 Mem:100.06M (Peak 100.06M) | Time:00:00.12 | Mem:0.00M, Peak:0.00M | Scene, ViewLayer | Synchronizing object | PAYLOAD-middle-1-1-GEO-inset-lid-gasket.003--export
Fra:1 Mem:100.08M (Peak 100.08M) | Time:00:00.12 | Mem:0.00M, Peak:0.00M | Scene, ViewLayer | Synchronizing object | PAYLOAD-base-GEO-grip-support--export
Fra:1 Mem:100.10M (Peak 100.10M) | Time:00:00.12 | Mem:0.00M, Peak:0.00M | Scene, ViewLayer | Synchronizing object | PAYLOAD-middle-1-1-GEO-lid-support-ledge.003--export
Fra:1 Mem:100.13M (Peak 100.13M) | Time:00:00.12 | Mem:0.00M, Peak:0.00M | Scene, ViewLayer | Synchronizing object | PAYLOAD-base-GEO-grip-support.001--export
Fra:1 Mem:100.11M (Peak 100.13M) | Time:00:00.12 | Mem:0.00M, Peak:0.00M | Scene, ViewLayer | Synchronizing object | PAYLOAD-middle-1-1-GEO-inset-lid-gasket.002--export
Fra:1 Mem:100.16M (Peak 100.16M) | Time:00:00.12 | Mem:0.00M, Peak:0.00M | Scene, ViewLayer | Synchronizing object | PAYLOAD-base-GEO-glove-grip--export
Fra:1 Mem:100.14M (Peak 100.16M) | Time:00:00.12 | Mem:0.00M, Peak:0.00M | Scene, ViewLayer | Synchronizing object | PAYLOAD-middle-1-1-GEO-lid-support-ledge.002--export
Fra:1 Mem:100.19M (Peak 100.19M) | Time:00:00.12 | Mem:0.00M, Peak:0.00M | Scene, ViewLayer | Synchronizing object | PAYLOAD-middle-1-1-GEO-inset-lid-gasket.001--export
Fra:1 Mem:100.21M (Peak 100.21M) | Time:00:00.12 | Mem:0.00M, Peak:0.00M | Scene, ViewLayer | Synchronizing object | PAYLOAD-base-GEO-service-cartridge--export
Fra:1 Mem:100.21M (Peak 100.21M) | Time:00:00.12 | Mem:0.00M, Peak:0.00M | Scene, ViewLayer | Synchronizing object | PAYLOAD-middle-1-1-GEO-lid-support-ledge.001--export
Fra:1 Mem:100.27M (Peak 100.27M) | Time:00:00.12 | Mem:0.00M, Peak:0.00M | Scene, ViewLayer | Synchronizing object | PAYLOAD-base-GEO-side-inset-backing.001--export
Fra:1 Mem:100.25M (Peak 100.27M) | Time:00:00.12 | Mem:0.00M, Peak:0.00M | Scene, ViewLayer | Synchronizing object | PAYLOAD-middle-1-1-GEO-inset-lid-gasket--export
Fra:1 Mem:100.31M (Peak 100.31M) | Time:00:00.12 | Mem:0.00M, Peak:0.00M | Scene, ViewLayer | Synchronizing object | PAYLOAD-middle-1-1-GEO-lid-support-ledge--export
Fra:1 Mem:100.35M (Peak 100.35M) | Time:00:00.12 | Mem:0.00M, Peak:0.00M | Scene, ViewLayer | Synchronizing object | PAYLOAD-middle-1-1-GEO-fixed-top-frame.003--export
Fra:1 Mem:100.32M (Peak 100.35M) | Time:00:00.12 | Mem:0.00M, Peak:0.00M | Scene, ViewLayer | Synchronizing object | PAYLOAD-base-GEO-fitted-side-panel.001--export
Fra:1 Mem:100.37M (Peak 100.37M) | Time:00:00.12 | Mem:0.00M, Peak:0.00M | Scene, ViewLayer | Synchronizing object | PAYLOAD-middle-1-1-GEO-fixed-top-frame.002--export
Fra:1 Mem:100.41M (Peak 100.41M) | Time:00:00.12 | Mem:0.00M, Peak:0.00M | Scene, ViewLayer | Synchronizing object | PAYLOAD-middle-1-1-GEO-fixed-top-frame.001--export
Fra:1 Mem:100.39M (Peak 100.41M) | Time:00:00.12 | Mem:0.00M, Peak:0.00M | Scene, ViewLayer | Synchronizing object | PAYLOAD-base-GEO-grip-backing.001--export
Fra:1 Mem:100.44M (Peak 100.44M) | Time:00:00.12 | Mem:0.00M, Peak:0.00M | Scene, ViewLayer | Synchronizing object | PAYLOAD-middle-1-1-GEO-fixed-top-frame--export
Fra:1 Mem:100.45M (Peak 100.45M) | Time:00:00.12 | Mem:0.00M, Peak:0.00M | Scene, ViewLayer | Synchronizing object | PAYLOAD-base-GEO-grip-support.002--export
Fra:1 Mem:100.46M (Peak 100.46M) | Time:00:00.12 | Mem:0.00M, Peak:0.00M | Scene, ViewLayer | Synchronizing object | PAYLOAD-middle-1-1-GEO-marking-STA / S--export
Fra:1 Mem:100.47M (Peak 100.47M) | Time:00:00.12 | Mem:0.00M, Peak:0.00M | Scene, ViewLayer | Synchronizing object | PAYLOAD-base-GEO-grip-support.003--export
Fra:1 Mem:100.70M (Peak 100.70M) | Time:00:00.12 | Mem:0.00M, Peak:0.00M | Scene, ViewLayer | Synchronizing object | PAYLOAD-base-GEO-glove-grip.001--export
Fra:1 Mem:100.66M (Peak 100.70M) | Time:00:00.12 | Mem:0.00M, Peak:0.00M | Scene, ViewLayer | Synchronizing object | PAYLOAD-base-GEO-service-cartridge.001--export
Fra:1 Mem:100.72M (Peak 100.72M) | Time:00:00.12 | Mem:0.00M, Peak:0.00M | Scene, ViewLayer | Synchronizing object | PAYLOAD-base-GEO-front-inset--export
Fra:1 Mem:100.71M (Peak 100.72M) | Time:00:00.12 | Mem:0.00M, Peak:0.00M | Scene, ViewLayer | Synchronizing object | PAYLOAD-middle-1-1-GEO-44mm-clear-stack-receiver.015--export
Fra:1 Mem:100.73M (Peak 100.73M) | Time:00:00.12 | Mem:0.00M, Peak:0.00M | Scene, ViewLayer | Synchronizing object | PAYLOAD-middle-1-1-GEO-44mm-clear-stack-receiver.014--export
Fra:1 Mem:100.75M (Peak 100.75M) | Time:00:00.12 | Mem:0.00M, Peak:0.00M | Scene, ViewLayer | Synchronizing object | PAYLOAD-middle-1-1-GEO-44mm-clear-stack-receiver.013--export
Fra:1 Mem:100.76M (Peak 100.76M) | Time:00:00.12 | Mem:0.00M, Peak:0.00M | Scene, ViewLayer | Synchronizing object | PAYLOAD-base-GEO-front-fitted-panel--export
Fra:1 Mem:100.75M (Peak 100.76M) | Time:00:00.12 | Mem:0.00M, Peak:0.00M | Scene, ViewLayer | Synchronizing object | PAYLOAD-middle-1-1-GEO-44mm-clear-stack-receiver.012--export
Fra:1 Mem:100.81M (Peak 100.81M) | Time:00:00.12 | Mem:0.00M, Peak:0.00M | Scene, ViewLayer | Synchronizing object | PAYLOAD-middle-1-1-GEO-stack-receiver-base.003--export
Fra:1 Mem:100.84M (Peak 100.84M) | Time:00:00.12 | Mem:0.00M, Peak:0.00M | Scene, ViewLayer | Synchronizing object | PAYLOAD-base-GEO-stack-receiver-base--export
Fra:1 Mem:100.85M (Peak 100.85M) | Time:00:00.12 | Mem:0.00M, Peak:0.00M | Scene, ViewLayer | Synchronizing object | PAYLOAD-middle-1-1-GEO-44mm-clear-stack-receiver.011--export
Fra:1 Mem:100.85M (Peak 100.85M) | Time:00:00.12 | Mem:0.00M, Peak:0.00M | Scene, ViewLayer | Synchronizing object | PAYLOAD-base-GEO-44mm-clear-stack-receiver--export
Fra:1 Mem:100.87M (Peak 100.87M) | Time:00:00.12 | Mem:0.00M, Peak:0.00M | Scene, ViewLayer | Synchronizing object | PAYLOAD-middle-1-1-GEO-44mm-clear-stack-receiver.010--export
Fra:1 Mem:100.89M (Peak 100.89M) | Time:00:00.12 | Mem:0.00M, Peak:0.00M | Scene, ViewLayer | Synchronizing object | PAYLOAD-base-GEO-44mm-clear-stack-receiver.001--export
Fra:1 Mem:100.90M (Peak 100.90M) | Time:00:00.12 | Mem:0.00M, Peak:0.00M | Scene, ViewLayer | Synchronizing object | PAYLOAD-middle-1-1-GEO-44mm-clear-stack-receiver.009--export
Fra:1 Mem:100.94M (Peak 100.94M) | Time:00:00.12 | Mem:0.00M, Peak:0.00M | Scene, ViewLayer | Synchronizing object | PAYLOAD-base-GEO-44mm-clear-stack-receiver.002--export
Fra:1 Mem:100.94M (Peak 100.94M) | Time:00:00.12 | Mem:0.00M, Peak:0.00M | Scene, ViewLayer | Synchronizing object | PAYLOAD-middle-1-1-GEO-44mm-clear-stack-receiver.008--export
Fra:1 Mem:100.97M (Peak 100.97M) | Time:00:00.12 | Mem:0.00M, Peak:0.00M | Scene, ViewLayer | Synchronizing object | PAYLOAD-base-GEO-44mm-clear-stack-receiver.003--export
Fra:1 Mem:100.96M (Peak 100.97M) | Time:00:00.12 | Mem:0.00M, Peak:0.00M | Scene, ViewLayer | Synchronizing object | PAYLOAD-middle-1-1-GEO-stack-receiver-base.002--export
Fra:1 Mem:101.01M (Peak 101.01M) | Time:00:00.12 | Mem:0.00M, Peak:0.00M | Scene, ViewLayer | Synchronizing object | PAYLOAD-base-GEO-stack-receiver-base.001--export
Fra:1 Mem:101.01M (Peak 101.01M) | Time:00:00.12 | Mem:0.00M, Peak:0.00M | Scene, ViewLayer | Synchronizing object | PAYLOAD-middle-1-1-GEO-44mm-clear-stack-receiver.007--export
Fra:1 Mem:101.04M (Peak 101.04M) | Time:00:00.12 | Mem:0.00M, Peak:0.00M | Scene, ViewLayer | Synchronizing object | PAYLOAD-base-GEO-44mm-clear-stack-receiver.004--export
Fra:1 Mem:101.05M (Peak 101.05M) | Time:00:00.12 | Mem:0.00M, Peak:0.00M | Scene, ViewLayer | Synchronizing object | PAYLOAD-middle-1-1-GEO-44mm-clear-stack-receiver.006--export
Fra:1 Mem:101.06M (Peak 101.06M) | Time:00:00.12 | Mem:0.00M, Peak:0.00M | Scene, ViewLayer | Synchronizing object | PAYLOAD-base-GEO-44mm-clear-stack-receiver.005--export
Fra:1 Mem:101.09M (Peak 101.09M) | Time:00:00.12 | Mem:0.00M, Peak:0.00M | Scene, ViewLayer | Synchronizing object | PAYLOAD-middle-1-1-GEO-44mm-clear-stack-receiver.005--export
Fra:1 Mem:101.10M (Peak 101.10M) | Time:00:00.12 | Mem:0.00M, Peak:0.00M | Scene, ViewLayer | Synchronizing object | PAYLOAD-base-GEO-44mm-clear-stack-receiver.006--export
Fra:1 Mem:101.10M (Peak 101.10M) | Time:00:00.12 | Mem:0.00M, Peak:0.00M | Scene, ViewLayer | Synchronizing object | PAYLOAD-middle-1-1-GEO-44mm-clear-stack-receiver.004--export
Fra:1 Mem:101.13M (Peak 101.13M) | Time:00:00.12 | Mem:0.00M, Peak:0.00M | Scene, ViewLayer | Synchronizing object | PAYLOAD-base-GEO-44mm-clear-stack-receiver.007--export
Fra:1 Mem:101.16M (Peak 101.16M) | Time:00:00.12 | Mem:0.00M, Peak:0.00M | Scene, ViewLayer | Synchronizing object | PAYLOAD-middle-1-1-GEO-stack-receiver-base.001--export
Fra:1 Mem:101.16M (Peak 101.16M) | Time:00:00.12 | Mem:0.00M, Peak:0.00M | Scene, ViewLayer | Synchronizing object | PAYLOAD-base-GEO-stack-receiver-base.002--export
Fra:1 Mem:101.17M (Peak 101.17M) | Time:00:00.12 | Mem:0.00M, Peak:0.00M | Scene, ViewLayer | Synchronizing object | PAYLOAD-middle-1-1-GEO-44mm-clear-stack-receiver.003--export
Fra:1 Mem:101.20M (Peak 101.20M) | Time:00:00.12 | Mem:0.00M, Peak:0.00M | Scene, ViewLayer | Synchronizing object | PAYLOAD-base-GEO-44mm-clear-stack-receiver.008--export
Fra:1 Mem:101.22M (Peak 101.22M) | Time:00:00.12 | Mem:0.00M, Peak:0.00M | Scene, ViewLayer | Synchronizing object | PAYLOAD-middle-1-1-GEO-44mm-clear-stack-receiver.002--export
Fra:1 Mem:101.25M (Peak 101.25M) | Time:00:00.12 | Mem:0.00M, Peak:0.00M | Scene, ViewLayer | Synchronizing object | PAYLOAD-base-GEO-44mm-clear-stack-receiver.009--export
Fra:1 Mem:101.23M (Peak 101.25M) | Time:00:00.12 | Mem:0.00M, Peak:0.00M | Scene, ViewLayer | Synchronizing object | PAYLOAD-middle-1-1-GEO-44mm-clear-stack-receiver.001--export
Fra:1 Mem:101.28M (Peak 101.28M) | Time:00:00.12 | Mem:0.00M, Peak:0.00M | Scene, ViewLayer | Synchronizing object | PAYLOAD-base-GEO-44mm-clear-stack-receiver.010--export
Fra:1 Mem:101.26M (Peak 101.28M) | Time:00:00.12 | Mem:0.00M, Peak:0.00M | Scene, ViewLayer | Synchronizing object | PAYLOAD-middle-1-1-GEO-44mm-clear-stack-receiver--export
Fra:1 Mem:101.30M (Peak 101.30M) | Time:00:00.12 | Mem:0.00M, Peak:0.00M | Scene, ViewLayer | Synchronizing object | PAYLOAD-base-GEO-44mm-clear-stack-receiver.011--export
Fra:1 Mem:101.29M (Peak 101.30M) | Time:00:00.12 | Mem:0.00M, Peak:0.00M | Scene, ViewLayer | Synchronizing object | PAYLOAD-middle-1-1-GEO-stack-receiver-base--export
Fra:1 Mem:101.33M (Peak 101.33M) | Time:00:00.12 | Mem:0.00M, Peak:0.00M | Scene, ViewLayer | Synchronizing object | PAYLOAD-base-GEO-stack-receiver-base.003--export
Fra:1 Mem:101.33M (Peak 101.33M) | Time:00:00.12 | Mem:0.00M, Peak:0.00M | Scene, ViewLayer | Synchronizing object | PAYLOAD-middle-1-1-GEO-front-fitted-panel--export
Fra:1 Mem:101.39M (Peak 101.39M) | Time:00:00.12 | Mem:0.00M, Peak:0.00M | Scene, ViewLayer | Synchronizing object | PAYLOAD-base-GEO-44mm-clear-stack-receiver.012--export
Fra:1 Mem:101.42M (Peak 101.42M) | Time:00:00.12 | Mem:0.00M, Peak:0.00M | Scene, ViewLayer | Synchronizing object | PAYLOAD-base-GEO-44mm-clear-stack-receiver.013--export
Fra:1 Mem:101.44M (Peak 101.44M) | Time:00:00.12 | Mem:0.00M, Peak:0.00M | Scene, ViewLayer | Synchronizing object | PAYLOAD-middle-1-1-GEO-front-inset--export
Fra:1 Mem:101.46M (Peak 101.46M) | Time:00:00.12 | Mem:0.00M, Peak:0.00M | Scene, ViewLayer | Synchronizing object | PAYLOAD-base-GEO-44mm-clear-stack-receiver.014--export
Fra:1 Mem:101.51M (Peak 101.51M) | Time:00:00.12 | Mem:0.00M, Peak:0.00M | Scene, ViewLayer | Synchronizing object | PAYLOAD-base-GEO-44mm-clear-stack-receiver.015--export
Fra:1 Mem:101.51M (Peak 101.51M) | Time:00:00.12 | Mem:0.00M, Peak:0.00M | Scene, ViewLayer | Synchronizing object | PAYLOAD-middle-1-1-GEO-service-cartridge.001--export
Fra:1 Mem:101.51M (Peak 101.51M) | Time:00:00.12 | Mem:0.00M, Peak:0.00M | Scene, ViewLayer | Synchronizing object | PAYLOAD-base-GEO-marking-STA / S--export
Fra:1 Mem:101.52M (Peak 101.52M) | Time:00:00.12 | Mem:0.00M, Peak:0.00M | Scene, ViewLayer | Synchronizing object | PAYLOAD-middle-1-1-GEO-glove-grip.001--export
Fra:1 Mem:101.83M (Peak 101.83M) | Time:00:00.12 | Mem:0.00M, Peak:0.00M | Scene, ViewLayer | Synchronizing object | PAYLOAD-middle-1-1-GEO-grip-support.003--export
Fra:1 Mem:101.75M (Peak 101.83M) | Time:00:00.12 | Mem:0.00M, Peak:0.00M | Scene, ViewLayer | Synchronizing object | PAYLOAD-middle-1-1-GEO-grip-support.002--export
Fra:1 Mem:101.90M (Peak 101.90M) | Time:00:00.12 | Mem:0.00M, Peak:0.00M | Scene, ViewLayer | Synchronizing object | PAYLOAD-middle-1-1-GEO-grip-backing.001--export
Fra:1 Mem:101.92M (Peak 101.92M) | Time:00:00.12 | Mem:0.00M, Peak:0.00M | Scene, ViewLayer | Synchronizing object | PAYLOAD-middle-1-1-GEO-fitted-side-panel.001--export
Fra:1 Mem:101.81M (Peak 101.92M) | Time:00:00.12 | Mem:0.00M, Peak:0.00M | Scene, ViewLayer | Synchronizing object | PAYLOAD-base-GEO-fixed-top-frame--export
Fra:1 Mem:101.80M (Peak 101.92M) | Time:00:00.12 | Mem:0.00M, Peak:0.00M | Scene, ViewLayer | Synchronizing object | PAYLOAD-middle-1-1-GEO-side-inset-backing.001--export
Fra:1 Mem:101.80M (Peak 101.92M) | Time:00:00.12 | Mem:0.00M, Peak:0.00M | Scene, ViewLayer | Synchronizing object | PAYLOAD-base-GEO-fixed-top-frame.001--export
Fra:1 Mem:101.87M (Peak 101.92M) | Time:00:00.12 | Mem:0.00M, Peak:0.00M | Scene, ViewLayer | Synchronizing object | PAYLOAD-base-GEO-fixed-top-frame.002--export
Fra:1 Mem:101.83M (Peak 101.92M) | Time:00:00.12 | Mem:0.00M, Peak:0.00M | Scene, ViewLayer | Synchronizing object | PAYLOAD-middle-1-1-GEO-service-cartridge--export
Fra:1 Mem:101.89M (Peak 101.92M) | Time:00:00.12 | Mem:0.00M, Peak:0.00M | Scene, ViewLayer | Synchronizing object | PAYLOAD-base-GEO-fixed-top-frame.003--export
Fra:1 Mem:101.89M (Peak 101.92M) | Time:00:00.12 | Mem:0.00M, Peak:0.00M | Scene, ViewLayer | Synchronizing object | PAYLOAD-middle-1-1-GEO-glove-grip--export
Fra:1 Mem:101.97M (Peak 101.97M) | Time:00:00.12 | Mem:0.00M, Peak:0.00M | Scene, ViewLayer | Synchronizing object | PAYLOAD-base-GEO-lid-support-ledge--export
Fra:1 Mem:101.94M (Peak 101.97M) | Time:00:00.12 | Mem:0.00M, Peak:0.00M | Scene, ViewLayer | Synchronizing object | PAYLOAD-base-GEO-inset-lid-gasket--export
Fra:1 Mem:101.93M (Peak 101.97M) | Time:00:00.12 | Mem:0.00M, Peak:0.00M | Scene, ViewLayer | Synchronizing object | PAYLOAD-middle-1-1-GEO-grip-support.001--export
Fra:1 Mem:101.97M (Peak 101.97M) | Time:00:00.12 | Mem:0.00M, Peak:0.00M | Scene, ViewLayer | Synchronizing object | PAYLOAD-base-GEO-lid-support-ledge.001--export
Fra:1 Mem:101.99M (Peak 101.99M) | Time:00:00.12 | Mem:0.00M, Peak:0.00M | Scene, ViewLayer | Synchronizing object | PAYLOAD-middle-1-1-GEO-grip-support--export
Fra:1 Mem:102.01M (Peak 102.01M) | Time:00:00.12 | Mem:0.00M, Peak:0.00M | Scene, ViewLayer | Synchronizing object | PAYLOAD-base-GEO-inset-lid-gasket.001--export
Fra:1 Mem:102.04M (Peak 102.04M) | Time:00:00.12 | Mem:0.00M, Peak:0.00M | Scene, ViewLayer | Synchronizing object | PAYLOAD-middle-1-1-GEO-grip-backing--export
Fra:1 Mem:102.02M (Peak 102.04M) | Time:00:00.12 | Mem:0.00M, Peak:0.00M | Scene, ViewLayer | Synchronizing object | PAYLOAD-base-GEO-lid-support-ledge.002--export
Fra:1 Mem:102.07M (Peak 102.07M) | Time:00:00.12 | Mem:0.00M, Peak:0.00M | Scene, ViewLayer | Synchronizing object | PAYLOAD-middle-1-1-GEO-fitted-side-panel--export
Fra:1 Mem:102.05M (Peak 102.07M) | Time:00:00.12 | Mem:0.00M, Peak:0.00M | Scene, ViewLayer | Synchronizing object | PAYLOAD-base-GEO-inset-lid-gasket.002--export
Fra:1 Mem:102.15M (Peak 102.15M) | Time:00:00.12 | Mem:0.00M, Peak:0.00M | Scene, ViewLayer | Synchronizing object | PAYLOAD-base-GEO-lid-support-ledge.003--export
Fra:1 Mem:102.14M (Peak 102.15M) | Time:00:00.12 | Mem:0.00M, Peak:0.00M | Scene, ViewLayer | Synchronizing object | PAYLOAD-middle-1-1-GEO-side-inset-backing--export
Fra:1 Mem:102.13M (Peak 102.15M) | Time:00:00.12 | Mem:0.00M, Peak:0.00M | Scene, ViewLayer | Synchronizing object | PAYLOAD-base-GEO-inset-lid-gasket.003--export
Fra:1 Mem:102.22M (Peak 102.22M) | Time:00:00.12 | Mem:0.00M, Peak:0.00M | Scene, ViewLayer | Synchronizing object | PAYLOAD-base-GEO-lid-latch-connecting-bridge--export
Fra:1 Mem:102.21M (Peak 102.22M) | Time:00:00.12 | Mem:0.00M, Peak:0.00M | Scene, ViewLayer | Synchronizing object | PAYLOAD-middle-1-1-GEO-rear-hinge-pin.001--export
Fra:1 Mem:102.29M (Peak 102.29M) | Time:00:00.12 | Mem:0.00M, Peak:0.00M | Scene, ViewLayer | Synchronizing object | PAYLOAD-base-GEO-lid-latch-connecting-bridge.001--export
Fra:1 Mem:102.26M (Peak 102.29M) | Time:00:00.12 | Mem:0.00M, Peak:0.00M | Scene, ViewLayer | Synchronizing object | PAYLOAD-middle-1-1-GEO-rear-hinge-pin--export
Fra:1 Mem:102.24M (Peak 102.29M) | Time:00:00.12 | Mem:0.00M, Peak:0.00M | Scene, ViewLayer | Synchronizing object | PAYLOAD-base-GEO-fixed-rear-hinge-saddle--export
Fra:1 Mem:102.29M (Peak 102.29M) | Time:00:00.12 | Mem:0.00M, Peak:0.00M | Scene, ViewLayer | Synchronizing object | PAYLOAD-middle-1-1-GEO-lid-toggle.001--export
Fra:1 Mem:102.32M (Peak 102.32M) | Time:00:00.12 | Mem:0.00M, Peak:0.00M | Scene, ViewLayer | Synchronizing object | PAYLOAD-base-GEO-fixed-rear-hinge-saddle.001--export
Fra:1 Mem:102.34M (Peak 102.34M) | Time:00:00.12 | Mem:0.00M, Peak:0.00M | Scene, ViewLayer | Synchronizing object | PAYLOAD-middle-1-1-GEO-lid-latch-leaf.001--export
Fra:1 Mem:102.34M (Peak 102.34M) | Time:00:00.12 | Mem:0.00M, Peak:0.00M | Scene, ViewLayer | Synchronizing object | PAYLOAD-middle-1-1-GEO-lid-toggle--export
Fra:1 Mem:102.34M (Peak 102.34M) | Time:00:00.12 | Mem:0.00M, Peak:0.00M | Scene, ViewLayer | Synchronizing object | PAYLOAD-base-GEO-fixed-rear-hinge-saddle.002--export
Fra:1 Mem:102.40M (Peak 102.40M) | Time:00:00.12 | Mem:0.00M, Peak:0.00M | Scene, ViewLayer | Synchronizing object | PAYLOAD-middle-1-1-GEO-lid-latch-leaf--export
Fra:1 Mem:102.38M (Peak 102.40M) | Time:00:00.12 | Mem:0.00M, Peak:0.00M | Scene, ViewLayer | Synchronizing object | PAYLOAD-base-GEO-fixed-rear-hinge-saddle.003--export
Fra:1 Mem:102.40M (Peak 102.40M) | Time:00:00.12 | Mem:0.00M, Peak:0.00M | Scene, ViewLayer | Synchronizing object | PAYLOAD-middle-0-0-GEO-load-skid--export
Fra:1 Mem:102.42M (Peak 102.42M) | Time:00:00.13 | Mem:0.00M, Peak:0.00M | Scene, ViewLayer | Synchronizing object | PAYLOAD-middle-0-0-GEO-load-skid.001--export
Fra:1 Mem:102.44M (Peak 102.44M) | Time:00:00.13 | Mem:0.00M, Peak:0.00M | Scene, ViewLayer | Synchronizing object | PAYLOAD-middle-0-0-GEO-crossmember--export
Fra:1 Mem:102.47M (Peak 102.47M) | Time:00:00.13 | Mem:0.00M, Peak:0.00M | Scene, ViewLayer | Synchronizing object | PAYLOAD-middle-0-0-GEO-crossmember.001--export
Fra:1 Mem:102.48M (Peak 102.48M) | Time:00:00.13 | Mem:0.00M, Peak:0.00M | Scene, ViewLayer | Synchronizing object | PAYLOAD-middle-1-1-GEO-lid-cap-end-step.001--export
Fra:1 Mem:102.49M (Peak 102.49M) | Time:00:00.13 | Mem:0.00M, Peak:0.00M | Scene, ViewLayer | Synchronizing object | PAYLOAD-middle-0-0-GEO-40mm-locating-foot--export
Fra:1 Mem:102.52M (Peak 102.52M) | Time:00:00.13 | Mem:0.00M, Peak:0.00M | Scene, ViewLayer | Synchronizing object | PAYLOAD-middle-1-1-GEO-lid-cap-end-step--export
Fra:1 Mem:102.54M (Peak 102.54M) | Time:00:00.13 | Mem:0.00M, Peak:0.00M | Scene, ViewLayer | Synchronizing object | PAYLOAD-middle-0-0-GEO-40mm-locating-foot.001--export
Fra:1 Mem:102.56M (Peak 102.56M) | Time:00:00.13 | Mem:0.00M, Peak:0.00M | Scene, ViewLayer | Synchronizing object | PAYLOAD-middle-1-1-GEO-lid-fitted-cap--export
Fra:1 Mem:102.59M (Peak 102.59M) | Time:00:00.13 | Mem:0.00M, Peak:0.00M | Scene, ViewLayer | Synchronizing object | PAYLOAD-middle-0-0-GEO-40mm-locating-foot.002--export
Fra:1 Mem:102.60M (Peak 102.60M) | Time:00:00.13 | Mem:0.00M, Peak:0.00M | Scene, ViewLayer | Synchronizing object | PAYLOAD-middle-1-1-GEO-lid-recess-base--export
Fra:1 Mem:102.62M (Peak 102.62M) | Time:00:00.13 | Mem:0.00M, Peak:0.00M | Scene, ViewLayer | Synchronizing object | PAYLOAD-middle-0-0-GEO-40mm-locating-foot.003--export
Fra:1 Mem:102.62M (Peak 102.62M) | Time:00:00.13 | Mem:0.00M, Peak:0.00M | Scene, ViewLayer | Synchronizing object | PAYLOAD-middle-1-1-GEO-lid-shoulder-band.001--export
Fra:1 Mem:102.66M (Peak 102.66M) | Time:00:00.13 | Mem:0.00M, Peak:0.00M | Scene, ViewLayer | Synchronizing object | PAYLOAD-middle-0-0-GEO-sealed-floor--export
Fra:1 Mem:102.64M (Peak 102.66M) | Time:00:00.13 | Mem:0.00M, Peak:0.00M | Scene, ViewLayer | Synchronizing object | PAYLOAD-middle-1-1-GEO-lid-shoulder-band--export
Fra:1 Mem:102.69M (Peak 102.69M) | Time:00:00.13 | Mem:0.00M, Peak:0.00M | Scene, ViewLayer | Synchronizing object | PAYLOAD-middle-0-0-GEO-closed-side-wall--export
Fra:1 Mem:102.67M (Peak 102.69M) | Time:00:00.13 | Mem:0.00M, Peak:0.00M | Scene, ViewLayer | Synchronizing object | PAYLOAD-middle-1-1-GEO-opening-layered-lid--export
Fra:1 Mem:102.73M (Peak 102.73M) | Time:00:00.13 | Mem:0.00M, Peak:0.00M | Scene, ViewLayer | Synchronizing object | PAYLOAD-middle-0-0-GEO-closed-side-wall.001--export
Fra:1 Mem:102.71M (Peak 102.73M) | Time:00:00.13 | Mem:0.00M, Peak:0.00M | Scene, ViewLayer | Synchronizing object | PAYLOAD-middle-1-1-GEO-stepped-corner-armor.007--export
Fra:1 Mem:102.76M (Peak 102.76M) | Time:00:00.13 | Mem:0.00M, Peak:0.00M | Scene, ViewLayer | Synchronizing object | PAYLOAD-middle-0-0-GEO-closed-rear-wall--export
Fra:1 Mem:102.74M (Peak 102.76M) | Time:00:00.13 | Mem:0.00M, Peak:0.00M | Scene, ViewLayer | Synchronizing object | PAYLOAD-middle-1-1-GEO-stepped-corner-armor.006--export
Fra:1 Mem:102.79M (Peak 102.79M) | Time:00:00.13 | Mem:0.00M, Peak:0.00M | Scene, ViewLayer | Synchronizing object | PAYLOAD-middle-0-0-GEO-closed-front-wall--export
Fra:1 Mem:102.77M (Peak 102.79M) | Time:00:00.13 | Mem:0.00M, Peak:0.00M | Scene, ViewLayer | Synchronizing object | PAYLOAD-middle-1-1-GEO-corner-load-column.003--export
Fra:1 Mem:102.83M (Peak 102.83M) | Time:00:00.13 | Mem:0.00M, Peak:0.00M | Scene, ViewLayer | Synchronizing object | PAYLOAD-middle-1-1-GEO-stepped-corner-armor.005--export
Fra:1 Mem:102.83M (Peak 102.83M) | Time:00:00.13 | Mem:0.00M, Peak:0.00M | Scene, ViewLayer | Synchronizing object | PAYLOAD-middle-0-0-GEO-corner-load-column--export
Fra:1 Mem:102.85M (Peak 102.85M) | Time:00:00.13 | Mem:0.00M, Peak:0.00M | Scene, ViewLayer | Synchronizing object | PAYLOAD-middle-1-1-GEO-stepped-corner-armor.004--export
Fra:1 Mem:102.88M (Peak 102.88M) | Time:00:00.13 | Mem:0.00M, Peak:0.00M | Scene, ViewLayer | Synchronizing object | PAYLOAD-middle-0-0-GEO-stepped-corner-armor--export
Fra:1 Mem:102.86M (Peak 102.88M) | Time:00:00.13 | Mem:0.00M, Peak:0.00M | Scene, ViewLayer | Synchronizing object | PAYLOAD-middle-1-1-GEO-corner-load-column.002--export
Fra:1 Mem:102.91M (Peak 102.91M) | Time:00:00.13 | Mem:0.00M, Peak:0.00M | Scene, ViewLayer | Synchronizing object | PAYLOAD-middle-0-0-GEO-stepped-corner-armor.001--export
Fra:1 Mem:102.90M (Peak 102.91M) | Time:00:00.13 | Mem:0.00M, Peak:0.00M | Scene, ViewLayer | Synchronizing object | PAYLOAD-middle-1-1-GEO-stepped-corner-armor.003--export
Fra:1 Mem:102.94M (Peak 102.94M) | Time:00:00.13 | Mem:0.00M, Peak:0.00M | Scene, ViewLayer | Synchronizing object | PAYLOAD-middle-0-0-GEO-corner-load-column.001--export
Fra:1 Mem:102.95M (Peak 102.95M) | Time:00:00.13 | Mem:0.00M, Peak:0.00M | Scene, ViewLayer | Synchronizing object | PAYLOAD-middle-1-1-GEO-stepped-corner-armor.002--export
Fra:1 Mem:102.98M (Peak 102.98M) | Time:00:00.13 | Mem:0.00M, Peak:0.00M | Scene, ViewLayer | Synchronizing object | PAYLOAD-middle-0-0-GEO-stepped-corner-armor.002--export
Fra:1 Mem:102.99M (Peak 102.99M) | Time:00:00.13 | Mem:0.00M, Peak:0.00M | Scene, ViewLayer | Synchronizing object | PAYLOAD-middle-1-1-GEO-corner-load-column.001--export
Fra:1 Mem:103.02M (Peak 103.02M) | Time:00:00.13 | Mem:0.00M, Peak:0.00M | Scene, ViewLayer | Synchronizing object | PAYLOAD-middle-0-0-GEO-stepped-corner-armor.003--export
Fra:1 Mem:103.02M (Peak 103.02M) | Time:00:00.13 | Mem:0.00M, Peak:0.00M | Scene, ViewLayer | Synchronizing object | PAYLOAD-middle-1-1-GEO-stepped-corner-armor.001--export
Fra:1 Mem:103.05M (Peak 103.05M) | Time:00:00.13 | Mem:0.00M, Peak:0.00M | Scene, ViewLayer | Synchronizing object | PAYLOAD-middle-0-0-GEO-corner-load-column.002--export
Fra:1 Mem:103.03M (Peak 103.05M) | Time:00:00.13 | Mem:0.00M, Peak:0.00M | Scene, ViewLayer | Synchronizing object | PAYLOAD-middle-1-1-GEO-stepped-corner-armor--export
Fra:1 Mem:103.08M (Peak 103.08M) | Time:00:00.13 | Mem:0.00M, Peak:0.00M | Scene, ViewLayer | Synchronizing object | PAYLOAD-middle-0-0-GEO-stepped-corner-armor.004--export
Fra:1 Mem:103.06M (Peak 103.08M) | Time:00:00.13 | Mem:0.00M, Peak:0.00M | Scene, ViewLayer | Synchronizing object | PAYLOAD-middle-1-1-GEO-corner-load-column--export
Fra:1 Mem:103.11M (Peak 103.11M) | Time:00:00.13 | Mem:0.00M, Peak:0.00M | Scene, ViewLayer | Synchronizing object | PAYLOAD-middle-0-0-GEO-stepped-corner-armor.005--export
Fra:1 Mem:103.10M (Peak 103.11M) | Time:00:00.13 | Mem:0.00M, Peak:0.00M | Scene, ViewLayer | Synchronizing object | PAYLOAD-middle-1-1-GEO-closed-front-wall--export
Fra:1 Mem:103.15M (Peak 103.15M) | Time:00:00.13 | Mem:0.00M, Peak:0.00M | Scene, ViewLayer | Synchronizing object | PAYLOAD-middle-0-0-GEO-corner-load-column.003--export
Fra:1 Mem:103.13M (Peak 103.15M) | Time:00:00.13 | Mem:0.00M, Peak:0.00M | Scene, ViewLayer | Synchronizing object | PAYLOAD-middle-1-1-GEO-closed-rear-wall--export
Fra:1 Mem:103.19M (Peak 103.19M) | Time:00:00.13 | Mem:0.00M, Peak:0.00M | Scene, ViewLayer | Synchronizing object | PAYLOAD-middle-0-0-GEO-stepped-corner-armor.006--export
Fra:1 Mem:103.17M (Peak 103.19M) | Time:00:00.13 | Mem:0.00M, Peak:0.00M | Scene, ViewLayer | Synchronizing object | PAYLOAD-middle-1-1-GEO-closed-side-wall.001--export
Fra:1 Mem:103.22M (Peak 103.22M) | Time:00:00.13 | Mem:0.00M, Peak:0.00M | Scene, ViewLayer | Synchronizing object | PAYLOAD-middle-0-0-GEO-stepped-corner-armor.007--export
Fra:1 Mem:103.22M (Peak 103.22M) | Time:00:00.13 | Mem:0.00M, Peak:0.00M | Scene, ViewLayer | Synchronizing object | PAYLOAD-middle-1-1-GEO-closed-side-wall--export
Fra:1 Mem:103.25M (Peak 103.25M) | Time:00:00.13 | Mem:0.00M, Peak:0.00M | Scene, ViewLayer | Synchronizing object | PAYLOAD-middle-0-0-GEO-opening-layered-lid--export
Fra:1 Mem:103.23M (Peak 103.25M) | Time:00:00.13 | Mem:0.00M, Peak:0.00M | Scene, ViewLayer | Synchronizing object | PAYLOAD-middle-1-1-GEO-sealed-floor--export
Fra:1 Mem:103.27M (Peak 103.27M) | Time:00:00.13 | Mem:0.00M, Peak:0.00M | Scene, ViewLayer | Synchronizing object | PAYLOAD-middle-0-0-GEO-lid-shoulder-band--export
Fra:1 Mem:103.27M (Peak 103.27M) | Time:00:00.13 | Mem:0.00M, Peak:0.00M | Scene, ViewLayer | Synchronizing object | PAYLOAD-middle-1-1-GEO-40mm-locating-foot.003--export
Fra:1 Mem:103.32M (Peak 103.32M) | Time:00:00.13 | Mem:0.00M, Peak:0.00M | Scene, ViewLayer | Synchronizing object | PAYLOAD-middle-1-1-GEO-40mm-locating-foot.002--export
Fra:1 Mem:103.33M (Peak 103.33M) | Time:00:00.13 | Mem:0.00M, Peak:0.00M | Scene, ViewLayer | Synchronizing object | PAYLOAD-middle-0-0-GEO-lid-shoulder-band.001--export
Fra:1 Mem:103.34M (Peak 103.34M) | Time:00:00.13 | Mem:0.00M, Peak:0.00M | Scene, ViewLayer | Synchronizing object | PAYLOAD-middle-1-1-GEO-40mm-locating-foot.001--export
Fra:1 Mem:103.35M (Peak 103.35M) | Time:00:00.13 | Mem:0.00M, Peak:0.00M | Scene, ViewLayer | Synchronizing object | PAYLOAD-middle-0-0-GEO-lid-recess-base--export
Fra:1 Mem:103.35M (Peak 103.35M) | Time:00:00.13 | Mem:0.00M, Peak:0.00M | Scene, ViewLayer | Synchronizing object | PAYLOAD-middle-1-1-GEO-40mm-locating-foot--export
Fra:1 Mem:103.41M (Peak 103.41M) | Time:00:00.13 | Mem:0.00M, Peak:0.00M | Scene, ViewLayer | Synchronizing object | PAYLOAD-middle-0-0-GEO-lid-fitted-cap--export
Fra:1 Mem:103.39M (Peak 103.41M) | Time:00:00.13 | Mem:0.00M, Peak:0.00M | Scene, ViewLayer | Synchronizing object | PAYLOAD-middle-1-1-GEO-crossmember.001--export
Fra:1 Mem:103.44M (Peak 103.44M) | Time:00:00.13 | Mem:0.00M, Peak:0.00M | Scene, ViewLayer | Synchronizing object | PAYLOAD-middle-0-0-GEO-lid-cap-end-step--export
Fra:1 Mem:103.46M (Peak 103.46M) | Time:00:00.13 | Mem:0.00M, Peak:0.00M | Scene, ViewLayer | Synchronizing object | PAYLOAD-middle-1-1-GEO-crossmember--export
Fra:1 Mem:103.48M (Peak 103.48M) | Time:00:00.13 | Mem:0.00M, Peak:0.00M | Scene, ViewLayer | Synchronizing object | PAYLOAD-middle-0-0-GEO-lid-cap-end-step.001--export
Fra:1 Mem:103.46M (Peak 103.48M) | Time:00:00.13 | Mem:0.00M, Peak:0.00M | Scene, ViewLayer | Synchronizing object | PAYLOAD-middle-1-1-GEO-load-skid.001--export
Fra:1 Mem:103.51M (Peak 103.51M) | Time:00:00.13 | Mem:0.00M, Peak:0.00M | Scene, ViewLayer | Synchronizing object | PAYLOAD-middle-1-1-GEO-load-skid--export
Fra:1 Mem:103.49M (Peak 103.51M) | Time:00:00.13 | Mem:0.00M, Peak:0.00M | Scene, ViewLayer | Synchronizing object | PAYLOAD-middle-0-0-GEO-lid-latch-leaf--export
Fra:1 Mem:103.54M (Peak 103.54M) | Time:00:00.13 | Mem:0.00M, Peak:0.00M | Scene, ViewLayer | Synchronizing object | PAYLOAD-middle-1-0-GEO-fixed-rear-hinge-saddle.003--export
Fra:1 Mem:103.52M (Peak 103.54M) | Time:00:00.13 | Mem:0.00M, Peak:0.00M | Scene, ViewLayer | Synchronizing object | PAYLOAD-middle-0-0-GEO-lid-toggle--export
Fra:1 Mem:103.58M (Peak 103.58M) | Time:00:00.13 | Mem:0.00M, Peak:0.00M | Scene, ViewLayer | Synchronizing object | PAYLOAD-middle-1-0-GEO-fixed-rear-hinge-saddle.002--export
Fra:1 Mem:103.56M (Peak 103.58M) | Time:00:00.13 | Mem:0.00M, Peak:0.00M | Scene, ViewLayer | Synchronizing object | PAYLOAD-middle-0-0-GEO-lid-latch-leaf.001--export
Fra:1 Mem:103.59M (Peak 103.59M) | Time:00:00.13 | Mem:0.00M, Peak:0.00M | Scene, ViewLayer | Synchronizing object | PAYLOAD-middle-1-0-GEO-fixed-rear-hinge-saddle.001--export
Fra:1 Mem:103.59M (Peak 103.59M) | Time:00:00.13 | Mem:0.00M, Peak:0.00M | Scene, ViewLayer | Synchronizing object | PAYLOAD-middle-0-0-GEO-lid-toggle.001--export
Fra:1 Mem:103.63M (Peak 103.63M) | Time:00:00.13 | Mem:0.00M, Peak:0.00M | Scene, ViewLayer | Synchronizing object | PAYLOAD-middle-1-0-GEO-fixed-rear-hinge-saddle--export
Fra:1 Mem:103.63M (Peak 103.63M) | Time:00:00.13 | Mem:0.00M, Peak:0.00M | Scene, ViewLayer | Synchronizing object | PAYLOAD-middle-0-0-GEO-rear-hinge-pin--export
Fra:1 Mem:103.72M (Peak 103.72M) | Time:00:00.13 | Mem:0.00M, Peak:0.00M | Scene, ViewLayer | Synchronizing object | PAYLOAD-middle-1-0-GEO-lid-latch-connecting-bridge.001--export
Fra:1 Mem:103.74M (Peak 103.74M) | Time:00:00.13 | Mem:0.00M, Peak:0.00M | Scene, ViewLayer | Synchronizing object | PAYLOAD-middle-1-0-GEO-lid-latch-connecting-bridge--export
Fra:1 Mem:103.73M (Peak 103.74M) | Time:00:00.13 | Mem:0.00M, Peak:0.00M | Scene, ViewLayer | Synchronizing object | PAYLOAD-middle-0-0-GEO-rear-hinge-pin.001--export
Fra:1 Mem:103.79M (Peak 103.79M) | Time:00:00.13 | Mem:0.00M, Peak:0.00M | Scene, ViewLayer | Synchronizing object | PAYLOAD-middle-1-0-GEO-inset-lid-gasket.003--export
Fra:1 Mem:103.81M (Peak 103.81M) | Time:00:00.13 | Mem:0.00M, Peak:0.00M | Scene, ViewLayer | Synchronizing object | PAYLOAD-middle-1-0-GEO-lid-support-ledge.003--export
Fra:1 Mem:103.80M (Peak 103.81M) | Time:00:00.13 | Mem:0.00M, Peak:0.00M | Scene, ViewLayer | Synchronizing object | PAYLOAD-middle-0-0-GEO-side-inset-backing--export
Fra:1 Mem:103.83M (Peak 103.83M) | Time:00:00.13 | Mem:0.00M, Peak:0.00M | Scene, ViewLayer | Synchronizing object | PAYLOAD-middle-1-0-GEO-inset-lid-gasket.002--export
Fra:1 Mem:103.88M (Peak 103.88M) | Time:00:00.13 | Mem:0.00M, Peak:0.00M | Scene, ViewLayer | Synchronizing object | PAYLOAD-middle-1-0-GEO-lid-support-ledge.002--export
Fra:1 Mem:103.87M (Peak 103.88M) | Time:00:00.13 | Mem:0.00M, Peak:0.00M | Scene, ViewLayer | Synchronizing object | PAYLOAD-middle-0-0-GEO-fitted-side-panel--export
Fra:1 Mem:103.86M (Peak 103.88M) | Time:00:00.13 | Mem:0.00M, Peak:0.00M | Scene, ViewLayer | Synchronizing object | PAYLOAD-middle-1-0-GEO-inset-lid-gasket.001--export
Fra:1 Mem:103.94M (Peak 103.94M) | Time:00:00.13 | Mem:0.00M, Peak:0.00M | Scene, ViewLayer | Synchronizing object | PAYLOAD-middle-1-0-GEO-lid-support-ledge.001--export
Fra:1 Mem:103.91M (Peak 103.94M) | Time:00:00.13 | Mem:0.00M, Peak:0.00M | Scene, ViewLayer | Synchronizing object | PAYLOAD-middle-0-0-GEO-grip-backing--export
Fra:1 Mem:103.92M (Peak 103.94M) | Time:00:00.13 | Mem:0.00M, Peak:0.00M | Scene, ViewLayer | Synchronizing object | PAYLOAD-middle-1-0-GEO-inset-lid-gasket--export
Fra:1 Mem:103.97M (Peak 103.97M) | Time:00:00.13 | Mem:0.00M, Peak:0.00M | Scene, ViewLayer | Synchronizing object | PAYLOAD-middle-0-0-GEO-grip-support--export
Fra:1 Mem:103.96M (Peak 103.97M) | Time:00:00.13 | Mem:0.00M, Peak:0.00M | Scene, ViewLayer | Synchronizing object | PAYLOAD-middle-1-0-GEO-lid-support-ledge--export
Fra:1 Mem:103.97M (Peak 103.97M) | Time:00:00.13 | Mem:0.00M, Peak:0.00M | Scene, ViewLayer | Synchronizing object | PAYLOAD-middle-0-0-GEO-grip-support.001--export
Fra:1 Mem:104.02M (Peak 104.02M) | Time:00:00.13 | Mem:0.00M, Peak:0.00M | Scene, ViewLayer | Synchronizing object | PAYLOAD-middle-0-0-GEO-glove-grip--export
Fra:1 Mem:104.01M (Peak 104.02M) | Time:00:00.13 | Mem:0.00M, Peak:0.00M | Scene, ViewLayer | Synchronizing object | PAYLOAD-middle-1-0-GEO-fixed-top-frame.003--export
Fra:1 Mem:104.09M (Peak 104.09M) | Time:00:00.13 | Mem:0.00M, Peak:0.00M | Scene, ViewLayer | Synchronizing object | PAYLOAD-middle-1-0-GEO-fixed-top-frame.002--export
Fra:1 Mem:104.11M (Peak 104.11M) | Time:00:00.13 | Mem:0.00M, Peak:0.00M | Scene, ViewLayer | Synchronizing object | PAYLOAD-middle-1-0-GEO-fixed-top-frame.001--export
Fra:1 Mem:104.13M (Peak 104.13M) | Time:00:00.13 | Mem:0.00M, Peak:0.00M | Scene, ViewLayer | Synchronizing object | PAYLOAD-middle-1-0-GEO-fixed-top-frame--export
Fra:1 Mem:104.15M (Peak 104.15M) | Time:00:00.13 | Mem:0.00M, Peak:0.00M | Scene, ViewLayer | Synchronizing object | PAYLOAD-middle-1-0-GEO-marking-STA / S--export
Fra:1 Mem:104.13M (Peak 104.15M) | Time:00:00.13 | Mem:0.00M, Peak:0.00M | Scene, ViewLayer | Synchronizing object | PAYLOAD-middle-0-0-GEO-service-cartridge--export
Fra:1 Mem:104.36M (Peak 104.36M) | Time:00:00.13 | Mem:0.00M, Peak:0.00M | Scene, ViewLayer | Synchronizing object | PAYLOAD-middle-0-0-GEO-side-inset-backing.001--export
Fra:1 Mem:104.34M (Peak 104.36M) | Time:00:00.13 | Mem:0.00M, Peak:0.00M | Scene, ViewLayer | Synchronizing object | PAYLOAD-middle-0-0-GEO-fitted-side-panel.001--export
Fra:1 Mem:104.52M (Peak 104.52M) | Time:00:00.13 | Mem:0.00M, Peak:0.00M | Scene, ViewLayer | Synchronizing object | PAYLOAD-middle-0-0-GEO-grip-backing.001--export
Fra:1 Mem:104.44M (Peak 104.52M) | Time:00:00.13 | Mem:0.00M, Peak:0.00M | Scene, ViewLayer | Synchronizing object | PAYLOAD-middle-0-0-GEO-grip-support.002--export
Fra:1 Mem:104.38M (Peak 104.52M) | Time:00:00.13 | Mem:0.00M, Peak:0.00M | Scene, ViewLayer | Synchronizing object | PAYLOAD-middle-1-0-GEO-44mm-clear-stack-receiver.015--export
Fra:1 Mem:104.39M (Peak 104.52M) | Time:00:00.13 | Mem:0.00M, Peak:0.00M | Scene, ViewLayer | Synchronizing object | PAYLOAD-middle-0-0-GEO-grip-support.003--export
Fra:1 Mem:104.41M (Peak 104.52M) | Time:00:00.13 | Mem:0.00M, Peak:0.00M | Scene, ViewLayer | Synchronizing object | PAYLOAD-middle-1-0-GEO-44mm-clear-stack-receiver.014--export
Fra:1 Mem:104.42M (Peak 104.52M) | Time:00:00.13 | Mem:0.00M, Peak:0.00M | Scene, ViewLayer | Synchronizing object | PAYLOAD-middle-0-0-GEO-glove-grip.001--export
Fra:1 Mem:104.49M (Peak 104.52M) | Time:00:00.13 | Mem:0.00M, Peak:0.00M | Scene, ViewLayer | Synchronizing object | PAYLOAD-middle-1-0-GEO-44mm-clear-stack-receiver.013--export
Fra:1 Mem:104.49M (Peak 104.52M) | Time:00:00.13 | Mem:0.00M, Peak:0.00M | Scene, ViewLayer | Synchronizing object | PAYLOAD-middle-1-0-GEO-44mm-clear-stack-receiver.012--export
Fra:1 Mem:104.50M (Peak 104.52M) | Time:00:00.13 | Mem:0.00M, Peak:0.00M | Scene, ViewLayer | Synchronizing object | PAYLOAD-middle-0-0-GEO-service-cartridge.001--export
Fra:1 Mem:104.51M (Peak 104.52M) | Time:00:00.13 | Mem:0.00M, Peak:0.00M | Scene, ViewLayer | Synchronizing object | PAYLOAD-middle-1-0-GEO-stack-receiver-base.003--export
Fra:1 Mem:104.54M (Peak 104.54M) | Time:00:00.13 | Mem:0.00M, Peak:0.00M | Scene, ViewLayer | Synchronizing object | PAYLOAD-middle-0-0-GEO-front-inset--export
Fra:1 Mem:104.52M (Peak 104.54M) | Time:00:00.13 | Mem:0.00M, Peak:0.00M | Scene, ViewLayer | Synchronizing object | PAYLOAD-middle-1-0-GEO-44mm-clear-stack-receiver.011--export
Fra:1 Mem:104.61M (Peak 104.61M) | Time:00:00.13 | Mem:0.00M, Peak:0.00M | Scene, ViewLayer | Synchronizing object | PAYLOAD-middle-1-0-GEO-44mm-clear-stack-receiver.010--export
Fra:1 Mem:104.61M (Peak 104.61M) | Time:00:00.13 | Mem:0.00M, Peak:0.00M | Scene, ViewLayer | Synchronizing object | PAYLOAD-middle-0-0-GEO-front-fitted-panel--export
Fra:1 Mem:104.59M (Peak 104.61M) | Time:00:00.13 | Mem:0.00M, Peak:0.00M | Scene, ViewLayer | Synchronizing object | PAYLOAD-middle-1-0-GEO-44mm-clear-stack-receiver.009--export
Fra:1 Mem:104.68M (Peak 104.68M) | Time:00:00.13 | Mem:0.00M, Peak:0.00M | Scene, ViewLayer | Synchronizing object | PAYLOAD-middle-1-0-GEO-44mm-clear-stack-receiver.008--export
Fra:1 Mem:104.66M (Peak 104.68M) | Time:00:00.13 | Mem:0.00M, Peak:0.00M | Scene, ViewLayer | Synchronizing object | PAYLOAD-middle-0-0-GEO-stack-receiver-base--export
Fra:1 Mem:104.69M (Peak 104.69M) | Time:00:00.13 | Mem:0.00M, Peak:0.00M | Scene, ViewLayer | Synchronizing object | PAYLOAD-middle-1-0-GEO-stack-receiver-base.002--export
Fra:1 Mem:104.71M (Peak 104.71M) | Time:00:00.13 | Mem:0.00M, Peak:0.00M | Scene, ViewLayer | Synchronizing object | PAYLOAD-middle-0-0-GEO-44mm-clear-stack-receiver--export
Fra:1 Mem:104.72M (Peak 104.72M) | Time:00:00.13 | Mem:0.00M, Peak:0.00M | Scene, ViewLayer | Synchronizing object | PAYLOAD-middle-1-0-GEO-44mm-clear-stack-receiver.007--export
Fra:1 Mem:104.75M (Peak 104.75M) | Time:00:00.13 | Mem:0.00M, Peak:0.00M | Scene, ViewLayer | Synchronizing object | PAYLOAD-middle-0-0-GEO-44mm-clear-stack-receiver.001--export
Fra:1 Mem:104.75M (Peak 104.75M) | Time:00:00.13 | Mem:0.00M, Peak:0.00M | Scene, ViewLayer | Synchronizing object | PAYLOAD-middle-1-0-GEO-44mm-clear-stack-receiver.006--export
Fra:1 Mem:104.78M (Peak 104.78M) | Time:00:00.13 | Mem:0.00M, Peak:0.00M | Scene, ViewLayer | Synchronizing object | PAYLOAD-middle-0-0-GEO-44mm-clear-stack-receiver.002--export
Fra:1 Mem:104.77M (Peak 104.78M) | Time:00:00.13 | Mem:0.00M, Peak:0.00M | Scene, ViewLayer | Synchronizing object | PAYLOAD-middle-1-0-GEO-44mm-clear-stack-receiver.005--export
Fra:1 Mem:104.82M (Peak 104.82M) | Time:00:00.13 | Mem:0.00M, Peak:0.00M | Scene, ViewLayer | Synchronizing object | PAYLOAD-middle-0-0-GEO-44mm-clear-stack-receiver.003--export
Fra:1 Mem:104.81M (Peak 104.82M) | Time:00:00.13 | Mem:0.00M, Peak:0.00M | Scene, ViewLayer | Synchronizing object | PAYLOAD-middle-1-0-GEO-44mm-clear-stack-receiver.004--export
Fra:1 Mem:104.85M (Peak 104.85M) | Time:00:00.13 | Mem:0.00M, Peak:0.00M | Scene, ViewLayer | Synchronizing object | PAYLOAD-middle-0-0-GEO-stack-receiver-base.001--export
Fra:1 Mem:104.83M (Peak 104.85M) | Time:00:00.13 | Mem:0.00M, Peak:0.00M | Scene, ViewLayer | Synchronizing object | PAYLOAD-middle-1-0-GEO-stack-receiver-base.001--export
Fra:1 Mem:104.85M (Peak 104.85M) | Time:00:00.13 | Mem:0.00M, Peak:0.00M | Scene, ViewLayer | Synchronizing object | PAYLOAD-middle-1-0-GEO-44mm-clear-stack-receiver.003--export
Fra:1 Mem:104.87M (Peak 104.87M) | Time:00:00.13 | Mem:0.00M, Peak:0.00M | Scene, ViewLayer | Synchronizing object | PAYLOAD-middle-1-0-GEO-44mm-clear-stack-receiver.002--export
Fra:1 Mem:104.89M (Peak 104.89M) | Time:00:00.13 | Mem:0.00M, Peak:0.00M | Scene, ViewLayer | Synchronizing object | PAYLOAD-middle-1-0-GEO-44mm-clear-stack-receiver.001--export
Fra:1 Mem:104.93M (Peak 104.93M) | Time:00:00.13 | Mem:0.00M, Peak:0.00M | Scene, ViewLayer | Synchronizing object | PAYLOAD-middle-1-0-GEO-44mm-clear-stack-receiver--export
Fra:1 Mem:104.95M (Peak 104.95M) | Time:00:00.13 | Mem:0.00M, Peak:0.00M | Scene, ViewLayer | Synchronizing object | PAYLOAD-middle-0-0-GEO-44mm-clear-stack-receiver.004--export
Fra:1 Mem:104.97M (Peak 104.97M) | Time:00:00.13 | Mem:0.00M, Peak:0.00M | Scene, ViewLayer | Synchronizing object | PAYLOAD-middle-1-0-GEO-stack-receiver-base--export
Fra:1 Mem:104.97M (Peak 104.97M) | Time:00:00.13 | Mem:0.00M, Peak:0.00M | Scene, ViewLayer | Synchronizing object | PAYLOAD-middle-0-0-GEO-44mm-clear-stack-receiver.005--export
Fra:1 Mem:104.99M (Peak 104.99M) | Time:00:00.13 | Mem:0.00M, Peak:0.00M | Scene, ViewLayer | Synchronizing object | PAYLOAD-middle-1-0-GEO-front-fitted-panel--export
Fra:1 Mem:105.03M (Peak 105.03M) | Time:00:00.13 | Mem:0.00M, Peak:0.00M | Scene, ViewLayer | Synchronizing object | PAYLOAD-middle-0-0-GEO-44mm-clear-stack-receiver.006--export
Fra:1 Mem:105.08M (Peak 105.08M) | Time:00:00.13 | Mem:0.00M, Peak:0.00M | Scene, ViewLayer | Synchronizing object | PAYLOAD-middle-0-0-GEO-44mm-clear-stack-receiver.007--export
Fra:1 Mem:105.06M (Peak 105.08M) | Time:00:00.13 | Mem:0.00M, Peak:0.00M | Scene, ViewLayer | Synchronizing object | PAYLOAD-middle-1-0-GEO-front-inset--export
Fra:1 Mem:105.10M (Peak 105.10M) | Time:00:00.13 | Mem:0.00M, Peak:0.00M | Scene, ViewLayer | Synchronizing object | PAYLOAD-middle-0-0-GEO-stack-receiver-base.002--export
Fra:1 Mem:105.11M (Peak 105.11M) | Time:00:00.13 | Mem:0.00M, Peak:0.00M | Scene, ViewLayer | Synchronizing object | PAYLOAD-middle-1-0-GEO-service-cartridge.001--export
Fra:1 Mem:105.14M (Peak 105.14M) | Time:00:00.13 | Mem:0.00M, Peak:0.00M | Scene, ViewLayer | Synchronizing object | PAYLOAD-middle-0-0-GEO-44mm-clear-stack-receiver.008--export
Fra:1 Mem:105.14M (Peak 105.14M) | Time:00:00.13 | Mem:0.00M, Peak:0.00M | Scene, ViewLayer | Synchronizing object | PAYLOAD-middle-1-0-GEO-glove-grip.001--export
Fra:1 Mem:105.21M (Peak 105.21M) | Time:00:00.13 | Mem:0.00M, Peak:0.00M | Scene, ViewLayer | Synchronizing object | PAYLOAD-middle-0-0-GEO-44mm-clear-stack-receiver.009--export
Fra:1 Mem:105.23M (Peak 105.23M) | Time:00:00.13 | Mem:0.00M, Peak:0.00M | Scene, ViewLayer | Synchronizing object | PAYLOAD-middle-0-0-GEO-44mm-clear-stack-receiver.010--export
Fra:1 Mem:105.22M (Peak 105.23M) | Time:00:00.13 | Mem:0.00M, Peak:0.00M | Scene, ViewLayer | Synchronizing object | PAYLOAD-middle-1-0-GEO-grip-support.003--export
Fra:1 Mem:105.25M (Peak 105.25M) | Time:00:00.13 | Mem:0.00M, Peak:0.00M | Scene, ViewLayer | Synchronizing object | PAYLOAD-middle-0-0-GEO-44mm-clear-stack-receiver.011--export
Fra:1 Mem:105.23M (Peak 105.25M) | Time:00:00.13 | Mem:0.00M, Peak:0.00M | Scene, ViewLayer | Synchronizing object | PAYLOAD-middle-1-0-GEO-grip-support.002--export
Fra:1 Mem:105.28M (Peak 105.28M) | Time:00:00.13 | Mem:0.00M, Peak:0.00M | Scene, ViewLayer | Synchronizing object | PAYLOAD-middle-0-0-GEO-stack-receiver-base.003--export
Fra:1 Mem:105.26M (Peak 105.28M) | Time:00:00.13 | Mem:0.00M, Peak:0.00M | Scene, ViewLayer | Synchronizing object | PAYLOAD-middle-1-0-GEO-grip-backing.001--export
Fra:1 Mem:105.29M (Peak 105.29M) | Time:00:00.13 | Mem:0.00M, Peak:0.00M | Scene, ViewLayer | Synchronizing object | PAYLOAD-middle-1-0-GEO-fitted-side-panel.001--export
Fra:1 Mem:105.29M (Peak 105.29M) | Time:00:00.13 | Mem:0.00M, Peak:0.00M | Scene, ViewLayer | Synchronizing object | PAYLOAD-middle-0-0-GEO-44mm-clear-stack-receiver.012--export
Fra:1 Mem:105.39M (Peak 105.39M) | Time:00:00.13 | Mem:0.00M, Peak:0.00M | Scene, ViewLayer | Synchronizing object | PAYLOAD-middle-0-0-GEO-44mm-clear-stack-receiver.013--export
Fra:1 Mem:105.38M (Peak 105.39M) | Time:00:00.13 | Mem:0.00M, Peak:0.00M | Scene, ViewLayer | Synchronizing object | PAYLOAD-middle-1-0-GEO-side-inset-backing.001--export
Fra:1 Mem:105.36M (Peak 105.39M) | Time:00:00.13 | Mem:0.00M, Peak:0.00M | Scene, ViewLayer | Synchronizing object | PAYLOAD-middle-0-0-GEO-44mm-clear-stack-receiver.014--export
Fra:1 Mem:105.46M (Peak 105.46M) | Time:00:00.13 | Mem:0.00M, Peak:0.00M | Scene, ViewLayer | Synchronizing object | PAYLOAD-middle-0-0-GEO-44mm-clear-stack-receiver.015--export
Fra:1 Mem:105.43M (Peak 105.46M) | Time:00:00.13 | Mem:0.00M, Peak:0.00M | Scene, ViewLayer | Synchronizing object | PAYLOAD-middle-1-0-GEO-service-cartridge--export
Fra:1 Mem:105.43M (Peak 105.46M) | Time:00:00.13 | Mem:0.00M, Peak:0.00M | Scene, ViewLayer | Synchronizing object | PAYLOAD-middle-0-0-GEO-marking-STA / S--export
Fra:1 Mem:105.51M (Peak 105.51M) | Time:00:00.13 | Mem:0.00M, Peak:0.00M | Scene, ViewLayer | Synchronizing object | PAYLOAD-middle-1-0-GEO-glove-grip--export
Fra:1 Mem:105.67M (Peak 105.67M) | Time:00:00.13 | Mem:0.00M, Peak:0.00M | Scene, ViewLayer | Synchronizing object | PAYLOAD-middle-1-0-GEO-grip-support.001--export
Fra:1 Mem:105.70M (Peak 105.70M) | Time:00:00.13 | Mem:0.00M, Peak:0.00M | Scene, ViewLayer | Synchronizing object | PAYLOAD-middle-1-0-GEO-grip-support--export
Fra:1 Mem:105.85M (Peak 105.85M) | Time:00:00.13 | Mem:0.00M, Peak:0.00M | Scene, ViewLayer | Synchronizing object | PAYLOAD-middle-1-0-GEO-grip-backing--export
Fra:1 Mem:105.87M (Peak 105.87M) | Time:00:00.13 | Mem:0.00M, Peak:0.00M | Scene, ViewLayer | Synchronizing object | PAYLOAD-middle-1-0-GEO-fitted-side-panel--export
Fra:1 Mem:105.75M (Peak 105.87M) | Time:00:00.13 | Mem:0.00M, Peak:0.00M | Scene, ViewLayer | Synchronizing object | PAYLOAD-middle-0-0-GEO-fixed-top-frame--export
Fra:1 Mem:105.75M (Peak 105.87M) | Time:00:00.13 | Mem:0.00M, Peak:0.00M | Scene, ViewLayer | Synchronizing object | PAYLOAD-middle-1-0-GEO-side-inset-backing--export
Fra:1 Mem:105.73M (Peak 105.87M) | Time:00:00.13 | Mem:0.00M, Peak:0.00M | Scene, ViewLayer | Synchronizing object | PAYLOAD-middle-0-0-GEO-fixed-top-frame.001--export
Fra:1 Mem:105.82M (Peak 105.87M) | Time:00:00.13 | Mem:0.00M, Peak:0.00M | Scene, ViewLayer | Synchronizing object | PAYLOAD-middle-0-0-GEO-fixed-top-frame.002--export
Fra:1 Mem:105.81M (Peak 105.87M) | Time:00:00.13 | Mem:0.00M, Peak:0.00M | Scene, ViewLayer | Synchronizing object | PAYLOAD-middle-1-0-GEO-rear-hinge-pin.001--export
Fra:1 Mem:105.83M (Peak 105.87M) | Time:00:00.13 | Mem:0.00M, Peak:0.00M | Scene, ViewLayer | Synchronizing object | PAYLOAD-middle-0-0-GEO-fixed-top-frame.003--export
Fra:1 Mem:105.85M (Peak 105.87M) | Time:00:00.13 | Mem:0.00M, Peak:0.00M | Scene, ViewLayer | Synchronizing object | PAYLOAD-middle-1-0-GEO-rear-hinge-pin--export
Fra:1 Mem:105.92M (Peak 105.92M) | Time:00:00.13 | Mem:0.00M, Peak:0.00M | Scene, ViewLayer | Synchronizing object | PAYLOAD-middle-0-0-GEO-lid-support-ledge--export
Fra:1 Mem:105.93M (Peak 105.93M) | Time:00:00.13 | Mem:0.00M, Peak:0.00M | Scene, ViewLayer | Synchronizing object | PAYLOAD-middle-0-0-GEO-inset-lid-gasket--export
Fra:1 Mem:105.95M (Peak 105.95M) | Time:00:00.13 | Mem:0.00M, Peak:0.00M | Scene, ViewLayer | Synchronizing object | PAYLOAD-middle-0-0-GEO-lid-support-ledge.001--export
Fra:1 Mem:105.97M (Peak 105.97M) | Time:00:00.13 | Mem:0.00M, Peak:0.00M | Scene, ViewLayer | Synchronizing object | PAYLOAD-middle-0-0-GEO-inset-lid-gasket.001--export
Fra:1 Mem:105.99M (Peak 105.99M) | Time:00:00.13 | Mem:0.00M, Peak:0.00M | Scene, ViewLayer | Synchronizing object | PAYLOAD-middle-0-0-GEO-lid-support-ledge.002--export
Fra:1 Mem:106.00M (Peak 106.00M) | Time:00:00.13 | Mem:0.00M, Peak:0.00M | Scene, ViewLayer | Synchronizing object | PAYLOAD-middle-0-0-GEO-inset-lid-gasket.002--export
Fra:1 Mem:106.02M (Peak 106.02M) | Time:00:00.13 | Mem:0.00M, Peak:0.00M | Scene, ViewLayer | Synchronizing object | PAYLOAD-middle-0-0-GEO-lid-support-ledge.003--export
Fra:1 Mem:106.01M (Peak 106.02M) | Time:00:00.13 | Mem:0.00M, Peak:0.00M | Scene, ViewLayer | Synchronizing object | PAYLOAD-middle-1-0-GEO-lid-toggle.001--export
Fra:1 Mem:106.02M (Peak 106.02M) | Time:00:00.13 | Mem:0.00M, Peak:0.00M | Scene, ViewLayer | Synchronizing object | PAYLOAD-middle-0-0-GEO-inset-lid-gasket.003--export
Fra:1 Mem:106.03M (Peak 106.03M) | Time:00:00.13 | Mem:0.00M, Peak:0.00M | Scene, ViewLayer | Synchronizing object | PAYLOAD-middle-1-0-GEO-lid-latch-leaf.001--export
Fra:1 Mem:106.05M (Peak 106.05M) | Time:00:00.13 | Mem:0.00M, Peak:0.00M | Scene, ViewLayer | Synchronizing object | PAYLOAD-middle-0-0-GEO-lid-latch-connecting-bridge--export
Fra:1 Mem:106.09M (Peak 106.09M) | Time:00:00.13 | Mem:0.00M, Peak:0.00M | Scene, ViewLayer | Synchronizing object | PAYLOAD-middle-1-0-GEO-lid-toggle--export
Fra:1 Mem:106.07M (Peak 106.09M) | Time:00:00.13 | Mem:0.00M, Peak:0.00M | Scene, ViewLayer | Synchronizing object | PAYLOAD-middle-0-0-GEO-lid-latch-connecting-bridge.001--export
Fra:1 Mem:106.12M (Peak 106.12M) | Time:00:00.13 | Mem:0.00M, Peak:0.00M | Scene, ViewLayer | Synchronizing object | PAYLOAD-middle-1-0-GEO-lid-latch-leaf--export
Fra:1 Mem:106.13M (Peak 106.13M) | Time:00:00.13 | Mem:0.00M, Peak:0.00M | Scene, ViewLayer | Synchronizing object | PAYLOAD-middle-0-0-GEO-fixed-rear-hinge-saddle--export
Fra:1 Mem:106.15M (Peak 106.15M) | Time:00:00.13 | Mem:0.00M, Peak:0.00M | Scene, ViewLayer | Synchronizing object | PAYLOAD-middle-1-0-GEO-lid-cap-end-step.001--export
Fra:1 Mem:106.17M (Peak 106.17M) | Time:00:00.13 | Mem:0.00M, Peak:0.00M | Scene, ViewLayer | Synchronizing object | PAYLOAD-middle-0-0-GEO-fixed-rear-hinge-saddle.001--export
Fra:1 Mem:106.18M (Peak 106.18M) | Time:00:00.13 | Mem:0.00M, Peak:0.00M | Scene, ViewLayer | Synchronizing object | PAYLOAD-middle-1-0-GEO-lid-cap-end-step--export
Fra:1 Mem:106.21M (Peak 106.21M) | Time:00:00.13 | Mem:0.00M, Peak:0.00M | Scene, ViewLayer | Synchronizing object | PAYLOAD-middle-0-0-GEO-fixed-rear-hinge-saddle.002--export
Fra:1 Mem:106.19M (Peak 106.21M) | Time:00:00.13 | Mem:0.00M, Peak:0.00M | Scene, ViewLayer | Synchronizing object | PAYLOAD-middle-1-0-GEO-lid-fitted-cap--export
Fra:1 Mem:106.24M (Peak 106.24M) | Time:00:00.13 | Mem:0.00M, Peak:0.00M | Scene, ViewLayer | Synchronizing object | PAYLOAD-middle-0-0-GEO-fixed-rear-hinge-saddle.003--export
Fra:1 Mem:106.22M (Peak 106.24M) | Time:00:00.13 | Mem:0.00M, Peak:0.00M | Scene, ViewLayer | Synchronizing object | PAYLOAD-middle-1-0-GEO-lid-recess-base--export
Fra:1 Mem:106.28M (Peak 106.28M) | Time:00:00.13 | Mem:0.00M, Peak:0.00M | Scene, ViewLayer | Synchronizing object | PAYLOAD-middle-0-1-GEO-load-skid--export
Fra:1 Mem:106.25M (Peak 106.28M) | Time:00:00.13 | Mem:0.00M, Peak:0.00M | Scene, ViewLayer | Synchronizing object | PAYLOAD-middle-1-0-GEO-lid-shoulder-band.001--export
Fra:1 Mem:106.30M (Peak 106.30M) | Time:00:00.13 | Mem:0.00M, Peak:0.00M | Scene, ViewLayer | Synchronizing object | PAYLOAD-middle-0-1-GEO-load-skid.001--export
Fra:1 Mem:106.29M (Peak 106.30M) | Time:00:00.13 | Mem:0.00M, Peak:0.00M | Scene, ViewLayer | Synchronizing object | PAYLOAD-middle-1-0-GEO-lid-shoulder-band--export
Fra:1 Mem:106.35M (Peak 106.35M) | Time:00:00.13 | Mem:0.00M, Peak:0.00M | Scene, ViewLayer | Synchronizing object | PAYLOAD-middle-0-1-GEO-crossmember--export
Fra:1 Mem:106.33M (Peak 106.35M) | Time:00:00.13 | Mem:0.00M, Peak:0.00M | Scene, ViewLayer | Synchronizing object | PAYLOAD-middle-1-0-GEO-opening-layered-lid--export
Fra:1 Mem:106.38M (Peak 106.38M) | Time:00:00.13 | Mem:0.00M, Peak:0.00M | Scene, ViewLayer | Synchronizing object | PAYLOAD-middle-0-1-GEO-crossmember.001--export
Fra:1 Mem:106.38M (Peak 106.38M) | Time:00:00.13 | Mem:0.00M, Peak:0.00M | Scene, ViewLayer | Synchronizing object | PAYLOAD-middle-1-0-GEO-stepped-corner-armor.007--export
Fra:1 Mem:106.38M (Peak 106.38M) | Time:00:00.13 | Mem:0.00M, Peak:0.00M | Scene, ViewLayer | Synchronizing object | PAYLOAD-middle-0-1-GEO-40mm-locating-foot--export
Fra:1 Mem:106.43M (Peak 106.43M) | Time:00:00.13 | Mem:0.00M, Peak:0.00M | Scene, ViewLayer | Synchronizing object | PAYLOAD-middle-0-1-GEO-40mm-locating-foot.001--export
Fra:1 Mem:106.41M (Peak 106.43M) | Time:00:00.13 | Mem:0.00M, Peak:0.00M | Scene, ViewLayer | Synchronizing object | PAYLOAD-middle-1-0-GEO-stepped-corner-armor.006--export
Fra:1 Mem:106.46M (Peak 106.46M) | Time:00:00.13 | Mem:0.00M, Peak:0.00M | Scene, ViewLayer | Synchronizing object | PAYLOAD-middle-0-1-GEO-40mm-locating-foot.002--export
Fra:1 Mem:106.45M (Peak 106.46M) | Time:00:00.13 | Mem:0.00M, Peak:0.00M | Scene, ViewLayer | Synchronizing object | PAYLOAD-middle-1-0-GEO-corner-load-column.003--export
Fra:1 Mem:106.50M (Peak 106.50M) | Time:00:00.13 | Mem:0.00M, Peak:0.00M | Scene, ViewLayer | Synchronizing object | PAYLOAD-middle-0-1-GEO-40mm-locating-foot.003--export
Fra:1 Mem:106.51M (Peak 106.51M) | Time:00:00.13 | Mem:0.00M, Peak:0.00M | Scene, ViewLayer | Synchronizing object | PAYLOAD-middle-1-0-GEO-stepped-corner-armor.005--export
Fra:1 Mem:106.52M (Peak 106.52M) | Time:00:00.13 | Mem:0.00M, Peak:0.00M | Scene, ViewLayer | Synchronizing object | PAYLOAD-middle-0-1-GEO-sealed-floor--export
Fra:1 Mem:106.54M (Peak 106.54M) | Time:00:00.13 | Mem:0.00M, Peak:0.00M | Scene, ViewLayer | Synchronizing object | PAYLOAD-middle-1-0-GEO-stepped-corner-armor.004--export
Fra:1 Mem:106.55M (Peak 106.55M) | Time:00:00.13 | Mem:0.00M, Peak:0.00M | Scene, ViewLayer | Synchronizing object | PAYLOAD-middle-0-1-GEO-closed-side-wall--export
Fra:1 Mem:106.58M (Peak 106.58M) | Time:00:00.13 | Mem:0.00M, Peak:0.00M | Scene, ViewLayer | Synchronizing object | PAYLOAD-middle-1-0-GEO-corner-load-column.002--export
Fra:1 Mem:106.60M (Peak 106.60M) | Time:00:00.13 | Mem:0.00M, Peak:0.00M | Scene, ViewLayer | Synchronizing object | PAYLOAD-middle-0-1-GEO-closed-side-wall.001--export
Fra:1 Mem:106.61M (Peak 106.61M) | Time:00:00.13 | Mem:0.00M, Peak:0.00M | Scene, ViewLayer | Synchronizing object | PAYLOAD-middle-1-0-GEO-stepped-corner-armor.003--export
Fra:1 Mem:106.64M (Peak 106.64M) | Time:00:00.13 | Mem:0.00M, Peak:0.00M | Scene, ViewLayer | Synchronizing object | PAYLOAD-middle-0-1-GEO-closed-rear-wall--export
Fra:1 Mem:106.65M (Peak 106.65M) | Time:00:00.13 | Mem:0.00M, Peak:0.00M | Scene, ViewLayer | Synchronizing object | PAYLOAD-middle-1-0-GEO-stepped-corner-armor.002--export
Fra:1 Mem:106.65M (Peak 106.65M) | Time:00:00.13 | Mem:0.00M, Peak:0.00M | Scene, ViewLayer | Synchronizing object | PAYLOAD-middle-0-1-GEO-closed-front-wall--export
Fra:1 Mem:106.65M (Peak 106.65M) | Time:00:00.13 | Mem:0.00M, Peak:0.00M | Scene, ViewLayer | Synchronizing object | PAYLOAD-middle-1-0-GEO-corner-load-column.001--export
Fra:1 Mem:106.70M (Peak 106.70M) | Time:00:00.13 | Mem:0.00M, Peak:0.00M | Scene, ViewLayer | Synchronizing object | PAYLOAD-middle-1-0-GEO-stepped-corner-armor.001--export
Fra:1 Mem:106.69M (Peak 106.70M) | Time:00:00.13 | Mem:0.00M, Peak:0.00M | Scene, ViewLayer | Synchronizing object | PAYLOAD-middle-0-1-GEO-corner-load-column--export
Fra:1 Mem:106.74M (Peak 106.74M) | Time:00:00.13 | Mem:0.00M, Peak:0.00M | Scene, ViewLayer | Synchronizing object | PAYLOAD-middle-1-0-GEO-stepped-corner-armor--export
Fra:1 Mem:106.72M (Peak 106.74M) | Time:00:00.13 | Mem:0.00M, Peak:0.00M | Scene, ViewLayer | Synchronizing object | PAYLOAD-middle-0-1-GEO-stepped-corner-armor--export
Fra:1 Mem:106.77M (Peak 106.77M) | Time:00:00.13 | Mem:0.00M, Peak:0.00M | Scene, ViewLayer | Synchronizing object | PAYLOAD-middle-1-0-GEO-corner-load-column--export
Fra:1 Mem:106.76M (Peak 106.77M) | Time:00:00.13 | Mem:0.00M, Peak:0.00M | Scene, ViewLayer | Synchronizing object | PAYLOAD-middle-0-1-GEO-stepped-corner-armor.001--export
Fra:1 Mem:106.81M (Peak 106.81M) | Time:00:00.13 | Mem:0.00M, Peak:0.00M | Scene, ViewLayer | Synchronizing object | PAYLOAD-middle-1-0-GEO-closed-front-wall--export
Fra:1 Mem:106.79M (Peak 106.81M) | Time:00:00.13 | Mem:0.00M, Peak:0.00M | Scene, ViewLayer | Synchronizing object | PAYLOAD-middle-0-1-GEO-corner-load-column.001--export
Fra:1 Mem:106.84M (Peak 106.84M) | Time:00:00.13 | Mem:0.00M, Peak:0.00M | Scene, ViewLayer | Synchronizing object | PAYLOAD-middle-1-0-GEO-closed-rear-wall--export
Fra:1 Mem:106.82M (Peak 106.84M) | Time:00:00.13 | Mem:0.00M, Peak:0.00M | Scene, ViewLayer | Synchronizing object | PAYLOAD-middle-0-1-GEO-stepped-corner-armor.002--export
Fra:1 Mem:106.85M (Peak 106.85M) | Time:00:00.13 | Mem:0.00M, Peak:0.00M | Scene, ViewLayer | Synchronizing object | PAYLOAD-middle-1-0-GEO-closed-side-wall.001--export
Fra:1 Mem:106.85M (Peak 106.85M) | Time:00:00.13 | Mem:0.00M, Peak:0.00M | Scene, ViewLayer | Synchronizing object | PAYLOAD-middle-0-1-GEO-stepped-corner-armor.003--export
Fra:1 Mem:106.88M (Peak 106.88M) | Time:00:00.14 | Mem:0.00M, Peak:0.00M | Scene, ViewLayer | Synchronizing object | PAYLOAD-middle-0-1-GEO-corner-load-column.002--export
Fra:1 Mem:106.89M (Peak 106.89M) | Time:00:00.14 | Mem:0.00M, Peak:0.00M | Scene, ViewLayer | Synchronizing object | PAYLOAD-middle-1-0-GEO-closed-side-wall--export
Fra:1 Mem:106.92M (Peak 106.92M) | Time:00:00.14 | Mem:0.00M, Peak:0.00M | Scene, ViewLayer | Synchronizing object | PAYLOAD-middle-0-1-GEO-stepped-corner-armor.004--export
Fra:1 Mem:106.92M (Peak 106.92M) | Time:00:00.14 | Mem:0.00M, Peak:0.00M | Scene, ViewLayer | Synchronizing object | PAYLOAD-middle-1-0-GEO-sealed-floor--export
Fra:1 Mem:106.98M (Peak 106.98M) | Time:00:00.14 | Mem:0.00M, Peak:0.00M | Scene, ViewLayer | Synchronizing object | PAYLOAD-middle-0-1-GEO-stepped-corner-armor.005--export
Fra:1 Mem:106.98M (Peak 106.98M) | Time:00:00.14 | Mem:0.00M, Peak:0.00M | Scene, ViewLayer | Synchronizing object | PAYLOAD-middle-1-0-GEO-40mm-locating-foot.003--export
Fra:1 Mem:107.00M (Peak 107.00M) | Time:00:00.14 | Mem:0.00M, Peak:0.00M | Scene, ViewLayer | Synchronizing object | PAYLOAD-middle-0-1-GEO-corner-load-column.003--export
Fra:1 Mem:107.00M (Peak 107.00M) | Time:00:00.14 | Mem:0.00M, Peak:0.00M | Scene, ViewLayer | Synchronizing object | PAYLOAD-middle-1-0-GEO-40mm-locating-foot.002--export
Fra:1 Mem:107.03M (Peak 107.03M) | Time:00:00.14 | Mem:0.00M, Peak:0.00M | Scene, ViewLayer | Synchronizing object | PAYLOAD-middle-0-1-GEO-stepped-corner-armor.006--export
Fra:1 Mem:107.06M (Peak 107.06M) | Time:00:00.14 | Mem:0.00M, Peak:0.00M | Scene, ViewLayer | Synchronizing object | PAYLOAD-middle-1-0-GEO-40mm-locating-foot.001--export
Fra:1 Mem:107.06M (Peak 107.06M) | Time:00:00.14 | Mem:0.00M, Peak:0.00M | Scene, ViewLayer | Synchronizing object | PAYLOAD-middle-0-1-GEO-stepped-corner-armor.007--export
Fra:1 Mem:107.09M (Peak 107.09M) | Time:00:00.14 | Mem:0.00M, Peak:0.00M | Scene, ViewLayer | Synchronizing object | PAYLOAD-middle-1-0-GEO-40mm-locating-foot--export
Fra:1 Mem:107.10M (Peak 107.10M) | Time:00:00.14 | Mem:0.00M, Peak:0.00M | Scene, ViewLayer | Synchronizing object | PAYLOAD-middle-0-1-GEO-opening-layered-lid--export
Fra:1 Mem:107.12M (Peak 107.12M) | Time:00:00.14 | Mem:0.00M, Peak:0.00M | Scene, ViewLayer | Synchronizing object | PAYLOAD-middle-1-0-GEO-crossmember.001--export
Fra:1 Mem:107.15M (Peak 107.15M) | Time:00:00.14 | Mem:0.00M, Peak:0.00M | Scene, ViewLayer | Synchronizing object | PAYLOAD-middle-1-0-GEO-crossmember--export
Fra:1 Mem:107.13M (Peak 107.15M) | Time:00:00.14 | Mem:0.00M, Peak:0.00M | Scene, ViewLayer | Synchronizing object | PAYLOAD-middle-0-1-GEO-lid-shoulder-band--export
Fra:1 Mem:107.18M (Peak 107.18M) | Time:00:00.14 | Mem:0.00M, Peak:0.00M | Scene, ViewLayer | Synchronizing object | PAYLOAD-middle-1-0-GEO-load-skid.001--export
Fra:1 Mem:107.19M (Peak 107.19M) | Time:00:00.14 | Mem:0.00M, Peak:0.00M | Scene, ViewLayer | Synchronizing object | PAYLOAD-middle-0-1-GEO-lid-shoulder-band.001--export
Fra:1 Mem:107.19M (Peak 107.19M) | Time:00:00.14 | Mem:0.00M, Peak:0.00M | Scene, ViewLayer | Synchronizing object | PAYLOAD-middle-1-0-GEO-load-skid--export
Fra:1 Mem:107.19M (Peak 107.19M) | Time:00:00.14 | Mem:0.00M, Peak:0.00M | Scene, ViewLayer | Synchronizing object | PAYLOAD-middle-0-1-GEO-lid-recess-base--export
Fra:1 Mem:107.23M (Peak 107.23M) | Time:00:00.14 | Mem:0.00M, Peak:0.00M | Scene, ViewLayer | Synchronizing object | PAYLOAD-middle-0-1-GEO-fixed-rear-hinge-saddle.003--export
Fra:1 Mem:107.23M (Peak 107.23M) | Time:00:00.14 | Mem:0.00M, Peak:0.00M | Scene, ViewLayer | Synchronizing object | PAYLOAD-middle-0-1-GEO-lid-fitted-cap--export
Fra:1 Mem:107.28M (Peak 107.28M) | Time:00:00.14 | Mem:0.00M, Peak:0.00M | Scene, ViewLayer | Synchronizing object | PAYLOAD-middle-0-1-GEO-fixed-rear-hinge-saddle.002--export
Fra:1 Mem:107.26M (Peak 107.28M) | Time:00:00.14 | Mem:0.00M, Peak:0.00M | Scene, ViewLayer | Synchronizing object | PAYLOAD-middle-0-1-GEO-lid-cap-end-step--export
Fra:1 Mem:107.31M (Peak 107.31M) | Time:00:00.14 | Mem:0.00M, Peak:0.00M | Scene, ViewLayer | Synchronizing object | PAYLOAD-middle-0-1-GEO-lid-cap-end-step.001--export
Fra:1 Mem:107.30M (Peak 107.31M) | Time:00:00.14 | Mem:0.00M, Peak:0.00M | Scene, ViewLayer | Synchronizing object | PAYLOAD-middle-0-1-GEO-fixed-rear-hinge-saddle.001--export
Fra:1 Mem:107.35M (Peak 107.35M) | Time:00:00.14 | Mem:0.00M, Peak:0.00M | Scene, ViewLayer | Synchronizing object | PAYLOAD-middle-0-1-GEO-lid-latch-leaf--export
Fra:1 Mem:107.33M (Peak 107.35M) | Time:00:00.14 | Mem:0.00M, Peak:0.00M | Scene, ViewLayer | Synchronizing object | PAYLOAD-middle-0-1-GEO-fixed-rear-hinge-saddle--export
Fra:1 Mem:107.39M (Peak 107.39M) | Time:00:00.14 | Mem:0.00M, Peak:0.00M | Scene, ViewLayer | Synchronizing object | PAYLOAD-middle-0-1-GEO-lid-toggle--export
Fra:1 Mem:107.37M (Peak 107.39M) | Time:00:00.14 | Mem:0.00M, Peak:0.00M | Scene, ViewLayer | Synchronizing object | PAYLOAD-middle-0-1-GEO-lid-latch-connecting-bridge.001--export
Fra:1 Mem:107.40M (Peak 107.40M) | Time:00:00.14 | Mem:0.00M, Peak:0.00M | Scene, ViewLayer | Synchronizing object | PAYLOAD-middle-0-1-GEO-lid-latch-leaf.001--export
Fra:1 Mem:107.40M (Peak 107.40M) | Time:00:00.14 | Mem:0.00M, Peak:0.00M | Scene, ViewLayer | Synchronizing object | PAYLOAD-middle-0-1-GEO-lid-latch-connecting-bridge--export
Fra:1 Mem:107.45M (Peak 107.45M) | Time:00:00.14 | Mem:0.00M, Peak:0.00M | Scene, ViewLayer | Synchronizing object | PAYLOAD-middle-0-1-GEO-inset-lid-gasket.003--export
Fra:1 Mem:107.46M (Peak 107.46M) | Time:00:00.14 | Mem:0.00M, Peak:0.00M | Scene, ViewLayer | Synchronizing object | PAYLOAD-middle-0-1-GEO-lid-support-ledge.003--export
Fra:1 Mem:107.48M (Peak 107.48M) | Time:00:00.14 | Mem:0.00M, Peak:0.00M | Scene, ViewLayer | Synchronizing object | PAYLOAD-middle-0-1-GEO-inset-lid-gasket.002--export
Fra:1 Mem:107.51M (Peak 107.51M) | Time:00:00.14 | Mem:0.00M, Peak:0.00M | Scene, ViewLayer | Synchronizing object | PAYLOAD-middle-0-1-GEO-lid-support-ledge.002--export
Fra:1 Mem:107.51M (Peak 107.51M) | Time:00:00.14 | Mem:0.00M, Peak:0.00M | Scene, ViewLayer | Synchronizing object | PAYLOAD-middle-0-1-GEO-lid-toggle.001--export
Fra:1 Mem:107.54M (Peak 107.54M) | Time:00:00.14 | Mem:0.00M, Peak:0.00M | Scene, ViewLayer | Synchronizing object | PAYLOAD-middle-0-1-GEO-inset-lid-gasket.001--export
Fra:1 Mem:107.55M (Peak 107.55M) | Time:00:00.14 | Mem:0.00M, Peak:0.00M | Scene, ViewLayer | Synchronizing object | PAYLOAD-middle-0-1-GEO-rear-hinge-pin--export
Fra:1 Mem:107.61M (Peak 107.61M) | Time:00:00.14 | Mem:0.00M, Peak:0.00M | Scene, ViewLayer | Synchronizing object | PAYLOAD-middle-0-1-GEO-lid-support-ledge.001--export
Fra:1 Mem:107.63M (Peak 107.63M) | Time:00:00.14 | Mem:0.00M, Peak:0.00M | Scene, ViewLayer | Synchronizing object | PAYLOAD-middle-0-1-GEO-inset-lid-gasket--export
Fra:1 Mem:107.61M (Peak 107.63M) | Time:00:00.14 | Mem:0.00M, Peak:0.00M | Scene, ViewLayer | Synchronizing object | PAYLOAD-middle-0-1-GEO-rear-hinge-pin.001--export
Fra:1 Mem:107.64M (Peak 107.64M) | Time:00:00.14 | Mem:0.00M, Peak:0.00M | Scene, ViewLayer | Synchronizing object | PAYLOAD-middle-0-1-GEO-lid-support-ledge--export
Fra:1 Mem:107.65M (Peak 107.65M) | Time:00:00.14 | Mem:0.00M, Peak:0.00M | Scene, ViewLayer | Synchronizing object | PAYLOAD-middle-0-1-GEO-side-inset-backing--export
Fra:1 Mem:107.66M (Peak 107.66M) | Time:00:00.14 | Mem:0.00M, Peak:0.00M | Scene, ViewLayer | Synchronizing object | PAYLOAD-middle-0-1-GEO-fixed-top-frame.003--export
Fra:1 Mem:107.71M (Peak 107.71M) | Time:00:00.14 | Mem:0.00M, Peak:0.00M | Scene, ViewLayer | Synchronizing object | PAYLOAD-middle-0-1-GEO-fixed-top-frame.002--export
Fra:1 Mem:107.76M (Peak 107.76M) | Time:00:00.14 | Mem:0.00M, Peak:0.00M | Scene, ViewLayer | Synchronizing object | PAYLOAD-middle-0-1-GEO-fixed-top-frame.001--export
Fra:1 Mem:107.75M (Peak 107.76M) | Time:00:00.14 | Mem:0.00M, Peak:0.00M | Scene, ViewLayer | Synchronizing object | PAYLOAD-middle-0-1-GEO-fitted-side-panel--export
Fra:1 Mem:107.77M (Peak 107.77M) | Time:00:00.14 | Mem:0.00M, Peak:0.00M | Scene, ViewLayer | Synchronizing object | PAYLOAD-middle-0-1-GEO-fixed-top-frame--export
Fra:1 Mem:107.83M (Peak 107.83M) | Time:00:00.14 | Mem:0.00M, Peak:0.00M | Scene, ViewLayer | Synchronizing object | PAYLOAD-middle-0-1-GEO-marking-STA / S--export
Fra:1 Mem:107.80M (Peak 107.83M) | Time:00:00.14 | Mem:0.00M, Peak:0.00M | Scene, ViewLayer | Synchronizing object | PAYLOAD-middle-0-1-GEO-grip-backing--export
Fra:1 Mem:108.04M (Peak 108.04M) | Time:00:00.14 | Mem:0.00M, Peak:0.00M | Scene, ViewLayer | Synchronizing object | PAYLOAD-middle-0-1-GEO-grip-support--export
Fra:1 Mem:108.12M (Peak 108.12M) | Time:00:00.14 | Mem:0.00M, Peak:0.00M | Scene, ViewLayer | Synchronizing object | PAYLOAD-middle-0-1-GEO-grip-support.001--export
Fra:1 Mem:108.03M (Peak 108.12M) | Time:00:00.14 | Mem:0.00M, Peak:0.00M | Scene, ViewLayer | Synchronizing object | PAYLOAD-middle-0-1-GEO-glove-grip--export
Fra:1 Mem:108.21M (Peak 108.21M) | Time:00:00.14 | Mem:0.00M, Peak:0.00M | Scene, ViewLayer | Synchronizing object | PAYLOAD-middle-0-1-GEO-service-cartridge--export
Fra:1 Mem:108.23M (Peak 108.23M) | Time:00:00.14 | Mem:0.00M, Peak:0.00M | Scene, ViewLayer | Synchronizing object | PAYLOAD-middle-0-1-GEO-side-inset-backing.001--export
Fra:1 Mem:108.10M (Peak 108.23M) | Time:00:00.14 | Mem:0.00M, Peak:0.00M | Scene, ViewLayer | Synchronizing object | PAYLOAD-middle-0-1-GEO-44mm-clear-stack-receiver.015--export
Fra:1 Mem:108.07M (Peak 108.23M) | Time:00:00.14 | Mem:0.00M, Peak:0.00M | Scene, ViewLayer | Synchronizing object | PAYLOAD-middle-0-1-GEO-fitted-side-panel.001--export
Fra:1 Mem:108.17M (Peak 108.23M) | Time:00:00.14 | Mem:0.00M, Peak:0.00M | Scene, ViewLayer | Synchronizing object | PAYLOAD-middle-0-1-GEO-44mm-clear-stack-receiver.014--export
Fra:1 Mem:108.14M (Peak 108.23M) | Time:00:00.14 | Mem:0.00M, Peak:0.00M | Scene, ViewLayer | Synchronizing object | PAYLOAD-middle-0-1-GEO-grip-backing.001--export
Fra:1 Mem:108.14M (Peak 108.23M) | Time:00:00.14 | Mem:0.00M, Peak:0.00M | Scene, ViewLayer | Synchronizing object | PAYLOAD-middle-0-1-GEO-44mm-clear-stack-receiver.013--export
Fra:1 Mem:108.19M (Peak 108.23M) | Time:00:00.14 | Mem:0.00M, Peak:0.00M | Scene, ViewLayer | Synchronizing object | PAYLOAD-middle-0-1-GEO-44mm-clear-stack-receiver.012--export
Fra:1 Mem:108.18M (Peak 108.23M) | Time:00:00.14 | Mem:0.00M, Peak:0.00M | Scene, ViewLayer | Synchronizing object | PAYLOAD-middle-0-1-GEO-grip-support.002--export
Fra:1 Mem:108.23M (Peak 108.23M) | Time:00:00.14 | Mem:0.00M, Peak:0.00M | Scene, ViewLayer | Synchronizing object | PAYLOAD-middle-0-1-GEO-stack-receiver-base.003--export
Fra:1 Mem:108.21M (Peak 108.23M) | Time:00:00.14 | Mem:0.00M, Peak:0.00M | Scene, ViewLayer | Synchronizing object | PAYLOAD-middle-0-1-GEO-grip-support.003--export
Fra:1 Mem:108.26M (Peak 108.26M) | Time:00:00.14 | Mem:0.00M, Peak:0.00M | Scene, ViewLayer | Synchronizing object | PAYLOAD-middle-0-1-GEO-44mm-clear-stack-receiver.011--export
Fra:1 Mem:108.24M (Peak 108.26M) | Time:00:00.14 | Mem:0.00M, Peak:0.00M | Scene, ViewLayer | Synchronizing object | PAYLOAD-middle-0-1-GEO-glove-grip.001--export
Fra:1 Mem:108.35M (Peak 108.35M) | Time:00:00.14 | Mem:0.00M, Peak:0.00M | Scene, ViewLayer | Synchronizing object | PAYLOAD-middle-0-1-GEO-44mm-clear-stack-receiver.010--export
Fra:1 Mem:108.31M (Peak 108.35M) | Time:00:00.14 | Mem:0.00M, Peak:0.00M | Scene, ViewLayer | Synchronizing object | PAYLOAD-middle-0-1-GEO-44mm-clear-stack-receiver.009--export
Fra:1 Mem:108.31M (Peak 108.35M) | Time:00:00.14 | Mem:0.00M, Peak:0.00M | Scene, ViewLayer | Synchronizing object | PAYLOAD-middle-0-1-GEO-service-cartridge.001--export
Fra:1 Mem:108.37M (Peak 108.37M) | Time:00:00.14 | Mem:0.00M, Peak:0.00M | Scene, ViewLayer | Synchronizing object | PAYLOAD-middle-0-1-GEO-44mm-clear-stack-receiver.008--export
Fra:1 Mem:108.35M (Peak 108.37M) | Time:00:00.14 | Mem:0.00M, Peak:0.00M | Scene, ViewLayer | Synchronizing object | PAYLOAD-middle-0-1-GEO-front-inset--export
Fra:1 Mem:108.41M (Peak 108.41M) | Time:00:00.14 | Mem:0.00M, Peak:0.00M | Scene, ViewLayer | Synchronizing object | PAYLOAD-middle-0-1-GEO-stack-receiver-base.002--export
Fra:1 Mem:108.42M (Peak 108.42M) | Time:00:00.14 | Mem:0.00M, Peak:0.00M | Scene, ViewLayer | Synchronizing object | PAYLOAD-middle-0-1-GEO-44mm-clear-stack-receiver.007--export
Fra:1 Mem:108.41M (Peak 108.42M) | Time:00:00.14 | Mem:0.00M, Peak:0.00M | Scene, ViewLayer | Synchronizing object | PAYLOAD-middle-0-1-GEO-front-fitted-panel--export
Fra:1 Mem:108.47M (Peak 108.47M) | Time:00:00.14 | Mem:0.00M, Peak:0.00M | Scene, ViewLayer | Synchronizing object | PAYLOAD-middle-0-1-GEO-44mm-clear-stack-receiver.006--export
Fra:1 Mem:108.52M (Peak 108.52M) | Time:00:00.14 | Mem:0.00M, Peak:0.00M | Scene, ViewLayer | Synchronizing object | PAYLOAD-middle-0-1-GEO-44mm-clear-stack-receiver.005--export
Fra:1 Mem:108.48M (Peak 108.52M) | Time:00:00.14 | Mem:0.00M, Peak:0.00M | Scene, ViewLayer | Synchronizing object | PAYLOAD-middle-0-1-GEO-stack-receiver-base--export
Fra:1 Mem:108.53M (Peak 108.53M) | Time:00:00.14 | Mem:0.00M, Peak:0.00M | Scene, ViewLayer | Synchronizing object | PAYLOAD-middle-0-1-GEO-44mm-clear-stack-receiver--export
Fra:1 Mem:108.54M (Peak 108.54M) | Time:00:00.14 | Mem:0.00M, Peak:0.00M | Scene, ViewLayer | Synchronizing object | PAYLOAD-middle-0-1-GEO-44mm-clear-stack-receiver.004--export
Fra:1 Mem:108.57M (Peak 108.57M) | Time:00:00.14 | Mem:0.00M, Peak:0.00M | Scene, ViewLayer | Synchronizing object | PAYLOAD-middle-0-1-GEO-44mm-clear-stack-receiver.001--export
Fra:1 Mem:108.59M (Peak 108.59M) | Time:00:00.14 | Mem:0.00M, Peak:0.00M | Scene, ViewLayer | Synchronizing object | PAYLOAD-middle-0-1-GEO-stack-receiver-base.001--export
Fra:1 Mem:108.57M (Peak 108.59M) | Time:00:00.14 | Mem:0.00M, Peak:0.00M | Scene, ViewLayer | Synchronizing object | PAYLOAD-middle-0-1-GEO-44mm-clear-stack-receiver.002--export
Fra:1 Mem:108.61M (Peak 108.61M) | Time:00:00.14 | Mem:0.00M, Peak:0.00M | Scene, ViewLayer | Synchronizing object | PAYLOAD-middle-0-1-GEO-44mm-clear-stack-receiver.003--export
Fra:1 Mem:108.62M (Peak 108.62M) | Time:00:00.14 | Mem:0.00M, Peak:0.00M | Scene, ViewLayer | Initializing
Fra:1 Mem:79.33M (Peak 108.62M) | Time:00:00.15 | Mem:0.00M, Peak:0.00M | Scene, ViewLayer | Waiting for render to start
Fra:1 Mem:79.33M (Peak 108.62M) | Time:00:00.15 | Mem:0.00M, Peak:0.00M | Scene, ViewLayer | Loading render kernels (may take a few minutes the first time)
Fra:1 Mem:79.33M (Peak 108.62M) | Time:00:00.15 | Mem:0.00M, Peak:0.00M | Scene, ViewLayer | Updating Scene
Fra:1 Mem:79.33M (Peak 108.62M) | Time:00:00.15 | Mem:0.00M, Peak:0.00M | Scene, ViewLayer | Updating Shaders
Fra:1 Mem:79.44M (Peak 108.62M) | Time:00:00.15 | Mem:0.03M, Peak:0.03M | Scene, ViewLayer | Updating Procedurals
Fra:1 Mem:79.44M (Peak 108.62M) | Time:00:00.15 | Mem:0.03M, Peak:0.03M | Scene, ViewLayer | Updating Background
Fra:1 Mem:79.44M (Peak 108.62M) | Time:00:00.15 | Mem:0.03M, Peak:0.03M | Scene, ViewLayer | Updating Camera
Fra:1 Mem:79.44M (Peak 108.62M) | Time:00:00.15 | Mem:0.03M, Peak:0.03M | Scene, ViewLayer | Updating Meshes Flags
Fra:1 Mem:79.44M (Peak 108.62M) | Time:00:00.15 | Mem:0.03M, Peak:0.03M | Scene, ViewLayer | Updating Objects
Fra:1 Mem:79.44M (Peak 108.62M) | Time:00:00.15 | Mem:0.03M, Peak:0.03M | Scene, ViewLayer | Updating Objects | Copying Transformations to device
Fra:1 Mem:79.63M (Peak 108.62M) | Time:00:00.15 | Mem:0.21M, Peak:0.21M | Scene, ViewLayer | Updating Objects | Applying Static Transformations
Fra:1 Mem:79.63M (Peak 108.62M) | Time:00:00.15 | Mem:0.21M, Peak:0.21M | Scene, ViewLayer | Updating Particle Systems
Fra:1 Mem:79.63M (Peak 108.62M) | Time:00:00.15 | Mem:0.21M, Peak:0.21M | Scene, ViewLayer | Updating Particle Systems | Copying Particles to device
Fra:1 Mem:79.63M (Peak 108.62M) | Time:00:00.15 | Mem:0.21M, Peak:0.21M | Scene, ViewLayer | Updating Meshes
Fra:1 Mem:81.05M (Peak 108.62M) | Time:00:00.16 | Mem:0.21M, Peak:0.21M | Scene, ViewLayer | Updating Mesh | Computing attributes
Fra:1 Mem:83.75M (Peak 108.62M) | Time:00:00.16 | Mem:0.26M, Peak:0.26M | Scene, ViewLayer | Updating Mesh | Copying Attributes to device
Fra:1 Mem:83.63M (Peak 108.62M) | Time:00:00.16 | Mem:2.80M, Peak:2.80M | Scene, ViewLayer | Updating Scene BVH | Building
Fra:1 Mem:83.64M (Peak 108.62M) | Time:00:00.16 | Mem:2.80M, Peak:2.80M | Scene, ViewLayer | Updating Scene BVH | Building BVH
Fra:1 Mem:83.64M (Peak 108.62M) | Time:00:00.16 | Mem:5.63M, Peak:5.63M | Scene, ViewLayer | Updating Scene BVH | Building BVH 0%
Fra:1 Mem:83.64M (Peak 108.62M) | Time:00:00.23 | Mem:9.02M, Peak:11.86M | Scene, ViewLayer | Updating Scene BVH | Copying BVH to device
Fra:1 Mem:83.64M (Peak 108.62M) | Time:00:00.23 | Mem:9.02M, Peak:11.86M | Scene, ViewLayer | Updating Mesh | Computing normals
Fra:1 Mem:92.19M (Peak 108.62M) | Time:00:00.23 | Mem:9.02M, Peak:11.86M | Scene, ViewLayer | Updating Mesh | Copying Mesh to device
Fra:1 Mem:92.19M (Peak 108.62M) | Time:00:00.23 | Mem:17.57M, Peak:17.57M | Scene, ViewLayer | Updating Objects Flags
Fra:1 Mem:92.19M (Peak 108.62M) | Time:00:00.23 | Mem:17.57M, Peak:17.57M | Scene, ViewLayer | Updating Primitive Offsets
Fra:1 Mem:92.19M (Peak 108.62M) | Time:00:00.23 | Mem:17.58M, Peak:17.58M | Scene, ViewLayer | Updating Images
Fra:1 Mem:92.19M (Peak 108.62M) | Time:00:00.23 | Mem:17.58M, Peak:17.58M | Scene, ViewLayer | Updating Camera Volume
Fra:1 Mem:92.19M (Peak 108.62M) | Time:00:00.23 | Mem:17.58M, Peak:17.58M | Scene, ViewLayer | Updating Lookup Tables
Fra:1 Mem:92.19M (Peak 108.62M) | Time:00:00.23 | Mem:17.66M, Peak:17.66M | Scene, ViewLayer | Updating Lights
Fra:1 Mem:92.19M (Peak 108.62M) | Time:00:00.23 | Mem:17.66M, Peak:17.66M | Scene, ViewLayer | Updating Lights | Computing tree
Fra:1 Mem:92.40M (Peak 108.62M) | Time:00:00.23 | Mem:17.87M, Peak:17.87M | Scene, ViewLayer | Updating Integrator
Fra:1 Mem:92.40M (Peak 108.62M) | Time:00:00.23 | Mem:17.87M, Peak:17.87M | Scene, ViewLayer | Updating Film
Fra:1 Mem:92.40M (Peak 108.62M) | Time:00:00.23 | Mem:17.78M, Peak:17.87M | Scene, ViewLayer | Updating Lookup Tables
Fra:1 Mem:92.40M (Peak 108.62M) | Time:00:00.23 | Mem:17.87M, Peak:17.87M | Scene, ViewLayer | Updating Baking
Fra:1 Mem:92.40M (Peak 108.62M) | Time:00:00.23 | Mem:17.87M, Peak:17.87M | Scene, ViewLayer | Updating Device | Writing constant memory
Fra:1 Mem:92.42M (Peak 108.62M) | Time:00:00.23 | Mem:17.87M, Peak:17.87M | Scene, ViewLayer | Sample 0/64
Fra:1 Mem:145.30M (Peak 145.30M) | Time:00:01.26 | Remaining:01:04.66 | Mem:70.74M, Peak:70.74M | Scene, ViewLayer | Sample 1/64
Fra:1 Mem:145.30M (Peak 145.30M) | Time:00:27.25 | Remaining:00:25.37 | Mem:70.74M, Peak:70.74M | Scene, ViewLayer | Sample 33/64
Fra:1 Mem:168.80M (Peak 215.79M) | Time:00:52.58 | Mem:70.74M, Peak:70.74M | Scene, ViewLayer | Sample 64/64
Fra:1 Mem:168.80M (Peak 215.79M) | Time:00:52.58 | Mem:70.74M, Peak:70.74M | Scene, ViewLayer | Finished
Saved: '/root/sidereal_spacetime/assets/art-library/designs/cargo.carrier.grid-support/revisions/r000/a002/mixed-stack.png'
Time: 00:52.72 (Saving: 00:00.13)

Fra:1 Mem:96.49M (Peak 96.69M) | Time:00:00.04 | Mem:0.00M, Peak:0.00M | Scene, ViewLayer | Synchronizing object | GEO-REVIEW-floor
Fra:1 Mem:96.51M (Peak 96.69M) | Time:00:00.04 | Mem:0.00M, Peak:0.00M | Scene, ViewLayer | Synchronizing object | GEO-REVIEW-height-gauge--0.375--0.375
Fra:1 Mem:96.53M (Peak 96.69M) | Time:00:00.04 | Mem:0.00M, Peak:0.00M | Scene, ViewLayer | Synchronizing object | GEO-REVIEW-height-gauge--0.375-2.375
Fra:1 Mem:96.54M (Peak 96.69M) | Time:00:00.04 | Mem:0.00M, Peak:0.00M | Scene, ViewLayer | Synchronizing object | GEO-REVIEW-height-gauge-2.375--0.375
Fra:1 Mem:96.56M (Peak 96.69M) | Time:00:00.04 | Mem:0.00M, Peak:0.00M | Scene, ViewLayer | Synchronizing object | GEO-REVIEW-height-gauge-2.375-2.375
Fra:1 Mem:96.57M (Peak 96.69M) | Time:00:00.04 | Mem:0.00M, Peak:0.00M | Scene, ViewLayer | Synchronizing object | GEO-REVIEW-roof-datum--0.375
Fra:1 Mem:96.58M (Peak 96.69M) | Time:00:00.04 | Mem:0.00M, Peak:0.00M | Scene, ViewLayer | Synchronizing object | GEO-REVIEW-roof-datum-2.375
Fra:1 Mem:96.58M (Peak 96.69M) | Time:00:00.04 | Mem:0.00M, Peak:0.00M | Scene, ViewLayer | Synchronizing object | GEO-FIXTURE-base-GEO-carrier-2m-lower-deck
Fra:1 Mem:96.59M (Peak 96.69M) | Time:00:00.04 | Mem:0.00M, Peak:0.00M | Scene, ViewLayer | Synchronizing object | GEO-FIXTURE-base-GEO-carrier-2m-upper-deck
Fra:1 Mem:96.61M (Peak 96.69M) | Time:00:00.04 | Mem:0.00M, Peak:0.00M | Scene, ViewLayer | Synchronizing object | GEO-FIXTURE-base-GEO-carrier-2m-BEARING-bottom-0-0
Fra:1 Mem:96.61M (Peak 96.69M) | Time:00:00.04 | Mem:0.00M, Peak:0.00M | Scene, ViewLayer | Synchronizing object | GEO-FIXTURE-base-GEO-carrier-2m-BEARING-top-0-0
Fra:1 Mem:96.61M (Peak 96.69M) | Time:00:00.04 | Mem:0.00M, Peak:0.00M | Scene, ViewLayer | Synchronizing object | GEO-FIXTURE-base-GEO-carrier-2m-top-restraint-0-0-0.045
Fra:1 Mem:96.62M (Peak 96.69M) | Time:00:00.04 | Mem:0.00M, Peak:0.00M | Scene, ViewLayer | Synchronizing object | GEO-FIXTURE-base-GEO-carrier-2m-top-restraint-0-0-0.94
Fra:1 Mem:96.64M (Peak 96.69M) | Time:00:00.04 | Mem:0.00M, Peak:0.00M | Scene, ViewLayer | Synchronizing object | GEO-FIXTURE-base-GEO-carrier-2m-BEARING-bottom-0-1
Fra:1 Mem:96.64M (Peak 96.69M) | Time:00:00.04 | Mem:0.00M, Peak:0.00M | Scene, ViewLayer | Synchronizing object | GEO-FIXTURE-base-GEO-carrier-2m-BEARING-top-0-1
Fra:1 Mem:96.64M (Peak 96.69M) | Time:00:00.04 | Mem:0.00M, Peak:0.00M | Scene, ViewLayer | Synchronizing object | GEO-FIXTURE-base-GEO-carrier-2m-top-restraint-0-1-1.045
Fra:1 Mem:96.66M (Peak 96.69M) | Time:00:00.04 | Mem:0.00M, Peak:0.00M | Scene, ViewLayer | Synchronizing object | GEO-FIXTURE-base-GEO-carrier-2m-top-restraint-0-1-1.94
Fra:1 Mem:96.68M (Peak 96.69M) | Time:00:00.04 | Mem:0.00M, Peak:0.00M | Scene, ViewLayer | Synchronizing object | GEO-FIXTURE-base-GEO-carrier-2m-BEARING-bottom-1-0
Fra:1 Mem:96.68M (Peak 96.69M) | Time:00:00.04 | Mem:0.00M, Peak:0.00M | Scene, ViewLayer | Synchronizing object | GEO-FIXTURE-base-GEO-carrier-2m-BEARING-top-1-0
Fra:1 Mem:96.68M (Peak 96.69M) | Time:00:00.04 | Mem:0.00M, Peak:0.00M | Scene, ViewLayer | Synchronizing object | GEO-FIXTURE-base-GEO-carrier-2m-top-restraint-1-0-0.045
Fra:1 Mem:96.69M (Peak 96.69M) | Time:00:00.04 | Mem:0.00M, Peak:0.00M | Scene, ViewLayer | Synchronizing object | GEO-FIXTURE-base-GEO-carrier-2m-top-restraint-1-0-0.94
Fra:1 Mem:96.71M (Peak 96.71M) | Time:00:00.04 | Mem:0.00M, Peak:0.00M | Scene, ViewLayer | Synchronizing object | GEO-FIXTURE-base-GEO-carrier-2m-BEARING-bottom-1-1
Fra:1 Mem:96.71M (Peak 96.71M) | Time:00:00.04 | Mem:0.00M, Peak:0.00M | Scene, ViewLayer | Synchronizing object | GEO-FIXTURE-base-GEO-carrier-2m-BEARING-top-1-1
Fra:1 Mem:96.71M (Peak 96.71M) | Time:00:00.04 | Mem:0.00M, Peak:0.00M | Scene, ViewLayer | Synchronizing object | GEO-FIXTURE-base-GEO-carrier-2m-top-restraint-1-1-1.045
Fra:1 Mem:96.72M (Peak 96.72M) | Time:00:00.04 | Mem:0.00M, Peak:0.00M | Scene, ViewLayer | Synchronizing object | GEO-FIXTURE-base-GEO-carrier-2m-top-restraint-1-1-1.94
Fra:1 Mem:96.74M (Peak 96.74M) | Time:00:00.04 | Mem:0.00M, Peak:0.00M | Scene, ViewLayer | Synchronizing object | GEO-FIXTURE-base-GEO-carrier-2m-corner-post-0-0
Fra:1 Mem:96.75M (Peak 96.75M) | Time:00:00.04 | Mem:0.00M, Peak:0.00M | Scene, ViewLayer | Synchronizing object | GEO-FIXTURE-base-GEO-carrier-2m-corner-shell-0-0
Fra:1 Mem:96.77M (Peak 96.77M) | Time:00:00.04 | Mem:0.00M, Peak:0.00M | Scene, ViewLayer | Synchronizing object | GEO-FIXTURE-base-GEO-carrier-2m-corner-post-0-1.90625
Fra:1 Mem:96.78M (Peak 96.78M) | Time:00:00.04 | Mem:0.00M, Peak:0.00M | Scene, ViewLayer | Synchronizing object | GEO-FIXTURE-base-GEO-carrier-2m-corner-shell-0-1.90625
Fra:1 Mem:96.80M (Peak 96.80M) | Time:00:00.04 | Mem:0.00M, Peak:0.00M | Scene, ViewLayer | Synchronizing object | GEO-FIXTURE-base-GEO-carrier-2m-corner-post-1.90625-0
Fra:1 Mem:96.81M (Peak 96.81M) | Time:00:00.04 | Mem:0.00M, Peak:0.00M | Scene, ViewLayer | Synchronizing object | GEO-FIXTURE-base-GEO-carrier-2m-corner-shell-1.90625-0
Fra:1 Mem:96.83M (Peak 96.83M) | Time:00:00.04 | Mem:0.00M, Peak:0.00M | Scene, ViewLayer | Synchronizing object | GEO-FIXTURE-base-GEO-carrier-2m-corner-post-1.90625-1.90625
Fra:1 Mem:96.84M (Peak 96.84M) | Time:00:00.04 | Mem:0.00M, Peak:0.00M | Scene, ViewLayer | Synchronizing object | GEO-FIXTURE-base-GEO-carrier-2m-corner-shell-1.90625-1.90625
Fra:1 Mem:96.86M (Peak 96.86M) | Time:00:00.04 | Mem:0.00M, Peak:0.00M | Scene, ViewLayer | Synchronizing object | GEO-FIXTURE-base-GEO-carrier-2m-front-rail-0
Fra:1 Mem:96.87M (Peak 96.87M) | Time:00:00.04 | Mem:0.00M, Peak:0.00M | Scene, ViewLayer | Synchronizing object | GEO-FIXTURE-base-GEO-carrier-2m-latch-0.15-0
Fra:1 Mem:96.89M (Peak 96.89M) | Time:00:00.04 | Mem:0.00M, Peak:0.00M | Scene, ViewLayer | Synchronizing object | GEO-FIXTURE-base-GEO-carrier-2m-latch-grip-0.15-0
Fra:1 Mem:96.91M (Peak 96.91M) | Time:00:00.04 | Mem:0.00M, Peak:0.00M | Scene, ViewLayer | Synchronizing object | GEO-FIXTURE-base-GEO-carrier-2m-latch-1.65-0
Fra:1 Mem:96.92M (Peak 96.92M) | Time:00:00.04 | Mem:0.00M, Peak:0.00M | Scene, ViewLayer | Synchronizing object | GEO-FIXTURE-base-GEO-carrier-2m-latch-grip-1.65-0
Fra:1 Mem:96.94M (Peak 96.94M) | Time:00:00.04 | Mem:0.00M, Peak:0.00M | Scene, ViewLayer | Synchronizing object | GEO-FIXTURE-base-GEO-carrier-2m-status-0
Fra:1 Mem:96.95M (Peak 96.95M) | Time:00:00.04 | Mem:0.00M, Peak:0.00M | Scene, ViewLayer | Synchronizing object | GEO-FIXTURE-base-GEO-carrier-2m-front-rail-1.9375
Fra:1 Mem:96.97M (Peak 96.97M) | Time:00:00.04 | Mem:0.00M, Peak:0.00M | Scene, ViewLayer | Synchronizing object | GEO-FIXTURE-base-GEO-carrier-2m-latch-0.15-1.9375
Fra:1 Mem:96.98M (Peak 96.98M) | Time:00:00.04 | Mem:0.00M, Peak:0.00M | Scene, ViewLayer | Synchronizing object | GEO-FIXTURE-base-GEO-carrier-2m-latch-grip-0.15-1.9375
Fra:1 Mem:97.00M (Peak 97.00M) | Time:00:00.04 | Mem:0.00M, Peak:0.00M | Scene, ViewLayer | Synchronizing object | GEO-FIXTURE-base-GEO-carrier-2m-latch-1.65-1.9375
Fra:1 Mem:97.01M (Peak 97.01M) | Time:00:00.04 | Mem:0.00M, Peak:0.00M | Scene, ViewLayer | Synchronizing object | GEO-FIXTURE-base-GEO-carrier-2m-latch-grip-1.65-1.9375
Fra:1 Mem:97.03M (Peak 97.03M) | Time:00:00.04 | Mem:0.00M, Peak:0.00M | Scene, ViewLayer | Synchronizing object | GEO-FIXTURE-base-GEO-carrier-2m-status-1.9375
Fra:1 Mem:97.04M (Peak 97.04M) | Time:00:00.04 | Mem:0.00M, Peak:0.00M | Scene, ViewLayer | Synchronizing object | GEO-FIXTURE-base-GEO-carrier-2m-side-lower-rail-0
Fra:1 Mem:97.06M (Peak 97.06M) | Time:00:00.04 | Mem:0.00M, Peak:0.00M | Scene, ViewLayer | Synchronizing object | GEO-FIXTURE-base-GEO-carrier-2m-side-upper-rail-0
Fra:1 Mem:97.07M (Peak 97.07M) | Time:00:00.04 | Mem:0.00M, Peak:0.00M | Scene, ViewLayer | Synchronizing object | GEO-FIXTURE-base-GEO-carrier-2m-side-lower-rail-1.9375
Fra:1 Mem:97.09M (Peak 97.09M) | Time:00:00.04 | Mem:0.00M, Peak:0.00M | Scene, ViewLayer | Synchronizing object | GEO-FIXTURE-base-GEO-carrier-2m-side-upper-rail-1.9375
Fra:1 Mem:97.10M (Peak 97.10M) | Time:00:00.04 | Mem:0.00M, Peak:0.00M | Scene, ViewLayer | Synchronizing object | GEO-FIXTURE-base-GEO-carrier-2m-intermediate-post-0-0.953125
Fra:1 Mem:97.12M (Peak 97.12M) | Time:00:00.04 | Mem:0.00M, Peak:0.00M | Scene, ViewLayer | Synchronizing object | GEO-FIXTURE-base-GEO-carrier-2m-intermediate-post-1.90625-0.953
Fra:1 Mem:97.13M (Peak 97.13M) | Time:00:00.04 | Mem:0.00M, Peak:0.00M | Scene, ViewLayer | Synchronizing object | GEO-FIXTURE-base-GEO-carrier-2m-intermediate-post-0.953125-0
Fra:1 Mem:97.15M (Peak 97.15M) | Time:00:00.04 | Mem:0.00M, Peak:0.00M | Scene, ViewLayer | Synchronizing object | GEO-FIXTURE-base-GEO-carrier-2m-intermediate-post-0.953125-1.90
Fra:1 Mem:97.17M (Peak 97.17M) | Time:00:00.04 | Mem:0.00M, Peak:0.00M | Scene, ViewLayer | Synchronizing object | GEO-FIXTURE-middle-0-0-GEO-carrier-1m-lower-deck
Fra:1 Mem:97.18M (Peak 97.18M) | Time:00:00.04 | Mem:0.00M, Peak:0.00M | Scene, ViewLayer | Synchronizing object | GEO-FIXTURE-middle-0-0-GEO-carrier-1m-upper-deck
Fra:1 Mem:97.20M (Peak 97.20M) | Time:00:00.04 | Mem:0.00M, Peak:0.00M | Scene, ViewLayer | Synchronizing object | GEO-FIXTURE-middle-0-0-GEO-carrier-1m-BEARING-bottom-0-0
Fra:1 Mem:97.20M (Peak 97.20M) | Time:00:00.04 | Mem:0.00M, Peak:0.00M | Scene, ViewLayer | Synchronizing object | GEO-FIXTURE-middle-0-0-GEO-carrier-1m-BEARING-top-0-0
Fra:1 Mem:97.20M (Peak 97.20M) | Time:00:00.04 | Mem:0.00M, Peak:0.00M | Scene, ViewLayer | Synchronizing object | GEO-FIXTURE-middle-0-0-GEO-carrier-1m-top-restraint-0-0-0.045
Fra:1 Mem:97.21M (Peak 97.21M) | Time:00:00.04 | Mem:0.00M, Peak:0.00M | Scene, ViewLayer | Synchronizing object | GEO-FIXTURE-middle-0-0-GEO-carrier-1m-top-restraint-0-0-0.94
Fra:1 Mem:97.23M (Peak 97.23M) | Time:00:00.04 | Mem:0.00M, Peak:0.00M | Scene, ViewLayer | Synchronizing object | GEO-FIXTURE-middle-0-0-GEO-carrier-1m-corner-post-0-0
Fra:1 Mem:97.24M (Peak 97.24M) | Time:00:00.04 | Mem:0.00M, Peak:0.00M | Scene, ViewLayer | Synchronizing object | GEO-FIXTURE-middle-0-0-GEO-carrier-1m-corner-shell-0-0
Fra:1 Mem:97.26M (Peak 97.26M) | Time:00:00.04 | Mem:0.00M, Peak:0.00M | Scene, ViewLayer | Synchronizing object | GEO-FIXTURE-middle-0-0-GEO-carrier-1m-corner-post-0-0.90625
Fra:1 Mem:97.27M (Peak 97.27M) | Time:00:00.04 | Mem:0.00M, Peak:0.00M | Scene, ViewLayer | Synchronizing object | GEO-FIXTURE-middle-0-0-GEO-carrier-1m-corner-shell-0-0.90625
Fra:1 Mem:97.29M (Peak 97.29M) | Time:00:00.04 | Mem:0.00M, Peak:0.00M | Scene, ViewLayer | Synchronizing object | GEO-FIXTURE-middle-0-0-GEO-carrier-1m-corner-post-0.90625-0
Fra:1 Mem:97.30M (Peak 97.30M) | Time:00:00.04 | Mem:0.00M, Peak:0.00M | Scene, ViewLayer | Synchronizing object | GEO-FIXTURE-middle-0-0-GEO-carrier-1m-corner-shell-0.90625-0
Fra:1 Mem:97.32M (Peak 97.32M) | Time:00:00.04 | Mem:0.00M, Peak:0.00M | Scene, ViewLayer | Synchronizing object | GEO-FIXTURE-middle-0-0-GEO-carrier-1m-corner-post-0.90625-0.906
Fra:1 Mem:97.33M (Peak 97.33M) | Time:00:00.04 | Mem:0.00M, Peak:0.00M | Scene, ViewLayer | Synchronizing object | GEO-FIXTURE-middle-0-0-GEO-carrier-1m-corner-shell-0.90625-0.90
Fra:1 Mem:97.35M (Peak 97.35M) | Time:00:00.04 | Mem:0.00M, Peak:0.00M | Scene, ViewLayer | Synchronizing object | GEO-FIXTURE-middle-0-0-GEO-carrier-1m-front-rail-0
Fra:1 Mem:97.36M (Peak 97.36M) | Time:00:00.04 | Mem:0.00M, Peak:0.00M | Scene, ViewLayer | Synchronizing object | GEO-FIXTURE-middle-0-0-GEO-carrier-1m-latch-0.15-0
Fra:1 Mem:97.39M (Peak 97.39M) | Time:00:00.04 | Mem:0.00M, Peak:0.00M | Scene, ViewLayer | Synchronizing object | GEO-FIXTURE-middle-0-0-GEO-carrier-1m-latch-grip-0.15-0
Fra:1 Mem:97.40M (Peak 97.40M) | Time:00:00.04 | Mem:0.00M, Peak:0.00M | Scene, ViewLayer | Synchronizing object | GEO-FIXTURE-middle-0-0-GEO-carrier-1m-latch-0.65-0
Fra:1 Mem:97.42M (Peak 97.42M) | Time:00:00.04 | Mem:0.00M, Peak:0.00M | Scene, ViewLayer | Synchronizing object | GEO-FIXTURE-middle-0-0-GEO-carrier-1m-latch-grip-0.65-0
Fra:1 Mem:97.43M (Peak 97.43M) | Time:00:00.04 | Mem:0.00M, Peak:0.00M | Scene, ViewLayer | Synchronizing object | GEO-FIXTURE-middle-0-0-GEO-carrier-1m-status-0
Fra:1 Mem:97.45M (Peak 97.45M) | Time:00:00.04 | Mem:0.00M, Peak:0.00M | Scene, ViewLayer | Synchronizing object | GEO-FIXTURE-middle-0-0-GEO-carrier-1m-front-rail-0.9375
Fra:1 Mem:97.46M (Peak 97.46M) | Time:00:00.04 | Mem:0.00M, Peak:0.00M | Scene, ViewLayer | Synchronizing object | GEO-FIXTURE-middle-0-0-GEO-carrier-1m-latch-0.15-0.9375
Fra:1 Mem:97.48M (Peak 97.48M) | Time:00:00.04 | Mem:0.00M, Peak:0.00M | Scene, ViewLayer | Synchronizing object | GEO-FIXTURE-middle-0-0-GEO-carrier-1m-latch-grip-0.15-0.9375
Fra:1 Mem:97.49M (Peak 97.49M) | Time:00:00.04 | Mem:0.00M, Peak:0.00M | Scene, ViewLayer | Synchronizing object | GEO-FIXTURE-middle-0-0-GEO-carrier-1m-latch-0.65-0.9375
Fra:1 Mem:97.51M (Peak 97.51M) | Time:00:00.04 | Mem:0.00M, Peak:0.00M | Scene, ViewLayer | Synchronizing object | GEO-FIXTURE-middle-0-0-GEO-carrier-1m-latch-grip-0.65-0.9375
Fra:1 Mem:97.52M (Peak 97.52M) | Time:00:00.04 | Mem:0.00M, Peak:0.00M | Scene, ViewLayer | Synchronizing object | GEO-FIXTURE-middle-0-0-GEO-carrier-1m-status-0.9375
Fra:1 Mem:97.54M (Peak 97.54M) | Time:00:00.04 | Mem:0.00M, Peak:0.00M | Scene, ViewLayer | Synchronizing object | GEO-FIXTURE-middle-0-0-GEO-carrier-1m-side-lower-rail-0
Fra:1 Mem:97.55M (Peak 97.55M) | Time:00:00.04 | Mem:0.00M, Peak:0.00M | Scene, ViewLayer | Synchronizing object | GEO-FIXTURE-middle-0-0-GEO-carrier-1m-side-upper-rail-0
Fra:1 Mem:97.57M (Peak 97.57M) | Time:00:00.04 | Mem:0.00M, Peak:0.00M | Scene, ViewLayer | Synchronizing object | GEO-FIXTURE-middle-0-0-GEO-carrier-1m-side-lower-rail-0.9375
Fra:1 Mem:97.58M (Peak 97.58M) | Time:00:00.04 | Mem:0.00M, Peak:0.00M | Scene, ViewLayer | Synchronizing object | GEO-FIXTURE-middle-0-0-GEO-carrier-1m-side-upper-rail-0.9375
Fra:1 Mem:97.60M (Peak 97.60M) | Time:00:00.04 | Mem:0.00M, Peak:0.00M | Scene, ViewLayer | Synchronizing object | GEO-FIXTURE-middle-0-1-GEO-carrier-1m-lower-deck
Fra:1 Mem:97.61M (Peak 97.61M) | Time:00:00.04 | Mem:0.00M, Peak:0.00M | Scene, ViewLayer | Synchronizing object | GEO-FIXTURE-middle-0-1-GEO-carrier-1m-upper-deck
Fra:1 Mem:97.63M (Peak 97.63M) | Time:00:00.04 | Mem:0.00M, Peak:0.00M | Scene, ViewLayer | Synchronizing object | GEO-FIXTURE-middle-0-1-GEO-carrier-1m-BEARING-bottom-0-0
Fra:1 Mem:97.63M (Peak 97.63M) | Time:00:00.04 | Mem:0.00M, Peak:0.00M | Scene, ViewLayer | Synchronizing object | GEO-FIXTURE-middle-0-1-GEO-carrier-1m-BEARING-top-0-0
Fra:1 Mem:97.63M (Peak 97.63M) | Time:00:00.04 | Mem:0.00M, Peak:0.00M | Scene, ViewLayer | Synchronizing object | GEO-FIXTURE-middle-0-1-GEO-carrier-1m-top-restraint-0-0-0.045
Fra:1 Mem:97.64M (Peak 97.64M) | Time:00:00.04 | Mem:0.00M, Peak:0.00M | Scene, ViewLayer | Synchronizing object | GEO-FIXTURE-middle-0-1-GEO-carrier-1m-top-restraint-0-0-0.94
Fra:1 Mem:97.66M (Peak 97.66M) | Time:00:00.04 | Mem:0.00M, Peak:0.00M | Scene, ViewLayer | Synchronizing object | GEO-FIXTURE-middle-0-1-GEO-carrier-1m-corner-post-0-0
Fra:1 Mem:97.67M (Peak 97.67M) | Time:00:00.04 | Mem:0.00M, Peak:0.00M | Scene, ViewLayer | Synchronizing object | GEO-FIXTURE-middle-0-1-GEO-carrier-1m-corner-shell-0-0
Fra:1 Mem:97.69M (Peak 97.69M) | Time:00:00.04 | Mem:0.00M, Peak:0.00M | Scene, ViewLayer | Synchronizing object | GEO-FIXTURE-middle-0-1-GEO-carrier-1m-corner-post-0-0.90625
Fra:1 Mem:97.70M (Peak 97.70M) | Time:00:00.04 | Mem:0.00M, Peak:0.00M | Scene, ViewLayer | Synchronizing object | GEO-FIXTURE-middle-0-1-GEO-carrier-1m-corner-shell-0-0.90625
Fra:1 Mem:97.72M (Peak 97.72M) | Time:00:00.04 | Mem:0.00M, Peak:0.00M | Scene, ViewLayer | Synchronizing object | GEO-FIXTURE-middle-0-1-GEO-carrier-1m-corner-post-0.90625-0
Fra:1 Mem:97.74M (Peak 97.74M) | Time:00:00.04 | Mem:0.00M, Peak:0.00M | Scene, ViewLayer | Synchronizing object | GEO-FIXTURE-middle-0-1-GEO-carrier-1m-corner-shell-0.90625-0
Fra:1 Mem:97.75M (Peak 97.75M) | Time:00:00.04 | Mem:0.00M, Peak:0.00M | Scene, ViewLayer | Synchronizing object | GEO-FIXTURE-middle-0-1-GEO-carrier-1m-corner-post-0.90625-0.906
Fra:1 Mem:97.77M (Peak 97.77M) | Time:00:00.04 | Mem:0.00M, Peak:0.00M | Scene, ViewLayer | Synchronizing object | GEO-FIXTURE-middle-0-1-GEO-carrier-1m-corner-shell-0.90625-0.90
Fra:1 Mem:97.78M (Peak 97.78M) | Time:00:00.04 | Mem:0.00M, Peak:0.00M | Scene, ViewLayer | Synchronizing object | GEO-FIXTURE-middle-0-1-GEO-carrier-1m-front-rail-0
Fra:1 Mem:97.80M (Peak 97.80M) | Time:00:00.04 | Mem:0.00M, Peak:0.00M | Scene, ViewLayer | Synchronizing object | GEO-FIXTURE-middle-0-1-GEO-carrier-1m-latch-0.15-0
Fra:1 Mem:97.81M (Peak 97.81M) | Time:00:00.04 | Mem:0.00M, Peak:0.00M | Scene, ViewLayer | Synchronizing object | GEO-FIXTURE-middle-0-1-GEO-carrier-1m-latch-grip-0.15-0
Fra:1 Mem:97.83M (Peak 97.83M) | Time:00:00.04 | Mem:0.00M, Peak:0.00M | Scene, ViewLayer | Synchronizing object | GEO-FIXTURE-middle-0-1-GEO-carrier-1m-latch-0.65-0
Fra:1 Mem:97.84M (Peak 97.84M) | Time:00:00.04 | Mem:0.00M, Peak:0.00M | Scene, ViewLayer | Synchronizing object | GEO-FIXTURE-middle-0-1-GEO-carrier-1m-latch-grip-0.65-0
Fra:1 Mem:97.86M (Peak 97.86M) | Time:00:00.04 | Mem:0.00M, Peak:0.00M | Scene, ViewLayer | Synchronizing object | PAYLOAD-top-GEO-fixed-rear-hinge-saddle.003--export
Fra:1 Mem:97.86M (Peak 97.86M) | Time:00:00.04 | Mem:0.00M, Peak:0.00M | Scene, ViewLayer | Synchronizing object | GEO-FIXTURE-middle-0-1-GEO-carrier-1m-status-0
Fra:1 Mem:97.89M (Peak 97.89M) | Time:00:00.04 | Mem:0.00M, Peak:0.00M | Scene, ViewLayer | Synchronizing object | GEO-FIXTURE-middle-0-1-GEO-carrier-1m-front-rail-0.9375
Fra:1 Mem:97.92M (Peak 97.92M) | Time:00:00.04 | Mem:0.00M, Peak:0.00M | Scene, ViewLayer | Synchronizing object | GEO-FIXTURE-middle-0-1-GEO-carrier-1m-latch-0.15-0.9375
Fra:1 Mem:97.91M (Peak 97.92M) | Time:00:00.04 | Mem:0.00M, Peak:0.00M | Scene, ViewLayer | Synchronizing object | PAYLOAD-top-GEO-fixed-rear-hinge-saddle.002--export
Fra:1 Mem:97.93M (Peak 97.93M) | Time:00:00.04 | Mem:0.00M, Peak:0.00M | Scene, ViewLayer | Synchronizing object | GEO-FIXTURE-middle-0-1-GEO-carrier-1m-latch-grip-0.15-0.9375
Fra:1 Mem:97.95M (Peak 97.95M) | Time:00:00.04 | Mem:0.00M, Peak:0.00M | Scene, ViewLayer | Synchronizing object | PAYLOAD-top-GEO-fixed-rear-hinge-saddle.001--export
Fra:1 Mem:97.94M (Peak 97.95M) | Time:00:00.04 | Mem:0.00M, Peak:0.00M | Scene, ViewLayer | Synchronizing object | GEO-FIXTURE-middle-0-1-GEO-carrier-1m-latch-0.65-0.9375
Fra:1 Mem:97.99M (Peak 97.99M) | Time:00:00.04 | Mem:0.00M, Peak:0.00M | Scene, ViewLayer | Synchronizing object | GEO-FIXTURE-middle-0-1-GEO-carrier-1m-latch-grip-0.65-0.9375
Fra:1 Mem:97.98M (Peak 97.99M) | Time:00:00.04 | Mem:0.00M, Peak:0.00M | Scene, ViewLayer | Synchronizing object | PAYLOAD-top-GEO-fixed-rear-hinge-saddle--export
Fra:1 Mem:98.01M (Peak 98.01M) | Time:00:00.04 | Mem:0.00M, Peak:0.00M | Scene, ViewLayer | Synchronizing object | GEO-FIXTURE-middle-0-1-GEO-carrier-1m-status-0.9375
Fra:1 Mem:98.01M (Peak 98.01M) | Time:00:00.04 | Mem:0.00M, Peak:0.00M | Scene, ViewLayer | Synchronizing object | GEO-FIXTURE-middle-0-1-GEO-carrier-1m-side-lower-rail-0
Fra:1 Mem:98.00M (Peak 98.01M) | Time:00:00.04 | Mem:0.00M, Peak:0.00M | Scene, ViewLayer | Synchronizing object | PAYLOAD-top-GEO-lid-latch-connecting-bridge.001--export
Fra:1 Mem:98.04M (Peak 98.04M) | Time:00:00.04 | Mem:0.00M, Peak:0.00M | Scene, ViewLayer | Synchronizing object | GEO-FIXTURE-middle-0-1-GEO-carrier-1m-side-upper-rail-0
Fra:1 Mem:98.04M (Peak 98.04M) | Time:00:00.04 | Mem:0.00M, Peak:0.00M | Scene, ViewLayer | Synchronizing object | GEO-FIXTURE-middle-0-1-GEO-carrier-1m-side-lower-rail-0.9375
Fra:1 Mem:98.05M (Peak 98.05M) | Time:00:00.04 | Mem:0.00M, Peak:0.00M | Scene, ViewLayer | Synchronizing object | PAYLOAD-top-GEO-lid-latch-connecting-bridge--export
Fra:1 Mem:98.08M (Peak 98.08M) | Time:00:00.04 | Mem:0.00M, Peak:0.00M | Scene, ViewLayer | Synchronizing object | GEO-FIXTURE-middle-0-1-GEO-carrier-1m-side-upper-rail-0.9375
Fra:1 Mem:98.09M (Peak 98.09M) | Time:00:00.04 | Mem:0.00M, Peak:0.00M | Scene, ViewLayer | Synchronizing object | PAYLOAD-top-GEO-inset-lid-gasket.003--export
Fra:1 Mem:98.09M (Peak 98.09M) | Time:00:00.04 | Mem:0.00M, Peak:0.00M | Scene, ViewLayer | Synchronizing object | GEO-FIXTURE-middle-1-0-GEO-carrier-1m-lower-deck
Fra:1 Mem:98.14M (Peak 98.14M) | Time:00:00.04 | Mem:0.00M, Peak:0.00M | Scene, ViewLayer | Synchronizing object | GEO-FIXTURE-middle-1-0-GEO-carrier-1m-upper-deck
Fra:1 Mem:98.14M (Peak 98.14M) | Time:00:00.04 | Mem:0.00M, Peak:0.00M | Scene, ViewLayer | Synchronizing object | PAYLOAD-top-GEO-lid-support-ledge.003--export
Fra:1 Mem:98.15M (Peak 98.15M) | Time:00:00.04 | Mem:0.00M, Peak:0.00M | Scene, ViewLayer | Synchronizing object | GEO-FIXTURE-middle-1-0-GEO-carrier-1m-BEARING-bottom-0-0
Fra:1 Mem:98.16M (Peak 98.16M) | Time:00:00.04 | Mem:0.00M, Peak:0.00M | Scene, ViewLayer | Synchronizing object | GEO-FIXTURE-middle-1-0-GEO-carrier-1m-BEARING-top-0-0
Fra:1 Mem:98.15M (Peak 98.16M) | Time:00:00.04 | Mem:0.00M, Peak:0.00M | Scene, ViewLayer | Synchronizing object | GEO-FIXTURE-middle-1-0-GEO-carrier-1m-top-restraint-0-0-0.045
Fra:1 Mem:98.16M (Peak 98.16M) | Time:00:00.04 | Mem:0.00M, Peak:0.00M | Scene, ViewLayer | Synchronizing object | PAYLOAD-top-GEO-inset-lid-gasket.002--export
Fra:1 Mem:98.16M (Peak 98.16M) | Time:00:00.04 | Mem:0.00M, Peak:0.00M | Scene, ViewLayer | Synchronizing object | GEO-FIXTURE-middle-1-0-GEO-carrier-1m-top-restraint-0-0-0.94
Fra:1 Mem:98.20M (Peak 98.20M) | Time:00:00.04 | Mem:0.00M, Peak:0.00M | Scene, ViewLayer | Synchronizing object | GEO-FIXTURE-middle-1-0-GEO-carrier-1m-corner-post-0-0
Fra:1 Mem:98.20M (Peak 98.20M) | Time:00:00.04 | Mem:0.00M, Peak:0.00M | Scene, ViewLayer | Synchronizing object | PAYLOAD-top-GEO-lid-support-ledge.002--export
Fra:1 Mem:98.23M (Peak 98.23M) | Time:00:00.04 | Mem:0.00M, Peak:0.00M | Scene, ViewLayer | Synchronizing object | GEO-FIXTURE-middle-1-0-GEO-carrier-1m-corner-shell-0-0
Fra:1 Mem:98.22M (Peak 98.23M) | Time:00:00.04 | Mem:0.00M, Peak:0.00M | Scene, ViewLayer | Synchronizing object | PAYLOAD-top-GEO-inset-lid-gasket.001--export
Fra:1 Mem:98.22M (Peak 98.23M) | Time:00:00.04 | Mem:0.00M, Peak:0.00M | Scene, ViewLayer | Synchronizing object | GEO-FIXTURE-middle-1-0-GEO-carrier-1m-corner-post-0-0.90625
Fra:1 Mem:98.27M (Peak 98.27M) | Time:00:00.04 | Mem:0.00M, Peak:0.00M | Scene, ViewLayer | Synchronizing object | GEO-FIXTURE-middle-1-0-GEO-carrier-1m-corner-shell-0-0.90625
Fra:1 Mem:98.26M (Peak 98.27M) | Time:00:00.04 | Mem:0.00M, Peak:0.00M | Scene, ViewLayer | Synchronizing object | PAYLOAD-top-GEO-lid-support-ledge.001--export
Fra:1 Mem:98.28M (Peak 98.28M) | Time:00:00.04 | Mem:0.00M, Peak:0.00M | Scene, ViewLayer | Synchronizing object | GEO-FIXTURE-middle-1-0-GEO-carrier-1m-corner-post-0.90625-0
Fra:1 Mem:98.31M (Peak 98.31M) | Time:00:00.04 | Mem:0.00M, Peak:0.00M | Scene, ViewLayer | Synchronizing object | GEO-FIXTURE-middle-1-0-GEO-carrier-1m-corner-shell-0.90625-0
Fra:1 Mem:98.30M (Peak 98.31M) | Time:00:00.04 | Mem:0.00M, Peak:0.00M | Scene, ViewLayer | Synchronizing object | PAYLOAD-top-GEO-inset-lid-gasket--export
Fra:1 Mem:98.32M (Peak 98.32M) | Time:00:00.04 | Mem:0.00M, Peak:0.00M | Scene, ViewLayer | Synchronizing object | GEO-FIXTURE-middle-1-0-GEO-carrier-1m-corner-post-0.90625-0.906
Fra:1 Mem:98.34M (Peak 98.34M) | Time:00:00.04 | Mem:0.00M, Peak:0.00M | Scene, ViewLayer | Synchronizing object | PAYLOAD-top-GEO-lid-support-ledge--export
Fra:1 Mem:98.35M (Peak 98.35M) | Time:00:00.04 | Mem:0.00M, Peak:0.00M | Scene, ViewLayer | Synchronizing object | GEO-FIXTURE-middle-1-0-GEO-carrier-1m-corner-shell-0.90625-0.90
Fra:1 Mem:98.38M (Peak 98.38M) | Time:00:00.04 | Mem:0.00M, Peak:0.00M | Scene, ViewLayer | Synchronizing object | GEO-FIXTURE-middle-1-0-GEO-carrier-1m-front-rail-0
Fra:1 Mem:98.36M (Peak 98.38M) | Time:00:00.04 | Mem:0.00M, Peak:0.00M | Scene, ViewLayer | Synchronizing object | PAYLOAD-top-GEO-fixed-top-frame.003--export
Fra:1 Mem:98.39M (Peak 98.39M) | Time:00:00.04 | Mem:0.00M, Peak:0.00M | Scene, ViewLayer | Synchronizing object | GEO-FIXTURE-middle-1-0-GEO-carrier-1m-latch-0.15-0
Fra:1 Mem:98.41M (Peak 98.41M) | Time:00:00.04 | Mem:0.00M, Peak:0.00M | Scene, ViewLayer | Synchronizing object | PAYLOAD-top-GEO-fixed-top-frame.002--export
Fra:1 Mem:98.40M (Peak 98.41M) | Time:00:00.04 | Mem:0.00M, Peak:0.00M | Scene, ViewLayer | Synchronizing object | GEO-FIXTURE-middle-1-0-GEO-carrier-1m-latch-grip-0.15-0
Fra:1 Mem:98.45M (Peak 98.45M) | Time:00:00.04 | Mem:0.00M, Peak:0.00M | Scene, ViewLayer | Synchronizing object | GEO-FIXTURE-middle-1-0-GEO-carrier-1m-latch-0.65-0
Fra:1 Mem:98.44M (Peak 98.45M) | Time:00:00.04 | Mem:0.00M, Peak:0.00M | Scene, ViewLayer | Synchronizing object | PAYLOAD-top-GEO-fixed-top-frame.001--export
Fra:1 Mem:98.47M (Peak 98.47M) | Time:00:00.04 | Mem:0.00M, Peak:0.00M | Scene, ViewLayer | Synchronizing object | GEO-FIXTURE-middle-1-0-GEO-carrier-1m-latch-grip-0.65-0
Fra:1 Mem:98.46M (Peak 98.47M) | Time:00:00.04 | Mem:0.00M, Peak:0.00M | Scene, ViewLayer | Synchronizing object | PAYLOAD-top-GEO-fixed-top-frame--export
Fra:1 Mem:98.46M (Peak 98.47M) | Time:00:00.04 | Mem:0.00M, Peak:0.00M | Scene, ViewLayer | Synchronizing object | GEO-FIXTURE-middle-1-0-GEO-carrier-1m-status-0
Fra:1 Mem:98.51M (Peak 98.51M) | Time:00:00.04 | Mem:0.00M, Peak:0.00M | Scene, ViewLayer | Synchronizing object | GEO-FIXTURE-middle-1-0-GEO-carrier-1m-front-rail-0.9375
Fra:1 Mem:98.51M (Peak 98.51M) | Time:00:00.04 | Mem:0.00M, Peak:0.00M | Scene, ViewLayer | Synchronizing object | PAYLOAD-top-GEO-marking-STA / S--export
Fra:1 Mem:98.52M (Peak 98.52M) | Time:00:00.04 | Mem:0.00M, Peak:0.00M | Scene, ViewLayer | Synchronizing object | GEO-FIXTURE-middle-1-0-GEO-carrier-1m-latch-0.15-0.9375
Fra:1 Mem:98.72M (Peak 98.72M) | Time:00:00.04 | Mem:0.00M, Peak:0.00M | Scene, ViewLayer | Synchronizing object | GEO-FIXTURE-middle-1-0-GEO-carrier-1m-latch-grip-0.15-0.9375
Fra:1 Mem:98.80M (Peak 98.80M) | Time:00:00.04 | Mem:0.00M, Peak:0.00M | Scene, ViewLayer | Synchronizing object | GEO-FIXTURE-middle-1-0-GEO-carrier-1m-latch-0.65-0.9375
Fra:1 Mem:98.63M (Peak 98.80M) | Time:00:00.04 | Mem:0.00M, Peak:0.00M | Scene, ViewLayer | Synchronizing object | GEO-FIXTURE-middle-1-0-GEO-carrier-1m-latch-grip-0.65-0.9375
Fra:1 Mem:98.73M (Peak 98.80M) | Time:00:00.04 | Mem:0.00M, Peak:0.00M | Scene, ViewLayer | Synchronizing object | GEO-FIXTURE-middle-1-0-GEO-carrier-1m-status-0.9375
Fra:1 Mem:98.75M (Peak 98.80M) | Time:00:00.04 | Mem:0.00M, Peak:0.00M | Scene, ViewLayer | Synchronizing object | GEO-FIXTURE-middle-1-0-GEO-carrier-1m-side-lower-rail-0
Fra:1 Mem:98.79M (Peak 98.80M) | Time:00:00.04 | Mem:0.00M, Peak:0.00M | Scene, ViewLayer | Synchronizing object | GEO-FIXTURE-middle-1-0-GEO-carrier-1m-side-upper-rail-0
Fra:1 Mem:98.90M (Peak 98.90M) | Time:00:00.04 | Mem:0.00M, Peak:0.00M | Scene, ViewLayer | Synchronizing object | GEO-FIXTURE-middle-1-0-GEO-carrier-1m-side-lower-rail-0.9375
Fra:1 Mem:98.92M (Peak 98.92M) | Time:00:00.04 | Mem:0.00M, Peak:0.00M | Scene, ViewLayer | Synchronizing object | GEO-FIXTURE-middle-1-0-GEO-carrier-1m-side-upper-rail-0.9375
Fra:1 Mem:98.93M (Peak 98.93M) | Time:00:00.04 | Mem:0.00M, Peak:0.00M | Scene, ViewLayer | Synchronizing object | GEO-FIXTURE-middle-1-1-GEO-carrier-1m-lower-deck
Fra:1 Mem:98.92M (Peak 98.93M) | Time:00:00.04 | Mem:0.00M, Peak:0.00M | Scene, ViewLayer | Synchronizing object | GEO-FIXTURE-middle-1-1-GEO-carrier-1m-upper-deck
Fra:1 Mem:98.79M (Peak 98.93M) | Time:00:00.04 | Mem:0.00M, Peak:0.00M | Scene, ViewLayer | Synchronizing object | GEO-FIXTURE-middle-1-1-GEO-carrier-1m-BEARING-bottom-0-0
Fra:1 Mem:98.75M (Peak 98.93M) | Time:00:00.04 | Mem:0.00M, Peak:0.00M | Scene, ViewLayer | Synchronizing object | PAYLOAD-top-GEO-44mm-clear-stack-receiver.015--export
Fra:1 Mem:98.76M (Peak 98.93M) | Time:00:00.04 | Mem:0.00M, Peak:0.00M | Scene, ViewLayer | Synchronizing object | GEO-FIXTURE-middle-1-1-GEO-carrier-1m-BEARING-top-0-0
Fra:1 Mem:98.76M (Peak 98.93M) | Time:00:00.04 | Mem:0.00M, Peak:0.00M | Scene, ViewLayer | Synchronizing object | GEO-FIXTURE-middle-1-1-GEO-carrier-1m-top-restraint-0-0-0.045
Fra:1 Mem:98.79M (Peak 98.93M) | Time:00:00.04 | Mem:0.00M, Peak:0.00M | Scene, ViewLayer | Synchronizing object | GEO-FIXTURE-middle-1-1-GEO-carrier-1m-top-restraint-0-0-0.94
Fra:1 Mem:98.81M (Peak 98.93M) | Time:00:00.04 | Mem:0.00M, Peak:0.00M | Scene, ViewLayer | Synchronizing object | PAYLOAD-top-GEO-44mm-clear-stack-receiver.014--export
Fra:1 Mem:98.80M (Peak 98.93M) | Time:00:00.04 | Mem:0.00M, Peak:0.00M | Scene, ViewLayer | Synchronizing object | GEO-FIXTURE-middle-1-1-GEO-carrier-1m-corner-post-0-0
Fra:1 Mem:98.85M (Peak 98.93M) | Time:00:00.04 | Mem:0.00M, Peak:0.00M | Scene, ViewLayer | Synchronizing object | GEO-FIXTURE-middle-1-1-GEO-carrier-1m-corner-shell-0-0
Fra:1 Mem:98.84M (Peak 98.93M) | Time:00:00.04 | Mem:0.00M, Peak:0.00M | Scene, ViewLayer | Synchronizing object | PAYLOAD-top-GEO-44mm-clear-stack-receiver.013--export
Fra:1 Mem:98.87M (Peak 98.93M) | Time:00:00.04 | Mem:0.00M, Peak:0.00M | Scene, ViewLayer | Synchronizing object | GEO-FIXTURE-middle-1-1-GEO-carrier-1m-corner-post-0-0.90625
Fra:1 Mem:98.87M (Peak 98.93M) | Time:00:00.04 | Mem:0.00M, Peak:0.00M | Scene, ViewLayer | Synchronizing object | GEO-FIXTURE-middle-1-1-GEO-carrier-1m-corner-shell-0-0.90625
Fra:1 Mem:98.86M (Peak 98.93M) | Time:00:00.04 | Mem:0.00M, Peak:0.00M | Scene, ViewLayer | Synchronizing object | PAYLOAD-top-GEO-44mm-clear-stack-receiver.012--export
Fra:1 Mem:98.90M (Peak 98.93M) | Time:00:00.04 | Mem:0.00M, Peak:0.00M | Scene, ViewLayer | Synchronizing object | GEO-FIXTURE-middle-1-1-GEO-carrier-1m-corner-post-0.90625-0
Fra:1 Mem:98.92M (Peak 98.93M) | Time:00:00.04 | Mem:0.00M, Peak:0.00M | Scene, ViewLayer | Synchronizing object | PAYLOAD-top-GEO-stack-receiver-base.003--export
Fra:1 Mem:98.93M (Peak 98.93M) | Time:00:00.04 | Mem:0.00M, Peak:0.00M | Scene, ViewLayer | Synchronizing object | GEO-FIXTURE-middle-1-1-GEO-carrier-1m-corner-shell-0.90625-0
Fra:1 Mem:98.95M (Peak 98.95M) | Time:00:00.04 | Mem:0.00M, Peak:0.00M | Scene, ViewLayer | Synchronizing object | GEO-FIXTURE-middle-1-1-GEO-carrier-1m-corner-post-0.90625-0.906
Fra:1 Mem:98.95M (Peak 98.95M) | Time:00:00.04 | Mem:0.00M, Peak:0.00M | Scene, ViewLayer | Synchronizing object | PAYLOAD-top-GEO-44mm-clear-stack-receiver.011--export
Fra:1 Mem:98.97M (Peak 98.97M) | Time:00:00.04 | Mem:0.00M, Peak:0.00M | Scene, ViewLayer | Synchronizing object | GEO-FIXTURE-middle-1-1-GEO-carrier-1m-corner-shell-0.90625-0.90
Fra:1 Mem:98.98M (Peak 98.98M) | Time:00:00.04 | Mem:0.00M, Peak:0.00M | Scene, ViewLayer | Synchronizing object | PAYLOAD-top-GEO-44mm-clear-stack-receiver.010--export
Fra:1 Mem:99.01M (Peak 99.01M) | Time:00:00.04 | Mem:0.00M, Peak:0.00M | Scene, ViewLayer | Synchronizing object | GEO-FIXTURE-middle-1-1-GEO-carrier-1m-front-rail-0
Fra:1 Mem:99.00M (Peak 99.01M) | Time:00:00.04 | Mem:0.00M, Peak:0.00M | Scene, ViewLayer | Synchronizing object | PAYLOAD-top-GEO-44mm-clear-stack-receiver.009--export
Fra:1 Mem:99.03M (Peak 99.03M) | Time:00:00.04 | Mem:0.00M, Peak:0.00M | Scene, ViewLayer | Synchronizing object | GEO-FIXTURE-middle-1-1-GEO-carrier-1m-latch-0.15-0
Fra:1 Mem:99.05M (Peak 99.05M) | Time:00:00.04 | Mem:0.00M, Peak:0.00M | Scene, ViewLayer | Synchronizing object | GEO-FIXTURE-middle-1-1-GEO-carrier-1m-latch-grip-0.15-0
Fra:1 Mem:99.04M (Peak 99.05M) | Time:00:00.04 | Mem:0.00M, Peak:0.00M | Scene, ViewLayer | Synchronizing object | PAYLOAD-top-GEO-44mm-clear-stack-receiver.008--export
Fra:1 Mem:99.04M (Peak 99.05M) | Time:00:00.04 | Mem:0.00M, Peak:0.00M | Scene, ViewLayer | Synchronizing object | GEO-FIXTURE-middle-1-1-GEO-carrier-1m-latch-0.65-0
Fra:1 Mem:99.09M (Peak 99.09M) | Time:00:00.04 | Mem:0.00M, Peak:0.00M | Scene, ViewLayer | Synchronizing object | GEO-FIXTURE-middle-1-1-GEO-carrier-1m-latch-grip-0.65-0
Fra:1 Mem:99.10M (Peak 99.10M) | Time:00:00.04 | Mem:0.00M, Peak:0.00M | Scene, ViewLayer | Synchronizing object | PAYLOAD-top-GEO-stack-receiver-base.002--export
Fra:1 Mem:99.10M (Peak 99.10M) | Time:00:00.04 | Mem:0.00M, Peak:0.00M | Scene, ViewLayer | Synchronizing object | GEO-FIXTURE-middle-1-1-GEO-carrier-1m-status-0
Fra:1 Mem:99.11M (Peak 99.11M) | Time:00:00.04 | Mem:0.00M, Peak:0.00M | Scene, ViewLayer | Synchronizing object | GEO-FIXTURE-middle-1-1-GEO-carrier-1m-front-rail-0.9375
Fra:1 Mem:99.11M (Peak 99.11M) | Time:00:00.04 | Mem:0.00M, Peak:0.00M | Scene, ViewLayer | Synchronizing object | PAYLOAD-top-GEO-44mm-clear-stack-receiver.007--export
Fra:1 Mem:99.14M (Peak 99.14M) | Time:00:00.04 | Mem:0.00M, Peak:0.00M | Scene, ViewLayer | Synchronizing object | GEO-FIXTURE-middle-1-1-GEO-carrier-1m-latch-0.15-0.9375
Fra:1 Mem:99.16M (Peak 99.16M) | Time:00:00.04 | Mem:0.00M, Peak:0.00M | Scene, ViewLayer | Synchronizing object | PAYLOAD-top-GEO-44mm-clear-stack-receiver.006--export
Fra:1 Mem:99.18M (Peak 99.18M) | Time:00:00.04 | Mem:0.00M, Peak:0.00M | Scene, ViewLayer | Synchronizing object | GEO-FIXTURE-middle-1-1-GEO-carrier-1m-latch-grip-0.15-0.9375
Fra:1 Mem:99.18M (Peak 99.18M) | Time:00:00.04 | Mem:0.00M, Peak:0.00M | Scene, ViewLayer | Synchronizing object | PAYLOAD-top-GEO-44mm-clear-stack-receiver.005--export
Fra:1 Mem:99.17M (Peak 99.18M) | Time:00:00.04 | Mem:0.00M, Peak:0.00M | Scene, ViewLayer | Synchronizing object | GEO-FIXTURE-middle-1-1-GEO-carrier-1m-latch-0.65-0.9375
Fra:1 Mem:99.23M (Peak 99.23M) | Time:00:00.04 | Mem:0.00M, Peak:0.00M | Scene, ViewLayer | Synchronizing object | GEO-FIXTURE-middle-1-1-GEO-carrier-1m-latch-grip-0.65-0.9375
Fra:1 Mem:99.22M (Peak 99.23M) | Time:00:00.04 | Mem:0.00M, Peak:0.00M | Scene, ViewLayer | Synchronizing object | PAYLOAD-top-GEO-44mm-clear-stack-receiver.004--export
Fra:1 Mem:99.25M (Peak 99.25M) | Time:00:00.04 | Mem:0.00M, Peak:0.00M | Scene, ViewLayer | Synchronizing object | GEO-FIXTURE-middle-1-1-GEO-carrier-1m-status-0.9375
Fra:1 Mem:99.25M (Peak 99.25M) | Time:00:00.04 | Mem:0.00M, Peak:0.00M | Scene, ViewLayer | Synchronizing object | GEO-FIXTURE-middle-1-1-GEO-carrier-1m-side-lower-rail-0
Fra:1 Mem:99.26M (Peak 99.26M) | Time:00:00.04 | Mem:0.00M, Peak:0.00M | Scene, ViewLayer | Synchronizing object | PAYLOAD-top-GEO-stack-receiver-base.001--export
Fra:1 Mem:99.28M (Peak 99.28M) | Time:00:00.04 | Mem:0.00M, Peak:0.00M | Scene, ViewLayer | Synchronizing object | GEO-FIXTURE-middle-1-1-GEO-carrier-1m-side-upper-rail-0
Fra:1 Mem:99.31M (Peak 99.31M) | Time:00:00.04 | Mem:0.00M, Peak:0.00M | Scene, ViewLayer | Synchronizing object | GEO-FIXTURE-middle-1-1-GEO-carrier-1m-side-lower-rail-0.9375
Fra:1 Mem:99.30M (Peak 99.31M) | Time:00:00.04 | Mem:0.00M, Peak:0.00M | Scene, ViewLayer | Synchronizing object | PAYLOAD-top-GEO-44mm-clear-stack-receiver.003--export
Fra:1 Mem:99.32M (Peak 99.32M) | Time:00:00.04 | Mem:0.00M, Peak:0.00M | Scene, ViewLayer | Synchronizing object | GEO-FIXTURE-middle-1-1-GEO-carrier-1m-side-upper-rail-0.9375
Fra:1 Mem:99.34M (Peak 99.34M) | Time:00:00.04 | Mem:0.00M, Peak:0.00M | Scene, ViewLayer | Synchronizing object | GEO-FIXTURE-top-GEO-carrier-2m-lower-deck
Fra:1 Mem:99.34M (Peak 99.34M) | Time:00:00.04 | Mem:0.00M, Peak:0.00M | Scene, ViewLayer | Synchronizing object | PAYLOAD-top-GEO-44mm-clear-stack-receiver.002--export
Fra:1 Mem:99.35M (Peak 99.35M) | Time:00:00.04 | Mem:0.00M, Peak:0.00M | Scene, ViewLayer | Synchronizing object | GEO-FIXTURE-top-GEO-carrier-2m-upper-deck
Fra:1 Mem:99.37M (Peak 99.37M) | Time:00:00.04 | Mem:0.00M, Peak:0.00M | Scene, ViewLayer | Synchronizing object | PAYLOAD-top-GEO-44mm-clear-stack-receiver.001--export
Fra:1 Mem:99.37M (Peak 99.37M) | Time:00:00.04 | Mem:0.00M, Peak:0.00M | Scene, ViewLayer | Synchronizing object | GEO-FIXTURE-top-GEO-carrier-2m-BEARING-bottom-0-0
Fra:1 Mem:99.39M (Peak 99.39M) | Time:00:00.04 | Mem:0.00M, Peak:0.00M | Scene, ViewLayer | Synchronizing object | GEO-FIXTURE-top-GEO-carrier-2m-BEARING-top-0-0
Fra:1 Mem:99.40M (Peak 99.40M) | Time:00:00.04 | Mem:0.00M, Peak:0.00M | Scene, ViewLayer | Synchronizing object | GEO-FIXTURE-top-GEO-carrier-2m-top-restraint-0-0-0.045
Fra:1 Mem:99.39M (Peak 99.40M) | Time:00:00.04 | Mem:0.00M, Peak:0.00M | Scene, ViewLayer | Synchronizing object | PAYLOAD-top-GEO-44mm-clear-stack-receiver--export
Fra:1 Mem:99.39M (Peak 99.40M) | Time:00:00.04 | Mem:0.00M, Peak:0.00M | Scene, ViewLayer | Synchronizing object | GEO-FIXTURE-top-GEO-carrier-2m-top-restraint-0-0-0.94
Fra:1 Mem:99.44M (Peak 99.44M) | Time:00:00.04 | Mem:0.00M, Peak:0.00M | Scene, ViewLayer | Synchronizing object | GEO-FIXTURE-top-GEO-carrier-2m-BEARING-bottom-0-1
Fra:1 Mem:99.44M (Peak 99.44M) | Time:00:00.04 | Mem:0.00M, Peak:0.00M | Scene, ViewLayer | Synchronizing object | GEO-FIXTURE-top-GEO-carrier-2m-BEARING-top-0-1
Fra:1 Mem:99.44M (Peak 99.44M) | Time:00:00.04 | Mem:0.00M, Peak:0.00M | Scene, ViewLayer | Synchronizing object | GEO-FIXTURE-top-GEO-carrier-2m-top-restraint-0-1-1.045
Fra:1 Mem:99.42M (Peak 99.44M) | Time:00:00.04 | Mem:0.00M, Peak:0.00M | Scene, ViewLayer | Synchronizing object | PAYLOAD-top-GEO-stack-receiver-base--export
Fra:1 Mem:99.45M (Peak 99.45M) | Time:00:00.04 | Mem:0.00M, Peak:0.00M | Scene, ViewLayer | Synchronizing object | GEO-FIXTURE-top-GEO-carrier-2m-top-restraint-0-1-1.94
Fra:1 Mem:99.48M (Peak 99.48M) | Time:00:00.04 | Mem:0.00M, Peak:0.00M | Scene, ViewLayer | Synchronizing object | PAYLOAD-top-GEO-front-fitted-panel--export
Fra:1 Mem:99.47M (Peak 99.48M) | Time:00:00.04 | Mem:0.00M, Peak:0.00M | Scene, ViewLayer | Synchronizing object | GEO-FIXTURE-top-GEO-carrier-2m-BEARING-bottom-1-0
Fra:1 Mem:99.50M (Peak 99.50M) | Time:00:00.04 | Mem:0.00M, Peak:0.00M | Scene, ViewLayer | Synchronizing object | GEO-FIXTURE-top-GEO-carrier-2m-BEARING-top-1-0
Fra:1 Mem:99.50M (Peak 99.50M) | Time:00:00.04 | Mem:0.00M, Peak:0.00M | Scene, ViewLayer | Synchronizing object | GEO-FIXTURE-top-GEO-carrier-2m-top-restraint-1-0-0.045
Fra:1 Mem:99.52M (Peak 99.52M) | Time:00:00.04 | Mem:0.00M, Peak:0.00M | Scene, ViewLayer | Synchronizing object | GEO-FIXTURE-top-GEO-carrier-2m-top-restraint-1-0-0.94
Fra:1 Mem:99.56M (Peak 99.56M) | Time:00:00.04 | Mem:0.00M, Peak:0.00M | Scene, ViewLayer | Synchronizing object | GEO-FIXTURE-top-GEO-carrier-2m-BEARING-bottom-1-1
Fra:1 Mem:99.54M (Peak 99.56M) | Time:00:00.04 | Mem:0.00M, Peak:0.00M | Scene, ViewLayer | Synchronizing object | GEO-FIXTURE-top-GEO-carrier-2m-BEARING-top-1-1
Fra:1 Mem:99.55M (Peak 99.56M) | Time:00:00.04 | Mem:0.00M, Peak:0.00M | Scene, ViewLayer | Synchronizing object | GEO-FIXTURE-top-GEO-carrier-2m-top-restraint-1-1-1.045
Fra:1 Mem:99.53M (Peak 99.56M) | Time:00:00.04 | Mem:0.00M, Peak:0.00M | Scene, ViewLayer | Synchronizing object | PAYLOAD-top-GEO-front-inset--export
Fra:1 Mem:99.53M (Peak 99.56M) | Time:00:00.04 | Mem:0.00M, Peak:0.00M | Scene, ViewLayer | Synchronizing object | GEO-FIXTURE-top-GEO-carrier-2m-top-restraint-1-1-1.94
Fra:1 Mem:99.58M (Peak 99.58M) | Time:00:00.04 | Mem:0.00M, Peak:0.00M | Scene, ViewLayer | Synchronizing object | GEO-FIXTURE-top-GEO-carrier-2m-corner-post-0-0
Fra:1 Mem:99.63M (Peak 99.63M) | Time:00:00.04 | Mem:0.00M, Peak:0.00M | Scene, ViewLayer | Synchronizing object | GEO-FIXTURE-top-GEO-carrier-2m-corner-shell-0-0
Fra:1 Mem:99.59M (Peak 99.63M) | Time:00:00.04 | Mem:0.00M, Peak:0.00M | Scene, ViewLayer | Synchronizing object | PAYLOAD-top-GEO-service-cartridge.001--export
Fra:1 Mem:99.63M (Peak 99.63M) | Time:00:00.04 | Mem:0.00M, Peak:0.00M | Scene, ViewLayer | Synchronizing object | GEO-FIXTURE-top-GEO-carrier-2m-corner-post-0-1.90625
Fra:1 Mem:99.64M (Peak 99.64M) | Time:00:00.04 | Mem:0.00M, Peak:0.00M | Scene, ViewLayer | Synchronizing object | PAYLOAD-top-GEO-glove-grip.001--export
Fra:1 Mem:99.62M (Peak 99.64M) | Time:00:00.04 | Mem:0.00M, Peak:0.00M | Scene, ViewLayer | Synchronizing object | GEO-FIXTURE-top-GEO-carrier-2m-corner-shell-0-1.90625
Fra:1 Mem:99.66M (Peak 99.66M) | Time:00:00.04 | Mem:0.00M, Peak:0.00M | Scene, ViewLayer | Synchronizing object | GEO-FIXTURE-top-GEO-carrier-2m-corner-post-1.90625-0
Fra:1 Mem:99.72M (Peak 99.72M) | Time:00:00.04 | Mem:0.00M, Peak:0.00M | Scene, ViewLayer | Synchronizing object | GEO-FIXTURE-top-GEO-carrier-2m-corner-shell-1.90625-0
Fra:1 Mem:99.70M (Peak 99.72M) | Time:00:00.04 | Mem:0.00M, Peak:0.00M | Scene, ViewLayer | Synchronizing object | PAYLOAD-top-GEO-grip-support.003--export
Fra:1 Mem:99.71M (Peak 99.72M) | Time:00:00.04 | Mem:0.00M, Peak:0.00M | Scene, ViewLayer | Synchronizing object | GEO-FIXTURE-top-GEO-carrier-2m-corner-post-1.90625-1.90625
Fra:1 Mem:99.73M (Peak 99.73M) | Time:00:00.04 | Mem:0.00M, Peak:0.00M | Scene, ViewLayer | Synchronizing object | PAYLOAD-top-GEO-grip-support.002--export
Fra:1 Mem:99.72M (Peak 99.73M) | Time:00:00.04 | Mem:0.00M, Peak:0.00M | Scene, ViewLayer | Synchronizing object | GEO-FIXTURE-top-GEO-carrier-2m-corner-shell-1.90625-1.90625
Fra:1 Mem:99.77M (Peak 99.77M) | Time:00:00.04 | Mem:0.00M, Peak:0.00M | Scene, ViewLayer | Synchronizing object | GEO-FIXTURE-top-GEO-carrier-2m-front-rail-0
Fra:1 Mem:99.76M (Peak 99.77M) | Time:00:00.04 | Mem:0.00M, Peak:0.00M | Scene, ViewLayer | Synchronizing object | PAYLOAD-top-GEO-grip-backing.001--export
Fra:1 Mem:99.78M (Peak 99.78M) | Time:00:00.04 | Mem:0.00M, Peak:0.00M | Scene, ViewLayer | Synchronizing object | GEO-FIXTURE-top-GEO-carrier-2m-latch-0.15-0
Fra:1 Mem:99.80M (Peak 99.80M) | Time:00:00.04 | Mem:0.00M, Peak:0.00M | Scene, ViewLayer | Synchronizing object | PAYLOAD-top-GEO-fitted-side-panel.001--export
Fra:1 Mem:99.82M (Peak 99.82M) | Time:00:00.04 | Mem:0.00M, Peak:0.00M | Scene, ViewLayer | Synchronizing object | GEO-FIXTURE-top-GEO-carrier-2m-latch-grip-0.15-0
Fra:1 Mem:99.84M (Peak 99.84M) | Time:00:00.04 | Mem:0.00M, Peak:0.00M | Scene, ViewLayer | Synchronizing object | GEO-FIXTURE-top-GEO-carrier-2m-latch-1.65-0
Fra:1 Mem:99.87M (Peak 99.87M) | Time:00:00.04 | Mem:0.00M, Peak:0.00M | Scene, ViewLayer | Synchronizing object | GEO-FIXTURE-top-GEO-carrier-2m-latch-grip-1.65-0
Fra:1 Mem:99.86M (Peak 99.87M) | Time:00:00.04 | Mem:0.00M, Peak:0.00M | Scene, ViewLayer | Synchronizing object | PAYLOAD-top-GEO-side-inset-backing.001--export
Fra:1 Mem:99.90M (Peak 99.90M) | Time:00:00.04 | Mem:0.00M, Peak:0.00M | Scene, ViewLayer | Synchronizing object | GEO-FIXTURE-top-GEO-carrier-2m-status-0
Fra:1 Mem:99.91M (Peak 99.91M) | Time:00:00.04 | Mem:0.00M, Peak:0.00M | Scene, ViewLayer | Synchronizing object | GEO-FIXTURE-top-GEO-carrier-2m-front-rail-1.9375
Fra:1 Mem:99.95M (Peak 99.95M) | Time:00:00.04 | Mem:0.00M, Peak:0.00M | Scene, ViewLayer | Synchronizing object | GEO-FIXTURE-top-GEO-carrier-2m-latch-0.15-1.9375
Fra:1 Mem:99.93M (Peak 99.95M) | Time:00:00.04 | Mem:0.00M, Peak:0.00M | Scene, ViewLayer | Synchronizing object | PAYLOAD-top-GEO-service-cartridge--export
Fra:1 Mem:99.92M (Peak 99.95M) | Time:00:00.04 | Mem:0.00M, Peak:0.00M | Scene, ViewLayer | Synchronizing object | GEO-FIXTURE-top-GEO-carrier-2m-latch-grip-0.15-1.9375
Fra:1 Mem:99.95M (Peak 99.95M) | Time:00:00.04 | Mem:0.00M, Peak:0.00M | Scene, ViewLayer | Synchronizing object | GEO-FIXTURE-top-GEO-carrier-2m-latch-1.65-1.9375
Fra:1 Mem:99.97M (Peak 99.97M) | Time:00:00.04 | Mem:0.00M, Peak:0.00M | Scene, ViewLayer | Synchronizing object | PAYLOAD-top-GEO-glove-grip--export
Fra:1 Mem:99.96M (Peak 99.97M) | Time:00:00.04 | Mem:0.00M, Peak:0.00M | Scene, ViewLayer | Synchronizing object | GEO-FIXTURE-top-GEO-carrier-2m-latch-grip-1.65-1.9375
Fra:1 Mem:100.01M (Peak 100.01M) | Time:00:00.04 | Mem:0.00M, Peak:0.00M | Scene, ViewLayer | Synchronizing object | GEO-FIXTURE-top-GEO-carrier-2m-status-1.9375
Fra:1 Mem:100.04M (Peak 100.04M) | Time:00:00.04 | Mem:0.00M, Peak:0.00M | Scene, ViewLayer | Synchronizing object | GEO-FIXTURE-top-GEO-carrier-2m-side-lower-rail-0
Fra:1 Mem:100.03M (Peak 100.04M) | Time:00:00.04 | Mem:0.00M, Peak:0.00M | Scene, ViewLayer | Synchronizing object | PAYLOAD-top-GEO-grip-support.001--export
Fra:1 Mem:100.04M (Peak 100.04M) | Time:00:00.04 | Mem:0.00M, Peak:0.00M | Scene, ViewLayer | Synchronizing object | GEO-FIXTURE-top-GEO-carrier-2m-side-upper-rail-0
Fra:1 Mem:100.07M (Peak 100.07M) | Time:00:00.04 | Mem:0.00M, Peak:0.00M | Scene, ViewLayer | Synchronizing object | PAYLOAD-top-GEO-grip-support--export
Fra:1 Mem:100.08M (Peak 100.08M) | Time:00:00.04 | Mem:0.00M, Peak:0.00M | Scene, ViewLayer | Synchronizing object | GEO-FIXTURE-top-GEO-carrier-2m-side-lower-rail-1.9375
Fra:1 Mem:100.08M (Peak 100.08M) | Time:00:00.04 | Mem:0.00M, Peak:0.00M | Scene, ViewLayer | Synchronizing object | GEO-FIXTURE-top-GEO-carrier-2m-side-upper-rail-1.9375
Fra:1 Mem:100.08M (Peak 100.08M) | Time:00:00.04 | Mem:0.00M, Peak:0.00M | Scene, ViewLayer | Synchronizing object | PAYLOAD-top-GEO-grip-backing--export
Fra:1 Mem:100.13M (Peak 100.13M) | Time:00:00.04 | Mem:0.00M, Peak:0.00M | Scene, ViewLayer | Synchronizing object | GEO-FIXTURE-top-GEO-carrier-2m-intermediate-post-0-0.953125
Fra:1 Mem:100.12M (Peak 100.13M) | Time:00:00.04 | Mem:0.00M, Peak:0.00M | Scene, ViewLayer | Synchronizing object | PAYLOAD-top-GEO-fitted-side-panel--export
Fra:1 Mem:100.16M (Peak 100.16M) | Time:00:00.04 | Mem:0.00M, Peak:0.00M | Scene, ViewLayer | Synchronizing object | GEO-FIXTURE-top-GEO-carrier-2m-intermediate-post-1.90625-0.9531
Fra:1 Mem:100.18M (Peak 100.18M) | Time:00:00.04 | Mem:0.00M, Peak:0.00M | Scene, ViewLayer | Synchronizing object | GEO-FIXTURE-top-GEO-carrier-2m-intermediate-post-0.953125-0
Fra:1 Mem:100.21M (Peak 100.21M) | Time:00:00.04 | Mem:0.00M, Peak:0.00M | Scene, ViewLayer | Synchronizing object | GEO-FIXTURE-top-GEO-carrier-2m-intermediate-post-0.953125-1.906
Fra:1 Mem:100.19M (Peak 100.21M) | Time:00:00.04 | Mem:0.00M, Peak:0.00M | Scene, ViewLayer | Synchronizing object | PAYLOAD-top-GEO-side-inset-backing--export
Fra:1 Mem:100.24M (Peak 100.24M) | Time:00:00.04 | Mem:0.00M, Peak:0.00M | Scene, ViewLayer | Synchronizing object | PAYLOAD-base-GEO-load-skid--export
Fra:1 Mem:100.23M (Peak 100.24M) | Time:00:00.04 | Mem:0.00M, Peak:0.00M | Scene, ViewLayer | Synchronizing object | PAYLOAD-base-GEO-load-skid.001--export
Fra:1 Mem:100.23M (Peak 100.24M) | Time:00:00.04 | Mem:0.00M, Peak:0.00M | Scene, ViewLayer | Synchronizing object | PAYLOAD-top-GEO-rear-hinge-pin.001--export
Fra:1 Mem:100.33M (Peak 100.33M) | Time:00:00.04 | Mem:0.00M, Peak:0.00M | Scene, ViewLayer | Synchronizing object | PAYLOAD-base-GEO-crossmember--export
Fra:1 Mem:100.33M (Peak 100.33M) | Time:00:00.04 | Mem:0.00M, Peak:0.00M | Scene, ViewLayer | Synchronizing object | PAYLOAD-base-GEO-crossmember.001--export
Fra:1 Mem:100.30M (Peak 100.33M) | Time:00:00.04 | Mem:0.00M, Peak:0.00M | Scene, ViewLayer | Synchronizing object | PAYLOAD-top-GEO-rear-hinge-pin--export
Fra:1 Mem:100.37M (Peak 100.37M) | Time:00:00.04 | Mem:0.00M, Peak:0.00M | Scene, ViewLayer | Synchronizing object | PAYLOAD-base-GEO-40mm-locating-foot--export
Fra:1 Mem:100.37M (Peak 100.37M) | Time:00:00.04 | Mem:0.00M, Peak:0.00M | Scene, ViewLayer | Synchronizing object | PAYLOAD-base-GEO-40mm-locating-foot.001--export
Fra:1 Mem:100.37M (Peak 100.37M) | Time:00:00.04 | Mem:0.00M, Peak:0.00M | Scene, ViewLayer | Synchronizing object | PAYLOAD-top-GEO-lid-toggle.001--export
Fra:1 Mem:100.39M (Peak 100.39M) | Time:00:00.04 | Mem:0.00M, Peak:0.00M | Scene, ViewLayer | Synchronizing object | PAYLOAD-base-GEO-40mm-locating-foot.002--export
Fra:1 Mem:100.38M (Peak 100.39M) | Time:00:00.04 | Mem:0.00M, Peak:0.00M | Scene, ViewLayer | Synchronizing object | PAYLOAD-top-GEO-lid-latch-leaf.001--export
Fra:1 Mem:100.42M (Peak 100.42M) | Time:00:00.04 | Mem:0.00M, Peak:0.00M | Scene, ViewLayer | Synchronizing object | PAYLOAD-base-GEO-40mm-locating-foot.003--export
Fra:1 Mem:100.41M (Peak 100.42M) | Time:00:00.04 | Mem:0.00M, Peak:0.00M | Scene, ViewLayer | Synchronizing object | PAYLOAD-top-GEO-lid-toggle--export
Fra:1 Mem:100.41M (Peak 100.42M) | Time:00:00.04 | Mem:0.00M, Peak:0.00M | Scene, ViewLayer | Synchronizing object | PAYLOAD-base-GEO-sealed-floor--export
Fra:1 Mem:100.45M (Peak 100.45M) | Time:00:00.04 | Mem:0.00M, Peak:0.00M | Scene, ViewLayer | Synchronizing object | PAYLOAD-top-GEO-lid-latch-leaf--export
Fra:1 Mem:100.48M (Peak 100.48M) | Time:00:00.04 | Mem:0.00M, Peak:0.00M | Scene, ViewLayer | Synchronizing object | PAYLOAD-base-GEO-closed-side-wall--export
Fra:1 Mem:100.48M (Peak 100.48M) | Time:00:00.04 | Mem:0.00M, Peak:0.00M | Scene, ViewLayer | Synchronizing object | PAYLOAD-top-GEO-lid-cap-end-step.001--export
Fra:1 Mem:100.51M (Peak 100.51M) | Time:00:00.04 | Mem:0.00M, Peak:0.00M | Scene, ViewLayer | Synchronizing object | PAYLOAD-base-GEO-closed-side-wall.001--export
Fra:1 Mem:100.51M (Peak 100.51M) | Time:00:00.04 | Mem:0.00M, Peak:0.00M | Scene, ViewLayer | Synchronizing object | PAYLOAD-top-GEO-lid-cap-end-step--export
Fra:1 Mem:100.54M (Peak 100.54M) | Time:00:00.04 | Mem:0.00M, Peak:0.00M | Scene, ViewLayer | Synchronizing object | PAYLOAD-base-GEO-closed-rear-wall--export
Fra:1 Mem:100.54M (Peak 100.54M) | Time:00:00.04 | Mem:0.00M, Peak:0.00M | Scene, ViewLayer | Synchronizing object | PAYLOAD-top-GEO-lid-fitted-cap--export
Fra:1 Mem:100.56M (Peak 100.56M) | Time:00:00.04 | Mem:0.00M, Peak:0.00M | Scene, ViewLayer | Synchronizing object | PAYLOAD-base-GEO-closed-front-wall--export
Fra:1 Mem:100.55M (Peak 100.56M) | Time:00:00.04 | Mem:0.00M, Peak:0.00M | Scene, ViewLayer | Synchronizing object | PAYLOAD-base-GEO-corner-load-column--export
Fra:1 Mem:100.56M (Peak 100.56M) | Time:00:00.04 | Mem:0.00M, Peak:0.00M | Scene, ViewLayer | Synchronizing object | PAYLOAD-top-GEO-lid-recess-base--export
Fra:1 Mem:100.59M (Peak 100.59M) | Time:00:00.04 | Mem:0.00M, Peak:0.00M | Scene, ViewLayer | Synchronizing object | PAYLOAD-base-GEO-stepped-corner-armor--export
Fra:1 Mem:100.62M (Peak 100.62M) | Time:00:00.04 | Mem:0.00M, Peak:0.00M | Scene, ViewLayer | Synchronizing object | PAYLOAD-top-GEO-lid-shoulder-band.001--export
Fra:1 Mem:100.62M (Peak 100.62M) | Time:00:00.04 | Mem:0.00M, Peak:0.00M | Scene, ViewLayer | Synchronizing object | PAYLOAD-base-GEO-stepped-corner-armor.001--export
Fra:1 Mem:100.65M (Peak 100.65M) | Time:00:00.05 | Mem:0.00M, Peak:0.00M | Scene, ViewLayer | Synchronizing object | PAYLOAD-top-GEO-lid-shoulder-band--export
Fra:1 Mem:100.63M (Peak 100.65M) | Time:00:00.05 | Mem:0.00M, Peak:0.00M | Scene, ViewLayer | Synchronizing object | PAYLOAD-base-GEO-corner-load-column.001--export
Fra:1 Mem:100.68M (Peak 100.68M) | Time:00:00.05 | Mem:0.00M, Peak:0.00M | Scene, ViewLayer | Synchronizing object | PAYLOAD-top-GEO-opening-layered-lid--export
Fra:1 Mem:100.68M (Peak 100.68M) | Time:00:00.05 | Mem:0.00M, Peak:0.00M | Scene, ViewLayer | Synchronizing object | PAYLOAD-base-GEO-stepped-corner-armor.002--export
Fra:1 Mem:100.70M (Peak 100.70M) | Time:00:00.05 | Mem:0.00M, Peak:0.00M | Scene, ViewLayer | Synchronizing object | PAYLOAD-top-GEO-stepped-corner-armor.007--export
Fra:1 Mem:100.69M (Peak 100.70M) | Time:00:00.05 | Mem:0.00M, Peak:0.00M | Scene, ViewLayer | Synchronizing object | PAYLOAD-base-GEO-stepped-corner-armor.003--export
Fra:1 Mem:100.71M (Peak 100.71M) | Time:00:00.05 | Mem:0.00M, Peak:0.00M | Scene, ViewLayer | Synchronizing object | PAYLOAD-base-GEO-corner-load-column.002--export
Fra:1 Mem:100.71M (Peak 100.71M) | Time:00:00.05 | Mem:0.00M, Peak:0.00M | Scene, ViewLayer | Synchronizing object | PAYLOAD-top-GEO-stepped-corner-armor.006--export
Fra:1 Mem:100.76M (Peak 100.76M) | Time:00:00.05 | Mem:0.00M, Peak:0.00M | Scene, ViewLayer | Synchronizing object | PAYLOAD-base-GEO-stepped-corner-armor.004--export
Fra:1 Mem:100.75M (Peak 100.76M) | Time:00:00.05 | Mem:0.00M, Peak:0.00M | Scene, ViewLayer | Synchronizing object | PAYLOAD-top-GEO-corner-load-column.003--export
Fra:1 Mem:100.78M (Peak 100.78M) | Time:00:00.05 | Mem:0.00M, Peak:0.00M | Scene, ViewLayer | Synchronizing object | PAYLOAD-base-GEO-stepped-corner-armor.005--export
Fra:1 Mem:100.79M (Peak 100.79M) | Time:00:00.05 | Mem:0.00M, Peak:0.00M | Scene, ViewLayer | Synchronizing object | PAYLOAD-top-GEO-stepped-corner-armor.005--export
Fra:1 Mem:100.82M (Peak 100.82M) | Time:00:00.05 | Mem:0.00M, Peak:0.00M | Scene, ViewLayer | Synchronizing object | PAYLOAD-base-GEO-corner-load-column.003--export
Fra:1 Mem:100.80M (Peak 100.82M) | Time:00:00.05 | Mem:0.00M, Peak:0.00M | Scene, ViewLayer | Synchronizing object | PAYLOAD-top-GEO-stepped-corner-armor.004--export
Fra:1 Mem:100.85M (Peak 100.85M) | Time:00:00.05 | Mem:0.00M, Peak:0.00M | Scene, ViewLayer | Synchronizing object | PAYLOAD-base-GEO-stepped-corner-armor.006--export
Fra:1 Mem:100.83M (Peak 100.85M) | Time:00:00.05 | Mem:0.00M, Peak:0.00M | Scene, ViewLayer | Synchronizing object | PAYLOAD-top-GEO-corner-load-column.002--export
Fra:1 Mem:100.87M (Peak 100.87M) | Time:00:00.05 | Mem:0.00M, Peak:0.00M | Scene, ViewLayer | Synchronizing object | PAYLOAD-base-GEO-stepped-corner-armor.007--export
Fra:1 Mem:100.86M (Peak 100.87M) | Time:00:00.05 | Mem:0.00M, Peak:0.00M | Scene, ViewLayer | Synchronizing object | PAYLOAD-top-GEO-stepped-corner-armor.003--export
Fra:1 Mem:100.89M (Peak 100.89M) | Time:00:00.05 | Mem:0.00M, Peak:0.00M | Scene, ViewLayer | Synchronizing object | PAYLOAD-base-GEO-opening-layered-lid--export
Fra:1 Mem:100.88M (Peak 100.89M) | Time:00:00.05 | Mem:0.00M, Peak:0.00M | Scene, ViewLayer | Synchronizing object | PAYLOAD-top-GEO-stepped-corner-armor.002--export
Fra:1 Mem:100.93M (Peak 100.93M) | Time:00:00.05 | Mem:0.00M, Peak:0.00M | Scene, ViewLayer | Synchronizing object | PAYLOAD-top-GEO-corner-load-column.001--export
Fra:1 Mem:100.91M (Peak 100.93M) | Time:00:00.05 | Mem:0.00M, Peak:0.00M | Scene, ViewLayer | Synchronizing object | PAYLOAD-base-GEO-lid-shoulder-band--export
Fra:1 Mem:100.95M (Peak 100.95M) | Time:00:00.05 | Mem:0.00M, Peak:0.00M | Scene, ViewLayer | Synchronizing object | PAYLOAD-base-GEO-lid-shoulder-band.001--export
Fra:1 Mem:100.95M (Peak 100.95M) | Time:00:00.05 | Mem:0.00M, Peak:0.00M | Scene, ViewLayer | Synchronizing object | PAYLOAD-top-GEO-stepped-corner-armor.001--export
Fra:1 Mem:100.97M (Peak 100.97M) | Time:00:00.05 | Mem:0.00M, Peak:0.00M | Scene, ViewLayer | Synchronizing object | PAYLOAD-base-GEO-lid-recess-base--export
Fra:1 Mem:101.01M (Peak 101.01M) | Time:00:00.05 | Mem:0.00M, Peak:0.00M | Scene, ViewLayer | Synchronizing object | PAYLOAD-top-GEO-stepped-corner-armor--export
Fra:1 Mem:101.01M (Peak 101.01M) | Time:00:00.05 | Mem:0.00M, Peak:0.00M | Scene, ViewLayer | Synchronizing object | PAYLOAD-base-GEO-lid-fitted-cap--export
Fra:1 Mem:101.04M (Peak 101.04M) | Time:00:00.05 | Mem:0.00M, Peak:0.00M | Scene, ViewLayer | Synchronizing object | PAYLOAD-top-GEO-corner-load-column--export
Fra:1 Mem:101.04M (Peak 101.04M) | Time:00:00.05 | Mem:0.00M, Peak:0.00M | Scene, ViewLayer | Synchronizing object | PAYLOAD-base-GEO-lid-cap-end-step--export
Fra:1 Mem:101.06M (Peak 101.06M) | Time:00:00.05 | Mem:0.00M, Peak:0.00M | Scene, ViewLayer | Synchronizing object | PAYLOAD-top-GEO-closed-front-wall--export
Fra:1 Mem:101.07M (Peak 101.07M) | Time:00:00.05 | Mem:0.00M, Peak:0.00M | Scene, ViewLayer | Synchronizing object | PAYLOAD-base-GEO-lid-cap-end-step.001--export
Fra:1 Mem:101.09M (Peak 101.09M) | Time:00:00.05 | Mem:0.00M, Peak:0.00M | Scene, ViewLayer | Synchronizing object | PAYLOAD-top-GEO-closed-rear-wall--export
Fra:1 Mem:101.07M (Peak 101.09M) | Time:00:00.05 | Mem:0.00M, Peak:0.00M | Scene, ViewLayer | Synchronizing object | PAYLOAD-base-GEO-lid-latch-leaf--export
Fra:1 Mem:101.12M (Peak 101.12M) | Time:00:00.05 | Mem:0.00M, Peak:0.00M | Scene, ViewLayer | Synchronizing object | PAYLOAD-top-GEO-closed-side-wall.001--export
Fra:1 Mem:101.10M (Peak 101.12M) | Time:00:00.05 | Mem:0.00M, Peak:0.00M | Scene, ViewLayer | Synchronizing object | PAYLOAD-base-GEO-lid-toggle--export
Fra:1 Mem:101.13M (Peak 101.13M) | Time:00:00.05 | Mem:0.00M, Peak:0.00M | Scene, ViewLayer | Synchronizing object | PAYLOAD-base-GEO-lid-latch-leaf.001--export
Fra:1 Mem:101.12M (Peak 101.13M) | Time:00:00.05 | Mem:0.00M, Peak:0.00M | Scene, ViewLayer | Synchronizing object | PAYLOAD-top-GEO-closed-side-wall--export
Fra:1 Mem:101.18M (Peak 101.18M) | Time:00:00.05 | Mem:0.00M, Peak:0.00M | Scene, ViewLayer | Synchronizing object | PAYLOAD-base-GEO-lid-toggle.001--export
Fra:1 Mem:101.16M (Peak 101.18M) | Time:00:00.05 | Mem:0.00M, Peak:0.00M | Scene, ViewLayer | Synchronizing object | PAYLOAD-top-GEO-sealed-floor--export
Fra:1 Mem:101.21M (Peak 101.21M) | Time:00:00.05 | Mem:0.00M, Peak:0.00M | Scene, ViewLayer | Synchronizing object | PAYLOAD-base-GEO-rear-hinge-pin--export
Fra:1 Mem:101.19M (Peak 101.21M) | Time:00:00.05 | Mem:0.00M, Peak:0.00M | Scene, ViewLayer | Synchronizing object | PAYLOAD-top-GEO-40mm-locating-foot.003--export
Fra:1 Mem:101.24M (Peak 101.24M) | Time:00:00.05 | Mem:0.00M, Peak:0.00M | Scene, ViewLayer | Synchronizing object | PAYLOAD-top-GEO-40mm-locating-foot.002--export
Fra:1 Mem:101.24M (Peak 101.24M) | Time:00:00.05 | Mem:0.00M, Peak:0.00M | Scene, ViewLayer | Synchronizing object | PAYLOAD-base-GEO-rear-hinge-pin.001--export
Fra:1 Mem:101.24M (Peak 101.24M) | Time:00:00.05 | Mem:0.00M, Peak:0.00M | Scene, ViewLayer | Synchronizing object | PAYLOAD-top-GEO-40mm-locating-foot.001--export
Fra:1 Mem:101.29M (Peak 101.29M) | Time:00:00.05 | Mem:0.00M, Peak:0.00M | Scene, ViewLayer | Synchronizing object | PAYLOAD-top-GEO-40mm-locating-foot--export
Fra:1 Mem:101.31M (Peak 101.31M) | Time:00:00.05 | Mem:0.00M, Peak:0.00M | Scene, ViewLayer | Synchronizing object | PAYLOAD-base-GEO-side-inset-backing--export
Fra:1 Mem:101.34M (Peak 101.34M) | Time:00:00.05 | Mem:0.00M, Peak:0.00M | Scene, ViewLayer | Synchronizing object | PAYLOAD-top-GEO-crossmember.001--export
Fra:1 Mem:101.36M (Peak 101.36M) | Time:00:00.05 | Mem:0.00M, Peak:0.00M | Scene, ViewLayer | Synchronizing object | PAYLOAD-base-GEO-fitted-side-panel--export
Fra:1 Mem:101.34M (Peak 101.36M) | Time:00:00.05 | Mem:0.00M, Peak:0.00M | Scene, ViewLayer | Synchronizing object | PAYLOAD-top-GEO-crossmember--export
Fra:1 Mem:101.43M (Peak 101.43M) | Time:00:00.05 | Mem:0.00M, Peak:0.00M | Scene, ViewLayer | Synchronizing object | PAYLOAD-top-GEO-load-skid.001--export
Fra:1 Mem:101.42M (Peak 101.43M) | Time:00:00.05 | Mem:0.00M, Peak:0.00M | Scene, ViewLayer | Synchronizing object | PAYLOAD-base-GEO-grip-backing--export
Fra:1 Mem:101.42M (Peak 101.43M) | Time:00:00.05 | Mem:0.00M, Peak:0.00M | Scene, ViewLayer | Synchronizing object | PAYLOAD-top-GEO-load-skid--export
Fra:1 Mem:101.45M (Peak 101.45M) | Time:00:00.05 | Mem:0.00M, Peak:0.00M | Scene, ViewLayer | Synchronizing object | PAYLOAD-base-GEO-grip-support--export
Fra:1 Mem:101.46M (Peak 101.46M) | Time:00:00.05 | Mem:0.00M, Peak:0.00M | Scene, ViewLayer | Synchronizing object | PAYLOAD-middle-1-1-GEO-fixed-rear-hinge-saddle.003--export
Fra:1 Mem:101.48M (Peak 101.48M) | Time:00:00.05 | Mem:0.00M, Peak:0.00M | Scene, ViewLayer | Synchronizing object | PAYLOAD-base-GEO-grip-support.001--export
Fra:1 Mem:101.49M (Peak 101.49M) | Time:00:00.05 | Mem:0.00M, Peak:0.00M | Scene, ViewLayer | Synchronizing object | PAYLOAD-middle-1-1-GEO-fixed-rear-hinge-saddle.002--export
Fra:1 Mem:101.47M (Peak 101.49M) | Time:00:00.05 | Mem:0.00M, Peak:0.00M | Scene, ViewLayer | Synchronizing object | PAYLOAD-base-GEO-glove-grip--export
Fra:1 Mem:101.55M (Peak 101.55M) | Time:00:00.05 | Mem:0.00M, Peak:0.00M | Scene, ViewLayer | Synchronizing object | PAYLOAD-middle-1-1-GEO-fixed-rear-hinge-saddle.001--export
Fra:1 Mem:101.55M (Peak 101.55M) | Time:00:00.05 | Mem:0.00M, Peak:0.00M | Scene, ViewLayer | Synchronizing object | PAYLOAD-base-GEO-service-cartridge--export
Fra:1 Mem:101.56M (Peak 101.56M) | Time:00:00.05 | Mem:0.00M, Peak:0.00M | Scene, ViewLayer | Synchronizing object | PAYLOAD-middle-1-1-GEO-fixed-rear-hinge-saddle--export
Fra:1 Mem:101.55M (Peak 101.56M) | Time:00:00.05 | Mem:0.00M, Peak:0.00M | Scene, ViewLayer | Synchronizing object | PAYLOAD-base-GEO-side-inset-backing.001--export
Fra:1 Mem:101.58M (Peak 101.58M) | Time:00:00.05 | Mem:0.00M, Peak:0.00M | Scene, ViewLayer | Synchronizing object | PAYLOAD-middle-1-1-GEO-lid-latch-connecting-bridge.001--export
Fra:1 Mem:101.63M (Peak 101.63M) | Time:00:00.05 | Mem:0.00M, Peak:0.00M | Scene, ViewLayer | Synchronizing object | PAYLOAD-middle-1-1-GEO-lid-latch-connecting-bridge--export
Fra:1 Mem:101.60M (Peak 101.63M) | Time:00:00.05 | Mem:0.00M, Peak:0.00M | Scene, ViewLayer | Synchronizing object | PAYLOAD-base-GEO-fitted-side-panel.001--export
Fra:1 Mem:101.65M (Peak 101.65M) | Time:00:00.05 | Mem:0.00M, Peak:0.00M | Scene, ViewLayer | Synchronizing object | PAYLOAD-middle-1-1-GEO-inset-lid-gasket.003--export
Fra:1 Mem:101.69M (Peak 101.69M) | Time:00:00.05 | Mem:0.00M, Peak:0.00M | Scene, ViewLayer | Synchronizing object | PAYLOAD-middle-1-1-GEO-lid-support-ledge.003--export
Fra:1 Mem:101.68M (Peak 101.69M) | Time:00:00.05 | Mem:0.00M, Peak:0.00M | Scene, ViewLayer | Synchronizing object | PAYLOAD-base-GEO-grip-backing.001--export
Fra:1 Mem:101.70M (Peak 101.70M) | Time:00:00.05 | Mem:0.00M, Peak:0.00M | Scene, ViewLayer | Synchronizing object | PAYLOAD-middle-1-1-GEO-inset-lid-gasket.002--export
Fra:1 Mem:101.71M (Peak 101.71M) | Time:00:00.05 | Mem:0.00M, Peak:0.00M | Scene, ViewLayer | Synchronizing object | PAYLOAD-base-GEO-grip-support.002--export
Fra:1 Mem:101.73M (Peak 101.73M) | Time:00:00.05 | Mem:0.00M, Peak:0.00M | Scene, ViewLayer | Synchronizing object | PAYLOAD-middle-1-1-GEO-lid-support-ledge.002--export
Fra:1 Mem:101.73M (Peak 101.73M) | Time:00:00.05 | Mem:0.00M, Peak:0.00M | Scene, ViewLayer | Synchronizing object | PAYLOAD-base-GEO-grip-support.003--export
Fra:1 Mem:101.76M (Peak 101.76M) | Time:00:00.05 | Mem:0.00M, Peak:0.00M | Scene, ViewLayer | Synchronizing object | PAYLOAD-middle-1-1-GEO-inset-lid-gasket.001--export
Fra:1 Mem:101.76M (Peak 101.76M) | Time:00:00.05 | Mem:0.00M, Peak:0.00M | Scene, ViewLayer | Synchronizing object | PAYLOAD-base-GEO-glove-grip.001--export
Fra:1 Mem:101.84M (Peak 101.84M) | Time:00:00.05 | Mem:0.00M, Peak:0.00M | Scene, ViewLayer | Synchronizing object | PAYLOAD-middle-1-1-GEO-lid-support-ledge.001--export
Fra:1 Mem:101.79M (Peak 101.84M) | Time:00:00.05 | Mem:0.00M, Peak:0.00M | Scene, ViewLayer | Synchronizing object | PAYLOAD-base-GEO-service-cartridge.001--export
Fra:1 Mem:101.80M (Peak 101.84M) | Time:00:00.05 | Mem:0.00M, Peak:0.00M | Scene, ViewLayer | Synchronizing object | PAYLOAD-middle-1-1-GEO-inset-lid-gasket--export
Fra:1 Mem:101.84M (Peak 101.84M) | Time:00:00.05 | Mem:0.00M, Peak:0.00M | Scene, ViewLayer | Synchronizing object | PAYLOAD-base-GEO-front-inset--export
Fra:1 Mem:101.83M (Peak 101.84M) | Time:00:00.05 | Mem:0.00M, Peak:0.00M | Scene, ViewLayer | Synchronizing object | PAYLOAD-middle-1-1-GEO-lid-support-ledge--export
Fra:1 Mem:101.91M (Peak 101.91M) | Time:00:00.05 | Mem:0.00M, Peak:0.00M | Scene, ViewLayer | Synchronizing object | PAYLOAD-middle-1-1-GEO-fixed-top-frame.003--export
Fra:1 Mem:101.89M (Peak 101.91M) | Time:00:00.05 | Mem:0.00M, Peak:0.00M | Scene, ViewLayer | Synchronizing object | PAYLOAD-base-GEO-front-fitted-panel--export
Fra:1 Mem:101.94M (Peak 101.94M) | Time:00:00.05 | Mem:0.00M, Peak:0.00M | Scene, ViewLayer | Synchronizing object | PAYLOAD-middle-1-1-GEO-fixed-top-frame.002--export
Fra:1 Mem:101.97M (Peak 101.97M) | Time:00:00.05 | Mem:0.00M, Peak:0.00M | Scene, ViewLayer | Synchronizing object | PAYLOAD-middle-1-1-GEO-fixed-top-frame.001--export
Fra:1 Mem:101.95M (Peak 101.97M) | Time:00:00.05 | Mem:0.00M, Peak:0.00M | Scene, ViewLayer | Synchronizing object | PAYLOAD-base-GEO-stack-receiver-base--export
Fra:1 Mem:101.97M (Peak 101.97M) | Time:00:00.05 | Mem:0.00M, Peak:0.00M | Scene, ViewLayer | Synchronizing object | PAYLOAD-middle-1-1-GEO-fixed-top-frame--export
Fra:1 Mem:101.98M (Peak 101.98M) | Time:00:00.05 | Mem:0.00M, Peak:0.00M | Scene, ViewLayer | Synchronizing object | PAYLOAD-base-GEO-44mm-clear-stack-receiver--export
Fra:1 Mem:102.00M (Peak 102.00M) | Time:00:00.05 | Mem:0.00M, Peak:0.00M | Scene, ViewLayer | Synchronizing object | PAYLOAD-middle-1-1-GEO-marking-STA / S--export
Fra:1 Mem:102.01M (Peak 102.01M) | Time:00:00.05 | Mem:0.00M, Peak:0.00M | Scene, ViewLayer | Synchronizing object | PAYLOAD-base-GEO-44mm-clear-stack-receiver.001--export
Fra:1 Mem:102.22M (Peak 102.22M) | Time:00:00.05 | Mem:0.00M, Peak:0.00M | Scene, ViewLayer | Synchronizing object | PAYLOAD-base-GEO-44mm-clear-stack-receiver.002--export
Fra:1 Mem:102.09M (Peak 102.22M) | Time:00:00.05 | Mem:0.00M, Peak:0.00M | Scene, ViewLayer | Synchronizing object | PAYLOAD-base-GEO-44mm-clear-stack-receiver.003--export
Fra:1 Mem:102.20M (Peak 102.22M) | Time:00:00.05 | Mem:0.00M, Peak:0.00M | Scene, ViewLayer | Synchronizing object | PAYLOAD-base-GEO-stack-receiver-base.001--export
Fra:1 Mem:102.24M (Peak 102.24M) | Time:00:00.05 | Mem:0.00M, Peak:0.00M | Scene, ViewLayer | Synchronizing object | PAYLOAD-base-GEO-44mm-clear-stack-receiver.004--export
Fra:1 Mem:102.36M (Peak 102.36M) | Time:00:00.05 | Mem:0.00M, Peak:0.00M | Scene, ViewLayer | Synchronizing object | PAYLOAD-base-GEO-44mm-clear-stack-receiver.005--export
Fra:1 Mem:102.38M (Peak 102.38M) | Time:00:00.05 | Mem:0.00M, Peak:0.00M | Scene, ViewLayer | Synchronizing object | PAYLOAD-base-GEO-44mm-clear-stack-receiver.006--export
Fra:1 Mem:102.34M (Peak 102.38M) | Time:00:00.05 | Mem:0.00M, Peak:0.00M | Scene, ViewLayer | Synchronizing object | PAYLOAD-base-GEO-44mm-clear-stack-receiver.007--export
Fra:1 Mem:102.35M (Peak 102.38M) | Time:00:00.05 | Mem:0.00M, Peak:0.00M | Scene, ViewLayer | Synchronizing object | PAYLOAD-base-GEO-stack-receiver-base.002--export
Fra:1 Mem:102.22M (Peak 102.38M) | Time:00:00.05 | Mem:0.00M, Peak:0.00M | Scene, ViewLayer | Synchronizing object | PAYLOAD-middle-1-1-GEO-44mm-clear-stack-receiver.015--export
Fra:1 Mem:102.22M (Peak 102.38M) | Time:00:00.05 | Mem:0.00M, Peak:0.00M | Scene, ViewLayer | Synchronizing object | PAYLOAD-base-GEO-44mm-clear-stack-receiver.008--export
Fra:1 Mem:102.27M (Peak 102.38M) | Time:00:00.05 | Mem:0.00M, Peak:0.00M | Scene, ViewLayer | Synchronizing object | PAYLOAD-base-GEO-44mm-clear-stack-receiver.009--export
Fra:1 Mem:102.28M (Peak 102.38M) | Time:00:00.05 | Mem:0.00M, Peak:0.00M | Scene, ViewLayer | Synchronizing object | PAYLOAD-middle-1-1-GEO-44mm-clear-stack-receiver.014--export
Fra:1 Mem:102.30M (Peak 102.38M) | Time:00:00.05 | Mem:0.00M, Peak:0.00M | Scene, ViewLayer | Synchronizing object | PAYLOAD-base-GEO-44mm-clear-stack-receiver.010--export
Fra:1 Mem:102.31M (Peak 102.38M) | Time:00:00.05 | Mem:0.00M, Peak:0.00M | Scene, ViewLayer | Synchronizing object | PAYLOAD-middle-1-1-GEO-44mm-clear-stack-receiver.013--export
Fra:1 Mem:102.32M (Peak 102.38M) | Time:00:00.05 | Mem:0.00M, Peak:0.00M | Scene, ViewLayer | Synchronizing object | PAYLOAD-base-GEO-44mm-clear-stack-receiver.011--export
Fra:1 Mem:102.35M (Peak 102.38M) | Time:00:00.05 | Mem:0.00M, Peak:0.00M | Scene, ViewLayer | Synchronizing object | PAYLOAD-middle-1-1-GEO-44mm-clear-stack-receiver.012--export
Fra:1 Mem:102.34M (Peak 102.38M) | Time:00:00.05 | Mem:0.00M, Peak:0.00M | Scene, ViewLayer | Synchronizing object | PAYLOAD-base-GEO-stack-receiver-base.003--export
Fra:1 Mem:102.36M (Peak 102.38M) | Time:00:00.05 | Mem:0.00M, Peak:0.00M | Scene, ViewLayer | Synchronizing object | PAYLOAD-middle-1-1-GEO-stack-receiver-base.003--export
Fra:1 Mem:102.37M (Peak 102.38M) | Time:00:00.05 | Mem:0.00M, Peak:0.00M | Scene, ViewLayer | Synchronizing object | PAYLOAD-base-GEO-44mm-clear-stack-receiver.012--export
Fra:1 Mem:102.39M (Peak 102.39M) | Time:00:00.05 | Mem:0.00M, Peak:0.00M | Scene, ViewLayer | Synchronizing object | PAYLOAD-middle-1-1-GEO-44mm-clear-stack-receiver.011--export
Fra:1 Mem:102.40M (Peak 102.40M) | Time:00:00.05 | Mem:0.00M, Peak:0.00M | Scene, ViewLayer | Synchronizing object | PAYLOAD-base-GEO-44mm-clear-stack-receiver.013--export
Fra:1 Mem:102.41M (Peak 102.41M) | Time:00:00.05 | Mem:0.00M, Peak:0.00M | Scene, ViewLayer | Synchronizing object | PAYLOAD-middle-1-1-GEO-44mm-clear-stack-receiver.010--export
Fra:1 Mem:102.41M (Peak 102.41M) | Time:00:00.05 | Mem:0.00M, Peak:0.00M | Scene, ViewLayer | Synchronizing object | PAYLOAD-base-GEO-44mm-clear-stack-receiver.014--export
Fra:1 Mem:102.46M (Peak 102.46M) | Time:00:00.05 | Mem:0.00M, Peak:0.00M | Scene, ViewLayer | Synchronizing object | PAYLOAD-base-GEO-44mm-clear-stack-receiver.015--export
Fra:1 Mem:102.46M (Peak 102.46M) | Time:00:00.05 | Mem:0.00M, Peak:0.00M | Scene, ViewLayer | Synchronizing object | PAYLOAD-middle-1-1-GEO-44mm-clear-stack-receiver.009--export
Fra:1 Mem:102.49M (Peak 102.49M) | Time:00:00.05 | Mem:0.00M, Peak:0.00M | Scene, ViewLayer | Synchronizing object | PAYLOAD-base-GEO-marking-STA / S--export
Fra:1 Mem:102.47M (Peak 102.49M) | Time:00:00.05 | Mem:0.00M, Peak:0.00M | Scene, ViewLayer | Synchronizing object | PAYLOAD-middle-1-1-GEO-44mm-clear-stack-receiver.008--export
Fra:1 Mem:102.69M (Peak 102.69M) | Time:00:00.05 | Mem:0.00M, Peak:0.00M | Scene, ViewLayer | Synchronizing object | PAYLOAD-middle-1-1-GEO-stack-receiver-base.002--export
Fra:1 Mem:102.70M (Peak 102.70M) | Time:00:00.05 | Mem:0.00M, Peak:0.00M | Scene, ViewLayer | Synchronizing object | PAYLOAD-middle-1-1-GEO-44mm-clear-stack-receiver.007--export
Fra:1 Mem:102.72M (Peak 102.72M) | Time:00:00.05 | Mem:0.00M, Peak:0.00M | Scene, ViewLayer | Synchronizing object | PAYLOAD-middle-1-1-GEO-44mm-clear-stack-receiver.006--export
Fra:1 Mem:102.80M (Peak 102.80M) | Time:00:00.05 | Mem:0.00M, Peak:0.00M | Scene, ViewLayer | Synchronizing object | PAYLOAD-middle-1-1-GEO-44mm-clear-stack-receiver.005--export
Fra:1 Mem:102.70M (Peak 102.80M) | Time:00:00.05 | Mem:0.00M, Peak:0.00M | Scene, ViewLayer | Synchronizing object | PAYLOAD-middle-1-1-GEO-44mm-clear-stack-receiver.004--export
Fra:1 Mem:102.76M (Peak 102.80M) | Time:00:00.05 | Mem:0.00M, Peak:0.00M | Scene, ViewLayer | Synchronizing object | PAYLOAD-middle-1-1-GEO-stack-receiver-base.001--export
Fra:1 Mem:102.88M (Peak 102.88M) | Time:00:00.05 | Mem:0.00M, Peak:0.00M | Scene, ViewLayer | Synchronizing object | PAYLOAD-middle-1-1-GEO-44mm-clear-stack-receiver.003--export
Fra:1 Mem:102.89M (Peak 102.89M) | Time:00:00.05 | Mem:0.00M, Peak:0.00M | Scene, ViewLayer | Synchronizing object | PAYLOAD-middle-1-1-GEO-44mm-clear-stack-receiver.002--export
Fra:1 Mem:102.74M (Peak 102.89M) | Time:00:00.05 | Mem:0.00M, Peak:0.00M | Scene, ViewLayer | Synchronizing object | PAYLOAD-middle-1-1-GEO-44mm-clear-stack-receiver.001--export
Fra:1 Mem:102.74M (Peak 102.89M) | Time:00:00.05 | Mem:0.00M, Peak:0.00M | Scene, ViewLayer | Synchronizing object | PAYLOAD-base-GEO-fixed-top-frame--export
Fra:1 Mem:102.74M (Peak 102.89M) | Time:00:00.05 | Mem:0.00M, Peak:0.00M | Scene, ViewLayer | Synchronizing object | PAYLOAD-middle-1-1-GEO-44mm-clear-stack-receiver--export
Fra:1 Mem:102.77M (Peak 102.89M) | Time:00:00.05 | Mem:0.00M, Peak:0.00M | Scene, ViewLayer | Synchronizing object | PAYLOAD-base-GEO-fixed-top-frame.001--export
Fra:1 Mem:102.78M (Peak 102.89M) | Time:00:00.05 | Mem:0.00M, Peak:0.00M | Scene, ViewLayer | Synchronizing object | PAYLOAD-middle-1-1-GEO-stack-receiver-base--export
Fra:1 Mem:102.80M (Peak 102.89M) | Time:00:00.05 | Mem:0.00M, Peak:0.00M | Scene, ViewLayer | Synchronizing object | PAYLOAD-base-GEO-fixed-top-frame.002--export
Fra:1 Mem:102.81M (Peak 102.89M) | Time:00:00.05 | Mem:0.00M, Peak:0.00M | Scene, ViewLayer | Synchronizing object | PAYLOAD-middle-1-1-GEO-front-fitted-panel--export
Fra:1 Mem:102.85M (Peak 102.89M) | Time:00:00.05 | Mem:0.00M, Peak:0.00M | Scene, ViewLayer | Synchronizing object | PAYLOAD-base-GEO-fixed-top-frame.003--export
Fra:1 Mem:102.88M (Peak 102.89M) | Time:00:00.05 | Mem:0.00M, Peak:0.00M | Scene, ViewLayer | Synchronizing object | PAYLOAD-base-GEO-lid-support-ledge--export
Fra:1 Mem:102.86M (Peak 102.89M) | Time:00:00.05 | Mem:0.00M, Peak:0.00M | Scene, ViewLayer | Synchronizing object | PAYLOAD-middle-1-1-GEO-front-inset--export
Fra:1 Mem:102.89M (Peak 102.89M) | Time:00:00.05 | Mem:0.00M, Peak:0.00M | Scene, ViewLayer | Synchronizing object | PAYLOAD-base-GEO-inset-lid-gasket--export
Fra:1 Mem:102.90M (Peak 102.90M) | Time:00:00.05 | Mem:0.00M, Peak:0.00M | Scene, ViewLayer | Synchronizing object | PAYLOAD-base-GEO-lid-support-ledge.001--export
Fra:1 Mem:102.89M (Peak 102.90M) | Time:00:00.05 | Mem:0.00M, Peak:0.00M | Scene, ViewLayer | Synchronizing object | PAYLOAD-middle-1-1-GEO-service-cartridge.001--export
Fra:1 Mem:102.92M (Peak 102.92M) | Time:00:00.05 | Mem:0.00M, Peak:0.00M | Scene, ViewLayer | Synchronizing object | PAYLOAD-base-GEO-inset-lid-gasket.001--export
Fra:1 Mem:102.92M (Peak 102.92M) | Time:00:00.05 | Mem:0.00M, Peak:0.00M | Scene, ViewLayer | Synchronizing object | PAYLOAD-middle-1-1-GEO-glove-grip.001--export
Fra:1 Mem:102.96M (Peak 102.96M) | Time:00:00.05 | Mem:0.00M, Peak:0.00M | Scene, ViewLayer | Synchronizing object | PAYLOAD-base-GEO-lid-support-ledge.002--export
Fra:1 Mem:102.99M (Peak 102.99M) | Time:00:00.05 | Mem:0.00M, Peak:0.00M | Scene, ViewLayer | Synchronizing object | PAYLOAD-middle-1-1-GEO-grip-support.003--export
Fra:1 Mem:103.00M (Peak 103.00M) | Time:00:00.05 | Mem:0.00M, Peak:0.00M | Scene, ViewLayer | Synchronizing object | PAYLOAD-base-GEO-inset-lid-gasket.002--export
Fra:1 Mem:103.00M (Peak 103.00M) | Time:00:00.05 | Mem:0.00M, Peak:0.00M | Scene, ViewLayer | Synchronizing object | PAYLOAD-middle-1-1-GEO-grip-support.002--export
Fra:1 Mem:103.04M (Peak 103.04M) | Time:00:00.05 | Mem:0.00M, Peak:0.00M | Scene, ViewLayer | Synchronizing object | PAYLOAD-middle-1-1-GEO-grip-backing.001--export
Fra:1 Mem:103.02M (Peak 103.04M) | Time:00:00.05 | Mem:0.00M, Peak:0.00M | Scene, ViewLayer | Synchronizing object | PAYLOAD-base-GEO-lid-support-ledge.003--export
Fra:1 Mem:103.05M (Peak 103.05M) | Time:00:00.05 | Mem:0.00M, Peak:0.00M | Scene, ViewLayer | Synchronizing object | PAYLOAD-middle-1-1-GEO-fitted-side-panel.001--export
Fra:1 Mem:103.05M (Peak 103.05M) | Time:00:00.05 | Mem:0.00M, Peak:0.00M | Scene, ViewLayer | Synchronizing object | PAYLOAD-base-GEO-inset-lid-gasket.003--export
Fra:1 Mem:103.11M (Peak 103.11M) | Time:00:00.05 | Mem:0.00M, Peak:0.00M | Scene, ViewLayer | Synchronizing object | PAYLOAD-base-GEO-lid-latch-connecting-bridge--export
Fra:1 Mem:103.15M (Peak 103.15M) | Time:00:00.05 | Mem:0.00M, Peak:0.00M | Scene, ViewLayer | Synchronizing object | PAYLOAD-base-GEO-lid-latch-connecting-bridge.001--export
Fra:1 Mem:103.13M (Peak 103.15M) | Time:00:00.05 | Mem:0.00M, Peak:0.00M | Scene, ViewLayer | Synchronizing object | PAYLOAD-middle-1-1-GEO-side-inset-backing.001--export
Fra:1 Mem:103.17M (Peak 103.17M) | Time:00:00.05 | Mem:0.00M, Peak:0.00M | Scene, ViewLayer | Synchronizing object | PAYLOAD-base-GEO-fixed-rear-hinge-saddle--export
Fra:1 Mem:103.21M (Peak 103.21M) | Time:00:00.05 | Mem:0.00M, Peak:0.00M | Scene, ViewLayer | Synchronizing object | PAYLOAD-base-GEO-fixed-rear-hinge-saddle.001--export
Fra:1 Mem:103.18M (Peak 103.21M) | Time:00:00.05 | Mem:0.00M, Peak:0.00M | Scene, ViewLayer | Synchronizing object | PAYLOAD-middle-1-1-GEO-service-cartridge--export
Fra:1 Mem:103.19M (Peak 103.21M) | Time:00:00.05 | Mem:0.00M, Peak:0.00M | Scene, ViewLayer | Synchronizing object | PAYLOAD-base-GEO-fixed-rear-hinge-saddle.002--export
Fra:1 Mem:103.23M (Peak 103.23M) | Time:00:00.05 | Mem:0.00M, Peak:0.00M | Scene, ViewLayer | Synchronizing object | PAYLOAD-middle-1-1-GEO-glove-grip--export
Fra:1 Mem:103.27M (Peak 103.27M) | Time:00:00.05 | Mem:0.00M, Peak:0.00M | Scene, ViewLayer | Synchronizing object | PAYLOAD-base-GEO-fixed-rear-hinge-saddle.003--export
Fra:1 Mem:103.29M (Peak 103.29M) | Time:00:00.05 | Mem:0.00M, Peak:0.00M | Scene, ViewLayer | Synchronizing object | PAYLOAD-middle-0-0-GEO-load-skid--export
Fra:1 Mem:103.27M (Peak 103.29M) | Time:00:00.05 | Mem:0.00M, Peak:0.00M | Scene, ViewLayer | Synchronizing object | PAYLOAD-middle-1-1-GEO-grip-support.001--export
Fra:1 Mem:103.28M (Peak 103.29M) | Time:00:00.05 | Mem:0.00M, Peak:0.00M | Scene, ViewLayer | Synchronizing object | PAYLOAD-middle-0-0-GEO-load-skid.001--export
Fra:1 Mem:103.30M (Peak 103.30M) | Time:00:00.05 | Mem:0.00M, Peak:0.00M | Scene, ViewLayer | Synchronizing object | PAYLOAD-middle-1-1-GEO-grip-support--export
Fra:1 Mem:103.33M (Peak 103.33M) | Time:00:00.05 | Mem:0.00M, Peak:0.00M | Scene, ViewLayer | Synchronizing object | PAYLOAD-middle-0-0-GEO-crossmember--export
Fra:1 Mem:103.34M (Peak 103.34M) | Time:00:00.05 | Mem:0.00M, Peak:0.00M | Scene, ViewLayer | Synchronizing object | PAYLOAD-middle-1-1-GEO-grip-backing--export
Fra:1 Mem:103.35M (Peak 103.35M) | Time:00:00.05 | Mem:0.00M, Peak:0.00M | Scene, ViewLayer | Synchronizing object | PAYLOAD-middle-0-0-GEO-crossmember.001--export
Fra:1 Mem:103.37M (Peak 103.37M) | Time:00:00.05 | Mem:0.00M, Peak:0.00M | Scene, ViewLayer | Synchronizing object | PAYLOAD-middle-1-1-GEO-fitted-side-panel--export
Fra:1 Mem:103.36M (Peak 103.37M) | Time:00:00.05 | Mem:0.00M, Peak:0.00M | Scene, ViewLayer | Synchronizing object | PAYLOAD-middle-0-0-GEO-40mm-locating-foot--export
Fra:1 Mem:103.44M (Peak 103.44M) | Time:00:00.05 | Mem:0.00M, Peak:0.00M | Scene, ViewLayer | Synchronizing object | PAYLOAD-middle-0-0-GEO-40mm-locating-foot.001--export
Fra:1 Mem:103.42M (Peak 103.44M) | Time:00:00.05 | Mem:0.00M, Peak:0.00M | Scene, ViewLayer | Synchronizing object | PAYLOAD-middle-1-1-GEO-side-inset-backing--export
Fra:1 Mem:103.40M (Peak 103.44M) | Time:00:00.05 | Mem:0.00M, Peak:0.00M | Scene, ViewLayer | Synchronizing object | PAYLOAD-middle-0-0-GEO-40mm-locating-foot.002--export
Fra:1 Mem:103.46M (Peak 103.46M) | Time:00:00.05 | Mem:0.00M, Peak:0.00M | Scene, ViewLayer | Synchronizing object | PAYLOAD-middle-0-0-GEO-40mm-locating-foot.003--export
Fra:1 Mem:103.49M (Peak 103.49M) | Time:00:00.05 | Mem:0.00M, Peak:0.00M | Scene, ViewLayer | Synchronizing object | PAYLOAD-middle-0-0-GEO-sealed-floor--export
Fra:1 Mem:103.48M (Peak 103.49M) | Time:00:00.05 | Mem:0.00M, Peak:0.00M | Scene, ViewLayer | Synchronizing object | PAYLOAD-middle-1-1-GEO-rear-hinge-pin.001--export
Fra:1 Mem:103.48M (Peak 103.49M) | Time:00:00.05 | Mem:0.00M, Peak:0.00M | Scene, ViewLayer | Synchronizing object | PAYLOAD-middle-0-0-GEO-closed-side-wall--export
Fra:1 Mem:103.53M (Peak 103.53M) | Time:00:00.05 | Mem:0.00M, Peak:0.00M | Scene, ViewLayer | Synchronizing object | PAYLOAD-middle-0-0-GEO-closed-side-wall.001--export
Fra:1 Mem:103.55M (Peak 103.55M) | Time:00:00.05 | Mem:0.00M, Peak:0.00M | Scene, ViewLayer | Synchronizing object | PAYLOAD-middle-1-1-GEO-rear-hinge-pin--export
Fra:1 Mem:103.54M (Peak 103.55M) | Time:00:00.05 | Mem:0.00M, Peak:0.00M | Scene, ViewLayer | Synchronizing object | PAYLOAD-middle-0-0-GEO-closed-rear-wall--export
Fra:1 Mem:103.60M (Peak 103.60M) | Time:00:00.05 | Mem:0.00M, Peak:0.00M | Scene, ViewLayer | Synchronizing object | PAYLOAD-middle-1-1-GEO-lid-toggle.001--export
Fra:1 Mem:103.58M (Peak 103.60M) | Time:00:00.05 | Mem:0.00M, Peak:0.00M | Scene, ViewLayer | Synchronizing object | PAYLOAD-middle-0-0-GEO-closed-front-wall--export
Fra:1 Mem:103.63M (Peak 103.63M) | Time:00:00.05 | Mem:0.00M, Peak:0.00M | Scene, ViewLayer | Synchronizing object | PAYLOAD-middle-1-1-GEO-lid-latch-leaf.001--export
Fra:1 Mem:103.61M (Peak 103.63M) | Time:00:00.05 | Mem:0.00M, Peak:0.00M | Scene, ViewLayer | Synchronizing object | PAYLOAD-middle-0-0-GEO-corner-load-column--export
Fra:1 Mem:103.65M (Peak 103.65M) | Time:00:00.05 | Mem:0.00M, Peak:0.00M | Scene, ViewLayer | Synchronizing object | PAYLOAD-middle-1-1-GEO-lid-toggle--export
Fra:1 Mem:103.63M (Peak 103.65M) | Time:00:00.05 | Mem:0.00M, Peak:0.00M | Scene, ViewLayer | Synchronizing object | PAYLOAD-middle-0-0-GEO-stepped-corner-armor--export
Fra:1 Mem:103.69M (Peak 103.69M) | Time:00:00.05 | Mem:0.00M, Peak:0.00M | Scene, ViewLayer | Synchronizing object | PAYLOAD-middle-0-0-GEO-stepped-corner-armor.001--export
Fra:1 Mem:103.68M (Peak 103.69M) | Time:00:00.05 | Mem:0.00M, Peak:0.00M | Scene, ViewLayer | Synchronizing object | PAYLOAD-middle-1-1-GEO-lid-latch-leaf--export
Fra:1 Mem:103.70M (Peak 103.70M) | Time:00:00.05 | Mem:0.00M, Peak:0.00M | Scene, ViewLayer | Synchronizing object | PAYLOAD-middle-0-0-GEO-corner-load-column.001--export
Fra:1 Mem:103.72M (Peak 103.72M) | Time:00:00.05 | Mem:0.00M, Peak:0.00M | Scene, ViewLayer | Synchronizing object | PAYLOAD-middle-1-1-GEO-lid-cap-end-step.001--export
Fra:1 Mem:103.71M (Peak 103.72M) | Time:00:00.05 | Mem:0.00M, Peak:0.00M | Scene, ViewLayer | Synchronizing object | PAYLOAD-middle-0-0-GEO-stepped-corner-armor.002--export
Fra:1 Mem:103.73M (Peak 103.73M) | Time:00:00.05 | Mem:0.00M, Peak:0.00M | Scene, ViewLayer | Synchronizing object | PAYLOAD-middle-1-1-GEO-lid-cap-end-step--export
Fra:1 Mem:103.73M (Peak 103.73M) | Time:00:00.05 | Mem:0.00M, Peak:0.00M | Scene, ViewLayer | Synchronizing object | PAYLOAD-middle-0-0-GEO-stepped-corner-armor.003--export
Fra:1 Mem:103.78M (Peak 103.78M) | Time:00:00.05 | Mem:0.00M, Peak:0.00M | Scene, ViewLayer | Synchronizing object | PAYLOAD-middle-0-0-GEO-corner-load-column.002--export
Fra:1 Mem:103.77M (Peak 103.78M) | Time:00:00.05 | Mem:0.00M, Peak:0.00M | Scene, ViewLayer | Synchronizing object | PAYLOAD-middle-1-1-GEO-lid-fitted-cap--export
Fra:1 Mem:103.81M (Peak 103.81M) | Time:00:00.05 | Mem:0.00M, Peak:0.00M | Scene, ViewLayer | Synchronizing object | PAYLOAD-middle-0-0-GEO-stepped-corner-armor.004--export
Fra:1 Mem:103.81M (Peak 103.81M) | Time:00:00.05 | Mem:0.00M, Peak:0.00M | Scene, ViewLayer | Synchronizing object | PAYLOAD-middle-1-1-GEO-lid-recess-base--export
Fra:1 Mem:103.84M (Peak 103.84M) | Time:00:00.05 | Mem:0.00M, Peak:0.00M | Scene, ViewLayer | Synchronizing object | PAYLOAD-middle-0-0-GEO-stepped-corner-armor.005--export
Fra:1 Mem:103.85M (Peak 103.85M) | Time:00:00.05 | Mem:0.00M, Peak:0.00M | Scene, ViewLayer | Synchronizing object | PAYLOAD-middle-1-1-GEO-lid-shoulder-band.001--export
Fra:1 Mem:103.85M (Peak 103.85M) | Time:00:00.05 | Mem:0.00M, Peak:0.00M | Scene, ViewLayer | Synchronizing object | PAYLOAD-middle-0-0-GEO-corner-load-column.003--export
Fra:1 Mem:103.87M (Peak 103.87M) | Time:00:00.05 | Mem:0.00M, Peak:0.00M | Scene, ViewLayer | Synchronizing object | PAYLOAD-middle-1-1-GEO-lid-shoulder-band--export
Fra:1 Mem:103.88M (Peak 103.88M) | Time:00:00.05 | Mem:0.00M, Peak:0.00M | Scene, ViewLayer | Synchronizing object | PAYLOAD-middle-0-0-GEO-stepped-corner-armor.006--export
Fra:1 Mem:103.91M (Peak 103.91M) | Time:00:00.05 | Mem:0.00M, Peak:0.00M | Scene, ViewLayer | Synchronizing object | PAYLOAD-middle-1-1-GEO-opening-layered-lid--export
Fra:1 Mem:103.92M (Peak 103.92M) | Time:00:00.05 | Mem:0.00M, Peak:0.00M | Scene, ViewLayer | Synchronizing object | PAYLOAD-middle-0-0-GEO-stepped-corner-armor.007--export
Fra:1 Mem:103.94M (Peak 103.94M) | Time:00:00.05 | Mem:0.00M, Peak:0.00M | Scene, ViewLayer | Synchronizing object | PAYLOAD-middle-0-0-GEO-opening-layered-lid--export
Fra:1 Mem:103.94M (Peak 103.94M) | Time:00:00.05 | Mem:0.00M, Peak:0.00M | Scene, ViewLayer | Synchronizing object | PAYLOAD-middle-1-1-GEO-stepped-corner-armor.007--export
Fra:1 Mem:103.94M (Peak 103.94M) | Time:00:00.05 | Mem:0.00M, Peak:0.00M | Scene, ViewLayer | Synchronizing object | PAYLOAD-middle-0-0-GEO-lid-shoulder-band--export
Fra:1 Mem:103.98M (Peak 103.98M) | Time:00:00.05 | Mem:0.00M, Peak:0.00M | Scene, ViewLayer | Synchronizing object | PAYLOAD-middle-0-0-GEO-lid-shoulder-band.001--export
Fra:1 Mem:103.99M (Peak 103.99M) | Time:00:00.05 | Mem:0.00M, Peak:0.00M | Scene, ViewLayer | Synchronizing object | PAYLOAD-middle-1-1-GEO-stepped-corner-armor.006--export
Fra:1 Mem:103.99M (Peak 103.99M) | Time:00:00.05 | Mem:0.00M, Peak:0.00M | Scene, ViewLayer | Synchronizing object | PAYLOAD-middle-0-0-GEO-lid-recess-base--export
Fra:1 Mem:104.03M (Peak 104.03M) | Time:00:00.05 | Mem:0.00M, Peak:0.00M | Scene, ViewLayer | Synchronizing object | PAYLOAD-middle-1-1-GEO-corner-load-column.003--export
Fra:1 Mem:104.00M (Peak 104.03M) | Time:00:00.05 | Mem:0.00M, Peak:0.00M | Scene, ViewLayer | Synchronizing object | PAYLOAD-middle-0-0-GEO-lid-fitted-cap--export
Fra:1 Mem:104.04M (Peak 104.04M) | Time:00:00.05 | Mem:0.00M, Peak:0.00M | Scene, ViewLayer | Synchronizing object | PAYLOAD-middle-0-0-GEO-lid-cap-end-step--export
Fra:1 Mem:104.05M (Peak 104.05M) | Time:00:00.05 | Mem:0.00M, Peak:0.00M | Scene, ViewLayer | Synchronizing object | PAYLOAD-middle-1-1-GEO-stepped-corner-armor.005--export
Fra:1 Mem:104.08M (Peak 104.08M) | Time:00:00.05 | Mem:0.00M, Peak:0.00M | Scene, ViewLayer | Synchronizing object | PAYLOAD-middle-0-0-GEO-lid-cap-end-step.001--export
Fra:1 Mem:104.06M (Peak 104.08M) | Time:00:00.05 | Mem:0.00M, Peak:0.00M | Scene, ViewLayer | Synchronizing object | PAYLOAD-middle-1-1-GEO-stepped-corner-armor.004--export
Fra:1 Mem:104.10M (Peak 104.10M) | Time:00:00.05 | Mem:0.00M, Peak:0.00M | Scene, ViewLayer | Synchronizing object | PAYLOAD-middle-1-1-GEO-corner-load-column.002--export
Fra:1 Mem:104.11M (Peak 104.11M) | Time:00:00.05 | Mem:0.00M, Peak:0.00M | Scene, ViewLayer | Synchronizing object | PAYLOAD-middle-0-0-GEO-lid-latch-leaf--export
Fra:1 Mem:104.11M (Peak 104.11M) | Time:00:00.05 | Mem:0.00M, Peak:0.00M | Scene, ViewLayer | Synchronizing object | PAYLOAD-middle-1-1-GEO-stepped-corner-armor.003--export
Fra:1 Mem:104.13M (Peak 104.13M) | Time:00:00.05 | Mem:0.00M, Peak:0.00M | Scene, ViewLayer | Synchronizing object | PAYLOAD-middle-1-1-GEO-stepped-corner-armor.002--export
Fra:1 Mem:104.13M (Peak 104.13M) | Time:00:00.05 | Mem:0.00M, Peak:0.00M | Scene, ViewLayer | Synchronizing object | PAYLOAD-middle-0-0-GEO-lid-toggle--export
Fra:1 Mem:104.18M (Peak 104.18M) | Time:00:00.05 | Mem:0.00M, Peak:0.00M | Scene, ViewLayer | Synchronizing object | PAYLOAD-middle-1-1-GEO-corner-load-column.001--export
Fra:1 Mem:104.16M (Peak 104.18M) | Time:00:00.05 | Mem:0.00M, Peak:0.00M | Scene, ViewLayer | Synchronizing object | PAYLOAD-middle-0-0-GEO-lid-latch-leaf.001--export
Fra:1 Mem:104.21M (Peak 104.21M) | Time:00:00.05 | Mem:0.00M, Peak:0.00M | Scene, ViewLayer | Synchronizing object | PAYLOAD-middle-1-1-GEO-stepped-corner-armor.001--export
Fra:1 Mem:104.19M (Peak 104.21M) | Time:00:00.05 | Mem:0.00M, Peak:0.00M | Scene, ViewLayer | Synchronizing object | PAYLOAD-middle-0-0-GEO-lid-toggle.001--export
Fra:1 Mem:104.22M (Peak 104.22M) | Time:00:00.05 | Mem:0.00M, Peak:0.00M | Scene, ViewLayer | Synchronizing object | PAYLOAD-middle-1-1-GEO-stepped-corner-armor--export
Fra:1 Mem:104.22M (Peak 104.22M) | Time:00:00.05 | Mem:0.00M, Peak:0.00M | Scene, ViewLayer | Synchronizing object | PAYLOAD-middle-0-0-GEO-rear-hinge-pin--export
Fra:1 Mem:104.27M (Peak 104.27M) | Time:00:00.05 | Mem:0.00M, Peak:0.00M | Scene, ViewLayer | Synchronizing object | PAYLOAD-middle-1-1-GEO-corner-load-column--export
Fra:1 Mem:104.30M (Peak 104.30M) | Time:00:00.05 | Mem:0.00M, Peak:0.00M | Scene, ViewLayer | Synchronizing object | PAYLOAD-middle-0-0-GEO-rear-hinge-pin.001--export
Fra:1 Mem:104.35M (Peak 104.35M) | Time:00:00.05 | Mem:0.00M, Peak:0.00M | Scene, ViewLayer | Synchronizing object | PAYLOAD-middle-1-1-GEO-closed-front-wall--export
Fra:1 Mem:104.34M (Peak 104.35M) | Time:00:00.05 | Mem:0.00M, Peak:0.00M | Scene, ViewLayer | Synchronizing object | PAYLOAD-middle-1-1-GEO-closed-rear-wall--export
Fra:1 Mem:104.35M (Peak 104.35M) | Time:00:00.05 | Mem:0.00M, Peak:0.00M | Scene, ViewLayer | Synchronizing object | PAYLOAD-middle-0-0-GEO-side-inset-backing--export
Fra:1 Mem:104.37M (Peak 104.37M) | Time:00:00.05 | Mem:0.00M, Peak:0.00M | Scene, ViewLayer | Synchronizing object | PAYLOAD-middle-1-1-GEO-closed-side-wall.001--export
Fra:1 Mem:104.42M (Peak 104.42M) | Time:00:00.05 | Mem:0.00M, Peak:0.00M | Scene, ViewLayer | Synchronizing object | PAYLOAD-middle-1-1-GEO-closed-side-wall--export
Fra:1 Mem:104.38M (Peak 104.42M) | Time:00:00.05 | Mem:0.00M, Peak:0.00M | Scene, ViewLayer | Synchronizing object | PAYLOAD-middle-0-0-GEO-fitted-side-panel--export
Fra:1 Mem:104.43M (Peak 104.43M) | Time:00:00.05 | Mem:0.00M, Peak:0.00M | Scene, ViewLayer | Synchronizing object | PAYLOAD-middle-1-1-GEO-sealed-floor--export
Fra:1 Mem:104.45M (Peak 104.45M) | Time:00:00.05 | Mem:0.00M, Peak:0.00M | Scene, ViewLayer | Synchronizing object | PAYLOAD-middle-0-0-GEO-grip-backing--export
Fra:1 Mem:104.43M (Peak 104.45M) | Time:00:00.05 | Mem:0.00M, Peak:0.00M | Scene, ViewLayer | Synchronizing object | PAYLOAD-middle-1-1-GEO-40mm-locating-foot.003--export
Fra:1 Mem:104.48M (Peak 104.48M) | Time:00:00.05 | Mem:0.00M, Peak:0.00M | Scene, ViewLayer | Synchronizing object | PAYLOAD-middle-0-0-GEO-grip-support--export
Fra:1 Mem:104.46M (Peak 104.48M) | Time:00:00.05 | Mem:0.00M, Peak:0.00M | Scene, ViewLayer | Synchronizing object | PAYLOAD-middle-1-1-GEO-40mm-locating-foot.002--export
Fra:1 Mem:104.51M (Peak 104.51M) | Time:00:00.05 | Mem:0.00M, Peak:0.00M | Scene, ViewLayer | Synchronizing object | PAYLOAD-middle-0-0-GEO-grip-support.001--export
Fra:1 Mem:104.51M (Peak 104.51M) | Time:00:00.05 | Mem:0.00M, Peak:0.00M | Scene, ViewLayer | Synchronizing object | PAYLOAD-middle-1-1-GEO-40mm-locating-foot.001--export
Fra:1 Mem:104.53M (Peak 104.53M) | Time:00:00.05 | Mem:0.00M, Peak:0.00M | Scene, ViewLayer | Synchronizing object | PAYLOAD-middle-0-0-GEO-glove-grip--export
Fra:1 Mem:104.56M (Peak 104.57M) | Time:00:00.05 | Mem:0.00M, Peak:0.00M | Scene, ViewLayer | Synchronizing object | PAYLOAD-middle-1-1-GEO-40mm-locating-foot--export
Fra:1 Mem:104.56M (Peak 104.57M) | Time:00:00.05 | Mem:0.00M, Peak:0.00M | Scene, ViewLayer | Synchronizing object | PAYLOAD-middle-0-0-GEO-service-cartridge--export
Fra:1 Mem:104.58M (Peak 104.58M) | Time:00:00.05 | Mem:0.00M, Peak:0.00M | Scene, ViewLayer | Synchronizing object | PAYLOAD-middle-1-1-GEO-crossmember.001--export
Fra:1 Mem:104.60M (Peak 104.60M) | Time:00:00.05 | Mem:0.00M, Peak:0.00M | Scene, ViewLayer | Synchronizing object | PAYLOAD-middle-0-0-GEO-side-inset-backing.001--export
Fra:1 Mem:104.63M (Peak 104.63M) | Time:00:00.05 | Mem:0.00M, Peak:0.00M | Scene, ViewLayer | Synchronizing object | PAYLOAD-middle-1-1-GEO-crossmember--export
Fra:1 Mem:104.68M (Peak 104.68M) | Time:00:00.05 | Mem:0.00M, Peak:0.00M | Scene, ViewLayer | Synchronizing object | PAYLOAD-middle-1-1-GEO-load-skid.001--export
Fra:1 Mem:104.66M (Peak 104.68M) | Time:00:00.05 | Mem:0.00M, Peak:0.00M | Scene, ViewLayer | Synchronizing object | PAYLOAD-middle-0-0-GEO-fitted-side-panel.001--export
Fra:1 Mem:104.68M (Peak 104.68M) | Time:00:00.05 | Mem:0.00M, Peak:0.00M | Scene, ViewLayer | Synchronizing object | PAYLOAD-middle-1-1-GEO-load-skid--export
Fra:1 Mem:104.70M (Peak 104.70M) | Time:00:00.05 | Mem:0.00M, Peak:0.00M | Scene, ViewLayer | Synchronizing object | PAYLOAD-middle-0-0-GEO-grip-backing.001--export
Fra:1 Mem:104.72M (Peak 104.72M) | Time:00:00.05 | Mem:0.00M, Peak:0.00M | Scene, ViewLayer | Synchronizing object | PAYLOAD-middle-1-0-GEO-fixed-rear-hinge-saddle.003--export
Fra:1 Mem:104.72M (Peak 104.72M) | Time:00:00.05 | Mem:0.00M, Peak:0.00M | Scene, ViewLayer | Synchronizing object | PAYLOAD-middle-0-0-GEO-grip-support.002--export
Fra:1 Mem:104.75M (Peak 104.75M) | Time:00:00.05 | Mem:0.00M, Peak:0.00M | Scene, ViewLayer | Synchronizing object | PAYLOAD-middle-1-0-GEO-fixed-rear-hinge-saddle.002--export
Fra:1 Mem:104.76M (Peak 104.76M) | Time:00:00.05 | Mem:0.00M, Peak:0.00M | Scene, ViewLayer | Synchronizing object | PAYLOAD-middle-0-0-GEO-grip-support.003--export
Fra:1 Mem:104.78M (Peak 104.78M) | Time:00:00.05 | Mem:0.00M, Peak:0.00M | Scene, ViewLayer | Synchronizing object | PAYLOAD-middle-1-0-GEO-fixed-rear-hinge-saddle.001--export
Fra:1 Mem:104.78M (Peak 104.78M) | Time:00:00.05 | Mem:0.00M, Peak:0.00M | Scene, ViewLayer | Synchronizing object | PAYLOAD-middle-0-0-GEO-glove-grip.001--export
Fra:1 Mem:104.86M (Peak 104.86M) | Time:00:00.05 | Mem:0.00M, Peak:0.00M | Scene, ViewLayer | Synchronizing object | PAYLOAD-middle-1-0-GEO-fixed-rear-hinge-saddle--export
Fra:1 Mem:104.81M (Peak 104.86M) | Time:00:00.05 | Mem:0.00M, Peak:0.00M | Scene, ViewLayer | Synchronizing object | PAYLOAD-middle-0-0-GEO-service-cartridge.001--export
Fra:1 Mem:104.82M (Peak 104.86M) | Time:00:00.05 | Mem:0.00M, Peak:0.00M | Scene, ViewLayer | Synchronizing object | PAYLOAD-middle-1-0-GEO-lid-latch-connecting-bridge.001--export
Fra:1 Mem:104.87M (Peak 104.87M) | Time:00:00.05 | Mem:0.00M, Peak:0.00M | Scene, ViewLayer | Synchronizing object | PAYLOAD-middle-0-0-GEO-front-inset--export
Fra:1 Mem:104.85M (Peak 104.87M) | Time:00:00.05 | Mem:0.00M, Peak:0.00M | Scene, ViewLayer | Synchronizing object | PAYLOAD-middle-1-0-GEO-lid-latch-connecting-bridge--export
Fra:1 Mem:104.93M (Peak 104.93M) | Time:00:00.05 | Mem:0.00M, Peak:0.00M | Scene, ViewLayer | Synchronizing object | PAYLOAD-middle-1-0-GEO-inset-lid-gasket.003--export
Fra:1 Mem:104.92M (Peak 104.93M) | Time:00:00.05 | Mem:0.00M, Peak:0.00M | Scene, ViewLayer | Synchronizing object | PAYLOAD-middle-0-0-GEO-front-fitted-panel--export
Fra:1 Mem:104.95M (Peak 104.95M) | Time:00:00.05 | Mem:0.00M, Peak:0.00M | Scene, ViewLayer | Synchronizing object | PAYLOAD-middle-1-0-GEO-lid-support-ledge.003--export
Fra:1 Mem:104.99M (Peak 104.99M) | Time:00:00.05 | Mem:0.00M, Peak:0.00M | Scene, ViewLayer | Synchronizing object | PAYLOAD-middle-1-0-GEO-inset-lid-gasket.002--export
Fra:1 Mem:104.96M (Peak 104.99M) | Time:00:00.05 | Mem:0.00M, Peak:0.00M | Scene, ViewLayer | Synchronizing object | PAYLOAD-middle-0-0-GEO-stack-receiver-base--export
Fra:1 Mem:104.99M (Peak 104.99M) | Time:00:00.05 | Mem:0.00M, Peak:0.00M | Scene, ViewLayer | Synchronizing object | PAYLOAD-middle-1-0-GEO-lid-support-ledge.002--export
Fra:1 Mem:105.00M (Peak 105.00M) | Time:00:00.05 | Mem:0.00M, Peak:0.00M | Scene, ViewLayer | Synchronizing object | PAYLOAD-middle-0-0-GEO-44mm-clear-stack-receiver--export
Fra:1 Mem:105.01M (Peak 105.01M) | Time:00:00.05 | Mem:0.00M, Peak:0.00M | Scene, ViewLayer | Synchronizing object | PAYLOAD-middle-1-0-GEO-inset-lid-gasket.001--export
Fra:1 Mem:105.02M (Peak 105.02M) | Time:00:00.05 | Mem:0.00M, Peak:0.00M | Scene, ViewLayer | Synchronizing object | PAYLOAD-middle-0-0-GEO-44mm-clear-stack-receiver.001--export
Fra:1 Mem:105.03M (Peak 105.03M) | Time:00:00.05 | Mem:0.00M, Peak:0.00M | Scene, ViewLayer | Synchronizing object | PAYLOAD-middle-1-0-GEO-lid-support-ledge.001--export
Fra:1 Mem:105.05M (Peak 105.05M) | Time:00:00.05 | Mem:0.00M, Peak:0.00M | Scene, ViewLayer | Synchronizing object | PAYLOAD-middle-0-0-GEO-44mm-clear-stack-receiver.002--export
Fra:1 Mem:105.06M (Peak 105.06M) | Time:00:00.05 | Mem:0.00M, Peak:0.00M | Scene, ViewLayer | Synchronizing object | PAYLOAD-middle-1-0-GEO-inset-lid-gasket--export
Fra:1 Mem:105.08M (Peak 105.08M) | Time:00:00.05 | Mem:0.00M, Peak:0.00M | Scene, ViewLayer | Synchronizing object | PAYLOAD-middle-0-0-GEO-44mm-clear-stack-receiver.003--export
Fra:1 Mem:105.09M (Peak 105.09M) | Time:00:00.05 | Mem:0.00M, Peak:0.00M | Scene, ViewLayer | Synchronizing object | PAYLOAD-middle-1-0-GEO-lid-support-ledge--export
Fra:1 Mem:105.11M (Peak 105.11M) | Time:00:00.05 | Mem:0.00M, Peak:0.00M | Scene, ViewLayer | Synchronizing object | PAYLOAD-middle-0-0-GEO-stack-receiver-base.001--export
Fra:1 Mem:105.12M (Peak 105.12M) | Time:00:00.05 | Mem:0.00M, Peak:0.00M | Scene, ViewLayer | Synchronizing object | PAYLOAD-middle-1-0-GEO-fixed-top-frame.003--export
Fra:1 Mem:105.14M (Peak 105.14M) | Time:00:00.05 | Mem:0.00M, Peak:0.00M | Scene, ViewLayer | Synchronizing object | PAYLOAD-middle-0-0-GEO-44mm-clear-stack-receiver.004--export
Fra:1 Mem:105.15M (Peak 105.15M) | Time:00:00.05 | Mem:0.00M, Peak:0.00M | Scene, ViewLayer | Synchronizing object | PAYLOAD-middle-1-0-GEO-fixed-top-frame.002--export
Fra:1 Mem:105.16M (Peak 105.16M) | Time:00:00.05 | Mem:0.00M, Peak:0.00M | Scene, ViewLayer | Synchronizing object | PAYLOAD-middle-0-0-GEO-44mm-clear-stack-receiver.005--export
Fra:1 Mem:105.18M (Peak 105.18M) | Time:00:00.05 | Mem:0.00M, Peak:0.00M | Scene, ViewLayer | Synchronizing object | PAYLOAD-middle-1-0-GEO-fixed-top-frame.001--export
Fra:1 Mem:105.19M (Peak 105.19M) | Time:00:00.05 | Mem:0.00M, Peak:0.00M | Scene, ViewLayer | Synchronizing object | PAYLOAD-middle-0-0-GEO-44mm-clear-stack-receiver.006--export
Fra:1 Mem:105.21M (Peak 105.21M) | Time:00:00.05 | Mem:0.00M, Peak:0.00M | Scene, ViewLayer | Synchronizing object | PAYLOAD-middle-1-0-GEO-fixed-top-frame--export
Fra:1 Mem:105.21M (Peak 105.21M) | Time:00:00.05 | Mem:0.00M, Peak:0.00M | Scene, ViewLayer | Synchronizing object | PAYLOAD-middle-0-0-GEO-44mm-clear-stack-receiver.007--export
Fra:1 Mem:105.25M (Peak 105.25M) | Time:00:00.05 | Mem:0.00M, Peak:0.00M | Scene, ViewLayer | Synchronizing object | PAYLOAD-middle-1-0-GEO-marking-STA / S--export
Fra:1 Mem:105.23M (Peak 105.25M) | Time:00:00.05 | Mem:0.00M, Peak:0.00M | Scene, ViewLayer | Synchronizing object | PAYLOAD-middle-0-0-GEO-stack-receiver-base.002--export
Fra:1 Mem:105.45M (Peak 105.45M) | Time:00:00.05 | Mem:0.00M, Peak:0.00M | Scene, ViewLayer | Synchronizing object | PAYLOAD-middle-0-0-GEO-44mm-clear-stack-receiver.008--export
Fra:1 Mem:105.55M (Peak 105.55M) | Time:00:00.05 | Mem:0.00M, Peak:0.00M | Scene, ViewLayer | Synchronizing object | PAYLOAD-middle-0-0-GEO-44mm-clear-stack-receiver.009--export
Fra:1 Mem:105.43M (Peak 105.55M) | Time:00:00.05 | Mem:0.00M, Peak:0.00M | Scene, ViewLayer | Synchronizing object | PAYLOAD-middle-0-0-GEO-44mm-clear-stack-receiver.010--export
Fra:1 Mem:105.46M (Peak 105.55M) | Time:00:00.05 | Mem:0.00M, Peak:0.00M | Scene, ViewLayer | Synchronizing object | PAYLOAD-middle-0-0-GEO-44mm-clear-stack-receiver.011--export
Fra:1 Mem:105.61M (Peak 105.61M) | Time:00:00.05 | Mem:0.00M, Peak:0.00M | Scene, ViewLayer | Synchronizing object | PAYLOAD-middle-0-0-GEO-stack-receiver-base.003--export
Fra:1 Mem:105.62M (Peak 105.62M) | Time:00:00.05 | Mem:0.00M, Peak:0.00M | Scene, ViewLayer | Synchronizing object | PAYLOAD-middle-0-0-GEO-44mm-clear-stack-receiver.012--export
Fra:1 Mem:105.59M (Peak 105.62M) | Time:00:00.05 | Mem:0.00M, Peak:0.00M | Scene, ViewLayer | Synchronizing object | PAYLOAD-middle-0-0-GEO-44mm-clear-stack-receiver.013--export
Fra:1 Mem:105.49M (Peak 105.62M) | Time:00:00.05 | Mem:0.00M, Peak:0.00M | Scene, ViewLayer | Synchronizing object | PAYLOAD-middle-0-0-GEO-44mm-clear-stack-receiver.014--export
Fra:1 Mem:105.46M (Peak 105.62M) | Time:00:00.05 | Mem:0.00M, Peak:0.00M | Scene, ViewLayer | Synchronizing object | PAYLOAD-middle-1-0-GEO-44mm-clear-stack-receiver.015--export
Fra:1 Mem:105.51M (Peak 105.62M) | Time:00:00.05 | Mem:0.00M, Peak:0.00M | Scene, ViewLayer | Synchronizing object | PAYLOAD-middle-0-0-GEO-44mm-clear-stack-receiver.015--export
Fra:1 Mem:105.52M (Peak 105.62M) | Time:00:00.05 | Mem:0.00M, Peak:0.00M | Scene, ViewLayer | Synchronizing object | PAYLOAD-middle-1-0-GEO-44mm-clear-stack-receiver.014--export
Fra:1 Mem:105.54M (Peak 105.62M) | Time:00:00.05 | Mem:0.00M, Peak:0.00M | Scene, ViewLayer | Synchronizing object | PAYLOAD-middle-0-0-GEO-marking-STA / S--export
Fra:1 Mem:105.55M (Peak 105.62M) | Time:00:00.05 | Mem:0.00M, Peak:0.00M | Scene, ViewLayer | Synchronizing object | PAYLOAD-middle-1-0-GEO-44mm-clear-stack-receiver.013--export
Fra:1 Mem:105.74M (Peak 105.74M) | Time:00:00.05 | Mem:0.00M, Peak:0.00M | Scene, ViewLayer | Synchronizing object | PAYLOAD-middle-1-0-GEO-44mm-clear-stack-receiver.012--export
Fra:1 Mem:105.81M (Peak 105.81M) | Time:00:00.05 | Mem:0.00M, Peak:0.00M | Scene, ViewLayer | Synchronizing object | PAYLOAD-middle-1-0-GEO-stack-receiver-base.003--export
Fra:1 Mem:105.74M (Peak 105.81M) | Time:00:00.05 | Mem:0.00M, Peak:0.00M | Scene, ViewLayer | Synchronizing object | PAYLOAD-middle-1-0-GEO-44mm-clear-stack-receiver.011--export
Fra:1 Mem:105.88M (Peak 105.88M) | Time:00:00.05 | Mem:0.00M, Peak:0.00M | Scene, ViewLayer | Synchronizing object | PAYLOAD-middle-1-0-GEO-44mm-clear-stack-receiver.010--export
Fra:1 Mem:105.90M (Peak 105.90M) | Time:00:00.05 | Mem:0.00M, Peak:0.00M | Scene, ViewLayer | Synchronizing object | PAYLOAD-middle-1-0-GEO-44mm-clear-stack-receiver.009--export
Fra:1 Mem:105.74M (Peak 105.90M) | Time:00:00.05 | Mem:0.00M, Peak:0.00M | Scene, ViewLayer | Synchronizing object | PAYLOAD-middle-1-0-GEO-44mm-clear-stack-receiver.008--export
Fra:1 Mem:105.72M (Peak 105.90M) | Time:00:00.05 | Mem:0.00M, Peak:0.00M | Scene, ViewLayer | Synchronizing object | PAYLOAD-middle-0-0-GEO-fixed-top-frame--export
Fra:1 Mem:105.75M (Peak 105.90M) | Time:00:00.05 | Mem:0.00M, Peak:0.00M | Scene, ViewLayer | Synchronizing object | PAYLOAD-middle-0-0-GEO-fixed-top-frame.001--export
Fra:1 Mem:105.77M (Peak 105.90M) | Time:00:00.05 | Mem:0.00M, Peak:0.00M | Scene, ViewLayer | Synchronizing object | PAYLOAD-middle-0-0-GEO-fixed-top-frame.002--export
Fra:1 Mem:105.79M (Peak 105.90M) | Time:00:00.05 | Mem:0.00M, Peak:0.00M | Scene, ViewLayer | Synchronizing object | PAYLOAD-middle-0-0-GEO-fixed-top-frame.003--export
Fra:1 Mem:105.81M (Peak 105.90M) | Time:00:00.05 | Mem:0.00M, Peak:0.00M | Scene, ViewLayer | Synchronizing object | PAYLOAD-middle-1-0-GEO-stack-receiver-base.002--export
Fra:1 Mem:105.79M (Peak 105.90M) | Time:00:00.05 | Mem:0.00M, Peak:0.00M | Scene, ViewLayer | Synchronizing object | PAYLOAD-middle-0-0-GEO-lid-support-ledge--export
Fra:1 Mem:105.81M (Peak 105.90M) | Time:00:00.05 | Mem:0.00M, Peak:0.00M | Scene, ViewLayer | Synchronizing object | PAYLOAD-middle-0-0-GEO-inset-lid-gasket--export
Fra:1 Mem:105.81M (Peak 105.90M) | Time:00:00.05 | Mem:0.00M, Peak:0.00M | Scene, ViewLayer | Synchronizing object | PAYLOAD-middle-1-0-GEO-44mm-clear-stack-receiver.007--export
Fra:1 Mem:105.87M (Peak 105.90M) | Time:00:00.05 | Mem:0.00M, Peak:0.00M | Scene, ViewLayer | Synchronizing object | PAYLOAD-middle-0-0-GEO-lid-support-ledge.001--export
Fra:1 Mem:105.87M (Peak 105.90M) | Time:00:00.05 | Mem:0.00M, Peak:0.00M | Scene, ViewLayer | Synchronizing object | PAYLOAD-middle-1-0-GEO-44mm-clear-stack-receiver.006--export
Fra:1 Mem:105.89M (Peak 105.90M) | Time:00:00.05 | Mem:0.00M, Peak:0.00M | Scene, ViewLayer | Synchronizing object | PAYLOAD-middle-0-0-GEO-inset-lid-gasket.001--export
Fra:1 Mem:105.90M (Peak 105.90M) | Time:00:00.05 | Mem:0.00M, Peak:0.00M | Scene, ViewLayer | Synchronizing object | PAYLOAD-middle-1-0-GEO-44mm-clear-stack-receiver.005--export
Fra:1 Mem:105.92M (Peak 105.92M) | Time:00:00.05 | Mem:0.00M, Peak:0.00M | Scene, ViewLayer | Synchronizing object | PAYLOAD-middle-0-0-GEO-lid-support-ledge.002--export
Fra:1 Mem:105.93M (Peak 105.93M) | Time:00:00.05 | Mem:0.00M, Peak:0.00M | Scene, ViewLayer | Synchronizing object | PAYLOAD-middle-0-0-GEO-inset-lid-gasket.002--export
Fra:1 Mem:105.92M (Peak 105.93M) | Time:00:00.05 | Mem:0.00M, Peak:0.00M | Scene, ViewLayer | Synchronizing object | PAYLOAD-middle-1-0-GEO-44mm-clear-stack-receiver.004--export
Fra:1 Mem:105.95M (Peak 105.95M) | Time:00:00.05 | Mem:0.00M, Peak:0.00M | Scene, ViewLayer | Synchronizing object | PAYLOAD-middle-0-0-GEO-lid-support-ledge.003--export
Fra:1 Mem:105.97M (Peak 105.97M) | Time:00:00.05 | Mem:0.00M, Peak:0.00M | Scene, ViewLayer | Synchronizing object | PAYLOAD-middle-1-0-GEO-stack-receiver-base.001--export
Fra:1 Mem:105.99M (Peak 105.99M) | Time:00:00.06 | Mem:0.00M, Peak:0.00M | Scene, ViewLayer | Synchronizing object | PAYLOAD-middle-0-0-GEO-inset-lid-gasket.003--export
Fra:1 Mem:106.01M (Peak 106.01M) | Time:00:00.06 | Mem:0.00M, Peak:0.00M | Scene, ViewLayer | Synchronizing object | PAYLOAD-middle-1-0-GEO-44mm-clear-stack-receiver.003--export
Fra:1 Mem:106.01M (Peak 106.01M) | Time:00:00.06 | Mem:0.00M, Peak:0.00M | Scene, ViewLayer | Synchronizing object | PAYLOAD-middle-0-0-GEO-lid-latch-connecting-bridge--export
Fra:1 Mem:106.04M (Peak 106.04M) | Time:00:00.06 | Mem:0.00M, Peak:0.00M | Scene, ViewLayer | Synchronizing object | PAYLOAD-middle-1-0-GEO-44mm-clear-stack-receiver.002--export
Fra:1 Mem:106.05M (Peak 106.05M) | Time:00:00.06 | Mem:0.00M, Peak:0.00M | Scene, ViewLayer | Synchronizing object | PAYLOAD-middle-0-0-GEO-lid-latch-connecting-bridge.001--export
Fra:1 Mem:106.05M (Peak 106.05M) | Time:00:00.06 | Mem:0.00M, Peak:0.00M | Scene, ViewLayer | Synchronizing object | PAYLOAD-middle-1-0-GEO-44mm-clear-stack-receiver.001--export
Fra:1 Mem:106.05M (Peak 106.05M) | Time:00:00.06 | Mem:0.00M, Peak:0.00M | Scene, ViewLayer | Synchronizing object | PAYLOAD-middle-0-0-GEO-fixed-rear-hinge-saddle--export
Fra:1 Mem:106.08M (Peak 106.08M) | Time:00:00.06 | Mem:0.00M, Peak:0.00M | Scene, ViewLayer | Synchronizing object | PAYLOAD-middle-1-0-GEO-44mm-clear-stack-receiver--export
Fra:1 Mem:106.09M (Peak 106.09M) | Time:00:00.06 | Mem:0.00M, Peak:0.00M | Scene, ViewLayer | Synchronizing object | PAYLOAD-middle-0-0-GEO-fixed-rear-hinge-saddle.001--export
Fra:1 Mem:106.10M (Peak 106.10M) | Time:00:00.06 | Mem:0.00M, Peak:0.00M | Scene, ViewLayer | Synchronizing object | PAYLOAD-middle-1-0-GEO-stack-receiver-base--export
Fra:1 Mem:106.12M (Peak 106.12M) | Time:00:00.06 | Mem:0.00M, Peak:0.00M | Scene, ViewLayer | Synchronizing object | PAYLOAD-middle-0-0-GEO-fixed-rear-hinge-saddle.002--export
Fra:1 Mem:106.13M (Peak 106.13M) | Time:00:00.06 | Mem:0.00M, Peak:0.00M | Scene, ViewLayer | Synchronizing object | PAYLOAD-middle-1-0-GEO-front-fitted-panel--export
Fra:1 Mem:106.19M (Peak 106.19M) | Time:00:00.06 | Mem:0.00M, Peak:0.00M | Scene, ViewLayer | Synchronizing object | PAYLOAD-middle-0-0-GEO-fixed-rear-hinge-saddle.003--export
Fra:1 Mem:106.22M (Peak 106.22M) | Time:00:00.06 | Mem:0.00M, Peak:0.00M | Scene, ViewLayer | Synchronizing object | PAYLOAD-middle-0-1-GEO-load-skid--export
Fra:1 Mem:106.21M (Peak 106.22M) | Time:00:00.06 | Mem:0.00M, Peak:0.00M | Scene, ViewLayer | Synchronizing object | PAYLOAD-middle-1-0-GEO-front-inset--export
Fra:1 Mem:106.19M (Peak 106.22M) | Time:00:00.06 | Mem:0.00M, Peak:0.00M | Scene, ViewLayer | Synchronizing object | PAYLOAD-middle-0-1-GEO-load-skid.001--export
Fra:1 Mem:106.27M (Peak 106.27M) | Time:00:00.06 | Mem:0.00M, Peak:0.00M | Scene, ViewLayer | Synchronizing object | PAYLOAD-middle-0-1-GEO-crossmember--export
Fra:1 Mem:106.25M (Peak 106.27M) | Time:00:00.06 | Mem:0.00M, Peak:0.00M | Scene, ViewLayer | Synchronizing object | PAYLOAD-middle-1-0-GEO-service-cartridge.001--export
Fra:1 Mem:106.24M (Peak 106.27M) | Time:00:00.06 | Mem:0.00M, Peak:0.00M | Scene, ViewLayer | Synchronizing object | PAYLOAD-middle-0-1-GEO-crossmember.001--export
Fra:1 Mem:106.27M (Peak 106.27M) | Time:00:00.06 | Mem:0.00M, Peak:0.00M | Scene, ViewLayer | Synchronizing object | PAYLOAD-middle-1-0-GEO-glove-grip.001--export
Fra:1 Mem:106.27M (Peak 106.27M) | Time:00:00.06 | Mem:0.00M, Peak:0.00M | Scene, ViewLayer | Synchronizing object | PAYLOAD-middle-0-1-GEO-40mm-locating-foot--export
Fra:1 Mem:106.37M (Peak 106.37M) | Time:00:00.06 | Mem:0.00M, Peak:0.00M | Scene, ViewLayer | Synchronizing object | PAYLOAD-middle-0-1-GEO-40mm-locating-foot.001--export
Fra:1 Mem:106.37M (Peak 106.37M) | Time:00:00.06 | Mem:0.00M, Peak:0.00M | Scene, ViewLayer | Synchronizing object | PAYLOAD-middle-0-1-GEO-40mm-locating-foot.002--export
Fra:1 Mem:106.36M (Peak 106.37M) | Time:00:00.06 | Mem:0.00M, Peak:0.00M | Scene, ViewLayer | Synchronizing object | PAYLOAD-middle-1-0-GEO-grip-support.003--export
Fra:1 Mem:106.34M (Peak 106.37M) | Time:00:00.06 | Mem:0.00M, Peak:0.00M | Scene, ViewLayer | Synchronizing object | PAYLOAD-middle-0-1-GEO-40mm-locating-foot.003--export
Fra:1 Mem:106.37M (Peak 106.37M) | Time:00:00.06 | Mem:0.00M, Peak:0.00M | Scene, ViewLayer | Synchronizing object | PAYLOAD-middle-1-0-GEO-grip-support.002--export
Fra:1 Mem:106.37M (Peak 106.37M) | Time:00:00.06 | Mem:0.00M, Peak:0.00M | Scene, ViewLayer | Synchronizing object | PAYLOAD-middle-0-1-GEO-sealed-floor--export
Fra:1 Mem:106.41M (Peak 106.41M) | Time:00:00.06 | Mem:0.00M, Peak:0.00M | Scene, ViewLayer | Synchronizing object | PAYLOAD-middle-1-0-GEO-grip-backing.001--export
Fra:1 Mem:106.40M (Peak 106.41M) | Time:00:00.06 | Mem:0.00M, Peak:0.00M | Scene, ViewLayer | Synchronizing object | PAYLOAD-middle-0-1-GEO-closed-side-wall--export
Fra:1 Mem:106.45M (Peak 106.45M) | Time:00:00.06 | Mem:0.00M, Peak:0.00M | Scene, ViewLayer | Synchronizing object | PAYLOAD-middle-1-0-GEO-fitted-side-panel.001--export
Fra:1 Mem:106.43M (Peak 106.45M) | Time:00:00.06 | Mem:0.00M, Peak:0.00M | Scene, ViewLayer | Synchronizing object | PAYLOAD-middle-0-1-GEO-closed-side-wall.001--export
Fra:1 Mem:106.51M (Peak 106.51M) | Time:00:00.06 | Mem:0.00M, Peak:0.00M | Scene, ViewLayer | Synchronizing object | PAYLOAD-middle-0-1-GEO-closed-rear-wall--export
Fra:1 Mem:106.51M (Peak 106.51M) | Time:00:00.06 | Mem:0.00M, Peak:0.00M | Scene, ViewLayer | Synchronizing object | PAYLOAD-middle-1-0-GEO-side-inset-backing.001--export
Fra:1 Mem:106.52M (Peak 106.52M) | Time:00:00.06 | Mem:0.00M, Peak:0.00M | Scene, ViewLayer | Synchronizing object | PAYLOAD-middle-0-1-GEO-closed-front-wall--export
Fra:1 Mem:106.57M (Peak 106.57M) | Time:00:00.06 | Mem:0.00M, Peak:0.00M | Scene, ViewLayer | Synchronizing object | PAYLOAD-middle-0-1-GEO-corner-load-column--export
Fra:1 Mem:106.56M (Peak 106.57M) | Time:00:00.06 | Mem:0.00M, Peak:0.00M | Scene, ViewLayer | Synchronizing object | PAYLOAD-middle-1-0-GEO-service-cartridge--export
Fra:1 Mem:106.56M (Peak 106.57M) | Time:00:00.06 | Mem:0.00M, Peak:0.00M | Scene, ViewLayer | Synchronizing object | PAYLOAD-middle-0-1-GEO-stepped-corner-armor--export
Fra:1 Mem:106.59M (Peak 106.59M) | Time:00:00.06 | Mem:0.00M, Peak:0.00M | Scene, ViewLayer | Synchronizing object | PAYLOAD-middle-1-0-GEO-glove-grip--export
Fra:1 Mem:106.57M (Peak 106.59M) | Time:00:00.06 | Mem:0.00M, Peak:0.00M | Scene, ViewLayer | Synchronizing object | PAYLOAD-middle-0-1-GEO-stepped-corner-armor.001--export
Fra:1 Mem:106.63M (Peak 106.63M) | Time:00:00.06 | Mem:0.00M, Peak:0.00M | Scene, ViewLayer | Synchronizing object | PAYLOAD-middle-0-1-GEO-corner-load-column.001--export
Fra:1 Mem:106.65M (Peak 106.65M) | Time:00:00.06 | Mem:0.00M, Peak:0.00M | Scene, ViewLayer | Synchronizing object | PAYLOAD-middle-1-0-GEO-grip-support.001--export
Fra:1 Mem:106.65M (Peak 106.65M) | Time:00:00.06 | Mem:0.00M, Peak:0.00M | Scene, ViewLayer | Synchronizing object | PAYLOAD-middle-0-1-GEO-stepped-corner-armor.002--export
Fra:1 Mem:106.68M (Peak 106.68M) | Time:00:00.06 | Mem:0.00M, Peak:0.00M | Scene, ViewLayer | Synchronizing object | PAYLOAD-middle-1-0-GEO-grip-support--export
Fra:1 Mem:106.68M (Peak 106.68M) | Time:00:00.06 | Mem:0.00M, Peak:0.00M | Scene, ViewLayer | Synchronizing object | PAYLOAD-middle-0-1-GEO-stepped-corner-armor.003--export
Fra:1 Mem:106.68M (Peak 106.68M) | Time:00:00.06 | Mem:0.00M, Peak:0.00M | Scene, ViewLayer | Synchronizing object | PAYLOAD-middle-0-1-GEO-corner-load-column.002--export
Fra:1 Mem:106.68M (Peak 106.68M) | Time:00:00.06 | Mem:0.00M, Peak:0.00M | Scene, ViewLayer | Synchronizing object | PAYLOAD-middle-1-0-GEO-grip-backing--export
Fra:1 Mem:106.72M (Peak 106.72M) | Time:00:00.06 | Mem:0.00M, Peak:0.00M | Scene, ViewLayer | Synchronizing object | PAYLOAD-middle-0-1-GEO-stepped-corner-armor.004--export
Fra:1 Mem:106.75M (Peak 106.75M) | Time:00:00.06 | Mem:0.00M, Peak:0.00M | Scene, ViewLayer | Synchronizing object | PAYLOAD-middle-1-0-GEO-fitted-side-panel--export
Fra:1 Mem:106.79M (Peak 106.79M) | Time:00:00.06 | Mem:0.00M, Peak:0.00M | Scene, ViewLayer | Synchronizing object | PAYLOAD-middle-0-1-GEO-stepped-corner-armor.005--export
Fra:1 Mem:106.79M (Peak 106.79M) | Time:00:00.06 | Mem:0.00M, Peak:0.00M | Scene, ViewLayer | Synchronizing object | PAYLOAD-middle-0-1-GEO-corner-load-column.003--export
Fra:1 Mem:106.77M (Peak 106.79M) | Time:00:00.06 | Mem:0.00M, Peak:0.00M | Scene, ViewLayer | Synchronizing object | PAYLOAD-middle-1-0-GEO-side-inset-backing--export
Fra:1 Mem:106.82M (Peak 106.82M) | Time:00:00.06 | Mem:0.00M, Peak:0.00M | Scene, ViewLayer | Synchronizing object | PAYLOAD-middle-0-1-GEO-stepped-corner-armor.006--export
Fra:1 Mem:106.83M (Peak 106.83M) | Time:00:00.06 | Mem:0.00M, Peak:0.00M | Scene, ViewLayer | Synchronizing object | PAYLOAD-middle-0-1-GEO-stepped-corner-armor.007--export
Fra:1 Mem:106.82M (Peak 106.83M) | Time:00:00.06 | Mem:0.00M, Peak:0.00M | Scene, ViewLayer | Synchronizing object | PAYLOAD-middle-1-0-GEO-rear-hinge-pin.001--export
Fra:1 Mem:106.92M (Peak 106.92M) | Time:00:00.06 | Mem:0.00M, Peak:0.00M | Scene, ViewLayer | Synchronizing object | PAYLOAD-middle-0-1-GEO-opening-layered-lid--export
Fra:1 Mem:106.92M (Peak 106.92M) | Time:00:00.06 | Mem:0.00M, Peak:0.00M | Scene, ViewLayer | Synchronizing object | PAYLOAD-middle-0-1-GEO-lid-shoulder-band--export
Fra:1 Mem:106.92M (Peak 106.92M) | Time:00:00.06 | Mem:0.00M, Peak:0.00M | Scene, ViewLayer | Synchronizing object | PAYLOAD-middle-1-0-GEO-rear-hinge-pin--export
Fra:1 Mem:106.90M (Peak 106.92M) | Time:00:00.06 | Mem:0.00M, Peak:0.00M | Scene, ViewLayer | Synchronizing object | PAYLOAD-middle-0-1-GEO-lid-shoulder-band.001--export
Fra:1 Mem:106.95M (Peak 106.95M) | Time:00:00.06 | Mem:0.00M, Peak:0.00M | Scene, ViewLayer | Synchronizing object | PAYLOAD-middle-0-1-GEO-lid-recess-base--export
Fra:1 Mem:106.98M (Peak 106.98M) | Time:00:00.06 | Mem:0.00M, Peak:0.00M | Scene, ViewLayer | Synchronizing object | PAYLOAD-middle-1-0-GEO-lid-toggle.001--export
Fra:1 Mem:106.95M (Peak 106.98M) | Time:00:00.06 | Mem:0.00M, Peak:0.00M | Scene, ViewLayer | Synchronizing object | PAYLOAD-middle-0-1-GEO-lid-fitted-cap--export
Fra:1 Mem:107.00M (Peak 107.00M) | Time:00:00.06 | Mem:0.00M, Peak:0.00M | Scene, ViewLayer | Synchronizing object | PAYLOAD-middle-1-0-GEO-lid-latch-leaf.001--export
Fra:1 Mem:106.99M (Peak 107.00M) | Time:00:00.06 | Mem:0.00M, Peak:0.00M | Scene, ViewLayer | Synchronizing object | PAYLOAD-middle-0-1-GEO-lid-cap-end-step--export
Fra:1 Mem:107.03M (Peak 107.03M) | Time:00:00.06 | Mem:0.00M, Peak:0.00M | Scene, ViewLayer | Synchronizing object | PAYLOAD-middle-1-0-GEO-lid-toggle--export
Fra:1 Mem:107.01M (Peak 107.03M) | Time:00:00.06 | Mem:0.00M, Peak:0.00M | Scene, ViewLayer | Synchronizing object | PAYLOAD-middle-0-1-GEO-lid-cap-end-step.001--export
Fra:1 Mem:107.06M (Peak 107.06M) | Time:00:00.06 | Mem:0.00M, Peak:0.00M | Scene, ViewLayer | Synchronizing object | PAYLOAD-middle-1-0-GEO-lid-latch-leaf--export
Fra:1 Mem:107.04M (Peak 107.06M) | Time:00:00.06 | Mem:0.00M, Peak:0.00M | Scene, ViewLayer | Synchronizing object | PAYLOAD-middle-0-1-GEO-lid-latch-leaf--export
Fra:1 Mem:107.07M (Peak 107.07M) | Time:00:00.06 | Mem:0.00M, Peak:0.00M | Scene, ViewLayer | Synchronizing object | PAYLOAD-middle-1-0-GEO-lid-cap-end-step.001--export
Fra:1 Mem:107.07M (Peak 107.07M) | Time:00:00.06 | Mem:0.00M, Peak:0.00M | Scene, ViewLayer | Synchronizing object | PAYLOAD-middle-0-1-GEO-lid-toggle--export
Fra:1 Mem:107.12M (Peak 107.12M) | Time:00:00.06 | Mem:0.00M, Peak:0.00M | Scene, ViewLayer | Synchronizing object | PAYLOAD-middle-1-0-GEO-lid-cap-end-step--export
Fra:1 Mem:107.10M (Peak 107.12M) | Time:00:00.06 | Mem:0.00M, Peak:0.00M | Scene, ViewLayer | Synchronizing object | PAYLOAD-middle-0-1-GEO-lid-latch-leaf.001--export
Fra:1 Mem:107.15M (Peak 107.15M) | Time:00:00.06 | Mem:0.00M, Peak:0.00M | Scene, ViewLayer | Synchronizing object | PAYLOAD-middle-1-0-GEO-lid-fitted-cap--export
Fra:1 Mem:107.13M (Peak 107.15M) | Time:00:00.06 | Mem:0.00M, Peak:0.00M | Scene, ViewLayer | Synchronizing object | PAYLOAD-middle-0-1-GEO-lid-toggle.001--export
Fra:1 Mem:107.17M (Peak 107.17M) | Time:00:00.06 | Mem:0.00M, Peak:0.00M | Scene, ViewLayer | Synchronizing object | PAYLOAD-middle-1-0-GEO-lid-recess-base--export
Fra:1 Mem:107.15M (Peak 107.17M) | Time:00:00.06 | Mem:0.00M, Peak:0.00M | Scene, ViewLayer | Synchronizing object | PAYLOAD-middle-0-1-GEO-rear-hinge-pin--export
Fra:1 Mem:107.21M (Peak 107.21M) | Time:00:00.06 | Mem:0.00M, Peak:0.00M | Scene, ViewLayer | Synchronizing object | PAYLOAD-middle-1-0-GEO-lid-shoulder-band.001--export
Fra:1 Mem:107.23M (Peak 107.23M) | Time:00:00.06 | Mem:0.00M, Peak:0.00M | Scene, ViewLayer | Synchronizing object | PAYLOAD-middle-0-1-GEO-rear-hinge-pin.001--export
Fra:1 Mem:107.22M (Peak 107.23M) | Time:00:00.06 | Mem:0.00M, Peak:0.00M | Scene, ViewLayer | Synchronizing object | PAYLOAD-middle-1-0-GEO-lid-shoulder-band--export
Fra:1 Mem:107.30M (Peak 107.30M) | Time:00:00.06 | Mem:0.00M, Peak:0.00M | Scene, ViewLayer | Synchronizing object | PAYLOAD-middle-1-0-GEO-opening-layered-lid--export
Fra:1 Mem:107.27M (Peak 107.30M) | Time:00:00.06 | Mem:0.00M, Peak:0.00M | Scene, ViewLayer | Synchronizing object | PAYLOAD-middle-0-1-GEO-side-inset-backing--export
Fra:1 Mem:107.33M (Peak 107.33M) | Time:00:00.06 | Mem:0.00M, Peak:0.00M | Scene, ViewLayer | Synchronizing object | PAYLOAD-middle-1-0-GEO-stepped-corner-armor.007--export
Fra:1 Mem:107.34M (Peak 107.34M) | Time:00:00.06 | Mem:0.00M, Peak:0.00M | Scene, ViewLayer | Synchronizing object | PAYLOAD-middle-1-0-GEO-stepped-corner-armor.006--export
Fra:1 Mem:107.31M (Peak 107.34M) | Time:00:00.06 | Mem:0.00M, Peak:0.00M | Scene, ViewLayer | Synchronizing object | PAYLOAD-middle-0-1-GEO-fitted-side-panel--export
Fra:1 Mem:107.37M (Peak 107.37M) | Time:00:00.06 | Mem:0.00M, Peak:0.00M | Scene, ViewLayer | Synchronizing object | PAYLOAD-middle-1-0-GEO-corner-load-column.003--export
Fra:1 Mem:107.37M (Peak 107.37M) | Time:00:00.06 | Mem:0.00M, Peak:0.00M | Scene, ViewLayer | Synchronizing object | PAYLOAD-middle-1-0-GEO-stepped-corner-armor.005--export
Fra:1 Mem:107.37M (Peak 107.37M) | Time:00:00.06 | Mem:0.00M, Peak:0.00M | Scene, ViewLayer | Synchronizing object | PAYLOAD-middle-0-1-GEO-grip-backing--export
Fra:1 Mem:107.40M (Peak 107.40M) | Time:00:00.06 | Mem:0.00M, Peak:0.00M | Scene, ViewLayer | Synchronizing object | PAYLOAD-middle-0-1-GEO-grip-support--export
Fra:1 Mem:107.40M (Peak 107.40M) | Time:00:00.06 | Mem:0.00M, Peak:0.00M | Scene, ViewLayer | Synchronizing object | PAYLOAD-middle-1-0-GEO-stepped-corner-armor.004--export
Fra:1 Mem:107.43M (Peak 107.43M) | Time:00:00.06 | Mem:0.00M, Peak:0.00M | Scene, ViewLayer | Synchronizing object | PAYLOAD-middle-0-1-GEO-grip-support.001--export
Fra:1 Mem:107.46M (Peak 107.46M) | Time:00:00.06 | Mem:0.00M, Peak:0.00M | Scene, ViewLayer | Synchronizing object | PAYLOAD-middle-1-0-GEO-corner-load-column.002--export
Fra:1 Mem:107.47M (Peak 107.47M) | Time:00:00.06 | Mem:0.00M, Peak:0.00M | Scene, ViewLayer | Synchronizing object | PAYLOAD-middle-0-1-GEO-glove-grip--export
Fra:1 Mem:107.54M (Peak 107.54M) | Time:00:00.06 | Mem:0.00M, Peak:0.00M | Scene, ViewLayer | Synchronizing object | PAYLOAD-middle-1-0-GEO-stepped-corner-armor.003--export
Fra:1 Mem:107.50M (Peak 107.54M) | Time:00:00.06 | Mem:0.00M, Peak:0.00M | Scene, ViewLayer | Synchronizing object | PAYLOAD-middle-1-0-GEO-stepped-corner-armor.002--export
Fra:1 Mem:107.51M (Peak 107.54M) | Time:00:00.06 | Mem:0.00M, Peak:0.00M | Scene, ViewLayer | Synchronizing object | PAYLOAD-middle-1-0-GEO-corner-load-column.001--export
Fra:1 Mem:107.53M (Peak 107.54M) | Time:00:00.06 | Mem:0.00M, Peak:0.00M | Scene, ViewLayer | Synchronizing object | PAYLOAD-middle-1-0-GEO-stepped-corner-armor.001--export
Fra:1 Mem:107.54M (Peak 107.54M) | Time:00:00.06 | Mem:0.00M, Peak:0.00M | Scene, ViewLayer | Synchronizing object | PAYLOAD-middle-1-0-GEO-stepped-corner-armor--export
Fra:1 Mem:107.56M (Peak 107.56M) | Time:00:00.06 | Mem:0.00M, Peak:0.00M | Scene, ViewLayer | Synchronizing object | PAYLOAD-middle-1-0-GEO-corner-load-column--export
Fra:1 Mem:107.57M (Peak 107.57M) | Time:00:00.06 | Mem:0.00M, Peak:0.00M | Scene, ViewLayer | Synchronizing object | PAYLOAD-middle-1-0-GEO-closed-front-wall--export
Fra:1 Mem:107.59M (Peak 107.59M) | Time:00:00.06 | Mem:0.00M, Peak:0.00M | Scene, ViewLayer | Synchronizing object | PAYLOAD-middle-1-0-GEO-closed-rear-wall--export
Fra:1 Mem:107.60M (Peak 107.60M) | Time:00:00.06 | Mem:0.00M, Peak:0.00M | Scene, ViewLayer | Synchronizing object | PAYLOAD-middle-0-1-GEO-service-cartridge--export
Fra:1 Mem:107.63M (Peak 107.63M) | Time:00:00.06 | Mem:0.00M, Peak:0.00M | Scene, ViewLayer | Synchronizing object | PAYLOAD-middle-1-0-GEO-closed-side-wall.001--export
Fra:1 Mem:107.65M (Peak 107.65M) | Time:00:00.06 | Mem:0.00M, Peak:0.00M | Scene, ViewLayer | Synchronizing object | PAYLOAD-middle-0-1-GEO-side-inset-backing.001--export
Fra:1 Mem:107.67M (Peak 107.67M) | Time:00:00.06 | Mem:0.00M, Peak:0.00M | Scene, ViewLayer | Synchronizing object | PAYLOAD-middle-1-0-GEO-closed-side-wall--export
Fra:1 Mem:107.71M (Peak 107.71M) | Time:00:00.06 | Mem:0.00M, Peak:0.00M | Scene, ViewLayer | Synchronizing object | PAYLOAD-middle-1-0-GEO-sealed-floor--export
Fra:1 Mem:107.67M (Peak 107.71M) | Time:00:00.06 | Mem:0.00M, Peak:0.00M | Scene, ViewLayer | Synchronizing object | PAYLOAD-middle-0-1-GEO-fitted-side-panel.001--export
Fra:1 Mem:107.75M (Peak 107.75M) | Time:00:00.06 | Mem:0.00M, Peak:0.00M | Scene, ViewLayer | Synchronizing object | PAYLOAD-middle-1-0-GEO-40mm-locating-foot.003--export
Fra:1 Mem:107.71M (Peak 107.75M) | Time:00:00.06 | Mem:0.00M, Peak:0.00M | Scene, ViewLayer | Synchronizing object | PAYLOAD-middle-0-1-GEO-grip-backing.001--export
Fra:1 Mem:107.75M (Peak 107.75M) | Time:00:00.06 | Mem:0.00M, Peak:0.00M | Scene, ViewLayer | Synchronizing object | PAYLOAD-middle-0-1-GEO-grip-support.002--export
Fra:1 Mem:107.76M (Peak 107.76M) | Time:00:00.06 | Mem:0.00M, Peak:0.00M | Scene, ViewLayer | Synchronizing object | PAYLOAD-middle-1-0-GEO-40mm-locating-foot.002--export
Fra:1 Mem:107.79M (Peak 107.79M) | Time:00:00.06 | Mem:0.00M, Peak:0.00M | Scene, ViewLayer | Synchronizing object | PAYLOAD-middle-0-1-GEO-grip-support.003--export
Fra:1 Mem:107.79M (Peak 107.79M) | Time:00:00.06 | Mem:0.00M, Peak:0.00M | Scene, ViewLayer | Synchronizing object | PAYLOAD-middle-1-0-GEO-40mm-locating-foot.001--export
Fra:1 Mem:107.82M (Peak 107.82M) | Time:00:00.06 | Mem:0.00M, Peak:0.00M | Scene, ViewLayer | Synchronizing object | PAYLOAD-middle-0-1-GEO-glove-grip.001--export
Fra:1 Mem:107.86M (Peak 107.86M) | Time:00:00.06 | Mem:0.00M, Peak:0.00M | Scene, ViewLayer | Synchronizing object | PAYLOAD-middle-1-0-GEO-40mm-locating-foot--export
Fra:1 Mem:107.88M (Peak 107.88M) | Time:00:00.06 | Mem:0.00M, Peak:0.00M | Scene, ViewLayer | Synchronizing object | PAYLOAD-middle-1-0-GEO-crossmember.001--export
Fra:1 Mem:107.84M (Peak 107.88M) | Time:00:00.06 | Mem:0.00M, Peak:0.00M | Scene, ViewLayer | Synchronizing object | PAYLOAD-middle-0-1-GEO-service-cartridge.001--export
Fra:1 Mem:107.89M (Peak 107.89M) | Time:00:00.06 | Mem:0.00M, Peak:0.00M | Scene, ViewLayer | Synchronizing object | PAYLOAD-middle-0-1-GEO-front-inset--export
Fra:1 Mem:107.92M (Peak 107.92M) | Time:00:00.06 | Mem:0.00M, Peak:0.00M | Scene, ViewLayer | Synchronizing object | PAYLOAD-middle-1-0-GEO-crossmember--export
Fra:1 Mem:107.95M (Peak 107.95M) | Time:00:00.06 | Mem:0.00M, Peak:0.00M | Scene, ViewLayer | Synchronizing object | PAYLOAD-middle-1-0-GEO-load-skid.001--export
Fra:1 Mem:107.91M (Peak 107.95M) | Time:00:00.06 | Mem:0.00M, Peak:0.00M | Scene, ViewLayer | Synchronizing object | PAYLOAD-middle-0-1-GEO-front-fitted-panel--export
Fra:1 Mem:107.96M (Peak 107.96M) | Time:00:00.06 | Mem:0.00M, Peak:0.00M | Scene, ViewLayer | Synchronizing object | PAYLOAD-middle-1-0-GEO-load-skid--export
Fra:1 Mem:107.98M (Peak 107.98M) | Time:00:00.06 | Mem:0.00M, Peak:0.00M | Scene, ViewLayer | Synchronizing object | PAYLOAD-middle-0-1-GEO-stack-receiver-base--export
Fra:1 Mem:107.96M (Peak 107.98M) | Time:00:00.06 | Mem:0.00M, Peak:0.00M | Scene, ViewLayer | Synchronizing object | PAYLOAD-middle-0-1-GEO-fixed-rear-hinge-saddle.003--export
Fra:1 Mem:108.01M (Peak 108.01M) | Time:00:00.06 | Mem:0.00M, Peak:0.00M | Scene, ViewLayer | Synchronizing object | PAYLOAD-middle-0-1-GEO-44mm-clear-stack-receiver--export
Fra:1 Mem:108.02M (Peak 108.02M) | Time:00:00.06 | Mem:0.00M, Peak:0.00M | Scene, ViewLayer | Synchronizing object | PAYLOAD-middle-0-1-GEO-fixed-rear-hinge-saddle.002--export
Fra:1 Mem:108.03M (Peak 108.03M) | Time:00:00.06 | Mem:0.00M, Peak:0.00M | Scene, ViewLayer | Synchronizing object | PAYLOAD-middle-0-1-GEO-44mm-clear-stack-receiver.001--export
Fra:1 Mem:108.04M (Peak 108.04M) | Time:00:00.06 | Mem:0.00M, Peak:0.00M | Scene, ViewLayer | Synchronizing object | PAYLOAD-middle-0-1-GEO-fixed-rear-hinge-saddle.001--export
Fra:1 Mem:108.05M (Peak 108.05M) | Time:00:00.06 | Mem:0.00M, Peak:0.00M | Scene, ViewLayer | Synchronizing object | PAYLOAD-middle-0-1-GEO-44mm-clear-stack-receiver.002--export
Fra:1 Mem:108.07M (Peak 108.07M) | Time:00:00.06 | Mem:0.00M, Peak:0.00M | Scene, ViewLayer | Synchronizing object | PAYLOAD-middle-0-1-GEO-fixed-rear-hinge-saddle--export
Fra:1 Mem:108.09M (Peak 108.09M) | Time:00:00.06 | Mem:0.00M, Peak:0.00M | Scene, ViewLayer | Synchronizing object | PAYLOAD-middle-0-1-GEO-44mm-clear-stack-receiver.003--export
Fra:1 Mem:108.11M (Peak 108.11M) | Time:00:00.06 | Mem:0.00M, Peak:0.00M | Scene, ViewLayer | Synchronizing object | PAYLOAD-middle-0-1-GEO-lid-latch-connecting-bridge.001--export
Fra:1 Mem:108.09M (Peak 108.11M) | Time:00:00.06 | Mem:0.00M, Peak:0.00M | Scene, ViewLayer | Synchronizing object | PAYLOAD-middle-0-1-GEO-stack-receiver-base.001--export
Fra:1 Mem:108.12M (Peak 108.12M) | Time:00:00.06 | Mem:0.00M, Peak:0.00M | Scene, ViewLayer | Synchronizing object | PAYLOAD-middle-0-1-GEO-lid-latch-connecting-bridge--export
Fra:1 Mem:108.12M (Peak 108.12M) | Time:00:00.06 | Mem:0.00M, Peak:0.00M | Scene, ViewLayer | Synchronizing object | PAYLOAD-middle-0-1-GEO-44mm-clear-stack-receiver.004--export
Fra:1 Mem:108.17M (Peak 108.17M) | Time:00:00.06 | Mem:0.00M, Peak:0.00M | Scene, ViewLayer | Synchronizing object | PAYLOAD-middle-0-1-GEO-44mm-clear-stack-receiver.005--export
Fra:1 Mem:108.15M (Peak 108.17M) | Time:00:00.06 | Mem:0.00M, Peak:0.00M | Scene, ViewLayer | Synchronizing object | PAYLOAD-middle-0-1-GEO-inset-lid-gasket.003--export
Fra:1 Mem:108.20M (Peak 108.20M) | Time:00:00.06 | Mem:0.00M, Peak:0.00M | Scene, ViewLayer | Synchronizing object | PAYLOAD-middle-0-1-GEO-44mm-clear-stack-receiver.006--export
Fra:1 Mem:108.21M (Peak 108.21M) | Time:00:00.06 | Mem:0.00M, Peak:0.00M | Scene, ViewLayer | Synchronizing object | PAYLOAD-middle-0-1-GEO-lid-support-ledge.003--export
Fra:1 Mem:108.22M (Peak 108.22M) | Time:00:00.06 | Mem:0.00M, Peak:0.00M | Scene, ViewLayer | Synchronizing object | PAYLOAD-middle-0-1-GEO-44mm-clear-stack-receiver.007--export
Fra:1 Mem:108.23M (Peak 108.23M) | Time:00:00.06 | Mem:0.00M, Peak:0.00M | Scene, ViewLayer | Synchronizing object | PAYLOAD-middle-0-1-GEO-inset-lid-gasket.002--export
Fra:1 Mem:108.24M (Peak 108.24M) | Time:00:00.06 | Mem:0.00M, Peak:0.00M | Scene, ViewLayer | Synchronizing object | PAYLOAD-middle-0-1-GEO-stack-receiver-base.002--export
Fra:1 Mem:108.25M (Peak 108.25M) | Time:00:00.06 | Mem:0.00M, Peak:0.00M | Scene, ViewLayer | Synchronizing object | PAYLOAD-middle-0-1-GEO-lid-support-ledge.002--export
Fra:1 Mem:108.27M (Peak 108.27M) | Time:00:00.06 | Mem:0.00M, Peak:0.00M | Scene, ViewLayer | Synchronizing object | PAYLOAD-middle-0-1-GEO-44mm-clear-stack-receiver.008--export
Fra:1 Mem:108.28M (Peak 108.28M) | Time:00:00.06 | Mem:0.00M, Peak:0.00M | Scene, ViewLayer | Synchronizing object | PAYLOAD-middle-0-1-GEO-inset-lid-gasket.001--export
Fra:1 Mem:108.30M (Peak 108.30M) | Time:00:00.06 | Mem:0.00M, Peak:0.00M | Scene, ViewLayer | Synchronizing object | PAYLOAD-middle-0-1-GEO-44mm-clear-stack-receiver.009--export
Fra:1 Mem:108.32M (Peak 108.32M) | Time:00:00.06 | Mem:0.00M, Peak:0.00M | Scene, ViewLayer | Synchronizing object | PAYLOAD-middle-0-1-GEO-lid-support-ledge.001--export
Fra:1 Mem:108.34M (Peak 108.34M) | Time:00:00.06 | Mem:0.00M, Peak:0.00M | Scene, ViewLayer | Synchronizing object | PAYLOAD-middle-0-1-GEO-44mm-clear-stack-receiver.010--export
Fra:1 Mem:108.36M (Peak 108.36M) | Time:00:00.06 | Mem:0.00M, Peak:0.00M | Scene, ViewLayer | Synchronizing object | PAYLOAD-middle-0-1-GEO-inset-lid-gasket--export
Fra:1 Mem:108.37M (Peak 108.37M) | Time:00:00.06 | Mem:0.00M, Peak:0.00M | Scene, ViewLayer | Synchronizing object | PAYLOAD-middle-0-1-GEO-44mm-clear-stack-receiver.011--export
Fra:1 Mem:108.39M (Peak 108.39M) | Time:00:00.06 | Mem:0.00M, Peak:0.00M | Scene, ViewLayer | Synchronizing object | PAYLOAD-middle-0-1-GEO-lid-support-ledge--export
Fra:1 Mem:108.39M (Peak 108.39M) | Time:00:00.06 | Mem:0.00M, Peak:0.00M | Scene, ViewLayer | Synchronizing object | PAYLOAD-middle-0-1-GEO-stack-receiver-base.003--export
Fra:1 Mem:108.41M (Peak 108.41M) | Time:00:00.06 | Mem:0.00M, Peak:0.00M | Scene, ViewLayer | Synchronizing object | PAYLOAD-middle-0-1-GEO-fixed-top-frame.003--export
Fra:1 Mem:108.42M (Peak 108.42M) | Time:00:00.06 | Mem:0.00M, Peak:0.00M | Scene, ViewLayer | Synchronizing object | PAYLOAD-middle-0-1-GEO-44mm-clear-stack-receiver.012--export
Fra:1 Mem:108.43M (Peak 108.43M) | Time:00:00.06 | Mem:0.00M, Peak:0.00M | Scene, ViewLayer | Synchronizing object | PAYLOAD-middle-0-1-GEO-44mm-clear-stack-receiver.013--export
Fra:1 Mem:108.44M (Peak 108.44M) | Time:00:00.06 | Mem:0.00M, Peak:0.00M | Scene, ViewLayer | Synchronizing object | PAYLOAD-middle-0-1-GEO-fixed-top-frame.002--export
Fra:1 Mem:108.46M (Peak 108.46M) | Time:00:00.06 | Mem:0.00M, Peak:0.00M | Scene, ViewLayer | Synchronizing object | PAYLOAD-middle-0-1-GEO-44mm-clear-stack-receiver.014--export
Fra:1 Mem:108.46M (Peak 108.46M) | Time:00:00.06 | Mem:0.00M, Peak:0.00M | Scene, ViewLayer | Synchronizing object | PAYLOAD-middle-0-1-GEO-fixed-top-frame.001--export
Fra:1 Mem:108.46M (Peak 108.46M) | Time:00:00.06 | Mem:0.00M, Peak:0.00M | Scene, ViewLayer | Synchronizing object | PAYLOAD-middle-0-1-GEO-44mm-clear-stack-receiver.015--export
Fra:1 Mem:108.51M (Peak 108.51M) | Time:00:00.06 | Mem:0.00M, Peak:0.00M | Scene, ViewLayer | Synchronizing object | PAYLOAD-middle-0-1-GEO-marking-STA / S--export
Fra:1 Mem:108.50M (Peak 108.51M) | Time:00:00.06 | Mem:0.00M, Peak:0.00M | Scene, ViewLayer | Synchronizing object | PAYLOAD-middle-0-1-GEO-fixed-top-frame--export
Fra:1 Mem:108.62M (Peak 108.62M) | Time:00:00.06 | Mem:0.00M, Peak:0.00M | Scene, ViewLayer | Initializing
Fra:1 Mem:79.33M (Peak 108.62M) | Time:00:00.07 | Mem:0.00M, Peak:0.00M | Scene, ViewLayer | Waiting for render to start
Fra:1 Mem:79.33M (Peak 108.62M) | Time:00:00.07 | Mem:0.00M, Peak:0.00M | Scene, ViewLayer | Loading render kernels (may take a few minutes the first time)
Fra:1 Mem:79.33M (Peak 108.62M) | Time:00:00.07 | Mem:0.00M, Peak:0.00M | Scene, ViewLayer | Updating Scene
Fra:1 Mem:79.33M (Peak 108.62M) | Time:00:00.07 | Mem:0.00M, Peak:0.00M | Scene, ViewLayer | Updating Shaders
Fra:1 Mem:79.44M (Peak 108.62M) | Time:00:00.07 | Mem:0.03M, Peak:0.03M | Scene, ViewLayer | Updating Procedurals
Fra:1 Mem:79.44M (Peak 108.62M) | Time:00:00.07 | Mem:0.03M, Peak:0.03M | Scene, ViewLayer | Updating Background
Fra:1 Mem:79.44M (Peak 108.62M) | Time:00:00.07 | Mem:0.03M, Peak:0.03M | Scene, ViewLayer | Updating Camera
Fra:1 Mem:79.44M (Peak 108.62M) | Time:00:00.07 | Mem:0.03M, Peak:0.03M | Scene, ViewLayer | Updating Meshes Flags
Fra:1 Mem:79.44M (Peak 108.62M) | Time:00:00.07 | Mem:0.03M, Peak:0.03M | Scene, ViewLayer | Updating Objects
Fra:1 Mem:79.44M (Peak 108.62M) | Time:00:00.07 | Mem:0.03M, Peak:0.03M | Scene, ViewLayer | Updating Objects | Copying Transformations to device
Fra:1 Mem:79.63M (Peak 108.62M) | Time:00:00.07 | Mem:0.21M, Peak:0.21M | Scene, ViewLayer | Updating Objects | Applying Static Transformations
Fra:1 Mem:79.63M (Peak 108.62M) | Time:00:00.07 | Mem:0.21M, Peak:0.21M | Scene, ViewLayer | Updating Particle Systems
Fra:1 Mem:79.63M (Peak 108.62M) | Time:00:00.07 | Mem:0.21M, Peak:0.21M | Scene, ViewLayer | Updating Particle Systems | Copying Particles to device
Fra:1 Mem:79.63M (Peak 108.62M) | Time:00:00.07 | Mem:0.21M, Peak:0.21M | Scene, ViewLayer | Updating Meshes
Fra:1 Mem:81.05M (Peak 108.62M) | Time:00:00.07 | Mem:0.21M, Peak:0.21M | Scene, ViewLayer | Updating Mesh | Computing attributes
Fra:1 Mem:83.75M (Peak 108.62M) | Time:00:00.07 | Mem:0.26M, Peak:0.26M | Scene, ViewLayer | Updating Mesh | Copying Attributes to device
Fra:1 Mem:83.63M (Peak 108.62M) | Time:00:00.08 | Mem:2.80M, Peak:2.80M | Scene, ViewLayer | Updating Scene BVH | Building
Fra:1 Mem:83.64M (Peak 108.62M) | Time:00:00.08 | Mem:2.80M, Peak:2.80M | Scene, ViewLayer | Updating Scene BVH | Building BVH
Fra:1 Mem:83.64M (Peak 108.62M) | Time:00:00.08 | Mem:5.63M, Peak:5.63M | Scene, ViewLayer | Updating Scene BVH | Building BVH 0%
Fra:1 Mem:83.64M (Peak 108.62M) | Time:00:00.09 | Mem:9.02M, Peak:11.86M | Scene, ViewLayer | Updating Scene BVH | Copying BVH to device
Fra:1 Mem:83.64M (Peak 108.62M) | Time:00:00.09 | Mem:9.02M, Peak:11.86M | Scene, ViewLayer | Updating Mesh | Computing normals
Fra:1 Mem:92.19M (Peak 108.62M) | Time:00:00.09 | Mem:9.02M, Peak:11.86M | Scene, ViewLayer | Updating Mesh | Copying Mesh to device
Fra:1 Mem:92.19M (Peak 108.62M) | Time:00:00.09 | Mem:17.57M, Peak:17.57M | Scene, ViewLayer | Updating Objects Flags
Fra:1 Mem:92.19M (Peak 108.62M) | Time:00:00.09 | Mem:17.57M, Peak:17.57M | Scene, ViewLayer | Updating Primitive Offsets
Fra:1 Mem:92.19M (Peak 108.62M) | Time:00:00.09 | Mem:17.58M, Peak:17.58M | Scene, ViewLayer | Updating Images
Fra:1 Mem:92.19M (Peak 108.62M) | Time:00:00.09 | Mem:17.58M, Peak:17.58M | Scene, ViewLayer | Updating Camera Volume
Fra:1 Mem:92.19M (Peak 108.62M) | Time:00:00.09 | Mem:17.58M, Peak:17.58M | Scene, ViewLayer | Updating Lookup Tables
Fra:1 Mem:92.19M (Peak 108.62M) | Time:00:00.09 | Mem:17.66M, Peak:17.66M | Scene, ViewLayer | Updating Lights
Fra:1 Mem:92.19M (Peak 108.62M) | Time:00:00.09 | Mem:17.66M, Peak:17.66M | Scene, ViewLayer | Updating Lights | Computing tree
Fra:1 Mem:92.40M (Peak 108.62M) | Time:00:00.09 | Mem:17.87M, Peak:17.87M | Scene, ViewLayer | Updating Integrator
Fra:1 Mem:92.40M (Peak 108.62M) | Time:00:00.09 | Mem:17.87M, Peak:17.87M | Scene, ViewLayer | Updating Film
Fra:1 Mem:92.40M (Peak 108.62M) | Time:00:00.09 | Mem:17.78M, Peak:17.87M | Scene, ViewLayer | Updating Lookup Tables
Fra:1 Mem:92.40M (Peak 108.62M) | Time:00:00.09 | Mem:17.87M, Peak:17.87M | Scene, ViewLayer | Updating Baking
Fra:1 Mem:92.40M (Peak 108.62M) | Time:00:00.09 | Mem:17.87M, Peak:17.87M | Scene, ViewLayer | Updating Device | Writing constant memory
Fra:1 Mem:92.42M (Peak 108.62M) | Time:00:00.09 | Mem:17.87M, Peak:17.87M | Scene, ViewLayer | Sample 0/64
Fra:1 Mem:145.30M (Peak 145.30M) | Time:00:01.03 | Remaining:00:59.59 | Mem:70.74M, Peak:70.74M | Scene, ViewLayer | Sample 1/64
Fra:1 Mem:145.30M (Peak 145.30M) | Time:00:30.57 | Remaining:00:28.63 | Mem:70.74M, Peak:70.74M | Scene, ViewLayer | Sample 33/64
Fra:1 Mem:168.80M (Peak 215.79M) | Time:00:59.02 | Mem:70.74M, Peak:70.74M | Scene, ViewLayer | Sample 64/64
Fra:1 Mem:168.80M (Peak 215.79M) | Time:00:59.02 | Mem:70.74M, Peak:70.74M | Scene, ViewLayer | Finished
Saved: '/root/sidereal_spacetime/assets/art-library/designs/cargo.carrier.grid-support/revisions/r000/a002/mixed-stack-top.png'
Time: 00:59.14 (Saving: 00:00.12)

Info: Saved "stack-fixture.blend"
{"carrierAssets": ["carrier-1m", "carrier-2m"], "output": "/root/sidereal_spacetime/assets/art-library/designs/cargo.carrier.grid-support/revisions/r000/a002", "device": "CPU", "threads": 2, "samples": 64}

Blender quit
