ERROR Draco mesh compression is not available because library could not be found at /usr/bin/4.3/python/lib/python3.13/site-packages/libextern_draco.so
22:38:06 | INFO: Starting glTF 2.0 export
22:38:06 | INFO: Extracting primitive: MESH-armor-block-f94c0ba2aa04f31fb6a5-closed-incoming-wrapped-b
22:38:06 | INFO: Primitives created: 1
22:38:06 | INFO: Extracting primitive: MESH-armor-block-f94c0ba2aa04f31fb6a5-closed-outgoing-wrapped-b
22:38:06 | INFO: Primitives created: 1
22:38:06 | INFO: Extracting primitive: MESH-armor-block-f94c0ba2aa04f31fb6a5-closed-solid-body
22:38:06 | INFO: Primitives created: 1
22:38:06 | INFO: Extracting primitive: MESH-armor-block-f94c0ba2aa04f31fb6a5-cyan-flush-status-lens
22:38:06 | INFO: Primitives created: 1
22:38:06 | INFO: Extracting primitive: MESH-armor-block-f94c0ba2aa04f31fb6a5-interchangeable-plain-fac
22:38:06 | INFO: Primitives created: 1
22:38:06 | INFO: Extracting primitive: MESH-armor-block-f94c0ba2aa04f31fb6a5-lower-impact-rail-right
22:38:06 | INFO: Primitives created: 1
22:38:06 | INFO: Extracting primitive: MESH-armor-block-f94c0ba2aa04f31fb6a5-lower-impact-rail-cut-poc
22:38:06 | INFO: Primitives created: 1
22:38:06 | INFO: Extracting primitive: MESH-armor-block-f94c0ba2aa04f31fb6a5-lower-impact-rail-left
22:38:06 | INFO: Primitives created: 1
22:38:06 | INFO: Extracting primitive: MESH-armor-block-f94c0ba2aa04f31fb6a5-pale-wrapped-connector-ou
22:38:06 | INFO: Primitives created: 1
22:38:06 | INFO: Extracting primitive: MESH-armor-block-f94c0ba2aa04f31fb6a5-pale-wrapped-connector-in
22:38:06 | INFO: Primitives created: 1
22:38:06 | INFO: Extracting primitive: MESH-armor-block-f94c0ba2aa04f31fb6a5-recess-shadow-seat
22:38:06 | INFO: Primitives created: 1
22:38:06 | INFO: Extracting primitive: MESH-armor-block-f94c0ba2aa04f31fb6a5-upper-stepped-shoulder
22:38:06 | INFO: Primitives created: 1
22:38:06 | INFO: Finished glTF 2.0 export in 0.1285865306854248 s

22:38:06 | INFO: Starting glTF 2.0 export
22:38:06 | INFO: Extracting primitive: MESH-armor-block-7c657ee01a90318dec3e-closed-incoming-wrapped-b
22:38:06 | INFO: Primitives created: 1
22:38:06 | INFO: Extracting primitive: MESH-armor-block-7c657ee01a90318dec3e-closed-outgoing-wrapped-b
22:38:06 | INFO: Primitives created: 1
22:38:06 | INFO: Extracting primitive: MESH-armor-block-7c657ee01a90318dec3e-closed-solid-body
22:38:06 | INFO: Primitives created: 1
22:38:06 | INFO: Extracting primitive: MESH-armor-block-7c657ee01a90318dec3e-cyan-flush-status-lens
22:38:06 | INFO: Primitives created: 1
22:38:06 | INFO: Extracting primitive: MESH-armor-block-7c657ee01a90318dec3e-deep-vent-louver-1
22:38:06 | INFO: Primitives created: 1
22:38:06 | INFO: Extracting primitive: MESH-armor-block-7c657ee01a90318dec3e-deep-vent-louver-2
22:38:06 | INFO: Primitives created: 1
22:38:06 | INFO: Extracting primitive: MESH-armor-block-7c657ee01a90318dec3e-deep-vent-louver-3
22:38:06 | INFO: Primitives created: 1
22:38:06 | INFO: Extracting primitive: MESH-armor-block-7c657ee01a90318dec3e-deep-vent-louver-4
22:38:06 | INFO: Primitives created: 1
22:38:06 | INFO: Extracting primitive: MESH-armor-block-7c657ee01a90318dec3e-deep-vent-louver-5
22:38:06 | INFO: Primitives created: 1
22:38:06 | INFO: Extracting primitive: MESH-armor-block-7c657ee01a90318dec3e-deep-vent-louver-6
22:38:06 | INFO: Primitives created: 1
22:38:06 | INFO: Extracting primitive: MESH-armor-block-7c657ee01a90318dec3e-deep-vent-louver-7
22:38:06 | INFO: Primitives created: 1
22:38:06 | INFO: Extracting primitive: MESH-armor-block-7c657ee01a90318dec3e-deep-vent-louver-8
22:38:06 | INFO: Primitives created: 1
22:38:06 | INFO: Extracting primitive: MESH-armor-block-7c657ee01a90318dec3e-deep-vent-louver-0
22:38:06 | INFO: Primitives created: 1
22:38:06 | INFO: Extracting primitive: MESH-armor-block-7c657ee01a90318dec3e-interchangeable-vent-face
22:38:06 | INFO: Primitives created: 1
22:38:06 | INFO: Extracting primitive: MESH-armor-block-7c657ee01a90318dec3e-lower-impact-rail-right
22:38:06 | INFO: Primitives created: 1
22:38:06 | INFO: Extracting primitive: MESH-armor-block-7c657ee01a90318dec3e-lower-impact-rail-cut-poc
22:38:06 | INFO: Primitives created: 1
22:38:06 | INFO: Extracting primitive: MESH-armor-block-7c657ee01a90318dec3e-lower-impact-rail-left
22:38:06 | INFO: Primitives created: 1
22:38:06 | INFO: Extracting primitive: MESH-armor-block-7c657ee01a90318dec3e-pale-wrapped-connector-ou
22:38:06 | INFO: Primitives created: 1
22:38:06 | INFO: Extracting primitive: MESH-armor-block-7c657ee01a90318dec3e-pale-wrapped-connector-in
22:38:06 | INFO: Primitives created: 1
22:38:06 | INFO: Extracting primitive: MESH-armor-block-7c657ee01a90318dec3e-recess-shadow-seat
22:38:06 | INFO: Primitives created: 1
22:38:06 | INFO: Extracting primitive: MESH-armor-block-7c657ee01a90318dec3e-upper-stepped-shoulder
22:38:06 | INFO: Primitives created: 1
22:38:06 | INFO: Extracting primitive: MESH-armor-block-7c657ee01a90318dec3e-vent-dark-well
22:38:06 | INFO: Primitives created: 1
22:38:06 | INFO: Finished glTF 2.0 export in 0.1692807674407959 s

22:38:06 | INFO: Starting glTF 2.0 export
22:38:06 | INFO: Extracting primitive: MESH-armor-block-fe79dfaf2e1542dbd67c-closed-incoming-wrapped-b
22:38:06 | INFO: Primitives created: 1
22:38:06 | INFO: Extracting primitive: MESH-armor-block-fe79dfaf2e1542dbd67c-closed-outgoing-wrapped-b
22:38:06 | INFO: Primitives created: 1
22:38:06 | INFO: Extracting primitive: MESH-armor-block-fe79dfaf2e1542dbd67c-closed-solid-body
22:38:06 | INFO: Primitives created: 1
22:38:06 | INFO: Extracting primitive: MESH-armor-block-fe79dfaf2e1542dbd67c-cyan-flush-status-lens
22:38:06 | INFO: Primitives created: 1
22:38:06 | INFO: Extracting primitive: MESH-armor-block-fe79dfaf2e1542dbd67c-interchangeable-red-servi
22:38:06 | INFO: Primitives created: 1
22:38:06 | INFO: Extracting primitive: MESH-armor-block-fe79dfaf2e1542dbd67c-lower-impact-rail-right
22:38:06 | INFO: Primitives created: 1
22:38:06 | INFO: Extracting primitive: MESH-armor-block-fe79dfaf2e1542dbd67c-lower-impact-rail-cut-poc
22:38:06 | INFO: Primitives created: 1
22:38:06 | INFO: Extracting primitive: MESH-armor-block-fe79dfaf2e1542dbd67c-lower-impact-rail-left
22:38:06 | INFO: Primitives created: 1
22:38:06 | INFO: Extracting primitive: MESH-armor-block-fe79dfaf2e1542dbd67c-pale-wrapped-connector-ou
22:38:06 | INFO: Primitives created: 1
22:38:06 | INFO: Extracting primitive: MESH-armor-block-fe79dfaf2e1542dbd67c-pale-wrapped-connector-in
22:38:06 | INFO: Primitives created: 1
22:38:06 | INFO: Extracting primitive: MESH-armor-block-fe79dfaf2e1542dbd67c-recess-shadow-seat
22:38:06 | INFO: Primitives created: 1
22:38:06 | INFO: Extracting primitive: MESH-armor-block-fe79dfaf2e1542dbd67c-upper-stepped-shoulder
22:38:06 | INFO: Primitives created: 1
22:38:06 | INFO: Finished glTF 2.0 export in 0.08799600601196289 s

22:38:06 | INFO: Starting glTF 2.0 export
22:38:06 | INFO: Extracting primitive: MESH-armor-block-9ca59f6db637d3afceb9-closed-incoming-wrapped-b
22:38:07 | INFO: Primitives created: 1
22:38:07 | INFO: Extracting primitive: MESH-armor-block-9ca59f6db637d3afceb9-closed-outgoing-wrapped-b
22:38:07 | INFO: Primitives created: 1
22:38:07 | INFO: Extracting primitive: MESH-armor-block-9ca59f6db637d3afceb9-closed-solid-body
22:38:07 | INFO: Primitives created: 1
22:38:07 | INFO: Extracting primitive: MESH-armor-block-9ca59f6db637d3afceb9-cyan-flush-status-lens
22:38:07 | INFO: Primitives created: 1
22:38:07 | INFO: Extracting primitive: MESH-armor-block-9ca59f6db637d3afceb9-interchangeable-plain-fac
22:38:07 | INFO: Primitives created: 1
22:38:07 | INFO: Extracting primitive: MESH-armor-block-9ca59f6db637d3afceb9-lower-impact-rail-right
22:38:07 | INFO: Primitives created: 1
22:38:07 | INFO: Extracting primitive: MESH-armor-block-9ca59f6db637d3afceb9-lower-impact-rail-cut-poc
22:38:07 | INFO: Primitives created: 1
22:38:07 | INFO: Extracting primitive: MESH-armor-block-9ca59f6db637d3afceb9-lower-impact-rail-left
22:38:07 | INFO: Primitives created: 1
22:38:07 | INFO: Extracting primitive: MESH-armor-block-9ca59f6db637d3afceb9-pale-wrapped-connector-ou
22:38:07 | INFO: Primitives created: 1
22:38:07 | INFO: Extracting primitive: MESH-armor-block-9ca59f6db637d3afceb9-pale-wrapped-connector-in
22:38:07 | INFO: Primitives created: 1
22:38:07 | INFO: Extracting primitive: MESH-armor-block-9ca59f6db637d3afceb9-recess-shadow-seat
22:38:07 | INFO: Primitives created: 1
22:38:07 | INFO: Extracting primitive: MESH-armor-block-9ca59f6db637d3afceb9-upper-stepped-shoulder
22:38:07 | INFO: Primitives created: 1
22:38:07 | INFO: Finished glTF 2.0 export in 0.1291656494140625 s

22:38:07 | INFO: Starting glTF 2.0 export
22:38:07 | INFO: Extracting primitive: MESH-armor-block-70b34597548b284a0a7f-closed-junction-wedge
22:38:07 | INFO: Primitives created: 1
22:38:07 | INFO: Extracting primitive: MESH-armor-block-70b34597548b284a0a7f-junction-lower-navy-shoe
22:38:07 | INFO: Primitives created: 1
22:38:07 | INFO: Extracting primitive: MESH-armor-block-70b34597548b284a0a7f-junction-upper-navy-shoul
22:38:07 | INFO: Primitives created: 1
22:38:07 | INFO: Extracting primitive: MESH-armor-block-70b34597548b284a0a7f-junction-wrapped-pale-con
22:38:07 | INFO: Primitives created: 1
22:38:07 | INFO: Finished glTF 2.0 export in 0.17463898658752441 s

22:38:07 | INFO: Starting glTF 2.0 export
22:38:07 | INFO: Extracting primitive: MESH-armor-block-cd2f17ea0cf58cb60b7f-closed-incoming-wrapped-b
22:38:07 | INFO: Primitives created: 1
22:38:07 | INFO: Extracting primitive: MESH-armor-block-cd2f17ea0cf58cb60b7f-closed-outgoing-wrapped-b
22:38:07 | INFO: Primitives created: 1
22:38:07 | INFO: Extracting primitive: MESH-armor-block-cd2f17ea0cf58cb60b7f-closed-solid-body
22:38:07 | INFO: Primitives created: 1
22:38:07 | INFO: Extracting primitive: MESH-armor-block-cd2f17ea0cf58cb60b7f-cyan-flush-status-lens
22:38:07 | INFO: Primitives created: 1
22:38:07 | INFO: Extracting primitive: MESH-armor-block-cd2f17ea0cf58cb60b7f-deep-vent-louver-1
22:38:07 | INFO: Primitives created: 1
22:38:07 | INFO: Extracting primitive: MESH-armor-block-cd2f17ea0cf58cb60b7f-deep-vent-louver-0
22:38:07 | INFO: Primitives created: 1
22:38:07 | INFO: Extracting primitive: MESH-armor-block-cd2f17ea0cf58cb60b7f-interchangeable-vent-face
22:38:07 | INFO: Primitives created: 1
22:38:07 | INFO: Extracting primitive: MESH-armor-block-cd2f17ea0cf58cb60b7f-lower-impact-rail-right
22:38:07 | INFO: Primitives created: 1
22:38:07 | INFO: Extracting primitive: MESH-armor-block-cd2f17ea0cf58cb60b7f-lower-impact-rail-cut-poc
22:38:07 | INFO: Primitives created: 1
22:38:07 | INFO: Extracting primitive: MESH-armor-block-cd2f17ea0cf58cb60b7f-lower-impact-rail-left
22:38:07 | INFO: Primitives created: 1
22:38:07 | INFO: Extracting primitive: MESH-armor-block-cd2f17ea0cf58cb60b7f-pale-wrapped-connector-ou
22:38:07 | INFO: Primitives created: 1
22:38:07 | INFO: Extracting primitive: MESH-armor-block-cd2f17ea0cf58cb60b7f-pale-wrapped-connector-in
22:38:07 | INFO: Primitives created: 1
22:38:07 | INFO: Extracting primitive: MESH-armor-block-cd2f17ea0cf58cb60b7f-recess-shadow-seat
22:38:07 | INFO: Primitives created: 1
22:38:07 | INFO: Extracting primitive: MESH-armor-block-cd2f17ea0cf58cb60b7f-upper-stepped-shoulder
22:38:07 | INFO: Primitives created: 1
22:38:07 | INFO: Extracting primitive: MESH-armor-block-cd2f17ea0cf58cb60b7f-vent-dark-well
22:38:07 | INFO: Primitives created: 1
22:38:07 | INFO: Finished glTF 2.0 export in 0.07532310485839844 s

22:38:07 | INFO: Starting glTF 2.0 export
22:38:07 | INFO: Extracting primitive: MESH-armor-block-1676c64748013f376c0a-closed-junction-wedge
22:38:07 | INFO: Primitives created: 1
22:38:07 | INFO: Extracting primitive: MESH-armor-block-1676c64748013f376c0a-junction-lower-navy-shoe
22:38:07 | INFO: Primitives created: 1
22:38:07 | INFO: Extracting primitive: MESH-armor-block-1676c64748013f376c0a-junction-upper-navy-shoul
22:38:07 | INFO: Primitives created: 1
22:38:07 | INFO: Extracting primitive: MESH-armor-block-1676c64748013f376c0a-junction-wrapped-pale-con
22:38:07 | INFO: Primitives created: 1
22:38:07 | INFO: Finished glTF 2.0 export in 0.13559317588806152 s

22:38:07 | INFO: Starting glTF 2.0 export
22:38:07 | INFO: Extracting primitive: MESH-armor-block-a6743a347ee2fcdd1ce9-closed-incoming-wrapped-b
22:38:07 | INFO: Primitives created: 1
22:38:07 | INFO: Extracting primitive: MESH-armor-block-a6743a347ee2fcdd1ce9-closed-outgoing-wrapped-b
22:38:07 | INFO: Primitives created: 1
22:38:07 | INFO: Extracting primitive: MESH-armor-block-a6743a347ee2fcdd1ce9-closed-solid-body
22:38:07 | INFO: Primitives created: 1
22:38:07 | INFO: Extracting primitive: MESH-armor-block-a6743a347ee2fcdd1ce9-cyan-flush-status-lens
22:38:07 | INFO: Primitives created: 1
22:38:07 | INFO: Extracting primitive: MESH-armor-block-a6743a347ee2fcdd1ce9-interchangeable-plain-fac
22:38:07 | INFO: Primitives created: 1
22:38:07 | INFO: Extracting primitive: MESH-armor-block-a6743a347ee2fcdd1ce9-lower-impact-rail-right
22:38:07 | INFO: Primitives created: 1
22:38:07 | INFO: Extracting primitive: MESH-armor-block-a6743a347ee2fcdd1ce9-lower-impact-rail-cut-poc
22:38:07 | INFO: Primitives created: 1
22:38:07 | INFO: Extracting primitive: MESH-armor-block-a6743a347ee2fcdd1ce9-lower-impact-rail-left
22:38:07 | INFO: Primitives created: 1
22:38:07 | INFO: Extracting primitive: MESH-armor-block-a6743a347ee2fcdd1ce9-pale-wrapped-connector-ou
22:38:07 | INFO: Primitives created: 1
22:38:07 | INFO: Extracting primitive: MESH-armor-block-a6743a347ee2fcdd1ce9-pale-wrapped-connector-in
22:38:07 | INFO: Primitives created: 1
22:38:07 | INFO: Extracting primitive: MESH-armor-block-a6743a347ee2fcdd1ce9-recess-shadow-seat
22:38:07 | INFO: Primitives created: 1
22:38:07 | INFO: Extracting primitive: MESH-armor-block-a6743a347ee2fcdd1ce9-upper-stepped-shoulder
22:38:07 | INFO: Primitives created: 1
22:38:07 | INFO: Finished glTF 2.0 export in 0.0839385986328125 s

22:38:07 | INFO: Starting glTF 2.0 export
22:38:07 | INFO: Extracting primitive: MESH-armor-block-62ad930c45227d5287a0-closed-incoming-wrapped-b
22:38:07 | INFO: Primitives created: 1
22:38:07 | INFO: Extracting primitive: MESH-armor-block-62ad930c45227d5287a0-closed-outgoing-wrapped-b
22:38:07 | INFO: Primitives created: 1
22:38:07 | INFO: Extracting primitive: MESH-armor-block-62ad930c45227d5287a0-closed-solid-body
22:38:07 | INFO: Primitives created: 1
22:38:07 | INFO: Extracting primitive: MESH-armor-block-62ad930c45227d5287a0-cyan-flush-status-lens
22:38:07 | INFO: Primitives created: 1
22:38:07 | INFO: Extracting primitive: MESH-armor-block-62ad930c45227d5287a0-interchangeable-plain-fac
22:38:07 | INFO: Primitives created: 1
22:38:07 | INFO: Extracting primitive: MESH-armor-block-62ad930c45227d5287a0-lower-impact-rail-right
22:38:07 | INFO: Primitives created: 1
22:38:07 | INFO: Extracting primitive: MESH-armor-block-62ad930c45227d5287a0-lower-impact-rail-cut-poc
22:38:07 | INFO: Primitives created: 1
22:38:07 | INFO: Extracting primitive: MESH-armor-block-62ad930c45227d5287a0-lower-impact-rail-left
22:38:07 | INFO: Primitives created: 1
22:38:07 | INFO: Extracting primitive: MESH-armor-block-62ad930c45227d5287a0-pale-wrapped-connector-ou
22:38:07 | INFO: Primitives created: 1
22:38:07 | INFO: Extracting primitive: MESH-armor-block-62ad930c45227d5287a0-pale-wrapped-connector-in
22:38:07 | INFO: Primitives created: 1
22:38:07 | INFO: Extracting primitive: MESH-armor-block-62ad930c45227d5287a0-recess-shadow-seat
22:38:07 | INFO: Primitives created: 1
22:38:07 | INFO: Extracting primitive: MESH-armor-block-62ad930c45227d5287a0-upper-stepped-shoulder
22:38:07 | INFO: Primitives created: 1
22:38:07 | INFO: Finished glTF 2.0 export in 0.12045550346374512 s

22:38:07 | INFO: Starting glTF 2.0 export
22:38:07 | INFO: Extracting primitive: MESH-armor-block-e1affbf19f4b7fa30311-closed-junction-wedge
22:38:07 | INFO: Primitives created: 1
22:38:07 | INFO: Extracting primitive: MESH-armor-block-e1affbf19f4b7fa30311-junction-lower-navy-shoe
22:38:07 | INFO: Primitives created: 1
22:38:07 | INFO: Extracting primitive: MESH-armor-block-e1affbf19f4b7fa30311-junction-upper-navy-shoul
22:38:07 | INFO: Primitives created: 1
22:38:07 | INFO: Extracting primitive: MESH-armor-block-e1affbf19f4b7fa30311-junction-wrapped-pale-con
22:38:07 | INFO: Primitives created: 1
22:38:07 | INFO: Finished glTF 2.0 export in 0.18292760848999023 s

22:38:07 | INFO: Starting glTF 2.0 export
22:38:07 | INFO: Extracting primitive: MESH-armor-block-926961217b49c21a526b-closed-incoming-wrapped-b
22:38:07 | INFO: Primitives created: 1
22:38:07 | INFO: Extracting primitive: MESH-armor-block-926961217b49c21a526b-closed-outgoing-wrapped-b
22:38:07 | INFO: Primitives created: 1
22:38:07 | INFO: Extracting primitive: MESH-armor-block-926961217b49c21a526b-closed-solid-body
22:38:07 | INFO: Primitives created: 1
22:38:07 | INFO: Extracting primitive: MESH-armor-block-926961217b49c21a526b-cyan-flush-status-lens
22:38:07 | INFO: Primitives created: 1
22:38:07 | INFO: Extracting primitive: MESH-armor-block-926961217b49c21a526b-interchangeable-red-servi
22:38:07 | INFO: Primitives created: 1
22:38:07 | INFO: Extracting primitive: MESH-armor-block-926961217b49c21a526b-lower-impact-rail-right
22:38:07 | INFO: Primitives created: 1
22:38:07 | INFO: Extracting primitive: MESH-armor-block-926961217b49c21a526b-lower-impact-rail-cut-poc
22:38:07 | INFO: Primitives created: 1
22:38:07 | INFO: Extracting primitive: MESH-armor-block-926961217b49c21a526b-lower-impact-rail-left
22:38:07 | INFO: Primitives created: 1
22:38:07 | INFO: Extracting primitive: MESH-armor-block-926961217b49c21a526b-pale-wrapped-connector-ou
22:38:07 | INFO: Primitives created: 1
22:38:07 | INFO: Extracting primitive: MESH-armor-block-926961217b49c21a526b-pale-wrapped-connector-in
22:38:07 | INFO: Primitives created: 1
22:38:07 | INFO: Extracting primitive: MESH-armor-block-926961217b49c21a526b-recess-shadow-seat
22:38:07 | INFO: Primitives created: 1
22:38:07 | INFO: Extracting primitive: MESH-armor-block-926961217b49c21a526b-upper-stepped-shoulder
22:38:07 | INFO: Primitives created: 1
22:38:07 | INFO: Finished glTF 2.0 export in 0.12772703170776367 s

22:38:08 | INFO: Starting glTF 2.0 export
22:38:08 | INFO: Extracting primitive: MESH-armor-block-137adc2153a878094d60-closed-incoming-wrapped-b
22:38:08 | INFO: Primitives created: 1
22:38:08 | INFO: Extracting primitive: MESH-armor-block-137adc2153a878094d60-closed-outgoing-wrapped-b
22:38:08 | INFO: Primitives created: 1
22:38:08 | INFO: Extracting primitive: MESH-armor-block-137adc2153a878094d60-closed-solid-body
22:38:08 | INFO: Primitives created: 1
22:38:08 | INFO: Extracting primitive: MESH-armor-block-137adc2153a878094d60-cyan-flush-status-lens
22:38:08 | INFO: Primitives created: 1
22:38:08 | INFO: Extracting primitive: MESH-armor-block-137adc2153a878094d60-interchangeable-utility-f
22:38:08 | INFO: Primitives created: 1
22:38:08 | INFO: Extracting primitive: MESH-armor-block-137adc2153a878094d60-lower-impact-rail-right
22:38:08 | INFO: Primitives created: 1
22:38:08 | INFO: Extracting primitive: MESH-armor-block-137adc2153a878094d60-lower-impact-rail-cut-poc
22:38:08 | INFO: Primitives created: 1
22:38:08 | INFO: Extracting primitive: MESH-armor-block-137adc2153a878094d60-lower-impact-rail-left
22:38:08 | INFO: Primitives created: 1
22:38:08 | INFO: Extracting primitive: MESH-armor-block-137adc2153a878094d60-pale-wrapped-connector-ou
22:38:08 | INFO: Primitives created: 1
22:38:08 | INFO: Extracting primitive: MESH-armor-block-137adc2153a878094d60-pale-wrapped-connector-in
22:38:08 | INFO: Primitives created: 1
22:38:08 | INFO: Extracting primitive: MESH-armor-block-137adc2153a878094d60-recess-shadow-seat
22:38:08 | INFO: Primitives created: 1
22:38:08 | INFO: Extracting primitive: MESH-armor-block-137adc2153a878094d60-upper-stepped-shoulder
22:38:08 | INFO: Primitives created: 1
22:38:08 | INFO: Extracting primitive: MESH-armor-block-137adc2153a878094d60-utility-removable-box
22:38:08 | INFO: Primitives created: 1
22:38:08 | INFO: Extracting primitive: MESH-armor-block-137adc2153a878094d60-utility-status-lens
22:38:08 | INFO: Primitives created: 1
22:38:08 | INFO: Finished glTF 2.0 export in 0.16980671882629395 s

22:38:08 | INFO: Starting glTF 2.0 export
22:38:08 | INFO: Extracting primitive: MESH-armor-block-e40f082abbcbe4f55a62-closed-incoming-wrapped-b
22:38:08 | INFO: Primitives created: 1
22:38:08 | INFO: Extracting primitive: MESH-armor-block-e40f082abbcbe4f55a62-closed-outgoing-wrapped-b
22:38:08 | INFO: Primitives created: 1
22:38:08 | INFO: Extracting primitive: MESH-armor-block-e40f082abbcbe4f55a62-closed-solid-body
22:38:08 | INFO: Primitives created: 1
22:38:08 | INFO: Extracting primitive: MESH-armor-block-e40f082abbcbe4f55a62-cyan-flush-status-lens
22:38:08 | INFO: Primitives created: 1
22:38:08 | INFO: Extracting primitive: MESH-armor-block-e40f082abbcbe4f55a62-interchangeable-identity-
22:38:08 | INFO: Primitives created: 1
22:38:08 | INFO: Extracting primitive: MESH-armor-block-e40f082abbcbe4f55a62-lower-impact-rail-right
22:38:08 | INFO: Primitives created: 1
22:38:08 | INFO: Extracting primitive: MESH-armor-block-e40f082abbcbe4f55a62-lower-impact-rail-cut-poc
22:38:08 | INFO: Primitives created: 1
22:38:08 | INFO: Extracting primitive: MESH-armor-block-e40f082abbcbe4f55a62-lower-impact-rail-left
22:38:08 | INFO: Primitives created: 1
22:38:08 | INFO: Extracting primitive: MESH-armor-block-e40f082abbcbe4f55a62-pale-wrapped-connector-ou
22:38:08 | INFO: Primitives created: 1
22:38:08 | INFO: Extracting primitive: MESH-armor-block-e40f082abbcbe4f55a62-pale-wrapped-connector-in
22:38:08 | INFO: Primitives created: 1
22:38:08 | INFO: Extracting primitive: MESH-armor-block-e40f082abbcbe4f55a62-recess-shadow-seat
22:38:08 | INFO: Primitives created: 1
22:38:08 | INFO: Extracting primitive: MESH-armor-block-e40f082abbcbe4f55a62-upper-stepped-shoulder
22:38:08 | INFO: Primitives created: 1
22:38:08 | INFO: Finished glTF 2.0 export in 0.11407709121704102 s

22:38:08 | INFO: Starting glTF 2.0 export
22:38:08 | INFO: Extracting primitive: MESH-armor-block-649dcbda86c17c7952c9-closed-incoming-wrapped-b
22:38:08 | INFO: Primitives created: 1
22:38:08 | INFO: Extracting primitive: MESH-armor-block-649dcbda86c17c7952c9-closed-outgoing-wrapped-b
22:38:08 | INFO: Primitives created: 1
22:38:08 | INFO: Extracting primitive: MESH-armor-block-649dcbda86c17c7952c9-closed-solid-body
22:38:08 | INFO: Primitives created: 1
22:38:08 | INFO: Extracting primitive: MESH-armor-block-649dcbda86c17c7952c9-cyan-flush-status-lens
22:38:08 | INFO: Primitives created: 1
22:38:08 | INFO: Extracting primitive: MESH-armor-block-649dcbda86c17c7952c9-deep-vent-louver-1
22:38:08 | INFO: Primitives created: 1
22:38:08 | INFO: Extracting primitive: MESH-armor-block-649dcbda86c17c7952c9-deep-vent-louver-2
22:38:08 | INFO: Primitives created: 1
22:38:08 | INFO: Extracting primitive: MESH-armor-block-649dcbda86c17c7952c9-deep-vent-louver-3
22:38:08 | INFO: Primitives created: 1
22:38:08 | INFO: Extracting primitive: MESH-armor-block-649dcbda86c17c7952c9-deep-vent-louver-4
22:38:08 | INFO: Primitives created: 1
22:38:08 | INFO: Extracting primitive: MESH-armor-block-649dcbda86c17c7952c9-deep-vent-louver-5
22:38:08 | INFO: Primitives created: 1
22:38:08 | INFO: Extracting primitive: MESH-armor-block-649dcbda86c17c7952c9-deep-vent-louver-6
22:38:08 | INFO: Primitives created: 1
22:38:08 | INFO: Extracting primitive: MESH-armor-block-649dcbda86c17c7952c9-deep-vent-louver-7
22:38:08 | INFO: Primitives created: 1
22:38:08 | INFO: Extracting primitive: MESH-armor-block-649dcbda86c17c7952c9-deep-vent-louver-8
22:38:08 | INFO: Primitives created: 1
22:38:08 | INFO: Extracting primitive: MESH-armor-block-649dcbda86c17c7952c9-deep-vent-louver-0
22:38:08 | INFO: Primitives created: 1
22:38:08 | INFO: Extracting primitive: MESH-armor-block-649dcbda86c17c7952c9-interchangeable-vent-face
22:38:08 | INFO: Primitives created: 1
22:38:08 | INFO: Extracting primitive: MESH-armor-block-649dcbda86c17c7952c9-lower-impact-rail-right
22:38:08 | INFO: Primitives created: 1
22:38:08 | INFO: Extracting primitive: MESH-armor-block-649dcbda86c17c7952c9-lower-impact-rail-cut-poc
22:38:08 | INFO: Primitives created: 1
22:38:08 | INFO: Extracting primitive: MESH-armor-block-649dcbda86c17c7952c9-lower-impact-rail-left
22:38:08 | INFO: Primitives created: 1
22:38:08 | INFO: Extracting primitive: MESH-armor-block-649dcbda86c17c7952c9-pale-wrapped-connector-ou
22:38:08 | INFO: Primitives created: 1
22:38:08 | INFO: Extracting primitive: MESH-armor-block-649dcbda86c17c7952c9-pale-wrapped-connector-in
22:38:08 | INFO: Primitives created: 1
22:38:08 | INFO: Extracting primitive: MESH-armor-block-649dcbda86c17c7952c9-recess-shadow-seat
22:38:08 | INFO: Primitives created: 1
22:38:08 | INFO: Extracting primitive: MESH-armor-block-649dcbda86c17c7952c9-upper-stepped-shoulder
22:38:08 | INFO: Primitives created: 1
22:38:08 | INFO: Extracting primitive: MESH-armor-block-649dcbda86c17c7952c9-vent-dark-well
22:38:08 | INFO: Primitives created: 1
22:38:08 | INFO: Finished glTF 2.0 export in 0.19677448272705078 s

22:38:08 | INFO: Starting glTF 2.0 export
22:38:08 | INFO: Extracting primitive: MESH-armor-block-2b558e7ac8eb4184c2af-closed-incoming-wrapped-b
22:38:08 | INFO: Primitives created: 1
22:38:08 | INFO: Extracting primitive: MESH-armor-block-2b558e7ac8eb4184c2af-closed-outgoing-wrapped-b
22:38:08 | INFO: Primitives created: 1
22:38:08 | INFO: Extracting primitive: MESH-armor-block-2b558e7ac8eb4184c2af-closed-solid-body
22:38:08 | INFO: Primitives created: 1
22:38:08 | INFO: Extracting primitive: MESH-armor-block-2b558e7ac8eb4184c2af-interchangeable-utility-f
22:38:08 | INFO: Primitives created: 1
22:38:08 | INFO: Extracting primitive: MESH-armor-block-2b558e7ac8eb4184c2af-lower-impact-rail
22:38:08 | INFO: Primitives created: 1
22:38:08 | INFO: Extracting primitive: MESH-armor-block-2b558e7ac8eb4184c2af-pale-wrapped-connector-ou
22:38:08 | INFO: Primitives created: 1
22:38:08 | INFO: Extracting primitive: MESH-armor-block-2b558e7ac8eb4184c2af-pale-wrapped-connector-in
22:38:08 | INFO: Primitives created: 1
22:38:08 | INFO: Extracting primitive: MESH-armor-block-2b558e7ac8eb4184c2af-recess-shadow-seat
22:38:08 | INFO: Primitives created: 1
22:38:08 | INFO: Extracting primitive: MESH-armor-block-2b558e7ac8eb4184c2af-upper-stepped-shoulder
22:38:08 | INFO: Primitives created: 1
22:38:08 | INFO: Finished glTF 2.0 export in 0.11971688270568848 s

22:38:08 | INFO: Starting glTF 2.0 export
22:38:08 | INFO: Extracting primitive: MESH-armor-block-b235419d9a165659f2e8-closed-incoming-wrapped-b
22:38:08 | INFO: Primitives created: 1
22:38:08 | INFO: Extracting primitive: MESH-armor-block-b235419d9a165659f2e8-closed-outgoing-wrapped-b
22:38:08 | INFO: Primitives created: 1
22:38:08 | INFO: Extracting primitive: MESH-armor-block-b235419d9a165659f2e8-closed-solid-body
22:38:08 | INFO: Primitives created: 1
22:38:08 | INFO: Extracting primitive: MESH-armor-block-b235419d9a165659f2e8-interchangeable-plain-fac
22:38:08 | INFO: Primitives created: 1
22:38:08 | INFO: Extracting primitive: MESH-armor-block-b235419d9a165659f2e8-lower-impact-rail
22:38:08 | INFO: Primitives created: 1
22:38:08 | INFO: Extracting primitive: MESH-armor-block-b235419d9a165659f2e8-pale-wrapped-connector-ou
22:38:08 | INFO: Primitives created: 1
22:38:08 | INFO: Extracting primitive: MESH-armor-block-b235419d9a165659f2e8-pale-wrapped-connector-in
22:38:08 | INFO: Primitives created: 1
22:38:08 | INFO: Extracting primitive: MESH-armor-block-b235419d9a165659f2e8-recess-shadow-seat
22:38:08 | INFO: Primitives created: 1
22:38:08 | INFO: Extracting primitive: MESH-armor-block-b235419d9a165659f2e8-upper-stepped-shoulder
22:38:08 | INFO: Primitives created: 1
22:38:08 | INFO: Finished glTF 2.0 export in 0.18593454360961914 s

22:38:08 | INFO: Starting glTF 2.0 export
22:38:08 | INFO: Extracting primitive: MESH-armor-block-fabbd7b0578ea00b5791-closed-height-transition-
22:38:08 | INFO: Primitives created: 1
22:38:08 | INFO: Extracting primitive: MESH-armor-block-fabbd7b0578ea00b5791-closed-junction-wedge
22:38:08 | INFO: Primitives created: 1
22:38:08 | INFO: Extracting primitive: MESH-armor-block-fabbd7b0578ea00b5791-height-transition-pale-en
22:38:08 | INFO: Primitives created: 1
22:38:08 | INFO: Extracting primitive: MESH-armor-block-fabbd7b0578ea00b5791-junction-lower-navy-shoe
22:38:08 | INFO: Primitives created: 1
22:38:08 | INFO: Extracting primitive: MESH-armor-block-fabbd7b0578ea00b5791-junction-upper-navy-shoul
22:38:08 | INFO: Primitives created: 1
22:38:08 | INFO: Extracting primitive: MESH-armor-block-fabbd7b0578ea00b5791-junction-wrapped-pale-con
22:38:08 | INFO: Primitives created: 1
22:38:08 | INFO: Finished glTF 2.0 export in 0.10693860054016113 s

22:38:08 | INFO: Starting glTF 2.0 export
22:38:08 | INFO: Extracting primitive: MESH-armor-block-e120acd13dae3b493668-closed-incoming-wrapped-b
22:38:09 | INFO: Primitives created: 1
22:38:09 | INFO: Extracting primitive: MESH-armor-block-e120acd13dae3b493668-closed-outgoing-wrapped-b
22:38:09 | INFO: Primitives created: 1
22:38:09 | INFO: Extracting primitive: MESH-armor-block-e120acd13dae3b493668-closed-solid-body
22:38:09 | INFO: Primitives created: 1
22:38:09 | INFO: Extracting primitive: MESH-armor-block-e120acd13dae3b493668-cyan-flush-status-lens
22:38:09 | INFO: Primitives created: 1
22:38:09 | INFO: Extracting primitive: MESH-armor-block-e120acd13dae3b493668-deep-vent-louver-1
22:38:09 | INFO: Primitives created: 1
22:38:09 | INFO: Extracting primitive: MESH-armor-block-e120acd13dae3b493668-deep-vent-louver-0
22:38:09 | INFO: Primitives created: 1
22:38:09 | INFO: Extracting primitive: MESH-armor-block-e120acd13dae3b493668-interchangeable-vent-face
22:38:09 | INFO: Primitives created: 1
22:38:09 | INFO: Extracting primitive: MESH-armor-block-e120acd13dae3b493668-lower-impact-rail-right
22:38:09 | INFO: Primitives created: 1
22:38:09 | INFO: Extracting primitive: MESH-armor-block-e120acd13dae3b493668-lower-impact-rail-cut-poc
22:38:09 | INFO: Primitives created: 1
22:38:09 | INFO: Extracting primitive: MESH-armor-block-e120acd13dae3b493668-lower-impact-rail-left
22:38:09 | INFO: Primitives created: 1
22:38:09 | INFO: Extracting primitive: MESH-armor-block-e120acd13dae3b493668-pale-wrapped-connector-ou
22:38:09 | INFO: Primitives created: 1
22:38:09 | INFO: Extracting primitive: MESH-armor-block-e120acd13dae3b493668-pale-wrapped-connector-in
22:38:09 | INFO: Primitives created: 1
22:38:09 | INFO: Extracting primitive: MESH-armor-block-e120acd13dae3b493668-recess-shadow-seat
22:38:09 | INFO: Primitives created: 1
22:38:09 | INFO: Extracting primitive: MESH-armor-block-e120acd13dae3b493668-upper-stepped-shoulder
22:38:09 | INFO: Primitives created: 1
22:38:09 | INFO: Extracting primitive: MESH-armor-block-e120acd13dae3b493668-vent-dark-well
22:38:09 | INFO: Primitives created: 1
22:38:09 | INFO: Finished glTF 2.0 export in 0.17186331748962402 s

22:38:09 | INFO: Starting glTF 2.0 export
22:38:09 | INFO: Extracting primitive: MESH-armor-block-98477a5dd3e88b931589-closed-incoming-wrapped-b
22:38:09 | INFO: Primitives created: 1
22:38:09 | INFO: Extracting primitive: MESH-armor-block-98477a5dd3e88b931589-closed-outgoing-wrapped-b
22:38:09 | INFO: Primitives created: 1
22:38:09 | INFO: Extracting primitive: MESH-armor-block-98477a5dd3e88b931589-closed-solid-body
22:38:09 | INFO: Primitives created: 1
22:38:09 | INFO: Extracting primitive: MESH-armor-block-98477a5dd3e88b931589-cyan-flush-status-lens
22:38:09 | INFO: Primitives created: 1
22:38:09 | INFO: Extracting primitive: MESH-armor-block-98477a5dd3e88b931589-interchangeable-plain-fac
22:38:09 | INFO: Primitives created: 1
22:38:09 | INFO: Extracting primitive: MESH-armor-block-98477a5dd3e88b931589-lower-impact-rail-right
22:38:09 | INFO: Primitives created: 1
22:38:09 | INFO: Extracting primitive: MESH-armor-block-98477a5dd3e88b931589-lower-impact-rail-cut-poc
22:38:09 | INFO: Primitives created: 1
22:38:09 | INFO: Extracting primitive: MESH-armor-block-98477a5dd3e88b931589-lower-impact-rail-left
22:38:09 | INFO: Primitives created: 1
22:38:09 | INFO: Extracting primitive: MESH-armor-block-98477a5dd3e88b931589-pale-wrapped-connector-ou
22:38:09 | INFO: Primitives created: 1
22:38:09 | INFO: Extracting primitive: MESH-armor-block-98477a5dd3e88b931589-pale-wrapped-connector-in
22:38:09 | INFO: Primitives created: 1
22:38:09 | INFO: Extracting primitive: MESH-armor-block-98477a5dd3e88b931589-recess-shadow-seat
22:38:09 | INFO: Primitives created: 1
22:38:09 | INFO: Extracting primitive: MESH-armor-block-98477a5dd3e88b931589-upper-stepped-shoulder
22:38:09 | INFO: Primitives created: 1
22:38:09 | INFO: Finished glTF 2.0 export in 0.13265347480773926 s

22:38:09 | INFO: Starting glTF 2.0 export
22:38:09 | INFO: Extracting primitive: MESH-armor-block-a7ef36310c50dc565d00-closed-height-transition-
22:38:09 | INFO: Primitives created: 1
22:38:09 | INFO: Extracting primitive: MESH-armor-block-a7ef36310c50dc565d00-closed-junction-wedge
22:38:09 | INFO: Primitives created: 1
22:38:09 | INFO: Extracting primitive: MESH-armor-block-a7ef36310c50dc565d00-height-transition-pale-en
22:38:09 | INFO: Primitives created: 1
22:38:09 | INFO: Extracting primitive: MESH-armor-block-a7ef36310c50dc565d00-junction-lower-navy-shoe
22:38:09 | INFO: Primitives created: 1
22:38:09 | INFO: Extracting primitive: MESH-armor-block-a7ef36310c50dc565d00-junction-upper-navy-shoul
22:38:09 | INFO: Primitives created: 1
22:38:09 | INFO: Extracting primitive: MESH-armor-block-a7ef36310c50dc565d00-junction-wrapped-pale-con
22:38:09 | INFO: Primitives created: 1
22:38:09 | INFO: Finished glTF 2.0 export in 0.1793835163116455 s

22:38:09 | INFO: Starting glTF 2.0 export
22:38:09 | INFO: Extracting primitive: MESH-armor-block-4896cc9388c49fcb9b2e-closed-incoming-wrapped-b
22:38:09 | INFO: Primitives created: 1
22:38:09 | INFO: Extracting primitive: MESH-armor-block-4896cc9388c49fcb9b2e-closed-outgoing-wrapped-b
22:38:09 | INFO: Primitives created: 1
22:38:09 | INFO: Extracting primitive: MESH-armor-block-4896cc9388c49fcb9b2e-closed-solid-body
22:38:09 | INFO: Primitives created: 1
22:38:09 | INFO: Extracting primitive: MESH-armor-block-4896cc9388c49fcb9b2e-cyan-flush-status-lens
22:38:09 | INFO: Primitives created: 1
22:38:09 | INFO: Extracting primitive: MESH-armor-block-4896cc9388c49fcb9b2e-interchangeable-red-servi
22:38:09 | INFO: Primitives created: 1
22:38:09 | INFO: Extracting primitive: MESH-armor-block-4896cc9388c49fcb9b2e-lower-impact-rail-right
22:38:09 | INFO: Primitives created: 1
22:38:09 | INFO: Extracting primitive: MESH-armor-block-4896cc9388c49fcb9b2e-lower-impact-rail-cut-poc
22:38:09 | INFO: Primitives created: 1
22:38:09 | INFO: Extracting primitive: MESH-armor-block-4896cc9388c49fcb9b2e-lower-impact-rail-left
22:38:09 | INFO: Primitives created: 1
22:38:09 | INFO: Extracting primitive: MESH-armor-block-4896cc9388c49fcb9b2e-pale-wrapped-connector-ou
22:38:09 | INFO: Primitives created: 1
22:38:09 | INFO: Extracting primitive: MESH-armor-block-4896cc9388c49fcb9b2e-pale-wrapped-connector-in
22:38:09 | INFO: Primitives created: 1
22:38:09 | INFO: Extracting primitive: MESH-armor-block-4896cc9388c49fcb9b2e-recess-shadow-seat
22:38:09 | INFO: Primitives created: 1
22:38:09 | INFO: Extracting primitive: MESH-armor-block-4896cc9388c49fcb9b2e-upper-stepped-shoulder
22:38:09 | INFO: Primitives created: 1
22:38:09 | INFO: Finished glTF 2.0 export in 0.11952686309814453 s

22:38:09 | INFO: Starting glTF 2.0 export
22:38:09 | INFO: Extracting primitive: MESH-armor-block-d3fa0e462a519b5f36f8-closed-incoming-wrapped-b
22:38:09 | INFO: Primitives created: 1
22:38:09 | INFO: Extracting primitive: MESH-armor-block-d3fa0e462a519b5f36f8-closed-outgoing-wrapped-b
22:38:09 | INFO: Primitives created: 1
22:38:09 | INFO: Extracting primitive: MESH-armor-block-d3fa0e462a519b5f36f8-closed-solid-body
22:38:09 | INFO: Primitives created: 1
22:38:09 | INFO: Extracting primitive: MESH-armor-block-d3fa0e462a519b5f36f8-cyan-flush-status-lens
22:38:09 | INFO: Primitives created: 1
22:38:09 | INFO: Extracting primitive: MESH-armor-block-d3fa0e462a519b5f36f8-interchangeable-plain-fac
22:38:09 | INFO: Primitives created: 1
22:38:09 | INFO: Extracting primitive: MESH-armor-block-d3fa0e462a519b5f36f8-lower-impact-rail-right
22:38:09 | INFO: Primitives created: 1
22:38:09 | INFO: Extracting primitive: MESH-armor-block-d3fa0e462a519b5f36f8-lower-impact-rail-cut-poc
22:38:09 | INFO: Primitives created: 1
22:38:09 | INFO: Extracting primitive: MESH-armor-block-d3fa0e462a519b5f36f8-lower-impact-rail-left
22:38:09 | INFO: Primitives created: 1
22:38:09 | INFO: Extracting primitive: MESH-armor-block-d3fa0e462a519b5f36f8-pale-wrapped-connector-ou
22:38:09 | INFO: Primitives created: 1
22:38:09 | INFO: Extracting primitive: MESH-armor-block-d3fa0e462a519b5f36f8-pale-wrapped-connector-in
22:38:09 | INFO: Primitives created: 1
22:38:09 | INFO: Extracting primitive: MESH-armor-block-d3fa0e462a519b5f36f8-recess-shadow-seat
22:38:09 | INFO: Primitives created: 1
22:38:09 | INFO: Extracting primitive: MESH-armor-block-d3fa0e462a519b5f36f8-upper-stepped-shoulder
22:38:09 | INFO: Primitives created: 1
22:38:09 | INFO: Finished glTF 2.0 export in 0.12414789199829102 s

22:38:09 | INFO: Starting glTF 2.0 export
22:38:09 | INFO: Extracting primitive: MESH-armor-block-9069dfa847efce4fe41e-closed-incoming-wrapped-b
22:38:09 | INFO: Primitives created: 1
22:38:09 | INFO: Extracting primitive: MESH-armor-block-9069dfa847efce4fe41e-closed-outgoing-wrapped-b
22:38:09 | INFO: Primitives created: 1
22:38:09 | INFO: Extracting primitive: MESH-armor-block-9069dfa847efce4fe41e-closed-solid-body
22:38:09 | INFO: Primitives created: 1
22:38:09 | INFO: Extracting primitive: MESH-armor-block-9069dfa847efce4fe41e-interchangeable-plain-fac
22:38:09 | INFO: Primitives created: 1
22:38:09 | INFO: Extracting primitive: MESH-armor-block-9069dfa847efce4fe41e-lower-impact-rail
22:38:09 | INFO: Primitives created: 1
22:38:09 | INFO: Extracting primitive: MESH-armor-block-9069dfa847efce4fe41e-pale-wrapped-connector-ou
22:38:09 | INFO: Primitives created: 1
22:38:09 | INFO: Extracting primitive: MESH-armor-block-9069dfa847efce4fe41e-pale-wrapped-connector-in
22:38:09 | INFO: Primitives created: 1
22:38:09 | INFO: Extracting primitive: MESH-armor-block-9069dfa847efce4fe41e-recess-shadow-seat
22:38:09 | INFO: Primitives created: 1
22:38:09 | INFO: Extracting primitive: MESH-armor-block-9069dfa847efce4fe41e-upper-stepped-shoulder
22:38:09 | INFO: Primitives created: 1
22:38:09 | INFO: Finished glTF 2.0 export in 0.21487760543823242 s

22:38:10 | INFO: Starting glTF 2.0 export
22:38:10 | INFO: Extracting primitive: MESH-armor-block-db7ed5477c90dcffe64f-closed-incoming-wrapped-b
22:38:10 | INFO: Primitives created: 1
22:38:10 | INFO: Extracting primitive: MESH-armor-block-db7ed5477c90dcffe64f-closed-outgoing-wrapped-b
22:38:10 | INFO: Primitives created: 1
22:38:10 | INFO: Extracting primitive: MESH-armor-block-db7ed5477c90dcffe64f-closed-solid-body
22:38:10 | INFO: Primitives created: 1
22:38:10 | INFO: Extracting primitive: MESH-armor-block-db7ed5477c90dcffe64f-cyan-flush-status-lens
22:38:10 | INFO: Primitives created: 1
22:38:10 | INFO: Extracting primitive: MESH-armor-block-db7ed5477c90dcffe64f-deep-vent-louver-1
22:38:10 | INFO: Primitives created: 1
22:38:10 | INFO: Extracting primitive: MESH-armor-block-db7ed5477c90dcffe64f-deep-vent-louver-2
22:38:10 | INFO: Primitives created: 1
22:38:10 | INFO: Extracting primitive: MESH-armor-block-db7ed5477c90dcffe64f-deep-vent-louver-3
22:38:10 | INFO: Primitives created: 1
22:38:10 | INFO: Extracting primitive: MESH-armor-block-db7ed5477c90dcffe64f-deep-vent-louver-4
22:38:10 | INFO: Primitives created: 1
22:38:10 | INFO: Extracting primitive: MESH-armor-block-db7ed5477c90dcffe64f-deep-vent-louver-5
22:38:10 | INFO: Primitives created: 1
22:38:10 | INFO: Extracting primitive: MESH-armor-block-db7ed5477c90dcffe64f-deep-vent-louver-6
22:38:10 | INFO: Primitives created: 1
22:38:10 | INFO: Extracting primitive: MESH-armor-block-db7ed5477c90dcffe64f-deep-vent-louver-7
22:38:10 | INFO: Primitives created: 1
22:38:10 | INFO: Extracting primitive: MESH-armor-block-db7ed5477c90dcffe64f-deep-vent-louver-8
22:38:10 | INFO: Primitives created: 1
22:38:10 | INFO: Extracting primitive: MESH-armor-block-db7ed5477c90dcffe64f-deep-vent-louver-0
22:38:10 | INFO: Primitives created: 1
22:38:10 | INFO: Extracting primitive: MESH-armor-block-db7ed5477c90dcffe64f-interchangeable-vent-face
22:38:10 | INFO: Primitives created: 1
22:38:10 | INFO: Extracting primitive: MESH-armor-block-db7ed5477c90dcffe64f-lower-impact-rail-right
22:38:10 | INFO: Primitives created: 1
22:38:10 | INFO: Extracting primitive: MESH-armor-block-db7ed5477c90dcffe64f-lower-impact-rail-cut-poc
22:38:10 | INFO: Primitives created: 1
22:38:10 | INFO: Extracting primitive: MESH-armor-block-db7ed5477c90dcffe64f-lower-impact-rail-left
22:38:10 | INFO: Primitives created: 1
22:38:10 | INFO: Extracting primitive: MESH-armor-block-db7ed5477c90dcffe64f-pale-wrapped-connector-ou
22:38:10 | INFO: Primitives created: 1
22:38:10 | INFO: Extracting primitive: MESH-armor-block-db7ed5477c90dcffe64f-pale-wrapped-connector-in
22:38:10 | INFO: Primitives created: 1
22:38:10 | INFO: Extracting primitive: MESH-armor-block-db7ed5477c90dcffe64f-recess-shadow-seat
22:38:10 | INFO: Primitives created: 1
22:38:10 | INFO: Extracting primitive: MESH-armor-block-db7ed5477c90dcffe64f-upper-stepped-shoulder
22:38:10 | INFO: Primitives created: 1
22:38:10 | INFO: Extracting primitive: MESH-armor-block-db7ed5477c90dcffe64f-vent-dark-well
22:38:10 | INFO: Primitives created: 1
22:38:10 | INFO: Finished glTF 2.0 export in 0.11430549621582031 s

22:38:10 | INFO: Starting glTF 2.0 export
22:38:10 | INFO: Extracting primitive: MESH-armor-block-05c9d73568be3ad2e6b8-closed-incoming-wrapped-b
22:38:10 | INFO: Primitives created: 1
22:38:10 | INFO: Extracting primitive: MESH-armor-block-05c9d73568be3ad2e6b8-closed-outgoing-wrapped-b
22:38:10 | INFO: Primitives created: 1
22:38:10 | INFO: Extracting primitive: MESH-armor-block-05c9d73568be3ad2e6b8-closed-solid-body
22:38:10 | INFO: Primitives created: 1
22:38:10 | INFO: Extracting primitive: MESH-armor-block-05c9d73568be3ad2e6b8-cyan-flush-status-lens
22:38:10 | INFO: Primitives created: 1
22:38:10 | INFO: Extracting primitive: MESH-armor-block-05c9d73568be3ad2e6b8-deep-vent-louver-1
22:38:10 | INFO: Primitives created: 1
22:38:10 | INFO: Extracting primitive: MESH-armor-block-05c9d73568be3ad2e6b8-deep-vent-louver-2
22:38:10 | INFO: Primitives created: 1
22:38:10 | INFO: Extracting primitive: MESH-armor-block-05c9d73568be3ad2e6b8-deep-vent-louver-3
22:38:10 | INFO: Primitives created: 1
22:38:10 | INFO: Extracting primitive: MESH-armor-block-05c9d73568be3ad2e6b8-deep-vent-louver-4
22:38:10 | INFO: Primitives created: 1
22:38:10 | INFO: Extracting primitive: MESH-armor-block-05c9d73568be3ad2e6b8-deep-vent-louver-5
22:38:10 | INFO: Primitives created: 1
22:38:10 | INFO: Extracting primitive: MESH-armor-block-05c9d73568be3ad2e6b8-deep-vent-louver-6
22:38:10 | INFO: Primitives created: 1
22:38:10 | INFO: Extracting primitive: MESH-armor-block-05c9d73568be3ad2e6b8-deep-vent-louver-7
22:38:10 | INFO: Primitives created: 1
22:38:10 | INFO: Extracting primitive: MESH-armor-block-05c9d73568be3ad2e6b8-deep-vent-louver-8
22:38:10 | INFO: Primitives created: 1
22:38:10 | INFO: Extracting primitive: MESH-armor-block-05c9d73568be3ad2e6b8-deep-vent-louver-0
22:38:10 | INFO: Primitives created: 1
22:38:10 | INFO: Extracting primitive: MESH-armor-block-05c9d73568be3ad2e6b8-interchangeable-vent-face
22:38:10 | INFO: Primitives created: 1
22:38:10 | INFO: Extracting primitive: MESH-armor-block-05c9d73568be3ad2e6b8-lower-impact-rail-right
22:38:10 | INFO: Primitives created: 1
22:38:10 | INFO: Extracting primitive: MESH-armor-block-05c9d73568be3ad2e6b8-lower-impact-rail-cut-poc
22:38:10 | INFO: Primitives created: 1
22:38:10 | INFO: Extracting primitive: MESH-armor-block-05c9d73568be3ad2e6b8-lower-impact-rail-left
22:38:10 | INFO: Primitives created: 1
22:38:10 | INFO: Extracting primitive: MESH-armor-block-05c9d73568be3ad2e6b8-pale-wrapped-connector-ou
22:38:10 | INFO: Primitives created: 1
22:38:10 | INFO: Extracting primitive: MESH-armor-block-05c9d73568be3ad2e6b8-pale-wrapped-connector-in
22:38:10 | INFO: Primitives created: 1
22:38:10 | INFO: Extracting primitive: MESH-armor-block-05c9d73568be3ad2e6b8-recess-shadow-seat
22:38:10 | INFO: Primitives created: 1
22:38:10 | INFO: Extracting primitive: MESH-armor-block-05c9d73568be3ad2e6b8-upper-stepped-shoulder
22:38:10 | INFO: Primitives created: 1
22:38:10 | INFO: Extracting primitive: MESH-armor-block-05c9d73568be3ad2e6b8-vent-dark-well
22:38:10 | INFO: Primitives created: 1
22:38:10 | INFO: Finished glTF 2.0 export in 0.1932065486907959 s

22:38:10 | INFO: Starting glTF 2.0 export
22:38:10 | INFO: Extracting primitive: MESH-armor-block-15a405777ecce0335b21-closed-junction-wedge
22:38:10 | INFO: Primitives created: 1
22:38:10 | INFO: Extracting primitive: MESH-armor-block-15a405777ecce0335b21-junction-lower-navy-shoe
22:38:10 | INFO: Primitives created: 1
22:38:10 | INFO: Extracting primitive: MESH-armor-block-15a405777ecce0335b21-junction-upper-navy-shoul
22:38:10 | INFO: Primitives created: 1
22:38:10 | INFO: Extracting primitive: MESH-armor-block-15a405777ecce0335b21-junction-wrapped-pale-con
22:38:10 | INFO: Primitives created: 1
22:38:10 | INFO: Finished glTF 2.0 export in 0.09367060661315918 s

22:38:10 | INFO: Starting glTF 2.0 export
22:38:10 | INFO: Extracting primitive: MESH-armor-block-43965fec43941bd88fcc-closed-incoming-wrapped-b
22:38:10 | INFO: Primitives created: 1
22:38:10 | INFO: Extracting primitive: MESH-armor-block-43965fec43941bd88fcc-closed-outgoing-wrapped-b
22:38:10 | INFO: Primitives created: 1
22:38:10 | INFO: Extracting primitive: MESH-armor-block-43965fec43941bd88fcc-closed-solid-body
22:38:10 | INFO: Primitives created: 1
22:38:10 | INFO: Extracting primitive: MESH-armor-block-43965fec43941bd88fcc-cyan-flush-status-lens
22:38:10 | INFO: Primitives created: 1
22:38:10 | INFO: Extracting primitive: MESH-armor-block-43965fec43941bd88fcc-interchangeable-plain-fac
22:38:10 | INFO: Primitives created: 1
22:38:10 | INFO: Extracting primitive: MESH-armor-block-43965fec43941bd88fcc-lower-impact-rail-right
22:38:10 | INFO: Primitives created: 1
22:38:10 | INFO: Extracting primitive: MESH-armor-block-43965fec43941bd88fcc-lower-impact-rail-cut-poc
22:38:10 | INFO: Primitives created: 1
22:38:10 | INFO: Extracting primitive: MESH-armor-block-43965fec43941bd88fcc-lower-impact-rail-left
22:38:10 | INFO: Primitives created: 1
22:38:10 | INFO: Extracting primitive: MESH-armor-block-43965fec43941bd88fcc-pale-wrapped-connector-ou
22:38:10 | INFO: Primitives created: 1
22:38:10 | INFO: Extracting primitive: MESH-armor-block-43965fec43941bd88fcc-pale-wrapped-connector-in
22:38:10 | INFO: Primitives created: 1
22:38:10 | INFO: Extracting primitive: MESH-armor-block-43965fec43941bd88fcc-recess-shadow-seat
22:38:10 | INFO: Primitives created: 1
22:38:10 | INFO: Extracting primitive: MESH-armor-block-43965fec43941bd88fcc-upper-stepped-shoulder
22:38:10 | INFO: Primitives created: 1
22:38:10 | INFO: Finished glTF 2.0 export in 0.1600799560546875 s

22:38:10 | INFO: Starting glTF 2.0 export
22:38:10 | INFO: Extracting primitive: MESH-armor-block-af0cc716991642374212-closed-incoming-wrapped-b
22:38:10 | INFO: Primitives created: 1
22:38:10 | INFO: Extracting primitive: MESH-armor-block-af0cc716991642374212-closed-outgoing-wrapped-b
22:38:10 | INFO: Primitives created: 1
22:38:10 | INFO: Extracting primitive: MESH-armor-block-af0cc716991642374212-closed-solid-body
22:38:10 | INFO: Primitives created: 1
22:38:10 | INFO: Extracting primitive: MESH-armor-block-af0cc716991642374212-cyan-flush-status-lens
22:38:10 | INFO: Primitives created: 1
22:38:10 | INFO: Extracting primitive: MESH-armor-block-af0cc716991642374212-interchangeable-red-servi
22:38:10 | INFO: Primitives created: 1
22:38:10 | INFO: Extracting primitive: MESH-armor-block-af0cc716991642374212-lower-impact-rail-right
22:38:10 | INFO: Primitives created: 1
22:38:10 | INFO: Extracting primitive: MESH-armor-block-af0cc716991642374212-lower-impact-rail-cut-poc
22:38:10 | INFO: Primitives created: 1
22:38:10 | INFO: Extracting primitive: MESH-armor-block-af0cc716991642374212-lower-impact-rail-left
22:38:10 | INFO: Primitives created: 1
22:38:10 | INFO: Extracting primitive: MESH-armor-block-af0cc716991642374212-pale-wrapped-connector-ou
22:38:10 | INFO: Primitives created: 1
22:38:10 | INFO: Extracting primitive: MESH-armor-block-af0cc716991642374212-pale-wrapped-connector-in
22:38:10 | INFO: Primitives created: 1
22:38:10 | INFO: Extracting primitive: MESH-armor-block-af0cc716991642374212-recess-shadow-seat
22:38:10 | INFO: Primitives created: 1
22:38:10 | INFO: Extracting primitive: MESH-armor-block-af0cc716991642374212-upper-stepped-shoulder
22:38:10 | INFO: Primitives created: 1
22:38:10 | INFO: Finished glTF 2.0 export in 0.18035173416137695 s

22:38:10 | INFO: Starting glTF 2.0 export
22:38:10 | INFO: Extracting primitive: MESH-armor-block-57b9352f1f040b7f0157-closed-incoming-wrapped-b
22:38:10 | INFO: Primitives created: 1
22:38:10 | INFO: Extracting primitive: MESH-armor-block-57b9352f1f040b7f0157-closed-outgoing-wrapped-b
22:38:10 | INFO: Primitives created: 1
22:38:10 | INFO: Extracting primitive: MESH-armor-block-57b9352f1f040b7f0157-closed-solid-body
22:38:10 | INFO: Primitives created: 1
22:38:10 | INFO: Extracting primitive: MESH-armor-block-57b9352f1f040b7f0157-cyan-flush-status-lens
22:38:10 | INFO: Primitives created: 1
22:38:10 | INFO: Extracting primitive: MESH-armor-block-57b9352f1f040b7f0157-interchangeable-red-servi
22:38:10 | INFO: Primitives created: 1
22:38:10 | INFO: Extracting primitive: MESH-armor-block-57b9352f1f040b7f0157-lower-impact-rail-right
22:38:10 | INFO: Primitives created: 1
22:38:10 | INFO: Extracting primitive: MESH-armor-block-57b9352f1f040b7f0157-lower-impact-rail-cut-poc
22:38:10 | INFO: Primitives created: 1
22:38:10 | INFO: Extracting primitive: MESH-armor-block-57b9352f1f040b7f0157-lower-impact-rail-left
22:38:10 | INFO: Primitives created: 1
22:38:10 | INFO: Extracting primitive: MESH-armor-block-57b9352f1f040b7f0157-pale-wrapped-connector-ou
22:38:10 | INFO: Primitives created: 1
22:38:10 | INFO: Extracting primitive: MESH-armor-block-57b9352f1f040b7f0157-pale-wrapped-connector-in
22:38:10 | INFO: Primitives created: 1
22:38:10 | INFO: Extracting primitive: MESH-armor-block-57b9352f1f040b7f0157-recess-shadow-seat
22:38:10 | INFO: Primitives created: 1
22:38:10 | INFO: Extracting primitive: MESH-armor-block-57b9352f1f040b7f0157-upper-stepped-shoulder
22:38:10 | INFO: Primitives created: 1
22:38:10 | INFO: Finished glTF 2.0 export in 0.12767982482910156 s

22:38:10 | INFO: Starting glTF 2.0 export
22:38:10 | INFO: Extracting primitive: MESH-armor-block-8904b2af208c0ad89e05-closed-incoming-wrapped-b
22:38:11 | INFO: Primitives created: 1
22:38:11 | INFO: Extracting primitive: MESH-armor-block-8904b2af208c0ad89e05-closed-outgoing-wrapped-b
22:38:11 | INFO: Primitives created: 1
22:38:11 | INFO: Extracting primitive: MESH-armor-block-8904b2af208c0ad89e05-closed-solid-body
22:38:11 | INFO: Primitives created: 1
22:38:11 | INFO: Extracting primitive: MESH-armor-block-8904b2af208c0ad89e05-cyan-flush-status-lens
22:38:11 | INFO: Primitives created: 1
22:38:11 | INFO: Extracting primitive: MESH-armor-block-8904b2af208c0ad89e05-interchangeable-utility-f
22:38:11 | INFO: Primitives created: 1
22:38:11 | INFO: Extracting primitive: MESH-armor-block-8904b2af208c0ad89e05-lower-impact-rail-right
22:38:11 | INFO: Primitives created: 1
22:38:11 | INFO: Extracting primitive: MESH-armor-block-8904b2af208c0ad89e05-lower-impact-rail-cut-poc
22:38:11 | INFO: Primitives created: 1
22:38:11 | INFO: Extracting primitive: MESH-armor-block-8904b2af208c0ad89e05-lower-impact-rail-left
22:38:11 | INFO: Primitives created: 1
22:38:11 | INFO: Extracting primitive: MESH-armor-block-8904b2af208c0ad89e05-pale-wrapped-connector-ou
22:38:11 | INFO: Primitives created: 1
22:38:11 | INFO: Extracting primitive: MESH-armor-block-8904b2af208c0ad89e05-pale-wrapped-connector-in
22:38:11 | INFO: Primitives created: 1
22:38:11 | INFO: Extracting primitive: MESH-armor-block-8904b2af208c0ad89e05-recess-shadow-seat
22:38:11 | INFO: Primitives created: 1
22:38:11 | INFO: Extracting primitive: MESH-armor-block-8904b2af208c0ad89e05-upper-stepped-shoulder
22:38:11 | INFO: Primitives created: 1
22:38:11 | INFO: Extracting primitive: MESH-armor-block-8904b2af208c0ad89e05-utility-removable-box
22:38:11 | INFO: Primitives created: 1
22:38:11 | INFO: Extracting primitive: MESH-armor-block-8904b2af208c0ad89e05-utility-status-lens
22:38:11 | INFO: Primitives created: 1
22:38:11 | INFO: Finished glTF 2.0 export in 0.19949579238891602 s

22:38:11 | INFO: Starting glTF 2.0 export
22:38:11 | INFO: Extracting primitive: MESH-armor-block-d475f516a65773f4c21e-closed-incoming-wrapped-b
22:38:11 | INFO: Primitives created: 1
22:38:11 | INFO: Extracting primitive: MESH-armor-block-d475f516a65773f4c21e-closed-outgoing-wrapped-b
22:38:11 | INFO: Primitives created: 1
22:38:11 | INFO: Extracting primitive: MESH-armor-block-d475f516a65773f4c21e-closed-solid-body
22:38:11 | INFO: Primitives created: 1
22:38:11 | INFO: Extracting primitive: MESH-armor-block-d475f516a65773f4c21e-cyan-flush-status-lens
22:38:11 | INFO: Primitives created: 1
22:38:11 | INFO: Extracting primitive: MESH-armor-block-d475f516a65773f4c21e-interchangeable-plain-fac
22:38:11 | INFO: Primitives created: 1
22:38:11 | INFO: Extracting primitive: MESH-armor-block-d475f516a65773f4c21e-lower-impact-rail-right
22:38:11 | INFO: Primitives created: 1
22:38:11 | INFO: Extracting primitive: MESH-armor-block-d475f516a65773f4c21e-lower-impact-rail-cut-poc
22:38:11 | INFO: Primitives created: 1
22:38:11 | INFO: Extracting primitive: MESH-armor-block-d475f516a65773f4c21e-lower-impact-rail-left
22:38:11 | INFO: Primitives created: 1
22:38:11 | INFO: Extracting primitive: MESH-armor-block-d475f516a65773f4c21e-pale-wrapped-connector-ou
22:38:11 | INFO: Primitives created: 1
22:38:11 | INFO: Extracting primitive: MESH-armor-block-d475f516a65773f4c21e-pale-wrapped-connector-in
22:38:11 | INFO: Primitives created: 1
22:38:11 | INFO: Extracting primitive: MESH-armor-block-d475f516a65773f4c21e-recess-shadow-seat
22:38:11 | INFO: Primitives created: 1
22:38:11 | INFO: Extracting primitive: MESH-armor-block-d475f516a65773f4c21e-upper-stepped-shoulder
22:38:11 | INFO: Primitives created: 1
22:38:11 | INFO: Finished glTF 2.0 export in 0.13318729400634766 s

22:38:11 | INFO: Starting glTF 2.0 export
22:38:11 | INFO: Extracting primitive: MESH-armor-block-97e82a0a2ae19def921f-closed-incoming-wrapped-b
22:38:11 | INFO: Primitives created: 1
22:38:11 | INFO: Extracting primitive: MESH-armor-block-97e82a0a2ae19def921f-closed-outgoing-wrapped-b
22:38:11 | INFO: Primitives created: 1
22:38:11 | INFO: Extracting primitive: MESH-armor-block-97e82a0a2ae19def921f-closed-solid-body
22:38:11 | INFO: Primitives created: 1
22:38:11 | INFO: Extracting primitive: MESH-armor-block-97e82a0a2ae19def921f-cyan-flush-status-lens
22:38:11 | INFO: Primitives created: 1
22:38:11 | INFO: Extracting primitive: MESH-armor-block-97e82a0a2ae19def921f-interchangeable-plain-fac
22:38:11 | INFO: Primitives created: 1
22:38:11 | INFO: Extracting primitive: MESH-armor-block-97e82a0a2ae19def921f-lower-impact-rail-right
22:38:11 | INFO: Primitives created: 1
22:38:11 | INFO: Extracting primitive: MESH-armor-block-97e82a0a2ae19def921f-lower-impact-rail-cut-poc
22:38:11 | INFO: Primitives created: 1
22:38:11 | INFO: Extracting primitive: MESH-armor-block-97e82a0a2ae19def921f-lower-impact-rail-left
22:38:11 | INFO: Primitives created: 1
22:38:11 | INFO: Extracting primitive: MESH-armor-block-97e82a0a2ae19def921f-pale-wrapped-connector-ou
22:38:11 | INFO: Primitives created: 1
22:38:11 | INFO: Extracting primitive: MESH-armor-block-97e82a0a2ae19def921f-pale-wrapped-connector-in
22:38:11 | INFO: Primitives created: 1
22:38:11 | INFO: Extracting primitive: MESH-armor-block-97e82a0a2ae19def921f-recess-shadow-seat
22:38:11 | INFO: Primitives created: 1
22:38:11 | INFO: Extracting primitive: MESH-armor-block-97e82a0a2ae19def921f-upper-stepped-shoulder
22:38:11 | INFO: Primitives created: 1
22:38:11 | INFO: Finished glTF 2.0 export in 0.19403076171875 s

22:38:11 | INFO: Starting glTF 2.0 export
22:38:11 | INFO: Extracting primitive: MESH-armor-block-57b42efda0a7a7d9ffdd-closed-junction-wedge
22:38:11 | INFO: Primitives created: 1
22:38:11 | INFO: Extracting primitive: MESH-armor-block-57b42efda0a7a7d9ffdd-junction-lower-navy-shoe
22:38:11 | INFO: Primitives created: 1
22:38:11 | INFO: Extracting primitive: MESH-armor-block-57b42efda0a7a7d9ffdd-junction-upper-navy-shoul
22:38:11 | INFO: Primitives created: 1
22:38:11 | INFO: Extracting primitive: MESH-armor-block-57b42efda0a7a7d9ffdd-junction-wrapped-pale-con
22:38:11 | INFO: Primitives created: 1
22:38:11 | INFO: Finished glTF 2.0 export in 0.1213541030883789 s

22:38:11 | INFO: Starting glTF 2.0 export
22:38:11 | INFO: Extracting primitive: MESH-armor-block-7c3af440c13bfbd854f7-closed-incoming-wrapped-b
22:38:11 | INFO: Primitives created: 1
22:38:11 | INFO: Extracting primitive: MESH-armor-block-7c3af440c13bfbd854f7-closed-outgoing-wrapped-b
22:38:11 | INFO: Primitives created: 1
22:38:11 | INFO: Extracting primitive: MESH-armor-block-7c3af440c13bfbd854f7-closed-solid-body
22:38:11 | INFO: Primitives created: 1
22:38:11 | INFO: Extracting primitive: MESH-armor-block-7c3af440c13bfbd854f7-cyan-flush-status-lens
22:38:11 | INFO: Primitives created: 1
22:38:11 | INFO: Extracting primitive: MESH-armor-block-7c3af440c13bfbd854f7-interchangeable-red-servi
22:38:11 | INFO: Primitives created: 1
22:38:11 | INFO: Extracting primitive: MESH-armor-block-7c3af440c13bfbd854f7-lower-impact-rail-right
22:38:11 | INFO: Primitives created: 1
22:38:11 | INFO: Extracting primitive: MESH-armor-block-7c3af440c13bfbd854f7-lower-impact-rail-cut-poc
22:38:11 | INFO: Primitives created: 1
22:38:11 | INFO: Extracting primitive: MESH-armor-block-7c3af440c13bfbd854f7-lower-impact-rail-left
22:38:11 | INFO: Primitives created: 1
22:38:11 | INFO: Extracting primitive: MESH-armor-block-7c3af440c13bfbd854f7-pale-wrapped-connector-ou
22:38:11 | INFO: Primitives created: 1
22:38:11 | INFO: Extracting primitive: MESH-armor-block-7c3af440c13bfbd854f7-pale-wrapped-connector-in
22:38:11 | INFO: Primitives created: 1
22:38:11 | INFO: Extracting primitive: MESH-armor-block-7c3af440c13bfbd854f7-recess-shadow-seat
22:38:11 | INFO: Primitives created: 1
22:38:11 | INFO: Extracting primitive: MESH-armor-block-7c3af440c13bfbd854f7-upper-stepped-shoulder
22:38:11 | INFO: Primitives created: 1
22:38:11 | INFO: Finished glTF 2.0 export in 0.20776581764221191 s

22:38:11 | INFO: Starting glTF 2.0 export
22:38:11 | INFO: Extracting primitive: MESH-armor-block-075003ca42dee3ad88d4-closed-junction-wedge
22:38:12 | INFO: Primitives created: 1
22:38:12 | INFO: Extracting primitive: MESH-armor-block-075003ca42dee3ad88d4-junction-lower-navy-shoe
22:38:12 | INFO: Primitives created: 1
22:38:12 | INFO: Extracting primitive: MESH-armor-block-075003ca42dee3ad88d4-junction-upper-navy-shoul
22:38:12 | INFO: Primitives created: 1
22:38:12 | INFO: Extracting primitive: MESH-armor-block-075003ca42dee3ad88d4-junction-wrapped-pale-con
22:38:12 | INFO: Primitives created: 1
22:38:12 | INFO: Finished glTF 2.0 export in 0.10984539985656738 s

22:38:12 | INFO: Starting glTF 2.0 export
22:38:12 | INFO: Extracting primitive: MESH-armor-block-137dbd4b0d514b60c4c3-closed-incoming-wrapped-b
22:38:12 | INFO: Primitives created: 1
22:38:12 | INFO: Extracting primitive: MESH-armor-block-137dbd4b0d514b60c4c3-closed-outgoing-wrapped-b
22:38:12 | INFO: Primitives created: 1
22:38:12 | INFO: Extracting primitive: MESH-armor-block-137dbd4b0d514b60c4c3-closed-solid-body
22:38:12 | INFO: Primitives created: 1
22:38:12 | INFO: Extracting primitive: MESH-armor-block-137dbd4b0d514b60c4c3-cyan-flush-status-lens
22:38:12 | INFO: Primitives created: 1
22:38:12 | INFO: Extracting primitive: MESH-armor-block-137dbd4b0d514b60c4c3-interchangeable-utility-f
22:38:12 | INFO: Primitives created: 1
22:38:12 | INFO: Extracting primitive: MESH-armor-block-137dbd4b0d514b60c4c3-lower-impact-rail-right
22:38:12 | INFO: Primitives created: 1
22:38:12 | INFO: Extracting primitive: MESH-armor-block-137dbd4b0d514b60c4c3-lower-impact-rail-cut-poc
22:38:12 | INFO: Primitives created: 1
22:38:12 | INFO: Extracting primitive: MESH-armor-block-137dbd4b0d514b60c4c3-lower-impact-rail-left
22:38:12 | INFO: Primitives created: 1
22:38:12 | INFO: Extracting primitive: MESH-armor-block-137dbd4b0d514b60c4c3-pale-wrapped-connector-ou
22:38:12 | INFO: Primitives created: 1
22:38:12 | INFO: Extracting primitive: MESH-armor-block-137dbd4b0d514b60c4c3-pale-wrapped-connector-in
22:38:12 | INFO: Primitives created: 1
22:38:12 | INFO: Extracting primitive: MESH-armor-block-137dbd4b0d514b60c4c3-recess-shadow-seat
22:38:12 | INFO: Primitives created: 1
22:38:12 | INFO: Extracting primitive: MESH-armor-block-137dbd4b0d514b60c4c3-upper-stepped-shoulder
22:38:12 | INFO: Primitives created: 1
22:38:12 | INFO: Extracting primitive: MESH-armor-block-137dbd4b0d514b60c4c3-utility-removable-box
22:38:12 | INFO: Primitives created: 1
22:38:12 | INFO: Extracting primitive: MESH-armor-block-137dbd4b0d514b60c4c3-utility-status-lens
22:38:12 | INFO: Primitives created: 1
22:38:12 | INFO: Finished glTF 2.0 export in 0.1461954116821289 s

22:38:12 | INFO: Starting glTF 2.0 export
22:38:12 | INFO: Extracting primitive: MESH-armor-block-cb4ec70047162b4093b9-closed-incoming-wrapped-b
22:38:12 | INFO: Primitives created: 1
22:38:12 | INFO: Extracting primitive: MESH-armor-block-cb4ec70047162b4093b9-closed-outgoing-wrapped-b
22:38:12 | INFO: Primitives created: 1
22:38:12 | INFO: Extracting primitive: MESH-armor-block-cb4ec70047162b4093b9-closed-solid-body
22:38:12 | INFO: Primitives created: 1
22:38:12 | INFO: Extracting primitive: MESH-armor-block-cb4ec70047162b4093b9-cyan-flush-status-lens
22:38:12 | INFO: Primitives created: 1
22:38:12 | INFO: Extracting primitive: MESH-armor-block-cb4ec70047162b4093b9-interchangeable-utility-f
22:38:12 | INFO: Primitives created: 1
22:38:12 | INFO: Extracting primitive: MESH-armor-block-cb4ec70047162b4093b9-lower-impact-rail-right
22:38:12 | INFO: Primitives created: 1
22:38:12 | INFO: Extracting primitive: MESH-armor-block-cb4ec70047162b4093b9-lower-impact-rail-cut-poc
22:38:12 | INFO: Primitives created: 1
22:38:12 | INFO: Extracting primitive: MESH-armor-block-cb4ec70047162b4093b9-lower-impact-rail-left
22:38:12 | INFO: Primitives created: 1
22:38:12 | INFO: Extracting primitive: MESH-armor-block-cb4ec70047162b4093b9-pale-wrapped-connector-ou
22:38:12 | INFO: Primitives created: 1
22:38:12 | INFO: Extracting primitive: MESH-armor-block-cb4ec70047162b4093b9-pale-wrapped-connector-in
22:38:12 | INFO: Primitives created: 1
22:38:12 | INFO: Extracting primitive: MESH-armor-block-cb4ec70047162b4093b9-recess-shadow-seat
22:38:12 | INFO: Primitives created: 1
22:38:12 | INFO: Extracting primitive: MESH-armor-block-cb4ec70047162b4093b9-upper-stepped-shoulder
22:38:12 | INFO: Primitives created: 1
22:38:12 | INFO: Extracting primitive: MESH-armor-block-cb4ec70047162b4093b9-utility-removable-box
22:38:12 | INFO: Primitives created: 1
22:38:12 | INFO: Extracting primitive: MESH-armor-block-cb4ec70047162b4093b9-utility-status-lens
22:38:12 | INFO: Primitives created: 1
22:38:12 | INFO: Finished glTF 2.0 export in 0.1563434600830078 s

22:38:12 | INFO: Starting glTF 2.0 export
22:38:12 | INFO: Extracting primitive: MESH-armor-block-131df6537810373834cb-closed-junction-wedge
22:38:12 | INFO: Primitives created: 1
22:38:12 | INFO: Extracting primitive: MESH-armor-block-131df6537810373834cb-junction-lower-navy-shoe
22:38:12 | INFO: Primitives created: 1
22:38:12 | INFO: Extracting primitive: MESH-armor-block-131df6537810373834cb-junction-upper-navy-shoul
22:38:12 | INFO: Primitives created: 1
22:38:12 | INFO: Extracting primitive: MESH-armor-block-131df6537810373834cb-junction-wrapped-pale-con
22:38:12 | INFO: Primitives created: 1
22:38:12 | INFO: Finished glTF 2.0 export in 0.1708519458770752 s

22:38:12 | INFO: Starting glTF 2.0 export
22:38:12 | INFO: Extracting primitive: MESH-armor-block-79d4507d7b58226cbe80-closed-incoming-wrapped-b
22:38:12 | INFO: Primitives created: 1
22:38:12 | INFO: Extracting primitive: MESH-armor-block-79d4507d7b58226cbe80-closed-outgoing-wrapped-b
22:38:12 | INFO: Primitives created: 1
22:38:12 | INFO: Extracting primitive: MESH-armor-block-79d4507d7b58226cbe80-closed-solid-body
22:38:12 | INFO: Primitives created: 1
22:38:12 | INFO: Extracting primitive: MESH-armor-block-79d4507d7b58226cbe80-cyan-flush-status-lens
22:38:12 | INFO: Primitives created: 1
22:38:12 | INFO: Extracting primitive: MESH-armor-block-79d4507d7b58226cbe80-interchangeable-plain-fac
22:38:12 | INFO: Primitives created: 1
22:38:12 | INFO: Extracting primitive: MESH-armor-block-79d4507d7b58226cbe80-lower-impact-rail-right
22:38:12 | INFO: Primitives created: 1
22:38:12 | INFO: Extracting primitive: MESH-armor-block-79d4507d7b58226cbe80-lower-impact-rail-cut-poc
22:38:12 | INFO: Primitives created: 1
22:38:12 | INFO: Extracting primitive: MESH-armor-block-79d4507d7b58226cbe80-lower-impact-rail-left
22:38:12 | INFO: Primitives created: 1
22:38:12 | INFO: Extracting primitive: MESH-armor-block-79d4507d7b58226cbe80-pale-wrapped-connector-ou
22:38:12 | INFO: Primitives created: 1
22:38:12 | INFO: Extracting primitive: MESH-armor-block-79d4507d7b58226cbe80-pale-wrapped-connector-in
22:38:12 | INFO: Primitives created: 1
22:38:12 | INFO: Extracting primitive: MESH-armor-block-79d4507d7b58226cbe80-recess-shadow-seat
22:38:12 | INFO: Primitives created: 1
22:38:12 | INFO: Extracting primitive: MESH-armor-block-79d4507d7b58226cbe80-upper-stepped-shoulder
22:38:12 | INFO: Primitives created: 1
22:38:12 | INFO: Finished glTF 2.0 export in 0.1620645523071289 s

22:38:12 | INFO: Starting glTF 2.0 export
22:38:12 | INFO: Extracting primitive: MESH-armor-block-edc8f579626e43feb839-closed-junction-wedge
22:38:12 | INFO: Primitives created: 1
22:38:12 | INFO: Extracting primitive: MESH-armor-block-edc8f579626e43feb839-junction-lower-navy-shoe
22:38:12 | INFO: Primitives created: 1
22:38:12 | INFO: Extracting primitive: MESH-armor-block-edc8f579626e43feb839-junction-upper-navy-shoul
22:38:12 | INFO: Primitives created: 1
22:38:12 | INFO: Extracting primitive: MESH-armor-block-edc8f579626e43feb839-junction-wrapped-pale-con
22:38:12 | INFO: Primitives created: 1
22:38:12 | INFO: Finished glTF 2.0 export in 0.11044502258300781 s

22:38:13 | INFO: Starting glTF 2.0 export
22:38:13 | INFO: Extracting primitive: MESH-armor-block-e7911c4aae9fd2fecbb8-closed-incoming-wrapped-b
22:38:13 | INFO: Primitives created: 1
22:38:13 | INFO: Extracting primitive: MESH-armor-block-e7911c4aae9fd2fecbb8-closed-outgoing-wrapped-b
22:38:13 | INFO: Primitives created: 1
22:38:13 | INFO: Extracting primitive: MESH-armor-block-e7911c4aae9fd2fecbb8-closed-solid-body
22:38:13 | INFO: Primitives created: 1
22:38:13 | INFO: Extracting primitive: MESH-armor-block-e7911c4aae9fd2fecbb8-cyan-flush-status-lens
22:38:13 | INFO: Primitives created: 1
22:38:13 | INFO: Extracting primitive: MESH-armor-block-e7911c4aae9fd2fecbb8-deep-vent-louver-1
22:38:13 | INFO: Primitives created: 1
22:38:13 | INFO: Extracting primitive: MESH-armor-block-e7911c4aae9fd2fecbb8-deep-vent-louver-2
22:38:13 | INFO: Primitives created: 1
22:38:13 | INFO: Extracting primitive: MESH-armor-block-e7911c4aae9fd2fecbb8-deep-vent-louver-3
22:38:13 | INFO: Primitives created: 1
22:38:13 | INFO: Extracting primitive: MESH-armor-block-e7911c4aae9fd2fecbb8-deep-vent-louver-4
22:38:13 | INFO: Primitives created: 1
22:38:13 | INFO: Extracting primitive: MESH-armor-block-e7911c4aae9fd2fecbb8-deep-vent-louver-5
22:38:13 | INFO: Primitives created: 1
22:38:13 | INFO: Extracting primitive: MESH-armor-block-e7911c4aae9fd2fecbb8-deep-vent-louver-6
22:38:13 | INFO: Primitives created: 1
22:38:13 | INFO: Extracting primitive: MESH-armor-block-e7911c4aae9fd2fecbb8-deep-vent-louver-7
22:38:13 | INFO: Primitives created: 1
22:38:13 | INFO: Extracting primitive: MESH-armor-block-e7911c4aae9fd2fecbb8-deep-vent-louver-8
22:38:13 | INFO: Primitives created: 1
22:38:13 | INFO: Extracting primitive: MESH-armor-block-e7911c4aae9fd2fecbb8-deep-vent-louver-0
22:38:13 | INFO: Primitives created: 1
22:38:13 | INFO: Extracting primitive: MESH-armor-block-e7911c4aae9fd2fecbb8-interchangeable-vent-face
22:38:13 | INFO: Primitives created: 1
22:38:13 | INFO: Extracting primitive: MESH-armor-block-e7911c4aae9fd2fecbb8-lower-impact-rail-right
22:38:13 | INFO: Primitives created: 1
22:38:13 | INFO: Extracting primitive: MESH-armor-block-e7911c4aae9fd2fecbb8-lower-impact-rail-cut-poc
22:38:13 | INFO: Primitives created: 1
22:38:13 | INFO: Extracting primitive: MESH-armor-block-e7911c4aae9fd2fecbb8-lower-impact-rail-left
22:38:13 | INFO: Primitives created: 1
22:38:13 | INFO: Extracting primitive: MESH-armor-block-e7911c4aae9fd2fecbb8-pale-wrapped-connector-ou
22:38:13 | INFO: Primitives created: 1
22:38:13 | INFO: Extracting primitive: MESH-armor-block-e7911c4aae9fd2fecbb8-pale-wrapped-connector-in
22:38:13 | INFO: Primitives created: 1
22:38:13 | INFO: Extracting primitive: MESH-armor-block-e7911c4aae9fd2fecbb8-recess-shadow-seat
22:38:13 | INFO: Primitives created: 1
22:38:13 | INFO: Extracting primitive: MESH-armor-block-e7911c4aae9fd2fecbb8-upper-stepped-shoulder
22:38:13 | INFO: Primitives created: 1
22:38:13 | INFO: Extracting primitive: MESH-armor-block-e7911c4aae9fd2fecbb8-vent-dark-well
22:38:13 | INFO: Primitives created: 1
22:38:13 | INFO: Finished glTF 2.0 export in 0.18105220794677734 s

22:38:13 | INFO: Starting glTF 2.0 export
22:38:13 | INFO: Extracting primitive: MESH-armor-block-649b14141fa27ecd47e6-closed-junction-wedge
22:38:13 | INFO: Primitives created: 1
22:38:13 | INFO: Extracting primitive: MESH-armor-block-649b14141fa27ecd47e6-junction-lower-navy-shoe
22:38:13 | INFO: Primitives created: 1
22:38:13 | INFO: Extracting primitive: MESH-armor-block-649b14141fa27ecd47e6-junction-upper-navy-shoul
22:38:13 | INFO: Primitives created: 1
22:38:13 | INFO: Extracting primitive: MESH-armor-block-649b14141fa27ecd47e6-junction-wrapped-pale-con
22:38:13 | INFO: Primitives created: 1
22:38:13 | INFO: Finished glTF 2.0 export in 0.11269116401672363 s

22:38:13 | INFO: Starting glTF 2.0 export
22:38:13 | INFO: Extracting primitive: MESH-armor-block-fc5a10216de60493ab08-closed-junction-wedge
22:38:13 | INFO: Primitives created: 1
22:38:13 | INFO: Extracting primitive: MESH-armor-block-fc5a10216de60493ab08-junction-lower-navy-shoe
22:38:13 | INFO: Primitives created: 1
22:38:13 | INFO: Extracting primitive: MESH-armor-block-fc5a10216de60493ab08-junction-upper-navy-shoul
22:38:13 | INFO: Primitives created: 1
22:38:13 | INFO: Extracting primitive: MESH-armor-block-fc5a10216de60493ab08-junction-wrapped-pale-con
22:38:13 | INFO: Primitives created: 1
22:38:13 | INFO: Finished glTF 2.0 export in 0.1785564422607422 s

22:38:13 | INFO: Starting glTF 2.0 export
22:38:13 | INFO: Extracting primitive: MESH-armor-block-204079fa21328c629295-closed-incoming-wrapped-b
22:38:13 | INFO: Primitives created: 1
22:38:13 | INFO: Extracting primitive: MESH-armor-block-204079fa21328c629295-closed-outgoing-wrapped-b
22:38:13 | INFO: Primitives created: 1
22:38:13 | INFO: Extracting primitive: MESH-armor-block-204079fa21328c629295-closed-solid-body
22:38:13 | INFO: Primitives created: 1
22:38:13 | INFO: Extracting primitive: MESH-armor-block-204079fa21328c629295-interchangeable-red-servi
22:38:13 | INFO: Primitives created: 1
22:38:13 | INFO: Extracting primitive: MESH-armor-block-204079fa21328c629295-lower-impact-rail
22:38:13 | INFO: Primitives created: 1
22:38:13 | INFO: Extracting primitive: MESH-armor-block-204079fa21328c629295-pale-wrapped-connector-ou
22:38:13 | INFO: Primitives created: 1
22:38:13 | INFO: Extracting primitive: MESH-armor-block-204079fa21328c629295-pale-wrapped-connector-in
22:38:13 | INFO: Primitives created: 1
22:38:13 | INFO: Extracting primitive: MESH-armor-block-204079fa21328c629295-recess-shadow-seat
22:38:13 | INFO: Primitives created: 1
22:38:13 | INFO: Extracting primitive: MESH-armor-block-204079fa21328c629295-upper-stepped-shoulder
22:38:13 | INFO: Primitives created: 1
22:38:13 | INFO: Finished glTF 2.0 export in 0.1446521282196045 s

22:38:13 | INFO: Starting glTF 2.0 export
22:38:13 | INFO: Extracting primitive: MESH-armor-block-50c9e43a8c6ba5af5141-closed-incoming-wrapped-b
22:38:13 | INFO: Primitives created: 1
22:38:13 | INFO: Extracting primitive: MESH-armor-block-50c9e43a8c6ba5af5141-closed-outgoing-wrapped-b
22:38:13 | INFO: Primitives created: 1
22:38:13 | INFO: Extracting primitive: MESH-armor-block-50c9e43a8c6ba5af5141-closed-solid-body
22:38:13 | INFO: Primitives created: 1
22:38:13 | INFO: Extracting primitive: MESH-armor-block-50c9e43a8c6ba5af5141-interchangeable-utility-f
22:38:13 | INFO: Primitives created: 1
22:38:13 | INFO: Extracting primitive: MESH-armor-block-50c9e43a8c6ba5af5141-lower-impact-rail
22:38:13 | INFO: Primitives created: 1
22:38:13 | INFO: Extracting primitive: MESH-armor-block-50c9e43a8c6ba5af5141-pale-wrapped-connector-ou
22:38:13 | INFO: Primitives created: 1
22:38:13 | INFO: Extracting primitive: MESH-armor-block-50c9e43a8c6ba5af5141-pale-wrapped-connector-in
22:38:13 | INFO: Primitives created: 1
22:38:13 | INFO: Extracting primitive: MESH-armor-block-50c9e43a8c6ba5af5141-recess-shadow-seat
22:38:13 | INFO: Primitives created: 1
22:38:13 | INFO: Extracting primitive: MESH-armor-block-50c9e43a8c6ba5af5141-upper-stepped-shoulder
22:38:13 | INFO: Primitives created: 1
22:38:13 | INFO: Finished glTF 2.0 export in 0.20534467697143555 s

22:38:14 | INFO: Starting glTF 2.0 export
22:38:14 | INFO: Extracting primitive: MESH-armor-block-e9bc6213d0d76ca7f44b-closed-incoming-wrapped-b
22:38:14 | INFO: Primitives created: 1
22:38:14 | INFO: Extracting primitive: MESH-armor-block-e9bc6213d0d76ca7f44b-closed-outgoing-wrapped-b
22:38:14 | INFO: Primitives created: 1
22:38:14 | INFO: Extracting primitive: MESH-armor-block-e9bc6213d0d76ca7f44b-closed-solid-body
22:38:14 | INFO: Primitives created: 1
22:38:14 | INFO: Extracting primitive: MESH-armor-block-e9bc6213d0d76ca7f44b-cyan-flush-status-lens
22:38:14 | INFO: Primitives created: 1
22:38:14 | INFO: Extracting primitive: MESH-armor-block-e9bc6213d0d76ca7f44b-interchangeable-red-servi
22:38:14 | INFO: Primitives created: 1
22:38:14 | INFO: Extracting primitive: MESH-armor-block-e9bc6213d0d76ca7f44b-lower-impact-rail-right
22:38:14 | INFO: Primitives created: 1
22:38:14 | INFO: Extracting primitive: MESH-armor-block-e9bc6213d0d76ca7f44b-lower-impact-rail-cut-poc
22:38:14 | INFO: Primitives created: 1
22:38:14 | INFO: Extracting primitive: MESH-armor-block-e9bc6213d0d76ca7f44b-lower-impact-rail-left
22:38:14 | INFO: Primitives created: 1
22:38:14 | INFO: Extracting primitive: MESH-armor-block-e9bc6213d0d76ca7f44b-pale-wrapped-connector-ou
22:38:14 | INFO: Primitives created: 1
22:38:14 | INFO: Extracting primitive: MESH-armor-block-e9bc6213d0d76ca7f44b-pale-wrapped-connector-in
22:38:14 | INFO: Primitives created: 1
22:38:14 | INFO: Extracting primitive: MESH-armor-block-e9bc6213d0d76ca7f44b-recess-shadow-seat
22:38:14 | INFO: Primitives created: 1
22:38:14 | INFO: Extracting primitive: MESH-armor-block-e9bc6213d0d76ca7f44b-upper-stepped-shoulder
22:38:14 | INFO: Primitives created: 1
22:38:14 | INFO: Finished glTF 2.0 export in 0.17001628875732422 s

22:38:14 | INFO: Starting glTF 2.0 export
22:38:14 | INFO: Extracting primitive: MESH-armor-block-f731b556d8884e7d7557-closed-incoming-wrapped-b
22:38:14 | INFO: Primitives created: 1
22:38:14 | INFO: Extracting primitive: MESH-armor-block-f731b556d8884e7d7557-closed-outgoing-wrapped-b
22:38:14 | INFO: Primitives created: 1
22:38:14 | INFO: Extracting primitive: MESH-armor-block-f731b556d8884e7d7557-closed-solid-body
22:38:14 | INFO: Primitives created: 1
22:38:14 | INFO: Extracting primitive: MESH-armor-block-f731b556d8884e7d7557-cyan-flush-status-lens
22:38:14 | INFO: Primitives created: 1
22:38:14 | INFO: Extracting primitive: MESH-armor-block-f731b556d8884e7d7557-interchangeable-utility-f
22:38:14 | INFO: Primitives created: 1
22:38:14 | INFO: Extracting primitive: MESH-armor-block-f731b556d8884e7d7557-lower-impact-rail-right
22:38:14 | INFO: Primitives created: 1
22:38:14 | INFO: Extracting primitive: MESH-armor-block-f731b556d8884e7d7557-lower-impact-rail-cut-poc
22:38:14 | INFO: Primitives created: 1
22:38:14 | INFO: Extracting primitive: MESH-armor-block-f731b556d8884e7d7557-lower-impact-rail-left
22:38:14 | INFO: Primitives created: 1
22:38:14 | INFO: Extracting primitive: MESH-armor-block-f731b556d8884e7d7557-pale-wrapped-connector-ou
22:38:14 | INFO: Primitives created: 1
22:38:14 | INFO: Extracting primitive: MESH-armor-block-f731b556d8884e7d7557-pale-wrapped-connector-in
22:38:14 | INFO: Primitives created: 1
22:38:14 | INFO: Extracting primitive: MESH-armor-block-f731b556d8884e7d7557-recess-shadow-seat
22:38:14 | INFO: Primitives created: 1
22:38:14 | INFO: Extracting primitive: MESH-armor-block-f731b556d8884e7d7557-upper-stepped-shoulder
22:38:14 | INFO: Primitives created: 1
22:38:14 | INFO: Finished glTF 2.0 export in 0.19745230674743652 s

22:38:14 | INFO: Starting glTF 2.0 export
22:38:14 | INFO: Extracting primitive: MESH-armor-block-207cbce0274b3e836291-closed-junction-wedge
22:38:14 | INFO: Primitives created: 1
22:38:14 | INFO: Extracting primitive: MESH-armor-block-207cbce0274b3e836291-junction-lower-navy-shoe
22:38:14 | INFO: Primitives created: 1
22:38:14 | INFO: Extracting primitive: MESH-armor-block-207cbce0274b3e836291-junction-upper-navy-shoul
22:38:14 | INFO: Primitives created: 1
22:38:14 | INFO: Extracting primitive: MESH-armor-block-207cbce0274b3e836291-junction-wrapped-pale-con
22:38:14 | INFO: Primitives created: 1
22:38:14 | INFO: Finished glTF 2.0 export in 0.10737848281860352 s

22:38:14 | INFO: Starting glTF 2.0 export
22:38:14 | INFO: Extracting primitive: MESH-armor-block-975ae6c56dd5c22ae720-closed-incoming-wrapped-b
22:38:14 | INFO: Primitives created: 1
22:38:14 | INFO: Extracting primitive: MESH-armor-block-975ae6c56dd5c22ae720-closed-outgoing-wrapped-b
22:38:14 | INFO: Primitives created: 1
22:38:14 | INFO: Extracting primitive: MESH-armor-block-975ae6c56dd5c22ae720-closed-solid-body
22:38:14 | INFO: Primitives created: 1
22:38:14 | INFO: Extracting primitive: MESH-armor-block-975ae6c56dd5c22ae720-interchangeable-plain-fac
22:38:14 | INFO: Primitives created: 1
22:38:14 | INFO: Extracting primitive: MESH-armor-block-975ae6c56dd5c22ae720-lower-impact-rail
22:38:14 | INFO: Primitives created: 1
22:38:14 | INFO: Extracting primitive: MESH-armor-block-975ae6c56dd5c22ae720-pale-wrapped-connector-ou
22:38:14 | INFO: Primitives created: 1
22:38:14 | INFO: Extracting primitive: MESH-armor-block-975ae6c56dd5c22ae720-pale-wrapped-connector-in
22:38:14 | INFO: Primitives created: 1
22:38:14 | INFO: Extracting primitive: MESH-armor-block-975ae6c56dd5c22ae720-recess-shadow-seat
22:38:14 | INFO: Primitives created: 1
22:38:14 | INFO: Extracting primitive: MESH-armor-block-975ae6c56dd5c22ae720-upper-stepped-shoulder
22:38:14 | INFO: Primitives created: 1
22:38:14 | INFO: Finished glTF 2.0 export in 0.20525193214416504 s

22:38:14 | INFO: Starting glTF 2.0 export
22:38:14 | INFO: Extracting primitive: MESH-armor-block-0609cba1e9e5472c20b6-closed-incoming-wrapped-b
22:38:14 | INFO: Primitives created: 1
22:38:14 | INFO: Extracting primitive: MESH-armor-block-0609cba1e9e5472c20b6-closed-outgoing-wrapped-b
22:38:14 | INFO: Primitives created: 1
22:38:14 | INFO: Extracting primitive: MESH-armor-block-0609cba1e9e5472c20b6-closed-solid-body
22:38:14 | INFO: Primitives created: 1
22:38:14 | INFO: Extracting primitive: MESH-armor-block-0609cba1e9e5472c20b6-cyan-flush-status-lens
22:38:14 | INFO: Primitives created: 1
22:38:14 | INFO: Extracting primitive: MESH-armor-block-0609cba1e9e5472c20b6-interchangeable-plain-fac
22:38:14 | INFO: Primitives created: 1
22:38:14 | INFO: Extracting primitive: MESH-armor-block-0609cba1e9e5472c20b6-lower-impact-rail-right
22:38:14 | INFO: Primitives created: 1
22:38:14 | INFO: Extracting primitive: MESH-armor-block-0609cba1e9e5472c20b6-lower-impact-rail-cut-poc
22:38:14 | INFO: Primitives created: 1
22:38:14 | INFO: Extracting primitive: MESH-armor-block-0609cba1e9e5472c20b6-lower-impact-rail-left
22:38:14 | INFO: Primitives created: 1
22:38:14 | INFO: Extracting primitive: MESH-armor-block-0609cba1e9e5472c20b6-pale-wrapped-connector-ou
22:38:14 | INFO: Primitives created: 1
22:38:14 | INFO: Extracting primitive: MESH-armor-block-0609cba1e9e5472c20b6-pale-wrapped-connector-in
22:38:14 | INFO: Primitives created: 1
22:38:14 | INFO: Extracting primitive: MESH-armor-block-0609cba1e9e5472c20b6-recess-shadow-seat
22:38:14 | INFO: Primitives created: 1
22:38:14 | INFO: Extracting primitive: MESH-armor-block-0609cba1e9e5472c20b6-upper-stepped-shoulder
22:38:14 | INFO: Primitives created: 1
22:38:15 | INFO: Finished glTF 2.0 export in 0.14911532402038574 s

22:38:15 | INFO: Starting glTF 2.0 export
22:38:15 | INFO: Extracting primitive: MESH-armor-block-fbbf224dbd286d805ac1-closed-incoming-wrapped-b
22:38:15 | INFO: Primitives created: 1
22:38:15 | INFO: Extracting primitive: MESH-armor-block-fbbf224dbd286d805ac1-closed-outgoing-wrapped-b
22:38:15 | INFO: Primitives created: 1
22:38:15 | INFO: Extracting primitive: MESH-armor-block-fbbf224dbd286d805ac1-closed-solid-body
22:38:15 | INFO: Primitives created: 1
22:38:15 | INFO: Extracting primitive: MESH-armor-block-fbbf224dbd286d805ac1-cyan-flush-status-lens
22:38:15 | INFO: Primitives created: 1
22:38:15 | INFO: Extracting primitive: MESH-armor-block-fbbf224dbd286d805ac1-interchangeable-plain-fac
22:38:15 | INFO: Primitives created: 1
22:38:15 | INFO: Extracting primitive: MESH-armor-block-fbbf224dbd286d805ac1-lower-impact-rail-right
22:38:15 | INFO: Primitives created: 1
22:38:15 | INFO: Extracting primitive: MESH-armor-block-fbbf224dbd286d805ac1-lower-impact-rail-cut-poc
22:38:15 | INFO: Primitives created: 1
22:38:15 | INFO: Extracting primitive: MESH-armor-block-fbbf224dbd286d805ac1-lower-impact-rail-left
22:38:15 | INFO: Primitives created: 1
22:38:15 | INFO: Extracting primitive: MESH-armor-block-fbbf224dbd286d805ac1-pale-wrapped-connector-ou
22:38:15 | INFO: Primitives created: 1
22:38:15 | INFO: Extracting primitive: MESH-armor-block-fbbf224dbd286d805ac1-pale-wrapped-connector-in
22:38:15 | INFO: Primitives created: 1
22:38:15 | INFO: Extracting primitive: MESH-armor-block-fbbf224dbd286d805ac1-recess-shadow-seat
22:38:15 | INFO: Primitives created: 1
22:38:15 | INFO: Extracting primitive: MESH-armor-block-fbbf224dbd286d805ac1-upper-stepped-shoulder
22:38:15 | INFO: Primitives created: 1
22:38:15 | INFO: Finished glTF 2.0 export in 0.14640307426452637 s

22:38:15 | INFO: Starting glTF 2.0 export
22:38:15 | INFO: Extracting primitive: MESH-armor-block-49384936da4b4c531fcc-closed-incoming-wrapped-b
22:38:15 | INFO: Primitives created: 1
22:38:15 | INFO: Extracting primitive: MESH-armor-block-49384936da4b4c531fcc-closed-outgoing-wrapped-b
22:38:15 | INFO: Primitives created: 1
22:38:15 | INFO: Extracting primitive: MESH-armor-block-49384936da4b4c531fcc-closed-solid-body
22:38:15 | INFO: Primitives created: 1
22:38:15 | INFO: Extracting primitive: MESH-armor-block-49384936da4b4c531fcc-interchangeable-plain-fac
22:38:15 | INFO: Primitives created: 1
22:38:15 | INFO: Extracting primitive: MESH-armor-block-49384936da4b4c531fcc-lower-impact-rail
22:38:15 | INFO: Primitives created: 1
22:38:15 | INFO: Extracting primitive: MESH-armor-block-49384936da4b4c531fcc-pale-wrapped-connector-ou
22:38:15 | INFO: Primitives created: 1
22:38:15 | INFO: Extracting primitive: MESH-armor-block-49384936da4b4c531fcc-pale-wrapped-connector-in
22:38:15 | INFO: Primitives created: 1
22:38:15 | INFO: Extracting primitive: MESH-armor-block-49384936da4b4c531fcc-recess-shadow-seat
22:38:15 | INFO: Primitives created: 1
22:38:15 | INFO: Extracting primitive: MESH-armor-block-49384936da4b4c531fcc-upper-stepped-shoulder
22:38:15 | INFO: Primitives created: 1
22:38:15 | INFO: Finished glTF 2.0 export in 0.19870495796203613 s

22:38:15 | INFO: Starting glTF 2.0 export
22:38:15 | INFO: Extracting primitive: MESH-armor-block-e8152b71edd21a544d55-closed-incoming-wrapped-b
22:38:15 | INFO: Primitives created: 1
22:38:15 | INFO: Extracting primitive: MESH-armor-block-e8152b71edd21a544d55-closed-outgoing-wrapped-b
22:38:15 | INFO: Primitives created: 1
22:38:15 | INFO: Extracting primitive: MESH-armor-block-e8152b71edd21a544d55-closed-solid-body
22:38:15 | INFO: Primitives created: 1
22:38:15 | INFO: Extracting primitive: MESH-armor-block-e8152b71edd21a544d55-cyan-flush-status-lens
22:38:15 | INFO: Primitives created: 1
22:38:15 | INFO: Extracting primitive: MESH-armor-block-e8152b71edd21a544d55-interchangeable-plain-fac
22:38:15 | INFO: Primitives created: 1
22:38:15 | INFO: Extracting primitive: MESH-armor-block-e8152b71edd21a544d55-lower-impact-rail-right
22:38:15 | INFO: Primitives created: 1
22:38:15 | INFO: Extracting primitive: MESH-armor-block-e8152b71edd21a544d55-lower-impact-rail-cut-poc
22:38:15 | INFO: Primitives created: 1
22:38:15 | INFO: Extracting primitive: MESH-armor-block-e8152b71edd21a544d55-lower-impact-rail-left
22:38:15 | INFO: Primitives created: 1
22:38:15 | INFO: Extracting primitive: MESH-armor-block-e8152b71edd21a544d55-pale-wrapped-connector-ou
22:38:15 | INFO: Primitives created: 1
22:38:15 | INFO: Extracting primitive: MESH-armor-block-e8152b71edd21a544d55-pale-wrapped-connector-in
22:38:15 | INFO: Primitives created: 1
22:38:15 | INFO: Extracting primitive: MESH-armor-block-e8152b71edd21a544d55-recess-shadow-seat
22:38:15 | INFO: Primitives created: 1
22:38:15 | INFO: Extracting primitive: MESH-armor-block-e8152b71edd21a544d55-upper-stepped-shoulder
22:38:15 | INFO: Primitives created: 1
22:38:15 | INFO: Finished glTF 2.0 export in 0.12046575546264648 s

22:38:15 | INFO: Starting glTF 2.0 export
22:38:15 | INFO: Extracting primitive: MESH-armor-block-c2da9d9d47c98c01ceb8-closed-incoming-wrapped-b
22:38:15 | INFO: Primitives created: 1
22:38:15 | INFO: Extracting primitive: MESH-armor-block-c2da9d9d47c98c01ceb8-closed-outgoing-wrapped-b
22:38:15 | INFO: Primitives created: 1
22:38:15 | INFO: Extracting primitive: MESH-armor-block-c2da9d9d47c98c01ceb8-closed-solid-body
22:38:15 | INFO: Primitives created: 1
22:38:15 | INFO: Extracting primitive: MESH-armor-block-c2da9d9d47c98c01ceb8-cyan-flush-status-lens
22:38:15 | INFO: Primitives created: 1
22:38:15 | INFO: Extracting primitive: MESH-armor-block-c2da9d9d47c98c01ceb8-interchangeable-plain-fac
22:38:15 | INFO: Primitives created: 1
22:38:15 | INFO: Extracting primitive: MESH-armor-block-c2da9d9d47c98c01ceb8-lower-impact-rail-right
22:38:15 | INFO: Primitives created: 1
22:38:15 | INFO: Extracting primitive: MESH-armor-block-c2da9d9d47c98c01ceb8-lower-impact-rail-cut-poc
22:38:15 | INFO: Primitives created: 1
22:38:15 | INFO: Extracting primitive: MESH-armor-block-c2da9d9d47c98c01ceb8-lower-impact-rail-left
22:38:15 | INFO: Primitives created: 1
22:38:15 | INFO: Extracting primitive: MESH-armor-block-c2da9d9d47c98c01ceb8-pale-wrapped-connector-ou
22:38:15 | INFO: Primitives created: 1
22:38:15 | INFO: Extracting primitive: MESH-armor-block-c2da9d9d47c98c01ceb8-pale-wrapped-connector-in
22:38:15 | INFO: Primitives created: 1
22:38:15 | INFO: Extracting primitive: MESH-armor-block-c2da9d9d47c98c01ceb8-recess-shadow-seat
22:38:15 | INFO: Primitives created: 1
22:38:15 | INFO: Extracting primitive: MESH-armor-block-c2da9d9d47c98c01ceb8-upper-stepped-shoulder
22:38:15 | INFO: Primitives created: 1
22:38:15 | INFO: Finished glTF 2.0 export in 0.22846245765686035 s

22:38:15 | INFO: Starting glTF 2.0 export
22:38:15 | INFO: Extracting primitive: MESH-armor-block-e7a26fe3b6e058621d39-closed-incoming-wrapped-b
22:38:15 | INFO: Primitives created: 1
22:38:15 | INFO: Extracting primitive: MESH-armor-block-e7a26fe3b6e058621d39-closed-outgoing-wrapped-b
22:38:15 | INFO: Primitives created: 1
22:38:15 | INFO: Extracting primitive: MESH-armor-block-e7a26fe3b6e058621d39-closed-solid-body
22:38:15 | INFO: Primitives created: 1
22:38:15 | INFO: Extracting primitive: MESH-armor-block-e7a26fe3b6e058621d39-cyan-flush-status-lens
22:38:15 | INFO: Primitives created: 1
22:38:15 | INFO: Extracting primitive: MESH-armor-block-e7a26fe3b6e058621d39-interchangeable-plain-fac
22:38:15 | INFO: Primitives created: 1
22:38:15 | INFO: Extracting primitive: MESH-armor-block-e7a26fe3b6e058621d39-lower-impact-rail-right
22:38:15 | INFO: Primitives created: 1
22:38:15 | INFO: Extracting primitive: MESH-armor-block-e7a26fe3b6e058621d39-lower-impact-rail-cut-poc
22:38:15 | INFO: Primitives created: 1
22:38:15 | INFO: Extracting primitive: MESH-armor-block-e7a26fe3b6e058621d39-lower-impact-rail-left
22:38:15 | INFO: Primitives created: 1
22:38:15 | INFO: Extracting primitive: MESH-armor-block-e7a26fe3b6e058621d39-pale-wrapped-connector-ou
22:38:15 | INFO: Primitives created: 1
22:38:15 | INFO: Extracting primitive: MESH-armor-block-e7a26fe3b6e058621d39-pale-wrapped-connector-in
22:38:15 | INFO: Primitives created: 1
22:38:15 | INFO: Extracting primitive: MESH-armor-block-e7a26fe3b6e058621d39-recess-shadow-seat
22:38:15 | INFO: Primitives created: 1
22:38:15 | INFO: Extracting primitive: MESH-armor-block-e7a26fe3b6e058621d39-upper-stepped-shoulder
22:38:15 | INFO: Primitives created: 1
22:38:15 | INFO: Finished glTF 2.0 export in 0.12930703163146973 s

22:38:16 | INFO: Starting glTF 2.0 export
22:38:16 | INFO: Extracting primitive: MESH-armor-block-8233c1a3a948a91de0c7-closed-incoming-wrapped-b
22:38:16 | INFO: Primitives created: 1
22:38:16 | INFO: Extracting primitive: MESH-armor-block-8233c1a3a948a91de0c7-closed-outgoing-wrapped-b
22:38:16 | INFO: Primitives created: 1
22:38:16 | INFO: Extracting primitive: MESH-armor-block-8233c1a3a948a91de0c7-closed-solid-body
22:38:16 | INFO: Primitives created: 1
22:38:16 | INFO: Extracting primitive: MESH-armor-block-8233c1a3a948a91de0c7-interchangeable-plain-fac
22:38:16 | INFO: Primitives created: 1
22:38:16 | INFO: Extracting primitive: MESH-armor-block-8233c1a3a948a91de0c7-lower-impact-rail
22:38:16 | INFO: Primitives created: 1
22:38:16 | INFO: Extracting primitive: MESH-armor-block-8233c1a3a948a91de0c7-pale-wrapped-connector-ou
22:38:16 | INFO: Primitives created: 1
22:38:16 | INFO: Extracting primitive: MESH-armor-block-8233c1a3a948a91de0c7-pale-wrapped-connector-in
22:38:16 | INFO: Primitives created: 1
22:38:16 | INFO: Extracting primitive: MESH-armor-block-8233c1a3a948a91de0c7-recess-shadow-seat
22:38:16 | INFO: Primitives created: 1
22:38:16 | INFO: Extracting primitive: MESH-armor-block-8233c1a3a948a91de0c7-upper-stepped-shoulder
22:38:16 | INFO: Primitives created: 1
22:38:16 | INFO: Finished glTF 2.0 export in 0.17243218421936035 s

22:38:16 | INFO: Starting glTF 2.0 export
22:38:16 | INFO: Extracting primitive: MESH-armor-block-a252a121923cfb248f94-closed-incoming-wrapped-b
22:38:16 | INFO: Primitives created: 1
22:38:16 | INFO: Extracting primitive: MESH-armor-block-a252a121923cfb248f94-closed-outgoing-wrapped-b
22:38:16 | INFO: Primitives created: 1
22:38:16 | INFO: Extracting primitive: MESH-armor-block-a252a121923cfb248f94-closed-solid-body
22:38:16 | INFO: Primitives created: 1
22:38:16 | INFO: Extracting primitive: MESH-armor-block-a252a121923cfb248f94-interchangeable-plain-fac
22:38:16 | INFO: Primitives created: 1
22:38:16 | INFO: Extracting primitive: MESH-armor-block-a252a121923cfb248f94-lower-impact-rail
22:38:16 | INFO: Primitives created: 1
22:38:16 | INFO: Extracting primitive: MESH-armor-block-a252a121923cfb248f94-pale-wrapped-connector-ou
22:38:16 | INFO: Primitives created: 1
22:38:16 | INFO: Extracting primitive: MESH-armor-block-a252a121923cfb248f94-pale-wrapped-connector-in
22:38:16 | INFO: Primitives created: 1
22:38:16 | INFO: Extracting primitive: MESH-armor-block-a252a121923cfb248f94-recess-shadow-seat
22:38:16 | INFO: Primitives created: 1
22:38:16 | INFO: Extracting primitive: MESH-armor-block-a252a121923cfb248f94-upper-stepped-shoulder
22:38:16 | INFO: Primitives created: 1
22:38:16 | INFO: Finished glTF 2.0 export in 0.21136236190795898 s

22:38:16 | INFO: Starting glTF 2.0 export
22:38:16 | INFO: Extracting primitive: MESH-armor-block-981bd24736c640366791-closed-incoming-wrapped-b
22:38:16 | INFO: Primitives created: 1
22:38:16 | INFO: Extracting primitive: MESH-armor-block-981bd24736c640366791-closed-outgoing-wrapped-b
22:38:16 | INFO: Primitives created: 1
22:38:16 | INFO: Extracting primitive: MESH-armor-block-981bd24736c640366791-closed-solid-body
22:38:16 | INFO: Primitives created: 1
22:38:16 | INFO: Extracting primitive: MESH-armor-block-981bd24736c640366791-interchangeable-plain-fac
22:38:16 | INFO: Primitives created: 1
22:38:16 | INFO: Extracting primitive: MESH-armor-block-981bd24736c640366791-lower-impact-rail
22:38:16 | INFO: Primitives created: 1
22:38:16 | INFO: Extracting primitive: MESH-armor-block-981bd24736c640366791-pale-wrapped-connector-ou
22:38:16 | INFO: Primitives created: 1
22:38:16 | INFO: Extracting primitive: MESH-armor-block-981bd24736c640366791-pale-wrapped-connector-in
22:38:16 | INFO: Primitives created: 1
22:38:16 | INFO: Extracting primitive: MESH-armor-block-981bd24736c640366791-recess-shadow-seat
22:38:16 | INFO: Primitives created: 1
22:38:16 | INFO: Extracting primitive: MESH-armor-block-981bd24736c640366791-upper-stepped-shoulder
22:38:16 | INFO: Primitives created: 1
22:38:16 | INFO: Finished glTF 2.0 export in 0.15191078186035156 s

22:38:16 | INFO: Starting glTF 2.0 export
22:38:16 | INFO: Extracting primitive: MESH-armor-block-7bcf58fae727b968e126-closed-incoming-wrapped-b
22:38:16 | INFO: Primitives created: 1
22:38:16 | INFO: Extracting primitive: MESH-armor-block-7bcf58fae727b968e126-closed-outgoing-wrapped-b
22:38:16 | INFO: Primitives created: 1
22:38:16 | INFO: Extracting primitive: MESH-armor-block-7bcf58fae727b968e126-closed-solid-body
22:38:16 | INFO: Primitives created: 1
22:38:16 | INFO: Extracting primitive: MESH-armor-block-7bcf58fae727b968e126-interchangeable-plain-fac
22:38:16 | INFO: Primitives created: 1
22:38:16 | INFO: Extracting primitive: MESH-armor-block-7bcf58fae727b968e126-lower-impact-rail
22:38:16 | INFO: Primitives created: 1
22:38:16 | INFO: Extracting primitive: MESH-armor-block-7bcf58fae727b968e126-pale-wrapped-connector-ou
22:38:16 | INFO: Primitives created: 1
22:38:16 | INFO: Extracting primitive: MESH-armor-block-7bcf58fae727b968e126-pale-wrapped-connector-in
22:38:16 | INFO: Primitives created: 1
22:38:16 | INFO: Extracting primitive: MESH-armor-block-7bcf58fae727b968e126-recess-shadow-seat
22:38:16 | INFO: Primitives created: 1
22:38:16 | INFO: Extracting primitive: MESH-armor-block-7bcf58fae727b968e126-upper-stepped-shoulder
22:38:16 | INFO: Primitives created: 1
22:38:16 | INFO: Finished glTF 2.0 export in 0.2225029468536377 s

22:38:16 | INFO: Starting glTF 2.0 export
22:38:16 | INFO: Extracting primitive: MESH-armor-block-825d61aeb52f08f61c14-closed-incoming-wrapped-b
22:38:17 | INFO: Primitives created: 1
22:38:17 | INFO: Extracting primitive: MESH-armor-block-825d61aeb52f08f61c14-closed-outgoing-wrapped-b
22:38:17 | INFO: Primitives created: 1
22:38:17 | INFO: Extracting primitive: MESH-armor-block-825d61aeb52f08f61c14-closed-solid-body
22:38:17 | INFO: Primitives created: 1
22:38:17 | INFO: Extracting primitive: MESH-armor-block-825d61aeb52f08f61c14-interchangeable-plain-fac
22:38:17 | INFO: Primitives created: 1
22:38:17 | INFO: Extracting primitive: MESH-armor-block-825d61aeb52f08f61c14-lower-impact-rail
22:38:17 | INFO: Primitives created: 1
22:38:17 | INFO: Extracting primitive: MESH-armor-block-825d61aeb52f08f61c14-pale-wrapped-connector-ou
22:38:17 | INFO: Primitives created: 1
22:38:17 | INFO: Extracting primitive: MESH-armor-block-825d61aeb52f08f61c14-pale-wrapped-connector-in
22:38:17 | INFO: Primitives created: 1
22:38:17 | INFO: Extracting primitive: MESH-armor-block-825d61aeb52f08f61c14-recess-shadow-seat
22:38:17 | INFO: Primitives created: 1
22:38:17 | INFO: Extracting primitive: MESH-armor-block-825d61aeb52f08f61c14-upper-stepped-shoulder
22:38:17 | INFO: Primitives created: 1
22:38:17 | INFO: Finished glTF 2.0 export in 0.1588897705078125 s

22:38:17 | INFO: Starting glTF 2.0 export
22:38:17 | INFO: Extracting primitive: MESH-armor-block-bb2e153a868e9214017f-closed-junction-wedge
22:38:17 | INFO: Primitives created: 1
22:38:17 | INFO: Extracting primitive: MESH-armor-block-bb2e153a868e9214017f-junction-lower-navy-shoe
22:38:17 | INFO: Primitives created: 1
22:38:17 | INFO: Extracting primitive: MESH-armor-block-bb2e153a868e9214017f-junction-upper-navy-shoul
22:38:17 | INFO: Primitives created: 1
22:38:17 | INFO: Extracting primitive: MESH-armor-block-bb2e153a868e9214017f-junction-wrapped-pale-con
22:38:17 | INFO: Primitives created: 1
22:38:17 | INFO: Finished glTF 2.0 export in 0.18770194053649902 s

22:38:17 | INFO: Starting glTF 2.0 export
22:38:17 | INFO: Extracting primitive: MESH-armor-block-b5debfc1efb6816ed06d-closed-junction-wedge
22:38:17 | INFO: Primitives created: 1
22:38:17 | INFO: Extracting primitive: MESH-armor-block-b5debfc1efb6816ed06d-junction-lower-navy-shoe
22:38:17 | INFO: Primitives created: 1
22:38:17 | INFO: Extracting primitive: MESH-armor-block-b5debfc1efb6816ed06d-junction-upper-navy-shoul
22:38:17 | INFO: Primitives created: 1
22:38:17 | INFO: Extracting primitive: MESH-armor-block-b5debfc1efb6816ed06d-junction-wrapped-pale-con
22:38:17 | INFO: Primitives created: 1
22:38:17 | INFO: Finished glTF 2.0 export in 0.12586259841918945 s

22:38:17 | INFO: Starting glTF 2.0 export
22:38:17 | INFO: Extracting primitive: MESH-armor-block-19cb454187f2b808d0f7-closed-junction-wedge
22:38:17 | INFO: Primitives created: 1
22:38:17 | INFO: Extracting primitive: MESH-armor-block-19cb454187f2b808d0f7-junction-lower-navy-shoe
22:38:17 | INFO: Primitives created: 1
22:38:17 | INFO: Extracting primitive: MESH-armor-block-19cb454187f2b808d0f7-junction-upper-navy-shoul
22:38:17 | INFO: Primitives created: 1
22:38:17 | INFO: Extracting primitive: MESH-armor-block-19cb454187f2b808d0f7-junction-wrapped-pale-con
22:38:17 | INFO: Primitives created: 1
22:38:17 | INFO: Finished glTF 2.0 export in 0.16696763038635254 s

22:38:17 | INFO: Starting glTF 2.0 export
22:38:17 | INFO: Extracting primitive: MESH-armor-block-8c601c2467812dda7c97-closed-junction-wedge
22:38:17 | INFO: Primitives created: 1
22:38:17 | INFO: Extracting primitive: MESH-armor-block-8c601c2467812dda7c97-junction-lower-navy-shoe
22:38:17 | INFO: Primitives created: 1
22:38:17 | INFO: Extracting primitive: MESH-armor-block-8c601c2467812dda7c97-junction-upper-navy-shoul
22:38:17 | INFO: Primitives created: 1
22:38:17 | INFO: Extracting primitive: MESH-armor-block-8c601c2467812dda7c97-junction-wrapped-pale-con
22:38:17 | INFO: Primitives created: 1
22:38:17 | INFO: Finished glTF 2.0 export in 0.10366296768188477 s

22:38:18 | INFO: Starting glTF 2.0 export
22:38:18 | INFO: Extracting primitive: MESH-armor-block-04506299cdccdc3362d3-closed-junction-wedge
22:38:18 | INFO: Primitives created: 1
22:38:18 | INFO: Extracting primitive: MESH-armor-block-04506299cdccdc3362d3-junction-lower-navy-shoe
22:38:18 | INFO: Primitives created: 1
22:38:18 | INFO: Extracting primitive: MESH-armor-block-04506299cdccdc3362d3-junction-upper-navy-shoul
22:38:18 | INFO: Primitives created: 1
22:38:18 | INFO: Extracting primitive: MESH-armor-block-04506299cdccdc3362d3-junction-wrapped-pale-con
22:38:18 | INFO: Primitives created: 1
22:38:18 | INFO: Finished glTF 2.0 export in 0.11324572563171387 s

22:38:18 | INFO: Starting glTF 2.0 export
22:38:18 | INFO: Extracting primitive: MESH-armor-block-b9889f7ac1379ef477d3-closed-junction-wedge
22:38:18 | INFO: Primitives created: 1
22:38:18 | INFO: Extracting primitive: MESH-armor-block-b9889f7ac1379ef477d3-junction-lower-navy-shoe
22:38:18 | INFO: Primitives created: 1
22:38:18 | INFO: Extracting primitive: MESH-armor-block-b9889f7ac1379ef477d3-junction-upper-navy-shoul
22:38:18 | INFO: Primitives created: 1
22:38:18 | INFO: Extracting primitive: MESH-armor-block-b9889f7ac1379ef477d3-junction-wrapped-pale-con
22:38:18 | INFO: Primitives created: 1
22:38:18 | INFO: Finished glTF 2.0 export in 0.1872861385345459 s

22:38:18 | INFO: Starting glTF 2.0 export
22:38:18 | INFO: Extracting primitive: MESH-armor-block-e465b7594b2433a77396-closed-junction-wedge
22:38:18 | INFO: Primitives created: 1
22:38:18 | INFO: Extracting primitive: MESH-armor-block-e465b7594b2433a77396-junction-lower-navy-shoe
22:38:18 | INFO: Primitives created: 1
22:38:18 | INFO: Extracting primitive: MESH-armor-block-e465b7594b2433a77396-junction-upper-navy-shoul
22:38:18 | INFO: Primitives created: 1
22:38:18 | INFO: Extracting primitive: MESH-armor-block-e465b7594b2433a77396-junction-wrapped-pale-con
22:38:18 | INFO: Primitives created: 1
22:38:18 | INFO: Finished glTF 2.0 export in 0.12118029594421387 s

22:38:18 | INFO: Starting glTF 2.0 export
22:38:18 | INFO: Extracting primitive: MESH-armor-block-c3e51deb6848ddb10001-closed-junction-wedge
22:38:18 | INFO: Primitives created: 1
22:38:18 | INFO: Extracting primitive: MESH-armor-block-c3e51deb6848ddb10001-junction-lower-navy-shoe
22:38:18 | INFO: Primitives created: 1
22:38:18 | INFO: Extracting primitive: MESH-armor-block-c3e51deb6848ddb10001-junction-upper-navy-shoul
22:38:18 | INFO: Primitives created: 1
22:38:18 | INFO: Extracting primitive: MESH-armor-block-c3e51deb6848ddb10001-junction-wrapped-pale-con
22:38:18 | INFO: Primitives created: 1
22:38:18 | INFO: Finished glTF 2.0 export in 0.16191792488098145 s

22:38:18 | INFO: Starting glTF 2.0 export
22:38:18 | INFO: Extracting primitive: MESH-armor-block-b8ebf4aa6991e098a6d3-closed-junction-wedge
22:38:19 | INFO: Primitives created: 1
22:38:19 | INFO: Extracting primitive: MESH-armor-block-b8ebf4aa6991e098a6d3-junction-lower-navy-shoe
22:38:19 | INFO: Primitives created: 1
22:38:19 | INFO: Extracting primitive: MESH-armor-block-b8ebf4aa6991e098a6d3-junction-upper-navy-shoul
22:38:19 | INFO: Primitives created: 1
22:38:19 | INFO: Extracting primitive: MESH-armor-block-b8ebf4aa6991e098a6d3-junction-wrapped-pale-con
22:38:19 | INFO: Primitives created: 1
22:38:19 | INFO: Finished glTF 2.0 export in 0.11611628532409668 s

22:38:19 | INFO: Starting glTF 2.0 export
22:38:19 | INFO: Extracting primitive: MESH-armor-block-bdffe58423963910d02b-closed-junction-wedge
22:38:19 | INFO: Primitives created: 1
22:38:19 | INFO: Extracting primitive: MESH-armor-block-bdffe58423963910d02b-junction-lower-navy-shoe
22:38:19 | INFO: Primitives created: 1
22:38:19 | INFO: Extracting primitive: MESH-armor-block-bdffe58423963910d02b-junction-upper-navy-shoul
22:38:19 | INFO: Primitives created: 1
22:38:19 | INFO: Extracting primitive: MESH-armor-block-bdffe58423963910d02b-junction-wrapped-pale-con
22:38:19 | INFO: Primitives created: 1
22:38:19 | INFO: Finished glTF 2.0 export in 0.17027902603149414 s

22:38:19 | INFO: Starting glTF 2.0 export
22:38:19 | INFO: Extracting primitive: MESH-armor-block-098c86a675e3e951ace9-closed-junction-wedge
22:38:19 | INFO: Primitives created: 1
22:38:19 | INFO: Extracting primitive: MESH-armor-block-098c86a675e3e951ace9-junction-lower-navy-shoe
22:38:19 | INFO: Primitives created: 1
22:38:19 | INFO: Extracting primitive: MESH-armor-block-098c86a675e3e951ace9-junction-upper-navy-shoul
22:38:19 | INFO: Primitives created: 1
22:38:19 | INFO: Extracting primitive: MESH-armor-block-098c86a675e3e951ace9-junction-wrapped-pale-con
22:38:19 | INFO: Primitives created: 1
22:38:19 | INFO: Finished glTF 2.0 export in 0.12357687950134277 s

22:38:19 | INFO: Starting glTF 2.0 export
22:38:19 | INFO: Extracting primitive: MESH-armor-block-0f4edf0963be28b7952b-closed-junction-wedge
22:38:19 | INFO: Primitives created: 1
22:38:19 | INFO: Extracting primitive: MESH-armor-block-0f4edf0963be28b7952b-junction-lower-navy-shoe
22:38:19 | INFO: Primitives created: 1
22:38:19 | INFO: Extracting primitive: MESH-armor-block-0f4edf0963be28b7952b-junction-upper-navy-shoul
22:38:19 | INFO: Primitives created: 1
22:38:19 | INFO: Extracting primitive: MESH-armor-block-0f4edf0963be28b7952b-junction-wrapped-pale-con
22:38:19 | INFO: Primitives created: 1
22:38:19 | INFO: Finished glTF 2.0 export in 0.17093658447265625 s

22:38:19 | INFO: Starting glTF 2.0 export
22:38:19 | INFO: Extracting primitive: MESH-armor-block-eae57557166988330b70-closed-junction-wedge
22:38:19 | INFO: Primitives created: 1
22:38:19 | INFO: Extracting primitive: MESH-armor-block-eae57557166988330b70-junction-lower-navy-shoe
22:38:19 | INFO: Primitives created: 1
22:38:19 | INFO: Extracting primitive: MESH-armor-block-eae57557166988330b70-junction-upper-navy-shoul
22:38:19 | INFO: Primitives created: 1
22:38:19 | INFO: Extracting primitive: MESH-armor-block-eae57557166988330b70-junction-wrapped-pale-con
22:38:19 | INFO: Primitives created: 1
22:38:19 | INFO: Finished glTF 2.0 export in 0.1215054988861084 s

22:38:20 | INFO: Starting glTF 2.0 export
22:38:20 | INFO: Extracting primitive: MESH-armor-block-54094cde041737badaf2-closed-junction-wedge
22:38:20 | INFO: Primitives created: 1
22:38:20 | INFO: Extracting primitive: MESH-armor-block-54094cde041737badaf2-junction-lower-navy-shoe
22:38:20 | INFO: Primitives created: 1
22:38:20 | INFO: Extracting primitive: MESH-armor-block-54094cde041737badaf2-junction-upper-navy-shoul
22:38:20 | INFO: Primitives created: 1
22:38:20 | INFO: Extracting primitive: MESH-armor-block-54094cde041737badaf2-junction-wrapped-pale-con
22:38:20 | INFO: Primitives created: 1
22:38:20 | INFO: Finished glTF 2.0 export in 0.1327981948852539 s

22:38:20 | INFO: Starting glTF 2.0 export
22:38:20 | INFO: Extracting primitive: MESH-armor-block-2cce8582f894eec65110-closed-junction-wedge
22:38:20 | INFO: Primitives created: 1
22:38:20 | INFO: Extracting primitive: MESH-armor-block-2cce8582f894eec65110-junction-lower-navy-shoe
22:38:20 | INFO: Primitives created: 1
22:38:20 | INFO: Extracting primitive: MESH-armor-block-2cce8582f894eec65110-junction-upper-navy-shoul
22:38:20 | INFO: Primitives created: 1
22:38:20 | INFO: Extracting primitive: MESH-armor-block-2cce8582f894eec65110-junction-wrapped-pale-con
22:38:20 | INFO: Primitives created: 1
22:38:20 | INFO: Finished glTF 2.0 export in 0.1811974048614502 s

Info: Saved "source.blend"
{"output": "/root/sidereal_spacetime/assets/art-library/framed-wayfarer/r005/family-02", "models": 75, "assemblies": ["joined-bay", "solid-section", "convex-45-half-height", "concave-90", "wayfarer", "alternate-station", "alternate-tug", "heights", "bulkheads", "directions-32", "junction-registry"]}
Blender 4.3.2

Blender quit
