22:38:55 | INFO: Data are loaded, start creating Blender stuff
22:38:55 | INFO: Blender create Mesh node MESH-armor-block-f94c0ba2aa04f31fb6a5-closed-incoming-wrapped-b
22:38:55 | INFO: Blender create Mesh node MESH-armor-block-f94c0ba2aa04f31fb6a5-closed-outgoing-wrapped-b
22:38:55 | INFO: Blender create Mesh node MESH-armor-block-f94c0ba2aa04f31fb6a5-closed-solid-body
22:38:55 | INFO: Blender create Mesh node MESH-armor-block-f94c0ba2aa04f31fb6a5-cyan-flush-status-lens
22:38:55 | INFO: Blender create Mesh node MESH-armor-block-f94c0ba2aa04f31fb6a5-interchangeable-plain-fac
22:38:55 | INFO: Blender create Mesh node MESH-armor-block-f94c0ba2aa04f31fb6a5-lower-impact-rail-right
22:38:55 | INFO: Blender create Mesh node MESH-armor-block-f94c0ba2aa04f31fb6a5-lower-impact-rail-cut-poc
22:38:55 | INFO: Blender create Mesh node MESH-armor-block-f94c0ba2aa04f31fb6a5-lower-impact-rail-left
22:38:55 | INFO: Blender create Mesh node MESH-armor-block-f94c0ba2aa04f31fb6a5-pale-wrapped-connector-ou
22:38:55 | INFO: Blender create Mesh node MESH-armor-block-f94c0ba2aa04f31fb6a5-pale-wrapped-connector-in
22:38:55 | INFO: Blender create Mesh node MESH-armor-block-f94c0ba2aa04f31fb6a5-recess-shadow-seat
22:38:55 | INFO: Blender create Mesh node MESH-armor-block-f94c0ba2aa04f31fb6a5-upper-stepped-shoulder
22:38:55 | INFO: glTF import finished in 0.01s
22:38:55 | INFO: Data are loaded, start creating Blender stuff
22:38:55 | INFO: Blender create Mesh node MESH-armor-block-7c657ee01a90318dec3e-closed-incoming-wrapped-b
22:38:55 | INFO: Blender create Mesh node MESH-armor-block-7c657ee01a90318dec3e-closed-outgoing-wrapped-b
22:38:55 | INFO: Blender create Mesh node MESH-armor-block-7c657ee01a90318dec3e-closed-solid-body
22:38:55 | INFO: Blender create Mesh node MESH-armor-block-7c657ee01a90318dec3e-cyan-flush-status-lens
22:38:55 | INFO: Blender create Mesh node MESH-armor-block-7c657ee01a90318dec3e-deep-vent-louver-1
22:38:55 | INFO: Blender create Mesh node MESH-armor-block-7c657ee01a90318dec3e-deep-vent-louver-2
22:38:55 | INFO: Blender create Mesh node MESH-armor-block-7c657ee01a90318dec3e-deep-vent-louver-3
22:38:55 | INFO: Blender create Mesh node MESH-armor-block-7c657ee01a90318dec3e-deep-vent-louver-4
22:38:55 | INFO: Blender create Mesh node MESH-armor-block-7c657ee01a90318dec3e-deep-vent-louver-5
22:38:55 | INFO: Blender create Mesh node MESH-armor-block-7c657ee01a90318dec3e-deep-vent-louver-6
22:38:55 | INFO: Blender create Mesh node MESH-armor-block-7c657ee01a90318dec3e-deep-vent-louver-7
22:38:55 | INFO: Blender create Mesh node MESH-armor-block-7c657ee01a90318dec3e-deep-vent-louver-8
22:38:55 | INFO: Blender create Mesh node MESH-armor-block-7c657ee01a90318dec3e-deep-vent-louver-0
22:38:55 | INFO: Blender create Mesh node MESH-armor-block-7c657ee01a90318dec3e-interchangeable-vent-face
22:38:55 | INFO: Blender create Mesh node MESH-armor-block-7c657ee01a90318dec3e-lower-impact-rail-right
22:38:55 | INFO: Blender create Mesh node MESH-armor-block-7c657ee01a90318dec3e-lower-impact-rail-cut-poc
22:38:55 | INFO: Blender create Mesh node MESH-armor-block-7c657ee01a90318dec3e-lower-impact-rail-left
22:38:55 | INFO: Blender create Mesh node MESH-armor-block-7c657ee01a90318dec3e-pale-wrapped-connector-ou
22:38:55 | INFO: Blender create Mesh node MESH-armor-block-7c657ee01a90318dec3e-pale-wrapped-connector-in
22:38:55 | INFO: Blender create Mesh node MESH-armor-block-7c657ee01a90318dec3e-recess-shadow-seat
22:38:55 | INFO: Blender create Mesh node MESH-armor-block-7c657ee01a90318dec3e-upper-stepped-shoulder
22:38:55 | INFO: Blender create Mesh node MESH-armor-block-7c657ee01a90318dec3e-vent-dark-well
22:38:55 | INFO: glTF import finished in 0.01s
22:38:55 | INFO: Data are loaded, start creating Blender stuff
22:38:55 | INFO: Blender create Mesh node MESH-armor-block-fe79dfaf2e1542dbd67c-closed-incoming-wrapped-b
22:38:55 | INFO: Blender create Mesh node MESH-armor-block-fe79dfaf2e1542dbd67c-closed-outgoing-wrapped-b
22:38:55 | INFO: Blender create Mesh node MESH-armor-block-fe79dfaf2e1542dbd67c-closed-solid-body
22:38:55 | INFO: Blender create Mesh node MESH-armor-block-fe79dfaf2e1542dbd67c-cyan-flush-status-lens
22:38:55 | INFO: Blender create Mesh node MESH-armor-block-fe79dfaf2e1542dbd67c-interchangeable-red-servi
22:38:55 | INFO: Blender create Mesh node MESH-armor-block-fe79dfaf2e1542dbd67c-lower-impact-rail-right
22:38:55 | INFO: Blender create Mesh node MESH-armor-block-fe79dfaf2e1542dbd67c-lower-impact-rail-cut-poc
22:38:55 | INFO: Blender create Mesh node MESH-armor-block-fe79dfaf2e1542dbd67c-lower-impact-rail-left
22:38:55 | INFO: Blender create Mesh node MESH-armor-block-fe79dfaf2e1542dbd67c-pale-wrapped-connector-ou
22:38:55 | INFO: Blender create Mesh node MESH-armor-block-fe79dfaf2e1542dbd67c-pale-wrapped-connector-in
22:38:55 | INFO: Blender create Mesh node MESH-armor-block-fe79dfaf2e1542dbd67c-recess-shadow-seat
22:38:55 | INFO: Blender create Mesh node MESH-armor-block-fe79dfaf2e1542dbd67c-upper-stepped-shoulder
22:38:55 | INFO: glTF import finished in 0.01s
Blender 4.3.2
Fra:1 Mem:17.87M (Peak 17.87M) | Time:00:00.00 | Mem:0.00M, Peak:0.00M | Scene, ViewLayer | Synchronizing object | GEO-armor-block-f94c0ba2aa04f31fb6a5--BACKING--closed-incoming-
Fra:1 Mem:17.87M (Peak 17.87M) | Time:00:00.00 | Mem:0.00M, Peak:0.00M | Scene, ViewLayer | Synchronizing object | GEO-armor-block-f94c0ba2aa04f31fb6a5--BACKING--closed-solid-bod
Fra:1 Mem:19.89M (Peak 19.89M) | Time:00:00.00 | Mem:0.00M, Peak:0.00M | Scene, ViewLayer | Synchronizing object | GEO-armor-block-fe79dfaf2e1542dbd67c--FINISH--upper-stepped-sho
Fra:1 Mem:19.89M (Peak 19.89M) | Time:00:00.00 | Mem:0.00M, Peak:0.00M | Scene, ViewLayer | Synchronizing object | GEO-armor-block-fe79dfaf2e1542dbd67c--FINISH--recess-shadow-sea
Fra:1 Mem:19.89M (Peak 19.89M) | Time:00:00.00 | Mem:0.00M, Peak:0.00M | Scene, ViewLayer | Synchronizing object | GEO-armor-block-f94c0ba2aa04f31fb6a5--FINISH--lower-impact-
Fra:1 Mem:19.92M (Peak 19.92M) | Time:00:00.00 | Mem:0.00M, Peak:0.00M | Scene, ViewLayer | Synchronizing object | GEO-armor-block-fe79dfaf2e1542dbd67c--FINISH--pale-wrapped-conn
Fra:1 Mem:19.92M (Peak 19.92M) | Time:00:00.00 | Mem:0.00M, Peak:0.00M | Scene, ViewLayer | Synchronizing object | GEO-armor-block-f94c0ba2aa04f31fb6a5--FINISH--lower-impact-.001
Fra:1 Mem:19.94M (Peak 19.94M) | Time:00:00.00 | Mem:0.00M, Peak:0.00M | Scene, ViewLayer | Synchronizing object | GEO-armor-block-f94c0ba2aa04f31fb6a5--FINISH--lower-impact-rail
Fra:1 Mem:19.94M (Peak 19.94M) | Time:00:00.00 | Mem:0.00M, Peak:0.00M | Scene, ViewLayer | Synchronizing object | GEO-armor-block-f94c0ba2aa04f31fb6a5--FINISH--pale-wrapped-
Fra:1 Mem:19.96M (Peak 19.96M) | Time:00:00.00 | Mem:0.00M, Peak:0.00M | Scene, ViewLayer | Synchronizing object | GEO-armor-block-f94c0ba2aa04f31fb6a5--FINISH--pale-wrapped-conn
Fra:1 Mem:19.95M (Peak 19.96M) | Time:00:00.00 | Mem:0.00M, Peak:0.00M | Scene, ViewLayer | Synchronizing object | GEO-armor-block-f94c0ba2aa04f31fb6a5--FINISH--recess-shadow-sea
Fra:1 Mem:19.97M (Peak 19.97M) | Time:00:00.00 | Mem:0.00M, Peak:0.00M | Scene, ViewLayer | Synchronizing object | GEO-armor-block-fe79dfaf2e1542dbd67c--FINISH--lower-impact-rail
Fra:1 Mem:19.95M (Peak 19.97M) | Time:00:00.00 | Mem:0.00M, Peak:0.00M | Scene, ViewLayer | Synchronizing object | GEO-armor-block-f94c0ba2aa04f31fb6a5--FINISH--upper-stepped-sho
Fra:1 Mem:19.96M (Peak 19.97M) | Time:00:00.00 | Mem:0.00M, Peak:0.00M | Scene, ViewLayer | Synchronizing object | GEO-armor-block-7c657ee01a90318dec3e--BACKING--closed-outgoing-
Fra:1 Mem:19.99M (Peak 19.99M) | Time:00:00.00 | Mem:0.00M, Peak:0.00M | Scene, ViewLayer | Synchronizing object | GEO-armor-block-fe79dfaf2e1542dbd67c--FINISH--lower-impact-.001
Fra:1 Mem:19.97M (Peak 19.99M) | Time:00:00.00 | Mem:0.00M, Peak:0.00M | Scene, ViewLayer | Synchronizing object | GEO-armor-block-7c657ee01a90318dec3e--BACKING--closed-solid-bod
Fra:1 Mem:19.99M (Peak 19.99M) | Time:00:00.00 | Mem:0.00M, Peak:0.00M | Scene, ViewLayer | Synchronizing object | GEO-armor-block-7c657ee01a90318dec3e--FINISH--deep-vent-lou
Fra:1 Mem:20.01M (Peak 20.01M) | Time:00:00.00 | Mem:0.00M, Peak:0.00M | Scene, ViewLayer | Synchronizing object | GEO-armor-block-7c657ee01a90318dec3e--FINISH--deep-vent-lou.001
Fra:1 Mem:19.99M (Peak 20.01M) | Time:00:00.00 | Mem:0.00M, Peak:0.00M | Scene, ViewLayer | Synchronizing object | GEO-armor-block-7c657ee01a90318dec3e--FINISH--deep-vent-lou.002
Fra:1 Mem:20.00M (Peak 20.01M) | Time:00:00.00 | Mem:0.00M, Peak:0.00M | Scene, ViewLayer | Synchronizing object | GEO-armor-block-fe79dfaf2e1542dbd67c--FINISH--lower-impact-
Fra:1 Mem:20.01M (Peak 20.01M) | Time:00:00.00 | Mem:0.00M, Peak:0.00M | Scene, ViewLayer | Synchronizing object | GEO-armor-block-7c657ee01a90318dec3e--FINISH--deep-vent-lou.004
Fra:1 Mem:20.01M (Peak 20.01M) | Time:00:00.00 | Mem:0.00M, Peak:0.00M | Scene, ViewLayer | Synchronizing object | GEO-armor-block-7c657ee01a90318dec3e--FINISH--deep-vent-lou.005
Fra:1 Mem:20.02M (Peak 20.02M) | Time:00:00.00 | Mem:0.00M, Peak:0.00M | Scene, ViewLayer | Synchronizing object | GEO-armor-block-7c657ee01a90318dec3e--FINISH--deep-vent-lou.006
Fra:1 Mem:20.02M (Peak 20.02M) | Time:00:00.00 | Mem:0.00M, Peak:0.00M | Scene, ViewLayer | Synchronizing object | GEO-armor-block-fe79dfaf2e1542dbd67c--FINISH--interchangeable-r
Fra:1 Mem:20.02M (Peak 20.02M) | Time:00:00.00 | Mem:0.00M, Peak:0.00M | Scene, ViewLayer | Synchronizing object | GEO-armor-block-7c657ee01a90318dec3e--FINISH--deep-vent-lou.007
Fra:1 Mem:20.02M (Peak 20.02M) | Time:00:00.00 | Mem:0.00M, Peak:0.00M | Scene, ViewLayer | Synchronizing object | GEO-armor-block-7c657ee01a90318dec3e--FINISH--deep-vent-louver-
Fra:1 Mem:20.03M (Peak 20.03M) | Time:00:00.00 | Mem:0.00M, Peak:0.00M | Scene, ViewLayer | Synchronizing object | GEO-armor-block-7c657ee01a90318dec3e--FINISH--interchangeable-v
Fra:1 Mem:20.04M (Peak 20.04M) | Time:00:00.00 | Mem:0.00M, Peak:0.00M | Scene, ViewLayer | Synchronizing object | GEO-armor-block-7c657ee01a90318dec3e--FINISH--lower-impact-
Fra:1 Mem:20.04M (Peak 20.04M) | Time:00:00.00 | Mem:0.00M, Peak:0.00M | Scene, ViewLayer | Synchronizing object | GEO-armor-block-7c657ee01a90318dec3e--FINISH--lower-impact-.001
Fra:1 Mem:20.04M (Peak 20.04M) | Time:00:00.00 | Mem:0.00M, Peak:0.00M | Scene, ViewLayer | Synchronizing object | GEO-armor-block-fe79dfaf2e1542dbd67c--FINISH--cyan-flush-status
Fra:1 Mem:20.07M (Peak 20.07M) | Time:00:00.00 | Mem:0.00M, Peak:0.00M | Scene, ViewLayer | Synchronizing object | GEO-armor-block-7c657ee01a90318dec3e--FINISH--lower-impact-rail
Fra:1 Mem:20.06M (Peak 20.07M) | Time:00:00.00 | Mem:0.00M, Peak:0.00M | Scene, ViewLayer | Synchronizing object | GEO-armor-block-7c657ee01a90318dec3e--FINISH--pale-wrapped-
Fra:1 Mem:20.08M (Peak 20.08M) | Time:00:00.00 | Mem:0.00M, Peak:0.00M | Scene, ViewLayer | Synchronizing object | GEO-armor-block-7c657ee01a90318dec3e--FINISH--pale-wrapped-conn
Fra:1 Mem:20.09M (Peak 20.09M) | Time:00:00.00 | Mem:0.00M, Peak:0.00M | Scene, ViewLayer | Synchronizing object | GEO-armor-block-fe79dfaf2e1542dbd67c--BACKING--closed-outgoing-
Fra:1 Mem:20.08M (Peak 20.09M) | Time:00:00.00 | Mem:0.00M, Peak:0.00M | Scene, ViewLayer | Synchronizing object | GEO-armor-block-7c657ee01a90318dec3e--FINISH--upper-stepped-sho
Fra:1 Mem:20.09M (Peak 20.09M) | Time:00:00.00 | Mem:0.00M, Peak:0.00M | Scene, ViewLayer | Synchronizing object | GEO-armor-block-7c657ee01a90318dec3e--FINISH--vent-dark-well
Fra:1 Mem:20.10M (Peak 20.10M) | Time:00:00.00 | Mem:0.00M, Peak:0.00M | Scene, ViewLayer | Synchronizing object | GEO-armor-block-fe79dfaf2e1542dbd67c--BACKING--closed-incoming-
Fra:1 Mem:20.09M (Peak 20.10M) | Time:00:00.00 | Mem:0.00M, Peak:0.00M | Scene, ViewLayer | Initializing
Fra:1 Mem:19.90M (Peak 20.10M) | Time:00:00.00 | Mem:0.00M, Peak:0.00M | Scene, ViewLayer | Updating Images | Loading armor-roughness
Fra:1 Mem:19.90M (Peak 20.10M) | Time:00:00.00 | Mem:0.00M, Peak:0.00M | Scene, ViewLayer | Updating Images | Loading armor-normal.002
Fra:1 Mem:51.94M (Peak 59.94M) | Time:00:00.04 | Mem:4.00M, Peak:4.00M | Scene, ViewLayer | Updating Images | Loading armor-basecolor.001
Fra:1 Mem:47.93M (Peak 59.94M) | Time:00:00.04 | Mem:8.00M, Peak:8.00M | Scene, ViewLayer | Updating Images | Loading armor-roughness.002
Fra:1 Mem:51.93M (Peak 59.94M) | Time:00:00.04 | Mem:12.00M, Peak:12.00M | Scene, ViewLayer | Updating Images | Loading armor-roughness.001
Fra:1 Mem:47.92M (Peak 59.94M) | Time:00:00.05 | Mem:16.00M, Peak:16.00M | Scene, ViewLayer | Updating Images | Loading armor-normal.001
Fra:1 Mem:51.92M (Peak 59.94M) | Time:00:00.06 | Mem:20.00M, Peak:20.00M | Scene, ViewLayer | Updating Images | Loading armor-basecolor.002
Fra:1 Mem:53.90M (Peak 71.94M) | Time:00:00.09 | Mem:36.00M, Peak:36.00M | Scene, ViewLayer | Waiting for render to start
Fra:1 Mem:53.90M (Peak 71.94M) | Time:00:00.09 | Mem:36.00M, Peak:36.00M | Scene, ViewLayer | Loading render kernels (may take a few minutes the first time)
Fra:1 Mem:53.90M (Peak 71.94M) | Time:00:00.09 | Mem:36.00M, Peak:36.00M | Scene, ViewLayer | Updating Scene
Fra:1 Mem:53.90M (Peak 71.94M) | Time:00:00.09 | Mem:36.00M, Peak:36.00M | Scene, ViewLayer | Updating Shaders
Fra:1 Mem:53.99M (Peak 71.94M) | Time:00:00.09 | Mem:36.01M, Peak:36.01M | Scene, ViewLayer | Updating Procedurals
Fra:1 Mem:53.99M (Peak 71.94M) | Time:00:00.09 | Mem:36.01M, Peak:36.01M | Scene, ViewLayer | Updating Background
Fra:1 Mem:53.99M (Peak 71.94M) | Time:00:00.09 | Mem:36.01M, Peak:36.01M | Scene, ViewLayer | Updating Camera
Fra:1 Mem:53.99M (Peak 71.94M) | Time:00:00.09 | Mem:36.01M, Peak:36.01M | Scene, ViewLayer | Updating Meshes Flags
Fra:1 Mem:53.99M (Peak 71.94M) | Time:00:00.09 | Mem:36.01M, Peak:36.01M | Scene, ViewLayer | Updating Objects
Fra:1 Mem:53.99M (Peak 71.94M) | Time:00:00.09 | Mem:36.01M, Peak:36.01M | Scene, ViewLayer | Updating Objects | Copying Transformations to device
Fra:1 Mem:54.00M (Peak 71.94M) | Time:00:00.09 | Mem:36.02M, Peak:36.02M | Scene, ViewLayer | Updating Objects | Applying Static Transformations
Fra:1 Mem:54.00M (Peak 71.94M) | Time:00:00.09 | Mem:36.02M, Peak:36.02M | Scene, ViewLayer | Updating Particle Systems
Fra:1 Mem:54.00M (Peak 71.94M) | Time:00:00.09 | Mem:36.02M, Peak:36.02M | Scene, ViewLayer | Updating Particle Systems | Copying Particles to device
Fra:1 Mem:54.00M (Peak 71.94M) | Time:00:00.09 | Mem:36.02M, Peak:36.02M | Scene, ViewLayer | Updating Meshes
Fra:1 Mem:54.01M (Peak 71.94M) | Time:00:00.09 | Mem:36.02M, Peak:36.02M | Scene, ViewLayer | Updating Mesh | Computing attributes
Fra:1 Mem:54.12M (Peak 71.94M) | Time:00:00.09 | Mem:36.02M, Peak:36.02M | Scene, ViewLayer | Updating Mesh | Copying Attributes to device
Fra:1 Mem:54.10M (Peak 71.94M) | Time:00:00.09 | Mem:36.10M, Peak:36.10M | Scene, ViewLayer | Updating Scene BVH | Building
Fra:1 Mem:54.10M (Peak 71.94M) | Time:00:00.09 | Mem:36.10M, Peak:36.10M | Scene, ViewLayer | Updating Scene BVH | Building BVH
Fra:1 Mem:54.10M (Peak 71.94M) | Time:00:00.09 | Mem:36.13M, Peak:36.13M | Scene, ViewLayer | Updating Scene BVH | Building BVH 0%
Fra:1 Mem:54.10M (Peak 71.94M) | Time:00:00.09 | Mem:36.16M, Peak:36.19M | Scene, ViewLayer | Updating Scene BVH | Copying BVH to device
Fra:1 Mem:54.10M (Peak 71.94M) | Time:00:00.09 | Mem:36.16M, Peak:36.19M | Scene, ViewLayer | Updating Mesh | Computing normals
Fra:1 Mem:54.19M (Peak 71.94M) | Time:00:00.09 | Mem:36.16M, Peak:36.19M | Scene, ViewLayer | Updating Mesh | Copying Mesh to device
Fra:1 Mem:54.19M (Peak 71.94M) | Time:00:00.09 | Mem:36.25M, Peak:36.25M | Scene, ViewLayer | Updating Objects Flags
Fra:1 Mem:54.19M (Peak 71.94M) | Time:00:00.09 | Mem:36.25M, Peak:36.25M | Scene, ViewLayer | Updating Primitive Offsets
Fra:1 Mem:54.19M (Peak 71.94M) | Time:00:00.09 | Mem:36.25M, Peak:36.25M | Scene, ViewLayer | Updating Images
Fra:1 Mem:54.19M (Peak 71.94M) | Time:00:00.09 | Mem:36.25M, Peak:36.25M | Scene, ViewLayer | Updating Camera Volume
Fra:1 Mem:54.19M (Peak 71.94M) | Time:00:00.09 | Mem:36.25M, Peak:36.25M | Scene, ViewLayer | Updating Lookup Tables
Fra:1 Mem:54.19M (Peak 71.94M) | Time:00:00.09 | Mem:36.33M, Peak:36.33M | Scene, ViewLayer | Updating Lights
Fra:1 Mem:54.19M (Peak 71.94M) | Time:00:00.09 | Mem:36.33M, Peak:36.33M | Scene, ViewLayer | Updating Lights | Computing tree
Fra:1 Mem:54.20M (Peak 71.94M) | Time:00:00.09 | Mem:36.34M, Peak:36.34M | Scene, ViewLayer | Updating Integrator
Fra:1 Mem:54.20M (Peak 71.94M) | Time:00:00.09 | Mem:36.34M, Peak:36.34M | Scene, ViewLayer | Updating Film
Fra:1 Mem:54.20M (Peak 71.94M) | Time:00:00.09 | Mem:36.26M, Peak:36.34M | Scene, ViewLayer | Updating Lookup Tables
Fra:1 Mem:54.20M (Peak 71.94M) | Time:00:00.09 | Mem:36.34M, Peak:36.34M | Scene, ViewLayer | Updating Baking
Fra:1 Mem:54.20M (Peak 71.94M) | Time:00:00.09 | Mem:36.34M, Peak:36.34M | Scene, ViewLayer | Updating Device | Writing constant memory
Fra:1 Mem:54.20M (Peak 71.94M) | Time:00:00.09 | Mem:36.34M, Peak:36.34M | Scene, ViewLayer | Sample 0/64
Fra:1 Mem:91.29M (Peak 91.29M) | Time:00:00.32 | Remaining:00:14.91 | Mem:73.43M, Peak:73.43M | Scene, ViewLayer | Sample 1/64
Fra:1 Mem:107.77M (Peak 140.73M) | Time:00:11.05 | Mem:73.43M, Peak:73.43M | Scene, ViewLayer | Sample 64/64
Fra:1 Mem:107.77M (Peak 140.73M) | Time:00:11.05 | Mem:73.43M, Peak:73.43M | Scene, ViewLayer | Finished
Saved: '/root/sidereal_spacetime/assets/art-library/framed-wayfarer/r005/family-02/renders/joined-bay.png'
Time: 00:11.32 (Saving: 00:00.26)

22:39:07 | INFO: Data are loaded, start creating Blender stuff
22:39:07 | INFO: Blender create Mesh node MESH-armor-block-f94c0ba2aa04f31fb6a5-closed-incoming-wrapped-b
22:39:07 | INFO: Blender create Mesh node MESH-armor-block-f94c0ba2aa04f31fb6a5-closed-outgoing-wrapped-b
22:39:07 | INFO: Blender create Mesh node MESH-armor-block-f94c0ba2aa04f31fb6a5-closed-solid-body
22:39:07 | INFO: Blender create Mesh node MESH-armor-block-f94c0ba2aa04f31fb6a5-cyan-flush-status-lens
22:39:07 | INFO: Blender create Mesh node MESH-armor-block-f94c0ba2aa04f31fb6a5-interchangeable-plain-fac
22:39:07 | INFO: Blender create Mesh node MESH-armor-block-f94c0ba2aa04f31fb6a5-lower-impact-rail-right
22:39:07 | INFO: Blender create Mesh node MESH-armor-block-f94c0ba2aa04f31fb6a5-lower-impact-rail-cut-poc
22:39:07 | INFO: Blender create Mesh node MESH-armor-block-f94c0ba2aa04f31fb6a5-lower-impact-rail-left
22:39:07 | INFO: Blender create Mesh node MESH-armor-block-f94c0ba2aa04f31fb6a5-pale-wrapped-connector-ou
22:39:07 | INFO: Blender create Mesh node MESH-armor-block-f94c0ba2aa04f31fb6a5-pale-wrapped-connector-in
22:39:07 | INFO: Blender create Mesh node MESH-armor-block-f94c0ba2aa04f31fb6a5-recess-shadow-seat
22:39:07 | INFO: Blender create Mesh node MESH-armor-block-f94c0ba2aa04f31fb6a5-upper-stepped-shoulder
22:39:07 | INFO: glTF import finished in 0.01s
Fra:1 Mem:14.23M (Peak 14.23M) | Time:00:00.00 | Mem:0.00M, Peak:0.00M | Scene, ViewLayer | Synchronizing object | EVIDENCE-structural-datum-250mm
Fra:1 Mem:14.23M (Peak 14.23M) | Time:00:00.00 | Mem:0.00M, Peak:0.00M | Scene, ViewLayer | Synchronizing object | GEO-armor-block-f94c0ba2aa04f31fb6a5--BACKING--closed-outgoing-
Fra:1 Mem:14.24M (Peak 14.24M) | Time:00:00.00 | Mem:0.00M, Peak:0.00M | Scene, ViewLayer | Synchronizing object | GEO-armor-block-f94c0ba2aa04f31fb6a5--BACKING--closed-solid-bod
Fra:1 Mem:14.24M (Peak 14.24M) | Time:00:00.00 | Mem:0.00M, Peak:0.00M | Scene, ViewLayer | Initializing
Fra:1 Mem:14.22M (Peak 14.24M) | Time:00:00.00 | Mem:0.00M, Peak:0.00M | Scene, ViewLayer | Updating Images | Loading armor-roughness
Fra:1 Mem:14.22M (Peak 14.24M) | Time:00:00.00 | Mem:0.00M, Peak:0.00M | Scene, ViewLayer | Updating Images | Loading armor-normal
Fra:1 Mem:25.83M (Peak 42.25M) | Time:00:00.04 | Mem:12.00M, Peak:12.00M | Scene, ViewLayer | Waiting for render to start
Fra:1 Mem:25.83M (Peak 42.25M) | Time:00:00.04 | Mem:12.00M, Peak:12.00M | Scene, ViewLayer | Loading render kernels (may take a few minutes the first time)
Fra:1 Mem:25.83M (Peak 42.25M) | Time:00:00.04 | Mem:12.00M, Peak:12.00M | Scene, ViewLayer | Updating Scene
Fra:1 Mem:25.83M (Peak 42.25M) | Time:00:00.04 | Mem:12.00M, Peak:12.00M | Scene, ViewLayer | Updating Shaders
Fra:1 Mem:25.92M (Peak 42.25M) | Time:00:00.04 | Mem:12.00M, Peak:12.00M | Scene, ViewLayer | Updating Procedurals
Fra:1 Mem:25.92M (Peak 42.25M) | Time:00:00.04 | Mem:12.00M, Peak:12.00M | Scene, ViewLayer | Updating Background
Fra:1 Mem:25.92M (Peak 42.25M) | Time:00:00.04 | Mem:12.00M, Peak:12.00M | Scene, ViewLayer | Updating Camera
Fra:1 Mem:25.92M (Peak 42.25M) | Time:00:00.04 | Mem:12.00M, Peak:12.00M | Scene, ViewLayer | Updating Meshes Flags
Fra:1 Mem:25.92M (Peak 42.25M) | Time:00:00.04 | Mem:12.00M, Peak:12.00M | Scene, ViewLayer | Updating Objects
Fra:1 Mem:25.92M (Peak 42.25M) | Time:00:00.04 | Mem:12.00M, Peak:12.00M | Scene, ViewLayer | Updating Objects | Copying Transformations to device
Fra:1 Mem:25.92M (Peak 42.25M) | Time:00:00.04 | Mem:12.00M, Peak:12.00M | Scene, ViewLayer | Updating Objects | Applying Static Transformations
Fra:1 Mem:25.92M (Peak 42.25M) | Time:00:00.04 | Mem:12.00M, Peak:12.00M | Scene, ViewLayer | Updating Particle Systems
Fra:1 Mem:25.92M (Peak 42.25M) | Time:00:00.04 | Mem:12.00M, Peak:12.00M | Scene, ViewLayer | Updating Particle Systems | Copying Particles to device
Fra:1 Mem:25.92M (Peak 42.25M) | Time:00:00.04 | Mem:12.00M, Peak:12.00M | Scene, ViewLayer | Updating Meshes
Fra:1 Mem:25.92M (Peak 42.25M) | Time:00:00.04 | Mem:12.00M, Peak:12.00M | Scene, ViewLayer | Updating Mesh | Computing attributes
Fra:1 Mem:25.92M (Peak 42.25M) | Time:00:00.04 | Mem:12.00M, Peak:12.00M | Scene, ViewLayer | Updating Mesh | Copying Attributes to device
Fra:1 Mem:25.92M (Peak 42.25M) | Time:00:00.04 | Mem:12.01M, Peak:12.01M | Scene, ViewLayer | Updating Scene BVH | Building
Fra:1 Mem:25.92M (Peak 42.25M) | Time:00:00.04 | Mem:12.01M, Peak:12.01M | Scene, ViewLayer | Updating Scene BVH | Building BVH
Fra:1 Mem:25.92M (Peak 42.25M) | Time:00:00.04 | Mem:12.01M, Peak:12.01M | Scene, ViewLayer | Updating Scene BVH | Building BVH 0%
Fra:1 Mem:25.92M (Peak 42.25M) | Time:00:00.04 | Mem:12.01M, Peak:12.01M | Scene, ViewLayer | Updating Scene BVH | Copying BVH to device
Fra:1 Mem:25.92M (Peak 42.25M) | Time:00:00.04 | Mem:12.01M, Peak:12.01M | Scene, ViewLayer | Updating Mesh | Computing normals
Fra:1 Mem:25.93M (Peak 42.25M) | Time:00:00.04 | Mem:12.01M, Peak:12.01M | Scene, ViewLayer | Updating Mesh | Copying Mesh to device
Fra:1 Mem:25.93M (Peak 42.25M) | Time:00:00.04 | Mem:12.02M, Peak:12.02M | Scene, ViewLayer | Updating Objects Flags
Fra:1 Mem:25.93M (Peak 42.25M) | Time:00:00.04 | Mem:12.02M, Peak:12.02M | Scene, ViewLayer | Updating Primitive Offsets
Fra:1 Mem:25.93M (Peak 42.25M) | Time:00:00.04 | Mem:12.02M, Peak:12.02M | Scene, ViewLayer | Updating Images
Fra:1 Mem:25.93M (Peak 42.25M) | Time:00:00.04 | Mem:12.02M, Peak:12.02M | Scene, ViewLayer | Updating Camera Volume
Fra:1 Mem:25.93M (Peak 42.25M) | Time:00:00.04 | Mem:12.02M, Peak:12.02M | Scene, ViewLayer | Updating Lookup Tables
Fra:1 Mem:25.93M (Peak 42.25M) | Time:00:00.04 | Mem:12.10M, Peak:12.10M | Scene, ViewLayer | Updating Lights
Fra:1 Mem:25.93M (Peak 42.25M) | Time:00:00.04 | Mem:12.10M, Peak:12.10M | Scene, ViewLayer | Updating Lights | Computing tree
Fra:1 Mem:25.93M (Peak 42.25M) | Time:00:00.04 | Mem:12.10M, Peak:12.10M | Scene, ViewLayer | Updating Integrator
Fra:1 Mem:25.93M (Peak 42.25M) | Time:00:00.04 | Mem:12.10M, Peak:12.10M | Scene, ViewLayer | Updating Film
Fra:1 Mem:25.93M (Peak 42.25M) | Time:00:00.04 | Mem:12.02M, Peak:12.10M | Scene, ViewLayer | Updating Lookup Tables
Fra:1 Mem:25.93M (Peak 42.25M) | Time:00:00.04 | Mem:12.10M, Peak:12.10M | Scene, ViewLayer | Updating Baking
Fra:1 Mem:25.93M (Peak 42.25M) | Time:00:00.04 | Mem:12.10M, Peak:12.10M | Scene, ViewLayer | Updating Device | Writing constant memory
Fra:1 Mem:25.93M (Peak 42.25M) | Time:00:00.04 | Mem:12.10M, Peak:12.10M | Scene, ViewLayer | Sample 0/64
Fra:1 Mem:63.03M (Peak 63.03M) | Time:00:00.28 | Remaining:00:14.65 | Mem:49.19M, Peak:49.19M | Scene, ViewLayer | Sample 1/64
Fra:1 Mem:79.51M (Peak 112.47M) | Time:00:09.05 | Mem:49.19M, Peak:49.19M | Scene, ViewLayer | Sample 64/64
Fra:1 Mem:79.51M (Peak 112.47M) | Time:00:09.05 | Mem:49.19M, Peak:49.19M | Scene, ViewLayer | Finished
Saved: '/root/sidereal_spacetime/assets/art-library/framed-wayfarer/r005/family-02/renders/solid-section.png'
Time: 00:09.22 (Saving: 00:00.16)

22:39:16 | INFO: Data are loaded, start creating Blender stuff
22:39:16 | INFO: Blender create Mesh node MESH-armor-block-f94c0ba2aa04f31fb6a5-closed-incoming-wrapped-b
22:39:16 | INFO: Blender create Mesh node MESH-armor-block-f94c0ba2aa04f31fb6a5-closed-outgoing-wrapped-b
22:39:16 | INFO: Blender create Mesh node MESH-armor-block-f94c0ba2aa04f31fb6a5-closed-solid-body
22:39:16 | INFO: Blender create Mesh node MESH-armor-block-f94c0ba2aa04f31fb6a5-cyan-flush-status-lens
22:39:16 | INFO: Blender create Mesh node MESH-armor-block-f94c0ba2aa04f31fb6a5-interchangeable-plain-fac
22:39:16 | INFO: Blender create Mesh node MESH-armor-block-f94c0ba2aa04f31fb6a5-lower-impact-rail-right
22:39:16 | INFO: Blender create Mesh node MESH-armor-block-f94c0ba2aa04f31fb6a5-lower-impact-rail-cut-poc
22:39:16 | INFO: Blender create Mesh node MESH-armor-block-f94c0ba2aa04f31fb6a5-lower-impact-rail-left
22:39:16 | INFO: Blender create Mesh node MESH-armor-block-f94c0ba2aa04f31fb6a5-pale-wrapped-connector-ou
22:39:16 | INFO: Blender create Mesh node MESH-armor-block-f94c0ba2aa04f31fb6a5-pale-wrapped-connector-in
22:39:16 | INFO: Blender create Mesh node MESH-armor-block-f94c0ba2aa04f31fb6a5-recess-shadow-seat
22:39:16 | INFO: Blender create Mesh node MESH-armor-block-f94c0ba2aa04f31fb6a5-upper-stepped-shoulder
22:39:16 | INFO: glTF import finished in 0.01s
Fra:1 Mem:14.52M (Peak 14.52M) | Time:00:00.00 | Mem:0.00M, Peak:0.00M | Scene, ViewLayer | Synchronizing object | EVIDENCE-structural-datum-250mm
Fra:1 Mem:14.52M (Peak 14.52M) | Time:00:00.00 | Mem:0.00M, Peak:0.00M | Scene, ViewLayer | Synchronizing object | GEO-armor-block-f94c0ba2aa04f31fb6a5--BACKING--closed-outgoing-
Fra:1 Mem:14.52M (Peak 14.52M) | Time:00:00.00 | Mem:0.00M, Peak:0.00M | Scene, ViewLayer | Synchronizing object | GEO-armor-block-f94c0ba2aa04f31fb6a5--FINISH--upper-stepped-sho
Fra:1 Mem:14.54M (Peak 14.54M) | Time:00:00.00 | Mem:0.00M, Peak:0.00M | Scene, ViewLayer | Synchronizing object | GEO-armor-block-f94c0ba2aa04f31fb6a5--BACKING--closed-solid-bod
Fra:1 Mem:14.55M (Peak 14.55M) | Time:00:00.00 | Mem:0.00M, Peak:0.00M | Scene, ViewLayer | Synchronizing object | GEO-armor-block-f94c0ba2aa04f31fb6a5--FINISH--cyan-flush-status
Fra:1 Mem:14.55M (Peak 14.55M) | Time:00:00.00 | Mem:0.00M, Peak:0.00M | Scene, ViewLayer | Synchronizing object | GEO-armor-block-f94c0ba2aa04f31fb6a5--FINISH--interchangeable-p
Fra:1 Mem:14.55M (Peak 14.55M) | Time:00:00.00 | Mem:0.00M, Peak:0.00M | Scene, ViewLayer | Synchronizing object | GEO-armor-block-f94c0ba2aa04f31fb6a5--FINISH--lower-impact-
Fra:1 Mem:14.56M (Peak 14.56M) | Time:00:00.00 | Mem:0.00M, Peak:0.00M | Scene, ViewLayer | Synchronizing object | GEO-armor-block-f94c0ba2aa04f31fb6a5--FINISH--recess-shadow-sea
Fra:1 Mem:14.56M (Peak 14.56M) | Time:00:00.00 | Mem:0.00M, Peak:0.00M | Scene, ViewLayer | Synchronizing object | GEO-armor-block-f94c0ba2aa04f31fb6a5--FINISH--lower-impact-.001
Fra:1 Mem:14.57M (Peak 14.57M) | Time:00:00.00 | Mem:0.00M, Peak:0.00M | Scene, ViewLayer | Synchronizing object | GEO-armor-block-f94c0ba2aa04f31fb6a5--FINISH--pale-wrapped-
Fra:1 Mem:14.59M (Peak 14.59M) | Time:00:00.00 | Mem:0.00M, Peak:0.00M | Scene, ViewLayer | Synchronizing object | GEO-armor-block-f94c0ba2aa04f31fb6a5--FINISH--pale-wrapped-conn
Fra:1 Mem:14.58M (Peak 14.59M) | Time:00:00.00 | Mem:0.00M, Peak:0.00M | Scene, ViewLayer | Initializing
Fra:1 Mem:14.53M (Peak 14.59M) | Time:00:00.00 | Mem:0.00M, Peak:0.00M | Scene, ViewLayer | Updating Images | Loading armor-normal
Fra:1 Mem:14.53M (Peak 14.59M) | Time:00:00.00 | Mem:0.00M, Peak:0.00M | Scene, ViewLayer | Updating Images | Loading armor-roughness
Fra:1 Mem:25.85M (Peak 50.56M) | Time:00:00.05 | Mem:12.00M, Peak:12.00M | Scene, ViewLayer | Waiting for render to start
Fra:1 Mem:25.85M (Peak 50.56M) | Time:00:00.05 | Mem:12.00M, Peak:12.00M | Scene, ViewLayer | Loading render kernels (may take a few minutes the first time)
Fra:1 Mem:25.85M (Peak 50.56M) | Time:00:00.05 | Mem:12.00M, Peak:12.00M | Scene, ViewLayer | Updating Scene
Fra:1 Mem:25.85M (Peak 50.56M) | Time:00:00.05 | Mem:12.00M, Peak:12.00M | Scene, ViewLayer | Updating Shaders
Fra:1 Mem:25.93M (Peak 50.56M) | Time:00:00.05 | Mem:12.00M, Peak:12.00M | Scene, ViewLayer | Updating Procedurals
Fra:1 Mem:25.93M (Peak 50.56M) | Time:00:00.05 | Mem:12.00M, Peak:12.00M | Scene, ViewLayer | Updating Background
Fra:1 Mem:25.93M (Peak 50.56M) | Time:00:00.05 | Mem:12.00M, Peak:12.00M | Scene, ViewLayer | Updating Camera
Fra:1 Mem:25.93M (Peak 50.56M) | Time:00:00.05 | Mem:12.00M, Peak:12.00M | Scene, ViewLayer | Updating Meshes Flags
Fra:1 Mem:25.93M (Peak 50.56M) | Time:00:00.05 | Mem:12.00M, Peak:12.00M | Scene, ViewLayer | Updating Objects
Fra:1 Mem:25.93M (Peak 50.56M) | Time:00:00.05 | Mem:12.00M, Peak:12.00M | Scene, ViewLayer | Updating Objects | Copying Transformations to device
Fra:1 Mem:25.94M (Peak 50.56M) | Time:00:00.05 | Mem:12.01M, Peak:12.01M | Scene, ViewLayer | Updating Objects | Applying Static Transformations
Fra:1 Mem:25.94M (Peak 50.56M) | Time:00:00.05 | Mem:12.01M, Peak:12.01M | Scene, ViewLayer | Updating Particle Systems
Fra:1 Mem:25.94M (Peak 50.56M) | Time:00:00.05 | Mem:12.01M, Peak:12.01M | Scene, ViewLayer | Updating Particle Systems | Copying Particles to device
Fra:1 Mem:25.94M (Peak 50.56M) | Time:00:00.05 | Mem:12.01M, Peak:12.01M | Scene, ViewLayer | Updating Meshes
Fra:1 Mem:25.94M (Peak 50.56M) | Time:00:00.05 | Mem:12.01M, Peak:12.01M | Scene, ViewLayer | Updating Mesh | Computing attributes
Fra:1 Mem:25.97M (Peak 50.56M) | Time:00:00.05 | Mem:12.01M, Peak:12.01M | Scene, ViewLayer | Updating Mesh | Copying Attributes to device
Fra:1 Mem:25.97M (Peak 50.56M) | Time:00:00.05 | Mem:12.03M, Peak:12.03M | Scene, ViewLayer | Updating Scene BVH | Building
Fra:1 Mem:25.97M (Peak 50.56M) | Time:00:00.05 | Mem:12.03M, Peak:12.03M | Scene, ViewLayer | Updating Scene BVH | Building BVH
Fra:1 Mem:25.97M (Peak 50.56M) | Time:00:00.05 | Mem:12.04M, Peak:12.04M | Scene, ViewLayer | Updating Scene BVH | Building BVH 0%
Fra:1 Mem:25.97M (Peak 50.56M) | Time:00:00.05 | Mem:12.05M, Peak:12.06M | Scene, ViewLayer | Updating Scene BVH | Copying BVH to device
Fra:1 Mem:25.97M (Peak 50.56M) | Time:00:00.05 | Mem:12.05M, Peak:12.06M | Scene, ViewLayer | Updating Mesh | Computing normals
Fra:1 Mem:25.99M (Peak 50.56M) | Time:00:00.05 | Mem:12.05M, Peak:12.06M | Scene, ViewLayer | Updating Mesh | Copying Mesh to device
Fra:1 Mem:25.99M (Peak 50.56M) | Time:00:00.05 | Mem:12.08M, Peak:12.08M | Scene, ViewLayer | Updating Objects Flags
Fra:1 Mem:25.99M (Peak 50.56M) | Time:00:00.05 | Mem:12.08M, Peak:12.08M | Scene, ViewLayer | Updating Primitive Offsets
Fra:1 Mem:25.99M (Peak 50.56M) | Time:00:00.05 | Mem:12.08M, Peak:12.08M | Scene, ViewLayer | Updating Images
Fra:1 Mem:25.99M (Peak 50.56M) | Time:00:00.05 | Mem:12.08M, Peak:12.08M | Scene, ViewLayer | Updating Camera Volume
Fra:1 Mem:25.99M (Peak 50.56M) | Time:00:00.05 | Mem:12.08M, Peak:12.08M | Scene, ViewLayer | Updating Lookup Tables
Fra:1 Mem:25.99M (Peak 50.56M) | Time:00:00.05 | Mem:12.16M, Peak:12.16M | Scene, ViewLayer | Updating Lights
Fra:1 Mem:25.99M (Peak 50.56M) | Time:00:00.05 | Mem:12.16M, Peak:12.16M | Scene, ViewLayer | Updating Lights | Computing tree
Fra:1 Mem:25.99M (Peak 50.56M) | Time:00:00.05 | Mem:12.16M, Peak:12.16M | Scene, ViewLayer | Updating Integrator
Fra:1 Mem:25.99M (Peak 50.56M) | Time:00:00.05 | Mem:12.16M, Peak:12.16M | Scene, ViewLayer | Updating Film
Fra:1 Mem:26.00M (Peak 50.56M) | Time:00:00.05 | Mem:12.08M, Peak:12.16M | Scene, ViewLayer | Updating Lookup Tables
Fra:1 Mem:26.00M (Peak 50.56M) | Time:00:00.05 | Mem:12.17M, Peak:12.17M | Scene, ViewLayer | Updating Baking
Fra:1 Mem:26.00M (Peak 50.56M) | Time:00:00.05 | Mem:12.17M, Peak:12.17M | Scene, ViewLayer | Updating Device | Writing constant memory
Fra:1 Mem:26.00M (Peak 50.56M) | Time:00:00.05 | Mem:12.17M, Peak:12.17M | Scene, ViewLayer | Sample 0/64
Fra:1 Mem:63.09M (Peak 63.09M) | Time:00:00.28 | Remaining:00:14.90 | Mem:49.26M, Peak:49.26M | Scene, ViewLayer | Sample 1/64
Fra:1 Mem:79.57M (Peak 112.53M) | Time:00:09.65 | Mem:49.26M, Peak:49.26M | Scene, ViewLayer | Sample 64/64
Fra:1 Mem:79.57M (Peak 112.53M) | Time:00:09.65 | Mem:49.26M, Peak:49.26M | Scene, ViewLayer | Finished
Saved: '/root/sidereal_spacetime/assets/art-library/framed-wayfarer/r005/family-02/renders/exploded-section.png'
Time: 00:09.82 (Saving: 00:00.16)

22:39:26 | INFO: Data are loaded, start creating Blender stuff
22:39:26 | INFO: Blender create Mesh node MESH-armor-block-9ca59f6db637d3afceb9-closed-incoming-wrapped-b
22:39:26 | INFO: Blender create Mesh node MESH-armor-block-9ca59f6db637d3afceb9-closed-outgoing-wrapped-b
22:39:26 | INFO: Blender create Mesh node MESH-armor-block-9ca59f6db637d3afceb9-closed-solid-body
22:39:26 | INFO: Blender create Mesh node MESH-armor-block-9ca59f6db637d3afceb9-cyan-flush-status-lens
22:39:26 | INFO: Blender create Mesh node MESH-armor-block-9ca59f6db637d3afceb9-interchangeable-plain-fac
22:39:26 | INFO: Blender create Mesh node MESH-armor-block-9ca59f6db637d3afceb9-lower-impact-rail-right
22:39:26 | INFO: Blender create Mesh node MESH-armor-block-9ca59f6db637d3afceb9-lower-impact-rail-cut-poc
22:39:26 | INFO: Blender create Mesh node MESH-armor-block-9ca59f6db637d3afceb9-lower-impact-rail-left
22:39:26 | INFO: Blender create Mesh node MESH-armor-block-9ca59f6db637d3afceb9-pale-wrapped-connector-ou
22:39:26 | INFO: Blender create Mesh node MESH-armor-block-9ca59f6db637d3afceb9-pale-wrapped-connector-in
22:39:26 | INFO: Blender create Mesh node MESH-armor-block-9ca59f6db637d3afceb9-recess-shadow-seat
22:39:26 | INFO: Blender create Mesh node MESH-armor-block-9ca59f6db637d3afceb9-upper-stepped-shoulder
22:39:26 | INFO: glTF import finished in 0.01s
22:39:26 | INFO: Data are loaded, start creating Blender stuff
22:39:26 | INFO: Blender create Mesh node MESH-armor-block-70b34597548b284a0a7f-closed-junction-wedge
22:39:26 | INFO: Blender create Mesh node MESH-armor-block-70b34597548b284a0a7f-junction-lower-navy-shoe
22:39:26 | INFO: Blender create Mesh node MESH-armor-block-70b34597548b284a0a7f-junction-upper-navy-shoul
22:39:26 | INFO: Blender create Mesh node MESH-armor-block-70b34597548b284a0a7f-junction-wrapped-pale-con
22:39:26 | INFO: glTF import finished in 0.00s
22:39:26 | INFO: Data are loaded, start creating Blender stuff
22:39:26 | INFO: Blender create Mesh node MESH-armor-block-cd2f17ea0cf58cb60b7f-closed-incoming-wrapped-b
22:39:26 | INFO: Blender create Mesh node MESH-armor-block-cd2f17ea0cf58cb60b7f-closed-outgoing-wrapped-b
22:39:26 | INFO: Blender create Mesh node MESH-armor-block-cd2f17ea0cf58cb60b7f-closed-solid-body
22:39:26 | INFO: Blender create Mesh node MESH-armor-block-cd2f17ea0cf58cb60b7f-cyan-flush-status-lens
22:39:26 | INFO: Blender create Mesh node MESH-armor-block-cd2f17ea0cf58cb60b7f-deep-vent-louver-1
22:39:26 | INFO: Blender create Mesh node MESH-armor-block-cd2f17ea0cf58cb60b7f-deep-vent-louver-0
22:39:26 | INFO: Blender create Mesh node MESH-armor-block-cd2f17ea0cf58cb60b7f-interchangeable-vent-face
22:39:26 | INFO: Blender create Mesh node MESH-armor-block-cd2f17ea0cf58cb60b7f-lower-impact-rail-right
22:39:26 | INFO: Blender create Mesh node MESH-armor-block-cd2f17ea0cf58cb60b7f-lower-impact-rail-cut-poc
22:39:26 | INFO: Blender create Mesh node MESH-armor-block-cd2f17ea0cf58cb60b7f-lower-impact-rail-left
22:39:26 | INFO: Blender create Mesh node MESH-armor-block-cd2f17ea0cf58cb60b7f-pale-wrapped-connector-ou
22:39:26 | INFO: Blender create Mesh node MESH-armor-block-cd2f17ea0cf58cb60b7f-pale-wrapped-connector-in
22:39:26 | INFO: Blender create Mesh node MESH-armor-block-cd2f17ea0cf58cb60b7f-recess-shadow-seat
22:39:26 | INFO: Blender create Mesh node MESH-armor-block-cd2f17ea0cf58cb60b7f-upper-stepped-shoulder
22:39:26 | INFO: Blender create Mesh node MESH-armor-block-cd2f17ea0cf58cb60b7f-vent-dark-well
22:39:26 | INFO: glTF import finished in 0.01s
Fra:1 Mem:18.56M (Peak 18.56M) | Time:00:00.00 | Mem:0.00M, Peak:0.00M | Scene, ViewLayer | Synchronizing object | GEO-armor-block-9ca59f6db637d3afceb9--BACKING--closed-incoming-
Fra:1 Mem:18.57M (Peak 18.57M) | Time:00:00.00 | Mem:0.00M, Peak:0.00M | Scene, ViewLayer | Synchronizing object | GEO-armor-block-9ca59f6db637d3afceb9--BACKING--closed-outgoing-
Fra:1 Mem:18.58M (Peak 18.58M) | Time:00:00.00 | Mem:0.00M, Peak:0.00M | Scene, ViewLayer | Synchronizing object | GEO-armor-block-9ca59f6db637d3afceb9--BACKING--closed-solid-bod
Fra:1 Mem:18.58M (Peak 18.58M) | Time:00:00.00 | Mem:0.00M, Peak:0.00M | Scene, ViewLayer | Synchronizing object | GEO-armor-block-cd2f17ea0cf58cb60b7f--FINISH--vent-dark-well
Fra:1 Mem:18.58M (Peak 18.58M) | Time:00:00.00 | Mem:0.00M, Peak:0.00M | Scene, ViewLayer | Synchronizing object | GEO-armor-block-9ca59f6db637d3afceb9--FINISH--lower-impact-
Fra:1 Mem:18.60M (Peak 18.60M) | Time:00:00.00 | Mem:0.00M, Peak:0.00M | Scene, ViewLayer | Synchronizing object | GEO-armor-block-9ca59f6db637d3afceb9--FINISH--lower-impact-.001
Fra:1 Mem:18.60M (Peak 18.60M) | Time:00:00.00 | Mem:0.00M, Peak:0.00M | Scene, ViewLayer | Synchronizing object | GEO-armor-block-cd2f17ea0cf58cb60b7f--FINISH--upper-stepped-sho
Fra:1 Mem:18.62M (Peak 18.62M) | Time:00:00.00 | Mem:0.00M, Peak:0.00M | Scene, ViewLayer | Synchronizing object | GEO-armor-block-9ca59f6db637d3afceb9--FINISH--lower-impact-rail
Fra:1 Mem:18.62M (Peak 18.62M) | Time:00:00.00 | Mem:0.00M, Peak:0.00M | Scene, ViewLayer | Synchronizing object | GEO-armor-block-cd2f17ea0cf58cb60b7f--FINISH--recess-shadow-sea
Fra:1 Mem:18.62M (Peak 18.62M) | Time:00:00.00 | Mem:0.00M, Peak:0.00M | Scene, ViewLayer | Synchronizing object | GEO-armor-block-9ca59f6db637d3afceb9--FINISH--pale-wrapped-
Fra:1 Mem:18.62M (Peak 18.62M) | Time:00:00.00 | Mem:0.00M, Peak:0.00M | Scene, ViewLayer | Synchronizing object | GEO-armor-block-cd2f17ea0cf58cb60b7f--FINISH--pale-wrapped-conn
Fra:1 Mem:18.64M (Peak 18.64M) | Time:00:00.00 | Mem:0.00M, Peak:0.00M | Scene, ViewLayer | Synchronizing object | GEO-armor-block-9ca59f6db637d3afceb9--FINISH--recess-shadow-sea
Fra:1 Mem:18.65M (Peak 18.65M) | Time:00:00.00 | Mem:0.00M, Peak:0.00M | Scene, ViewLayer | Synchronizing object | GEO-armor-block-9ca59f6db637d3afceb9--FINISH--upper-stepped-sho
Fra:1 Mem:18.65M (Peak 18.65M) | Time:00:00.00 | Mem:0.00M, Peak:0.00M | Scene, ViewLayer | Synchronizing object | GEO-armor-block-70b34597548b284a0a7f--BACKING--closed-junction-
Fra:1 Mem:18.67M (Peak 18.67M) | Time:00:00.00 | Mem:0.00M, Peak:0.00M | Scene, ViewLayer | Synchronizing object | GEO-armor-block-cd2f17ea0cf58cb60b7f--FINISH--pale-wrapped-
Fra:1 Mem:18.66M (Peak 18.67M) | Time:00:00.00 | Mem:0.00M, Peak:0.00M | Scene, ViewLayer | Synchronizing object | GEO-armor-block-70b34597548b284a0a7f--FINISH--junction-upper-na
Fra:1 Mem:18.66M (Peak 18.67M) | Time:00:00.00 | Mem:0.00M, Peak:0.00M | Scene, ViewLayer | Synchronizing object | GEO-armor-block-70b34597548b284a0a7f--FINISH--junction-wrapped-
Fra:1 Mem:18.69M (Peak 18.69M) | Time:00:00.00 | Mem:0.00M, Peak:0.00M | Scene, ViewLayer | Synchronizing object | GEO-armor-block-cd2f17ea0cf58cb60b7f--FINISH--lower-impact-rail
Fra:1 Mem:18.70M (Peak 18.70M) | Time:00:00.00 | Mem:0.00M, Peak:0.00M | Scene, ViewLayer | Synchronizing object | GEO-armor-block-cd2f17ea0cf58cb60b7f--BACKING--closed-incoming-
Fra:1 Mem:18.70M (Peak 18.70M) | Time:00:00.00 | Mem:0.00M, Peak:0.00M | Scene, ViewLayer | Synchronizing object | GEO-armor-block-cd2f17ea0cf58cb60b7f--BACKING--closed-solid-bod
Fra:1 Mem:18.69M (Peak 18.70M) | Time:00:00.00 | Mem:0.00M, Peak:0.00M | Scene, ViewLayer | Synchronizing object | GEO-armor-block-cd2f17ea0cf58cb60b7f--FINISH--cyan-flush-status
Fra:1 Mem:18.71M (Peak 18.71M) | Time:00:00.00 | Mem:0.00M, Peak:0.00M | Scene, ViewLayer | Synchronizing object | GEO-armor-block-cd2f17ea0cf58cb60b7f--FINISH--deep-vent-lou
Fra:1 Mem:18.72M (Peak 18.72M) | Time:00:00.00 | Mem:0.00M, Peak:0.00M | Scene, ViewLayer | Synchronizing object | GEO-armor-block-cd2f17ea0cf58cb60b7f--FINISH--interchangeable-v
Fra:1 Mem:18.71M (Peak 18.72M) | Time:00:00.00 | Mem:0.00M, Peak:0.00M | Scene, ViewLayer | Synchronizing object | GEO-armor-block-cd2f17ea0cf58cb60b7f--FINISH--lower-impact-
Fra:1 Mem:18.72M (Peak 18.72M) | Time:00:00.00 | Mem:0.00M, Peak:0.00M | Scene, ViewLayer | Initializing
Fra:1 Mem:18.60M (Peak 18.72M) | Time:00:00.00 | Mem:0.00M, Peak:0.00M | Scene, ViewLayer | Updating Images | Loading armor-normal
Fra:1 Mem:50.63M (Peak 58.63M) | Time:00:00.02 | Mem:4.00M, Peak:4.00M | Scene, ViewLayer | Updating Images | Loading armor-roughness.002
Fra:1 Mem:38.61M (Peak 58.63M) | Time:00:00.02 | Mem:12.00M, Peak:12.00M | Scene, ViewLayer | Updating Images | Loading armor-basecolor.001
Fra:1 Mem:38.61M (Peak 58.63M) | Time:00:00.02 | Mem:12.00M, Peak:12.00M | Scene, ViewLayer | Updating Images | Loading armor-roughness.001
Fra:1 Mem:54.62M (Peak 62.64M) | Time:00:00.03 | Mem:16.00M, Peak:16.00M | Scene, ViewLayer | Updating Images | Loading armor-basecolor.002
Fra:1 Mem:54.62M (Peak 62.64M) | Time:00:00.03 | Mem:20.00M, Peak:20.00M | Scene, ViewLayer | Updating Images | Loading armor-normal.001
Fra:1 Mem:53.12M (Peak 66.64M) | Time:00:00.10 | Mem:36.00M, Peak:36.00M | Scene, ViewLayer | Waiting for render to start
Fra:1 Mem:53.12M (Peak 66.64M) | Time:00:00.10 | Mem:36.00M, Peak:36.00M | Scene, ViewLayer | Loading render kernels (may take a few minutes the first time)
Fra:1 Mem:53.12M (Peak 66.64M) | Time:00:00.10 | Mem:36.00M, Peak:36.00M | Scene, ViewLayer | Updating Scene
Fra:1 Mem:53.12M (Peak 66.64M) | Time:00:00.10 | Mem:36.00M, Peak:36.00M | Scene, ViewLayer | Updating Shaders
Fra:1 Mem:53.20M (Peak 66.64M) | Time:00:00.10 | Mem:36.00M, Peak:36.00M | Scene, ViewLayer | Updating Procedurals
Fra:1 Mem:53.20M (Peak 66.64M) | Time:00:00.10 | Mem:36.00M, Peak:36.00M | Scene, ViewLayer | Updating Background
Fra:1 Mem:53.20M (Peak 66.64M) | Time:00:00.10 | Mem:36.00M, Peak:36.00M | Scene, ViewLayer | Updating Camera
Fra:1 Mem:53.20M (Peak 66.64M) | Time:00:00.10 | Mem:36.00M, Peak:36.00M | Scene, ViewLayer | Updating Meshes Flags
Fra:1 Mem:53.20M (Peak 66.64M) | Time:00:00.10 | Mem:36.00M, Peak:36.00M | Scene, ViewLayer | Updating Objects
Fra:1 Mem:53.20M (Peak 66.64M) | Time:00:00.10 | Mem:36.00M, Peak:36.00M | Scene, ViewLayer | Updating Objects | Copying Transformations to device
Fra:1 Mem:53.21M (Peak 66.64M) | Time:00:00.10 | Mem:36.01M, Peak:36.01M | Scene, ViewLayer | Updating Objects | Applying Static Transformations
Fra:1 Mem:53.21M (Peak 66.64M) | Time:00:00.10 | Mem:36.01M, Peak:36.01M | Scene, ViewLayer | Updating Particle Systems
Fra:1 Mem:53.21M (Peak 66.64M) | Time:00:00.10 | Mem:36.01M, Peak:36.01M | Scene, ViewLayer | Updating Particle Systems | Copying Particles to device
Fra:1 Mem:53.21M (Peak 66.64M) | Time:00:00.10 | Mem:36.01M, Peak:36.01M | Scene, ViewLayer | Updating Meshes
Fra:1 Mem:53.22M (Peak 66.64M) | Time:00:00.10 | Mem:36.01M, Peak:36.01M | Scene, ViewLayer | Updating Mesh | Computing attributes
Fra:1 Mem:53.30M (Peak 66.64M) | Time:00:00.10 | Mem:36.02M, Peak:36.02M | Scene, ViewLayer | Updating Mesh | Copying Attributes to device
Fra:1 Mem:53.29M (Peak 66.64M) | Time:00:00.10 | Mem:36.08M, Peak:36.08M | Scene, ViewLayer | Updating Scene BVH | Building
Fra:1 Mem:53.29M (Peak 66.64M) | Time:00:00.10 | Mem:36.08M, Peak:36.08M | Scene, ViewLayer | Updating Scene BVH | Building BVH
Fra:1 Mem:53.29M (Peak 66.64M) | Time:00:00.10 | Mem:36.10M, Peak:36.10M | Scene, ViewLayer | Updating Scene BVH | Building BVH 0%
Fra:1 Mem:53.29M (Peak 66.64M) | Time:00:00.10 | Mem:36.12M, Peak:36.14M | Scene, ViewLayer | Updating Scene BVH | Copying BVH to device
Fra:1 Mem:53.29M (Peak 66.64M) | Time:00:00.10 | Mem:36.12M, Peak:36.14M | Scene, ViewLayer | Updating Mesh | Computing normals
Fra:1 Mem:53.35M (Peak 66.64M) | Time:00:00.10 | Mem:36.12M, Peak:36.14M | Scene, ViewLayer | Updating Mesh | Copying Mesh to device
Fra:1 Mem:53.35M (Peak 66.64M) | Time:00:00.10 | Mem:36.19M, Peak:36.19M | Scene, ViewLayer | Updating Objects Flags
Fra:1 Mem:53.35M (Peak 66.64M) | Time:00:00.10 | Mem:36.19M, Peak:36.19M | Scene, ViewLayer | Updating Primitive Offsets
Fra:1 Mem:53.35M (Peak 66.64M) | Time:00:00.10 | Mem:36.19M, Peak:36.19M | Scene, ViewLayer | Updating Images
Fra:1 Mem:53.35M (Peak 66.64M) | Time:00:00.10 | Mem:36.19M, Peak:36.19M | Scene, ViewLayer | Updating Camera Volume
Fra:1 Mem:53.35M (Peak 66.64M) | Time:00:00.10 | Mem:36.19M, Peak:36.19M | Scene, ViewLayer | Updating Lookup Tables
Fra:1 Mem:53.35M (Peak 66.64M) | Time:00:00.10 | Mem:36.27M, Peak:36.27M | Scene, ViewLayer | Updating Lights
Fra:1 Mem:53.35M (Peak 66.64M) | Time:00:00.10 | Mem:36.27M, Peak:36.27M | Scene, ViewLayer | Updating Lights | Computing tree
Fra:1 Mem:53.36M (Peak 66.64M) | Time:00:00.10 | Mem:36.27M, Peak:36.27M | Scene, ViewLayer | Updating Integrator
Fra:1 Mem:53.36M (Peak 66.64M) | Time:00:00.10 | Mem:36.27M, Peak:36.27M | Scene, ViewLayer | Updating Film
Fra:1 Mem:53.36M (Peak 66.64M) | Time:00:00.10 | Mem:36.19M, Peak:36.27M | Scene, ViewLayer | Updating Lookup Tables
Fra:1 Mem:53.36M (Peak 66.64M) | Time:00:00.10 | Mem:36.28M, Peak:36.28M | Scene, ViewLayer | Updating Baking
Fra:1 Mem:53.36M (Peak 66.64M) | Time:00:00.10 | Mem:36.28M, Peak:36.28M | Scene, ViewLayer | Updating Device | Writing constant memory
Fra:1 Mem:53.36M (Peak 66.64M) | Time:00:00.10 | Mem:36.28M, Peak:36.28M | Scene, ViewLayer | Sample 0/64
Fra:1 Mem:90.45M (Peak 90.45M) | Time:00:00.27 | Remaining:00:10.52 | Mem:73.37M, Peak:73.37M | Scene, ViewLayer | Sample 1/64
Fra:1 Mem:106.94M (Peak 139.90M) | Time:00:09.59 | Mem:73.37M, Peak:73.37M | Scene, ViewLayer | Sample 64/64
Fra:1 Mem:106.94M (Peak 139.90M) | Time:00:09.59 | Mem:73.37M, Peak:73.37M | Scene, ViewLayer | Finished
Saved: '/root/sidereal_spacetime/assets/art-library/framed-wayfarer/r005/family-02/renders/convex-45-half-height.png'
Time: 00:09.70 (Saving: 00:00.10)

22:39:35 | INFO: Data are loaded, start creating Blender stuff
22:39:35 | INFO: Blender create Mesh node MESH-armor-block-f94c0ba2aa04f31fb6a5-closed-incoming-wrapped-b
22:39:35 | INFO: Blender create Mesh node MESH-armor-block-f94c0ba2aa04f31fb6a5-closed-outgoing-wrapped-b
22:39:35 | INFO: Blender create Mesh node MESH-armor-block-f94c0ba2aa04f31fb6a5-closed-solid-body
22:39:35 | INFO: Blender create Mesh node MESH-armor-block-f94c0ba2aa04f31fb6a5-cyan-flush-status-lens
22:39:35 | INFO: Blender create Mesh node MESH-armor-block-f94c0ba2aa04f31fb6a5-interchangeable-plain-fac
22:39:35 | INFO: Blender create Mesh node MESH-armor-block-f94c0ba2aa04f31fb6a5-lower-impact-rail-right
22:39:35 | INFO: Blender create Mesh node MESH-armor-block-f94c0ba2aa04f31fb6a5-lower-impact-rail-cut-poc
22:39:35 | INFO: Blender create Mesh node MESH-armor-block-f94c0ba2aa04f31fb6a5-lower-impact-rail-left
22:39:35 | INFO: Blender create Mesh node MESH-armor-block-f94c0ba2aa04f31fb6a5-pale-wrapped-connector-ou
22:39:35 | INFO: Blender create Mesh node MESH-armor-block-f94c0ba2aa04f31fb6a5-pale-wrapped-connector-in
22:39:35 | INFO: Blender create Mesh node MESH-armor-block-f94c0ba2aa04f31fb6a5-recess-shadow-seat
22:39:35 | INFO: Blender create Mesh node MESH-armor-block-f94c0ba2aa04f31fb6a5-upper-stepped-shoulder
22:39:35 | INFO: glTF import finished in 0.01s
22:39:35 | INFO: Data are loaded, start creating Blender stuff
22:39:35 | INFO: Blender create Mesh node MESH-armor-block-1676c64748013f376c0a-closed-junction-wedge
22:39:35 | INFO: Blender create Mesh node MESH-armor-block-1676c64748013f376c0a-junction-lower-navy-shoe
22:39:35 | INFO: Blender create Mesh node MESH-armor-block-1676c64748013f376c0a-junction-upper-navy-shoul
22:39:35 | INFO: Blender create Mesh node MESH-armor-block-1676c64748013f376c0a-junction-wrapped-pale-con
22:39:35 | INFO: glTF import finished in 0.00s
22:39:35 | INFO: Data are loaded, start creating Blender stuff
22:39:35 | INFO: Blender create Mesh node MESH-armor-block-fe79dfaf2e1542dbd67c-closed-incoming-wrapped-b
22:39:35 | INFO: Blender create Mesh node MESH-armor-block-fe79dfaf2e1542dbd67c-closed-outgoing-wrapped-b
22:39:35 | INFO: Blender create Mesh node MESH-armor-block-fe79dfaf2e1542dbd67c-closed-solid-body
22:39:35 | INFO: Blender create Mesh node MESH-armor-block-fe79dfaf2e1542dbd67c-cyan-flush-status-lens
22:39:35 | INFO: Blender create Mesh node MESH-armor-block-fe79dfaf2e1542dbd67c-interchangeable-red-servi
22:39:35 | INFO: Blender create Mesh node MESH-armor-block-fe79dfaf2e1542dbd67c-lower-impact-rail-right
22:39:35 | INFO: Blender create Mesh node MESH-armor-block-fe79dfaf2e1542dbd67c-lower-impact-rail-cut-poc
22:39:35 | INFO: Blender create Mesh node MESH-armor-block-fe79dfaf2e1542dbd67c-lower-impact-rail-left
22:39:35 | INFO: Blender create Mesh node MESH-armor-block-fe79dfaf2e1542dbd67c-pale-wrapped-connector-ou
22:39:35 | INFO: Blender create Mesh node MESH-armor-block-fe79dfaf2e1542dbd67c-pale-wrapped-connector-in
22:39:35 | INFO: Blender create Mesh node MESH-armor-block-fe79dfaf2e1542dbd67c-recess-shadow-seat
22:39:35 | INFO: Blender create Mesh node MESH-armor-block-fe79dfaf2e1542dbd67c-upper-stepped-shoulder
22:39:35 | INFO: glTF import finished in 0.01s
Fra:1 Mem:18.35M (Peak 18.35M) | Time:00:00.00 | Mem:0.00M, Peak:0.00M | Scene, ViewLayer | Synchronizing object | GEO-armor-block-f94c0ba2aa04f31fb6a5--BACKING--closed-incoming-
Fra:1 Mem:18.35M (Peak 18.35M) | Time:00:00.00 | Mem:0.00M, Peak:0.00M | Scene, ViewLayer | Synchronizing object | GEO-armor-block-f94c0ba2aa04f31fb6a5--BACKING--closed-solid-bod
Fra:1 Mem:18.37M (Peak 18.37M) | Time:00:00.00 | Mem:0.00M, Peak:0.00M | Scene, ViewLayer | Synchronizing object | GEO-armor-block-f94c0ba2aa04f31fb6a5--FINISH--cyan-flush-status
Fra:1 Mem:18.37M (Peak 18.37M) | Time:00:00.00 | Mem:0.00M, Peak:0.00M | Scene, ViewLayer | Synchronizing object | GEO-armor-block-fe79dfaf2e1542dbd67c--FINISH--upper-stepped-sho
Fra:1 Mem:18.38M (Peak 18.38M) | Time:00:00.00 | Mem:0.00M, Peak:0.00M | Scene, ViewLayer | Synchronizing object | GEO-armor-block-f94c0ba2aa04f31fb6a5--FINISH--lower-impact-
Fra:1 Mem:18.39M (Peak 18.39M) | Time:00:00.00 | Mem:0.00M, Peak:0.00M | Scene, ViewLayer | Synchronizing object | GEO-armor-block-f94c0ba2aa04f31fb6a5--FINISH--lower-impact-.001
Fra:1 Mem:18.41M (Peak 18.41M) | Time:00:00.00 | Mem:0.00M, Peak:0.00M | Scene, ViewLayer | Synchronizing object | GEO-armor-block-f94c0ba2aa04f31fb6a5--FINISH--lower-impact-rail
Fra:1 Mem:18.43M (Peak 18.43M) | Time:00:00.00 | Mem:0.00M, Peak:0.00M | Scene, ViewLayer | Synchronizing object | GEO-armor-block-fe79dfaf2e1542dbd67c--FINISH--recess-shadow-sea
Fra:1 Mem:18.42M (Peak 18.43M) | Time:00:00.00 | Mem:0.00M, Peak:0.00M | Scene, ViewLayer | Synchronizing object | GEO-armor-block-f94c0ba2aa04f31fb6a5--FINISH--pale-wrapped-
Fra:1 Mem:18.41M (Peak 18.43M) | Time:00:00.00 | Mem:0.00M, Peak:0.00M | Scene, ViewLayer | Synchronizing object | GEO-armor-block-f94c0ba2aa04f31fb6a5--FINISH--recess-shadow-sea
Fra:1 Mem:18.42M (Peak 18.43M) | Time:00:00.00 | Mem:0.00M, Peak:0.00M | Scene, ViewLayer | Synchronizing object | GEO-armor-block-fe79dfaf2e1542dbd67c--FINISH--pale-wrapped-conn
Fra:1 Mem:18.44M (Peak 18.44M) | Time:00:00.00 | Mem:0.00M, Peak:0.00M | Scene, ViewLayer | Synchronizing object | GEO-armor-block-f94c0ba2aa04f31fb6a5--FINISH--upper-stepped-sho
Fra:1 Mem:18.44M (Peak 18.44M) | Time:00:00.00 | Mem:0.00M, Peak:0.00M | Scene, ViewLayer | Synchronizing object | GEO-armor-block-1676c64748013f376c0a--BACKING--closed-junction-
Fra:1 Mem:18.44M (Peak 18.44M) | Time:00:00.00 | Mem:0.00M, Peak:0.00M | Scene, ViewLayer | Synchronizing object | GEO-armor-block-fe79dfaf2e1542dbd67c--FINISH--pale-wrapped-
Fra:1 Mem:18.45M (Peak 18.45M) | Time:00:00.00 | Mem:0.00M, Peak:0.00M | Scene, ViewLayer | Synchronizing object | GEO-armor-block-1676c64748013f376c0a--FINISH--junction-lower-na
Fra:1 Mem:18.46M (Peak 18.46M) | Time:00:00.00 | Mem:0.00M, Peak:0.00M | Scene, ViewLayer | Synchronizing object | GEO-armor-block-1676c64748013f376c0a--FINISH--junction-upper-na
Fra:1 Mem:18.46M (Peak 18.46M) | Time:00:00.00 | Mem:0.00M, Peak:0.00M | Scene, ViewLayer | Synchronizing object | GEO-armor-block-1676c64748013f376c0a--FINISH--junction-wrapped-
Fra:1 Mem:18.46M (Peak 18.46M) | Time:00:00.00 | Mem:0.00M, Peak:0.00M | Scene, ViewLayer | Synchronizing object | GEO-armor-block-fe79dfaf2e1542dbd67c--FINISH--lower-impact-rail
Fra:1 Mem:18.48M (Peak 18.48M) | Time:00:00.00 | Mem:0.00M, Peak:0.00M | Scene, ViewLayer | Synchronizing object | GEO-armor-block-fe79dfaf2e1542dbd67c--BACKING--closed-incoming-
Fra:1 Mem:18.47M (Peak 18.48M) | Time:00:00.00 | Mem:0.00M, Peak:0.00M | Scene, ViewLayer | Synchronizing object | GEO-armor-block-fe79dfaf2e1542dbd67c--BACKING--closed-outgoing-
Fra:1 Mem:18.47M (Peak 18.48M) | Time:00:00.00 | Mem:0.00M, Peak:0.00M | Scene, ViewLayer | Synchronizing object | GEO-armor-block-fe79dfaf2e1542dbd67c--BACKING--closed-solid-bod
Fra:1 Mem:18.48M (Peak 18.48M) | Time:00:00.00 | Mem:0.00M, Peak:0.00M | Scene, ViewLayer | Synchronizing object | GEO-armor-block-fe79dfaf2e1542dbd67c--FINISH--cyan-flush-status
Fra:1 Mem:18.48M (Peak 18.48M) | Time:00:00.00 | Mem:0.00M, Peak:0.00M | Scene, ViewLayer | Synchronizing object | GEO-armor-block-fe79dfaf2e1542dbd67c--FINISH--interchangeable-r
Fra:1 Mem:18.50M (Peak 18.51M) | Time:00:00.00 | Mem:0.00M, Peak:0.00M | Scene, ViewLayer | Synchronizing object | GEO-armor-block-fe79dfaf2e1542dbd67c--FINISH--lower-impact-
Fra:1 Mem:18.50M (Peak 18.51M) | Time:00:00.00 | Mem:0.00M, Peak:0.00M | Scene, ViewLayer | Initializing
Fra:1 Mem:18.38M (Peak 18.51M) | Time:00:00.00 | Mem:0.00M, Peak:0.00M | Scene, ViewLayer | Updating Images | Loading armor-normal.002
Fra:1 Mem:18.38M (Peak 18.51M) | Time:00:00.00 | Mem:0.00M, Peak:0.00M | Scene, ViewLayer | Updating Images | Loading armor-basecolor
Fra:1 Mem:50.42M (Peak 58.41M) | Time:00:00.01 | Mem:4.00M, Peak:4.00M | Scene, ViewLayer | Updating Images | Loading armor-basecolor.001
Fra:1 Mem:54.42M (Peak 62.43M) | Time:00:00.01 | Mem:8.00M, Peak:8.00M | Scene, ViewLayer | Updating Images | Loading armor-roughness.001
Fra:1 Mem:50.41M (Peak 62.43M) | Time:00:00.06 | Mem:12.00M, Peak:12.00M | Scene, ViewLayer | Updating Images | Loading armor-normal.001
Fra:1 Mem:46.40M (Peak 62.43M) | Time:00:00.06 | Mem:16.00M, Peak:16.00M | Scene, ViewLayer | Updating Images | Loading armor-roughness.002
Fra:1 Mem:58.41M (Peak 66.42M) | Time:00:00.07 | Mem:20.00M, Peak:20.00M | Scene, ViewLayer | Updating Images | Loading armor-basecolor.002
Fra:1 Mem:52.98M (Peak 70.42M) | Time:00:00.09 | Mem:36.00M, Peak:36.00M | Scene, ViewLayer | Waiting for render to start
Fra:1 Mem:52.98M (Peak 70.42M) | Time:00:00.09 | Mem:36.00M, Peak:36.00M | Scene, ViewLayer | Loading render kernels (may take a few minutes the first time)
Fra:1 Mem:52.98M (Peak 70.42M) | Time:00:00.09 | Mem:36.00M, Peak:36.00M | Scene, ViewLayer | Updating Scene
Fra:1 Mem:52.98M (Peak 70.42M) | Time:00:00.09 | Mem:36.00M, Peak:36.00M | Scene, ViewLayer | Updating Shaders
Fra:1 Mem:53.07M (Peak 70.42M) | Time:00:00.09 | Mem:36.00M, Peak:36.00M | Scene, ViewLayer | Updating Procedurals
Fra:1 Mem:53.07M (Peak 70.42M) | Time:00:00.09 | Mem:36.00M, Peak:36.00M | Scene, ViewLayer | Updating Background
Fra:1 Mem:53.07M (Peak 70.42M) | Time:00:00.09 | Mem:36.00M, Peak:36.00M | Scene, ViewLayer | Updating Camera
Fra:1 Mem:53.07M (Peak 70.42M) | Time:00:00.09 | Mem:36.00M, Peak:36.00M | Scene, ViewLayer | Updating Meshes Flags
Fra:1 Mem:53.07M (Peak 70.42M) | Time:00:00.09 | Mem:36.00M, Peak:36.00M | Scene, ViewLayer | Updating Objects
Fra:1 Mem:53.07M (Peak 70.42M) | Time:00:00.09 | Mem:36.00M, Peak:36.00M | Scene, ViewLayer | Updating Objects | Copying Transformations to device
Fra:1 Mem:53.07M (Peak 70.42M) | Time:00:00.09 | Mem:36.01M, Peak:36.01M | Scene, ViewLayer | Updating Objects | Applying Static Transformations
Fra:1 Mem:53.07M (Peak 70.42M) | Time:00:00.09 | Mem:36.01M, Peak:36.01M | Scene, ViewLayer | Updating Particle Systems
Fra:1 Mem:53.07M (Peak 70.42M) | Time:00:00.09 | Mem:36.01M, Peak:36.01M | Scene, ViewLayer | Updating Particle Systems | Copying Particles to device
Fra:1 Mem:53.07M (Peak 70.42M) | Time:00:00.09 | Mem:36.01M, Peak:36.01M | Scene, ViewLayer | Updating Meshes
Fra:1 Mem:53.08M (Peak 70.42M) | Time:00:00.09 | Mem:36.01M, Peak:36.01M | Scene, ViewLayer | Updating Mesh | Computing attributes
Fra:1 Mem:53.15M (Peak 70.42M) | Time:00:00.09 | Mem:36.02M, Peak:36.02M | Scene, ViewLayer | Updating Mesh | Copying Attributes to device
Fra:1 Mem:53.14M (Peak 70.42M) | Time:00:00.09 | Mem:36.07M, Peak:36.07M | Scene, ViewLayer | Updating Scene BVH | Building
Fra:1 Mem:53.14M (Peak 70.42M) | Time:00:00.09 | Mem:36.07M, Peak:36.07M | Scene, ViewLayer | Updating Scene BVH | Building BVH
Fra:1 Mem:53.14M (Peak 70.42M) | Time:00:00.09 | Mem:36.09M, Peak:36.09M | Scene, ViewLayer | Updating Scene BVH | Building BVH 0%
Fra:1 Mem:53.14M (Peak 70.42M) | Time:00:00.09 | Mem:36.11M, Peak:36.13M | Scene, ViewLayer | Updating Scene BVH | Copying BVH to device
Fra:1 Mem:53.14M (Peak 70.42M) | Time:00:00.09 | Mem:36.11M, Peak:36.13M | Scene, ViewLayer | Updating Mesh | Computing normals
Fra:1 Mem:53.20M (Peak 70.42M) | Time:00:00.09 | Mem:36.11M, Peak:36.13M | Scene, ViewLayer | Updating Mesh | Copying Mesh to device
Fra:1 Mem:53.20M (Peak 70.42M) | Time:00:00.09 | Mem:36.17M, Peak:36.17M | Scene, ViewLayer | Updating Objects Flags
Fra:1 Mem:53.20M (Peak 70.42M) | Time:00:00.09 | Mem:36.17M, Peak:36.17M | Scene, ViewLayer | Updating Primitive Offsets
Fra:1 Mem:53.20M (Peak 70.42M) | Time:00:00.09 | Mem:36.17M, Peak:36.17M | Scene, ViewLayer | Updating Images
Fra:1 Mem:53.20M (Peak 70.42M) | Time:00:00.09 | Mem:36.17M, Peak:36.17M | Scene, ViewLayer | Updating Camera Volume
Fra:1 Mem:53.20M (Peak 70.42M) | Time:00:00.09 | Mem:36.17M, Peak:36.17M | Scene, ViewLayer | Updating Lookup Tables
Fra:1 Mem:53.20M (Peak 70.42M) | Time:00:00.09 | Mem:36.25M, Peak:36.25M | Scene, ViewLayer | Updating Lights
Fra:1 Mem:53.20M (Peak 70.42M) | Time:00:00.09 | Mem:36.25M, Peak:36.25M | Scene, ViewLayer | Updating Lights | Computing tree
Fra:1 Mem:53.20M (Peak 70.42M) | Time:00:00.09 | Mem:36.25M, Peak:36.25M | Scene, ViewLayer | Updating Integrator
Fra:1 Mem:53.20M (Peak 70.42M) | Time:00:00.09 | Mem:36.25M, Peak:36.25M | Scene, ViewLayer | Updating Film
Fra:1 Mem:53.21M (Peak 70.42M) | Time:00:00.09 | Mem:36.17M, Peak:36.25M | Scene, ViewLayer | Updating Lookup Tables
Fra:1 Mem:53.21M (Peak 70.42M) | Time:00:00.09 | Mem:36.26M, Peak:36.26M | Scene, ViewLayer | Updating Baking
Fra:1 Mem:53.21M (Peak 70.42M) | Time:00:00.09 | Mem:36.26M, Peak:36.26M | Scene, ViewLayer | Updating Device | Writing constant memory
Fra:1 Mem:53.21M (Peak 70.42M) | Time:00:00.09 | Mem:36.26M, Peak:36.26M | Scene, ViewLayer | Sample 0/64
Fra:1 Mem:90.30M (Peak 90.30M) | Time:00:00.38 | Remaining:00:18.36 | Mem:73.35M, Peak:73.35M | Scene, ViewLayer | Sample 1/64
Fra:1 Mem:106.78M (Peak 139.74M) | Time:00:11.66 | Mem:73.35M, Peak:73.35M | Scene, ViewLayer | Sample 64/64
Fra:1 Mem:106.78M (Peak 139.74M) | Time:00:11.66 | Mem:73.35M, Peak:73.35M | Scene, ViewLayer | Finished
Saved: '/root/sidereal_spacetime/assets/art-library/framed-wayfarer/r005/family-02/renders/concave-90.png'
Time: 00:11.86 (Saving: 00:00.20)

22:39:47 | INFO: Data are loaded, start creating Blender stuff
22:39:47 | INFO: Blender create Mesh node MESH-armor-block-f94c0ba2aa04f31fb6a5-closed-incoming-wrapped-b
22:39:47 | INFO: Blender create Mesh node MESH-armor-block-f94c0ba2aa04f31fb6a5-closed-outgoing-wrapped-b
22:39:47 | INFO: Blender create Mesh node MESH-armor-block-f94c0ba2aa04f31fb6a5-closed-solid-body
22:39:47 | INFO: Blender create Mesh node MESH-armor-block-f94c0ba2aa04f31fb6a5-cyan-flush-status-lens
22:39:47 | INFO: Blender create Mesh node MESH-armor-block-f94c0ba2aa04f31fb6a5-interchangeable-plain-fac
22:39:47 | INFO: Blender create Mesh node MESH-armor-block-f94c0ba2aa04f31fb6a5-lower-impact-rail-right
22:39:47 | INFO: Blender create Mesh node MESH-armor-block-f94c0ba2aa04f31fb6a5-lower-impact-rail-cut-poc
22:39:47 | INFO: Blender create Mesh node MESH-armor-block-f94c0ba2aa04f31fb6a5-lower-impact-rail-left
22:39:47 | INFO: Blender create Mesh node MESH-armor-block-f94c0ba2aa04f31fb6a5-pale-wrapped-connector-ou
22:39:47 | INFO: Blender create Mesh node MESH-armor-block-f94c0ba2aa04f31fb6a5-pale-wrapped-connector-in
22:39:47 | INFO: Blender create Mesh node MESH-armor-block-f94c0ba2aa04f31fb6a5-recess-shadow-seat
22:39:47 | INFO: Blender create Mesh node MESH-armor-block-f94c0ba2aa04f31fb6a5-upper-stepped-shoulder
22:39:47 | INFO: glTF import finished in 0.01s
22:39:47 | INFO: Data are loaded, start creating Blender stuff
22:39:47 | INFO: Blender create Mesh node MESH-armor-block-1676c64748013f376c0a-closed-junction-wedge
22:39:47 | INFO: Blender create Mesh node MESH-armor-block-1676c64748013f376c0a-junction-lower-navy-shoe
22:39:47 | INFO: Blender create Mesh node MESH-armor-block-1676c64748013f376c0a-junction-upper-navy-shoul
22:39:47 | INFO: Blender create Mesh node MESH-armor-block-1676c64748013f376c0a-junction-wrapped-pale-con
22:39:47 | INFO: glTF import finished in 0.00s
22:39:47 | INFO: Data are loaded, start creating Blender stuff
22:39:47 | INFO: Blender create Mesh node MESH-armor-block-fe79dfaf2e1542dbd67c-closed-incoming-wrapped-b
22:39:47 | INFO: Blender create Mesh node MESH-armor-block-fe79dfaf2e1542dbd67c-closed-outgoing-wrapped-b
22:39:47 | INFO: Blender create Mesh node MESH-armor-block-fe79dfaf2e1542dbd67c-closed-solid-body
22:39:47 | INFO: Blender create Mesh node MESH-armor-block-fe79dfaf2e1542dbd67c-cyan-flush-status-lens
22:39:47 | INFO: Blender create Mesh node MESH-armor-block-fe79dfaf2e1542dbd67c-interchangeable-red-servi
22:39:47 | INFO: Blender create Mesh node MESH-armor-block-fe79dfaf2e1542dbd67c-lower-impact-rail-right
22:39:47 | INFO: Blender create Mesh node MESH-armor-block-fe79dfaf2e1542dbd67c-lower-impact-rail-cut-poc
22:39:47 | INFO: Blender create Mesh node MESH-armor-block-fe79dfaf2e1542dbd67c-lower-impact-rail-left
22:39:47 | INFO: Blender create Mesh node MESH-armor-block-fe79dfaf2e1542dbd67c-pale-wrapped-connector-ou
22:39:47 | INFO: Blender create Mesh node MESH-armor-block-fe79dfaf2e1542dbd67c-pale-wrapped-connector-in
22:39:47 | INFO: Blender create Mesh node MESH-armor-block-fe79dfaf2e1542dbd67c-recess-shadow-seat
22:39:47 | INFO: Blender create Mesh node MESH-armor-block-fe79dfaf2e1542dbd67c-upper-stepped-shoulder
22:39:47 | INFO: glTF import finished in 0.01s
Fra:1 Mem:18.35M (Peak 18.35M) | Time:00:00.00 | Mem:0.00M, Peak:0.00M | Scene, ViewLayer | Synchronizing object | GEO-armor-block-f94c0ba2aa04f31fb6a5--BACKING--closed-incoming-
Fra:1 Mem:18.36M (Peak 18.36M) | Time:00:00.00 | Mem:0.00M, Peak:0.00M | Scene, ViewLayer | Synchronizing object | GEO-armor-block-fe79dfaf2e1542dbd67c--FINISH--upper-stepped-sho
Fra:1 Mem:18.36M (Peak 18.36M) | Time:00:00.00 | Mem:0.00M, Peak:0.00M | Scene, ViewLayer | Synchronizing object | GEO-armor-block-f94c0ba2aa04f31fb6a5--BACKING--closed-outgoing-
Fra:1 Mem:18.37M (Peak 18.37M) | Time:00:00.00 | Mem:0.00M, Peak:0.00M | Scene, ViewLayer | Synchronizing object | GEO-armor-block-f94c0ba2aa04f31fb6a5--BACKING--closed-solid-bod
Fra:1 Mem:18.37M (Peak 18.37M) | Time:00:00.00 | Mem:0.00M, Peak:0.00M | Scene, ViewLayer | Synchronizing object | GEO-armor-block-fe79dfaf2e1542dbd67c--FINISH--recess-shadow-sea
Fra:1 Mem:18.37M (Peak 18.37M) | Time:00:00.00 | Mem:0.00M, Peak:0.00M | Scene, ViewLayer | Synchronizing object | GEO-armor-block-f94c0ba2aa04f31fb6a5--FINISH--cyan-flush-status
Fra:1 Mem:18.38M (Peak 18.38M) | Time:00:00.00 | Mem:0.00M, Peak:0.00M | Scene, ViewLayer | Synchronizing object | GEO-armor-block-fe79dfaf2e1542dbd67c--FINISH--pale-wrapped-conn
Fra:1 Mem:18.39M (Peak 18.39M) | Time:00:00.00 | Mem:0.00M, Peak:0.00M | Scene, ViewLayer | Synchronizing object | GEO-armor-block-f94c0ba2aa04f31fb6a5--FINISH--interchangeable-p
Fra:1 Mem:18.39M (Peak 18.39M) | Time:00:00.00 | Mem:0.00M, Peak:0.00M | Scene, ViewLayer | Synchronizing object | GEO-armor-block-fe79dfaf2e1542dbd67c--FINISH--pale-wrapped-
Fra:1 Mem:18.40M (Peak 18.40M) | Time:00:00.00 | Mem:0.00M, Peak:0.00M | Scene, ViewLayer | Synchronizing object | GEO-armor-block-fe79dfaf2e1542dbd67c--FINISH--lower-impact-rail
Fra:1 Mem:18.40M (Peak 18.40M) | Time:00:00.00 | Mem:0.00M, Peak:0.00M | Scene, ViewLayer | Synchronizing object | GEO-armor-block-f94c0ba2aa04f31fb6a5--FINISH--lower-impact-
Fra:1 Mem:18.42M (Peak 18.42M) | Time:00:00.00 | Mem:0.00M, Peak:0.00M | Scene, ViewLayer | Synchronizing object | GEO-armor-block-fe79dfaf2e1542dbd67c--FINISH--lower-impact-.001
Fra:1 Mem:18.42M (Peak 18.42M) | Time:00:00.00 | Mem:0.00M, Peak:0.00M | Scene, ViewLayer | Synchronizing object | GEO-armor-block-f94c0ba2aa04f31fb6a5--FINISH--lower-impact-.001
Fra:1 Mem:18.43M (Peak 18.43M) | Time:00:00.00 | Mem:0.00M, Peak:0.00M | Scene, ViewLayer | Synchronizing object | GEO-armor-block-fe79dfaf2e1542dbd67c--FINISH--lower-impact-
Fra:1 Mem:18.44M (Peak 18.44M) | Time:00:00.00 | Mem:0.00M, Peak:0.00M | Scene, ViewLayer | Synchronizing object | GEO-armor-block-f94c0ba2aa04f31fb6a5--FINISH--lower-impact-rail
Fra:1 Mem:18.43M (Peak 18.44M) | Time:00:00.00 | Mem:0.00M, Peak:0.00M | Scene, ViewLayer | Synchronizing object | GEO-armor-block-fe79dfaf2e1542dbd67c--FINISH--interchangeable-r
Fra:1 Mem:18.45M (Peak 18.45M) | Time:00:00.00 | Mem:0.00M, Peak:0.00M | Scene, ViewLayer | Synchronizing object | GEO-armor-block-f94c0ba2aa04f31fb6a5--FINISH--pale-wrapped-
Fra:1 Mem:18.45M (Peak 18.45M) | Time:00:00.00 | Mem:0.00M, Peak:0.00M | Scene, ViewLayer | Synchronizing object | GEO-armor-block-f94c0ba2aa04f31fb6a5--FINISH--pale-wrapped-conn
Fra:1 Mem:18.47M (Peak 18.47M) | Time:00:00.00 | Mem:0.00M, Peak:0.00M | Scene, ViewLayer | Synchronizing object | GEO-armor-block-f94c0ba2aa04f31fb6a5--FINISH--recess-shadow-sea
Fra:1 Mem:18.47M (Peak 18.47M) | Time:00:00.00 | Mem:0.00M, Peak:0.00M | Scene, ViewLayer | Synchronizing object | GEO-armor-block-f94c0ba2aa04f31fb6a5--FINISH--upper-stepped-sho
Fra:1 Mem:18.46M (Peak 18.47M) | Time:00:00.00 | Mem:0.00M, Peak:0.00M | Scene, ViewLayer | Synchronizing object | GEO-armor-block-1676c64748013f376c0a--BACKING--closed-junction-
Fra:1 Mem:18.48M (Peak 18.48M) | Time:00:00.00 | Mem:0.00M, Peak:0.00M | Scene, ViewLayer | Synchronizing object | GEO-armor-block-1676c64748013f376c0a--FINISH--junction-lower-na
Fra:1 Mem:18.47M (Peak 18.48M) | Time:00:00.00 | Mem:0.00M, Peak:0.00M | Scene, ViewLayer | Synchronizing object | GEO-armor-block-1676c64748013f376c0a--FINISH--junction-upper-na
Fra:1 Mem:18.49M (Peak 18.49M) | Time:00:00.00 | Mem:0.00M, Peak:0.00M | Scene, ViewLayer | Synchronizing object | GEO-armor-block-1676c64748013f376c0a--FINISH--junction-wrapped-
Fra:1 Mem:18.49M (Peak 18.49M) | Time:00:00.00 | Mem:0.00M, Peak:0.00M | Scene, ViewLayer | Synchronizing object | GEO-armor-block-fe79dfaf2e1542dbd67c--BACKING--closed-incoming-
Fra:1 Mem:18.49M (Peak 18.49M) | Time:00:00.00 | Mem:0.00M, Peak:0.00M | Scene, ViewLayer | Synchronizing object | GEO-armor-block-fe79dfaf2e1542dbd67c--BACKING--closed-outgoing-
Fra:1 Mem:18.49M (Peak 18.49M) | Time:00:00.00 | Mem:0.00M, Peak:0.00M | Scene, ViewLayer | Synchronizing object | GEO-armor-block-fe79dfaf2e1542dbd67c--BACKING--closed-solid-bod
Fra:1 Mem:18.50M (Peak 18.50M) | Time:00:00.00 | Mem:0.00M, Peak:0.00M | Scene, ViewLayer | Initializing
Fra:1 Mem:18.38M (Peak 18.50M) | Time:00:00.00 | Mem:0.00M, Peak:0.00M | Scene, ViewLayer | Updating Images | Loading armor-basecolor
Fra:1 Mem:22.38M (Peak 22.38M) | Time:00:00.00 | Mem:0.00M, Peak:0.00M | Scene, ViewLayer | Updating Images | Loading armor-normal.002
Fra:1 Mem:26.39M (Peak 26.39M) | Time:00:00.00 | Mem:0.00M, Peak:0.00M | Scene, ViewLayer | Updating Images | Loading armor-roughness
Fra:1 Mem:30.39M (Peak 30.39M) | Time:00:00.01 | Mem:0.00M, Peak:0.00M | Scene, ViewLayer | Updating Images | Loading armor-normal
Fra:1 Mem:34.40M (Peak 42.40M) | Time:00:00.01 | Mem:4.00M, Peak:4.00M | Scene, ViewLayer | Updating Images | Loading armor-basecolor.001
Fra:1 Mem:54.42M (Peak 62.43M) | Time:00:00.03 | Mem:8.00M, Peak:8.00M | Scene, ViewLayer | Updating Images | Loading armor-roughness.001
Fra:1 Mem:50.41M (Peak 62.43M) | Time:00:00.04 | Mem:12.00M, Peak:12.00M | Scene, ViewLayer | Updating Images | Loading armor-normal.001
Fra:1 Mem:62.42M (Peak 70.43M) | Time:00:00.04 | Mem:16.00M, Peak:16.00M | Scene, ViewLayer | Updating Images | Loading armor-basecolor.002
Fra:1 Mem:54.41M (Peak 70.43M) | Time:00:00.04 | Mem:20.00M, Peak:20.00M | Scene, ViewLayer | Updating Images | Loading armor-roughness.002
Fra:1 Mem:52.98M (Peak 70.43M) | Time:00:00.06 | Mem:36.00M, Peak:36.00M | Scene, ViewLayer | Waiting for render to start
Fra:1 Mem:52.98M (Peak 70.43M) | Time:00:00.06 | Mem:36.00M, Peak:36.00M | Scene, ViewLayer | Loading render kernels (may take a few minutes the first time)
Fra:1 Mem:52.98M (Peak 70.43M) | Time:00:00.06 | Mem:36.00M, Peak:36.00M | Scene, ViewLayer | Updating Scene
Fra:1 Mem:52.98M (Peak 70.43M) | Time:00:00.06 | Mem:36.00M, Peak:36.00M | Scene, ViewLayer | Updating Shaders
Fra:1 Mem:53.07M (Peak 70.43M) | Time:00:00.06 | Mem:36.00M, Peak:36.00M | Scene, ViewLayer | Updating Procedurals
Fra:1 Mem:53.07M (Peak 70.43M) | Time:00:00.06 | Mem:36.00M, Peak:36.00M | Scene, ViewLayer | Updating Background
Fra:1 Mem:53.07M (Peak 70.43M) | Time:00:00.06 | Mem:36.00M, Peak:36.00M | Scene, ViewLayer | Updating Camera
Fra:1 Mem:53.07M (Peak 70.43M) | Time:00:00.06 | Mem:36.00M, Peak:36.00M | Scene, ViewLayer | Updating Meshes Flags
Fra:1 Mem:53.07M (Peak 70.43M) | Time:00:00.06 | Mem:36.00M, Peak:36.00M | Scene, ViewLayer | Updating Objects
Fra:1 Mem:53.07M (Peak 70.43M) | Time:00:00.06 | Mem:36.00M, Peak:36.00M | Scene, ViewLayer | Updating Objects | Copying Transformations to device
Fra:1 Mem:53.07M (Peak 70.43M) | Time:00:00.06 | Mem:36.01M, Peak:36.01M | Scene, ViewLayer | Updating Objects | Applying Static Transformations
Fra:1 Mem:53.07M (Peak 70.43M) | Time:00:00.06 | Mem:36.01M, Peak:36.01M | Scene, ViewLayer | Updating Particle Systems
Fra:1 Mem:53.07M (Peak 70.43M) | Time:00:00.06 | Mem:36.01M, Peak:36.01M | Scene, ViewLayer | Updating Particle Systems | Copying Particles to device
Fra:1 Mem:53.07M (Peak 70.43M) | Time:00:00.06 | Mem:36.01M, Peak:36.01M | Scene, ViewLayer | Updating Meshes
Fra:1 Mem:53.08M (Peak 70.43M) | Time:00:00.06 | Mem:36.01M, Peak:36.01M | Scene, ViewLayer | Updating Mesh | Computing attributes
Fra:1 Mem:53.15M (Peak 70.43M) | Time:00:00.06 | Mem:36.02M, Peak:36.02M | Scene, ViewLayer | Updating Mesh | Copying Attributes to device
Fra:1 Mem:53.14M (Peak 70.43M) | Time:00:00.06 | Mem:36.07M, Peak:36.07M | Scene, ViewLayer | Updating Scene BVH | Building
Fra:1 Mem:53.14M (Peak 70.43M) | Time:00:00.06 | Mem:36.07M, Peak:36.07M | Scene, ViewLayer | Updating Scene BVH | Building BVH
Fra:1 Mem:53.14M (Peak 70.43M) | Time:00:00.06 | Mem:36.09M, Peak:36.09M | Scene, ViewLayer | Updating Scene BVH | Building BVH 0%
Fra:1 Mem:53.14M (Peak 70.43M) | Time:00:00.06 | Mem:36.11M, Peak:36.13M | Scene, ViewLayer | Updating Scene BVH | Copying BVH to device
Fra:1 Mem:53.14M (Peak 70.43M) | Time:00:00.06 | Mem:36.11M, Peak:36.13M | Scene, ViewLayer | Updating Mesh | Computing normals
Fra:1 Mem:53.20M (Peak 70.43M) | Time:00:00.06 | Mem:36.11M, Peak:36.13M | Scene, ViewLayer | Updating Mesh | Copying Mesh to device
Fra:1 Mem:53.20M (Peak 70.43M) | Time:00:00.06 | Mem:36.17M, Peak:36.17M | Scene, ViewLayer | Updating Objects Flags
Fra:1 Mem:53.20M (Peak 70.43M) | Time:00:00.06 | Mem:36.17M, Peak:36.17M | Scene, ViewLayer | Updating Primitive Offsets
Fra:1 Mem:53.20M (Peak 70.43M) | Time:00:00.06 | Mem:36.17M, Peak:36.17M | Scene, ViewLayer | Updating Images
Fra:1 Mem:53.20M (Peak 70.43M) | Time:00:00.06 | Mem:36.17M, Peak:36.17M | Scene, ViewLayer | Updating Camera Volume
Fra:1 Mem:53.20M (Peak 70.43M) | Time:00:00.06 | Mem:36.17M, Peak:36.17M | Scene, ViewLayer | Updating Lookup Tables
Fra:1 Mem:53.20M (Peak 70.43M) | Time:00:00.06 | Mem:36.25M, Peak:36.25M | Scene, ViewLayer | Updating Lights
Fra:1 Mem:53.20M (Peak 70.43M) | Time:00:00.06 | Mem:36.25M, Peak:36.25M | Scene, ViewLayer | Updating Lights | Computing tree
Fra:1 Mem:53.20M (Peak 70.43M) | Time:00:00.06 | Mem:36.25M, Peak:36.25M | Scene, ViewLayer | Updating Integrator
Fra:1 Mem:53.20M (Peak 70.43M) | Time:00:00.06 | Mem:36.25M, Peak:36.25M | Scene, ViewLayer | Updating Film
Fra:1 Mem:53.21M (Peak 70.43M) | Time:00:00.06 | Mem:36.17M, Peak:36.25M | Scene, ViewLayer | Updating Lookup Tables
Fra:1 Mem:53.21M (Peak 70.43M) | Time:00:00.06 | Mem:36.26M, Peak:36.26M | Scene, ViewLayer | Updating Baking
Fra:1 Mem:53.21M (Peak 70.43M) | Time:00:00.06 | Mem:36.26M, Peak:36.26M | Scene, ViewLayer | Updating Device | Writing constant memory
Fra:1 Mem:53.21M (Peak 70.43M) | Time:00:00.06 | Mem:36.26M, Peak:36.26M | Scene, ViewLayer | Sample 0/64
Fra:1 Mem:90.30M (Peak 90.30M) | Time:00:00.24 | Remaining:00:11.72 | Mem:73.35M, Peak:73.35M | Scene, ViewLayer | Sample 1/64
Fra:1 Mem:106.78M (Peak 139.74M) | Time:00:05.97 | Mem:73.35M, Peak:73.35M | Scene, ViewLayer | Sample 64/64
Fra:1 Mem:106.78M (Peak 139.74M) | Time:00:05.97 | Mem:73.35M, Peak:73.35M | Scene, ViewLayer | Finished
Saved: '/root/sidereal_spacetime/assets/art-library/framed-wayfarer/r005/family-02/renders/concave-90-top.png'
Time: 00:06.13 (Saving: 00:00.15)

22:39:54 | INFO: Data are loaded, start creating Blender stuff
22:39:54 | INFO: Blender create Mesh node MESH-armor-block-bb2e153a868e9214017f-closed-junction-wedge
22:39:54 | INFO: Blender create Mesh node MESH-armor-block-bb2e153a868e9214017f-junction-lower-navy-shoe
22:39:54 | INFO: Blender create Mesh node MESH-armor-block-bb2e153a868e9214017f-junction-upper-navy-shoul
22:39:54 | INFO: Blender create Mesh node MESH-armor-block-bb2e153a868e9214017f-junction-wrapped-pale-con
22:39:54 | INFO: glTF import finished in 0.00s
22:39:54 | INFO: Data are loaded, start creating Blender stuff
22:39:54 | INFO: Blender create Mesh node MESH-armor-block-b5debfc1efb6816ed06d-closed-junction-wedge
22:39:54 | INFO: Blender create Mesh node MESH-armor-block-b5debfc1efb6816ed06d-junction-lower-navy-shoe
22:39:54 | INFO: Blender create Mesh node MESH-armor-block-b5debfc1efb6816ed06d-junction-upper-navy-shoul
22:39:54 | INFO: Blender create Mesh node MESH-armor-block-b5debfc1efb6816ed06d-junction-wrapped-pale-con
22:39:54 | INFO: glTF import finished in 0.00s
22:39:54 | INFO: Data are loaded, start creating Blender stuff
22:39:54 | INFO: Blender create Mesh node MESH-armor-block-19cb454187f2b808d0f7-closed-junction-wedge
22:39:54 | INFO: Blender create Mesh node MESH-armor-block-19cb454187f2b808d0f7-junction-lower-navy-shoe
22:39:54 | INFO: Blender create Mesh node MESH-armor-block-19cb454187f2b808d0f7-junction-upper-navy-shoul
22:39:54 | INFO: Blender create Mesh node MESH-armor-block-19cb454187f2b808d0f7-junction-wrapped-pale-con
22:39:54 | INFO: glTF import finished in 0.00s
22:39:54 | INFO: Data are loaded, start creating Blender stuff
22:39:54 | INFO: Blender create Mesh node MESH-armor-block-8c601c2467812dda7c97-closed-junction-wedge
22:39:54 | INFO: Blender create Mesh node MESH-armor-block-8c601c2467812dda7c97-junction-lower-navy-shoe
22:39:54 | INFO: Blender create Mesh node MESH-armor-block-8c601c2467812dda7c97-junction-upper-navy-shoul
22:39:54 | INFO: Blender create Mesh node MESH-armor-block-8c601c2467812dda7c97-junction-wrapped-pale-con
22:39:54 | INFO: glTF import finished in 0.00s
22:39:54 | INFO: Data are loaded, start creating Blender stuff
22:39:54 | INFO: Blender create Mesh node MESH-armor-block-04506299cdccdc3362d3-closed-junction-wedge
22:39:54 | INFO: Blender create Mesh node MESH-armor-block-04506299cdccdc3362d3-junction-lower-navy-shoe
22:39:54 | INFO: Blender create Mesh node MESH-armor-block-04506299cdccdc3362d3-junction-upper-navy-shoul
22:39:54 | INFO: Blender create Mesh node MESH-armor-block-04506299cdccdc3362d3-junction-wrapped-pale-con
22:39:54 | INFO: glTF import finished in 0.00s
22:39:54 | INFO: Data are loaded, start creating Blender stuff
22:39:54 | INFO: Blender create Mesh node MESH-armor-block-b9889f7ac1379ef477d3-closed-junction-wedge
22:39:54 | INFO: Blender create Mesh node MESH-armor-block-b9889f7ac1379ef477d3-junction-lower-navy-shoe
22:39:54 | INFO: Blender create Mesh node MESH-armor-block-b9889f7ac1379ef477d3-junction-upper-navy-shoul
22:39:54 | INFO: Blender create Mesh node MESH-armor-block-b9889f7ac1379ef477d3-junction-wrapped-pale-con
22:39:54 | INFO: glTF import finished in 0.00s
22:39:54 | INFO: Data are loaded, start creating Blender stuff
22:39:54 | INFO: Blender create Mesh node MESH-armor-block-70b34597548b284a0a7f-closed-junction-wedge
22:39:54 | INFO: Blender create Mesh node MESH-armor-block-70b34597548b284a0a7f-junction-lower-navy-shoe
22:39:54 | INFO: Blender create Mesh node MESH-armor-block-70b34597548b284a0a7f-junction-upper-navy-shoul
22:39:54 | INFO: Blender create Mesh node MESH-armor-block-70b34597548b284a0a7f-junction-wrapped-pale-con
22:39:54 | INFO: glTF import finished in 0.00s
22:39:54 | INFO: Data are loaded, start creating Blender stuff
22:39:54 | INFO: Blender create Mesh node MESH-armor-block-e465b7594b2433a77396-closed-junction-wedge
22:39:54 | INFO: Blender create Mesh node MESH-armor-block-e465b7594b2433a77396-junction-lower-navy-shoe
22:39:54 | INFO: Blender create Mesh node MESH-armor-block-e465b7594b2433a77396-junction-upper-navy-shoul
22:39:54 | INFO: Blender create Mesh node MESH-armor-block-e465b7594b2433a77396-junction-wrapped-pale-con
22:39:54 | INFO: glTF import finished in 0.00s
22:39:54 | INFO: Data are loaded, start creating Blender stuff
22:39:54 | INFO: Blender create Mesh node MESH-armor-block-c3e51deb6848ddb10001-closed-junction-wedge
22:39:54 | INFO: Blender create Mesh node MESH-armor-block-c3e51deb6848ddb10001-junction-lower-navy-shoe
22:39:54 | INFO: Blender create Mesh node MESH-armor-block-c3e51deb6848ddb10001-junction-upper-navy-shoul
22:39:54 | INFO: Blender create Mesh node MESH-armor-block-c3e51deb6848ddb10001-junction-wrapped-pale-con
22:39:54 | INFO: glTF import finished in 0.01s
22:39:54 | INFO: Data are loaded, start creating Blender stuff
22:39:54 | INFO: Blender create Mesh node MESH-armor-block-b8ebf4aa6991e098a6d3-closed-junction-wedge
22:39:54 | INFO: Blender create Mesh node MESH-armor-block-b8ebf4aa6991e098a6d3-junction-lower-navy-shoe
22:39:54 | INFO: Blender create Mesh node MESH-armor-block-b8ebf4aa6991e098a6d3-junction-upper-navy-shoul
22:39:54 | INFO: Blender create Mesh node MESH-armor-block-b8ebf4aa6991e098a6d3-junction-wrapped-pale-con
22:39:54 | INFO: glTF import finished in 0.00s
22:39:54 | INFO: Data are loaded, start creating Blender stuff
22:39:54 | INFO: Blender create Mesh node MESH-armor-block-bdffe58423963910d02b-closed-junction-wedge
22:39:54 | INFO: Blender create Mesh node MESH-armor-block-bdffe58423963910d02b-junction-lower-navy-shoe
22:39:54 | INFO: Blender create Mesh node MESH-armor-block-bdffe58423963910d02b-junction-upper-navy-shoul
22:39:54 | INFO: Blender create Mesh node MESH-armor-block-bdffe58423963910d02b-junction-wrapped-pale-con
22:39:54 | INFO: glTF import finished in 0.00s
22:39:54 | INFO: Data are loaded, start creating Blender stuff
22:39:54 | INFO: Blender create Mesh node MESH-armor-block-098c86a675e3e951ace9-closed-junction-wedge
22:39:54 | INFO: Blender create Mesh node MESH-armor-block-098c86a675e3e951ace9-junction-lower-navy-shoe
22:39:54 | INFO: Blender create Mesh node MESH-armor-block-098c86a675e3e951ace9-junction-upper-navy-shoul
22:39:54 | INFO: Blender create Mesh node MESH-armor-block-098c86a675e3e951ace9-junction-wrapped-pale-con
22:39:54 | INFO: glTF import finished in 0.01s
22:39:54 | INFO: Data are loaded, start creating Blender stuff
22:39:54 | INFO: Blender create Mesh node MESH-armor-block-0f4edf0963be28b7952b-closed-junction-wedge
22:39:54 | INFO: Blender create Mesh node MESH-armor-block-0f4edf0963be28b7952b-junction-lower-navy-shoe
22:39:54 | INFO: Blender create Mesh node MESH-armor-block-0f4edf0963be28b7952b-junction-upper-navy-shoul
22:39:54 | INFO: Blender create Mesh node MESH-armor-block-0f4edf0963be28b7952b-junction-wrapped-pale-con
22:39:54 | INFO: glTF import finished in 0.00s
22:39:54 | INFO: Data are loaded, start creating Blender stuff
22:39:54 | INFO: Blender create Mesh node MESH-armor-block-eae57557166988330b70-closed-junction-wedge
22:39:54 | INFO: Blender create Mesh node MESH-armor-block-eae57557166988330b70-junction-lower-navy-shoe
22:39:54 | INFO: Blender create Mesh node MESH-armor-block-eae57557166988330b70-junction-upper-navy-shoul
22:39:54 | INFO: Blender create Mesh node MESH-armor-block-eae57557166988330b70-junction-wrapped-pale-con
22:39:54 | INFO: glTF import finished in 0.01s
22:39:54 | INFO: Data are loaded, start creating Blender stuff
22:39:54 | INFO: Blender create Mesh node MESH-armor-block-54094cde041737badaf2-closed-junction-wedge
22:39:54 | INFO: Blender create Mesh node MESH-armor-block-54094cde041737badaf2-junction-lower-navy-shoe
22:39:54 | INFO: Blender create Mesh node MESH-armor-block-54094cde041737badaf2-junction-upper-navy-shoul
22:39:54 | INFO: Blender create Mesh node MESH-armor-block-54094cde041737badaf2-junction-wrapped-pale-con
22:39:54 | INFO: glTF import finished in 0.01s
22:39:54 | INFO: Data are loaded, start creating Blender stuff
22:39:54 | INFO: Blender create Mesh node MESH-armor-block-2cce8582f894eec65110-closed-junction-wedge
22:39:54 | INFO: Blender create Mesh node MESH-armor-block-2cce8582f894eec65110-junction-lower-navy-shoe
22:39:54 | INFO: Blender create Mesh node MESH-armor-block-2cce8582f894eec65110-junction-upper-navy-shoul
22:39:54 | INFO: Blender create Mesh node MESH-armor-block-2cce8582f894eec65110-junction-wrapped-pale-con
22:39:54 | INFO: glTF import finished in 0.01s
Fra:1 Mem:37.06M (Peak 37.06M) | Time:00:00.00 | Mem:0.00M, Peak:0.00M | Scene, ViewLayer | Synchronizing object | GEO-armor-block-bb2e153a868e9214017f--BACKING--closed-junction-
Fra:1 Mem:37.07M (Peak 37.07M) | Time:00:00.00 | Mem:0.00M, Peak:0.00M | Scene, ViewLayer | Synchronizing object | GEO-armor-block-bb2e153a868e9214017f--FINISH--junction-lower-na
Fra:1 Mem:37.09M (Peak 37.09M) | Time:00:00.00 | Mem:0.00M, Peak:0.00M | Scene, ViewLayer | Synchronizing object | GEO-armor-block-bb2e153a868e9214017f--FINISH--junction-upper-na
Fra:1 Mem:37.09M (Peak 37.09M) | Time:00:00.00 | Mem:0.00M, Peak:0.00M | Scene, ViewLayer | Synchronizing object | GEO-armor-block-bb2e153a868e9214017f--FINISH--junction-wrapped-
Fra:1 Mem:37.11M (Peak 37.11M) | Time:00:00.00 | Mem:0.00M, Peak:0.00M | Scene, ViewLayer | Synchronizing object | GEO-armor-block-b5debfc1efb6816ed06d--BACKING--closed-junction-
Fra:1 Mem:37.10M (Peak 37.11M) | Time:00:00.00 | Mem:0.00M, Peak:0.00M | Scene, ViewLayer | Synchronizing object | GEO-armor-block-b5debfc1efb6816ed06d--FINISH--junction-lower-na
Fra:1 Mem:37.11M (Peak 37.11M) | Time:00:00.00 | Mem:0.00M, Peak:0.00M | Scene, ViewLayer | Synchronizing object | GEO-armor-block-b5debfc1efb6816ed06d--FINISH--junction-upper-na
Fra:1 Mem:37.12M (Peak 37.12M) | Time:00:00.00 | Mem:0.00M, Peak:0.00M | Scene, ViewLayer | Synchronizing object | GEO-armor-block-b5debfc1efb6816ed06d--FINISH--junction-wrapped-
Fra:1 Mem:37.12M (Peak 37.12M) | Time:00:00.00 | Mem:0.00M, Peak:0.00M | Scene, ViewLayer | Synchronizing object | GEO-armor-block-19cb454187f2b808d0f7--BACKING--closed-junction-
Fra:1 Mem:37.12M (Peak 37.12M) | Time:00:00.00 | Mem:0.00M, Peak:0.00M | Scene, ViewLayer | Synchronizing object | GEO-armor-block-19cb454187f2b808d0f7--FINISH--junction-upper-na
Fra:1 Mem:37.14M (Peak 37.14M) | Time:00:00.00 | Mem:0.00M, Peak:0.00M | Scene, ViewLayer | Synchronizing object | GEO-armor-block-19cb454187f2b808d0f7--FINISH--junction-wrapped-
Fra:1 Mem:37.14M (Peak 37.14M) | Time:00:00.00 | Mem:0.00M, Peak:0.00M | Scene, ViewLayer | Synchronizing object | GEO-armor-block-2cce8582f894eec65110--FINISH--junction-upper-na
Fra:1 Mem:37.15M (Peak 37.15M) | Time:00:00.00 | Mem:0.00M, Peak:0.00M | Scene, ViewLayer | Synchronizing object | GEO-armor-block-8c601c2467812dda7c97--BACKING--closed-junction-
Fra:1 Mem:37.16M (Peak 37.16M) | Time:00:00.00 | Mem:0.00M, Peak:0.00M | Scene, ViewLayer | Synchronizing object | GEO-armor-block-8c601c2467812dda7c97--FINISH--junction-lower-na
Fra:1 Mem:37.16M (Peak 37.16M) | Time:00:00.00 | Mem:0.00M, Peak:0.00M | Scene, ViewLayer | Synchronizing object | GEO-armor-block-2cce8582f894eec65110--FINISH--junction-lower-na
Fra:1 Mem:37.17M (Peak 37.17M) | Time:00:00.00 | Mem:0.00M, Peak:0.00M | Scene, ViewLayer | Synchronizing object | GEO-armor-block-8c601c2467812dda7c97--FINISH--junction-upper-na
Fra:1 Mem:37.19M (Peak 37.19M) | Time:00:00.00 | Mem:0.00M, Peak:0.00M | Scene, ViewLayer | Synchronizing object | GEO-armor-block-2cce8582f894eec65110--BACKING--closed-junction-
Fra:1 Mem:37.19M (Peak 37.19M) | Time:00:00.00 | Mem:0.00M, Peak:0.00M | Scene, ViewLayer | Synchronizing object | GEO-armor-block-8c601c2467812dda7c97--FINISH--junction-wrapped-
Fra:1 Mem:37.19M (Peak 37.19M) | Time:00:00.00 | Mem:0.00M, Peak:0.00M | Scene, ViewLayer | Synchronizing object | GEO-armor-block-04506299cdccdc3362d3--BACKING--closed-junction-
Fra:1 Mem:37.19M (Peak 37.19M) | Time:00:00.00 | Mem:0.00M, Peak:0.00M | Scene, ViewLayer | Synchronizing object | GEO-armor-block-54094cde041737badaf2--FINISH--junction-wrapped-
Fra:1 Mem:37.20M (Peak 37.20M) | Time:00:00.00 | Mem:0.00M, Peak:0.00M | Scene, ViewLayer | Synchronizing object | GEO-armor-block-04506299cdccdc3362d3--FINISH--junction-lower-na
Fra:1 Mem:37.22M (Peak 37.22M) | Time:00:00.00 | Mem:0.00M, Peak:0.00M | Scene, ViewLayer | Synchronizing object | GEO-armor-block-04506299cdccdc3362d3--FINISH--junction-upper-na
Fra:1 Mem:37.23M (Peak 37.23M) | Time:00:00.00 | Mem:0.00M, Peak:0.00M | Scene, ViewLayer | Synchronizing object | GEO-armor-block-04506299cdccdc3362d3--FINISH--junction-wrapped-
Fra:1 Mem:37.22M (Peak 37.23M) | Time:00:00.00 | Mem:0.00M, Peak:0.00M | Scene, ViewLayer | Synchronizing object | GEO-armor-block-54094cde041737badaf2--FINISH--junction-upper-na
Fra:1 Mem:37.25M (Peak 37.25M) | Time:00:00.00 | Mem:0.00M, Peak:0.00M | Scene, ViewLayer | Synchronizing object | GEO-armor-block-b9889f7ac1379ef477d3--FINISH--junction-lower-na
Fra:1 Mem:37.24M (Peak 37.25M) | Time:00:00.00 | Mem:0.00M, Peak:0.00M | Scene, ViewLayer | Synchronizing object | GEO-armor-block-b9889f7ac1379ef477d3--FINISH--junction-upper-na
Fra:1 Mem:37.24M (Peak 37.25M) | Time:00:00.00 | Mem:0.00M, Peak:0.00M | Scene, ViewLayer | Synchronizing object | GEO-armor-block-70b34597548b284a0a7f--BACKING--closed-junction-
Fra:1 Mem:37.27M (Peak 37.27M) | Time:00:00.00 | Mem:0.00M, Peak:0.00M | Scene, ViewLayer | Synchronizing object | GEO-armor-block-70b34597548b284a0a7f--FINISH--junction-lower-na
Fra:1 Mem:37.26M (Peak 37.27M) | Time:00:00.00 | Mem:0.00M, Peak:0.00M | Scene, ViewLayer | Synchronizing object | GEO-armor-block-54094cde041737badaf2--FINISH--junction-lower-na
Fra:1 Mem:37.28M (Peak 37.28M) | Time:00:00.00 | Mem:0.00M, Peak:0.00M | Scene, ViewLayer | Synchronizing object | GEO-armor-block-70b34597548b284a0a7f--FINISH--junction-upper-na
Fra:1 Mem:37.28M (Peak 37.28M) | Time:00:00.00 | Mem:0.00M, Peak:0.00M | Scene, ViewLayer | Synchronizing object | GEO-armor-block-70b34597548b284a0a7f--FINISH--junction-wrapped-
Fra:1 Mem:37.29M (Peak 37.29M) | Time:00:00.00 | Mem:0.00M, Peak:0.00M | Scene, ViewLayer | Synchronizing object | GEO-armor-block-54094cde041737badaf2--BACKING--closed-junction-
Fra:1 Mem:37.30M (Peak 37.30M) | Time:00:00.00 | Mem:0.00M, Peak:0.00M | Scene, ViewLayer | Synchronizing object | GEO-armor-block-e465b7594b2433a77396--BACKING--closed-junction-
Fra:1 Mem:37.32M (Peak 37.32M) | Time:00:00.00 | Mem:0.00M, Peak:0.00M | Scene, ViewLayer | Synchronizing object | GEO-armor-block-eae57557166988330b70--FINISH--junction-wrapped-
Fra:1 Mem:37.32M (Peak 37.32M) | Time:00:00.00 | Mem:0.00M, Peak:0.00M | Scene, ViewLayer | Synchronizing object | GEO-armor-block-e465b7594b2433a77396--FINISH--junction-lower-na
Fra:1 Mem:37.30M (Peak 37.32M) | Time:00:00.00 | Mem:0.00M, Peak:0.00M | Scene, ViewLayer | Synchronizing object | GEO-armor-block-eae57557166988330b70--FINISH--junction-upper-na
Fra:1 Mem:37.32M (Peak 37.32M) | Time:00:00.00 | Mem:0.00M, Peak:0.00M | Scene, ViewLayer | Synchronizing object | GEO-armor-block-e465b7594b2433a77396--FINISH--junction-wrapped-
Fra:1 Mem:37.33M (Peak 37.33M) | Time:00:00.00 | Mem:0.00M, Peak:0.00M | Scene, ViewLayer | Synchronizing object | GEO-armor-block-c3e51deb6848ddb10001--BACKING--closed-junction-
Fra:1 Mem:37.32M (Peak 37.33M) | Time:00:00.00 | Mem:0.00M, Peak:0.00M | Scene, ViewLayer | Synchronizing object | GEO-armor-block-c3e51deb6848ddb10001--FINISH--junction-lower-na
Fra:1 Mem:37.33M (Peak 37.33M) | Time:00:00.00 | Mem:0.00M, Peak:0.00M | Scene, ViewLayer | Synchronizing object | GEO-armor-block-c3e51deb6848ddb10001--FINISH--junction-upper-na
Fra:1 Mem:37.33M (Peak 37.33M) | Time:00:00.00 | Mem:0.00M, Peak:0.00M | Scene, ViewLayer | Synchronizing object | GEO-armor-block-c3e51deb6848ddb10001--FINISH--junction-wrapped-
Fra:1 Mem:37.34M (Peak 37.34M) | Time:00:00.00 | Mem:0.00M, Peak:0.00M | Scene, ViewLayer | Synchronizing object | GEO-armor-block-b8ebf4aa6991e098a6d3--BACKING--closed-junction-
Fra:1 Mem:37.35M (Peak 37.35M) | Time:00:00.00 | Mem:0.00M, Peak:0.00M | Scene, ViewLayer | Synchronizing object | GEO-armor-block-b8ebf4aa6991e098a6d3--FINISH--junction-lower-na
Fra:1 Mem:37.36M (Peak 37.36M) | Time:00:00.00 | Mem:0.00M, Peak:0.00M | Scene, ViewLayer | Synchronizing object | GEO-armor-block-b8ebf4aa6991e098a6d3--FINISH--junction-upper-na
Fra:1 Mem:37.36M (Peak 37.36M) | Time:00:00.00 | Mem:0.00M, Peak:0.00M | Scene, ViewLayer | Synchronizing object | GEO-armor-block-b8ebf4aa6991e098a6d3--FINISH--junction-wrapped-
Fra:1 Mem:37.37M (Peak 37.37M) | Time:00:00.00 | Mem:0.00M, Peak:0.00M | Scene, ViewLayer | Synchronizing object | GEO-armor-block-bdffe58423963910d02b--BACKING--closed-junction-
Fra:1 Mem:37.37M (Peak 37.37M) | Time:00:00.00 | Mem:0.00M, Peak:0.00M | Scene, ViewLayer | Synchronizing object | GEO-armor-block-bdffe58423963910d02b--FINISH--junction-lower-na
Fra:1 Mem:37.39M (Peak 37.39M) | Time:00:00.00 | Mem:0.00M, Peak:0.00M | Scene, ViewLayer | Synchronizing object | GEO-armor-block-bdffe58423963910d02b--FINISH--junction-upper-na
Fra:1 Mem:37.40M (Peak 37.40M) | Time:00:00.00 | Mem:0.00M, Peak:0.00M | Scene, ViewLayer | Synchronizing object | GEO-armor-block-bdffe58423963910d02b--FINISH--junction-wrapped-
Fra:1 Mem:37.40M (Peak 37.40M) | Time:00:00.00 | Mem:0.00M, Peak:0.00M | Scene, ViewLayer | Synchronizing object | GEO-armor-block-098c86a675e3e951ace9--BACKING--closed-junction-
Fra:1 Mem:37.40M (Peak 37.40M) | Time:00:00.00 | Mem:0.00M, Peak:0.00M | Scene, ViewLayer | Synchronizing object | GEO-armor-block-098c86a675e3e951ace9--FINISH--junction-lower-na
Fra:1 Mem:37.41M (Peak 37.41M) | Time:00:00.00 | Mem:0.00M, Peak:0.00M | Scene, ViewLayer | Synchronizing object | GEO-armor-block-098c86a675e3e951ace9--FINISH--junction-upper-na
Fra:1 Mem:37.40M (Peak 37.41M) | Time:00:00.00 | Mem:0.00M, Peak:0.00M | Scene, ViewLayer | Synchronizing object | GEO-armor-block-098c86a675e3e951ace9--FINISH--junction-wrapped-
Fra:1 Mem:37.42M (Peak 37.42M) | Time:00:00.00 | Mem:0.00M, Peak:0.00M | Scene, ViewLayer | Synchronizing object | GEO-armor-block-eae57557166988330b70--FINISH--junction-lower-na
Fra:1 Mem:37.42M (Peak 37.42M) | Time:00:00.00 | Mem:0.00M, Peak:0.00M | Scene, ViewLayer | Synchronizing object | GEO-armor-block-0f4edf0963be28b7952b--BACKING--closed-junction-
Fra:1 Mem:37.42M (Peak 37.42M) | Time:00:00.00 | Mem:0.00M, Peak:0.00M | Scene, ViewLayer | Synchronizing object | GEO-armor-block-eae57557166988330b70--BACKING--closed-junction-
Fra:1 Mem:37.43M (Peak 37.43M) | Time:00:00.00 | Mem:0.00M, Peak:0.00M | Scene, ViewLayer | Synchronizing object | GEO-armor-block-0f4edf0963be28b7952b--FINISH--junction-lower-na
Fra:1 Mem:37.43M (Peak 37.43M) | Time:00:00.00 | Mem:0.00M, Peak:0.00M | Scene, ViewLayer | Synchronizing object | GEO-armor-block-0f4edf0963be28b7952b--FINISH--junction-upper-na
Fra:1 Mem:37.44M (Peak 37.44M) | Time:00:00.00 | Mem:0.00M, Peak:0.00M | Scene, ViewLayer | Synchronizing object | GEO-armor-block-0f4edf0963be28b7952b--FINISH--junction-wrapped-
Fra:1 Mem:37.46M (Peak 37.46M) | Time:00:00.00 | Mem:0.00M, Peak:0.00M | Scene, ViewLayer | Initializing
Fra:1 Mem:37.21M (Peak 37.46M) | Time:00:00.00 | Mem:0.00M, Peak:0.00M | Scene, ViewLayer | Updating Images | Loading armor-basecolor
Fra:1 Mem:37.21M (Peak 37.46M) | Time:00:00.00 | Mem:0.00M, Peak:0.00M | Scene, ViewLayer | Updating Images | Loading armor-normal
Fra:1 Mem:53.22M (Peak 61.22M) | Time:00:00.01 | Mem:4.00M, Peak:4.00M | Scene, ViewLayer | Updating Images | Loading armor-basecolor.001
Fra:1 Mem:65.23M (Peak 73.24M) | Time:00:00.05 | Mem:8.00M, Peak:8.00M | Scene, ViewLayer | Updating Images | Loading armor-roughness.001
Fra:1 Mem:69.23M (Peak 77.24M) | Time:00:00.05 | Mem:12.00M, Peak:12.00M | Scene, ViewLayer | Updating Images | Loading armor-normal.001
Fra:1 Mem:65.22M (Peak 77.24M) | Time:00:00.05 | Mem:16.00M, Peak:16.00M | Scene, ViewLayer | Updating Images | Loading armor-roughness.015
Fra:1 Mem:93.25M (Peak 101.26M) | Time:00:00.07 | Mem:20.00M, Peak:20.00M | Scene, ViewLayer | Updating Images | Loading armor-basecolor.002
Fra:1 Mem:89.24M (Peak 101.26M) | Time:00:00.07 | Mem:24.00M, Peak:24.00M | Scene, ViewLayer | Updating Images | Loading armor-roughness.002
Fra:1 Mem:81.23M (Peak 101.26M) | Time:00:00.07 | Mem:28.00M, Peak:28.00M | Scene, ViewLayer | Updating Images | Loading armor-basecolor.015
Fra:1 Mem:77.22M (Peak 101.26M) | Time:00:00.07 | Mem:32.00M, Peak:32.00M | Scene, ViewLayer | Updating Images | Loading armor-normal.002
Fra:1 Mem:85.22M (Peak 101.26M) | Time:00:00.08 | Mem:36.00M, Peak:36.00M | Scene, ViewLayer | Updating Images | Loading armor-basecolor.003
Fra:1 Mem:97.23M (Peak 105.24M) | Time:00:00.09 | Mem:40.00M, Peak:40.00M | Scene, ViewLayer | Updating Images | Loading armor-normal.014
Fra:1 Mem:109.24M (Peak 117.25M) | Time:00:00.10 | Mem:44.00M, Peak:44.00M | Scene, ViewLayer | Updating Images | Loading armor-roughness.014
Fra:1 Mem:105.23M (Peak 117.25M) | Time:00:00.10 | Mem:48.00M, Peak:48.00M | Scene, ViewLayer | Updating Images | Loading armor-roughness.003
Fra:1 Mem:117.24M (Peak 125.25M) | Time:00:00.11 | Mem:52.00M, Peak:52.00M | Scene, ViewLayer | Updating Images | Loading armor-basecolor.014
Fra:1 Mem:113.23M (Peak 125.25M) | Time:00:00.11 | Mem:56.00M, Peak:56.00M | Scene, ViewLayer | Updating Images | Loading armor-normal.003
Fra:1 Mem:117.23M (Peak 125.25M) | Time:00:00.14 | Mem:60.00M, Peak:60.00M | Scene, ViewLayer | Updating Images | Loading armor-basecolor.004
Fra:1 Mem:113.22M (Peak 125.25M) | Time:00:00.14 | Mem:64.00M, Peak:64.00M | Scene, ViewLayer | Updating Images | Loading armor-roughness.004
Fra:1 Mem:117.22M (Peak 125.25M) | Time:00:00.14 | Mem:68.00M, Peak:68.00M | Scene, ViewLayer | Updating Images | Loading armor-normal.004
Fra:1 Mem:133.24M (Peak 141.25M) | Time:00:00.15 | Mem:72.00M, Peak:72.00M | Scene, ViewLayer | Updating Images | Loading armor-normal.013
Fra:1 Mem:141.24M (Peak 149.25M) | Time:00:00.15 | Mem:76.00M, Peak:76.00M | Scene, ViewLayer | Updating Images | Loading armor-basecolor.005
Fra:1 Mem:137.23M (Peak 149.25M) | Time:00:00.17 | Mem:80.00M, Peak:80.00M | Scene, ViewLayer | Updating Images | Loading armor-roughness.005
Fra:1 Mem:133.22M (Peak 149.25M) | Time:00:00.18 | Mem:84.00M, Peak:84.00M | Scene, ViewLayer | Updating Images | Loading armor-normal.005
Fra:1 Mem:145.23M (Peak 153.24M) | Time:00:00.18 | Mem:88.00M, Peak:88.00M | Scene, ViewLayer | Updating Images | Loading armor-basecolor.006
Fra:1 Mem:141.23M (Peak 153.24M) | Time:00:00.19 | Mem:92.00M, Peak:92.00M | Scene, ViewLayer | Updating Images | Loading armor-roughness.013
Fra:1 Mem:149.23M (Peak 157.24M) | Time:00:00.19 | Mem:96.00M, Peak:96.00M | Scene, ViewLayer | Updating Images | Loading armor-roughness.006
Fra:1 Mem:165.24M (Peak 173.25M) | Time:00:00.21 | Mem:100.00M, Peak:100.00M | Scene, ViewLayer | Updating Images | Loading armor-basecolor.013
Fra:1 Mem:157.23M (Peak 173.25M) | Time:00:00.21 | Mem:104.00M, Peak:104.00M | Scene, ViewLayer | Updating Images | Loading armor-normal.006
Fra:1 Mem:157.23M (Peak 173.25M) | Time:00:00.21 | Mem:108.00M, Peak:108.00M | Scene, ViewLayer | Updating Images | Loading armor-basecolor.007
Fra:1 Mem:161.23M (Peak 173.25M) | Time:00:00.21 | Mem:112.00M, Peak:112.00M | Scene, ViewLayer | Updating Images | Loading armor-roughness.007
Fra:1 Mem:165.23M (Peak 173.25M) | Time:00:00.21 | Mem:116.00M, Peak:116.00M | Scene, ViewLayer | Updating Images | Loading armor-normal.007
Fra:1 Mem:185.24M (Peak 193.25M) | Time:00:00.26 | Mem:120.00M, Peak:120.00M | Scene, ViewLayer | Updating Images | Loading armor-basecolor.008
Fra:1 Mem:189.24M (Peak 197.25M) | Time:00:00.26 | Mem:124.00M, Peak:124.00M | Scene, ViewLayer | Updating Images | Loading armor-roughness.008
Fra:1 Mem:185.23M (Peak 197.25M) | Time:00:00.26 | Mem:128.00M, Peak:128.00M | Scene, ViewLayer | Updating Images | Loading armor-normal.012
Fra:1 Mem:181.23M (Peak 197.25M) | Time:00:00.26 | Mem:132.00M, Peak:132.00M | Scene, ViewLayer | Updating Images | Loading armor-normal.008
Fra:1 Mem:201.24M (Peak 209.25M) | Time:00:00.27 | Mem:136.00M, Peak:136.00M | Scene, ViewLayer | Updating Images | Loading armor-roughness.012
Fra:1 Mem:197.23M (Peak 209.25M) | Time:00:00.27 | Mem:140.00M, Peak:140.00M | Scene, ViewLayer | Updating Images | Loading armor-basecolor.009
Fra:1 Mem:201.23M (Peak 209.25M) | Time:00:00.28 | Mem:144.00M, Peak:144.00M | Scene, ViewLayer | Updating Images | Loading armor-roughness.009
Fra:1 Mem:197.23M (Peak 209.25M) | Time:00:00.28 | Mem:148.00M, Peak:148.00M | Scene, ViewLayer | Updating Images | Loading armor-normal.009
Fra:1 Mem:201.23M (Peak 209.25M) | Time:00:00.29 | Mem:152.00M, Peak:152.00M | Scene, ViewLayer | Updating Images | Loading armor-basecolor.012
Fra:1 Mem:221.24M (Peak 229.25M) | Time:00:00.33 | Mem:156.00M, Peak:156.00M | Scene, ViewLayer | Updating Images | Loading armor-basecolor.010
Fra:1 Mem:217.23M (Peak 229.25M) | Time:00:00.33 | Mem:160.00M, Peak:160.00M | Scene, ViewLayer | Updating Images | Loading armor-roughness.010
Fra:1 Mem:213.23M (Peak 229.25M) | Time:00:00.33 | Mem:164.00M, Peak:164.00M | Scene, ViewLayer | Updating Images | Loading armor-normal.010
Fra:1 Mem:217.23M (Peak 229.25M) | Time:00:00.34 | Mem:168.00M, Peak:168.00M | Scene, ViewLayer | Updating Images | Loading armor-normal.011
Fra:1 Mem:221.23M (Peak 229.25M) | Time:00:00.34 | Mem:172.00M, Peak:172.00M | Scene, ViewLayer | Updating Images | Loading armor-basecolor.011
Fra:1 Mem:233.23M (Peak 241.24M) | Time:00:00.35 | Mem:176.00M, Peak:176.00M | Scene, ViewLayer | Updating Images | Loading armor-roughness.011
Fra:1 Mem:225.47M (Peak 245.24M) | Time:00:00.36 | Mem:192.00M, Peak:192.00M | Scene, ViewLayer | Waiting for render to start
Fra:1 Mem:225.47M (Peak 245.24M) | Time:00:00.36 | Mem:192.00M, Peak:192.00M | Scene, ViewLayer | Loading render kernels (may take a few minutes the first time)
Fra:1 Mem:225.47M (Peak 245.24M) | Time:00:00.36 | Mem:192.00M, Peak:192.00M | Scene, ViewLayer | Updating Scene
Fra:1 Mem:225.47M (Peak 245.24M) | Time:00:00.36 | Mem:192.00M, Peak:192.00M | Scene, ViewLayer | Updating Shaders
Fra:1 Mem:225.57M (Peak 245.24M) | Time:00:00.36 | Mem:192.01M, Peak:192.01M | Scene, ViewLayer | Updating Procedurals
Fra:1 Mem:225.57M (Peak 245.24M) | Time:00:00.36 | Mem:192.01M, Peak:192.01M | Scene, ViewLayer | Updating Background
Fra:1 Mem:225.57M (Peak 245.24M) | Time:00:00.36 | Mem:192.01M, Peak:192.01M | Scene, ViewLayer | Updating Camera
Fra:1 Mem:225.57M (Peak 245.24M) | Time:00:00.36 | Mem:192.01M, Peak:192.01M | Scene, ViewLayer | Updating Meshes Flags
Fra:1 Mem:225.57M (Peak 245.24M) | Time:00:00.36 | Mem:192.01M, Peak:192.01M | Scene, ViewLayer | Updating Objects
Fra:1 Mem:225.57M (Peak 245.24M) | Time:00:00.36 | Mem:192.01M, Peak:192.01M | Scene, ViewLayer | Updating Objects | Copying Transformations to device
Fra:1 Mem:225.58M (Peak 245.24M) | Time:00:00.36 | Mem:192.03M, Peak:192.03M | Scene, ViewLayer | Updating Objects | Applying Static Transformations
Fra:1 Mem:225.58M (Peak 245.24M) | Time:00:00.36 | Mem:192.03M, Peak:192.03M | Scene, ViewLayer | Updating Particle Systems
Fra:1 Mem:225.58M (Peak 245.24M) | Time:00:00.36 | Mem:192.03M, Peak:192.03M | Scene, ViewLayer | Updating Particle Systems | Copying Particles to device
Fra:1 Mem:225.58M (Peak 245.24M) | Time:00:00.36 | Mem:192.03M, Peak:192.03M | Scene, ViewLayer | Updating Meshes
Fra:1 Mem:225.60M (Peak 245.24M) | Time:00:00.36 | Mem:192.03M, Peak:192.03M | Scene, ViewLayer | Updating Mesh | Computing attributes
Fra:1 Mem:225.79M (Peak 245.24M) | Time:00:00.36 | Mem:192.04M, Peak:192.04M | Scene, ViewLayer | Updating Mesh | Copying Attributes to device
Fra:1 Mem:225.77M (Peak 245.24M) | Time:00:00.36 | Mem:192.19M, Peak:192.19M | Scene, ViewLayer | Updating Scene BVH | Building
Fra:1 Mem:225.77M (Peak 245.24M) | Time:00:00.36 | Mem:192.19M, Peak:192.19M | Scene, ViewLayer | Updating Scene BVH | Building BVH
Fra:1 Mem:225.77M (Peak 245.24M) | Time:00:00.36 | Mem:192.24M, Peak:192.24M | Scene, ViewLayer | Updating Scene BVH | Building BVH 0%
Fra:1 Mem:225.77M (Peak 245.24M) | Time:00:00.36 | Mem:192.29M, Peak:192.33M | Scene, ViewLayer | Updating Scene BVH | Copying BVH to device
Fra:1 Mem:225.77M (Peak 245.24M) | Time:00:00.36 | Mem:192.29M, Peak:192.33M | Scene, ViewLayer | Updating Mesh | Computing normals
Fra:1 Mem:225.93M (Peak 245.24M) | Time:00:00.36 | Mem:192.29M, Peak:192.33M | Scene, ViewLayer | Updating Mesh | Copying Mesh to device
Fra:1 Mem:225.93M (Peak 245.24M) | Time:00:00.36 | Mem:192.45M, Peak:192.45M | Scene, ViewLayer | Updating Objects Flags
Fra:1 Mem:225.93M (Peak 245.24M) | Time:00:00.36 | Mem:192.45M, Peak:192.45M | Scene, ViewLayer | Updating Primitive Offsets
Fra:1 Mem:225.93M (Peak 245.24M) | Time:00:00.36 | Mem:192.45M, Peak:192.45M | Scene, ViewLayer | Updating Images
Fra:1 Mem:225.93M (Peak 245.24M) | Time:00:00.36 | Mem:192.45M, Peak:192.45M | Scene, ViewLayer | Updating Camera Volume
Fra:1 Mem:225.93M (Peak 245.24M) | Time:00:00.36 | Mem:192.45M, Peak:192.45M | Scene, ViewLayer | Updating Lookup Tables
Fra:1 Mem:225.93M (Peak 245.24M) | Time:00:00.36 | Mem:192.53M, Peak:192.53M | Scene, ViewLayer | Updating Lights
Fra:1 Mem:225.93M (Peak 245.24M) | Time:00:00.36 | Mem:192.54M, Peak:192.54M | Scene, ViewLayer | Updating Lights | Computing tree
Fra:1 Mem:225.94M (Peak 245.24M) | Time:00:00.36 | Mem:192.54M, Peak:192.54M | Scene, ViewLayer | Updating Integrator
Fra:1 Mem:225.94M (Peak 245.24M) | Time:00:00.36 | Mem:192.54M, Peak:192.54M | Scene, ViewLayer | Updating Film
Fra:1 Mem:225.94M (Peak 245.24M) | Time:00:00.36 | Mem:192.46M, Peak:192.54M | Scene, ViewLayer | Updating Lookup Tables
Fra:1 Mem:225.94M (Peak 245.24M) | Time:00:00.36 | Mem:192.54M, Peak:192.54M | Scene, ViewLayer | Updating Baking
Fra:1 Mem:225.94M (Peak 245.24M) | Time:00:00.36 | Mem:192.54M, Peak:192.54M | Scene, ViewLayer | Updating Device | Writing constant memory
Fra:1 Mem:225.94M (Peak 245.24M) | Time:00:00.36 | Mem:192.54M, Peak:192.54M | Scene, ViewLayer | Sample 0/64
Fra:1 Mem:263.03M (Peak 263.03M) | Time:00:00.51 | Remaining:00:09.37 | Mem:229.63M, Peak:229.63M | Scene, ViewLayer | Sample 1/64
Fra:1 Mem:279.51M (Peak 312.47M) | Time:00:03.33 | Mem:229.63M, Peak:229.63M | Scene, ViewLayer | Sample 64/64
Fra:1 Mem:279.51M (Peak 312.47M) | Time:00:03.33 | Mem:229.63M, Peak:229.63M | Scene, ViewLayer | Finished
Saved: '/root/sidereal_spacetime/assets/art-library/framed-wayfarer/r005/family-02/renders/junction-registry.png'
Time: 00:03.52 (Saving: 00:00.18)

22:39:57 | INFO: Data are loaded, start creating Blender stuff
22:39:57 | INFO: Blender create Mesh node MESH-armor-block-975ae6c56dd5c22ae720-closed-incoming-wrapped-b
22:39:57 | INFO: Blender create Mesh node MESH-armor-block-975ae6c56dd5c22ae720-closed-outgoing-wrapped-b
22:39:57 | INFO: Blender create Mesh node MESH-armor-block-975ae6c56dd5c22ae720-closed-solid-body
22:39:57 | INFO: Blender create Mesh node MESH-armor-block-975ae6c56dd5c22ae720-interchangeable-plain-fac
22:39:57 | INFO: Blender create Mesh node MESH-armor-block-975ae6c56dd5c22ae720-lower-impact-rail
22:39:57 | INFO: Blender create Mesh node MESH-armor-block-975ae6c56dd5c22ae720-pale-wrapped-connector-ou
22:39:57 | INFO: Blender create Mesh node MESH-armor-block-975ae6c56dd5c22ae720-pale-wrapped-connector-in
22:39:57 | INFO: Blender create Mesh node MESH-armor-block-975ae6c56dd5c22ae720-recess-shadow-seat
22:39:57 | INFO: Blender create Mesh node MESH-armor-block-975ae6c56dd5c22ae720-upper-stepped-shoulder
22:39:57 | INFO: glTF import finished in 0.00s
22:39:57 | INFO: Data are loaded, start creating Blender stuff
22:39:57 | INFO: Blender create Mesh node MESH-armor-block-9ca59f6db637d3afceb9-closed-incoming-wrapped-b
22:39:57 | INFO: Blender create Mesh node MESH-armor-block-9ca59f6db637d3afceb9-closed-outgoing-wrapped-b
22:39:57 | INFO: Blender create Mesh node MESH-armor-block-9ca59f6db637d3afceb9-closed-solid-body
22:39:57 | INFO: Blender create Mesh node MESH-armor-block-9ca59f6db637d3afceb9-cyan-flush-status-lens
22:39:57 | INFO: Blender create Mesh node MESH-armor-block-9ca59f6db637d3afceb9-interchangeable-plain-fac
22:39:57 | INFO: Blender create Mesh node MESH-armor-block-9ca59f6db637d3afceb9-lower-impact-rail-right
22:39:57 | INFO: Blender create Mesh node MESH-armor-block-9ca59f6db637d3afceb9-lower-impact-rail-cut-poc
22:39:57 | INFO: Blender create Mesh node MESH-armor-block-9ca59f6db637d3afceb9-lower-impact-rail-left
22:39:57 | INFO: Blender create Mesh node MESH-armor-block-9ca59f6db637d3afceb9-pale-wrapped-connector-ou
22:39:57 | INFO: Blender create Mesh node MESH-armor-block-9ca59f6db637d3afceb9-pale-wrapped-connector-in
22:39:57 | INFO: Blender create Mesh node MESH-armor-block-9ca59f6db637d3afceb9-recess-shadow-seat
22:39:57 | INFO: Blender create Mesh node MESH-armor-block-9ca59f6db637d3afceb9-upper-stepped-shoulder
22:39:57 | INFO: glTF import finished in 0.01s
22:39:57 | INFO: Data are loaded, start creating Blender stuff
22:39:57 | INFO: Blender create Mesh node MESH-armor-block-0609cba1e9e5472c20b6-closed-incoming-wrapped-b
22:39:57 | INFO: Blender create Mesh node MESH-armor-block-0609cba1e9e5472c20b6-closed-outgoing-wrapped-b
22:39:57 | INFO: Blender create Mesh node MESH-armor-block-0609cba1e9e5472c20b6-closed-solid-body
22:39:57 | INFO: Blender create Mesh node MESH-armor-block-0609cba1e9e5472c20b6-cyan-flush-status-lens
22:39:57 | INFO: Blender create Mesh node MESH-armor-block-0609cba1e9e5472c20b6-interchangeable-plain-fac
22:39:57 | INFO: Blender create Mesh node MESH-armor-block-0609cba1e9e5472c20b6-lower-impact-rail-right
22:39:57 | INFO: Blender create Mesh node MESH-armor-block-0609cba1e9e5472c20b6-lower-impact-rail-cut-poc
22:39:57 | INFO: Blender create Mesh node MESH-armor-block-0609cba1e9e5472c20b6-lower-impact-rail-left
22:39:57 | INFO: Blender create Mesh node MESH-armor-block-0609cba1e9e5472c20b6-pale-wrapped-connector-ou
22:39:57 | INFO: Blender create Mesh node MESH-armor-block-0609cba1e9e5472c20b6-pale-wrapped-connector-in
22:39:57 | INFO: Blender create Mesh node MESH-armor-block-0609cba1e9e5472c20b6-recess-shadow-seat
22:39:57 | INFO: Blender create Mesh node MESH-armor-block-0609cba1e9e5472c20b6-upper-stepped-shoulder
22:39:57 | INFO: glTF import finished in 0.01s
22:39:57 | INFO: Data are loaded, start creating Blender stuff
22:39:57 | INFO: Blender create Mesh node MESH-armor-block-fbbf224dbd286d805ac1-closed-incoming-wrapped-b
22:39:57 | INFO: Blender create Mesh node MESH-armor-block-fbbf224dbd286d805ac1-closed-outgoing-wrapped-b
22:39:57 | INFO: Blender create Mesh node MESH-armor-block-fbbf224dbd286d805ac1-closed-solid-body
22:39:57 | INFO: Blender create Mesh node MESH-armor-block-fbbf224dbd286d805ac1-cyan-flush-status-lens
22:39:57 | INFO: Blender create Mesh node MESH-armor-block-fbbf224dbd286d805ac1-interchangeable-plain-fac
22:39:57 | INFO: Blender create Mesh node MESH-armor-block-fbbf224dbd286d805ac1-lower-impact-rail-right
22:39:57 | INFO: Blender create Mesh node MESH-armor-block-fbbf224dbd286d805ac1-lower-impact-rail-cut-poc
22:39:57 | INFO: Blender create Mesh node MESH-armor-block-fbbf224dbd286d805ac1-lower-impact-rail-left
22:39:57 | INFO: Blender create Mesh node MESH-armor-block-fbbf224dbd286d805ac1-pale-wrapped-connector-ou
22:39:57 | INFO: Blender create Mesh node MESH-armor-block-fbbf224dbd286d805ac1-pale-wrapped-connector-in
22:39:57 | INFO: Blender create Mesh node MESH-armor-block-fbbf224dbd286d805ac1-recess-shadow-seat
22:39:57 | INFO: Blender create Mesh node MESH-armor-block-fbbf224dbd286d805ac1-upper-stepped-shoulder
22:39:57 | INFO: glTF import finished in 0.01s
Fra:1 Mem:23.22M (Peak 23.22M) | Time:00:00.00 | Mem:0.00M, Peak:0.00M | Scene, ViewLayer | Synchronizing object | GEO-armor-block-975ae6c56dd5c22ae720--BACKING--closed-solid
Fra:1 Mem:23.22M (Peak 23.22M) | Time:00:00.00 | Mem:0.00M, Peak:0.00M | Scene, ViewLayer | Synchronizing object | GEO-armor-block-975ae6c56dd5c22ae720--FINISH--pale-wrapped-.001
Fra:1 Mem:23.24M (Peak 23.24M) | Time:00:00.00 | Mem:0.00M, Peak:0.00M | Scene, ViewLayer | Synchronizing object | GEO-armor-block-975ae6c56dd5c22ae720--FINISH--interchangeab
Fra:1 Mem:23.25M (Peak 23.25M) | Time:00:00.00 | Mem:0.00M, Peak:0.00M | Scene, ViewLayer | Synchronizing object | GEO-armor-block-975ae6c56dd5c22ae720--BACKING--closed-incom
Fra:1 Mem:23.26M (Peak 23.26M) | Time:00:00.00 | Mem:0.00M, Peak:0.00M | Scene, ViewLayer | Synchronizing object | GEO-armor-block-975ae6c56dd5c22ae720--FINISH--pale-wrapped-.002
Fra:1 Mem:23.26M (Peak 23.26M) | Time:00:00.00 | Mem:0.00M, Peak:0.00M | Scene, ViewLayer | Synchronizing object | GEO-armor-block-975ae6c56dd5c22ae720--FINISH--upper-stepped
Fra:1 Mem:23.28M (Peak 23.28M) | Time:00:00.00 | Mem:0.00M, Peak:0.00M | Scene, ViewLayer | Synchronizing object | GEO-armor-block-9ca59f6db637d3afceb9--BACKING--closed-incoming-
Fra:1 Mem:23.29M (Peak 23.29M) | Time:00:00.00 | Mem:0.00M, Peak:0.00M | Scene, ViewLayer | Synchronizing object | GEO-armor-block-9ca59f6db637d3afceb9--BACKING--closed-outgoing-
Fra:1 Mem:23.29M (Peak 23.29M) | Time:00:00.00 | Mem:0.00M, Peak:0.00M | Scene, ViewLayer | Synchronizing object | GEO-armor-block-9ca59f6db637d3afceb9--BACKING--closed-solid-bod
Fra:1 Mem:23.30M (Peak 23.30M) | Time:00:00.00 | Mem:0.00M, Peak:0.00M | Scene, ViewLayer | Synchronizing object | GEO-armor-block-9ca59f6db637d3afceb9--FINISH--cyan-flush-status
Fra:1 Mem:23.30M (Peak 23.30M) | Time:00:00.00 | Mem:0.00M, Peak:0.00M | Scene, ViewLayer | Synchronizing object | GEO-armor-block-9ca59f6db637d3afceb9--FINISH--interchangeable-p
Fra:1 Mem:23.30M (Peak 23.30M) | Time:00:00.00 | Mem:0.00M, Peak:0.00M | Scene, ViewLayer | Synchronizing object | GEO-armor-block-9ca59f6db637d3afceb9--FINISH--lower-impact-
Fra:1 Mem:23.30M (Peak 23.30M) | Time:00:00.00 | Mem:0.00M, Peak:0.00M | Scene, ViewLayer | Synchronizing object | GEO-armor-block-9ca59f6db637d3afceb9--FINISH--lower-impact-.001
Fra:1 Mem:23.31M (Peak 23.31M) | Time:00:00.00 | Mem:0.00M, Peak:0.00M | Scene, ViewLayer | Synchronizing object | GEO-armor-block-9ca59f6db637d3afceb9--FINISH--lower-impact-rail
Fra:1 Mem:23.34M (Peak 23.34M) | Time:00:00.00 | Mem:0.00M, Peak:0.00M | Scene, ViewLayer | Synchronizing object | GEO-armor-block-9ca59f6db637d3afceb9--FINISH--pale-wrapped-
Fra:1 Mem:23.33M (Peak 23.34M) | Time:00:00.00 | Mem:0.00M, Peak:0.00M | Scene, ViewLayer | Synchronizing object | GEO-armor-block-9ca59f6db637d3afceb9--FINISH--pale-wrapped-conn
Fra:1 Mem:23.35M (Peak 23.35M) | Time:00:00.00 | Mem:0.00M, Peak:0.00M | Scene, ViewLayer | Synchronizing object | GEO-armor-block-9ca59f6db637d3afceb9--FINISH--recess-shadow-sea
Fra:1 Mem:23.34M (Peak 23.35M) | Time:00:00.00 | Mem:0.00M, Peak:0.00M | Scene, ViewLayer | Synchronizing object | GEO-armor-block-0609cba1e9e5472c20b6--BACKING--closed-incoming-
Fra:1 Mem:23.37M (Peak 23.37M) | Time:00:00.00 | Mem:0.00M, Peak:0.00M | Scene, ViewLayer | Synchronizing object | GEO-armor-block-0609cba1e9e5472c20b6--BACKING--closed-outgoing-
Fra:1 Mem:23.35M (Peak 23.37M) | Time:00:00.00 | Mem:0.00M, Peak:0.00M | Scene, ViewLayer | Synchronizing object | GEO-armor-block-fbbf224dbd286d805ac1--FINISH--recess-shadow-sea
Fra:1 Mem:23.36M (Peak 23.37M) | Time:00:00.00 | Mem:0.00M, Peak:0.00M | Scene, ViewLayer | Synchronizing object | GEO-armor-block-0609cba1e9e5472c20b6--FINISH--cyan-flush-status
Fra:1 Mem:23.36M (Peak 23.37M) | Time:00:00.00 | Mem:0.00M, Peak:0.00M | Scene, ViewLayer | Synchronizing object | GEO-armor-block-0609cba1e9e5472c20b6--FINISH--interchangeable-p
Fra:1 Mem:23.37M (Peak 23.37M) | Time:00:00.00 | Mem:0.00M, Peak:0.00M | Scene, ViewLayer | Synchronizing object | GEO-armor-block-fbbf224dbd286d805ac1--FINISH--pale-wrapped-conn
Fra:1 Mem:23.37M (Peak 23.37M) | Time:00:00.00 | Mem:0.00M, Peak:0.00M | Scene, ViewLayer | Synchronizing object | GEO-armor-block-0609cba1e9e5472c20b6--FINISH--lower-impact-.001
Fra:1 Mem:23.41M (Peak 23.41M) | Time:00:00.00 | Mem:0.00M, Peak:0.00M | Scene, ViewLayer | Synchronizing object | GEO-armor-block-0609cba1e9e5472c20b6--FINISH--lower-impact-rail
Fra:1 Mem:23.40M (Peak 23.41M) | Time:00:00.00 | Mem:0.00M, Peak:0.00M | Scene, ViewLayer | Synchronizing object | GEO-armor-block-fbbf224dbd286d805ac1--FINISH--pale-wrapped-
Fra:1 Mem:23.41M (Peak 23.41M) | Time:00:00.00 | Mem:0.00M, Peak:0.00M | Scene, ViewLayer | Synchronizing object | GEO-armor-block-0609cba1e9e5472c20b6--FINISH--pale-wrapped-
Fra:1 Mem:23.40M (Peak 23.41M) | Time:00:00.00 | Mem:0.00M, Peak:0.00M | Scene, ViewLayer | Synchronizing object | GEO-armor-block-0609cba1e9e5472c20b6--FINISH--pale-wrapped-conn
Fra:1 Mem:23.42M (Peak 23.42M) | Time:00:00.00 | Mem:0.00M, Peak:0.00M | Scene, ViewLayer | Synchronizing object | GEO-armor-block-0609cba1e9e5472c20b6--FINISH--recess-shadow-sea
Fra:1 Mem:23.42M (Peak 23.42M) | Time:00:00.00 | Mem:0.00M, Peak:0.00M | Scene, ViewLayer | Synchronizing object | GEO-armor-block-fbbf224dbd286d805ac1--FINISH--lower-impact-rail
Fra:1 Mem:23.43M (Peak 23.43M) | Time:00:00.00 | Mem:0.00M, Peak:0.00M | Scene, ViewLayer | Synchronizing object | GEO-armor-block-0609cba1e9e5472c20b6--FINISH--upper-stepped-sho
Fra:1 Mem:23.42M (Peak 23.43M) | Time:00:00.00 | Mem:0.00M, Peak:0.00M | Scene, ViewLayer | Synchronizing object | GEO-armor-block-fbbf224dbd286d805ac1--BACKING--closed-incoming-
Fra:1 Mem:23.44M (Peak 23.44M) | Time:00:00.00 | Mem:0.00M, Peak:0.00M | Scene, ViewLayer | Synchronizing object | GEO-armor-block-fbbf224dbd286d805ac1--BACKING--closed-outgoing-
Fra:1 Mem:23.44M (Peak 23.44M) | Time:00:00.00 | Mem:0.00M, Peak:0.00M | Scene, ViewLayer | Synchronizing object | GEO-armor-block-fbbf224dbd286d805ac1--FINISH--lower-impact-.001
Fra:1 Mem:23.43M (Peak 23.44M) | Time:00:00.00 | Mem:0.00M, Peak:0.00M | Scene, ViewLayer | Synchronizing object | GEO-armor-block-fbbf224dbd286d805ac1--BACKING--closed-solid-bod
Fra:1 Mem:23.45M (Peak 23.45M) | Time:00:00.00 | Mem:0.00M, Peak:0.00M | Scene, ViewLayer | Synchronizing object | GEO-armor-block-fbbf224dbd286d805ac1--FINISH--interchangeable-p
Fra:1 Mem:23.47M (Peak 23.47M) | Time:00:00.00 | Mem:0.00M, Peak:0.00M | Scene, ViewLayer | Synchronizing object | GEO-armor-block-fbbf224dbd286d805ac1--FINISH--lower-impact-
Fra:1 Mem:23.46M (Peak 23.47M) | Time:00:00.00 | Mem:0.00M, Peak:0.00M | Scene, ViewLayer | Initializing
Fra:1 Mem:23.13M (Peak 23.47M) | Time:00:00.00 | Mem:0.00M, Peak:0.00M | Scene, ViewLayer | Updating Images | Loading armor-normal.003
Fra:1 Mem:23.13M (Peak 23.47M) | Time:00:00.00 | Mem:0.00M, Peak:0.00M | Scene, ViewLayer | Updating Images | Loading armor-normal
Fra:1 Mem:47.16M (Peak 55.16M) | Time:00:00.03 | Mem:4.00M, Peak:4.00M | Scene, ViewLayer | Updating Images | Loading armor-basecolor.001
Fra:1 Mem:51.16M (Peak 59.17M) | Time:00:00.04 | Mem:8.00M, Peak:8.00M | Scene, ViewLayer | Updating Images | Loading armor-roughness.001
Fra:1 Mem:47.15M (Peak 59.17M) | Time:00:00.04 | Mem:12.00M, Peak:12.00M | Scene, ViewLayer | Updating Images | Loading armor-roughness.003
Fra:1 Mem:51.15M (Peak 59.17M) | Time:00:00.04 | Mem:16.00M, Peak:16.00M | Scene, ViewLayer | Updating Images | Loading armor-normal.001
Fra:1 Mem:71.17M (Peak 79.18M) | Time:00:00.05 | Mem:20.00M, Peak:20.00M | Scene, ViewLayer | Updating Images | Loading armor-basecolor.002
Fra:1 Mem:67.16M (Peak 79.18M) | Time:00:00.05 | Mem:24.00M, Peak:24.00M | Scene, ViewLayer | Updating Images | Loading armor-roughness.002
Fra:1 Mem:63.15M (Peak 79.18M) | Time:00:00.05 | Mem:28.00M, Peak:28.00M | Scene, ViewLayer | Updating Images | Loading armor-basecolor.003
Fra:1 Mem:67.15M (Peak 79.18M) | Time:00:00.05 | Mem:32.00M, Peak:32.00M | Scene, ViewLayer | Updating Images | Loading armor-normal.002
Fra:1 Mem:68.22M (Peak 87.17M) | Time:00:00.10 | Mem:48.00M, Peak:48.00M | Scene, ViewLayer | Waiting for render to start
Fra:1 Mem:68.22M (Peak 87.17M) | Time:00:00.10 | Mem:48.00M, Peak:48.00M | Scene, ViewLayer | Loading render kernels (may take a few minutes the first time)
Fra:1 Mem:68.22M (Peak 87.17M) | Time:00:00.10 | Mem:48.00M, Peak:48.00M | Scene, ViewLayer | Updating Scene
Fra:1 Mem:68.22M (Peak 87.17M) | Time:00:00.10 | Mem:48.00M, Peak:48.00M | Scene, ViewLayer | Updating Shaders
Fra:1 Mem:68.31M (Peak 87.17M) | Time:00:00.10 | Mem:48.01M, Peak:48.01M | Scene, ViewLayer | Updating Procedurals
Fra:1 Mem:68.31M (Peak 87.17M) | Time:00:00.10 | Mem:48.01M, Peak:48.01M | Scene, ViewLayer | Updating Background
Fra:1 Mem:68.31M (Peak 87.17M) | Time:00:00.10 | Mem:48.01M, Peak:48.01M | Scene, ViewLayer | Updating Camera
Fra:1 Mem:68.31M (Peak 87.17M) | Time:00:00.10 | Mem:48.01M, Peak:48.01M | Scene, ViewLayer | Updating Meshes Flags
Fra:1 Mem:68.31M (Peak 87.17M) | Time:00:00.10 | Mem:48.01M, Peak:48.01M | Scene, ViewLayer | Updating Objects
Fra:1 Mem:68.31M (Peak 87.17M) | Time:00:00.10 | Mem:48.01M, Peak:48.01M | Scene, ViewLayer | Updating Objects | Copying Transformations to device
Fra:1 Mem:68.33M (Peak 87.17M) | Time:00:00.10 | Mem:48.02M, Peak:48.02M | Scene, ViewLayer | Updating Objects | Applying Static Transformations
Fra:1 Mem:68.33M (Peak 87.17M) | Time:00:00.10 | Mem:48.02M, Peak:48.02M | Scene, ViewLayer | Updating Particle Systems
Fra:1 Mem:68.33M (Peak 87.17M) | Time:00:00.10 | Mem:48.02M, Peak:48.02M | Scene, ViewLayer | Updating Particle Systems | Copying Particles to device
Fra:1 Mem:68.33M (Peak 87.17M) | Time:00:00.10 | Mem:48.02M, Peak:48.02M | Scene, ViewLayer | Updating Meshes
Fra:1 Mem:68.34M (Peak 87.17M) | Time:00:00.10 | Mem:48.02M, Peak:48.02M | Scene, ViewLayer | Updating Mesh | Computing attributes
Fra:1 Mem:68.45M (Peak 87.17M) | Time:00:00.10 | Mem:48.03M, Peak:48.03M | Scene, ViewLayer | Updating Mesh | Copying Attributes to device
Fra:1 Mem:68.43M (Peak 87.17M) | Time:00:00.10 | Mem:48.12M, Peak:48.12M | Scene, ViewLayer | Updating Geometry BVH MESH-armor-block-975ae6c56dd5c22ae720-lower-impact-rail 2/9 | Building BVH
Fra:1 Mem:68.43M (Peak 87.17M) | Time:00:00.10 | Mem:48.12M, Peak:48.12M | Scene, ViewLayer | Updating Geometry BVH MESH-armor-block-975ae6c56dd5c22ae720-upper-stepped-shoulder 9/9 | Building BVH
Fra:1 Mem:68.43M (Peak 87.17M) | Time:00:00.10 | Mem:48.12M, Peak:48.12M | Scene, ViewLayer | Updating Geometry BVH MESH-armor-block-975ae6c56dd5c22ae720-upper-stepped-shoulder 9/9 | Building BVH 0%
Fra:1 Mem:68.43M (Peak 87.17M) | Time:00:00.10 | Mem:48.12M, Peak:48.12M | Scene, ViewLayer | Updating Geometry BVH MESH-armor-block-975ae6c56dd5c22ae720-recess-shadow-seat 8/9 | Building BVH
Fra:1 Mem:68.43M (Peak 87.17M) | Time:00:00.10 | Mem:48.12M, Peak:48.12M | Scene, ViewLayer | Updating Geometry BVH MESH-armor-block-975ae6c56dd5c22ae720-closed-incoming-wrapped-b 6/9 | Building BVH
Fra:1 Mem:68.43M (Peak 87.17M) | Time:00:00.10 | Mem:48.12M, Peak:48.13M | Scene, ViewLayer | Updating Geometry BVH MESH-armor-block-975ae6c56dd5c22ae720-pale-wrapped-connector-in 7/9 | Building BVH
Fra:1 Mem:68.43M (Peak 87.17M) | Time:00:00.10 | Mem:48.13M, Peak:48.14M | Scene, ViewLayer | Updating Scene BVH | Building
Fra:1 Mem:68.43M (Peak 87.17M) | Time:00:00.10 | Mem:48.13M, Peak:48.14M | Scene, ViewLayer | Updating Scene BVH | Building BVH
Fra:1 Mem:68.43M (Peak 87.17M) | Time:00:00.10 | Mem:48.20M, Peak:48.22M | Scene, ViewLayer | Updating Scene BVH | Copying BVH to device
Fra:1 Mem:68.43M (Peak 87.17M) | Time:00:00.10 | Mem:48.20M, Peak:48.22M | Scene, ViewLayer | Updating Mesh | Computing normals
Fra:1 Mem:68.52M (Peak 87.17M) | Time:00:00.10 | Mem:48.20M, Peak:48.22M | Scene, ViewLayer | Updating Mesh | Copying Mesh to device
Fra:1 Mem:68.52M (Peak 87.17M) | Time:00:00.10 | Mem:48.29M, Peak:48.29M | Scene, ViewLayer | Updating Objects Flags
Fra:1 Mem:68.52M (Peak 87.17M) | Time:00:00.10 | Mem:48.29M, Peak:48.29M | Scene, ViewLayer | Updating Primitive Offsets
Fra:1 Mem:68.52M (Peak 87.17M) | Time:00:00.10 | Mem:48.30M, Peak:48.30M | Scene, ViewLayer | Updating Images
Fra:1 Mem:68.52M (Peak 87.17M) | Time:00:00.10 | Mem:48.30M, Peak:48.30M | Scene, ViewLayer | Updating Camera Volume
Fra:1 Mem:68.52M (Peak 87.17M) | Time:00:00.10 | Mem:48.30M, Peak:48.30M | Scene, ViewLayer | Updating Lookup Tables
Fra:1 Mem:68.52M (Peak 87.17M) | Time:00:00.10 | Mem:48.38M, Peak:48.38M | Scene, ViewLayer | Updating Lights
Fra:1 Mem:68.52M (Peak 87.17M) | Time:00:00.10 | Mem:48.38M, Peak:48.38M | Scene, ViewLayer | Updating Lights | Computing tree
Fra:1 Mem:68.53M (Peak 87.17M) | Time:00:00.10 | Mem:48.38M, Peak:48.38M | Scene, ViewLayer | Updating Integrator
Fra:1 Mem:68.53M (Peak 87.17M) | Time:00:00.10 | Mem:48.38M, Peak:48.38M | Scene, ViewLayer | Updating Film
Fra:1 Mem:68.53M (Peak 87.17M) | Time:00:00.10 | Mem:48.30M, Peak:48.38M | Scene, ViewLayer | Updating Lookup Tables
Fra:1 Mem:68.53M (Peak 87.17M) | Time:00:00.10 | Mem:48.39M, Peak:48.39M | Scene, ViewLayer | Updating Baking
Fra:1 Mem:68.53M (Peak 87.17M) | Time:00:00.10 | Mem:48.39M, Peak:48.39M | Scene, ViewLayer | Updating Device | Writing constant memory
Fra:1 Mem:68.53M (Peak 87.17M) | Time:00:00.10 | Mem:48.39M, Peak:48.39M | Scene, ViewLayer | Sample 0/64
Fra:1 Mem:105.63M (Peak 105.63M) | Time:00:00.20 | Remaining:00:06.54 | Mem:85.48M, Peak:85.48M | Scene, ViewLayer | Sample 1/64
Fra:1 Mem:122.11M (Peak 155.07M) | Time:00:05.69 | Mem:85.48M, Peak:85.48M | Scene, ViewLayer | Sample 64/64
Fra:1 Mem:122.11M (Peak 155.07M) | Time:00:05.69 | Mem:85.48M, Peak:85.48M | Scene, ViewLayer | Finished
Saved: '/root/sidereal_spacetime/assets/art-library/framed-wayfarer/r005/family-02/renders/heights.png'
Time: 00:05.79 (Saving: 00:00.09)

22:40:03 | INFO: Data are loaded, start creating Blender stuff
22:40:03 | INFO: Blender create Mesh node MESH-armor-block-49384936da4b4c531fcc-closed-incoming-wrapped-b
22:40:03 | INFO: Blender create Mesh node MESH-armor-block-49384936da4b4c531fcc-closed-outgoing-wrapped-b
22:40:03 | INFO: Blender create Mesh node MESH-armor-block-49384936da4b4c531fcc-closed-solid-body
22:40:03 | INFO: Blender create Mesh node MESH-armor-block-49384936da4b4c531fcc-interchangeable-plain-fac
22:40:03 | INFO: Blender create Mesh node MESH-armor-block-49384936da4b4c531fcc-lower-impact-rail
22:40:03 | INFO: Blender create Mesh node MESH-armor-block-49384936da4b4c531fcc-pale-wrapped-connector-ou
22:40:03 | INFO: Blender create Mesh node MESH-armor-block-49384936da4b4c531fcc-pale-wrapped-connector-in
22:40:03 | INFO: Blender create Mesh node MESH-armor-block-49384936da4b4c531fcc-recess-shadow-seat
22:40:03 | INFO: Blender create Mesh node MESH-armor-block-49384936da4b4c531fcc-upper-stepped-shoulder
22:40:03 | INFO: glTF import finished in 0.01s
22:40:03 | INFO: Data are loaded, start creating Blender stuff
22:40:03 | INFO: Blender create Mesh node MESH-armor-block-e8152b71edd21a544d55-closed-incoming-wrapped-b
22:40:03 | INFO: Blender create Mesh node MESH-armor-block-e8152b71edd21a544d55-closed-outgoing-wrapped-b
22:40:03 | INFO: Blender create Mesh node MESH-armor-block-e8152b71edd21a544d55-closed-solid-body
22:40:03 | INFO: Blender create Mesh node MESH-armor-block-e8152b71edd21a544d55-cyan-flush-status-lens
22:40:03 | INFO: Blender create Mesh node MESH-armor-block-e8152b71edd21a544d55-interchangeable-plain-fac
22:40:03 | INFO: Blender create Mesh node MESH-armor-block-e8152b71edd21a544d55-lower-impact-rail-right
22:40:03 | INFO: Blender create Mesh node MESH-armor-block-e8152b71edd21a544d55-lower-impact-rail-cut-poc
22:40:03 | INFO: Blender create Mesh node MESH-armor-block-e8152b71edd21a544d55-lower-impact-rail-left
22:40:03 | INFO: Blender create Mesh node MESH-armor-block-e8152b71edd21a544d55-pale-wrapped-connector-ou
22:40:03 | INFO: Blender create Mesh node MESH-armor-block-e8152b71edd21a544d55-pale-wrapped-connector-in
22:40:03 | INFO: Blender create Mesh node MESH-armor-block-e8152b71edd21a544d55-recess-shadow-seat
22:40:03 | INFO: Blender create Mesh node MESH-armor-block-e8152b71edd21a544d55-upper-stepped-shoulder
22:40:03 | INFO: glTF import finished in 0.01s
22:40:03 | INFO: Data are loaded, start creating Blender stuff
22:40:03 | INFO: Blender create Mesh node MESH-armor-block-c2da9d9d47c98c01ceb8-closed-incoming-wrapped-b
22:40:03 | INFO: Blender create Mesh node MESH-armor-block-c2da9d9d47c98c01ceb8-closed-outgoing-wrapped-b
22:40:03 | INFO: Blender create Mesh node MESH-armor-block-c2da9d9d47c98c01ceb8-closed-solid-body
22:40:03 | INFO: Blender create Mesh node MESH-armor-block-c2da9d9d47c98c01ceb8-cyan-flush-status-lens
22:40:03 | INFO: Blender create Mesh node MESH-armor-block-c2da9d9d47c98c01ceb8-interchangeable-plain-fac
22:40:03 | INFO: Blender create Mesh node MESH-armor-block-c2da9d9d47c98c01ceb8-lower-impact-rail-right
22:40:03 | INFO: Blender create Mesh node MESH-armor-block-c2da9d9d47c98c01ceb8-lower-impact-rail-cut-poc
22:40:03 | INFO: Blender create Mesh node MESH-armor-block-c2da9d9d47c98c01ceb8-lower-impact-rail-left
22:40:03 | INFO: Blender create Mesh node MESH-armor-block-c2da9d9d47c98c01ceb8-pale-wrapped-connector-ou
22:40:03 | INFO: Blender create Mesh node MESH-armor-block-c2da9d9d47c98c01ceb8-pale-wrapped-connector-in
22:40:03 | INFO: Blender create Mesh node MESH-armor-block-c2da9d9d47c98c01ceb8-recess-shadow-seat
22:40:03 | INFO: Blender create Mesh node MESH-armor-block-c2da9d9d47c98c01ceb8-upper-stepped-shoulder
22:40:03 | INFO: glTF import finished in 0.01s
22:40:03 | INFO: Data are loaded, start creating Blender stuff
22:40:03 | INFO: Blender create Mesh node MESH-armor-block-e7a26fe3b6e058621d39-closed-incoming-wrapped-b
22:40:03 | INFO: Blender create Mesh node MESH-armor-block-e7a26fe3b6e058621d39-closed-outgoing-wrapped-b
22:40:03 | INFO: Blender create Mesh node MESH-armor-block-e7a26fe3b6e058621d39-closed-solid-body
22:40:03 | INFO: Blender create Mesh node MESH-armor-block-e7a26fe3b6e058621d39-cyan-flush-status-lens
22:40:03 | INFO: Blender create Mesh node MESH-armor-block-e7a26fe3b6e058621d39-interchangeable-plain-fac
22:40:03 | INFO: Blender create Mesh node MESH-armor-block-e7a26fe3b6e058621d39-lower-impact-rail-right
22:40:03 | INFO: Blender create Mesh node MESH-armor-block-e7a26fe3b6e058621d39-lower-impact-rail-cut-poc
22:40:03 | INFO: Blender create Mesh node MESH-armor-block-e7a26fe3b6e058621d39-lower-impact-rail-left
22:40:03 | INFO: Blender create Mesh node MESH-armor-block-e7a26fe3b6e058621d39-pale-wrapped-connector-ou
22:40:03 | INFO: Blender create Mesh node MESH-armor-block-e7a26fe3b6e058621d39-pale-wrapped-connector-in
22:40:03 | INFO: Blender create Mesh node MESH-armor-block-e7a26fe3b6e058621d39-recess-shadow-seat
22:40:03 | INFO: Blender create Mesh node MESH-armor-block-e7a26fe3b6e058621d39-upper-stepped-shoulder
22:40:03 | INFO: glTF import finished in 0.01s
Fra:1 Mem:21.21M (Peak 21.21M) | Time:00:00.00 | Mem:0.00M, Peak:0.00M | Scene, ViewLayer | Synchronizing object | GEO-armor-block-49384936da4b4c531fcc--BACKING--closed-incoming-
Fra:1 Mem:21.21M (Peak 21.21M) | Time:00:00.00 | Mem:0.00M, Peak:0.00M | Scene, ViewLayer | Synchronizing object | GEO-armor-block-49384936da4b4c531fcc--BACKING--closed-solid-bod
Fra:1 Mem:21.23M (Peak 21.23M) | Time:00:00.00 | Mem:0.00M, Peak:0.00M | Scene, ViewLayer | Synchronizing object | GEO-armor-block-49384936da4b4c531fcc--FINISH--interchangeable-p
Fra:1 Mem:21.24M (Peak 21.24M) | Time:00:00.00 | Mem:0.00M, Peak:0.00M | Scene, ViewLayer | Synchronizing object | GEO-armor-block-49384936da4b4c531fcc--FINISH--lower-impact-rail
Fra:1 Mem:21.23M (Peak 21.24M) | Time:00:00.00 | Mem:0.00M, Peak:0.00M | Scene, ViewLayer | Synchronizing object | GEO-armor-block-e7a26fe3b6e058621d39--FINISH--upper-stepped-sho
Fra:1 Mem:21.26M (Peak 21.26M) | Time:00:00.00 | Mem:0.00M, Peak:0.00M | Scene, ViewLayer | Synchronizing object | GEO-armor-block-49384936da4b4c531fcc--FINISH--pale-wrapped-conn
Fra:1 Mem:21.26M (Peak 21.26M) | Time:00:00.00 | Mem:0.00M, Peak:0.00M | Scene, ViewLayer | Synchronizing object | GEO-armor-block-49384936da4b4c531fcc--FINISH--recess-shadow-sea
Fra:1 Mem:21.27M (Peak 21.27M) | Time:00:00.00 | Mem:0.00M, Peak:0.00M | Scene, ViewLayer | Synchronizing object | GEO-armor-block-e7a26fe3b6e058621d39--FINISH--recess-shadow-sea
Fra:1 Mem:21.26M (Peak 21.27M) | Time:00:00.00 | Mem:0.00M, Peak:0.00M | Scene, ViewLayer | Synchronizing object | GEO-armor-block-49384936da4b4c531fcc--FINISH--upper-stepped-sho
Fra:1 Mem:21.27M (Peak 21.27M) | Time:00:00.00 | Mem:0.00M, Peak:0.00M | Scene, ViewLayer | Synchronizing object | GEO-armor-block-e8152b71edd21a544d55--BACKING--closed-incoming-
Fra:1 Mem:21.28M (Peak 21.28M) | Time:00:00.00 | Mem:0.00M, Peak:0.00M | Scene, ViewLayer | Synchronizing object | GEO-armor-block-e7a26fe3b6e058621d39--FINISH--pale-wrapped-conn
Fra:1 Mem:21.27M (Peak 21.28M) | Time:00:00.00 | Mem:0.00M, Peak:0.00M | Scene, ViewLayer | Synchronizing object | GEO-armor-block-e8152b71edd21a544d55--BACKING--closed-solid-bod
Fra:1 Mem:21.29M (Peak 21.29M) | Time:00:00.00 | Mem:0.00M, Peak:0.00M | Scene, ViewLayer | Synchronizing object | GEO-armor-block-e7a26fe3b6e058621d39--FINISH--pale-wrapped-
Fra:1 Mem:21.28M (Peak 21.29M) | Time:00:00.00 | Mem:0.00M, Peak:0.00M | Scene, ViewLayer | Synchronizing object | GEO-armor-block-e8152b71edd21a544d55--FINISH--interchangeable-p
Fra:1 Mem:21.29M (Peak 21.29M) | Time:00:00.00 | Mem:0.00M, Peak:0.00M | Scene, ViewLayer | Synchronizing object | GEO-armor-block-e7a26fe3b6e058621d39--FINISH--lower-impact-rail
Fra:1 Mem:21.30M (Peak 21.30M) | Time:00:00.00 | Mem:0.00M, Peak:0.00M | Scene, ViewLayer | Synchronizing object | GEO-armor-block-e8152b71edd21a544d55--FINISH--lower-impact-
Fra:1 Mem:21.31M (Peak 21.31M) | Time:00:00.00 | Mem:0.00M, Peak:0.00M | Scene, ViewLayer | Synchronizing object | GEO-armor-block-e8152b71edd21a544d55--FINISH--lower-impact-.001
Fra:1 Mem:21.32M (Peak 21.32M) | Time:00:00.00 | Mem:0.00M, Peak:0.00M | Scene, ViewLayer | Synchronizing object | GEO-armor-block-e8152b71edd21a544d55--FINISH--lower-impact-rail
Fra:1 Mem:21.33M (Peak 21.33M) | Time:00:00.00 | Mem:0.00M, Peak:0.00M | Scene, ViewLayer | Synchronizing object | GEO-armor-block-e8152b71edd21a544d55--FINISH--pale-wrapped-
Fra:1 Mem:21.33M (Peak 21.33M) | Time:00:00.00 | Mem:0.00M, Peak:0.00M | Scene, ViewLayer | Synchronizing object | GEO-armor-block-e8152b71edd21a544d55--FINISH--pale-wrapped-conn
Fra:1 Mem:21.33M (Peak 21.33M) | Time:00:00.00 | Mem:0.00M, Peak:0.00M | Scene, ViewLayer | Synchronizing object | GEO-armor-block-e8152b71edd21a544d55--FINISH--recess-shadow-sea
Fra:1 Mem:21.33M (Peak 21.33M) | Time:00:00.00 | Mem:0.00M, Peak:0.00M | Scene, ViewLayer | Synchronizing object | GEO-armor-block-e8152b71edd21a544d55--FINISH--upper-stepped-sho
Fra:1 Mem:21.33M (Peak 21.33M) | Time:00:00.00 | Mem:0.00M, Peak:0.00M | Scene, ViewLayer | Synchronizing object | GEO-armor-block-c2da9d9d47c98c01ceb8--BACKING--closed-incoming-
Fra:1 Mem:21.34M (Peak 21.34M) | Time:00:00.00 | Mem:0.00M, Peak:0.00M | Scene, ViewLayer | Synchronizing object | GEO-armor-block-c2da9d9d47c98c01ceb8--BACKING--closed-outgoing-
Fra:1 Mem:21.34M (Peak 21.34M) | Time:00:00.00 | Mem:0.00M, Peak:0.00M | Scene, ViewLayer | Synchronizing object | GEO-armor-block-c2da9d9d47c98c01ceb8--BACKING--closed-solid-bod
Fra:1 Mem:21.35M (Peak 21.35M) | Time:00:00.00 | Mem:0.00M, Peak:0.00M | Scene, ViewLayer | Synchronizing object | GEO-armor-block-c2da9d9d47c98c01ceb8--FINISH--cyan-flush-status
Fra:1 Mem:21.35M (Peak 21.35M) | Time:00:00.00 | Mem:0.00M, Peak:0.00M | Scene, ViewLayer | Synchronizing object | GEO-armor-block-c2da9d9d47c98c01ceb8--FINISH--interchangeable-p
Fra:1 Mem:21.36M (Peak 21.36M) | Time:00:00.00 | Mem:0.00M, Peak:0.00M | Scene, ViewLayer | Synchronizing object | GEO-armor-block-c2da9d9d47c98c01ceb8--FINISH--lower-impact-
Fra:1 Mem:21.36M (Peak 21.36M) | Time:00:00.00 | Mem:0.00M, Peak:0.00M | Scene, ViewLayer | Synchronizing object | GEO-armor-block-c2da9d9d47c98c01ceb8--FINISH--lower-impact-.001
Fra:1 Mem:21.37M (Peak 21.37M) | Time:00:00.00 | Mem:0.00M, Peak:0.00M | Scene, ViewLayer | Synchronizing object | GEO-armor-block-c2da9d9d47c98c01ceb8--FINISH--lower-impact-rail
Fra:1 Mem:21.37M (Peak 21.37M) | Time:00:00.00 | Mem:0.00M, Peak:0.00M | Scene, ViewLayer | Synchronizing object | GEO-armor-block-c2da9d9d47c98c01ceb8--FINISH--pale-wrapped-
Fra:1 Mem:21.38M (Peak 21.38M) | Time:00:00.00 | Mem:0.00M, Peak:0.00M | Scene, ViewLayer | Synchronizing object | GEO-armor-block-c2da9d9d47c98c01ceb8--FINISH--pale-wrapped-conn
Fra:1 Mem:21.38M (Peak 21.38M) | Time:00:00.00 | Mem:0.00M, Peak:0.00M | Scene, ViewLayer | Synchronizing object | GEO-armor-block-c2da9d9d47c98c01ceb8--FINISH--recess-shadow-sea
Fra:1 Mem:21.39M (Peak 21.39M) | Time:00:00.00 | Mem:0.00M, Peak:0.00M | Scene, ViewLayer | Synchronizing object | GEO-armor-block-c2da9d9d47c98c01ceb8--FINISH--upper-stepped-sho
Fra:1 Mem:21.39M (Peak 21.39M) | Time:00:00.00 | Mem:0.00M, Peak:0.00M | Scene, ViewLayer | Synchronizing object | GEO-armor-block-e7a26fe3b6e058621d39--BACKING--closed-incoming-
Fra:1 Mem:21.40M (Peak 21.40M) | Time:00:00.00 | Mem:0.00M, Peak:0.00M | Scene, ViewLayer | Synchronizing object | GEO-armor-block-e7a26fe3b6e058621d39--BACKING--closed-outgoing-
Fra:1 Mem:21.40M (Peak 21.40M) | Time:00:00.00 | Mem:0.00M, Peak:0.00M | Scene, ViewLayer | Synchronizing object | GEO-armor-block-e7a26fe3b6e058621d39--BACKING--closed-solid-bod
Fra:1 Mem:21.41M (Peak 21.41M) | Time:00:00.00 | Mem:0.00M, Peak:0.00M | Scene, ViewLayer | Synchronizing object | GEO-armor-block-e7a26fe3b6e058621d39--FINISH--cyan-flush-status
Fra:1 Mem:21.41M (Peak 21.41M) | Time:00:00.00 | Mem:0.00M, Peak:0.00M | Scene, ViewLayer | Synchronizing object | GEO-armor-block-e7a26fe3b6e058621d39--FINISH--interchangeable-p
Fra:1 Mem:21.42M (Peak 21.42M) | Time:00:00.00 | Mem:0.00M, Peak:0.00M | Scene, ViewLayer | Synchronizing object | GEO-armor-block-e7a26fe3b6e058621d39--FINISH--lower-impact-
Fra:1 Mem:21.43M (Peak 21.43M) | Time:00:00.00 | Mem:0.00M, Peak:0.00M | Scene, ViewLayer | Synchronizing object | GEO-armor-block-e7a26fe3b6e058621d39--FINISH--lower-impact-.001
Fra:1 Mem:21.44M (Peak 21.44M) | Time:00:00.00 | Mem:0.00M, Peak:0.00M | Scene, ViewLayer | Initializing
Fra:1 Mem:21.26M (Peak 21.44M) | Time:00:00.00 | Mem:0.00M, Peak:0.00M | Scene, ViewLayer | Updating Images | Loading armor-basecolor
Fra:1 Mem:21.26M (Peak 21.44M) | Time:00:00.00 | Mem:0.00M, Peak:0.00M | Scene, ViewLayer | Updating Images | Loading armor-roughness
Fra:1 Mem:29.26M (Peak 29.26M) | Time:00:00.00 | Mem:0.00M, Peak:0.00M | Scene, ViewLayer | Updating Images | Loading armor-normal
Fra:1 Mem:37.27M (Peak 45.27M) | Time:00:00.01 | Mem:4.00M, Peak:4.00M | Scene, ViewLayer | Updating Images | Loading armor-roughness.003
Fra:1 Mem:49.28M (Peak 57.29M) | Time:00:00.01 | Mem:8.00M, Peak:8.00M | Scene, ViewLayer | Updating Images | Loading armor-basecolor.001
Fra:1 Mem:53.28M (Peak 61.29M) | Time:00:00.02 | Mem:12.00M, Peak:12.00M | Scene, ViewLayer | Updating Images | Loading armor-roughness.001
Fra:1 Mem:45.27M (Peak 61.29M) | Time:00:00.02 | Mem:16.00M, Peak:16.00M | Scene, ViewLayer | Updating Images | Loading armor-normal.001
Fra:1 Mem:53.27M (Peak 61.29M) | Time:00:00.03 | Mem:20.00M, Peak:20.00M | Scene, ViewLayer | Updating Images | Loading armor-basecolor.003
Fra:1 Mem:57.27M (Peak 65.28M) | Time:00:00.03 | Mem:24.00M, Peak:24.00M | Scene, ViewLayer | Updating Images | Loading armor-basecolor.002
Fra:1 Mem:69.28M (Peak 77.29M) | Time:00:00.04 | Mem:28.00M, Peak:28.00M | Scene, ViewLayer | Updating Images | Loading armor-roughness.002
Fra:1 Mem:65.27M (Peak 77.29M) | Time:00:00.04 | Mem:32.00M, Peak:32.00M | Scene, ViewLayer | Updating Images | Loading armor-normal.002
Fra:1 Mem:67.14M (Peak 77.29M) | Time:00:00.11 | Mem:48.00M, Peak:48.00M | Scene, ViewLayer | Waiting for render to start
Fra:1 Mem:67.14M (Peak 77.29M) | Time:00:00.11 | Mem:48.00M, Peak:48.00M | Scene, ViewLayer | Loading render kernels (may take a few minutes the first time)
Fra:1 Mem:67.14M (Peak 77.29M) | Time:00:00.11 | Mem:48.00M, Peak:48.00M | Scene, ViewLayer | Updating Scene
Fra:1 Mem:67.14M (Peak 77.29M) | Time:00:00.11 | Mem:48.00M, Peak:48.00M | Scene, ViewLayer | Updating Shaders
Fra:1 Mem:67.22M (Peak 77.29M) | Time:00:00.11 | Mem:48.01M, Peak:48.01M | Scene, ViewLayer | Updating Procedurals
Fra:1 Mem:67.22M (Peak 77.29M) | Time:00:00.11 | Mem:48.01M, Peak:48.01M | Scene, ViewLayer | Updating Background
Fra:1 Mem:67.22M (Peak 77.29M) | Time:00:00.11 | Mem:48.01M, Peak:48.01M | Scene, ViewLayer | Updating Camera
Fra:1 Mem:67.22M (Peak 77.29M) | Time:00:00.11 | Mem:48.01M, Peak:48.01M | Scene, ViewLayer | Updating Meshes Flags
Fra:1 Mem:67.22M (Peak 77.29M) | Time:00:00.11 | Mem:48.01M, Peak:48.01M | Scene, ViewLayer | Updating Objects
Fra:1 Mem:67.22M (Peak 77.29M) | Time:00:00.11 | Mem:48.01M, Peak:48.01M | Scene, ViewLayer | Updating Objects | Copying Transformations to device
Fra:1 Mem:67.23M (Peak 77.29M) | Time:00:00.11 | Mem:48.02M, Peak:48.02M | Scene, ViewLayer | Updating Objects | Applying Static Transformations
Fra:1 Mem:67.23M (Peak 77.29M) | Time:00:00.11 | Mem:48.02M, Peak:48.02M | Scene, ViewLayer | Updating Particle Systems
Fra:1 Mem:67.23M (Peak 77.29M) | Time:00:00.11 | Mem:48.02M, Peak:48.02M | Scene, ViewLayer | Updating Particle Systems | Copying Particles to device
Fra:1 Mem:67.24M (Peak 77.29M) | Time:00:00.11 | Mem:48.02M, Peak:48.02M | Scene, ViewLayer | Updating Meshes
Fra:1 Mem:67.25M (Peak 77.29M) | Time:00:00.11 | Mem:48.02M, Peak:48.02M | Scene, ViewLayer | Updating Mesh | Computing attributes
Fra:1 Mem:67.36M (Peak 77.29M) | Time:00:00.11 | Mem:48.02M, Peak:48.02M | Scene, ViewLayer | Updating Mesh | Copying Attributes to device
Fra:1 Mem:67.34M (Peak 77.29M) | Time:00:00.11 | Mem:48.11M, Peak:48.11M | Scene, ViewLayer | Updating Scene BVH | Building
Fra:1 Mem:67.34M (Peak 77.29M) | Time:00:00.11 | Mem:48.11M, Peak:48.11M | Scene, ViewLayer | Updating Scene BVH | Building BVH
Fra:1 Mem:67.34M (Peak 77.29M) | Time:00:00.11 | Mem:48.14M, Peak:48.14M | Scene, ViewLayer | Updating Scene BVH | Building BVH 0%
Fra:1 Mem:67.34M (Peak 77.29M) | Time:00:00.11 | Mem:48.17M, Peak:48.20M | Scene, ViewLayer | Updating Scene BVH | Copying BVH to device
Fra:1 Mem:67.34M (Peak 77.29M) | Time:00:00.11 | Mem:48.17M, Peak:48.20M | Scene, ViewLayer | Updating Mesh | Computing normals
Fra:1 Mem:67.43M (Peak 77.29M) | Time:00:00.11 | Mem:48.17M, Peak:48.20M | Scene, ViewLayer | Updating Mesh | Copying Mesh to device
Fra:1 Mem:67.43M (Peak 77.29M) | Time:00:00.11 | Mem:48.26M, Peak:48.26M | Scene, ViewLayer | Updating Objects Flags
Fra:1 Mem:67.43M (Peak 77.29M) | Time:00:00.11 | Mem:48.26M, Peak:48.26M | Scene, ViewLayer | Updating Primitive Offsets
Fra:1 Mem:67.43M (Peak 77.29M) | Time:00:00.11 | Mem:48.26M, Peak:48.26M | Scene, ViewLayer | Updating Images
Fra:1 Mem:67.43M (Peak 77.29M) | Time:00:00.11 | Mem:48.26M, Peak:48.26M | Scene, ViewLayer | Updating Camera Volume
Fra:1 Mem:67.43M (Peak 77.29M) | Time:00:00.11 | Mem:48.26M, Peak:48.26M | Scene, ViewLayer | Updating Lookup Tables
Fra:1 Mem:67.43M (Peak 77.29M) | Time:00:00.11 | Mem:48.34M, Peak:48.34M | Scene, ViewLayer | Updating Lights
Fra:1 Mem:67.43M (Peak 77.29M) | Time:00:00.11 | Mem:48.34M, Peak:48.34M | Scene, ViewLayer | Updating Lights | Computing tree
Fra:1 Mem:67.44M (Peak 77.29M) | Time:00:00.11 | Mem:48.35M, Peak:48.35M | Scene, ViewLayer | Updating Integrator
Fra:1 Mem:67.44M (Peak 77.29M) | Time:00:00.11 | Mem:48.35M, Peak:48.35M | Scene, ViewLayer | Updating Film
Fra:1 Mem:67.44M (Peak 77.29M) | Time:00:00.11 | Mem:48.27M, Peak:48.35M | Scene, ViewLayer | Updating Lookup Tables
Fra:1 Mem:67.44M (Peak 77.29M) | Time:00:00.11 | Mem:48.35M, Peak:48.35M | Scene, ViewLayer | Updating Baking
Fra:1 Mem:67.44M (Peak 77.29M) | Time:00:00.11 | Mem:48.35M, Peak:48.35M | Scene, ViewLayer | Updating Device | Writing constant memory
Fra:1 Mem:67.44M (Peak 77.29M) | Time:00:00.11 | Mem:48.35M, Peak:48.35M | Scene, ViewLayer | Sample 0/64
Fra:1 Mem:104.53M (Peak 104.53M) | Time:00:00.24 | Remaining:00:08.25 | Mem:85.44M, Peak:85.44M | Scene, ViewLayer | Sample 1/64
Fra:1 Mem:121.02M (Peak 153.98M) | Time:00:05.41 | Mem:85.44M, Peak:85.44M | Scene, ViewLayer | Sample 64/64
Fra:1 Mem:121.02M (Peak 153.98M) | Time:00:05.41 | Mem:85.44M, Peak:85.44M | Scene, ViewLayer | Finished
Saved: '/root/sidereal_spacetime/assets/art-library/framed-wayfarer/r005/family-02/renders/bulkheads.png'
Time: 00:05.57 (Saving: 00:00.15)

22:40:09 | INFO: Data are loaded, start creating Blender stuff
22:40:09 | INFO: Blender create Mesh node MESH-armor-block-8233c1a3a948a91de0c7-closed-incoming-wrapped-b
22:40:09 | INFO: Blender create Mesh node MESH-armor-block-8233c1a3a948a91de0c7-closed-outgoing-wrapped-b
22:40:09 | INFO: Blender create Mesh node MESH-armor-block-8233c1a3a948a91de0c7-closed-solid-body
22:40:09 | INFO: Blender create Mesh node MESH-armor-block-8233c1a3a948a91de0c7-interchangeable-plain-fac
22:40:09 | INFO: Blender create Mesh node MESH-armor-block-8233c1a3a948a91de0c7-lower-impact-rail
22:40:09 | INFO: Blender create Mesh node MESH-armor-block-8233c1a3a948a91de0c7-pale-wrapped-connector-ou
22:40:09 | INFO: Blender create Mesh node MESH-armor-block-8233c1a3a948a91de0c7-pale-wrapped-connector-in
22:40:09 | INFO: Blender create Mesh node MESH-armor-block-8233c1a3a948a91de0c7-recess-shadow-seat
22:40:09 | INFO: Blender create Mesh node MESH-armor-block-8233c1a3a948a91de0c7-upper-stepped-shoulder
22:40:09 | INFO: glTF import finished in 0.00s
22:40:09 | INFO: Data are loaded, start creating Blender stuff
22:40:09 | INFO: Blender create Mesh node MESH-armor-block-a252a121923cfb248f94-closed-incoming-wrapped-b
22:40:09 | INFO: Blender create Mesh node MESH-armor-block-a252a121923cfb248f94-closed-outgoing-wrapped-b
22:40:09 | INFO: Blender create Mesh node MESH-armor-block-a252a121923cfb248f94-closed-solid-body
22:40:09 | INFO: Blender create Mesh node MESH-armor-block-a252a121923cfb248f94-interchangeable-plain-fac
22:40:09 | INFO: Blender create Mesh node MESH-armor-block-a252a121923cfb248f94-lower-impact-rail
22:40:09 | INFO: Blender create Mesh node MESH-armor-block-a252a121923cfb248f94-pale-wrapped-connector-ou
22:40:09 | INFO: Blender create Mesh node MESH-armor-block-a252a121923cfb248f94-pale-wrapped-connector-in
22:40:09 | INFO: Blender create Mesh node MESH-armor-block-a252a121923cfb248f94-recess-shadow-seat
22:40:09 | INFO: Blender create Mesh node MESH-armor-block-a252a121923cfb248f94-upper-stepped-shoulder
22:40:09 | INFO: glTF import finished in 0.00s
22:40:09 | INFO: Data are loaded, start creating Blender stuff
22:40:09 | INFO: Blender create Mesh node MESH-armor-block-981bd24736c640366791-closed-incoming-wrapped-b
22:40:09 | INFO: Blender create Mesh node MESH-armor-block-981bd24736c640366791-closed-outgoing-wrapped-b
22:40:09 | INFO: Blender create Mesh node MESH-armor-block-981bd24736c640366791-closed-solid-body
22:40:09 | INFO: Blender create Mesh node MESH-armor-block-981bd24736c640366791-interchangeable-plain-fac
22:40:09 | INFO: Blender create Mesh node MESH-armor-block-981bd24736c640366791-lower-impact-rail
22:40:09 | INFO: Blender create Mesh node MESH-armor-block-981bd24736c640366791-pale-wrapped-connector-ou
22:40:09 | INFO: Blender create Mesh node MESH-armor-block-981bd24736c640366791-pale-wrapped-connector-in
22:40:09 | INFO: Blender create Mesh node MESH-armor-block-981bd24736c640366791-recess-shadow-seat
22:40:09 | INFO: Blender create Mesh node MESH-armor-block-981bd24736c640366791-upper-stepped-shoulder
22:40:09 | INFO: glTF import finished in 0.00s
22:40:09 | INFO: Data are loaded, start creating Blender stuff
22:40:09 | INFO: Blender create Mesh node MESH-armor-block-7bcf58fae727b968e126-closed-incoming-wrapped-b
22:40:09 | INFO: Blender create Mesh node MESH-armor-block-7bcf58fae727b968e126-closed-outgoing-wrapped-b
22:40:09 | INFO: Blender create Mesh node MESH-armor-block-7bcf58fae727b968e126-closed-solid-body
22:40:09 | INFO: Blender create Mesh node MESH-armor-block-7bcf58fae727b968e126-interchangeable-plain-fac
22:40:09 | INFO: Blender create Mesh node MESH-armor-block-7bcf58fae727b968e126-lower-impact-rail
22:40:09 | INFO: Blender create Mesh node MESH-armor-block-7bcf58fae727b968e126-pale-wrapped-connector-ou
22:40:09 | INFO: Blender create Mesh node MESH-armor-block-7bcf58fae727b968e126-pale-wrapped-connector-in
22:40:09 | INFO: Blender create Mesh node MESH-armor-block-7bcf58fae727b968e126-recess-shadow-seat
22:40:09 | INFO: Blender create Mesh node MESH-armor-block-7bcf58fae727b968e126-upper-stepped-shoulder
22:40:09 | INFO: glTF import finished in 0.00s
22:40:09 | INFO: Data are loaded, start creating Blender stuff
22:40:09 | INFO: Blender create Mesh node MESH-armor-block-825d61aeb52f08f61c14-closed-incoming-wrapped-b
22:40:09 | INFO: Blender create Mesh node MESH-armor-block-825d61aeb52f08f61c14-closed-outgoing-wrapped-b
22:40:09 | INFO: Blender create Mesh node MESH-armor-block-825d61aeb52f08f61c14-closed-solid-body
22:40:09 | INFO: Blender create Mesh node MESH-armor-block-825d61aeb52f08f61c14-interchangeable-plain-fac
22:40:09 | INFO: Blender create Mesh node MESH-armor-block-825d61aeb52f08f61c14-lower-impact-rail
22:40:09 | INFO: Blender create Mesh node MESH-armor-block-825d61aeb52f08f61c14-pale-wrapped-connector-ou
22:40:09 | INFO: Blender create Mesh node MESH-armor-block-825d61aeb52f08f61c14-pale-wrapped-connector-in
22:40:09 | INFO: Blender create Mesh node MESH-armor-block-825d61aeb52f08f61c14-recess-shadow-seat
22:40:09 | INFO: Blender create Mesh node MESH-armor-block-825d61aeb52f08f61c14-upper-stepped-shoulder
22:40:09 | INFO: glTF import finished in 0.01s
Fra:1 Mem:36.16M (Peak 36.16M) | Time:00:00.01 | Mem:0.00M, Peak:0.00M | Scene, ViewLayer | Synchronizing object | GEO-armor-block-981bd24736c640366791--FINISH--lower-impact-
Fra:1 Mem:36.17M (Peak 36.17M) | Time:00:00.01 | Mem:0.00M, Peak:0.00M | Scene, ViewLayer | Synchronizing object | GEO-armor-block-981bd24736c640366791--FINISH--recess-shadow
Fra:1 Mem:36.18M (Peak 36.18M) | Time:00:00.01 | Mem:0.00M, Peak:0.00M | Scene, ViewLayer | Synchronizing object | GEO-armor-block-981bd24736c640366791--BACKING--closed-incom
Fra:1 Mem:36.18M (Peak 36.18M) | Time:00:00.01 | Mem:0.00M, Peak:0.00M | Scene, ViewLayer | Synchronizing object | GEO-armor-block-981bd24736c640366791--BACKING--closed-solid
Fra:1 Mem:36.18M (Peak 36.18M) | Time:00:00.01 | Mem:0.00M, Peak:0.00M | Scene, ViewLayer | Synchronizing object | GEO-armor-block-981bd24736c640366791--FINISH--upper-stepped
Fra:1 Mem:36.19M (Peak 36.19M) | Time:00:00.01 | Mem:0.00M, Peak:0.00M | Scene, ViewLayer | Synchronizing object | GEO-armor-block-981bd24736c640366791--BACKING--closed-outgo
Fra:1 Mem:36.20M (Peak 36.20M) | Time:00:00.01 | Mem:0.00M, Peak:0.00M | Scene, ViewLayer | Synchronizing object | GEO-armor-block-981bd24736c640366791--FINISH--interchangeab
Fra:1 Mem:36.21M (Peak 36.21M) | Time:00:00.01 | Mem:0.00M, Peak:0.00M | Scene, ViewLayer | Synchronizing object | GEO-armor-block-981bd24736c640366791--FINISH--pale-wrapped-.001
Fra:1 Mem:36.21M (Peak 36.21M) | Time:00:00.01 | Mem:0.00M, Peak:0.00M | Scene, ViewLayer | Synchronizing object | GEO-armor-block-981bd24736c640366791--FINISH--pale-wrapped-.002
Fra:1 Mem:36.22M (Peak 36.22M) | Time:00:00.01 | Mem:0.00M, Peak:0.00M | Scene, ViewLayer | Synchronizing object | GEO-armor-block-a252a121923cfb248f94--FINISH--lower-impact-
Fra:1 Mem:36.22M (Peak 36.22M) | Time:00:00.01 | Mem:0.00M, Peak:0.00M | Scene, ViewLayer | Synchronizing object | GEO-armor-block-a252a121923cfb248f94--FINISH--recess-shadow
Fra:1 Mem:36.23M (Peak 36.23M) | Time:00:00.01 | Mem:0.00M, Peak:0.00M | Scene, ViewLayer | Synchronizing object | GEO-armor-block-a252a121923cfb248f94--BACKING--closed-solid
Fra:1 Mem:36.23M (Peak 36.23M) | Time:00:00.01 | Mem:0.00M, Peak:0.00M | Scene, ViewLayer | Synchronizing object | GEO-armor-block-a252a121923cfb248f94--FINISH--upper-stepped
Fra:1 Mem:36.24M (Peak 36.24M) | Time:00:00.01 | Mem:0.00M, Peak:0.00M | Scene, ViewLayer | Synchronizing object | GEO-armor-block-a252a121923cfb248f94--BACKING--closed-outgo
Fra:1 Mem:36.24M (Peak 36.24M) | Time:00:00.01 | Mem:0.00M, Peak:0.00M | Scene, ViewLayer | Synchronizing object | GEO-armor-block-a252a121923cfb248f94--BACKING--closed-incom
Fra:1 Mem:36.24M (Peak 36.24M) | Time:00:00.01 | Mem:0.00M, Peak:0.00M | Scene, ViewLayer | Synchronizing object | GEO-armor-block-a252a121923cfb248f94--FINISH--interchangeab
Fra:1 Mem:36.26M (Peak 36.26M) | Time:00:00.01 | Mem:0.00M, Peak:0.00M | Scene, ViewLayer | Synchronizing object | GEO-armor-block-a252a121923cfb248f94--FINISH--pale-wrapped-.001
Fra:1 Mem:36.26M (Peak 36.26M) | Time:00:00.01 | Mem:0.00M, Peak:0.00M | Scene, ViewLayer | Synchronizing object | GEO-armor-block-a252a121923cfb248f94--FINISH--pale-wrapped-.002
Fra:1 Mem:36.28M (Peak 36.28M) | Time:00:00.01 | Mem:0.00M, Peak:0.00M | Scene, ViewLayer | Synchronizing object | GEO-armor-block-8233c1a3a948a91de0c7--BACKING--closed-outgo
Fra:1 Mem:36.27M (Peak 36.28M) | Time:00:00.01 | Mem:0.00M, Peak:0.00M | Scene, ViewLayer | Synchronizing object | GEO-armor-block-8233c1a3a948a91de0c7--BACKING--closed-incom
Fra:1 Mem:36.28M (Peak 36.28M) | Time:00:00.01 | Mem:0.00M, Peak:0.00M | Scene, ViewLayer | Synchronizing object | GEO-armor-block-8233c1a3a948a91de0c7--FINISH--interchangeab
Fra:1 Mem:36.28M (Peak 36.28M) | Time:00:00.01 | Mem:0.00M, Peak:0.00M | Scene, ViewLayer | Synchronizing object | GEO-armor-block-8233c1a3a948a91de0c7--FINISH--pale-wrapped-.001
Fra:1 Mem:36.30M (Peak 36.30M) | Time:00:00.01 | Mem:0.00M, Peak:0.00M | Scene, ViewLayer | Synchronizing object | GEO-armor-block-8233c1a3a948a91de0c7--FINISH--pale-wrapped-.002
Fra:1 Mem:36.30M (Peak 36.30M) | Time:00:00.01 | Mem:0.00M, Peak:0.00M | Scene, ViewLayer | Synchronizing object | GEO-armor-block-8233c1a3a948a91de0c7--BACKING--closed-solid
Fra:1 Mem:36.31M (Peak 36.31M) | Time:00:00.01 | Mem:0.00M, Peak:0.00M | Scene, ViewLayer | Synchronizing object | GEO-armor-block-8233c1a3a948a91de0c7--FINISH--lower-impact-
Fra:1 Mem:36.32M (Peak 36.32M) | Time:00:00.01 | Mem:0.00M, Peak:0.00M | Scene, ViewLayer | Synchronizing object | GEO-armor-block-8233c1a3a948a91de0c7--FINISH--upper-stepped
Fra:1 Mem:36.31M (Peak 36.32M) | Time:00:00.01 | Mem:0.00M, Peak:0.00M | Scene, ViewLayer | Synchronizing object | GEO-armor-block-7bcf58fae727b968e126--FINISH--pale-wrapped-.001
Fra:1 Mem:36.33M (Peak 36.33M) | Time:00:00.01 | Mem:0.00M, Peak:0.00M | Scene, ViewLayer | Synchronizing object | GEO-armor-block-7bcf58fae727b968e126--BACKING--closed-solid
Fra:1 Mem:36.33M (Peak 36.33M) | Time:00:00.01 | Mem:0.00M, Peak:0.00M | Scene, ViewLayer | Synchronizing object | GEO-armor-block-7bcf58fae727b968e126--FINISH--lower-impact-
Fra:1 Mem:36.33M (Peak 36.33M) | Time:00:00.01 | Mem:0.00M, Peak:0.00M | Scene, ViewLayer | Synchronizing object | GEO-armor-block-7bcf58fae727b968e126--BACKING--closed-incom
Fra:1 Mem:36.35M (Peak 36.35M) | Time:00:00.01 | Mem:0.00M, Peak:0.00M | Scene, ViewLayer | Synchronizing object | GEO-armor-block-7bcf58fae727b968e126--FINISH--pale-wrapped-.002
Fra:1 Mem:36.35M (Peak 36.35M) | Time:00:00.01 | Mem:0.00M, Peak:0.00M | Scene, ViewLayer | Synchronizing object | GEO-armor-block-7bcf58fae727b968e126--BACKING--closed-outgo
Fra:1 Mem:36.36M (Peak 36.36M) | Time:00:00.01 | Mem:0.00M, Peak:0.00M | Scene, ViewLayer | Synchronizing object | GEO-armor-block-7bcf58fae727b968e126--FINISH--recess-shadow
Fra:1 Mem:36.35M (Peak 36.36M) | Time:00:00.01 | Mem:0.00M, Peak:0.00M | Scene, ViewLayer | Synchronizing object | GEO-armor-block-7bcf58fae727b968e126--FINISH--interchangeab
Fra:1 Mem:36.37M (Peak 36.37M) | Time:00:00.01 | Mem:0.00M, Peak:0.00M | Scene, ViewLayer | Synchronizing object | GEO-armor-block-7bcf58fae727b968e126--FINISH--upper-stepped
Fra:1 Mem:36.38M (Peak 36.38M) | Time:00:00.01 | Mem:0.00M, Peak:0.00M | Scene, ViewLayer | Synchronizing object | GEO-armor-block-825d61aeb52f08f61c14--FINISH--interchangeab
Fra:1 Mem:36.39M (Peak 36.38M) | Time:00:00.01 | Mem:0.00M, Peak:0.00M | Scene, ViewLayer | Synchronizing object | GEO-armor-block-825d61aeb52f08f61c14--BACKING--closed-solid
Fra:1 Mem:36.39M (Peak 36.39M) | Time:00:00.01 | Mem:0.00M, Peak:0.00M | Scene, ViewLayer | Synchronizing object | GEO-armor-block-825d61aeb52f08f61c14--FINISH--pale-wrapped-.001
Fra:1 Mem:36.39M (Peak 36.39M) | Time:00:00.01 | Mem:0.00M, Peak:0.00M | Scene, ViewLayer | Synchronizing object | GEO-armor-block-825d61aeb52f08f61c14--FINISH--pale-wrapped-.002
Fra:1 Mem:36.41M (Peak 36.41M) | Time:00:00.01 | Mem:0.00M, Peak:0.00M | Scene, ViewLayer | Synchronizing object | GEO-armor-block-825d61aeb52f08f61c14--BACKING--closed-outgo
Fra:1 Mem:36.40M (Peak 36.41M) | Time:00:00.01 | Mem:0.00M, Peak:0.00M | Scene, ViewLayer | Synchronizing object | GEO-armor-block-825d61aeb52f08f61c14--FINISH--upper-stepped
Fra:1 Mem:36.41M (Peak 36.41M) | Time:00:00.01 | Mem:0.00M, Peak:0.00M | Scene, ViewLayer | Synchronizing object | GEO-armor-block-825d61aeb52f08f61c14--FINISH--recess-shadow
Fra:1 Mem:36.42M (Peak 36.42M) | Time:00:00.01 | Mem:0.00M, Peak:0.00M | Scene, ViewLayer | Synchronizing object | GEO-armor-block-825d61aeb52f08f61c14--FINISH--lower-impact-
Fra:1 Mem:36.42M (Peak 36.42M) | Time:00:00.01 | Mem:0.00M, Peak:0.00M | Scene, ViewLayer | Synchronizing object | GEO-armor-block-825d61aeb52f08f61c14--BACKING--closed-incom
Fra:1 Mem:36.42M (Peak 36.42M) | Time:00:00.01 | Mem:0.00M, Peak:0.00M | Scene, ViewLayer | Initializing
Fra:1 Mem:35.28M (Peak 36.42M) | Time:00:00.01 | Mem:0.00M, Peak:0.00M | Scene, ViewLayer | Updating Images | Loading armor-roughness.002
Fra:1 Mem:35.28M (Peak 36.42M) | Time:00:00.01 | Mem:0.00M, Peak:0.00M | Scene, ViewLayer | Updating Images | Loading armor-normal.002
Fra:1 Mem:55.31M (Peak 63.30M) | Time:00:00.02 | Mem:4.00M, Peak:4.00M | Scene, ViewLayer | Updating Images | Loading armor-roughness.004
Fra:1 Mem:55.30M (Peak 63.31M) | Time:00:00.02 | Mem:8.00M, Peak:8.00M | Scene, ViewLayer | Updating Images | Loading armor-basecolor.001
Fra:1 Mem:59.30M (Peak 67.31M) | Time:00:00.02 | Mem:12.00M, Peak:12.00M | Scene, ViewLayer | Updating Images | Loading armor-roughness.001
Fra:1 Mem:63.30M (Peak 71.31M) | Time:00:00.03 | Mem:16.00M, Peak:16.00M | Scene, ViewLayer | Updating Images | Loading armor-normal.001
Fra:1 Mem:75.31M (Peak 83.32M) | Time:00:00.04 | Mem:20.00M, Peak:20.00M | Scene, ViewLayer | Updating Images | Loading armor-basecolor.004
Fra:1 Mem:71.30M (Peak 83.32M) | Time:00:00.04 | Mem:24.00M, Peak:24.00M | Scene, ViewLayer | Updating Images | Loading armor-basecolor
Fra:1 Mem:83.31M (Peak 91.32M) | Time:00:00.04 | Mem:28.00M, Peak:28.00M | Scene, ViewLayer | Updating Images | Loading armor-roughness
Fra:1 Mem:79.30M (Peak 91.32M) | Time:00:00.04 | Mem:32.00M, Peak:32.00M | Scene, ViewLayer | Updating Images | Loading armor-normal
Fra:1 Mem:99.32M (Peak 107.33M) | Time:00:00.06 | Mem:36.00M, Peak:36.00M | Scene, ViewLayer | Updating Images | Loading armor-basecolor.003
Fra:1 Mem:99.32M (Peak 107.33M) | Time:00:00.06 | Mem:40.00M, Peak:40.00M | Scene, ViewLayer | Updating Images | Loading armor-normal.003
Fra:1 Mem:95.31M (Peak 107.33M) | Time:00:00.06 | Mem:44.00M, Peak:44.00M | Scene, ViewLayer | Updating Images | Loading armor-roughness.003
Fra:1 Mem:87.56M (Peak 111.32M) | Time:00:00.07 | Mem:60.00M, Peak:60.00M | Scene, ViewLayer | Waiting for render to start
Fra:1 Mem:87.56M (Peak 111.32M) | Time:00:00.07 | Mem:60.00M, Peak:60.00M | Scene, ViewLayer | Loading render kernels (may take a few minutes the first time)
Fra:1 Mem:87.56M (Peak 111.32M) | Time:00:00.07 | Mem:60.00M, Peak:60.00M | Scene, ViewLayer | Updating Scene
Fra:1 Mem:87.56M (Peak 111.32M) | Time:00:00.07 | Mem:60.00M, Peak:60.00M | Scene, ViewLayer | Updating Shaders
Fra:1 Mem:87.65M (Peak 111.32M) | Time:00:00.07 | Mem:60.00M, Peak:60.00M | Scene, ViewLayer | Updating Procedurals
Fra:1 Mem:87.65M (Peak 111.32M) | Time:00:00.07 | Mem:60.00M, Peak:60.00M | Scene, ViewLayer | Updating Background
Fra:1 Mem:87.65M (Peak 111.32M) | Time:00:00.07 | Mem:60.00M, Peak:60.00M | Scene, ViewLayer | Updating Camera
Fra:1 Mem:87.65M (Peak 111.32M) | Time:00:00.07 | Mem:60.00M, Peak:60.00M | Scene, ViewLayer | Updating Meshes Flags
Fra:1 Mem:87.65M (Peak 111.32M) | Time:00:00.07 | Mem:60.00M, Peak:60.00M | Scene, ViewLayer | Updating Objects
Fra:1 Mem:87.65M (Peak 111.32M) | Time:00:00.07 | Mem:60.00M, Peak:60.00M | Scene, ViewLayer | Updating Objects | Copying Transformations to device
Fra:1 Mem:87.72M (Peak 111.32M) | Time:00:00.07 | Mem:60.07M, Peak:60.07M | Scene, ViewLayer | Updating Objects | Applying Static Transformations
Fra:1 Mem:87.72M (Peak 111.32M) | Time:00:00.07 | Mem:60.07M, Peak:60.07M | Scene, ViewLayer | Updating Particle Systems
Fra:1 Mem:87.72M (Peak 111.32M) | Time:00:00.07 | Mem:60.07M, Peak:60.07M | Scene, ViewLayer | Updating Particle Systems | Copying Particles to device
Fra:1 Mem:87.72M (Peak 111.32M) | Time:00:00.07 | Mem:60.07M, Peak:60.07M | Scene, ViewLayer | Updating Meshes
Fra:1 Mem:87.73M (Peak 111.32M) | Time:00:00.07 | Mem:60.07M, Peak:60.07M | Scene, ViewLayer | Updating Mesh | Computing attributes
Fra:1 Mem:87.85M (Peak 111.32M) | Time:00:00.07 | Mem:60.08M, Peak:60.08M | Scene, ViewLayer | Updating Mesh | Copying Attributes to device
Fra:1 Mem:87.82M (Peak 111.32M) | Time:00:00.07 | Mem:60.16M, Peak:60.16M | Scene, ViewLayer | Updating Geometry BVH MESH-armor-block-981bd24736c640366791-lower-impact-rail 1/45 | Building BVH
Fra:1 Mem:87.82M (Peak 111.32M) | Time:00:00.07 | Mem:60.16M, Peak:60.16M | Scene, ViewLayer | Updating Geometry BVH MESH-armor-block-981bd24736c640366791-closed-incoming-wrapped-b 3/45 | Building BVH
Fra:1 Mem:87.82M (Peak 111.32M) | Time:00:00.07 | Mem:60.16M, Peak:60.16M | Scene, ViewLayer | Updating Geometry BVH MESH-armor-block-981bd24736c640366791-closed-incoming-wrapped-b 3/45 | Building BVH 0%
Fra:1 Mem:87.82M (Peak 111.32M) | Time:00:00.07 | Mem:60.17M, Peak:60.17M | Scene, ViewLayer | Updating Geometry BVH MESH-armor-block-981bd24736c640366791-closed-solid-body 4/45 | Building BVH
Fra:1 Mem:87.82M (Peak 111.32M) | Time:00:00.07 | Mem:60.17M, Peak:60.17M | Scene, ViewLayer | Updating Geometry BVH MESH-armor-block-825d61aeb52f08f61c14-recess-shadow-seat 44/45 | Building BVH
Fra:1 Mem:87.82M (Peak 111.32M) | Time:00:00.07 | Mem:60.17M, Peak:60.17M | Scene, ViewLayer | Updating Geometry BVH MESH-armor-block-981bd24736c640366791-interchangeable-plain-fac 7/45 | Building BVH
Fra:1 Mem:87.82M (Peak 111.32M) | Time:00:00.07 | Mem:60.17M, Peak:60.17M | Scene, ViewLayer | Updating Geometry BVH MESH-armor-block-981bd24736c640366791-pale-wrapped-connector-ou 8/45 | Building BVH
Fra:1 Mem:87.82M (Peak 111.32M) | Time:00:00.07 | Mem:60.17M, Peak:60.17M | Scene, ViewLayer | Updating Geometry BVH MESH-armor-block-825d61aeb52f08f61c14-closed-incoming-wrapped-b 43/45 | Building BVH
Fra:1 Mem:87.82M (Peak 111.32M) | Time:00:00.07 | Mem:60.18M, Peak:60.18M | Scene, ViewLayer | Updating Geometry BVH MESH-armor-block-981bd24736c640366791-pale-wrapped-connector-in 9/45 | Building BVH
Fra:1 Mem:87.82M (Peak 111.32M) | Time:00:00.07 | Mem:60.18M, Peak:60.18M | Scene, ViewLayer | Updating Geometry BVH MESH-armor-block-a252a121923cfb248f94-lower-impact-rail 10/45 | Building BVH
Fra:1 Mem:87.82M (Peak 111.32M) | Time:00:00.07 | Mem:60.18M, Peak:60.18M | Scene, ViewLayer | Updating Geometry BVH MESH-armor-block-a252a121923cfb248f94-recess-shadow-seat 11/45 | Building BVH
Fra:1 Mem:87.82M (Peak 111.32M) | Time:00:00.07 | Mem:60.18M, Peak:60.18M | Scene, ViewLayer | Updating Geometry BVH MESH-armor-block-a252a121923cfb248f94-closed-solid-body 12/45 | Building BVH
Fra:1 Mem:87.82M (Peak 111.32M) | Time:00:00.07 | Mem:60.18M, Peak:60.18M | Scene, ViewLayer | Updating Geometry BVH MESH-armor-block-a252a121923cfb248f94-upper-stepped-shoulder 13/45 | Building BVH
Fra:1 Mem:87.82M (Peak 111.32M) | Time:00:00.07 | Mem:60.18M, Peak:60.18M | Scene, ViewLayer | Updating Geometry BVH MESH-armor-block-825d61aeb52f08f61c14-lower-impact-rail 42/45 | Building BVH
Fra:1 Mem:87.82M (Peak 111.32M) | Time:00:00.07 | Mem:60.19M, Peak:60.19M | Scene, ViewLayer | Updating Geometry BVH MESH-armor-block-a252a121923cfb248f94-closed-incoming-wrapped-b 15/45 | Building BVH
Fra:1 Mem:87.82M (Peak 111.32M) | Time:00:00.07 | Mem:60.19M, Peak:60.19M | Scene, ViewLayer | Updating Geometry BVH MESH-armor-block-a252a121923cfb248f94-pale-wrapped-connector-ou 17/45 | Building BVH
Fra:1 Mem:87.82M (Peak 111.32M) | Time:00:00.07 | Mem:60.19M, Peak:60.19M | Scene, ViewLayer | Updating Geometry BVH MESH-armor-block-825d61aeb52f08f61c14-upper-stepped-shoulder 41/45 | Building BVH
Fra:1 Mem:87.82M (Peak 111.32M) | Time:00:00.07 | Mem:60.19M, Peak:60.19M | Scene, ViewLayer | Updating Geometry BVH MESH-armor-block-825d61aeb52f08f61c14-closed-outgoing-wrapped-b 40/45 | Building BVH
Fra:1 Mem:87.82M (Peak 111.32M) | Time:00:00.07 | Mem:60.20M, Peak:60.20M | Scene, ViewLayer | Updating Geometry BVH MESH-armor-block-8233c1a3a948a91de0c7-closed-outgoing-wrapped-b 19/45 | Building BVH
Fra:1 Mem:87.82M (Peak 111.32M) | Time:00:00.07 | Mem:60.20M, Peak:60.20M | Scene, ViewLayer | Updating Geometry BVH MESH-armor-block-8233c1a3a948a91de0c7-closed-incoming-wrapped-b 20/45 | Building BVH
Fra:1 Mem:87.82M (Peak 111.32M) | Time:00:00.07 | Mem:60.20M, Peak:60.20M | Scene, ViewLayer | Updating Geometry BVH MESH-armor-block-8233c1a3a948a91de0c7-interchangeable-plain-fac 21/45 | Building BVH
Fra:1 Mem:87.82M (Peak 111.32M) | Time:00:00.07 | Mem:60.20M, Peak:60.20M | Scene, ViewLayer | Updating Geometry BVH MESH-armor-block-825d61aeb52f08f61c14-pale-wrapped-connector-in 39/45 | Building BVH
Fra:1 Mem:87.82M (Peak 111.32M) | Time:00:00.07 | Mem:60.20M, Peak:60.21M | Scene, ViewLayer | Updating Geometry BVH MESH-armor-block-8233c1a3a948a91de0c7-pale-wrapped-connector-in 23/45 | Building BVH
Fra:1 Mem:87.82M (Peak 111.32M) | Time:00:00.07 | Mem:60.21M, Peak:60.21M | Scene, ViewLayer | Updating Geometry BVH MESH-armor-block-8233c1a3a948a91de0c7-recess-shadow-seat 24/45 | Building BVH
Fra:1 Mem:87.82M (Peak 111.32M) | Time:00:00.07 | Mem:60.21M, Peak:60.21M | Scene, ViewLayer | Updating Geometry BVH MESH-armor-block-825d61aeb52f08f61c14-pale-wrapped-connector-ou 38/45 | Building BVH
Fra:1 Mem:87.82M (Peak 111.32M) | Time:00:00.07 | Mem:60.21M, Peak:60.21M | Scene, ViewLayer | Updating Geometry BVH MESH-armor-block-8233c1a3a948a91de0c7-closed-solid-body 25/45 | Building BVH
Fra:1 Mem:87.82M (Peak 111.32M) | Time:00:00.07 | Mem:60.22M, Peak:60.22M | Scene, ViewLayer | Updating Geometry BVH MESH-armor-block-825d61aeb52f08f61c14-interchangeable-plain-fac 37/45 | Building BVH
Fra:1 Mem:87.82M (Peak 111.32M) | Time:00:00.07 | Mem:60.22M, Peak:60.23M | Scene, ViewLayer | Updating Geometry BVH MESH-armor-block-8233c1a3a948a91de0c7-upper-stepped-shoulder 27/45 | Building BVH
Fra:1 Mem:87.82M (Peak 111.32M) | Time:00:00.07 | Mem:60.22M, Peak:60.23M | Scene, ViewLayer | Updating Geometry BVH MESH-armor-block-7bcf58fae727b968e126-pale-wrapped-connector-in 28/45 | Building BVH
Fra:1 Mem:87.82M (Peak 111.32M) | Time:00:00.07 | Mem:60.23M, Peak:60.23M | Scene, ViewLayer | Updating Geometry BVH MESH-armor-block-7bcf58fae727b968e126-closed-solid-body 29/45 | Building BVH
Fra:1 Mem:87.82M (Peak 111.32M) | Time:00:00.07 | Mem:60.23M, Peak:60.23M | Scene, ViewLayer | Updating Geometry BVH MESH-armor-block-7bcf58fae727b968e126-lower-impact-rail 30/45 | Building BVH
Fra:1 Mem:87.82M (Peak 111.32M) | Time:00:00.07 | Mem:60.23M, Peak:60.23M | Scene, ViewLayer | Updating Geometry BVH MESH-armor-block-7bcf58fae727b968e126-closed-incoming-wrapped-b 31/45 | Building BVH
Fra:1 Mem:87.82M (Peak 111.32M) | Time:00:00.07 | Mem:60.23M, Peak:60.23M | Scene, ViewLayer | Updating Geometry BVH MESH-armor-block-7bcf58fae727b968e126-pale-wrapped-connector-ou 32/45 | Building BVH
Fra:1 Mem:87.82M (Peak 111.32M) | Time:00:00.07 | Mem:60.23M, Peak:60.23M | Scene, ViewLayer | Updating Geometry BVH MESH-armor-block-7bcf58fae727b968e126-closed-outgoing-wrapped-b 33/45 | Building BVH
Fra:1 Mem:87.82M (Peak 111.32M) | Time:00:00.07 | Mem:60.24M, Peak:60.24M | Scene, ViewLayer | Updating Geometry BVH MESH-armor-block-7bcf58fae727b968e126-recess-shadow-seat 34/45 | Building BVH
Fra:1 Mem:87.82M (Peak 111.32M) | Time:00:00.07 | Mem:60.24M, Peak:60.24M | Scene, ViewLayer | Updating Geometry BVH MESH-armor-block-7bcf58fae727b968e126-interchangeable-plain-fac 35/45 | Building BVH
Fra:1 Mem:87.82M (Peak 111.32M) | Time:00:00.07 | Mem:60.24M, Peak:60.24M | Scene, ViewLayer | Updating Geometry BVH MESH-armor-block-7bcf58fae727b968e126-upper-stepped-shoulder 36/45 | Building BVH
Fra:1 Mem:87.82M (Peak 111.32M) | Time:00:00.07 | Mem:60.25M, Peak:60.25M | Scene, ViewLayer | Updating Scene BVH | Building
Fra:1 Mem:87.82M (Peak 111.32M) | Time:00:00.07 | Mem:60.25M, Peak:60.25M | Scene, ViewLayer | Updating Scene BVH | Building BVH
Fra:1 Mem:87.82M (Peak 111.32M) | Time:00:00.07 | Mem:60.34M, Peak:60.35M | Scene, ViewLayer | Updating Scene BVH | Copying BVH to device
Fra:1 Mem:87.82M (Peak 111.32M) | Time:00:00.07 | Mem:60.34M, Peak:60.35M | Scene, ViewLayer | Updating Mesh | Computing normals
Fra:1 Mem:87.91M (Peak 111.32M) | Time:00:00.07 | Mem:60.34M, Peak:60.35M | Scene, ViewLayer | Updating Mesh | Copying Mesh to device
Fra:1 Mem:87.91M (Peak 111.32M) | Time:00:00.07 | Mem:60.42M, Peak:60.42M | Scene, ViewLayer | Updating Objects Flags
Fra:1 Mem:87.91M (Peak 111.32M) | Time:00:00.07 | Mem:60.43M, Peak:60.43M | Scene, ViewLayer | Updating Primitive Offsets
Fra:1 Mem:87.91M (Peak 111.32M) | Time:00:00.07 | Mem:60.43M, Peak:60.43M | Scene, ViewLayer | Updating Images
Fra:1 Mem:87.91M (Peak 111.32M) | Time:00:00.07 | Mem:60.43M, Peak:60.43M | Scene, ViewLayer | Updating Camera Volume
Fra:1 Mem:87.91M (Peak 111.32M) | Time:00:00.07 | Mem:60.43M, Peak:60.43M | Scene, ViewLayer | Updating Lookup Tables
Fra:1 Mem:87.91M (Peak 111.32M) | Time:00:00.07 | Mem:60.51M, Peak:60.51M | Scene, ViewLayer | Updating Lights
Fra:1 Mem:87.91M (Peak 111.32M) | Time:00:00.07 | Mem:60.51M, Peak:60.51M | Scene, ViewLayer | Updating Lights | Computing tree
Fra:1 Mem:87.91M (Peak 111.32M) | Time:00:00.07 | Mem:60.51M, Peak:60.51M | Scene, ViewLayer | Updating Integrator
Fra:1 Mem:87.91M (Peak 111.32M) | Time:00:00.07 | Mem:60.51M, Peak:60.51M | Scene, ViewLayer | Updating Film
Fra:1 Mem:87.92M (Peak 111.32M) | Time:00:00.08 | Mem:60.43M, Peak:60.51M | Scene, ViewLayer | Updating Lookup Tables
Fra:1 Mem:87.92M (Peak 111.32M) | Time:00:00.08 | Mem:60.52M, Peak:60.52M | Scene, ViewLayer | Updating Baking
Fra:1 Mem:87.92M (Peak 111.32M) | Time:00:00.08 | Mem:60.52M, Peak:60.52M | Scene, ViewLayer | Updating Device | Writing constant memory
Fra:1 Mem:87.92M (Peak 111.32M) | Time:00:00.08 | Mem:60.52M, Peak:60.52M | Scene, ViewLayer | Sample 0/64
Fra:1 Mem:125.01M (Peak 125.01M) | Time:00:00.20 | Remaining:00:07.63 | Mem:97.61M, Peak:97.61M | Scene, ViewLayer | Sample 1/64
Fra:1 Mem:141.49M (Peak 174.45M) | Time:00:04.17 | Mem:97.61M, Peak:97.61M | Scene, ViewLayer | Sample 64/64
Fra:1 Mem:141.49M (Peak 174.45M) | Time:00:04.17 | Mem:97.61M, Peak:97.61M | Scene, ViewLayer | Finished
Saved: '/root/sidereal_spacetime/assets/art-library/framed-wayfarer/r005/family-02/renders/directions-32.png'
Time: 00:04.31 (Saving: 00:00.13)

22:40:13 | INFO: Data are loaded, start creating Blender stuff
22:40:13 | INFO: Blender create Mesh node MESH-armor-block-a6743a347ee2fcdd1ce9-closed-incoming-wrapped-b
22:40:13 | INFO: Blender create Mesh node MESH-armor-block-a6743a347ee2fcdd1ce9-closed-outgoing-wrapped-b
22:40:13 | INFO: Blender create Mesh node MESH-armor-block-a6743a347ee2fcdd1ce9-closed-solid-body
22:40:13 | INFO: Blender create Mesh node MESH-armor-block-a6743a347ee2fcdd1ce9-cyan-flush-status-lens
22:40:13 | INFO: Blender create Mesh node MESH-armor-block-a6743a347ee2fcdd1ce9-interchangeable-plain-fac
22:40:13 | INFO: Blender create Mesh node MESH-armor-block-a6743a347ee2fcdd1ce9-lower-impact-rail-right
22:40:13 | INFO: Blender create Mesh node MESH-armor-block-a6743a347ee2fcdd1ce9-lower-impact-rail-cut-poc
22:40:13 | INFO: Blender create Mesh node MESH-armor-block-a6743a347ee2fcdd1ce9-lower-impact-rail-left
22:40:13 | INFO: Blender create Mesh node MESH-armor-block-a6743a347ee2fcdd1ce9-pale-wrapped-connector-ou
22:40:13 | INFO: Blender create Mesh node MESH-armor-block-a6743a347ee2fcdd1ce9-pale-wrapped-connector-in
22:40:13 | INFO: Blender create Mesh node MESH-armor-block-a6743a347ee2fcdd1ce9-recess-shadow-seat
22:40:13 | INFO: Blender create Mesh node MESH-armor-block-a6743a347ee2fcdd1ce9-upper-stepped-shoulder
22:40:13 | INFO: glTF import finished in 0.01s
22:40:13 | INFO: Data are loaded, start creating Blender stuff
22:40:13 | INFO: Blender create Mesh node MESH-armor-block-62ad930c45227d5287a0-closed-incoming-wrapped-b
22:40:13 | INFO: Blender create Mesh node MESH-armor-block-62ad930c45227d5287a0-closed-outgoing-wrapped-b
22:40:13 | INFO: Blender create Mesh node MESH-armor-block-62ad930c45227d5287a0-closed-solid-body
22:40:13 | INFO: Blender create Mesh node MESH-armor-block-62ad930c45227d5287a0-cyan-flush-status-lens
22:40:13 | INFO: Blender create Mesh node MESH-armor-block-62ad930c45227d5287a0-interchangeable-plain-fac
22:40:13 | INFO: Blender create Mesh node MESH-armor-block-62ad930c45227d5287a0-lower-impact-rail-right
22:40:13 | INFO: Blender create Mesh node MESH-armor-block-62ad930c45227d5287a0-lower-impact-rail-cut-poc
22:40:13 | INFO: Blender create Mesh node MESH-armor-block-62ad930c45227d5287a0-lower-impact-rail-left
22:40:13 | INFO: Blender create Mesh node MESH-armor-block-62ad930c45227d5287a0-pale-wrapped-connector-ou
22:40:13 | INFO: Blender create Mesh node MESH-armor-block-62ad930c45227d5287a0-pale-wrapped-connector-in
22:40:13 | INFO: Blender create Mesh node MESH-armor-block-62ad930c45227d5287a0-recess-shadow-seat
22:40:13 | INFO: Blender create Mesh node MESH-armor-block-62ad930c45227d5287a0-upper-stepped-shoulder
22:40:13 | INFO: glTF import finished in 0.01s
22:40:13 | INFO: Data are loaded, start creating Blender stuff
22:40:13 | INFO: Blender create Mesh node MESH-armor-block-e1affbf19f4b7fa30311-closed-junction-wedge
22:40:13 | INFO: Blender create Mesh node MESH-armor-block-e1affbf19f4b7fa30311-junction-lower-navy-shoe
22:40:13 | INFO: Blender create Mesh node MESH-armor-block-e1affbf19f4b7fa30311-junction-upper-navy-shoul
22:40:13 | INFO: Blender create Mesh node MESH-armor-block-e1affbf19f4b7fa30311-junction-wrapped-pale-con
22:40:13 | INFO: glTF import finished in 0.01s
22:40:13 | INFO: Data are loaded, start creating Blender stuff
22:40:13 | INFO: Blender create Mesh node MESH-armor-block-926961217b49c21a526b-closed-incoming-wrapped-b
22:40:13 | INFO: Blender create Mesh node MESH-armor-block-926961217b49c21a526b-closed-outgoing-wrapped-b
22:40:13 | INFO: Blender create Mesh node MESH-armor-block-926961217b49c21a526b-closed-solid-body
22:40:13 | INFO: Blender create Mesh node MESH-armor-block-926961217b49c21a526b-cyan-flush-status-lens
22:40:13 | INFO: Blender create Mesh node MESH-armor-block-926961217b49c21a526b-interchangeable-red-servi
22:40:13 | INFO: Blender create Mesh node MESH-armor-block-926961217b49c21a526b-lower-impact-rail-right
22:40:13 | INFO: Blender create Mesh node MESH-armor-block-926961217b49c21a526b-lower-impact-rail-cut-poc
22:40:13 | INFO: Blender create Mesh node MESH-armor-block-926961217b49c21a526b-lower-impact-rail-left
22:40:13 | INFO: Blender create Mesh node MESH-armor-block-926961217b49c21a526b-pale-wrapped-connector-ou
22:40:13 | INFO: Blender create Mesh node MESH-armor-block-926961217b49c21a526b-pale-wrapped-connector-in
22:40:13 | INFO: Blender create Mesh node MESH-armor-block-926961217b49c21a526b-recess-shadow-seat
22:40:13 | INFO: Blender create Mesh node MESH-armor-block-926961217b49c21a526b-upper-stepped-shoulder
22:40:13 | INFO: glTF import finished in 0.01s
22:40:13 | INFO: Data are loaded, start creating Blender stuff
22:40:13 | INFO: Blender create Mesh node MESH-armor-block-137adc2153a878094d60-closed-incoming-wrapped-b
22:40:13 | INFO: Blender create Mesh node MESH-armor-block-137adc2153a878094d60-closed-outgoing-wrapped-b
22:40:13 | INFO: Blender create Mesh node MESH-armor-block-137adc2153a878094d60-closed-solid-body
22:40:13 | INFO: Blender create Mesh node MESH-armor-block-137adc2153a878094d60-cyan-flush-status-lens
22:40:13 | INFO: Blender create Mesh node MESH-armor-block-137adc2153a878094d60-interchangeable-utility-f
22:40:13 | INFO: Blender create Mesh node MESH-armor-block-137adc2153a878094d60-lower-impact-rail-right
22:40:13 | INFO: Blender create Mesh node MESH-armor-block-137adc2153a878094d60-lower-impact-rail-cut-poc
22:40:13 | INFO: Blender create Mesh node MESH-armor-block-137adc2153a878094d60-lower-impact-rail-left
22:40:13 | INFO: Blender create Mesh node MESH-armor-block-137adc2153a878094d60-pale-wrapped-connector-ou
22:40:13 | INFO: Blender create Mesh node MESH-armor-block-137adc2153a878094d60-pale-wrapped-connector-in
22:40:13 | INFO: Blender create Mesh node MESH-armor-block-137adc2153a878094d60-recess-shadow-seat
22:40:13 | INFO: Blender create Mesh node MESH-armor-block-137adc2153a878094d60-upper-stepped-shoulder
22:40:13 | INFO: Blender create Mesh node MESH-armor-block-137adc2153a878094d60-utility-removable-box
22:40:13 | INFO: Blender create Mesh node MESH-armor-block-137adc2153a878094d60-utility-status-lens
22:40:13 | INFO: glTF import finished in 0.01s
22:40:13 | INFO: Data are loaded, start creating Blender stuff
22:40:13 | INFO: Blender create Mesh node MESH-armor-block-e40f082abbcbe4f55a62-closed-incoming-wrapped-b
22:40:13 | INFO: Blender create Mesh node MESH-armor-block-e40f082abbcbe4f55a62-closed-outgoing-wrapped-b
22:40:13 | INFO: Blender create Mesh node MESH-armor-block-e40f082abbcbe4f55a62-closed-solid-body
22:40:13 | INFO: Blender create Mesh node MESH-armor-block-e40f082abbcbe4f55a62-cyan-flush-status-lens
22:40:13 | INFO: Blender create Mesh node MESH-armor-block-e40f082abbcbe4f55a62-interchangeable-identity-
22:40:13 | INFO: Blender create Mesh node MESH-armor-block-e40f082abbcbe4f55a62-lower-impact-rail-right
22:40:13 | INFO: Blender create Mesh node MESH-armor-block-e40f082abbcbe4f55a62-lower-impact-rail-cut-poc
22:40:13 | INFO: Blender create Mesh node MESH-armor-block-e40f082abbcbe4f55a62-lower-impact-rail-left
22:40:13 | INFO: Blender create Mesh node MESH-armor-block-e40f082abbcbe4f55a62-pale-wrapped-connector-ou
22:40:13 | INFO: Blender create Mesh node MESH-armor-block-e40f082abbcbe4f55a62-pale-wrapped-connector-in
22:40:13 | INFO: Blender create Mesh node MESH-armor-block-e40f082abbcbe4f55a62-recess-shadow-seat
22:40:13 | INFO: Blender create Mesh node MESH-armor-block-e40f082abbcbe4f55a62-upper-stepped-shoulder
22:40:13 | INFO: glTF import finished in 0.01s
22:40:13 | INFO: Data are loaded, start creating Blender stuff
22:40:13 | INFO: Blender create Mesh node MESH-armor-block-649dcbda86c17c7952c9-closed-incoming-wrapped-b
22:40:13 | INFO: Blender create Mesh node MESH-armor-block-649dcbda86c17c7952c9-closed-outgoing-wrapped-b
22:40:13 | INFO: Blender create Mesh node MESH-armor-block-649dcbda86c17c7952c9-closed-solid-body
22:40:13 | INFO: Blender create Mesh node MESH-armor-block-649dcbda86c17c7952c9-cyan-flush-status-lens
22:40:13 | INFO: Blender create Mesh node MESH-armor-block-649dcbda86c17c7952c9-deep-vent-louver-1
22:40:13 | INFO: Blender create Mesh node MESH-armor-block-649dcbda86c17c7952c9-deep-vent-louver-2
22:40:13 | INFO: Blender create Mesh node MESH-armor-block-649dcbda86c17c7952c9-deep-vent-louver-3
22:40:13 | INFO: Blender create Mesh node MESH-armor-block-649dcbda86c17c7952c9-deep-vent-louver-4
22:40:13 | INFO: Blender create Mesh node MESH-armor-block-649dcbda86c17c7952c9-deep-vent-louver-5
22:40:13 | INFO: Blender create Mesh node MESH-armor-block-649dcbda86c17c7952c9-deep-vent-louver-6
22:40:13 | INFO: Blender create Mesh node MESH-armor-block-649dcbda86c17c7952c9-deep-vent-louver-7
22:40:13 | INFO: Blender create Mesh node MESH-armor-block-649dcbda86c17c7952c9-deep-vent-louver-8
22:40:13 | INFO: Blender create Mesh node MESH-armor-block-649dcbda86c17c7952c9-deep-vent-louver-0
22:40:13 | INFO: Blender create Mesh node MESH-armor-block-649dcbda86c17c7952c9-interchangeable-vent-face
22:40:13 | INFO: Blender create Mesh node MESH-armor-block-649dcbda86c17c7952c9-lower-impact-rail-right
22:40:13 | INFO: Blender create Mesh node MESH-armor-block-649dcbda86c17c7952c9-lower-impact-rail-cut-poc
22:40:13 | INFO: Blender create Mesh node MESH-armor-block-649dcbda86c17c7952c9-lower-impact-rail-left
22:40:13 | INFO: Blender create Mesh node MESH-armor-block-649dcbda86c17c7952c9-pale-wrapped-connector-ou
22:40:13 | INFO: Blender create Mesh node MESH-armor-block-649dcbda86c17c7952c9-pale-wrapped-connector-in
22:40:13 | INFO: Blender create Mesh node MESH-armor-block-649dcbda86c17c7952c9-recess-shadow-seat
22:40:13 | INFO: Blender create Mesh node MESH-armor-block-649dcbda86c17c7952c9-upper-stepped-shoulder
22:40:13 | INFO: Blender create Mesh node MESH-armor-block-649dcbda86c17c7952c9-vent-dark-well
22:40:13 | INFO: glTF import finished in 0.02s
22:40:13 | INFO: Data are loaded, start creating Blender stuff
22:40:13 | INFO: Blender create Mesh node MESH-armor-block-2b558e7ac8eb4184c2af-closed-incoming-wrapped-b
22:40:13 | INFO: Blender create Mesh node MESH-armor-block-2b558e7ac8eb4184c2af-closed-outgoing-wrapped-b
22:40:13 | INFO: Blender create Mesh node MESH-armor-block-2b558e7ac8eb4184c2af-closed-solid-body
22:40:13 | INFO: Blender create Mesh node MESH-armor-block-2b558e7ac8eb4184c2af-interchangeable-utility-f
22:40:13 | INFO: Blender create Mesh node MESH-armor-block-2b558e7ac8eb4184c2af-lower-impact-rail
22:40:13 | INFO: Blender create Mesh node MESH-armor-block-2b558e7ac8eb4184c2af-pale-wrapped-connector-ou
22:40:13 | INFO: Blender create Mesh node MESH-armor-block-2b558e7ac8eb4184c2af-pale-wrapped-connector-in
22:40:13 | INFO: Blender create Mesh node MESH-armor-block-2b558e7ac8eb4184c2af-recess-shadow-seat
22:40:13 | INFO: Blender create Mesh node MESH-armor-block-2b558e7ac8eb4184c2af-upper-stepped-shoulder
22:40:13 | INFO: glTF import finished in 0.01s
22:40:13 | INFO: Data are loaded, start creating Blender stuff
22:40:13 | INFO: Blender create Mesh node MESH-armor-block-b235419d9a165659f2e8-closed-incoming-wrapped-b
22:40:13 | INFO: Blender create Mesh node MESH-armor-block-b235419d9a165659f2e8-closed-outgoing-wrapped-b
22:40:13 | INFO: Blender create Mesh node MESH-armor-block-b235419d9a165659f2e8-closed-solid-body
22:40:13 | INFO: Blender create Mesh node MESH-armor-block-b235419d9a165659f2e8-interchangeable-plain-fac
22:40:13 | INFO: Blender create Mesh node MESH-armor-block-b235419d9a165659f2e8-lower-impact-rail
22:40:13 | INFO: Blender create Mesh node MESH-armor-block-b235419d9a165659f2e8-pale-wrapped-connector-ou
22:40:13 | INFO: Blender create Mesh node MESH-armor-block-b235419d9a165659f2e8-pale-wrapped-connector-in
22:40:13 | INFO: Blender create Mesh node MESH-armor-block-b235419d9a165659f2e8-recess-shadow-seat
22:40:13 | INFO: Blender create Mesh node MESH-armor-block-b235419d9a165659f2e8-upper-stepped-shoulder
22:40:13 | INFO: glTF import finished in 0.01s
22:40:13 | INFO: Data are loaded, start creating Blender stuff
22:40:13 | INFO: Blender create Mesh node MESH-armor-block-fabbd7b0578ea00b5791-closed-height-transition-
22:40:13 | INFO: Blender create Mesh node MESH-armor-block-fabbd7b0578ea00b5791-closed-junction-wedge
22:40:13 | INFO: Blender create Mesh node MESH-armor-block-fabbd7b0578ea00b5791-height-transition-pale-en
22:40:13 | INFO: Blender create Mesh node MESH-armor-block-fabbd7b0578ea00b5791-junction-lower-navy-shoe
22:40:13 | INFO: Blender create Mesh node MESH-armor-block-fabbd7b0578ea00b5791-junction-upper-navy-shoul
22:40:13 | INFO: Blender create Mesh node MESH-armor-block-fabbd7b0578ea00b5791-junction-wrapped-pale-con
22:40:13 | INFO: glTF import finished in 0.01s
22:40:13 | INFO: Data are loaded, start creating Blender stuff
22:40:13 | INFO: Blender create Mesh node MESH-armor-block-e120acd13dae3b493668-closed-incoming-wrapped-b
22:40:13 | INFO: Blender create Mesh node MESH-armor-block-e120acd13dae3b493668-closed-outgoing-wrapped-b
22:40:13 | INFO: Blender create Mesh node MESH-armor-block-e120acd13dae3b493668-closed-solid-body
22:40:13 | INFO: Blender create Mesh node MESH-armor-block-e120acd13dae3b493668-cyan-flush-status-lens
22:40:13 | INFO: Blender create Mesh node MESH-armor-block-e120acd13dae3b493668-deep-vent-louver-1
22:40:13 | INFO: Blender create Mesh node MESH-armor-block-e120acd13dae3b493668-deep-vent-louver-0
22:40:13 | INFO: Blender create Mesh node MESH-armor-block-e120acd13dae3b493668-interchangeable-vent-face
22:40:13 | INFO: Blender create Mesh node MESH-armor-block-e120acd13dae3b493668-lower-impact-rail-right
22:40:13 | INFO: Blender create Mesh node MESH-armor-block-e120acd13dae3b493668-lower-impact-rail-cut-poc
22:40:13 | INFO: Blender create Mesh node MESH-armor-block-e120acd13dae3b493668-lower-impact-rail-left
22:40:13 | INFO: Blender create Mesh node MESH-armor-block-e120acd13dae3b493668-pale-wrapped-connector-ou
22:40:13 | INFO: Blender create Mesh node MESH-armor-block-e120acd13dae3b493668-pale-wrapped-connector-in
22:40:13 | INFO: Blender create Mesh node MESH-armor-block-e120acd13dae3b493668-recess-shadow-seat
22:40:13 | INFO: Blender create Mesh node MESH-armor-block-e120acd13dae3b493668-upper-stepped-shoulder
22:40:13 | INFO: Blender create Mesh node MESH-armor-block-e120acd13dae3b493668-vent-dark-well
22:40:13 | INFO: glTF import finished in 0.02s
22:40:13 | INFO: Data are loaded, start creating Blender stuff
22:40:13 | INFO: Blender create Mesh node MESH-armor-block-70b34597548b284a0a7f-closed-junction-wedge
22:40:13 | INFO: Blender create Mesh node MESH-armor-block-70b34597548b284a0a7f-junction-lower-navy-shoe
22:40:13 | INFO: Blender create Mesh node MESH-armor-block-70b34597548b284a0a7f-junction-upper-navy-shoul
22:40:13 | INFO: Blender create Mesh node MESH-armor-block-70b34597548b284a0a7f-junction-wrapped-pale-con
22:40:13 | INFO: glTF import finished in 0.01s
22:40:13 | INFO: Data are loaded, start creating Blender stuff
22:40:13 | INFO: Blender create Mesh node MESH-armor-block-98477a5dd3e88b931589-closed-incoming-wrapped-b
22:40:13 | INFO: Blender create Mesh node MESH-armor-block-98477a5dd3e88b931589-closed-outgoing-wrapped-b
22:40:13 | INFO: Blender create Mesh node MESH-armor-block-98477a5dd3e88b931589-closed-solid-body
22:40:13 | INFO: Blender create Mesh node MESH-armor-block-98477a5dd3e88b931589-cyan-flush-status-lens
22:40:13 | INFO: Blender create Mesh node MESH-armor-block-98477a5dd3e88b931589-interchangeable-plain-fac
22:40:13 | INFO: Blender create Mesh node MESH-armor-block-98477a5dd3e88b931589-lower-impact-rail-right
22:40:13 | INFO: Blender create Mesh node MESH-armor-block-98477a5dd3e88b931589-lower-impact-rail-cut-poc
22:40:13 | INFO: Blender create Mesh node MESH-armor-block-98477a5dd3e88b931589-lower-impact-rail-left
22:40:13 | INFO: Blender create Mesh node MESH-armor-block-98477a5dd3e88b931589-pale-wrapped-connector-ou
22:40:13 | INFO: Blender create Mesh node MESH-armor-block-98477a5dd3e88b931589-pale-wrapped-connector-in
22:40:13 | INFO: Blender create Mesh node MESH-armor-block-98477a5dd3e88b931589-recess-shadow-seat
22:40:13 | INFO: Blender create Mesh node MESH-armor-block-98477a5dd3e88b931589-upper-stepped-shoulder
22:40:13 | INFO: glTF import finished in 0.02s
22:40:13 | INFO: Data are loaded, start creating Blender stuff
22:40:13 | INFO: Blender create Mesh node MESH-armor-block-a7ef36310c50dc565d00-closed-height-transition-
22:40:13 | INFO: Blender create Mesh node MESH-armor-block-a7ef36310c50dc565d00-closed-junction-wedge
22:40:13 | INFO: Blender create Mesh node MESH-armor-block-a7ef36310c50dc565d00-height-transition-pale-en
22:40:13 | INFO: Blender create Mesh node MESH-armor-block-a7ef36310c50dc565d00-junction-lower-navy-shoe
22:40:13 | INFO: Blender create Mesh node MESH-armor-block-a7ef36310c50dc565d00-junction-upper-navy-shoul
22:40:13 | INFO: Blender create Mesh node MESH-armor-block-a7ef36310c50dc565d00-junction-wrapped-pale-con
22:40:13 | INFO: glTF import finished in 0.02s
22:40:13 | INFO: Data are loaded, start creating Blender stuff
22:40:13 | INFO: Blender create Mesh node MESH-armor-block-4896cc9388c49fcb9b2e-closed-incoming-wrapped-b
22:40:13 | INFO: Blender create Mesh node MESH-armor-block-4896cc9388c49fcb9b2e-closed-outgoing-wrapped-b
22:40:13 | INFO: Blender create Mesh node MESH-armor-block-4896cc9388c49fcb9b2e-closed-solid-body
22:40:13 | INFO: Blender create Mesh node MESH-armor-block-4896cc9388c49fcb9b2e-cyan-flush-status-lens
22:40:13 | INFO: Blender create Mesh node MESH-armor-block-4896cc9388c49fcb9b2e-interchangeable-red-servi
22:40:13 | INFO: Blender create Mesh node MESH-armor-block-4896cc9388c49fcb9b2e-lower-impact-rail-right
22:40:13 | INFO: Blender create Mesh node MESH-armor-block-4896cc9388c49fcb9b2e-lower-impact-rail-cut-poc
22:40:13 | INFO: Blender create Mesh node MESH-armor-block-4896cc9388c49fcb9b2e-lower-impact-rail-left
22:40:13 | INFO: Blender create Mesh node MESH-armor-block-4896cc9388c49fcb9b2e-pale-wrapped-connector-ou
22:40:13 | INFO: Blender create Mesh node MESH-armor-block-4896cc9388c49fcb9b2e-pale-wrapped-connector-in
22:40:13 | INFO: Blender create Mesh node MESH-armor-block-4896cc9388c49fcb9b2e-recess-shadow-seat
22:40:13 | INFO: Blender create Mesh node MESH-armor-block-4896cc9388c49fcb9b2e-upper-stepped-shoulder
22:40:13 | INFO: glTF import finished in 0.02s
Fra:1 Mem:60.82M (Peak 60.82M) | Time:00:00.02 | Mem:0.00M, Peak:0.00M | Scene, ViewLayer | Synchronizing object | GEO-armor-block-a6743a347ee2fcdd1ce9--BACKING--closed-outgo
Fra:1 Mem:60.82M (Peak 60.82M) | Time:00:00.02 | Mem:0.00M, Peak:0.00M | Scene, ViewLayer | Synchronizing object | GEO-armor-block-a6743a347ee2fcdd1ce9--BACKING--closed-solid
Fra:1 Mem:60.85M (Peak 60.85M) | Time:00:00.02 | Mem:0.00M, Peak:0.00M | Scene, ViewLayer | Synchronizing object | GEO-armor-block-a6743a347ee2fcdd1ce9--FINISH--lower-impact-.002
Fra:1 Mem:60.84M (Peak 60.85M) | Time:00:00.02 | Mem:0.00M, Peak:0.00M | Scene, ViewLayer | Synchronizing object | GEO-armor-block-a6743a347ee2fcdd1ce9--FINISH--recess-shadow
Fra:1 Mem:60.85M (Peak 60.85M) | Time:00:00.02 | Mem:0.00M, Peak:0.00M | Scene, ViewLayer | Synchronizing object | GEO-armor-block-a6743a347ee2fcdd1ce9--FINISH--cyan-flush-st
Fra:1 Mem:60.85M (Peak 60.85M) | Time:00:00.02 | Mem:0.00M, Peak:0.00M | Scene, ViewLayer | Synchronizing object | GEO-armor-block-a6743a347ee2fcdd1ce9--FINISH--interchangeab
Fra:1 Mem:60.85M (Peak 60.85M) | Time:00:00.02 | Mem:0.00M, Peak:0.00M | Scene, ViewLayer | Synchronizing object | GEO-armor-block-a6743a347ee2fcdd1ce9--FINISH--upper-stepped
Fra:1 Mem:60.88M (Peak 60.88M) | Time:00:00.02 | Mem:0.00M, Peak:0.00M | Scene, ViewLayer | Synchronizing object | GEO-armor-block-a6743a347ee2fcdd1ce9--BACKING--closed-incom
Fra:1 Mem:60.87M (Peak 60.88M) | Time:00:00.02 | Mem:0.00M, Peak:0.00M | Scene, ViewLayer | Synchronizing object | GEO-armor-block-a6743a347ee2fcdd1ce9--FINISH--lower-impact-.004
Fra:1 Mem:60.88M (Peak 60.88M) | Time:00:00.02 | Mem:0.00M, Peak:0.00M | Scene, ViewLayer | Synchronizing object | GEO-armor-block-a6743a347ee2fcdd1ce9--FINISH--pale-wrapped-.002
Fra:1 Mem:60.91M (Peak 60.91M) | Time:00:00.02 | Mem:0.00M, Peak:0.00M | Scene, ViewLayer | Synchronizing object | GEO-armor-block-926961217b49c21a526b--BACKING--closed-outgo
Fra:1 Mem:60.91M (Peak 60.91M) | Time:00:00.02 | Mem:0.00M, Peak:0.00M | Scene, ViewLayer | Synchronizing object | GEO-armor-block-926961217b49c21a526b--FINISH--upper-stepped
Fra:1 Mem:60.91M (Peak 60.91M) | Time:00:00.02 | Mem:0.00M, Peak:0.00M | Scene, ViewLayer | Synchronizing object | GEO-armor-block-926961217b49c21a526b--FINISH--cyan-flush-st
Fra:1 Mem:60.90M (Peak 60.91M) | Time:00:00.02 | Mem:0.00M, Peak:0.00M | Scene, ViewLayer | Synchronizing object | GEO-armor-block-926961217b49c21a526b--FINISH--pale-wrapped-.001
Fra:1 Mem:60.91M (Peak 60.91M) | Time:00:00.02 | Mem:0.00M, Peak:0.00M | Scene, ViewLayer | Synchronizing object | GEO-armor-block-926961217b49c21a526b--BACKING--closed-incom
Fra:1 Mem:60.91M (Peak 60.91M) | Time:00:00.02 | Mem:0.00M, Peak:0.00M | Scene, ViewLayer | Synchronizing object | GEO-armor-block-926961217b49c21a526b--FINISH--lower-impact-.002
Fra:1 Mem:60.93M (Peak 60.93M) | Time:00:00.02 | Mem:0.00M, Peak:0.00M | Scene, ViewLayer | Synchronizing object | GEO-armor-block-926961217b49c21a526b--BACKING--closed-solid
Fra:1 Mem:60.93M (Peak 60.93M) | Time:00:00.02 | Mem:0.00M, Peak:0.00M | Scene, ViewLayer | Synchronizing object | GEO-armor-block-926961217b49c21a526b--FINISH--recess-shadow
Fra:1 Mem:60.94M (Peak 60.94M) | Time:00:00.02 | Mem:0.00M, Peak:0.00M | Scene, ViewLayer | Synchronizing object | GEO-armor-block-926961217b49c21a526b--FINISH--lower-impact-.003
Fra:1 Mem:60.93M (Peak 60.94M) | Time:00:00.02 | Mem:0.00M, Peak:0.00M | Scene, ViewLayer | Synchronizing object | GEO-armor-block-926961217b49c21a526b--FINISH--interchangeab
Fra:1 Mem:60.94M (Peak 60.94M) | Time:00:00.02 | Mem:0.00M, Peak:0.00M | Scene, ViewLayer | Synchronizing object | GEO-armor-block-926961217b49c21a526b--FINISH--pale-wrapped-.002
Fra:1 Mem:60.96M (Peak 60.96M) | Time:00:00.02 | Mem:0.00M, Peak:0.00M | Scene, ViewLayer | Synchronizing object | GEO-armor-block-926961217b49c21a526b--FINISH--lower-impact-.004
Fra:1 Mem:60.96M (Peak 60.96M) | Time:00:00.02 | Mem:0.00M, Peak:0.00M | Scene, ViewLayer | Synchronizing object | GEO-armor-block-137adc2153a878094d60--FINISH--lower-impact-.002
Fra:1 Mem:60.96M (Peak 60.96M) | Time:00:00.02 | Mem:0.00M, Peak:0.00M | Scene, ViewLayer | Synchronizing object | GEO-armor-block-137adc2153a878094d60--FINISH--utility-remov
Fra:1 Mem:60.98M (Peak 60.98M) | Time:00:00.02 | Mem:0.00M, Peak:0.00M | Scene, ViewLayer | Synchronizing object | GEO-armor-block-137adc2153a878094d60--FINISH--pale-wrapped-.001
Fra:1 Mem:61.00M (Peak 61.00M) | Time:00:00.02 | Mem:0.00M, Peak:0.00M | Scene, ViewLayer | Synchronizing object | GEO-armor-block-137adc2153a878094d60--FINISH--interchangeab
Fra:1 Mem:60.98M (Peak 61.00M) | Time:00:00.02 | Mem:0.00M, Peak:0.00M | Scene, ViewLayer | Synchronizing object | GEO-armor-block-137adc2153a878094d60--BACKING--closed-incom
Fra:1 Mem:60.99M (Peak 61.00M) | Time:00:00.02 | Mem:0.00M, Peak:0.00M | Scene, ViewLayer | Synchronizing object | GEO-armor-block-137adc2153a878094d60--BACKING--closed-outgo
Fra:1 Mem:61.00M (Peak 61.00M) | Time:00:00.02 | Mem:0.00M, Peak:0.00M | Scene, ViewLayer | Synchronizing object | GEO-armor-block-137adc2153a878094d60--FINISH--lower-impact-.003
Fra:1 Mem:61.00M (Peak 61.00M) | Time:00:00.02 | Mem:0.00M, Peak:0.00M | Scene, ViewLayer | Synchronizing object | GEO-armor-block-137adc2153a878094d60--FINISH--lower-impact-.004
Fra:1 Mem:61.02M (Peak 61.02M) | Time:00:00.02 | Mem:0.00M, Peak:0.00M | Scene, ViewLayer | Synchronizing object | GEO-armor-block-137adc2153a878094d60--FINISH--upper-stepped
Fra:1 Mem:61.01M (Peak 61.02M) | Time:00:00.02 | Mem:0.00M, Peak:0.00M | Scene, ViewLayer | Synchronizing object | GEO-armor-block-137adc2153a878094d60--FINISH--cyan-flush-st
Fra:1 Mem:61.01M (Peak 61.02M) | Time:00:00.02 | Mem:0.00M, Peak:0.00M | Scene, ViewLayer | Synchronizing object | GEO-armor-block-137adc2153a878094d60--FINISH--pale-wrapped-.002
Fra:1 Mem:61.03M (Peak 61.03M) | Time:00:00.02 | Mem:0.00M, Peak:0.00M | Scene, ViewLayer | Synchronizing object | GEO-armor-block-137adc2153a878094d60--FINISH--utility-statu
Fra:1 Mem:61.04M (Peak 61.04M) | Time:00:00.02 | Mem:0.00M, Peak:0.00M | Scene, ViewLayer | Synchronizing object | GEO-armor-block-137adc2153a878094d60--FINISH--recess-shadow
Fra:1 Mem:61.03M (Peak 61.04M) | Time:00:00.02 | Mem:0.00M, Peak:0.00M | Scene, ViewLayer | Synchronizing object | GEO-armor-block-137adc2153a878094d60--BACKING--closed-solid
Fra:1 Mem:61.04M (Peak 61.04M) | Time:00:00.02 | Mem:0.00M, Peak:0.00M | Scene, ViewLayer | Synchronizing object | GEO-armor-block-e40f082abbcbe4f55a62--FINISH--lower-impact-.002
Fra:1 Mem:61.04M (Peak 61.04M) | Time:00:00.02 | Mem:0.00M, Peak:0.00M | Scene, ViewLayer | Synchronizing object | GEO-armor-block-e40f082abbcbe4f55a62--BACKING--closed-outgo
Fra:1 Mem:61.04M (Peak 61.04M) | Time:00:00.02 | Mem:0.00M, Peak:0.00M | Scene, ViewLayer | Synchronizing object | GEO-armor-block-e40f082abbcbe4f55a62--FINISH--upper-stepped
Fra:1 Mem:61.06M (Peak 61.06M) | Time:00:00.02 | Mem:0.00M, Peak:0.00M | Scene, ViewLayer | Synchronizing object | GEO-armor-block-e40f082abbcbe4f55a62--FINISH--cyan-flush-st
Fra:1 Mem:61.06M (Peak 61.06M) | Time:00:00.02 | Mem:0.00M, Peak:0.00M | Scene, ViewLayer | Synchronizing object | GEO-armor-block-e40f082abbcbe4f55a62--BACKING--closed-incom
Fra:1 Mem:61.05M (Peak 61.06M) | Time:00:00.02 | Mem:0.00M, Peak:0.00M | Scene, ViewLayer | Synchronizing object | GEO-armor-block-e40f082abbcbe4f55a62--FINISH--interchangeab
Fra:1 Mem:61.07M (Peak 61.07M) | Time:00:00.02 | Mem:0.00M, Peak:0.00M | Scene, ViewLayer | Synchronizing object | GEO-armor-block-e40f082abbcbe4f55a62--FINISH--pale-wrapped-.001
Fra:1 Mem:61.08M (Peak 61.08M) | Time:00:00.02 | Mem:0.00M, Peak:0.00M | Scene, ViewLayer | Synchronizing object | GEO-armor-block-e40f082abbcbe4f55a62--FINISH--recess-shadow
Fra:1 Mem:61.08M (Peak 61.08M) | Time:00:00.02 | Mem:0.00M, Peak:0.00M | Scene, ViewLayer | Synchronizing object | GEO-armor-block-e40f082abbcbe4f55a62--FINISH--lower-impact-.003
Fra:1 Mem:61.08M (Peak 61.08M) | Time:00:00.02 | Mem:0.00M, Peak:0.00M | Scene, ViewLayer | Synchronizing object | GEO-armor-block-e40f082abbcbe4f55a62--BACKING--closed-solid
Fra:1 Mem:61.10M (Peak 61.10M) | Time:00:00.02 | Mem:0.00M, Peak:0.00M | Scene, ViewLayer | Synchronizing object | GEO-armor-block-e40f082abbcbe4f55a62--FINISH--lower-impact-.004
Fra:1 Mem:61.09M (Peak 61.10M) | Time:00:00.02 | Mem:0.00M, Peak:0.00M | Scene, ViewLayer | Synchronizing object | GEO-armor-block-e40f082abbcbe4f55a62--FINISH--pale-wrapped-.002
Fra:1 Mem:61.11M (Peak 61.11M) | Time:00:00.02 | Mem:0.00M, Peak:0.00M | Scene, ViewLayer | Synchronizing object | GEO-armor-block-62ad930c45227d5287a0--BACKING--closed-solid
Fra:1 Mem:61.11M (Peak 61.11M) | Time:00:00.02 | Mem:0.00M, Peak:0.00M | Scene, ViewLayer | Synchronizing object | GEO-armor-block-62ad930c45227d5287a0--FINISH--pale-wrapped-.001
Fra:1 Mem:61.11M (Peak 61.11M) | Time:00:00.02 | Mem:0.00M, Peak:0.00M | Scene, ViewLayer | Synchronizing object | GEO-armor-block-62ad930c45227d5287a0--BACKING--closed-incom
Fra:1 Mem:61.11M (Peak 61.11M) | Time:00:00.02 | Mem:0.00M, Peak:0.00M | Scene, ViewLayer | Synchronizing object | GEO-armor-block-62ad930c45227d5287a0--FINISH--interchangeab
Fra:1 Mem:61.11M (Peak 61.11M) | Time:00:00.02 | Mem:0.00M, Peak:0.00M | Scene, ViewLayer | Synchronizing object | GEO-armor-block-62ad930c45227d5287a0--FINISH--lower-impact-.002
Fra:1 Mem:61.13M (Peak 61.13M) | Time:00:00.02 | Mem:0.00M, Peak:0.00M | Scene, ViewLayer | Synchronizing object | GEO-armor-block-62ad930c45227d5287a0--FINISH--lower-impact-.003
Fra:1 Mem:61.14M (Peak 61.14M) | Time:00:00.02 | Mem:0.00M, Peak:0.00M | Scene, ViewLayer | Synchronizing object | GEO-armor-block-62ad930c45227d5287a0--FINISH--pale-wrapped-.002
Fra:1 Mem:61.17M (Peak 61.17M) | Time:00:00.02 | Mem:0.00M, Peak:0.00M | Scene, ViewLayer | Synchronizing object | GEO-armor-block-62ad930c45227d5287a0--FINISH--lower-impact-.004
Fra:1 Mem:61.17M (Peak 61.17M) | Time:00:00.02 | Mem:0.00M, Peak:0.00M | Scene, ViewLayer | Synchronizing object | GEO-armor-block-62ad930c45227d5287a0--FINISH--cyan-flush-st
Fra:1 Mem:61.16M (Peak 61.17M) | Time:00:00.02 | Mem:0.00M, Peak:0.00M | Scene, ViewLayer | Synchronizing object | GEO-armor-block-62ad930c45227d5287a0--FINISH--recess-shadow
Fra:1 Mem:61.16M (Peak 61.17M) | Time:00:00.02 | Mem:0.00M, Peak:0.00M | Scene, ViewLayer | Synchronizing object | GEO-armor-block-e1affbf19f4b7fa30311--FINISH--junction-uppe
Fra:1 Mem:61.18M (Peak 61.18M) | Time:00:00.02 | Mem:0.00M, Peak:0.00M | Scene, ViewLayer | Synchronizing object | GEO-armor-block-e1affbf19f4b7fa30311--BACKING--closed-junct
Fra:1 Mem:61.20M (Peak 61.20M) | Time:00:00.02 | Mem:0.00M, Peak:0.00M | Scene, ViewLayer | Synchronizing object | GEO-armor-block-e1affbf19f4b7fa30311--FINISH--junction-lowe
Fra:1 Mem:61.20M (Peak 61.20M) | Time:00:00.02 | Mem:0.00M, Peak:0.00M | Scene, ViewLayer | Synchronizing object | GEO-armor-block-e120acd13dae3b493668--FINISH--recess-shadow
Fra:1 Mem:61.21M (Peak 61.21M) | Time:00:00.02 | Mem:0.00M, Peak:0.00M | Scene, ViewLayer | Synchronizing object | GEO-armor-block-e120acd13dae3b493668--FINISH--interchangeab
Fra:1 Mem:61.20M (Peak 61.21M) | Time:00:00.02 | Mem:0.00M, Peak:0.00M | Scene, ViewLayer | Synchronizing object | GEO-armor-block-e120acd13dae3b493668--FINISH--lower-impact-.002
Fra:1 Mem:61.21M (Peak 61.21M) | Time:00:00.02 | Mem:0.00M, Peak:0.00M | Scene, ViewLayer | Synchronizing object | GEO-armor-block-e120acd13dae3b493668--FINISH--deep-vent-lou.001
Fra:1 Mem:61.23M (Peak 61.22M) | Time:00:00.02 | Mem:0.00M, Peak:0.00M | Scene, ViewLayer | Synchronizing object | GEO-armor-block-e120acd13dae3b493668--FINISH--vent-dark-wel
Fra:1 Mem:61.22M (Peak 61.22M) | Time:00:00.02 | Mem:0.00M, Peak:0.00M | Scene, ViewLayer | Synchronizing object | GEO-armor-block-e120acd13dae3b493668--BACKING--closed-solid
Fra:1 Mem:61.24M (Peak 61.24M) | Time:00:00.02 | Mem:0.00M, Peak:0.00M | Scene, ViewLayer | Synchronizing object | GEO-armor-block-e120acd13dae3b493668--FINISH--pale-wrapped-.001
Fra:1 Mem:61.23M (Peak 61.24M) | Time:00:00.02 | Mem:0.00M, Peak:0.00M | Scene, ViewLayer | Synchronizing object | GEO-armor-block-e120acd13dae3b493668--FINISH--deep-vent-lou.002
Fra:1 Mem:61.25M (Peak 61.25M) | Time:00:00.02 | Mem:0.00M, Peak:0.00M | Scene, ViewLayer | Synchronizing object | GEO-armor-block-e120acd13dae3b493668--FINISH--lower-impact-.003
Fra:1 Mem:61.26M (Peak 61.26M) | Time:00:00.02 | Mem:0.00M, Peak:0.00M | Scene, ViewLayer | Synchronizing object | GEO-armor-block-e120acd13dae3b493668--FINISH--upper-stepped
Fra:1 Mem:61.26M (Peak 61.26M) | Time:00:00.02 | Mem:0.00M, Peak:0.00M | Scene, ViewLayer | Synchronizing object | GEO-armor-block-e120acd13dae3b493668--BACKING--closed-outgo
Fra:1 Mem:61.27M (Peak 61.27M) | Time:00:00.02 | Mem:0.00M, Peak:0.00M | Scene, ViewLayer | Synchronizing object | GEO-armor-block-e120acd13dae3b493668--FINISH--lower-impact-.004
Fra:1 Mem:61.27M (Peak 61.27M) | Time:00:00.02 | Mem:0.00M, Peak:0.00M | Scene, ViewLayer | Synchronizing object | GEO-armor-block-e120acd13dae3b493668--FINISH--pale-wrapped-.002
Fra:1 Mem:61.27M (Peak 61.27M) | Time:00:00.02 | Mem:0.00M, Peak:0.00M | Scene, ViewLayer | Synchronizing object | GEO-armor-block-e120acd13dae3b493668--FINISH--cyan-flush-st
Fra:1 Mem:61.28M (Peak 61.28M) | Time:00:00.02 | Mem:0.00M, Peak:0.00M | Scene, ViewLayer | Synchronizing object | GEO-armor-block-70b34597548b284a0a7f--FINISH--junction-uppe
Fra:1 Mem:61.29M (Peak 61.29M) | Time:00:00.02 | Mem:0.00M, Peak:0.00M | Scene, ViewLayer | Synchronizing object | GEO-armor-block-70b34597548b284a0a7f--BACKING--closed-junct
Fra:1 Mem:61.29M (Peak 61.29M) | Time:00:00.02 | Mem:0.00M, Peak:0.00M | Scene, ViewLayer | Synchronizing object | GEO-armor-block-70b34597548b284a0a7f--FINISH--junction-lowe
Fra:1 Mem:61.30M (Peak 61.30M) | Time:00:00.02 | Mem:0.00M, Peak:0.00M | Scene, ViewLayer | Synchronizing object | GEO-armor-block-70b34597548b284a0a7f--FINISH--junction-wrap
Fra:1 Mem:61.31M (Peak 61.31M) | Time:00:00.02 | Mem:0.00M, Peak:0.00M | Scene, ViewLayer | Synchronizing object | GEO-armor-block-b235419d9a165659f2e8--FINISH--pale-wrapped-.001
Fra:1 Mem:61.32M (Peak 61.32M) | Time:00:00.02 | Mem:0.00M, Peak:0.00M | Scene, ViewLayer | Synchronizing object | GEO-armor-block-b235419d9a165659f2e8--FINISH--pale-wrapped-.002
Fra:1 Mem:61.32M (Peak 61.32M) | Time:00:00.02 | Mem:0.00M, Peak:0.00M | Scene, ViewLayer | Synchronizing object | GEO-armor-block-b235419d9a165659f2e8--BACKING--closed-outgo
Fra:1 Mem:61.32M (Peak 61.32M) | Time:00:00.02 | Mem:0.00M, Peak:0.00M | Scene, ViewLayer | Synchronizing object | GEO-armor-block-b235419d9a165659f2e8--FINISH--lower-impact-
Fra:1 Mem:61.34M (Peak 61.34M) | Time:00:00.02 | Mem:0.00M, Peak:0.00M | Scene, ViewLayer | Synchronizing object | GEO-armor-block-b235419d9a165659f2e8--BACKING--closed-incom
Fra:1 Mem:61.34M (Peak 61.34M) | Time:00:00.02 | Mem:0.00M, Peak:0.00M | Scene, ViewLayer | Synchronizing object | GEO-armor-block-b235419d9a165659f2e8--FINISH--recess-shadow
Fra:1 Mem:61.35M (Peak 61.35M) | Time:00:00.02 | Mem:0.00M, Peak:0.00M | Scene, ViewLayer | Synchronizing object | GEO-armor-block-b235419d9a165659f2e8--FINISH--upper-stepped
Fra:1 Mem:61.36M (Peak 61.36M) | Time:00:00.02 | Mem:0.00M, Peak:0.00M | Scene, ViewLayer | Synchronizing object | GEO-armor-block-b235419d9a165659f2e8--BACKING--closed-solid
Fra:1 Mem:61.35M (Peak 61.36M) | Time:00:00.02 | Mem:0.00M, Peak:0.00M | Scene, ViewLayer | Synchronizing object | GEO-armor-block-2b558e7ac8eb4184c2af--FINISH--interchangeab
Fra:1 Mem:61.36M (Peak 61.36M) | Time:00:00.02 | Mem:0.00M, Peak:0.00M | Scene, ViewLayer | Synchronizing object | GEO-armor-block-2b558e7ac8eb4184c2af--BACKING--closed-incom
Fra:1 Mem:61.37M (Peak 61.37M) | Time:00:00.02 | Mem:0.00M, Peak:0.00M | Scene, ViewLayer | Synchronizing object | GEO-armor-block-2b558e7ac8eb4184c2af--FINISH--pale-wrapped-.001
Fra:1 Mem:61.38M (Peak 61.38M) | Time:00:00.02 | Mem:0.00M, Peak:0.00M | Scene, ViewLayer | Synchronizing object | GEO-armor-block-2b558e7ac8eb4184c2af--FINISH--pale-wrapped-.002
Fra:1 Mem:61.37M (Peak 61.38M) | Time:00:00.02 | Mem:0.00M, Peak:0.00M | Scene, ViewLayer | Synchronizing object | GEO-armor-block-2b558e7ac8eb4184c2af--BACKING--closed-outgo
Fra:1 Mem:61.38M (Peak 61.38M) | Time:00:00.02 | Mem:0.00M, Peak:0.00M | Scene, ViewLayer | Synchronizing object | GEO-armor-block-2b558e7ac8eb4184c2af--FINISH--upper-stepped
Fra:1 Mem:61.40M (Peak 61.40M) | Time:00:00.02 | Mem:0.00M, Peak:0.00M | Scene, ViewLayer | Synchronizing object | GEO-armor-block-2b558e7ac8eb4184c2af--FINISH--lower-impact-
Fra:1 Mem:61.40M (Peak 61.40M) | Time:00:00.02 | Mem:0.00M, Peak:0.00M | Scene, ViewLayer | Synchronizing object | GEO-armor-block-2b558e7ac8eb4184c2af--FINISH--recess-shadow
Fra:1 Mem:61.40M (Peak 61.40M) | Time:00:00.02 | Mem:0.00M, Peak:0.00M | Scene, ViewLayer | Synchronizing object | GEO-armor-block-2b558e7ac8eb4184c2af--BACKING--closed-solid
Fra:1 Mem:61.41M (Peak 61.41M) | Time:00:00.02 | Mem:0.00M, Peak:0.00M | Scene, ViewLayer | Synchronizing object | GEO-armor-block-649dcbda86c17c7952c9--FINISH--deep-vent-lou.008
Fra:1 Mem:61.40M (Peak 61.41M) | Time:00:00.02 | Mem:0.00M, Peak:0.00M | Scene, ViewLayer | Synchronizing object | GEO-armor-block-649dcbda86c17c7952c9--FINISH--upper-stepped
Fra:1 Mem:61.43M (Peak 61.43M) | Time:00:00.02 | Mem:0.00M, Peak:0.00M | Scene, ViewLayer | Synchronizing object | GEO-armor-block-649dcbda86c17c7952c9--FINISH--deep-vent-lou.010
Fra:1 Mem:61.42M (Peak 61.43M) | Time:00:00.02 | Mem:0.00M, Peak:0.00M | Scene, ViewLayer | Synchronizing object | GEO-armor-block-649dcbda86c17c7952c9--FINISH--pale-wrapped-.001
Fra:1 Mem:61.42M (Peak 61.43M) | Time:00:00.02 | Mem:0.00M, Peak:0.00M | Scene, ViewLayer | Synchronizing object | GEO-armor-block-649dcbda86c17c7952c9--BACKING--closed-outgo
Fra:1 Mem:61.43M (Peak 61.43M) | Time:00:00.02 | Mem:0.00M, Peak:0.00M | Scene, ViewLayer | Synchronizing object | GEO-armor-block-649dcbda86c17c7952c9--FINISH--lower-impact-.002
Fra:1 Mem:61.43M (Peak 61.43M) | Time:00:00.02 | Mem:0.00M, Peak:0.00M | Scene, ViewLayer | Synchronizing object | GEO-armor-block-649dcbda86c17c7952c9--FINISH--deep-vent-lou.011
Fra:1 Mem:61.44M (Peak 61.44M) | Time:00:00.02 | Mem:0.00M, Peak:0.00M | Scene, ViewLayer | Synchronizing object | GEO-armor-block-649dcbda86c17c7952c9--FINISH--recess-shadow
Fra:1 Mem:61.45M (Peak 61.45M) | Time:00:00.02 | Mem:0.00M, Peak:0.00M | Scene, ViewLayer | Synchronizing object | GEO-armor-block-649dcbda86c17c7952c9--FINISH--deep-vent-lou.012
Fra:1 Mem:61.45M (Peak 61.45M) | Time:00:00.02 | Mem:0.00M, Peak:0.00M | Scene, ViewLayer | Synchronizing object | GEO-armor-block-649dcbda86c17c7952c9--BACKING--closed-incom
Fra:1 Mem:61.45M (Peak 61.45M) | Time:00:00.02 | Mem:0.00M, Peak:0.00M | Scene, ViewLayer | Synchronizing object | GEO-armor-block-649dcbda86c17c7952c9--FINISH--cyan-flush-st
Fra:1 Mem:61.46M (Peak 61.46M) | Time:00:00.02 | Mem:0.00M, Peak:0.00M | Scene, ViewLayer | Synchronizing object | GEO-armor-block-649dcbda86c17c7952c9--FINISH--deep-vent-lou.013
Fra:1 Mem:61.46M (Peak 61.46M) | Time:00:00.02 | Mem:0.00M, Peak:0.00M | Scene, ViewLayer | Synchronizing object | GEO-armor-block-649dcbda86c17c7952c9--FINISH--interchangeab
Fra:1 Mem:61.46M (Peak 61.46M) | Time:00:00.02 | Mem:0.00M, Peak:0.00M | Scene, ViewLayer | Synchronizing object | GEO-armor-block-649dcbda86c17c7952c9--FINISH--deep-vent-lou.014
Fra:1 Mem:61.47M (Peak 61.47M) | Time:00:00.02 | Mem:0.00M, Peak:0.00M | Scene, ViewLayer | Synchronizing object | GEO-armor-block-649dcbda86c17c7952c9--FINISH--vent-dark-wel
Fra:1 Mem:61.48M (Peak 61.48M) | Time:00:00.02 | Mem:0.00M, Peak:0.00M | Scene, ViewLayer | Synchronizing object | GEO-armor-block-649dcbda86c17c7952c9--FINISH--deep-vent-lou.015
Fra:1 Mem:61.47M (Peak 61.48M) | Time:00:00.02 | Mem:0.00M, Peak:0.00M | Scene, ViewLayer | Synchronizing object | GEO-armor-block-649dcbda86c17c7952c9--FINISH--deep-vent-lou.016
Fra:1 Mem:61.48M (Peak 61.48M) | Time:00:00.02 | Mem:0.00M, Peak:0.00M | Scene, ViewLayer | Synchronizing object | GEO-armor-block-649dcbda86c17c7952c9--FINISH--pale-wrapped-.002
Fra:1 Mem:61.48M (Peak 61.48M) | Time:00:00.02 | Mem:0.00M, Peak:0.00M | Scene, ViewLayer | Synchronizing object | GEO-armor-block-649dcbda86c17c7952c9--FINISH--lower-impact-.003
Fra:1 Mem:61.51M (Peak 61.51M) | Time:00:00.02 | Mem:0.00M, Peak:0.00M | Scene, ViewLayer | Synchronizing object | GEO-armor-block-649dcbda86c17c7952c9--FINISH--lower-impact-.004
Fra:1 Mem:61.50M (Peak 61.51M) | Time:00:00.02 | Mem:0.00M, Peak:0.00M | Scene, ViewLayer | Synchronizing object | GEO-armor-block-fabbd7b0578ea00b5791--BACKING--closed-height-tr
Fra:1 Mem:61.52M (Peak 61.52M) | Time:00:00.02 | Mem:0.00M, Peak:0.00M | Scene, ViewLayer | Synchronizing object | GEO-armor-block-fabbd7b0578ea00b5791--BACKING--closed-junction-
Fra:1 Mem:61.51M (Peak 61.52M) | Time:00:00.02 | Mem:0.00M, Peak:0.00M | Scene, ViewLayer | Synchronizing object | GEO-armor-block-fabbd7b0578ea00b5791--FINISH--junction-lower-na
Fra:1 Mem:61.52M (Peak 61.52M) | Time:00:00.02 | Mem:0.00M, Peak:0.00M | Scene, ViewLayer | Synchronizing object | GEO-armor-block-4896cc9388c49fcb9b2e--FINISH--upper-stepped-sho
Fra:1 Mem:61.52M (Peak 61.52M) | Time:00:00.02 | Mem:0.00M, Peak:0.00M | Scene, ViewLayer | Synchronizing object | GEO-armor-block-fabbd7b0578ea00b5791--FINISH--junction-upper-na
Fra:1 Mem:61.55M (Peak 61.55M) | Time:00:00.02 | Mem:0.00M, Peak:0.00M | Scene, ViewLayer | Synchronizing object | GEO-armor-block-fabbd7b0578ea00b5791--FINISH--junction-wrapped-
Fra:1 Mem:61.54M (Peak 61.55M) | Time:00:00.02 | Mem:0.00M, Peak:0.00M | Scene, ViewLayer | Synchronizing object | GEO-armor-block-98477a5dd3e88b931589--BACKING--closed-incoming-
Fra:1 Mem:61.55M (Peak 61.55M) | Time:00:00.02 | Mem:0.00M, Peak:0.00M | Scene, ViewLayer | Synchronizing object | GEO-armor-block-98477a5dd3e88b931589--BACKING--closed-outgoing-
Fra:1 Mem:61.56M (Peak 61.56M) | Time:00:00.02 | Mem:0.00M, Peak:0.00M | Scene, ViewLayer | Synchronizing object | GEO-armor-block-98477a5dd3e88b931589--BACKING--closed-solid-bod
Fra:1 Mem:61.54M (Peak 61.56M) | Time:00:00.02 | Mem:0.00M, Peak:0.00M | Scene, ViewLayer | Synchronizing object | GEO-armor-block-4896cc9388c49fcb9b2e--FINISH--recess-shadow-sea
Fra:1 Mem:61.55M (Peak 61.56M) | Time:00:00.02 | Mem:0.00M, Peak:0.00M | Scene, ViewLayer | Synchronizing object | GEO-armor-block-98477a5dd3e88b931589--FINISH--interchangeable-p
Fra:1 Mem:61.57M (Peak 61.57M) | Time:00:00.02 | Mem:0.00M, Peak:0.00M | Scene, ViewLayer | Synchronizing object | GEO-armor-block-98477a5dd3e88b931589--FINISH--lower-impact-
Fra:1 Mem:61.56M (Peak 61.57M) | Time:00:00.02 | Mem:0.00M, Peak:0.00M | Scene, ViewLayer | Synchronizing object | GEO-armor-block-4896cc9388c49fcb9b2e--FINISH--pale-wrapped-conn
Fra:1 Mem:61.57M (Peak 61.57M) | Time:00:00.02 | Mem:0.00M, Peak:0.00M | Scene, ViewLayer | Synchronizing object | GEO-armor-block-98477a5dd3e88b931589--FINISH--lower-impact-.001
Fra:1 Mem:61.59M (Peak 61.59M) | Time:00:00.02 | Mem:0.00M, Peak:0.00M | Scene, ViewLayer | Synchronizing object | GEO-armor-block-98477a5dd3e88b931589--FINISH--lower-impact-rail
Fra:1 Mem:61.60M (Peak 61.60M) | Time:00:00.02 | Mem:0.00M, Peak:0.00M | Scene, ViewLayer | Synchronizing object | GEO-armor-block-98477a5dd3e88b931589--FINISH--pale-wrapped-
Fra:1 Mem:61.60M (Peak 61.60M) | Time:00:00.02 | Mem:0.00M, Peak:0.00M | Scene, ViewLayer | Synchronizing object | GEO-armor-block-4896cc9388c49fcb9b2e--FINISH--pale-wrapped-
Fra:1 Mem:61.60M (Peak 61.60M) | Time:00:00.02 | Mem:0.00M, Peak:0.00M | Scene, ViewLayer | Synchronizing object | GEO-armor-block-98477a5dd3e88b931589--FINISH--pale-wrapped-conn
Fra:1 Mem:61.59M (Peak 61.60M) | Time:00:00.02 | Mem:0.00M, Peak:0.00M | Scene, ViewLayer | Synchronizing object | GEO-armor-block-4896cc9388c49fcb9b2e--FINISH--lower-impact-rail
Fra:1 Mem:61.63M (Peak 61.63M) | Time:00:00.02 | Mem:0.00M, Peak:0.00M | Scene, ViewLayer | Synchronizing object | GEO-armor-block-a7ef36310c50dc565d00--BACKING--closed-height-tr
Fra:1 Mem:61.62M (Peak 61.63M) | Time:00:00.02 | Mem:0.00M, Peak:0.00M | Scene, ViewLayer | Synchronizing object | GEO-armor-block-4896cc9388c49fcb9b2e--FINISH--lower-impact-.001
Fra:1 Mem:61.62M (Peak 61.63M) | Time:00:00.02 | Mem:0.00M, Peak:0.00M | Scene, ViewLayer | Synchronizing object | GEO-armor-block-a7ef36310c50dc565d00--FINISH--height-transition
Fra:1 Mem:61.65M (Peak 61.65M) | Time:00:00.02 | Mem:0.00M, Peak:0.00M | Scene, ViewLayer | Synchronizing object | GEO-armor-block-a7ef36310c50dc565d00--FINISH--junction-lower-na
Fra:1 Mem:61.67M (Peak 61.67M) | Time:00:00.02 | Mem:0.00M, Peak:0.00M | Scene, ViewLayer | Synchronizing object | GEO-armor-block-a7ef36310c50dc565d00--FINISH--junction-upper-na
Fra:1 Mem:61.66M (Peak 61.67M) | Time:00:00.02 | Mem:0.00M, Peak:0.00M | Scene, ViewLayer | Synchronizing object | GEO-armor-block-a7ef36310c50dc565d00--FINISH--junction-wrapped-
Fra:1 Mem:61.66M (Peak 61.67M) | Time:00:00.02 | Mem:0.00M, Peak:0.00M | Scene, ViewLayer | Synchronizing object | GEO-armor-block-4896cc9388c49fcb9b2e--FINISH--lower-impact-
Fra:1 Mem:61.67M (Peak 61.67M) | Time:00:00.02 | Mem:0.00M, Peak:0.00M | Scene, ViewLayer | Synchronizing object | GEO-armor-block-4896cc9388c49fcb9b2e--BACKING--closed-incoming-
Fra:1 Mem:61.67M (Peak 61.67M) | Time:00:00.02 | Mem:0.00M, Peak:0.00M | Scene, ViewLayer | Synchronizing object | GEO-armor-block-4896cc9388c49fcb9b2e--BACKING--closed-outgoing-
Fra:1 Mem:61.67M (Peak 61.67M) | Time:00:00.02 | Mem:0.00M, Peak:0.00M | Scene, ViewLayer | Synchronizing object | GEO-armor-block-4896cc9388c49fcb9b2e--BACKING--closed-solid-bod
Fra:1 Mem:61.68M (Peak 61.68M) | Time:00:00.02 | Mem:0.00M, Peak:0.00M | Scene, ViewLayer | Synchronizing object | GEO-armor-block-4896cc9388c49fcb9b2e--FINISH--cyan-flush-status
Fra:1 Mem:61.68M (Peak 61.68M) | Time:00:00.02 | Mem:0.00M, Peak:0.00M | Scene, ViewLayer | Initializing
Fra:1 Mem:59.88M (Peak 61.68M) | Time:00:00.02 | Mem:0.00M, Peak:0.00M | Scene, ViewLayer | Updating Images | Loading armor-basecolor
Fra:1 Mem:59.88M (Peak 61.68M) | Time:00:00.02 | Mem:0.00M, Peak:0.00M | Scene, ViewLayer | Updating Images | Loading armor-normal
Fra:1 Mem:75.90M (Peak 83.89M) | Time:00:00.03 | Mem:4.00M, Peak:4.00M | Scene, ViewLayer | Updating Images | Loading armor-basecolor.003
Fra:1 Mem:87.91M (Peak 95.92M) | Time:00:00.04 | Mem:8.00M, Peak:8.00M | Scene, ViewLayer | Updating Images | Loading armor-roughness.003
Fra:1 Mem:83.90M (Peak 95.92M) | Time:00:00.04 | Mem:12.00M, Peak:12.00M | Scene, ViewLayer | Updating Images | Loading armor-normal.003
Fra:1 Mem:95.91M (Peak 103.92M) | Time:00:00.05 | Mem:16.00M, Peak:16.00M | Scene, ViewLayer | Updating Images | Loading armor-roughness.014
Fra:1 Mem:91.90M (Peak 103.92M) | Time:00:00.05 | Mem:20.00M, Peak:20.00M | Scene, ViewLayer | Updating Images | Loading armor-basecolor.004
Fra:1 Mem:95.90M (Peak 103.92M) | Time:00:00.06 | Mem:24.00M, Peak:24.00M | Scene, ViewLayer | Updating Images | Loading armor-roughness.004
Fra:1 Mem:115.91M (Peak 123.92M) | Time:00:00.07 | Mem:28.00M, Peak:28.00M | Scene, ViewLayer | Updating Images | Loading armor-normal.004
Fra:1 Mem:119.91M (Peak 127.92M) | Time:00:00.08 | Mem:32.00M, Peak:32.00M | Scene, ViewLayer | Updating Images | Loading armor-basecolor.005
Fra:1 Mem:123.91M (Peak 131.92M) | Time:00:00.09 | Mem:36.00M, Peak:36.00M | Scene, ViewLayer | Updating Images | Loading armor-roughness.005
Fra:1 Mem:127.91M (Peak 135.93M) | Time:00:00.09 | Mem:40.00M, Peak:40.00M | Scene, ViewLayer | Updating Images | Loading armor-normal.005
Fra:1 Mem:123.91M (Peak 135.93M) | Time:00:00.10 | Mem:44.00M, Peak:44.00M | Scene, ViewLayer | Updating Images | Loading armor-basecolor.014
Fra:1 Mem:127.91M (Peak 135.93M) | Time:00:00.10 | Mem:48.00M, Peak:48.00M | Scene, ViewLayer | Updating Images | Loading armor-basecolor.001
Fra:1 Mem:131.91M (Peak 139.92M) | Time:00:00.11 | Mem:52.00M, Peak:52.00M | Scene, ViewLayer | Updating Images | Loading armor-roughness.001
Fra:1 Mem:135.91M (Peak 143.92M) | Time:00:00.11 | Mem:56.00M, Peak:56.00M | Scene, ViewLayer | Updating Images | Loading armor-normal.001
Fra:1 Mem:131.90M (Peak 143.92M) | Time:00:00.11 | Mem:60.00M, Peak:60.00M | Scene, ViewLayer | Updating Images | Loading armor-normal.013
Fra:1 Mem:159.92M (Peak 167.93M) | Time:00:00.12 | Mem:64.00M, Peak:64.00M | Scene, ViewLayer | Updating Images | Loading armor-basecolor.002
Fra:1 Mem:155.91M (Peak 167.93M) | Time:00:00.12 | Mem:68.00M, Peak:68.00M | Scene, ViewLayer | Updating Images | Loading armor-roughness.013
Fra:1 Mem:151.91M (Peak 167.93M) | Time:00:00.12 | Mem:72.00M, Peak:72.00M | Scene, ViewLayer | Updating Images | Loading armor-roughness.002
Fra:1 Mem:147.90M (Peak 167.93M) | Time:00:00.12 | Mem:76.00M, Peak:76.00M | Scene, ViewLayer | Updating Images | Loading armor-normal.002
Fra:1 Mem:159.91M (Peak 167.93M) | Time:00:00.15 | Mem:80.00M, Peak:80.00M | Scene, ViewLayer | Updating Images | Loading armor-basecolor.013
Fra:1 Mem:155.90M (Peak 167.93M) | Time:00:00.15 | Mem:84.00M, Peak:84.00M | Scene, ViewLayer | Updating Images | Loading armor-basecolor.010
Fra:1 Mem:167.91M (Peak 175.92M) | Time:00:00.16 | Mem:88.00M, Peak:88.00M | Scene, ViewLayer | Updating Images | Loading armor-roughness.010
Fra:1 Mem:163.90M (Peak 175.92M) | Time:00:00.16 | Mem:92.00M, Peak:92.00M | Scene, ViewLayer | Updating Images | Loading armor-normal.010
Fra:1 Mem:175.91M (Peak 183.92M) | Time:00:00.18 | Mem:96.00M, Peak:96.00M | Scene, ViewLayer | Updating Images | Loading armor-normal.012
Fra:1 Mem:171.90M (Peak 183.92M) | Time:00:00.18 | Mem:100.00M, Peak:100.00M | Scene, ViewLayer | Updating Images | Loading armor-basecolor.011
Fra:1 Mem:175.90M (Peak 183.92M) | Time:00:00.19 | Mem:104.00M, Peak:104.00M | Scene, ViewLayer | Updating Images | Loading armor-roughness.011
Fra:1 Mem:179.90M (Peak 187.91M) | Time:00:00.19 | Mem:108.00M, Peak:108.00M | Scene, ViewLayer | Updating Images | Loading armor-roughness.012
Fra:1 Mem:183.90M (Peak 191.91M) | Time:00:00.20 | Mem:112.00M, Peak:112.00M | Scene, ViewLayer | Updating Images | Loading armor-normal.011
Fra:1 Mem:187.90M (Peak 195.91M) | Time:00:00.21 | Mem:116.00M, Peak:116.00M | Scene, ViewLayer | Updating Images | Loading armor-basecolor.008
Fra:1 Mem:191.90M (Peak 199.91M) | Time:00:00.22 | Mem:120.00M, Peak:120.00M | Scene, ViewLayer | Updating Images | Loading armor-roughness.008
Fra:1 Mem:203.91M (Peak 211.92M) | Time:00:00.23 | Mem:124.00M, Peak:124.00M | Scene, ViewLayer | Updating Images | Loading armor-normal.008
Fra:1 Mem:199.90M (Peak 211.92M) | Time:00:00.23 | Mem:128.00M, Peak:128.00M | Scene, ViewLayer | Updating Images | Loading armor-basecolor.007
Fra:1 Mem:203.90M (Peak 211.92M) | Time:00:00.23 | Mem:132.00M, Peak:132.00M | Scene, ViewLayer | Updating Images | Loading armor-roughness.007
Fra:1 Mem:207.90M (Peak 215.91M) | Time:00:00.24 | Mem:136.00M, Peak:136.00M | Scene, ViewLayer | Updating Images | Loading armor-normal.007
Fra:1 Mem:211.90M (Peak 219.91M) | Time:00:00.24 | Mem:140.00M, Peak:140.00M | Scene, ViewLayer | Updating Images | Loading armor-basecolor.006
Fra:1 Mem:215.90M (Peak 223.91M) | Time:00:00.25 | Mem:144.00M, Peak:144.00M | Scene, ViewLayer | Updating Images | Loading armor-basecolor.012
Fra:1 Mem:219.90M (Peak 227.91M) | Time:00:00.26 | Mem:148.00M, Peak:148.00M | Scene, ViewLayer | Updating Images | Loading armor-roughness.006
Fra:1 Mem:231.91M (Peak 239.92M) | Time:00:00.26 | Mem:152.00M, Peak:152.00M | Scene, ViewLayer | Updating Images | Loading armor-normal.006
Fra:1 Mem:235.91M (Peak 243.92M) | Time:00:00.29 | Mem:156.00M, Peak:156.00M | Scene, ViewLayer | Updating Images | Loading armor-basecolor.009
Fra:1 Mem:239.91M (Peak 247.92M) | Time:00:00.29 | Mem:160.00M, Peak:160.00M | Scene, ViewLayer | Updating Images | Loading armor-roughness.009
Fra:1 Mem:243.91M (Peak 251.92M) | Time:00:00.30 | Mem:164.00M, Peak:164.00M | Scene, ViewLayer | Updating Images | Loading armor-normal.009
Fra:1 Mem:226.54M (Peak 255.92M) | Time:00:00.31 | Mem:180.00M, Peak:180.00M | Scene, ViewLayer | Waiting for render to start
Fra:1 Mem:226.54M (Peak 255.92M) | Time:00:00.31 | Mem:180.00M, Peak:180.00M | Scene, ViewLayer | Loading render kernels (may take a few minutes the first time)
Fra:1 Mem:226.54M (Peak 255.92M) | Time:00:00.31 | Mem:180.00M, Peak:180.00M | Scene, ViewLayer | Updating Scene
Fra:1 Mem:226.54M (Peak 255.92M) | Time:00:00.31 | Mem:180.00M, Peak:180.00M | Scene, ViewLayer | Updating Shaders
Fra:1 Mem:226.64M (Peak 255.92M) | Time:00:00.31 | Mem:180.02M, Peak:180.02M | Scene, ViewLayer | Updating Procedurals
Fra:1 Mem:226.64M (Peak 255.92M) | Time:00:00.31 | Mem:180.02M, Peak:180.02M | Scene, ViewLayer | Updating Background
Fra:1 Mem:226.64M (Peak 255.92M) | Time:00:00.31 | Mem:180.02M, Peak:180.02M | Scene, ViewLayer | Updating Camera
Fra:1 Mem:226.64M (Peak 255.92M) | Time:00:00.32 | Mem:180.02M, Peak:180.02M | Scene, ViewLayer | Updating Meshes Flags
Fra:1 Mem:226.64M (Peak 255.92M) | Time:00:00.32 | Mem:180.02M, Peak:180.02M | Scene, ViewLayer | Updating Objects
Fra:1 Mem:226.64M (Peak 255.92M) | Time:00:00.32 | Mem:180.02M, Peak:180.02M | Scene, ViewLayer | Updating Objects | Copying Transformations to device
Fra:1 Mem:226.75M (Peak 255.92M) | Time:00:00.32 | Mem:180.12M, Peak:180.12M | Scene, ViewLayer | Updating Objects | Applying Static Transformations
Fra:1 Mem:226.75M (Peak 255.92M) | Time:00:00.32 | Mem:180.12M, Peak:180.12M | Scene, ViewLayer | Updating Particle Systems
Fra:1 Mem:226.75M (Peak 255.92M) | Time:00:00.32 | Mem:180.12M, Peak:180.12M | Scene, ViewLayer | Updating Particle Systems | Copying Particles to device
Fra:1 Mem:226.75M (Peak 255.92M) | Time:00:00.32 | Mem:180.12M, Peak:180.12M | Scene, ViewLayer | Updating Meshes
Fra:1 Mem:226.80M (Peak 255.92M) | Time:00:00.32 | Mem:180.12M, Peak:180.12M | Scene, ViewLayer | Updating Mesh | Computing attributes
Fra:1 Mem:227.20M (Peak 255.92M) | Time:00:00.32 | Mem:180.15M, Peak:180.15M | Scene, ViewLayer | Updating Mesh | Copying Attributes to device
Fra:1 Mem:227.13M (Peak 255.92M) | Time:00:00.32 | Mem:180.45M, Peak:180.45M | Scene, ViewLayer | Updating Geometry BVH MESH-armor-block-a6743a347ee2fcdd1ce9-closed-outgoing-wrapped-b 1/125 | Building BVH
Fra:1 Mem:227.13M (Peak 255.92M) | Time:00:00.32 | Mem:180.45M, Peak:180.45M | Scene, ViewLayer | Updating Geometry BVH MESH-armor-block-a6743a347ee2fcdd1ce9-closed-solid-body 3/125 | Building BVH
Fra:1 Mem:227.13M (Peak 255.92M) | Time:00:00.32 | Mem:180.45M, Peak:180.45M | Scene, ViewLayer | Updating Geometry BVH MESH-armor-block-649dcbda86c17c7952c9-lower-impact-rail-cut-poc 125/125 | Building BVH
Fra:1 Mem:227.13M (Peak 255.92M) | Time:00:00.32 | Mem:180.46M, Peak:180.46M | Scene, ViewLayer | Updating Geometry BVH MESH-armor-block-a6743a347ee2fcdd1ce9-lower-impact-rail-left 4/125 | Building BVH
Fra:1 Mem:227.13M (Peak 255.92M) | Time:00:00.32 | Mem:180.46M, Peak:180.46M | Scene, ViewLayer | Updating Geometry BVH MESH-armor-block-a6743a347ee2fcdd1ce9-cyan-flush-status-lens 6/125 | Building BVH
Fra:1 Mem:227.13M (Peak 255.92M) | Time:00:00.32 | Mem:180.46M, Peak:180.47M | Scene, ViewLayer | Updating Geometry BVH MESH-armor-block-649dcbda86c17c7952c9-lower-impact-rail-left 124/125 | Building BVH
Fra:1 Mem:227.13M (Peak 255.92M) | Time:00:00.32 | Mem:180.46M, Peak:180.47M | Scene, ViewLayer | Updating Geometry BVH MESH-armor-block-a6743a347ee2fcdd1ce9-interchangeable-plain-fac 7/125 | Building BVH
Fra:1 Mem:227.13M (Peak 255.92M) | Time:00:00.32 | Mem:180.47M, Peak:180.47M | Scene, ViewLayer | Updating Geometry BVH MESH-armor-block-a6743a347ee2fcdd1ce9-lower-impact-rail-right 8/125 | Building BVH
Fra:1 Mem:227.13M (Peak 255.92M) | Time:00:00.32 | Mem:180.47M, Peak:180.47M | Scene, ViewLayer | Updating Geometry BVH MESH-armor-block-a6743a347ee2fcdd1ce9-upper-stepped-shoulder 9/125 | Building BVH
Fra:1 Mem:227.13M (Peak 255.92M) | Time:00:00.32 | Mem:180.47M, Peak:180.47M | Scene, ViewLayer | Updating Geometry BVH MESH-armor-block-a6743a347ee2fcdd1ce9-closed-incoming-wrapped-b 10/125 | Building BVH
Fra:1 Mem:227.13M (Peak 255.92M) | Time:00:00.32 | Mem:180.47M, Peak:180.47M | Scene, ViewLayer | Updating Geometry BVH MESH-armor-block-a6743a347ee2fcdd1ce9-pale-wrapped-connector-ou 12/125 | Building BVH
Fra:1 Mem:227.13M (Peak 255.92M) | Time:00:00.32 | Mem:180.48M, Peak:180.48M | Scene, ViewLayer | Updating Geometry BVH MESH-armor-block-926961217b49c21a526b-closed-outgoing-wrapped-b 13/125 | Building BVH
Fra:1 Mem:227.13M (Peak 255.92M) | Time:00:00.32 | Mem:180.48M, Peak:180.48M | Scene, ViewLayer | Updating Geometry BVH MESH-armor-block-926961217b49c21a526b-cyan-flush-status-lens 15/125 | Building BVH
Fra:1 Mem:227.13M (Peak 255.92M) | Time:00:00.32 | Mem:180.48M, Peak:180.48M | Scene, ViewLayer | Updating Geometry BVH MESH-armor-block-926961217b49c21a526b-pale-wrapped-connector-in 16/125 | Building BVH
Fra:1 Mem:227.13M (Peak 255.92M) | Time:00:00.32 | Mem:180.49M, Peak:180.49M | Scene, ViewLayer | Updating Geometry BVH MESH-armor-block-926961217b49c21a526b-closed-incoming-wrapped-b 17/125 | Building BVH
Fra:1 Mem:227.13M (Peak 255.92M) | Time:00:00.32 | Mem:180.49M, Peak:180.49M | Scene, ViewLayer | Updating Geometry BVH MESH-armor-block-926961217b49c21a526b-lower-impact-rail-cut-poc 18/125 | Building BVH
Fra:1 Mem:227.13M (Peak 255.92M) | Time:00:00.32 | Mem:180.49M, Peak:180.49M | Scene, ViewLayer | Updating Geometry BVH MESH-armor-block-649dcbda86c17c7952c9-pale-wrapped-connector-in 122/125 | Building BVH
Fra:1 Mem:227.13M (Peak 255.92M) | Time:00:00.32 | Mem:180.50M, Peak:180.50M | Scene, ViewLayer | Updating Geometry BVH MESH-armor-block-649dcbda86c17c7952c9-deep-vent-louver-1 121/125 | Building BVH
Fra:1 Mem:227.13M (Peak 255.92M) | Time:00:00.32 | Mem:180.50M, Peak:180.50M | Scene, ViewLayer | Updating Geometry BVH MESH-armor-block-926961217b49c21a526b-lower-impact-rail-left 21/125 | Building BVH
Fra:1 Mem:227.13M (Peak 255.92M) | Time:00:00.32 | Mem:180.50M, Peak:180.50M | Scene, ViewLayer | Updating Geometry BVH MESH-armor-block-926961217b49c21a526b-interchangeable-red-servi 22/125 | Building BVH
Fra:1 Mem:227.13M (Peak 255.92M) | Time:00:00.32 | Mem:180.50M, Peak:180.50M | Scene, ViewLayer | Updating Geometry BVH MESH-armor-block-649dcbda86c17c7952c9-deep-vent-louver-7 120/125 | Building BVH
Fra:1 Mem:227.13M (Peak 255.92M) | Time:00:00.32 | Mem:180.50M, Peak:180.50M | Scene, ViewLayer | Updating Geometry BVH MESH-armor-block-926961217b49c21a526b-pale-wrapped-connector-ou 23/125 | Building BVH
Fra:1 Mem:227.13M (Peak 255.92M) | Time:00:00.32 | Mem:180.51M, Peak:180.51M | Scene, ViewLayer | Updating Geometry BVH MESH-armor-block-649dcbda86c17c7952c9-vent-dark-well 119/125 | Building BVH
Fra:1 Mem:227.13M (Peak 255.92M) | Time:00:00.32 | Mem:180.51M, Peak:180.51M | Scene, ViewLayer | Updating Geometry BVH MESH-armor-block-926961217b49c21a526b-lower-impact-rail-right 24/125 | Building BVH
Fra:1 Mem:227.13M (Peak 255.92M) | Time:00:00.32 | Mem:180.51M, Peak:180.51M | Scene, ViewLayer | Updating Geometry BVH MESH-armor-block-137adc2153a878094d60-utility-removable-box 26/125 | Building BVH
Fra:1 Mem:227.13M (Peak 255.92M) | Time:00:00.32 | Mem:180.51M, Peak:180.51M | Scene, ViewLayer | Updating Geometry BVH MESH-armor-block-649dcbda86c17c7952c9-deep-vent-louver-3 118/125 | Building BVH
Fra:1 Mem:227.13M (Peak 255.92M) | Time:00:00.32 | Mem:180.52M, Peak:180.52M | Scene, ViewLayer | Updating Geometry BVH MESH-armor-block-649dcbda86c17c7952c9-interchangeable-vent-face 117/125 | Building BVH
Fra:1 Mem:227.13M (Peak 255.92M) | Time:00:00.32 | Mem:180.52M, Peak:180.52M | Scene, ViewLayer | Updating Geometry BVH MESH-armor-block-137adc2153a878094d60-pale-wrapped-connector-in 27/125 | Building BVH
Fra:1 Mem:227.13M (Peak 255.92M) | Time:00:00.32 | Mem:180.52M, Peak:180.52M | Scene, ViewLayer | Updating Geometry BVH MESH-armor-block-137adc2153a878094d60-interchangeable-utility-f 28/125 | Building BVH
Fra:1 Mem:227.13M (Peak 255.92M) | Time:00:00.32 | Mem:180.53M, Peak:180.53M | Scene, ViewLayer | Updating Geometry BVH MESH-armor-block-649dcbda86c17c7952c9-deep-vent-louver-5 116/125 | Building BVH
Fra:1 Mem:227.13M (Peak 255.92M) | Time:00:00.32 | Mem:180.53M, Peak:180.53M | Scene, ViewLayer | Updating Geometry BVH MESH-armor-block-137adc2153a878094d60-closed-incoming-wrapped-b 29/125 | Building BVH
Fra:1 Mem:227.13M (Peak 255.92M) | Time:00:00.32 | Mem:180.53M, Peak:180.53M | Scene, ViewLayer | Updating Geometry BVH MESH-armor-block-649dcbda86c17c7952c9-cyan-flush-status-lens 115/125 | Building BVH
Fra:1 Mem:227.13M (Peak 255.92M) | Time:00:00.32 | Mem:180.53M, Peak:180.53M | Scene, ViewLayer | Updating Geometry BVH MESH-armor-block-137adc2153a878094d60-closed-outgoing-wrapped-b 30/125 | Building BVH
Fra:1 Mem:227.13M (Peak 255.92M) | Time:00:00.32 | Mem:180.54M, Peak:180.54M | Scene, ViewLayer | Updating Geometry BVH MESH-armor-block-649dcbda86c17c7952c9-closed-incoming-wrapped-b 114/125 | Building BVH
Fra:1 Mem:227.13M (Peak 255.92M) | Time:00:00.32 | Mem:180.54M, Peak:180.54M | Scene, ViewLayer | Updating Geometry BVH MESH-armor-block-137adc2153a878094d60-lower-impact-rail-right 32/125 | Building BVH
Fra:1 Mem:227.13M (Peak 255.92M) | Time:00:00.32 | Mem:180.54M, Peak:180.54M | Scene, ViewLayer | Updating Geometry BVH MESH-armor-block-137adc2153a878094d60-upper-stepped-shoulder 33/125 | Building BVH
Fra:1 Mem:227.13M (Peak 255.92M) | Time:00:00.32 | Mem:180.54M, Peak:180.54M | Scene, ViewLayer | Updating Geometry BVH MESH-armor-block-649dcbda86c17c7952c9-deep-vent-louver-8 113/125 | Building BVH
Fra:1 Mem:227.13M (Peak 255.92M) | Time:00:00.32 | Mem:180.55M, Peak:180.55M | Scene, ViewLayer | Updating Geometry BVH MESH-armor-block-137adc2153a878094d60-cyan-flush-status-lens 34/125 | Building BVH
Fra:1 Mem:227.13M (Peak 255.92M) | Time:00:00.32 | Mem:180.55M, Peak:180.55M | Scene, ViewLayer | Updating Geometry BVH MESH-armor-block-649dcbda86c17c7952c9-recess-shadow-seat 112/125 | Building BVH
Fra:1 Mem:227.13M (Peak 255.92M) | Time:00:00.32 | Mem:180.55M, Peak:180.55M | Scene, ViewLayer | Updating Geometry BVH MESH-armor-block-137adc2153a878094d60-utility-status-lens 36/125 | Building BVH
Fra:1 Mem:227.13M (Peak 255.92M) | Time:00:00.32 | Mem:180.55M, Peak:180.55M | Scene, ViewLayer | Updating Geometry BVH MESH-armor-block-649dcbda86c17c7952c9-deep-vent-louver-4 111/125 | Building BVH
Fra:1 Mem:227.13M (Peak 255.92M) | Time:00:00.32 | Mem:180.55M, Peak:180.55M | Scene, ViewLayer | Updating Geometry BVH MESH-armor-block-137adc2153a878094d60-closed-solid-body 38/125 | Building BVH
Fra:1 Mem:227.13M (Peak 255.92M) | Time:00:00.32 | Mem:180.55M, Peak:180.55M | Scene, ViewLayer | Updating Geometry BVH MESH-armor-block-649dcbda86c17c7952c9-lower-impact-rail-right 110/125 | Building BVH
Fra:1 Mem:227.13M (Peak 255.92M) | Time:00:00.32 | Mem:180.55M, Peak:180.56M | Scene, ViewLayer | Updating Geometry BVH MESH-armor-block-e40f082abbcbe4f55a62-lower-impact-rail-right 39/125 | Building BVH
Fra:1 Mem:227.13M (Peak 255.92M) | Time:00:00.32 | Mem:180.56M, Peak:180.56M | Scene, ViewLayer | Updating Geometry BVH MESH-armor-block-e40f082abbcbe4f55a62-closed-outgoing-wrapped-b 40/125 | Building BVH
Fra:1 Mem:227.13M (Peak 255.92M) | Time:00:00.32 | Mem:180.56M, Peak:180.56M | Scene, ViewLayer | Updating Geometry BVH MESH-armor-block-649dcbda86c17c7952c9-closed-outgoing-wrapped-b 109/125 | Building BVH
Fra:1 Mem:227.13M (Peak 255.92M) | Time:00:00.32 | Mem:180.56M, Peak:180.56M | Scene, ViewLayer | Updating Geometry BVH MESH-armor-block-e40f082abbcbe4f55a62-upper-stepped-shoulder 41/125 | Building BVH
Fra:1 Mem:227.13M (Peak 255.92M) | Time:00:00.32 | Mem:180.56M, Peak:180.56M | Scene, ViewLayer | Updating Geometry BVH MESH-armor-block-649dcbda86c17c7952c9-pale-wrapped-connector-ou 108/125 | Building BVH
Fra:1 Mem:227.13M (Peak 255.92M) | Time:00:00.32 | Mem:180.56M, Peak:180.56M | Scene, ViewLayer | Updating Geometry BVH MESH-armor-block-e40f082abbcbe4f55a62-cyan-flush-status-lens 42/125 | Building BVH
Fra:1 Mem:227.13M (Peak 255.92M) | Time:00:00.32 | Mem:180.56M, Peak:180.56M | Scene, ViewLayer | Updating Geometry BVH MESH-armor-block-649dcbda86c17c7952c9-deep-vent-louver-6 107/125 | Building BVH
Fra:1 Mem:227.13M (Peak 255.92M) | Time:00:00.32 | Mem:180.56M, Peak:180.57M | Scene, ViewLayer | Updating Geometry BVH MESH-armor-block-e40f082abbcbe4f55a62-closed-incoming-wrapped-b 43/125 | Building BVH
Fra:1 Mem:227.13M (Peak 255.92M) | Time:00:00.32 | Mem:180.57M, Peak:180.57M | Scene, ViewLayer | Updating Geometry BVH MESH-armor-block-649dcbda86c17c7952c9-upper-stepped-shoulder 106/125 | Building BVH
Fra:1 Mem:227.13M (Peak 255.92M) | Time:00:00.32 | Mem:180.57M, Peak:180.57M | Scene, ViewLayer | Updating Geometry BVH MESH-armor-block-e40f082abbcbe4f55a62-interchangeable-identity- 44/125 | Building BVH
Fra:1 Mem:227.13M (Peak 255.92M) | Time:00:00.32 | Mem:180.57M, Peak:180.57M | Scene, ViewLayer | Updating Geometry BVH MESH-armor-block-e40f082abbcbe4f55a62-pale-wrapped-connector-in 45/125 | Building BVH
Fra:1 Mem:227.13M (Peak 255.92M) | Time:00:00.32 | Mem:180.57M, Peak:180.57M | Scene, ViewLayer | Updating Geometry BVH MESH-armor-block-e40f082abbcbe4f55a62-recess-shadow-seat 46/125 | Building BVH
Fra:1 Mem:227.13M (Peak 255.92M) | Time:00:00.32 | Mem:180.57M, Peak:180.57M | Scene, ViewLayer | Updating Geometry BVH MESH-armor-block-e40f082abbcbe4f55a62-lower-impact-rail-cut-poc 47/125 | Building BVH
Fra:1 Mem:227.13M (Peak 255.92M) | Time:00:00.32 | Mem:180.58M, Peak:180.58M | Scene, ViewLayer | Updating Geometry BVH MESH-armor-block-649dcbda86c17c7952c9-deep-vent-louver-0 104/125 | Building BVH
Fra:1 Mem:227.13M (Peak 255.92M) | Time:00:00.32 | Mem:180.58M, Peak:180.58M | Scene, ViewLayer | Updating Geometry BVH MESH-armor-block-e40f082abbcbe4f55a62-lower-impact-rail-left 49/125 | Building BVH
Fra:1 Mem:227.13M (Peak 255.92M) | Time:00:00.32 | Mem:180.59M, Peak:180.59M | Scene, ViewLayer | Updating Geometry BVH MESH-armor-block-62ad930c45227d5287a0-closed-solid-body 51/125 | Building BVH
Fra:1 Mem:227.13M (Peak 255.92M) | Time:00:00.32 | Mem:180.59M, Peak:180.59M | Scene, ViewLayer | Updating Geometry BVH MESH-armor-block-62ad930c45227d5287a0-pale-wrapped-connector-in 52/125 | Building BVH
Fra:1 Mem:227.13M (Peak 255.92M) | Time:00:00.32 | Mem:180.59M, Peak:180.59M | Scene, ViewLayer | Updating Geometry BVH MESH-armor-block-62ad930c45227d5287a0-closed-incoming-wrapped-b 53/125 | Building BVH
Fra:1 Mem:227.13M (Peak 255.92M) | Time:00:00.32 | Mem:180.59M, Peak:180.60M | Scene, ViewLayer | Updating Geometry BVH MESH-armor-block-62ad930c45227d5287a0-upper-stepped-shoulder 55/125 | Building BVH
Fra:1 Mem:227.13M (Peak 255.92M) | Time:00:00.32 | Mem:180.60M, Peak:180.60M | Scene, ViewLayer | Updating Geometry BVH MESH-armor-block-62ad930c45227d5287a0-lower-impact-rail-right 56/125 | Building BVH
Fra:1 Mem:227.13M (Peak 255.92M) | Time:00:00.32 | Mem:180.60M, Peak:180.60M | Scene, ViewLayer | Updating Geometry BVH MESH-armor-block-62ad930c45227d5287a0-lower-impact-rail-cut-poc 57/125 | Building BVH
Fra:1 Mem:227.13M (Peak 255.92M) | Time:00:00.32 | Mem:180.60M, Peak:180.60M | Scene, ViewLayer | Updating Geometry BVH MESH-armor-block-2b558e7ac8eb4184c2af-closed-solid-body 103/125 | Building BVH
Fra:1 Mem:227.13M (Peak 255.92M) | Time:00:00.32 | Mem:180.61M, Peak:180.61M | Scene, ViewLayer | Updating Geometry BVH MESH-armor-block-62ad930c45227d5287a0-pale-wrapped-connector-ou 59/125 | Building BVH
Fra:1 Mem:227.13M (Peak 255.92M) | Time:00:00.32 | Mem:180.61M, Peak:180.61M | Scene, ViewLayer | Updating Geometry BVH MESH-armor-block-62ad930c45227d5287a0-lower-impact-rail-left 60/125 | Building BVH
Fra:1 Mem:227.13M (Peak 255.92M) | Time:00:00.32 | Mem:180.61M, Peak:180.61M | Scene, ViewLayer | Updating Geometry BVH MESH-armor-block-2b558e7ac8eb4184c2af-recess-shadow-seat 102/125 | Building BVH
Fra:1 Mem:227.13M (Peak 255.92M) | Time:00:00.32 | Mem:180.62M, Peak:180.62M | Scene, ViewLayer | Updating Geometry BVH MESH-armor-block-62ad930c45227d5287a0-recess-shadow-seat 62/125 | Building BVH
Fra:1 Mem:227.13M (Peak 255.92M) | Time:00:00.32 | Mem:180.62M, Peak:180.62M | Scene, ViewLayer | Updating Geometry BVH MESH-armor-block-e1affbf19f4b7fa30311-junction-wrapped-pale-con 64/125 | Building BVH
Fra:1 Mem:227.13M (Peak 255.92M) | Time:00:00.32 | Mem:180.63M, Peak:180.63M | Scene, ViewLayer | Updating Geometry BVH MESH-armor-block-e1affbf19f4b7fa30311-closed-junction-wedge 65/125 | Building BVH
Fra:1 Mem:227.13M (Peak 255.92M) | Time:00:00.32 | Mem:180.63M, Peak:180.63M | Scene, ViewLayer | Updating Geometry BVH MESH-armor-block-e1affbf19f4b7fa30311-junction-lower-navy-shoe 66/125 | Building BVH
Fra:1 Mem:227.13M (Peak 255.92M) | Time:00:00.32 | Mem:180.63M, Peak:180.63M | Scene, ViewLayer | Updating Geometry BVH MESH-armor-block-e120acd13dae3b493668-recess-shadow-seat 67/125 | Building BVH
Fra:1 Mem:227.13M (Peak 255.92M) | Time:00:00.32 | Mem:180.63M, Peak:180.63M | Scene, ViewLayer | Updating Geometry BVH MESH-armor-block-e120acd13dae3b493668-interchangeable-vent-face 68/125 | Building BVH
Fra:1 Mem:227.13M (Peak 255.92M) | Time:00:00.32 | Mem:180.64M, Peak:180.64M | Scene, ViewLayer | Updating Geometry BVH MESH-armor-block-2b558e7ac8eb4184c2af-closed-outgoing-wrapped-b 99/125 | Building BVH
Fra:1 Mem:227.13M (Peak 255.92M) | Time:00:00.32 | Mem:180.64M, Peak:180.64M | Scene, ViewLayer | Updating Geometry BVH MESH-armor-block-e120acd13dae3b493668-deep-vent-louver-1 70/125 | Building BVH
Fra:1 Mem:227.13M (Peak 255.92M) | Time:00:00.32 | Mem:180.64M, Peak:180.64M | Scene, ViewLayer | Updating Geometry BVH MESH-armor-block-e120acd13dae3b493668-vent-dark-well 71/125 | Building BVH
Fra:1 Mem:227.13M (Peak 255.92M) | Time:00:00.32 | Mem:180.64M, Peak:180.64M | Scene, ViewLayer | Updating Geometry BVH MESH-armor-block-2b558e7ac8eb4184c2af-pale-wrapped-connector-in 98/125 | Building BVH
Fra:1 Mem:227.13M (Peak 255.92M) | Time:00:00.32 | Mem:180.65M, Peak:180.65M | Scene, ViewLayer | Updating Geometry BVH MESH-armor-block-e120acd13dae3b493668-closed-incoming-wrapped-b 72/125 | Building BVH
Fra:1 Mem:227.13M (Peak 255.92M) | Time:00:00.32 | Mem:180.65M, Peak:180.65M | Scene, ViewLayer | Updating Geometry BVH MESH-armor-block-e120acd13dae3b493668-closed-solid-body 73/125 | Building BVH
Fra:1 Mem:227.13M (Peak 255.92M) | Time:00:00.32 | Mem:180.66M, Peak:180.66M | Scene, ViewLayer | Updating Geometry BVH MESH-armor-block-e120acd13dae3b493668-pale-wrapped-connector-in 74/125 | Building BVH
Fra:1 Mem:227.13M (Peak 255.92M) | Time:00:00.32 | Mem:180.66M, Peak:180.66M | Scene, ViewLayer | Updating Geometry BVH MESH-armor-block-2b558e7ac8eb4184c2af-closed-incoming-wrapped-b 96/125 | Building BVH
Fra:1 Mem:227.13M (Peak 255.92M) | Time:00:00.32 | Mem:180.66M, Peak:180.66M | Scene, ViewLayer | Updating Geometry BVH MESH-armor-block-e120acd13dae3b493668-deep-vent-louver-0 75/125 | Building BVH
Fra:1 Mem:227.13M (Peak 255.92M) | Time:00:00.32 | Mem:180.66M, Peak:180.66M | Scene, ViewLayer | Updating Geometry BVH MESH-armor-block-2b558e7ac8eb4184c2af-interchangeable-utility-f 95/125 | Building BVH
Fra:1 Mem:227.13M (Peak 255.92M) | Time:00:00.32 | Mem:180.66M, Peak:180.66M | Scene, ViewLayer | Updating Geometry BVH MESH-armor-block-e120acd13dae3b493668-upper-stepped-shoulder 77/125 | Building BVH
Fra:1 Mem:227.13M (Peak 255.92M) | Time:00:00.32 | Mem:180.67M, Peak:180.67M | Scene, ViewLayer | Updating Geometry BVH MESH-armor-block-e120acd13dae3b493668-closed-outgoing-wrapped-b 78/125 | Building BVH
Fra:1 Mem:227.13M (Peak 255.92M) | Time:00:00.32 | Mem:180.67M, Peak:180.67M | Scene, ViewLayer | Updating Geometry BVH MESH-armor-block-e120acd13dae3b493668-lower-impact-rail-right 79/125 | Building BVH
Fra:1 Mem:227.13M (Peak 255.92M) | Time:00:00.32 | Mem:180.67M, Peak:180.67M | Scene, ViewLayer | Updating Geometry BVH MESH-armor-block-b235419d9a165659f2e8-closed-solid-body 94/125 | Building BVH
Fra:1 Mem:227.13M (Peak 255.92M) | Time:00:00.32 | Mem:180.67M, Peak:180.67M | Scene, ViewLayer | Updating Geometry BVH MESH-armor-block-e120acd13dae3b493668-pale-wrapped-connector-ou 80/125 | Building BVH
Fra:1 Mem:227.13M (Peak 255.92M) | Time:00:00.32 | Mem:180.68M, Peak:180.68M | Scene, ViewLayer | Updating Geometry BVH MESH-armor-block-b235419d9a165659f2e8-upper-stepped-shoulder 93/125 | Building BVH
Fra:1 Mem:227.13M (Peak 255.92M) | Time:00:00.32 | Mem:180.68M, Peak:180.68M | Scene, ViewLayer | Updating Geometry BVH MESH-armor-block-70b34597548b284a0a7f-junction-upper-navy-shoul 82/125 | Building BVH
Fra:1 Mem:227.13M (Peak 255.92M) | Time:00:00.32 | Mem:180.68M, Peak:180.68M | Scene, ViewLayer | Updating Geometry BVH MESH-armor-block-b235419d9a165659f2e8-recess-shadow-seat 92/125 | Building BVH
Fra:1 Mem:227.13M (Peak 255.92M) | Time:00:00.32 | Mem:180.68M, Peak:180.68M | Scene, ViewLayer | Updating Geometry BVH MESH-armor-block-70b34597548b284a0a7f-closed-junction-wedge 83/125 | Building BVH
Fra:1 Mem:227.13M (Peak 255.92M) | Time:00:00.32 | Mem:180.69M, Peak:180.69M | Scene, ViewLayer | Updating Geometry BVH MESH-armor-block-70b34597548b284a0a7f-junction-lower-navy-shoe 84/125 | Building BVH
Fra:1 Mem:227.13M (Peak 255.92M) | Time:00:00.32 | Mem:180.69M, Peak:180.69M | Scene, ViewLayer | Updating Geometry BVH MESH-armor-block-70b34597548b284a0a7f-junction-wrapped-pale-con 85/125 | Building BVH
Fra:1 Mem:227.13M (Peak 255.92M) | Time:00:00.32 | Mem:180.69M, Peak:180.69M | Scene, ViewLayer | Updating Geometry BVH MESH-armor-block-b235419d9a165659f2e8-pale-wrapped-connector-in 86/125 | Building BVH
Fra:1 Mem:227.13M (Peak 255.92M) | Time:00:00.32 | Mem:180.70M, Peak:180.70M | Scene, ViewLayer | Updating Geometry BVH MESH-armor-block-b235419d9a165659f2e8-lower-impact-rail 90/125 | Building BVH
Fra:1 Mem:227.13M (Peak 255.92M) | Time:00:00.32 | Mem:180.70M, Peak:180.70M | Scene, ViewLayer | Updating Geometry BVH MESH-armor-block-b235419d9a165659f2e8-pale-wrapped-connector-ou 87/125 | Building BVH
Fra:1 Mem:227.13M (Peak 255.92M) | Time:00:00.32 | Mem:180.70M, Peak:180.70M | Scene, ViewLayer | Updating Geometry BVH MESH-armor-block-b235419d9a165659f2e8-interchangeable-plain-fac 89/125 | Building BVH
Fra:1 Mem:227.13M (Peak 255.92M) | Time:00:00.32 | Mem:180.71M, Peak:180.71M | Scene, ViewLayer | Updating Scene BVH | Building
Fra:1 Mem:227.14M (Peak 255.92M) | Time:00:00.32 | Mem:180.71M, Peak:180.71M | Scene, ViewLayer | Updating Scene BVH | Building BVH
Fra:1 Mem:227.14M (Peak 255.92M) | Time:00:00.32 | Mem:180.89M, Peak:180.92M | Scene, ViewLayer | Updating Scene BVH | Copying BVH to device
Fra:1 Mem:227.14M (Peak 255.92M) | Time:00:00.32 | Mem:180.89M, Peak:180.92M | Scene, ViewLayer | Updating Mesh | Computing normals
Fra:1 Mem:227.46M (Peak 255.92M) | Time:00:00.32 | Mem:180.89M, Peak:180.92M | Scene, ViewLayer | Updating Mesh | Copying Mesh to device
Fra:1 Mem:227.46M (Peak 255.92M) | Time:00:00.32 | Mem:181.22M, Peak:181.22M | Scene, ViewLayer | Updating Objects Flags
Fra:1 Mem:227.46M (Peak 255.92M) | Time:00:00.32 | Mem:181.22M, Peak:181.22M | Scene, ViewLayer | Updating Primitive Offsets
Fra:1 Mem:227.46M (Peak 255.92M) | Time:00:00.32 | Mem:181.22M, Peak:181.22M | Scene, ViewLayer | Updating Images
Fra:1 Mem:227.46M (Peak 255.92M) | Time:00:00.32 | Mem:181.22M, Peak:181.22M | Scene, ViewLayer | Updating Camera Volume
Fra:1 Mem:227.46M (Peak 255.92M) | Time:00:00.32 | Mem:181.22M, Peak:181.22M | Scene, ViewLayer | Updating Lookup Tables
Fra:1 Mem:227.46M (Peak 255.92M) | Time:00:00.32 | Mem:181.30M, Peak:181.30M | Scene, ViewLayer | Updating Lights
Fra:1 Mem:227.46M (Peak 255.92M) | Time:00:00.32 | Mem:181.30M, Peak:181.30M | Scene, ViewLayer | Updating Lights | Computing tree
Fra:1 Mem:227.48M (Peak 255.92M) | Time:00:00.32 | Mem:181.33M, Peak:181.33M | Scene, ViewLayer | Updating Integrator
Fra:1 Mem:227.48M (Peak 255.92M) | Time:00:00.32 | Mem:181.33M, Peak:181.33M | Scene, ViewLayer | Updating Film
Fra:1 Mem:227.49M (Peak 255.92M) | Time:00:00.32 | Mem:181.24M, Peak:181.33M | Scene, ViewLayer | Updating Lookup Tables
Fra:1 Mem:227.49M (Peak 255.92M) | Time:00:00.32 | Mem:181.33M, Peak:181.33M | Scene, ViewLayer | Updating Baking
Fra:1 Mem:227.49M (Peak 255.92M) | Time:00:00.32 | Mem:181.33M, Peak:181.33M | Scene, ViewLayer | Updating Device | Writing constant memory
Fra:1 Mem:227.50M (Peak 255.92M) | Time:00:00.32 | Mem:181.33M, Peak:181.33M | Scene, ViewLayer | Sample 0/64
Fra:1 Mem:264.59M (Peak 264.59M) | Time:00:00.49 | Remaining:00:10.71 | Mem:218.42M, Peak:218.42M | Scene, ViewLayer | Sample 1/64
Fra:1 Mem:281.07M (Peak 314.03M) | Time:00:06.28 | Mem:218.42M, Peak:218.42M | Scene, ViewLayer | Sample 64/64
Fra:1 Mem:281.07M (Peak 314.03M) | Time:00:06.28 | Mem:218.42M, Peak:218.42M | Scene, ViewLayer | Finished
Saved: '/root/sidereal_spacetime/assets/art-library/framed-wayfarer/r005/family-02/renders/wayfarer-kit.png'
Time: 00:06.45 (Saving: 00:00.16)

22:40:20 | INFO: Data are loaded, start creating Blender stuff
22:40:20 | INFO: Blender create Mesh node MESH-armor-block-a6743a347ee2fcdd1ce9-closed-incoming-wrapped-b
22:40:20 | INFO: Blender create Mesh node MESH-armor-block-a6743a347ee2fcdd1ce9-closed-outgoing-wrapped-b
22:40:20 | INFO: Blender create Mesh node MESH-armor-block-a6743a347ee2fcdd1ce9-closed-solid-body
22:40:20 | INFO: Blender create Mesh node MESH-armor-block-a6743a347ee2fcdd1ce9-cyan-flush-status-lens
22:40:20 | INFO: Blender create Mesh node MESH-armor-block-a6743a347ee2fcdd1ce9-interchangeable-plain-fac
22:40:20 | INFO: Blender create Mesh node MESH-armor-block-a6743a347ee2fcdd1ce9-lower-impact-rail-right
22:40:20 | INFO: Blender create Mesh node MESH-armor-block-a6743a347ee2fcdd1ce9-lower-impact-rail-cut-poc
22:40:20 | INFO: Blender create Mesh node MESH-armor-block-a6743a347ee2fcdd1ce9-lower-impact-rail-left
22:40:20 | INFO: Blender create Mesh node MESH-armor-block-a6743a347ee2fcdd1ce9-pale-wrapped-connector-ou
22:40:20 | INFO: Blender create Mesh node MESH-armor-block-a6743a347ee2fcdd1ce9-pale-wrapped-connector-in
22:40:20 | INFO: Blender create Mesh node MESH-armor-block-a6743a347ee2fcdd1ce9-recess-shadow-seat
22:40:20 | INFO: Blender create Mesh node MESH-armor-block-a6743a347ee2fcdd1ce9-upper-stepped-shoulder
22:40:20 | INFO: glTF import finished in 0.01s
22:40:20 | INFO: Data are loaded, start creating Blender stuff
22:40:20 | INFO: Blender create Mesh node MESH-armor-block-62ad930c45227d5287a0-closed-incoming-wrapped-b
22:40:20 | INFO: Blender create Mesh node MESH-armor-block-62ad930c45227d5287a0-closed-outgoing-wrapped-b
22:40:20 | INFO: Blender create Mesh node MESH-armor-block-62ad930c45227d5287a0-closed-solid-body
22:40:20 | INFO: Blender create Mesh node MESH-armor-block-62ad930c45227d5287a0-cyan-flush-status-lens
22:40:20 | INFO: Blender create Mesh node MESH-armor-block-62ad930c45227d5287a0-interchangeable-plain-fac
22:40:20 | INFO: Blender create Mesh node MESH-armor-block-62ad930c45227d5287a0-lower-impact-rail-right
22:40:20 | INFO: Blender create Mesh node MESH-armor-block-62ad930c45227d5287a0-lower-impact-rail-cut-poc
22:40:20 | INFO: Blender create Mesh node MESH-armor-block-62ad930c45227d5287a0-lower-impact-rail-left
22:40:20 | INFO: Blender create Mesh node MESH-armor-block-62ad930c45227d5287a0-pale-wrapped-connector-ou
22:40:20 | INFO: Blender create Mesh node MESH-armor-block-62ad930c45227d5287a0-pale-wrapped-connector-in
22:40:20 | INFO: Blender create Mesh node MESH-armor-block-62ad930c45227d5287a0-recess-shadow-seat
22:40:20 | INFO: Blender create Mesh node MESH-armor-block-62ad930c45227d5287a0-upper-stepped-shoulder
22:40:20 | INFO: glTF import finished in 0.01s
22:40:20 | INFO: Data are loaded, start creating Blender stuff
22:40:20 | INFO: Blender create Mesh node MESH-armor-block-e1affbf19f4b7fa30311-closed-junction-wedge
22:40:20 | INFO: Blender create Mesh node MESH-armor-block-e1affbf19f4b7fa30311-junction-lower-navy-shoe
22:40:20 | INFO: Blender create Mesh node MESH-armor-block-e1affbf19f4b7fa30311-junction-upper-navy-shoul
22:40:20 | INFO: Blender create Mesh node MESH-armor-block-e1affbf19f4b7fa30311-junction-wrapped-pale-con
22:40:20 | INFO: glTF import finished in 0.00s
22:40:20 | INFO: Data are loaded, start creating Blender stuff
22:40:20 | INFO: Blender create Mesh node MESH-armor-block-926961217b49c21a526b-closed-incoming-wrapped-b
22:40:20 | INFO: Blender create Mesh node MESH-armor-block-926961217b49c21a526b-closed-outgoing-wrapped-b
22:40:20 | INFO: Blender create Mesh node MESH-armor-block-926961217b49c21a526b-closed-solid-body
22:40:20 | INFO: Blender create Mesh node MESH-armor-block-926961217b49c21a526b-cyan-flush-status-lens
22:40:20 | INFO: Blender create Mesh node MESH-armor-block-926961217b49c21a526b-interchangeable-red-servi
22:40:20 | INFO: Blender create Mesh node MESH-armor-block-926961217b49c21a526b-lower-impact-rail-right
22:40:20 | INFO: Blender create Mesh node MESH-armor-block-926961217b49c21a526b-lower-impact-rail-cut-poc
22:40:20 | INFO: Blender create Mesh node MESH-armor-block-926961217b49c21a526b-lower-impact-rail-left
22:40:20 | INFO: Blender create Mesh node MESH-armor-block-926961217b49c21a526b-pale-wrapped-connector-ou
22:40:20 | INFO: Blender create Mesh node MESH-armor-block-926961217b49c21a526b-pale-wrapped-connector-in
22:40:20 | INFO: Blender create Mesh node MESH-armor-block-926961217b49c21a526b-recess-shadow-seat
22:40:20 | INFO: Blender create Mesh node MESH-armor-block-926961217b49c21a526b-upper-stepped-shoulder
22:40:20 | INFO: glTF import finished in 0.01s
22:40:20 | INFO: Data are loaded, start creating Blender stuff
22:40:20 | INFO: Blender create Mesh node MESH-armor-block-137adc2153a878094d60-closed-incoming-wrapped-b
22:40:20 | INFO: Blender create Mesh node MESH-armor-block-137adc2153a878094d60-closed-outgoing-wrapped-b
22:40:20 | INFO: Blender create Mesh node MESH-armor-block-137adc2153a878094d60-closed-solid-body
22:40:20 | INFO: Blender create Mesh node MESH-armor-block-137adc2153a878094d60-cyan-flush-status-lens
22:40:20 | INFO: Blender create Mesh node MESH-armor-block-137adc2153a878094d60-interchangeable-utility-f
22:40:20 | INFO: Blender create Mesh node MESH-armor-block-137adc2153a878094d60-lower-impact-rail-right
22:40:20 | INFO: Blender create Mesh node MESH-armor-block-137adc2153a878094d60-lower-impact-rail-cut-poc
22:40:20 | INFO: Blender create Mesh node MESH-armor-block-137adc2153a878094d60-lower-impact-rail-left
22:40:20 | INFO: Blender create Mesh node MESH-armor-block-137adc2153a878094d60-pale-wrapped-connector-ou
22:40:20 | INFO: Blender create Mesh node MESH-armor-block-137adc2153a878094d60-pale-wrapped-connector-in
22:40:20 | INFO: Blender create Mesh node MESH-armor-block-137adc2153a878094d60-recess-shadow-seat
22:40:20 | INFO: Blender create Mesh node MESH-armor-block-137adc2153a878094d60-upper-stepped-shoulder
22:40:20 | INFO: Blender create Mesh node MESH-armor-block-137adc2153a878094d60-utility-removable-box
22:40:20 | INFO: Blender create Mesh node MESH-armor-block-137adc2153a878094d60-utility-status-lens
22:40:20 | INFO: glTF import finished in 0.01s
22:40:20 | INFO: Data are loaded, start creating Blender stuff
22:40:20 | INFO: Blender create Mesh node MESH-armor-block-e40f082abbcbe4f55a62-closed-incoming-wrapped-b
22:40:20 | INFO: Blender create Mesh node MESH-armor-block-e40f082abbcbe4f55a62-closed-outgoing-wrapped-b
22:40:20 | INFO: Blender create Mesh node MESH-armor-block-e40f082abbcbe4f55a62-closed-solid-body
22:40:20 | INFO: Blender create Mesh node MESH-armor-block-e40f082abbcbe4f55a62-cyan-flush-status-lens
22:40:20 | INFO: Blender create Mesh node MESH-armor-block-e40f082abbcbe4f55a62-interchangeable-identity-
22:40:20 | INFO: Blender create Mesh node MESH-armor-block-e40f082abbcbe4f55a62-lower-impact-rail-right
22:40:20 | INFO: Blender create Mesh node MESH-armor-block-e40f082abbcbe4f55a62-lower-impact-rail-cut-poc
22:40:20 | INFO: Blender create Mesh node MESH-armor-block-e40f082abbcbe4f55a62-lower-impact-rail-left
22:40:20 | INFO: Blender create Mesh node MESH-armor-block-e40f082abbcbe4f55a62-pale-wrapped-connector-ou
22:40:20 | INFO: Blender create Mesh node MESH-armor-block-e40f082abbcbe4f55a62-pale-wrapped-connector-in
22:40:20 | INFO: Blender create Mesh node MESH-armor-block-e40f082abbcbe4f55a62-recess-shadow-seat
22:40:20 | INFO: Blender create Mesh node MESH-armor-block-e40f082abbcbe4f55a62-upper-stepped-shoulder
22:40:20 | INFO: glTF import finished in 0.01s
22:40:20 | INFO: Data are loaded, start creating Blender stuff
22:40:20 | INFO: Blender create Mesh node MESH-armor-block-649dcbda86c17c7952c9-closed-incoming-wrapped-b
22:40:20 | INFO: Blender create Mesh node MESH-armor-block-649dcbda86c17c7952c9-closed-outgoing-wrapped-b
22:40:20 | INFO: Blender create Mesh node MESH-armor-block-649dcbda86c17c7952c9-closed-solid-body
22:40:20 | INFO: Blender create Mesh node MESH-armor-block-649dcbda86c17c7952c9-cyan-flush-status-lens
22:40:20 | INFO: Blender create Mesh node MESH-armor-block-649dcbda86c17c7952c9-deep-vent-louver-1
22:40:20 | INFO: Blender create Mesh node MESH-armor-block-649dcbda86c17c7952c9-deep-vent-louver-2
22:40:20 | INFO: Blender create Mesh node MESH-armor-block-649dcbda86c17c7952c9-deep-vent-louver-3
22:40:20 | INFO: Blender create Mesh node MESH-armor-block-649dcbda86c17c7952c9-deep-vent-louver-4
22:40:20 | INFO: Blender create Mesh node MESH-armor-block-649dcbda86c17c7952c9-deep-vent-louver-5
22:40:20 | INFO: Blender create Mesh node MESH-armor-block-649dcbda86c17c7952c9-deep-vent-louver-6
22:40:20 | INFO: Blender create Mesh node MESH-armor-block-649dcbda86c17c7952c9-deep-vent-louver-7
22:40:20 | INFO: Blender create Mesh node MESH-armor-block-649dcbda86c17c7952c9-deep-vent-louver-8
22:40:20 | INFO: Blender create Mesh node MESH-armor-block-649dcbda86c17c7952c9-deep-vent-louver-0
22:40:20 | INFO: Blender create Mesh node MESH-armor-block-649dcbda86c17c7952c9-interchangeable-vent-face
22:40:20 | INFO: Blender create Mesh node MESH-armor-block-649dcbda86c17c7952c9-lower-impact-rail-right
22:40:20 | INFO: Blender create Mesh node MESH-armor-block-649dcbda86c17c7952c9-lower-impact-rail-cut-poc
22:40:20 | INFO: Blender create Mesh node MESH-armor-block-649dcbda86c17c7952c9-lower-impact-rail-left
22:40:20 | INFO: Blender create Mesh node MESH-armor-block-649dcbda86c17c7952c9-pale-wrapped-connector-ou
22:40:20 | INFO: Blender create Mesh node MESH-armor-block-649dcbda86c17c7952c9-pale-wrapped-connector-in
22:40:20 | INFO: Blender create Mesh node MESH-armor-block-649dcbda86c17c7952c9-recess-shadow-seat
22:40:20 | INFO: Blender create Mesh node MESH-armor-block-649dcbda86c17c7952c9-upper-stepped-shoulder
22:40:20 | INFO: Blender create Mesh node MESH-armor-block-649dcbda86c17c7952c9-vent-dark-well
22:40:20 | INFO: glTF import finished in 0.01s
22:40:20 | INFO: Data are loaded, start creating Blender stuff
22:40:20 | INFO: Blender create Mesh node MESH-armor-block-2b558e7ac8eb4184c2af-closed-incoming-wrapped-b
22:40:20 | INFO: Blender create Mesh node MESH-armor-block-2b558e7ac8eb4184c2af-closed-outgoing-wrapped-b
22:40:20 | INFO: Blender create Mesh node MESH-armor-block-2b558e7ac8eb4184c2af-closed-solid-body
22:40:20 | INFO: Blender create Mesh node MESH-armor-block-2b558e7ac8eb4184c2af-interchangeable-utility-f
22:40:20 | INFO: Blender create Mesh node MESH-armor-block-2b558e7ac8eb4184c2af-lower-impact-rail
22:40:20 | INFO: Blender create Mesh node MESH-armor-block-2b558e7ac8eb4184c2af-pale-wrapped-connector-ou
22:40:20 | INFO: Blender create Mesh node MESH-armor-block-2b558e7ac8eb4184c2af-pale-wrapped-connector-in
22:40:20 | INFO: Blender create Mesh node MESH-armor-block-2b558e7ac8eb4184c2af-recess-shadow-seat
22:40:20 | INFO: Blender create Mesh node MESH-armor-block-2b558e7ac8eb4184c2af-upper-stepped-shoulder
22:40:20 | INFO: glTF import finished in 0.01s
22:40:20 | INFO: Data are loaded, start creating Blender stuff
22:40:20 | INFO: Blender create Mesh node MESH-armor-block-b235419d9a165659f2e8-closed-incoming-wrapped-b
22:40:20 | INFO: Blender create Mesh node MESH-armor-block-b235419d9a165659f2e8-closed-outgoing-wrapped-b
22:40:20 | INFO: Blender create Mesh node MESH-armor-block-b235419d9a165659f2e8-closed-solid-body
22:40:20 | INFO: Blender create Mesh node MESH-armor-block-b235419d9a165659f2e8-interchangeable-plain-fac
22:40:20 | INFO: Blender create Mesh node MESH-armor-block-b235419d9a165659f2e8-lower-impact-rail
22:40:20 | INFO: Blender create Mesh node MESH-armor-block-b235419d9a165659f2e8-pale-wrapped-connector-ou
22:40:20 | INFO: Blender create Mesh node MESH-armor-block-b235419d9a165659f2e8-pale-wrapped-connector-in
22:40:20 | INFO: Blender create Mesh node MESH-armor-block-b235419d9a165659f2e8-recess-shadow-seat
22:40:20 | INFO: Blender create Mesh node MESH-armor-block-b235419d9a165659f2e8-upper-stepped-shoulder
22:40:20 | INFO: glTF import finished in 0.01s
22:40:20 | INFO: Data are loaded, start creating Blender stuff
22:40:20 | INFO: Blender create Mesh node MESH-armor-block-fabbd7b0578ea00b5791-closed-height-transition-
22:40:20 | INFO: Blender create Mesh node MESH-armor-block-fabbd7b0578ea00b5791-closed-junction-wedge
22:40:20 | INFO: Blender create Mesh node MESH-armor-block-fabbd7b0578ea00b5791-height-transition-pale-en
22:40:20 | INFO: Blender create Mesh node MESH-armor-block-fabbd7b0578ea00b5791-junction-lower-navy-shoe
22:40:20 | INFO: Blender create Mesh node MESH-armor-block-fabbd7b0578ea00b5791-junction-upper-navy-shoul
22:40:20 | INFO: Blender create Mesh node MESH-armor-block-fabbd7b0578ea00b5791-junction-wrapped-pale-con
22:40:20 | INFO: glTF import finished in 0.01s
22:40:20 | INFO: Data are loaded, start creating Blender stuff
22:40:20 | INFO: Blender create Mesh node MESH-armor-block-e120acd13dae3b493668-closed-incoming-wrapped-b
22:40:20 | INFO: Blender create Mesh node MESH-armor-block-e120acd13dae3b493668-closed-outgoing-wrapped-b
22:40:20 | INFO: Blender create Mesh node MESH-armor-block-e120acd13dae3b493668-closed-solid-body
22:40:20 | INFO: Blender create Mesh node MESH-armor-block-e120acd13dae3b493668-cyan-flush-status-lens
22:40:20 | INFO: Blender create Mesh node MESH-armor-block-e120acd13dae3b493668-deep-vent-louver-1
22:40:20 | INFO: Blender create Mesh node MESH-armor-block-e120acd13dae3b493668-deep-vent-louver-0
22:40:20 | INFO: Blender create Mesh node MESH-armor-block-e120acd13dae3b493668-interchangeable-vent-face
22:40:20 | INFO: Blender create Mesh node MESH-armor-block-e120acd13dae3b493668-lower-impact-rail-right
22:40:20 | INFO: Blender create Mesh node MESH-armor-block-e120acd13dae3b493668-lower-impact-rail-cut-poc
22:40:20 | INFO: Blender create Mesh node MESH-armor-block-e120acd13dae3b493668-lower-impact-rail-left
22:40:20 | INFO: Blender create Mesh node MESH-armor-block-e120acd13dae3b493668-pale-wrapped-connector-ou
22:40:20 | INFO: Blender create Mesh node MESH-armor-block-e120acd13dae3b493668-pale-wrapped-connector-in
22:40:20 | INFO: Blender create Mesh node MESH-armor-block-e120acd13dae3b493668-recess-shadow-seat
22:40:20 | INFO: Blender create Mesh node MESH-armor-block-e120acd13dae3b493668-upper-stepped-shoulder
22:40:20 | INFO: Blender create Mesh node MESH-armor-block-e120acd13dae3b493668-vent-dark-well
22:40:20 | INFO: glTF import finished in 0.01s
22:40:20 | INFO: Data are loaded, start creating Blender stuff
22:40:20 | INFO: Blender create Mesh node MESH-armor-block-70b34597548b284a0a7f-closed-junction-wedge
22:40:20 | INFO: Blender create Mesh node MESH-armor-block-70b34597548b284a0a7f-junction-lower-navy-shoe
22:40:20 | INFO: Blender create Mesh node MESH-armor-block-70b34597548b284a0a7f-junction-upper-navy-shoul
22:40:20 | INFO: Blender create Mesh node MESH-armor-block-70b34597548b284a0a7f-junction-wrapped-pale-con
22:40:20 | INFO: glTF import finished in 0.01s
22:40:20 | INFO: Data are loaded, start creating Blender stuff
22:40:20 | INFO: Blender create Mesh node MESH-armor-block-98477a5dd3e88b931589-closed-incoming-wrapped-b
22:40:20 | INFO: Blender create Mesh node MESH-armor-block-98477a5dd3e88b931589-closed-outgoing-wrapped-b
22:40:20 | INFO: Blender create Mesh node MESH-armor-block-98477a5dd3e88b931589-closed-solid-body
22:40:20 | INFO: Blender create Mesh node MESH-armor-block-98477a5dd3e88b931589-cyan-flush-status-lens
22:40:20 | INFO: Blender create Mesh node MESH-armor-block-98477a5dd3e88b931589-interchangeable-plain-fac
22:40:20 | INFO: Blender create Mesh node MESH-armor-block-98477a5dd3e88b931589-lower-impact-rail-right
22:40:20 | INFO: Blender create Mesh node MESH-armor-block-98477a5dd3e88b931589-lower-impact-rail-cut-poc
22:40:20 | INFO: Blender create Mesh node MESH-armor-block-98477a5dd3e88b931589-lower-impact-rail-left
22:40:20 | INFO: Blender create Mesh node MESH-armor-block-98477a5dd3e88b931589-pale-wrapped-connector-ou
22:40:20 | INFO: Blender create Mesh node MESH-armor-block-98477a5dd3e88b931589-pale-wrapped-connector-in
22:40:20 | INFO: Blender create Mesh node MESH-armor-block-98477a5dd3e88b931589-recess-shadow-seat
22:40:20 | INFO: Blender create Mesh node MESH-armor-block-98477a5dd3e88b931589-upper-stepped-shoulder
22:40:20 | INFO: glTF import finished in 0.01s
22:40:20 | INFO: Data are loaded, start creating Blender stuff
22:40:20 | INFO: Blender create Mesh node MESH-armor-block-a7ef36310c50dc565d00-closed-height-transition-
22:40:20 | INFO: Blender create Mesh node MESH-armor-block-a7ef36310c50dc565d00-closed-junction-wedge
22:40:20 | INFO: Blender create Mesh node MESH-armor-block-a7ef36310c50dc565d00-height-transition-pale-en
22:40:20 | INFO: Blender create Mesh node MESH-armor-block-a7ef36310c50dc565d00-junction-lower-navy-shoe
22:40:20 | INFO: Blender create Mesh node MESH-armor-block-a7ef36310c50dc565d00-junction-upper-navy-shoul
22:40:20 | INFO: Blender create Mesh node MESH-armor-block-a7ef36310c50dc565d00-junction-wrapped-pale-con
22:40:20 | INFO: glTF import finished in 0.01s
22:40:20 | INFO: Data are loaded, start creating Blender stuff
22:40:20 | INFO: Blender create Mesh node MESH-armor-block-4896cc9388c49fcb9b2e-closed-incoming-wrapped-b
22:40:20 | INFO: Blender create Mesh node MESH-armor-block-4896cc9388c49fcb9b2e-closed-outgoing-wrapped-b
22:40:20 | INFO: Blender create Mesh node MESH-armor-block-4896cc9388c49fcb9b2e-closed-solid-body
22:40:20 | INFO: Blender create Mesh node MESH-armor-block-4896cc9388c49fcb9b2e-cyan-flush-status-lens
22:40:20 | INFO: Blender create Mesh node MESH-armor-block-4896cc9388c49fcb9b2e-interchangeable-red-servi
22:40:20 | INFO: Blender create Mesh node MESH-armor-block-4896cc9388c49fcb9b2e-lower-impact-rail-right
22:40:20 | INFO: Blender create Mesh node MESH-armor-block-4896cc9388c49fcb9b2e-lower-impact-rail-cut-poc
22:40:20 | INFO: Blender create Mesh node MESH-armor-block-4896cc9388c49fcb9b2e-lower-impact-rail-left
22:40:20 | INFO: Blender create Mesh node MESH-armor-block-4896cc9388c49fcb9b2e-pale-wrapped-connector-ou
22:40:20 | INFO: Blender create Mesh node MESH-armor-block-4896cc9388c49fcb9b2e-pale-wrapped-connector-in
22:40:20 | INFO: Blender create Mesh node MESH-armor-block-4896cc9388c49fcb9b2e-recess-shadow-seat
22:40:20 | INFO: Blender create Mesh node MESH-armor-block-4896cc9388c49fcb9b2e-upper-stepped-shoulder
22:40:20 | INFO: glTF import finished in 0.02s
Fra:1 Mem:52.46M (Peak 52.46M) | Time:00:00.00 | Mem:0.00M, Peak:0.00M | Scene, ViewLayer | Synchronizing object | GEO-armor-block-a6743a347ee2fcdd1ce9--BACKING--closed-solid
Fra:1 Mem:52.47M (Peak 52.47M) | Time:00:00.00 | Mem:0.00M, Peak:0.00M | Scene, ViewLayer | Synchronizing object | GEO-armor-block-a6743a347ee2fcdd1ce9--BACKING--closed-incom
Fra:1 Mem:52.48M (Peak 52.48M) | Time:00:00.00 | Mem:0.00M, Peak:0.00M | Scene, ViewLayer | Synchronizing object | GEO-armor-block-926961217b49c21a526b--BACKING--closed-incom
Fra:1 Mem:52.48M (Peak 52.48M) | Time:00:00.00 | Mem:0.00M, Peak:0.00M | Scene, ViewLayer | Synchronizing object | GEO-armor-block-926961217b49c21a526b--BACKING--closed-outgo
Fra:1 Mem:52.49M (Peak 52.49M) | Time:00:00.00 | Mem:0.00M, Peak:0.00M | Scene, ViewLayer | Synchronizing object | GEO-armor-block-926961217b49c21a526b--BACKING--closed-solid
Fra:1 Mem:52.50M (Peak 52.50M) | Time:00:00.00 | Mem:0.00M, Peak:0.00M | Scene, ViewLayer | Synchronizing object | GEO-armor-block-137adc2153a878094d60--BACKING--closed-outgo
Fra:1 Mem:52.51M (Peak 52.51M) | Time:00:00.00 | Mem:0.00M, Peak:0.00M | Scene, ViewLayer | Synchronizing object | GEO-armor-block-137adc2153a878094d60--BACKING--closed-incom
Fra:1 Mem:52.50M (Peak 52.51M) | Time:00:00.00 | Mem:0.00M, Peak:0.00M | Scene, ViewLayer | Synchronizing object | GEO-armor-block-137adc2153a878094d60--BACKING--closed-solid
Fra:1 Mem:52.51M (Peak 52.51M) | Time:00:00.00 | Mem:0.00M, Peak:0.00M | Scene, ViewLayer | Synchronizing object | GEO-armor-block-e40f082abbcbe4f55a62--BACKING--closed-solid
Fra:1 Mem:52.50M (Peak 52.51M) | Time:00:00.00 | Mem:0.00M, Peak:0.00M | Scene, ViewLayer | Synchronizing object | GEO-armor-block-e40f082abbcbe4f55a62--BACKING--closed-incom
Fra:1 Mem:52.51M (Peak 52.51M) | Time:00:00.00 | Mem:0.00M, Peak:0.00M | Scene, ViewLayer | Synchronizing object | GEO-armor-block-e40f082abbcbe4f55a62--BACKING--closed-outgo
Fra:1 Mem:52.52M (Peak 52.52M) | Time:00:00.00 | Mem:0.00M, Peak:0.00M | Scene, ViewLayer | Synchronizing object | GEO-armor-block-62ad930c45227d5287a0--BACKING--closed-incom
Fra:1 Mem:52.52M (Peak 52.52M) | Time:00:00.00 | Mem:0.00M, Peak:0.00M | Scene, ViewLayer | Synchronizing object | GEO-armor-block-62ad930c45227d5287a0--BACKING--closed-outgo
Fra:1 Mem:52.53M (Peak 52.53M) | Time:00:00.00 | Mem:0.00M, Peak:0.00M | Scene, ViewLayer | Synchronizing object | GEO-armor-block-e1affbf19f4b7fa30311--BACKING--closed-junct
Fra:1 Mem:52.54M (Peak 52.54M) | Time:00:00.00 | Mem:0.00M, Peak:0.00M | Scene, ViewLayer | Synchronizing object | GEO-armor-block-e120acd13dae3b493668--BACKING--closed-solid
Fra:1 Mem:52.55M (Peak 52.55M) | Time:00:00.00 | Mem:0.00M, Peak:0.00M | Scene, ViewLayer | Synchronizing object | GEO-armor-block-e120acd13dae3b493668--BACKING--closed-outgo
Fra:1 Mem:52.55M (Peak 52.55M) | Time:00:00.00 | Mem:0.00M, Peak:0.00M | Scene, ViewLayer | Synchronizing object | GEO-armor-block-e120acd13dae3b493668--BACKING--closed-incom
Fra:1 Mem:52.54M (Peak 52.55M) | Time:00:00.00 | Mem:0.00M, Peak:0.00M | Scene, ViewLayer | Synchronizing object | GEO-armor-block-b235419d9a165659f2e8--BACKING--closed-outgo
Fra:1 Mem:52.57M (Peak 52.57M) | Time:00:00.00 | Mem:0.00M, Peak:0.00M | Scene, ViewLayer | Synchronizing object | GEO-armor-block-4896cc9388c49fcb9b2e--BACKING--closed-solid-bod
Fra:1 Mem:52.56M (Peak 52.57M) | Time:00:00.00 | Mem:0.00M, Peak:0.00M | Scene, ViewLayer | Synchronizing object | GEO-armor-block-b235419d9a165659f2e8--BACKING--closed-solid
Fra:1 Mem:52.58M (Peak 52.58M) | Time:00:00.00 | Mem:0.00M, Peak:0.00M | Scene, ViewLayer | Synchronizing object | GEO-armor-block-2b558e7ac8eb4184c2af--BACKING--closed-outgo
Fra:1 Mem:52.57M (Peak 52.58M) | Time:00:00.00 | Mem:0.00M, Peak:0.00M | Scene, ViewLayer | Synchronizing object | GEO-armor-block-2b558e7ac8eb4184c2af--BACKING--closed-solid
Fra:1 Mem:52.58M (Peak 52.58M) | Time:00:00.00 | Mem:0.00M, Peak:0.00M | Scene, ViewLayer | Synchronizing object | GEO-armor-block-2b558e7ac8eb4184c2af--BACKING--closed-incom
Fra:1 Mem:52.58M (Peak 52.58M) | Time:00:00.00 | Mem:0.00M, Peak:0.00M | Scene, ViewLayer | Synchronizing object | GEO-armor-block-4896cc9388c49fcb9b2e--BACKING--closed-outgoing-
Fra:1 Mem:52.59M (Peak 52.59M) | Time:00:00.00 | Mem:0.00M, Peak:0.00M | Scene, ViewLayer | Synchronizing object | GEO-armor-block-649dcbda86c17c7952c9--BACKING--closed-outgo
Fra:1 Mem:52.59M (Peak 52.59M) | Time:00:00.00 | Mem:0.00M, Peak:0.00M | Scene, ViewLayer | Synchronizing object | GEO-armor-block-649dcbda86c17c7952c9--BACKING--closed-incom
Fra:1 Mem:52.59M (Peak 52.59M) | Time:00:00.00 | Mem:0.00M, Peak:0.00M | Scene, ViewLayer | Synchronizing object | GEO-armor-block-4896cc9388c49fcb9b2e--BACKING--closed-incoming-
Fra:1 Mem:52.59M (Peak 52.59M) | Time:00:00.00 | Mem:0.00M, Peak:0.00M | Scene, ViewLayer | Synchronizing object | GEO-armor-block-649dcbda86c17c7952c9--BACKING--closed-solid
Fra:1 Mem:52.59M (Peak 52.59M) | Time:00:00.00 | Mem:0.00M, Peak:0.00M | Scene, ViewLayer | Synchronizing object | GEO-armor-block-fabbd7b0578ea00b5791--BACKING--closed-junction-
Fra:1 Mem:52.60M (Peak 52.60M) | Time:00:00.00 | Mem:0.00M, Peak:0.00M | Scene, ViewLayer | Synchronizing object | GEO-armor-block-a7ef36310c50dc565d00--BACKING--closed-junction-
Fra:1 Mem:52.61M (Peak 52.61M) | Time:00:00.00 | Mem:0.00M, Peak:0.00M | Scene, ViewLayer | Synchronizing object | GEO-armor-block-98477a5dd3e88b931589--BACKING--closed-incoming-
Fra:1 Mem:52.62M (Peak 52.62M) | Time:00:00.00 | Mem:0.00M, Peak:0.00M | Scene, ViewLayer | Synchronizing object | GEO-armor-block-98477a5dd3e88b931589--BACKING--closed-outgoing-
Fra:1 Mem:52.60M (Peak 52.62M) | Time:00:00.00 | Mem:0.00M, Peak:0.00M | Scene, ViewLayer | Synchronizing object | GEO-armor-block-a7ef36310c50dc565d00--BACKING--closed-height-tr
Fra:1 Mem:52.61M (Peak 52.62M) | Time:00:00.00 | Mem:0.00M, Peak:0.00M | Scene, ViewLayer | Initializing
Fra:1 Mem:52.18M (Peak 52.62M) | Time:00:00.00 | Mem:0.00M, Peak:0.00M | Scene, ViewLayer | Updating Images | Loading armor-basecolor
Fra:1 Mem:52.18M (Peak 52.62M) | Time:00:00.00 | Mem:0.00M, Peak:0.00M | Scene, ViewLayer | Updating Images | Loading armor-normal
Fra:1 Mem:68.20M (Peak 76.20M) | Time:00:00.01 | Mem:4.00M, Peak:4.00M | Scene, ViewLayer | Updating Images | Loading armor-basecolor.003
Fra:1 Mem:80.21M (Peak 88.22M) | Time:00:00.02 | Mem:8.00M, Peak:8.00M | Scene, ViewLayer | Updating Images | Loading armor-roughness.003
Fra:1 Mem:84.21M (Peak 92.22M) | Time:00:00.03 | Mem:12.00M, Peak:12.00M | Scene, ViewLayer | Updating Images | Loading armor-normal.003
Fra:1 Mem:80.20M (Peak 92.22M) | Time:00:00.03 | Mem:16.00M, Peak:16.00M | Scene, ViewLayer | Updating Images | Loading armor-roughness.014
Fra:1 Mem:92.21M (Peak 100.22M) | Time:00:00.04 | Mem:20.00M, Peak:20.00M | Scene, ViewLayer | Updating Images | Loading armor-basecolor.004
Fra:1 Mem:96.21M (Peak 100.22M) | Time:00:00.04 | Mem:24.00M, Peak:24.00M | Scene, ViewLayer | Updating Images | Loading armor-roughness.004
Fra:1 Mem:100.21M (Peak 108.22M) | Time:00:00.04 | Mem:28.00M, Peak:28.00M | Scene, ViewLayer | Updating Images | Loading armor-normal.004
Fra:1 Mem:96.20M (Peak 108.22M) | Time:00:00.04 | Mem:32.00M, Peak:32.00M | Scene, ViewLayer | Updating Images | Loading armor-basecolor.014
Fra:1 Mem:108.21M (Peak 116.22M) | Time:00:00.06 | Mem:36.00M, Peak:36.00M | Scene, ViewLayer | Updating Images | Loading armor-basecolor.005
Fra:1 Mem:104.20M (Peak 116.22M) | Time:00:00.06 | Mem:40.00M, Peak:40.00M | Scene, ViewLayer | Updating Images | Loading armor-roughness.005
Fra:1 Mem:116.21M (Peak 124.22M) | Time:00:00.06 | Mem:44.00M, Peak:44.00M | Scene, ViewLayer | Updating Images | Loading armor-normal.005
Fra:1 Mem:112.20M (Peak 124.22M) | Time:00:00.07 | Mem:48.00M, Peak:48.00M | Scene, ViewLayer | Updating Images | Loading armor-normal.013
Fra:1 Mem:124.21M (Peak 132.22M) | Time:00:00.10 | Mem:52.00M, Peak:52.00M | Scene, ViewLayer | Updating Images | Loading armor-basecolor.001
Fra:1 Mem:128.21M (Peak 136.22M) | Time:00:00.10 | Mem:56.00M, Peak:56.00M | Scene, ViewLayer | Updating Images | Loading armor-roughness.001
Fra:1 Mem:132.21M (Peak 140.22M) | Time:00:00.10 | Mem:60.00M, Peak:60.00M | Scene, ViewLayer | Updating Images | Loading armor-roughness.013
Fra:1 Mem:144.22M (Peak 148.23M) | Time:00:00.11 | Mem:64.00M, Peak:64.00M | Scene, ViewLayer | Updating Images | Loading armor-normal.001
Fra:1 Mem:148.22M (Peak 156.23M) | Time:00:00.11 | Mem:68.00M, Peak:68.00M | Scene, ViewLayer | Updating Images | Loading armor-basecolor.002
Fra:1 Mem:152.22M (Peak 160.23M) | Time:00:00.13 | Mem:72.00M, Peak:72.00M | Scene, ViewLayer | Updating Images | Loading armor-roughness.002
Fra:1 Mem:148.21M (Peak 160.23M) | Time:00:00.13 | Mem:76.00M, Peak:76.00M | Scene, ViewLayer | Updating Images | Loading armor-basecolor.013
Fra:1 Mem:148.21M (Peak 160.23M) | Time:00:00.14 | Mem:80.00M, Peak:80.00M | Scene, ViewLayer | Updating Images | Loading armor-normal.002
Fra:1 Mem:148.20M (Peak 160.23M) | Time:00:00.14 | Mem:84.00M, Peak:84.00M | Scene, ViewLayer | Updating Images | Loading armor-basecolor.010
Fra:1 Mem:152.20M (Peak 160.23M) | Time:00:00.15 | Mem:88.00M, Peak:88.00M | Scene, ViewLayer | Updating Images | Loading armor-normal.012
Fra:1 Mem:164.21M (Peak 172.22M) | Time:00:00.15 | Mem:92.00M, Peak:92.00M | Scene, ViewLayer | Updating Images | Loading armor-roughness.010
Fra:1 Mem:160.20M (Peak 172.22M) | Time:00:00.15 | Mem:96.00M, Peak:96.00M | Scene, ViewLayer | Updating Images | Loading armor-normal.010
Fra:1 Mem:180.22M (Peak 188.23M) | Time:00:00.16 | Mem:100.00M, Peak:100.00M | Scene, ViewLayer | Updating Images | Loading armor-roughness.012
Fra:1 Mem:176.21M (Peak 188.23M) | Time:00:00.16 | Mem:104.00M, Peak:104.00M | Scene, ViewLayer | Updating Images | Loading armor-basecolor.011
Fra:1 Mem:172.20M (Peak 188.23M) | Time:00:00.16 | Mem:108.00M, Peak:108.00M | Scene, ViewLayer | Updating Images | Loading armor-roughness.011
Fra:1 Mem:176.20M (Peak 188.23M) | Time:00:00.17 | Mem:112.00M, Peak:112.00M | Scene, ViewLayer | Updating Images | Loading armor-normal.011
Fra:1 Mem:188.21M (Peak 196.22M) | Time:00:00.17 | Mem:116.00M, Peak:116.00M | Scene, ViewLayer | Updating Images | Loading armor-basecolor.012
Fra:1 Mem:196.22M (Peak 200.22M) | Time:00:00.18 | Mem:120.00M, Peak:120.00M | Scene, ViewLayer | Updating Images | Loading armor-basecolor.008
Fra:1 Mem:196.21M (Peak 204.22M) | Time:00:00.18 | Mem:124.00M, Peak:124.00M | Scene, ViewLayer | Updating Images | Loading armor-roughness.008
Fra:1 Mem:192.20M (Peak 204.22M) | Time:00:00.19 | Mem:128.00M, Peak:128.00M | Scene, ViewLayer | Updating Images | Loading armor-normal.008
Fra:1 Mem:196.20M (Peak 204.22M) | Time:00:00.19 | Mem:132.00M, Peak:132.00M | Scene, ViewLayer | Updating Images | Loading armor-basecolor.007
Fra:1 Mem:216.22M (Peak 224.23M) | Time:00:00.22 | Mem:136.00M, Peak:136.00M | Scene, ViewLayer | Updating Images | Loading armor-normal.009
Fra:1 Mem:208.21M (Peak 224.23M) | Time:00:00.22 | Mem:140.00M, Peak:140.00M | Scene, ViewLayer | Updating Images | Loading armor-roughness.007
Fra:1 Mem:208.20M (Peak 224.23M) | Time:00:00.22 | Mem:144.00M, Peak:144.00M | Scene, ViewLayer | Updating Images | Loading armor-normal.007
Fra:1 Mem:228.22M (Peak 236.23M) | Time:00:00.23 | Mem:148.00M, Peak:148.00M | Scene, ViewLayer | Updating Images | Loading armor-basecolor.006
Fra:1 Mem:224.21M (Peak 236.23M) | Time:00:00.23 | Mem:152.00M, Peak:152.00M | Scene, ViewLayer | Updating Images | Loading armor-roughness.009
Fra:1 Mem:216.20M (Peak 236.23M) | Time:00:00.23 | Mem:156.00M, Peak:156.00M | Scene, ViewLayer | Updating Images | Loading armor-roughness.006
Fra:1 Mem:224.20M (Peak 236.23M) | Time:00:00.26 | Mem:160.00M, Peak:160.00M | Scene, ViewLayer | Updating Images | Loading armor-normal.006
Fra:1 Mem:252.23M (Peak 260.24M) | Time:00:00.27 | Mem:164.00M, Peak:164.00M | Scene, ViewLayer | Updating Images | Loading armor-basecolor.009
Fra:1 Mem:226.00M (Peak 260.24M) | Time:00:00.33 | Mem:180.00M, Peak:180.00M | Scene, ViewLayer | Waiting for render to start
Fra:1 Mem:226.00M (Peak 260.24M) | Time:00:00.33 | Mem:180.00M, Peak:180.00M | Scene, ViewLayer | Loading render kernels (may take a few minutes the first time)
Fra:1 Mem:226.00M (Peak 260.24M) | Time:00:00.33 | Mem:180.00M, Peak:180.00M | Scene, ViewLayer | Updating Scene
Fra:1 Mem:226.00M (Peak 260.24M) | Time:00:00.33 | Mem:180.00M, Peak:180.00M | Scene, ViewLayer | Updating Shaders
Fra:1 Mem:226.10M (Peak 260.24M) | Time:00:00.33 | Mem:180.01M, Peak:180.01M | Scene, ViewLayer | Updating Procedurals
Fra:1 Mem:226.10M (Peak 260.24M) | Time:00:00.33 | Mem:180.01M, Peak:180.01M | Scene, ViewLayer | Updating Background
Fra:1 Mem:226.10M (Peak 260.24M) | Time:00:00.33 | Mem:180.01M, Peak:180.01M | Scene, ViewLayer | Updating Camera
Fra:1 Mem:226.10M (Peak 260.24M) | Time:00:00.33 | Mem:180.01M, Peak:180.01M | Scene, ViewLayer | Updating Meshes Flags
Fra:1 Mem:226.10M (Peak 260.24M) | Time:00:00.33 | Mem:180.01M, Peak:180.01M | Scene, ViewLayer | Updating Objects
Fra:1 Mem:226.10M (Peak 260.24M) | Time:00:00.33 | Mem:180.01M, Peak:180.01M | Scene, ViewLayer | Updating Objects | Copying Transformations to device
Fra:1 Mem:226.12M (Peak 260.24M) | Time:00:00.33 | Mem:180.04M, Peak:180.04M | Scene, ViewLayer | Updating Objects | Applying Static Transformations
Fra:1 Mem:226.12M (Peak 260.24M) | Time:00:00.33 | Mem:180.04M, Peak:180.04M | Scene, ViewLayer | Updating Particle Systems
Fra:1 Mem:226.12M (Peak 260.24M) | Time:00:00.33 | Mem:180.04M, Peak:180.04M | Scene, ViewLayer | Updating Particle Systems | Copying Particles to device
Fra:1 Mem:226.12M (Peak 260.24M) | Time:00:00.33 | Mem:180.04M, Peak:180.04M | Scene, ViewLayer | Updating Meshes
Fra:1 Mem:226.13M (Peak 260.24M) | Time:00:00.33 | Mem:180.04M, Peak:180.04M | Scene, ViewLayer | Updating Mesh | Computing attributes
Fra:1 Mem:226.21M (Peak 260.24M) | Time:00:00.33 | Mem:180.04M, Peak:180.04M | Scene, ViewLayer | Updating Mesh | Copying Attributes to device
Fra:1 Mem:226.19M (Peak 260.24M) | Time:00:00.33 | Mem:180.10M, Peak:180.10M | Scene, ViewLayer | Updating Geometry BVH MESH-armor-block-a6743a347ee2fcdd1ce9-closed-solid-body 1/29 | Building BVH
Fra:1 Mem:226.19M (Peak 260.24M) | Time:00:00.33 | Mem:180.10M, Peak:180.10M | Scene, ViewLayer | Updating Geometry BVH MESH-armor-block-a6743a347ee2fcdd1ce9-closed-incoming-wrapped-b 3/29 | Building BVH
Fra:1 Mem:226.19M (Peak 260.24M) | Time:00:00.33 | Mem:180.10M, Peak:180.10M | Scene, ViewLayer | Updating Geometry BVH MESH-armor-block-a6743a347ee2fcdd1ce9-closed-incoming-wrapped-b 3/29 | Building BVH 0%
Fra:1 Mem:226.19M (Peak 260.24M) | Time:00:00.33 | Mem:180.10M, Peak:180.10M | Scene, ViewLayer | Updating Geometry BVH MESH-armor-block-649dcbda86c17c7952c9-closed-incoming-wrapped-b 28/29 | Building BVH
Fra:1 Mem:226.19M (Peak 260.24M) | Time:00:00.33 | Mem:180.10M, Peak:180.10M | Scene, ViewLayer | Updating Geometry BVH MESH-armor-block-926961217b49c21a526b-closed-outgoing-wrapped-b 5/29 | Building BVH
Fra:1 Mem:226.19M (Peak 260.24M) | Time:00:00.33 | Mem:180.10M, Peak:180.10M | Scene, ViewLayer | Updating Geometry BVH MESH-armor-block-649dcbda86c17c7952c9-closed-outgoing-wrapped-b 27/29 | Building BVH
Fra:1 Mem:226.19M (Peak 260.24M) | Time:00:00.33 | Mem:180.10M, Peak:180.10M | Scene, ViewLayer | Updating Geometry BVH MESH-armor-block-2b558e7ac8eb4184c2af-closed-incoming-wrapped-b 26/29 | Building BVH
Fra:1 Mem:226.19M (Peak 260.24M) | Time:00:00.33 | Mem:180.10M, Peak:180.10M | Scene, ViewLayer | Updating Geometry BVH MESH-armor-block-2b558e7ac8eb4184c2af-closed-solid-body 25/29 | Building BVH
Fra:1 Mem:226.19M (Peak 260.24M) | Time:00:00.33 | Mem:180.11M, Peak:180.11M | Scene, ViewLayer | Updating Geometry BVH MESH-armor-block-137adc2153a878094d60-closed-outgoing-wrapped-b 7/29 | Building BVH
Fra:1 Mem:226.19M (Peak 260.24M) | Time:00:00.33 | Mem:180.11M, Peak:180.11M | Scene, ViewLayer | Updating Geometry BVH MESH-armor-block-137adc2153a878094d60-closed-incoming-wrapped-b 8/29 | Building BVH
Fra:1 Mem:226.19M (Peak 260.24M) | Time:00:00.33 | Mem:180.11M, Peak:180.11M | Scene, ViewLayer | Updating Geometry BVH MESH-armor-block-137adc2153a878094d60-closed-solid-body 9/29 | Building BVH
Fra:1 Mem:226.19M (Peak 260.24M) | Time:00:00.33 | Mem:180.11M, Peak:180.11M | Scene, ViewLayer | Updating Geometry BVH MESH-armor-block-b235419d9a165659f2e8-closed-solid-body 23/29 | Building BVH
Fra:1 Mem:226.19M (Peak 260.24M) | Time:00:00.33 | Mem:180.11M, Peak:180.11M | Scene, ViewLayer | Updating Geometry BVH MESH-armor-block-e40f082abbcbe4f55a62-closed-solid-body 10/29 | Building BVH
Fra:1 Mem:226.19M (Peak 260.24M) | Time:00:00.33 | Mem:180.11M, Peak:180.11M | Scene, ViewLayer | Updating Geometry BVH MESH-armor-block-e40f082abbcbe4f55a62-closed-incoming-wrapped-b 11/29 | Building BVH
Fra:1 Mem:226.19M (Peak 260.24M) | Time:00:00.33 | Mem:180.11M, Peak:180.11M | Scene, ViewLayer | Updating Geometry BVH MESH-armor-block-b235419d9a165659f2e8-closed-outgoing-wrapped-b 21/29 | Building BVH
Fra:1 Mem:226.19M (Peak 260.24M) | Time:00:00.33 | Mem:180.11M, Peak:180.11M | Scene, ViewLayer | Updating Geometry BVH MESH-armor-block-e40f082abbcbe4f55a62-closed-outgoing-wrapped-b 12/29 | Building BVH
Fra:1 Mem:226.19M (Peak 260.24M) | Time:00:00.33 | Mem:180.12M, Peak:180.12M | Scene, ViewLayer | Updating Geometry BVH MESH-armor-block-62ad930c45227d5287a0-closed-solid-body 13/29 | Building BVH
Fra:1 Mem:226.19M (Peak 260.24M) | Time:00:00.33 | Mem:180.12M, Peak:180.12M | Scene, ViewLayer | Updating Geometry BVH MESH-armor-block-62ad930c45227d5287a0-closed-incoming-wrapped-b 14/29 | Building BVH
Fra:1 Mem:226.19M (Peak 260.24M) | Time:00:00.33 | Mem:180.12M, Peak:180.12M | Scene, ViewLayer | Updating Geometry BVH MESH-armor-block-70b34597548b284a0a7f-closed-junction-wedge 20/29 | Building BVH
Fra:1 Mem:226.19M (Peak 260.24M) | Time:00:00.33 | Mem:180.12M, Peak:180.12M | Scene, ViewLayer | Updating Geometry BVH MESH-armor-block-62ad930c45227d5287a0-closed-outgoing-wrapped-b 15/29 | Building BVH
Fra:1 Mem:226.19M (Peak 260.24M) | Time:00:00.33 | Mem:180.12M, Peak:180.13M | Scene, ViewLayer | Updating Geometry BVH MESH-armor-block-e120acd13dae3b493668-closed-incoming-wrapped-b 19/29 | Building BVH
Fra:1 Mem:226.19M (Peak 260.24M) | Time:00:00.33 | Mem:180.13M, Peak:180.13M | Scene, ViewLayer | Updating Geometry BVH MESH-armor-block-e120acd13dae3b493668-closed-outgoing-wrapped-b 18/29 | Building BVH
Fra:1 Mem:226.19M (Peak 260.24M) | Time:00:00.33 | Mem:180.13M, Peak:180.13M | Scene, ViewLayer | Updating Scene BVH | Building
Fra:1 Mem:226.19M (Peak 260.24M) | Time:00:00.33 | Mem:180.13M, Peak:180.13M | Scene, ViewLayer | Updating Scene BVH | Building BVH
Fra:1 Mem:226.19M (Peak 260.24M) | Time:00:00.33 | Mem:180.18M, Peak:180.18M | Scene, ViewLayer | Updating Scene BVH | Copying BVH to device
Fra:1 Mem:226.19M (Peak 260.24M) | Time:00:00.33 | Mem:180.18M, Peak:180.18M | Scene, ViewLayer | Updating Mesh | Computing normals
Fra:1 Mem:226.25M (Peak 260.24M) | Time:00:00.33 | Mem:180.18M, Peak:180.18M | Scene, ViewLayer | Updating Mesh | Copying Mesh to device
Fra:1 Mem:226.25M (Peak 260.24M) | Time:00:00.33 | Mem:180.23M, Peak:180.23M | Scene, ViewLayer | Updating Objects Flags
Fra:1 Mem:226.25M (Peak 260.24M) | Time:00:00.33 | Mem:180.24M, Peak:180.24M | Scene, ViewLayer | Updating Primitive Offsets
Fra:1 Mem:226.25M (Peak 260.24M) | Time:00:00.33 | Mem:180.24M, Peak:180.24M | Scene, ViewLayer | Updating Images
Fra:1 Mem:226.25M (Peak 260.24M) | Time:00:00.33 | Mem:180.24M, Peak:180.24M | Scene, ViewLayer | Updating Camera Volume
Fra:1 Mem:226.25M (Peak 260.24M) | Time:00:00.33 | Mem:180.24M, Peak:180.24M | Scene, ViewLayer | Updating Lookup Tables
Fra:1 Mem:226.25M (Peak 260.24M) | Time:00:00.33 | Mem:180.32M, Peak:180.32M | Scene, ViewLayer | Updating Lights
Fra:1 Mem:226.25M (Peak 260.24M) | Time:00:00.33 | Mem:180.32M, Peak:180.32M | Scene, ViewLayer | Updating Lights | Computing tree
Fra:1 Mem:226.25M (Peak 260.24M) | Time:00:00.33 | Mem:180.32M, Peak:180.32M | Scene, ViewLayer | Updating Integrator
Fra:1 Mem:226.25M (Peak 260.24M) | Time:00:00.33 | Mem:180.32M, Peak:180.32M | Scene, ViewLayer | Updating Film
Fra:1 Mem:226.25M (Peak 260.24M) | Time:00:00.33 | Mem:180.24M, Peak:180.32M | Scene, ViewLayer | Updating Lookup Tables
Fra:1 Mem:226.25M (Peak 260.24M) | Time:00:00.33 | Mem:180.32M, Peak:180.32M | Scene, ViewLayer | Updating Baking
Fra:1 Mem:226.25M (Peak 260.24M) | Time:00:00.33 | Mem:180.32M, Peak:180.32M | Scene, ViewLayer | Updating Device | Writing constant memory
Fra:1 Mem:226.26M (Peak 260.24M) | Time:00:00.33 | Mem:180.32M, Peak:180.32M | Scene, ViewLayer | Sample 0/64
Fra:1 Mem:263.35M (Peak 263.35M) | Time:00:00.43 | Remaining:00:06.20 | Mem:217.41M, Peak:217.41M | Scene, ViewLayer | Sample 1/64
Fra:1 Mem:279.83M (Peak 312.79M) | Time:00:05.38 | Mem:217.41M, Peak:217.41M | Scene, ViewLayer | Sample 64/64
Fra:1 Mem:279.83M (Peak 312.79M) | Time:00:05.38 | Mem:217.41M, Peak:217.41M | Scene, ViewLayer | Finished
Saved: '/root/sidereal_spacetime/assets/art-library/framed-wayfarer/r005/family-02/renders/wayfarer-backing.png'
Time: 00:05.53 (Saving: 00:00.14)

22:40:26 | INFO: Data are loaded, start creating Blender stuff
22:40:26 | INFO: Blender create Mesh node MESH-armor-block-a6743a347ee2fcdd1ce9-closed-incoming-wrapped-b
22:40:26 | INFO: Blender create Mesh node MESH-armor-block-a6743a347ee2fcdd1ce9-closed-outgoing-wrapped-b
22:40:26 | INFO: Blender create Mesh node MESH-armor-block-a6743a347ee2fcdd1ce9-closed-solid-body
22:40:26 | INFO: Blender create Mesh node MESH-armor-block-a6743a347ee2fcdd1ce9-cyan-flush-status-lens
22:40:26 | INFO: Blender create Mesh node MESH-armor-block-a6743a347ee2fcdd1ce9-interchangeable-plain-fac
22:40:26 | INFO: Blender create Mesh node MESH-armor-block-a6743a347ee2fcdd1ce9-lower-impact-rail-right
22:40:26 | INFO: Blender create Mesh node MESH-armor-block-a6743a347ee2fcdd1ce9-lower-impact-rail-cut-poc
22:40:26 | INFO: Blender create Mesh node MESH-armor-block-a6743a347ee2fcdd1ce9-lower-impact-rail-left
22:40:26 | INFO: Blender create Mesh node MESH-armor-block-a6743a347ee2fcdd1ce9-pale-wrapped-connector-ou
22:40:26 | INFO: Blender create Mesh node MESH-armor-block-a6743a347ee2fcdd1ce9-pale-wrapped-connector-in
22:40:26 | INFO: Blender create Mesh node MESH-armor-block-a6743a347ee2fcdd1ce9-recess-shadow-seat
22:40:26 | INFO: Blender create Mesh node MESH-armor-block-a6743a347ee2fcdd1ce9-upper-stepped-shoulder
22:40:26 | INFO: glTF import finished in 0.01s
22:40:26 | INFO: Data are loaded, start creating Blender stuff
22:40:26 | INFO: Blender create Mesh node MESH-armor-block-62ad930c45227d5287a0-closed-incoming-wrapped-b
22:40:26 | INFO: Blender create Mesh node MESH-armor-block-62ad930c45227d5287a0-closed-outgoing-wrapped-b
22:40:26 | INFO: Blender create Mesh node MESH-armor-block-62ad930c45227d5287a0-closed-solid-body
22:40:26 | INFO: Blender create Mesh node MESH-armor-block-62ad930c45227d5287a0-cyan-flush-status-lens
22:40:26 | INFO: Blender create Mesh node MESH-armor-block-62ad930c45227d5287a0-interchangeable-plain-fac
22:40:26 | INFO: Blender create Mesh node MESH-armor-block-62ad930c45227d5287a0-lower-impact-rail-right
22:40:26 | INFO: Blender create Mesh node MESH-armor-block-62ad930c45227d5287a0-lower-impact-rail-cut-poc
22:40:26 | INFO: Blender create Mesh node MESH-armor-block-62ad930c45227d5287a0-lower-impact-rail-left
22:40:26 | INFO: Blender create Mesh node MESH-armor-block-62ad930c45227d5287a0-pale-wrapped-connector-ou
22:40:26 | INFO: Blender create Mesh node MESH-armor-block-62ad930c45227d5287a0-pale-wrapped-connector-in
22:40:26 | INFO: Blender create Mesh node MESH-armor-block-62ad930c45227d5287a0-recess-shadow-seat
22:40:26 | INFO: Blender create Mesh node MESH-armor-block-62ad930c45227d5287a0-upper-stepped-shoulder
22:40:26 | INFO: glTF import finished in 0.01s
22:40:26 | INFO: Data are loaded, start creating Blender stuff
22:40:26 | INFO: Blender create Mesh node MESH-armor-block-e1affbf19f4b7fa30311-closed-junction-wedge
22:40:26 | INFO: Blender create Mesh node MESH-armor-block-e1affbf19f4b7fa30311-junction-lower-navy-shoe
22:40:26 | INFO: Blender create Mesh node MESH-armor-block-e1affbf19f4b7fa30311-junction-upper-navy-shoul
22:40:26 | INFO: Blender create Mesh node MESH-armor-block-e1affbf19f4b7fa30311-junction-wrapped-pale-con
22:40:26 | INFO: glTF import finished in 0.00s
22:40:26 | INFO: Data are loaded, start creating Blender stuff
22:40:26 | INFO: Blender create Mesh node MESH-armor-block-926961217b49c21a526b-closed-incoming-wrapped-b
22:40:26 | INFO: Blender create Mesh node MESH-armor-block-926961217b49c21a526b-closed-outgoing-wrapped-b
22:40:26 | INFO: Blender create Mesh node MESH-armor-block-926961217b49c21a526b-closed-solid-body
22:40:26 | INFO: Blender create Mesh node MESH-armor-block-926961217b49c21a526b-cyan-flush-status-lens
22:40:26 | INFO: Blender create Mesh node MESH-armor-block-926961217b49c21a526b-interchangeable-red-servi
22:40:26 | INFO: Blender create Mesh node MESH-armor-block-926961217b49c21a526b-lower-impact-rail-right
22:40:26 | INFO: Blender create Mesh node MESH-armor-block-926961217b49c21a526b-lower-impact-rail-cut-poc
22:40:26 | INFO: Blender create Mesh node MESH-armor-block-926961217b49c21a526b-lower-impact-rail-left
22:40:26 | INFO: Blender create Mesh node MESH-armor-block-926961217b49c21a526b-pale-wrapped-connector-ou
22:40:26 | INFO: Blender create Mesh node MESH-armor-block-926961217b49c21a526b-pale-wrapped-connector-in
22:40:26 | INFO: Blender create Mesh node MESH-armor-block-926961217b49c21a526b-recess-shadow-seat
22:40:26 | INFO: Blender create Mesh node MESH-armor-block-926961217b49c21a526b-upper-stepped-shoulder
22:40:26 | INFO: glTF import finished in 0.01s
22:40:26 | INFO: Data are loaded, start creating Blender stuff
22:40:26 | INFO: Blender create Mesh node MESH-armor-block-137adc2153a878094d60-closed-incoming-wrapped-b
22:40:26 | INFO: Blender create Mesh node MESH-armor-block-137adc2153a878094d60-closed-outgoing-wrapped-b
22:40:26 | INFO: Blender create Mesh node MESH-armor-block-137adc2153a878094d60-closed-solid-body
22:40:26 | INFO: Blender create Mesh node MESH-armor-block-137adc2153a878094d60-cyan-flush-status-lens
22:40:26 | INFO: Blender create Mesh node MESH-armor-block-137adc2153a878094d60-interchangeable-utility-f
22:40:26 | INFO: Blender create Mesh node MESH-armor-block-137adc2153a878094d60-lower-impact-rail-right
22:40:26 | INFO: Blender create Mesh node MESH-armor-block-137adc2153a878094d60-lower-impact-rail-cut-poc
22:40:26 | INFO: Blender create Mesh node MESH-armor-block-137adc2153a878094d60-lower-impact-rail-left
22:40:26 | INFO: Blender create Mesh node MESH-armor-block-137adc2153a878094d60-pale-wrapped-connector-ou
22:40:26 | INFO: Blender create Mesh node MESH-armor-block-137adc2153a878094d60-pale-wrapped-connector-in
22:40:26 | INFO: Blender create Mesh node MESH-armor-block-137adc2153a878094d60-recess-shadow-seat
22:40:26 | INFO: Blender create Mesh node MESH-armor-block-137adc2153a878094d60-upper-stepped-shoulder
22:40:26 | INFO: Blender create Mesh node MESH-armor-block-137adc2153a878094d60-utility-removable-box
22:40:26 | INFO: Blender create Mesh node MESH-armor-block-137adc2153a878094d60-utility-status-lens
22:40:26 | INFO: glTF import finished in 0.01s
22:40:26 | INFO: Data are loaded, start creating Blender stuff
22:40:26 | INFO: Blender create Mesh node MESH-armor-block-e40f082abbcbe4f55a62-closed-incoming-wrapped-b
22:40:26 | INFO: Blender create Mesh node MESH-armor-block-e40f082abbcbe4f55a62-closed-outgoing-wrapped-b
22:40:26 | INFO: Blender create Mesh node MESH-armor-block-e40f082abbcbe4f55a62-closed-solid-body
22:40:26 | INFO: Blender create Mesh node MESH-armor-block-e40f082abbcbe4f55a62-cyan-flush-status-lens
22:40:26 | INFO: Blender create Mesh node MESH-armor-block-e40f082abbcbe4f55a62-interchangeable-identity-
22:40:26 | INFO: Blender create Mesh node MESH-armor-block-e40f082abbcbe4f55a62-lower-impact-rail-right
22:40:26 | INFO: Blender create Mesh node MESH-armor-block-e40f082abbcbe4f55a62-lower-impact-rail-cut-poc
22:40:26 | INFO: Blender create Mesh node MESH-armor-block-e40f082abbcbe4f55a62-lower-impact-rail-left
22:40:26 | INFO: Blender create Mesh node MESH-armor-block-e40f082abbcbe4f55a62-pale-wrapped-connector-ou
22:40:26 | INFO: Blender create Mesh node MESH-armor-block-e40f082abbcbe4f55a62-pale-wrapped-connector-in
22:40:26 | INFO: Blender create Mesh node MESH-armor-block-e40f082abbcbe4f55a62-recess-shadow-seat
22:40:26 | INFO: Blender create Mesh node MESH-armor-block-e40f082abbcbe4f55a62-upper-stepped-shoulder
22:40:26 | INFO: glTF import finished in 0.01s
22:40:26 | INFO: Data are loaded, start creating Blender stuff
22:40:26 | INFO: Blender create Mesh node MESH-armor-block-649dcbda86c17c7952c9-closed-incoming-wrapped-b
22:40:26 | INFO: Blender create Mesh node MESH-armor-block-649dcbda86c17c7952c9-closed-outgoing-wrapped-b
22:40:26 | INFO: Blender create Mesh node MESH-armor-block-649dcbda86c17c7952c9-closed-solid-body
22:40:26 | INFO: Blender create Mesh node MESH-armor-block-649dcbda86c17c7952c9-cyan-flush-status-lens
22:40:26 | INFO: Blender create Mesh node MESH-armor-block-649dcbda86c17c7952c9-deep-vent-louver-1
22:40:26 | INFO: Blender create Mesh node MESH-armor-block-649dcbda86c17c7952c9-deep-vent-louver-2
22:40:26 | INFO: Blender create Mesh node MESH-armor-block-649dcbda86c17c7952c9-deep-vent-louver-3
22:40:26 | INFO: Blender create Mesh node MESH-armor-block-649dcbda86c17c7952c9-deep-vent-louver-4
22:40:26 | INFO: Blender create Mesh node MESH-armor-block-649dcbda86c17c7952c9-deep-vent-louver-5
22:40:26 | INFO: Blender create Mesh node MESH-armor-block-649dcbda86c17c7952c9-deep-vent-louver-6
22:40:26 | INFO: Blender create Mesh node MESH-armor-block-649dcbda86c17c7952c9-deep-vent-louver-7
22:40:26 | INFO: Blender create Mesh node MESH-armor-block-649dcbda86c17c7952c9-deep-vent-louver-8
22:40:26 | INFO: Blender create Mesh node MESH-armor-block-649dcbda86c17c7952c9-deep-vent-louver-0
22:40:26 | INFO: Blender create Mesh node MESH-armor-block-649dcbda86c17c7952c9-interchangeable-vent-face
22:40:26 | INFO: Blender create Mesh node MESH-armor-block-649dcbda86c17c7952c9-lower-impact-rail-right
22:40:26 | INFO: Blender create Mesh node MESH-armor-block-649dcbda86c17c7952c9-lower-impact-rail-cut-poc
22:40:26 | INFO: Blender create Mesh node MESH-armor-block-649dcbda86c17c7952c9-lower-impact-rail-left
22:40:26 | INFO: Blender create Mesh node MESH-armor-block-649dcbda86c17c7952c9-pale-wrapped-connector-ou
22:40:26 | INFO: Blender create Mesh node MESH-armor-block-649dcbda86c17c7952c9-pale-wrapped-connector-in
22:40:26 | INFO: Blender create Mesh node MESH-armor-block-649dcbda86c17c7952c9-recess-shadow-seat
22:40:26 | INFO: Blender create Mesh node MESH-armor-block-649dcbda86c17c7952c9-upper-stepped-shoulder
22:40:26 | INFO: Blender create Mesh node MESH-armor-block-649dcbda86c17c7952c9-vent-dark-well
22:40:26 | INFO: glTF import finished in 0.01s
22:40:26 | INFO: Data are loaded, start creating Blender stuff
22:40:26 | INFO: Blender create Mesh node MESH-armor-block-2b558e7ac8eb4184c2af-closed-incoming-wrapped-b
22:40:26 | INFO: Blender create Mesh node MESH-armor-block-2b558e7ac8eb4184c2af-closed-outgoing-wrapped-b
22:40:26 | INFO: Blender create Mesh node MESH-armor-block-2b558e7ac8eb4184c2af-closed-solid-body
22:40:26 | INFO: Blender create Mesh node MESH-armor-block-2b558e7ac8eb4184c2af-interchangeable-utility-f
22:40:26 | INFO: Blender create Mesh node MESH-armor-block-2b558e7ac8eb4184c2af-lower-impact-rail
22:40:26 | INFO: Blender create Mesh node MESH-armor-block-2b558e7ac8eb4184c2af-pale-wrapped-connector-ou
22:40:26 | INFO: Blender create Mesh node MESH-armor-block-2b558e7ac8eb4184c2af-pale-wrapped-connector-in
22:40:26 | INFO: Blender create Mesh node MESH-armor-block-2b558e7ac8eb4184c2af-recess-shadow-seat
22:40:26 | INFO: Blender create Mesh node MESH-armor-block-2b558e7ac8eb4184c2af-upper-stepped-shoulder
22:40:26 | INFO: glTF import finished in 0.01s
22:40:26 | INFO: Data are loaded, start creating Blender stuff
22:40:26 | INFO: Blender create Mesh node MESH-armor-block-b235419d9a165659f2e8-closed-incoming-wrapped-b
22:40:26 | INFO: Blender create Mesh node MESH-armor-block-b235419d9a165659f2e8-closed-outgoing-wrapped-b
22:40:26 | INFO: Blender create Mesh node MESH-armor-block-b235419d9a165659f2e8-closed-solid-body
22:40:26 | INFO: Blender create Mesh node MESH-armor-block-b235419d9a165659f2e8-interchangeable-plain-fac
22:40:26 | INFO: Blender create Mesh node MESH-armor-block-b235419d9a165659f2e8-lower-impact-rail
22:40:26 | INFO: Blender create Mesh node MESH-armor-block-b235419d9a165659f2e8-pale-wrapped-connector-ou
22:40:26 | INFO: Blender create Mesh node MESH-armor-block-b235419d9a165659f2e8-pale-wrapped-connector-in
22:40:26 | INFO: Blender create Mesh node MESH-armor-block-b235419d9a165659f2e8-recess-shadow-seat
22:40:26 | INFO: Blender create Mesh node MESH-armor-block-b235419d9a165659f2e8-upper-stepped-shoulder
22:40:26 | INFO: glTF import finished in 0.01s
22:40:26 | INFO: Data are loaded, start creating Blender stuff
22:40:26 | INFO: Blender create Mesh node MESH-armor-block-fabbd7b0578ea00b5791-closed-height-transition-
22:40:26 | INFO: Blender create Mesh node MESH-armor-block-fabbd7b0578ea00b5791-closed-junction-wedge
22:40:26 | INFO: Blender create Mesh node MESH-armor-block-fabbd7b0578ea00b5791-height-transition-pale-en
22:40:26 | INFO: Blender create Mesh node MESH-armor-block-fabbd7b0578ea00b5791-junction-lower-navy-shoe
22:40:26 | INFO: Blender create Mesh node MESH-armor-block-fabbd7b0578ea00b5791-junction-upper-navy-shoul
22:40:26 | INFO: Blender create Mesh node MESH-armor-block-fabbd7b0578ea00b5791-junction-wrapped-pale-con
22:40:26 | INFO: glTF import finished in 0.01s
22:40:26 | INFO: Data are loaded, start creating Blender stuff
22:40:26 | INFO: Blender create Mesh node MESH-armor-block-e120acd13dae3b493668-closed-incoming-wrapped-b
22:40:26 | INFO: Blender create Mesh node MESH-armor-block-e120acd13dae3b493668-closed-outgoing-wrapped-b
22:40:26 | INFO: Blender create Mesh node MESH-armor-block-e120acd13dae3b493668-closed-solid-body
22:40:26 | INFO: Blender create Mesh node MESH-armor-block-e120acd13dae3b493668-cyan-flush-status-lens
22:40:26 | INFO: Blender create Mesh node MESH-armor-block-e120acd13dae3b493668-deep-vent-louver-1
22:40:26 | INFO: Blender create Mesh node MESH-armor-block-e120acd13dae3b493668-deep-vent-louver-0
22:40:26 | INFO: Blender create Mesh node MESH-armor-block-e120acd13dae3b493668-interchangeable-vent-face
22:40:26 | INFO: Blender create Mesh node MESH-armor-block-e120acd13dae3b493668-lower-impact-rail-right
22:40:26 | INFO: Blender create Mesh node MESH-armor-block-e120acd13dae3b493668-lower-impact-rail-cut-poc
22:40:26 | INFO: Blender create Mesh node MESH-armor-block-e120acd13dae3b493668-lower-impact-rail-left
22:40:26 | INFO: Blender create Mesh node MESH-armor-block-e120acd13dae3b493668-pale-wrapped-connector-ou
22:40:26 | INFO: Blender create Mesh node MESH-armor-block-e120acd13dae3b493668-pale-wrapped-connector-in
22:40:26 | INFO: Blender create Mesh node MESH-armor-block-e120acd13dae3b493668-recess-shadow-seat
22:40:26 | INFO: Blender create Mesh node MESH-armor-block-e120acd13dae3b493668-upper-stepped-shoulder
22:40:26 | INFO: Blender create Mesh node MESH-armor-block-e120acd13dae3b493668-vent-dark-well
22:40:26 | INFO: glTF import finished in 0.01s
22:40:26 | INFO: Data are loaded, start creating Blender stuff
22:40:26 | INFO: Blender create Mesh node MESH-armor-block-70b34597548b284a0a7f-closed-junction-wedge
22:40:26 | INFO: Blender create Mesh node MESH-armor-block-70b34597548b284a0a7f-junction-lower-navy-shoe
22:40:26 | INFO: Blender create Mesh node MESH-armor-block-70b34597548b284a0a7f-junction-upper-navy-shoul
22:40:26 | INFO: Blender create Mesh node MESH-armor-block-70b34597548b284a0a7f-junction-wrapped-pale-con
22:40:26 | INFO: glTF import finished in 0.01s
22:40:26 | INFO: Data are loaded, start creating Blender stuff
22:40:26 | INFO: Blender create Mesh node MESH-armor-block-98477a5dd3e88b931589-closed-incoming-wrapped-b
22:40:26 | INFO: Blender create Mesh node MESH-armor-block-98477a5dd3e88b931589-closed-outgoing-wrapped-b
22:40:26 | INFO: Blender create Mesh node MESH-armor-block-98477a5dd3e88b931589-closed-solid-body
22:40:26 | INFO: Blender create Mesh node MESH-armor-block-98477a5dd3e88b931589-cyan-flush-status-lens
22:40:26 | INFO: Blender create Mesh node MESH-armor-block-98477a5dd3e88b931589-interchangeable-plain-fac
22:40:26 | INFO: Blender create Mesh node MESH-armor-block-98477a5dd3e88b931589-lower-impact-rail-right
22:40:26 | INFO: Blender create Mesh node MESH-armor-block-98477a5dd3e88b931589-lower-impact-rail-cut-poc
22:40:26 | INFO: Blender create Mesh node MESH-armor-block-98477a5dd3e88b931589-lower-impact-rail-left
22:40:26 | INFO: Blender create Mesh node MESH-armor-block-98477a5dd3e88b931589-pale-wrapped-connector-ou
22:40:26 | INFO: Blender create Mesh node MESH-armor-block-98477a5dd3e88b931589-pale-wrapped-connector-in
22:40:26 | INFO: Blender create Mesh node MESH-armor-block-98477a5dd3e88b931589-recess-shadow-seat
22:40:26 | INFO: Blender create Mesh node MESH-armor-block-98477a5dd3e88b931589-upper-stepped-shoulder
22:40:26 | INFO: glTF import finished in 0.01s
22:40:26 | INFO: Data are loaded, start creating Blender stuff
22:40:26 | INFO: Blender create Mesh node MESH-armor-block-a7ef36310c50dc565d00-closed-height-transition-
22:40:26 | INFO: Blender create Mesh node MESH-armor-block-a7ef36310c50dc565d00-closed-junction-wedge
22:40:26 | INFO: Blender create Mesh node MESH-armor-block-a7ef36310c50dc565d00-height-transition-pale-en
22:40:26 | INFO: Blender create Mesh node MESH-armor-block-a7ef36310c50dc565d00-junction-lower-navy-shoe
22:40:26 | INFO: Blender create Mesh node MESH-armor-block-a7ef36310c50dc565d00-junction-upper-navy-shoul
22:40:26 | INFO: Blender create Mesh node MESH-armor-block-a7ef36310c50dc565d00-junction-wrapped-pale-con
22:40:26 | INFO: glTF import finished in 0.01s
22:40:26 | INFO: Data are loaded, start creating Blender stuff
22:40:26 | INFO: Blender create Mesh node MESH-armor-block-4896cc9388c49fcb9b2e-closed-incoming-wrapped-b
22:40:26 | INFO: Blender create Mesh node MESH-armor-block-4896cc9388c49fcb9b2e-closed-outgoing-wrapped-b
22:40:26 | INFO: Blender create Mesh node MESH-armor-block-4896cc9388c49fcb9b2e-closed-solid-body
22:40:26 | INFO: Blender create Mesh node MESH-armor-block-4896cc9388c49fcb9b2e-cyan-flush-status-lens
22:40:26 | INFO: Blender create Mesh node MESH-armor-block-4896cc9388c49fcb9b2e-interchangeable-red-servi
22:40:26 | INFO: Blender create Mesh node MESH-armor-block-4896cc9388c49fcb9b2e-lower-impact-rail-right
22:40:26 | INFO: Blender create Mesh node MESH-armor-block-4896cc9388c49fcb9b2e-lower-impact-rail-cut-poc
22:40:26 | INFO: Blender create Mesh node MESH-armor-block-4896cc9388c49fcb9b2e-lower-impact-rail-left
22:40:26 | INFO: Blender create Mesh node MESH-armor-block-4896cc9388c49fcb9b2e-pale-wrapped-connector-ou
22:40:26 | INFO: Blender create Mesh node MESH-armor-block-4896cc9388c49fcb9b2e-pale-wrapped-connector-in
22:40:26 | INFO: Blender create Mesh node MESH-armor-block-4896cc9388c49fcb9b2e-recess-shadow-seat
22:40:26 | INFO: Blender create Mesh node MESH-armor-block-4896cc9388c49fcb9b2e-upper-stepped-shoulder
22:40:26 | INFO: glTF import finished in 0.02s
Fra:1 Mem:60.95M (Peak 60.95M) | Time:00:00.01 | Mem:0.00M, Peak:0.00M | Scene, ViewLayer | Synchronizing object | GEO-armor-block-a6743a347ee2fcdd1ce9--BACKING--closed-solid
Fra:1 Mem:60.96M (Peak 60.96M) | Time:00:00.01 | Mem:0.00M, Peak:0.00M | Scene, ViewLayer | Synchronizing object | GEO-armor-block-a6743a347ee2fcdd1ce9--FINISH--interchangeab
Fra:1 Mem:60.98M (Peak 60.98M) | Time:00:00.01 | Mem:0.00M, Peak:0.00M | Scene, ViewLayer | Synchronizing object | GEO-armor-block-a6743a347ee2fcdd1ce9--FINISH--lower-impact-.002
Fra:1 Mem:60.99M (Peak 60.99M) | Time:00:00.01 | Mem:0.00M, Peak:0.00M | Scene, ViewLayer | Synchronizing object | GEO-armor-block-a6743a347ee2fcdd1ce9--FINISH--upper-stepped
Fra:1 Mem:60.99M (Peak 60.99M) | Time:00:00.01 | Mem:0.00M, Peak:0.00M | Scene, ViewLayer | Synchronizing object | GEO-armor-block-a6743a347ee2fcdd1ce9--FINISH--pale-wrapped-.001
Fra:1 Mem:61.00M (Peak 61.00M) | Time:00:00.01 | Mem:0.00M, Peak:0.00M | Scene, ViewLayer | Synchronizing object | GEO-armor-block-a6743a347ee2fcdd1ce9--FINISH--cyan-flush-st
Fra:1 Mem:61.00M (Peak 61.00M) | Time:00:00.01 | Mem:0.00M, Peak:0.00M | Scene, ViewLayer | Synchronizing object | GEO-armor-block-a6743a347ee2fcdd1ce9--BACKING--closed-incom
Fra:1 Mem:61.01M (Peak 61.01M) | Time:00:00.01 | Mem:0.00M, Peak:0.00M | Scene, ViewLayer | Synchronizing object | GEO-armor-block-a6743a347ee2fcdd1ce9--BACKING--closed-outgo
Fra:1 Mem:61.01M (Peak 61.01M) | Time:00:00.01 | Mem:0.00M, Peak:0.00M | Scene, ViewLayer | Synchronizing object | GEO-armor-block-a6743a347ee2fcdd1ce9--FINISH--lower-impact-.003
Fra:1 Mem:61.02M (Peak 61.02M) | Time:00:00.01 | Mem:0.00M, Peak:0.00M | Scene, ViewLayer | Synchronizing object | GEO-armor-block-a6743a347ee2fcdd1ce9--FINISH--pale-wrapped-.002
Fra:1 Mem:61.03M (Peak 61.03M) | Time:00:00.01 | Mem:0.00M, Peak:0.00M | Scene, ViewLayer | Synchronizing object | GEO-armor-block-a6743a347ee2fcdd1ce9--FINISH--lower-impact-.004
Fra:1 Mem:61.03M (Peak 61.03M) | Time:00:00.01 | Mem:0.00M, Peak:0.00M | Scene, ViewLayer | Synchronizing object | GEO-armor-block-a6743a347ee2fcdd1ce9--FINISH--recess-shadow
Fra:1 Mem:61.04M (Peak 61.04M) | Time:00:00.01 | Mem:0.00M, Peak:0.00M | Scene, ViewLayer | Synchronizing object | GEO-armor-block-926961217b49c21a526b--FINISH--pale-wrapped-.001
Fra:1 Mem:61.04M (Peak 61.04M) | Time:00:00.02 | Mem:0.00M, Peak:0.00M | Scene, ViewLayer | Synchronizing object | GEO-armor-block-926961217b49c21a526b--FINISH--lower-impact-.002
Fra:1 Mem:61.05M (Peak 61.05M) | Time:00:00.02 | Mem:0.00M, Peak:0.00M | Scene, ViewLayer | Synchronizing object | GEO-armor-block-926961217b49c21a526b--FINISH--recess-shadow
Fra:1 Mem:61.06M (Peak 61.06M) | Time:00:00.02 | Mem:0.00M, Peak:0.00M | Scene, ViewLayer | Synchronizing object | GEO-armor-block-926961217b49c21a526b--BACKING--closed-solid
Fra:1 Mem:61.06M (Peak 61.06M) | Time:00:00.02 | Mem:0.00M, Peak:0.00M | Scene, ViewLayer | Synchronizing object | GEO-armor-block-926961217b49c21a526b--FINISH--lower-impact-.003
Fra:1 Mem:61.07M (Peak 61.07M) | Time:00:00.02 | Mem:0.00M, Peak:0.00M | Scene, ViewLayer | Synchronizing object | GEO-armor-block-926961217b49c21a526b--FINISH--interchangeab
Fra:1 Mem:61.08M (Peak 61.08M) | Time:00:00.02 | Mem:0.00M, Peak:0.00M | Scene, ViewLayer | Synchronizing object | GEO-armor-block-926961217b49c21a526b--FINISH--pale-wrapped-.002
Fra:1 Mem:61.09M (Peak 61.09M) | Time:00:00.02 | Mem:0.00M, Peak:0.00M | Scene, ViewLayer | Synchronizing object | GEO-armor-block-926961217b49c21a526b--FINISH--lower-impact-.004
Fra:1 Mem:61.10M (Peak 61.10M) | Time:00:00.02 | Mem:0.00M, Peak:0.00M | Scene, ViewLayer | Synchronizing object | GEO-armor-block-926961217b49c21a526b--BACKING--closed-outgo
Fra:1 Mem:61.10M (Peak 61.10M) | Time:00:00.02 | Mem:0.00M, Peak:0.00M | Scene, ViewLayer | Synchronizing object | GEO-armor-block-926961217b49c21a526b--FINISH--upper-stepped
Fra:1 Mem:61.11M (Peak 61.11M) | Time:00:00.02 | Mem:0.00M, Peak:0.00M | Scene, ViewLayer | Synchronizing object | GEO-armor-block-926961217b49c21a526b--FINISH--cyan-flush-st
Fra:1 Mem:61.11M (Peak 61.11M) | Time:00:00.02 | Mem:0.00M, Peak:0.00M | Scene, ViewLayer | Synchronizing object | GEO-armor-block-926961217b49c21a526b--BACKING--closed-incom
Fra:1 Mem:61.12M (Peak 61.12M) | Time:00:00.02 | Mem:0.00M, Peak:0.00M | Scene, ViewLayer | Synchronizing object | GEO-armor-block-137adc2153a878094d60--FINISH--cyan-flush-st
Fra:1 Mem:61.12M (Peak 61.12M) | Time:00:00.02 | Mem:0.00M, Peak:0.00M | Scene, ViewLayer | Synchronizing object | GEO-armor-block-137adc2153a878094d60--FINISH--lower-impact-.002
Fra:1 Mem:61.13M (Peak 61.13M) | Time:00:00.02 | Mem:0.00M, Peak:0.00M | Scene, ViewLayer | Synchronizing object | GEO-armor-block-137adc2153a878094d60--FINISH--utility-remov
Fra:1 Mem:61.15M (Peak 61.15M) | Time:00:00.02 | Mem:0.00M, Peak:0.00M | Scene, ViewLayer | Synchronizing object | GEO-armor-block-137adc2153a878094d60--FINISH--interchangeab
Fra:1 Mem:61.16M (Peak 61.16M) | Time:00:00.02 | Mem:0.00M, Peak:0.00M | Scene, ViewLayer | Synchronizing object | GEO-armor-block-137adc2153a878094d60--FINISH--pale-wrapped-.001
Fra:1 Mem:61.16M (Peak 61.16M) | Time:00:00.02 | Mem:0.00M, Peak:0.00M | Scene, ViewLayer | Synchronizing object | GEO-armor-block-137adc2153a878094d60--BACKING--closed-solid
Fra:1 Mem:61.17M (Peak 61.17M) | Time:00:00.02 | Mem:0.00M, Peak:0.00M | Scene, ViewLayer | Synchronizing object | GEO-armor-block-137adc2153a878094d60--FINISH--lower-impact-.003
Fra:1 Mem:61.18M (Peak 61.18M) | Time:00:00.02 | Mem:0.00M, Peak:0.00M | Scene, ViewLayer | Synchronizing object | GEO-armor-block-137adc2153a878094d60--FINISH--upper-stepped
Fra:1 Mem:61.18M (Peak 61.18M) | Time:00:00.02 | Mem:0.00M, Peak:0.00M | Scene, ViewLayer | Synchronizing object | GEO-armor-block-137adc2153a878094d60--FINISH--lower-impact-.004
Fra:1 Mem:61.19M (Peak 61.19M) | Time:00:00.02 | Mem:0.00M, Peak:0.00M | Scene, ViewLayer | Synchronizing object | GEO-armor-block-137adc2153a878094d60--FINISH--pale-wrapped-.002
Fra:1 Mem:61.20M (Peak 61.20M) | Time:00:00.02 | Mem:0.00M, Peak:0.00M | Scene, ViewLayer | Synchronizing object | GEO-armor-block-137adc2153a878094d60--FINISH--utility-statu
Fra:1 Mem:61.20M (Peak 61.20M) | Time:00:00.02 | Mem:0.00M, Peak:0.00M | Scene, ViewLayer | Synchronizing object | GEO-armor-block-137adc2153a878094d60--BACKING--closed-outgo
Fra:1 Mem:61.20M (Peak 61.20M) | Time:00:00.02 | Mem:0.00M, Peak:0.00M | Scene, ViewLayer | Synchronizing object | GEO-armor-block-137adc2153a878094d60--BACKING--closed-incom
Fra:1 Mem:61.21M (Peak 61.21M) | Time:00:00.02 | Mem:0.00M, Peak:0.00M | Scene, ViewLayer | Synchronizing object | GEO-armor-block-137adc2153a878094d60--FINISH--recess-shadow
Fra:1 Mem:61.21M (Peak 61.21M) | Time:00:00.02 | Mem:0.00M, Peak:0.00M | Scene, ViewLayer | Synchronizing object | GEO-armor-block-e40f082abbcbe4f55a62--FINISH--pale-wrapped-.001
Fra:1 Mem:61.23M (Peak 61.23M) | Time:00:00.02 | Mem:0.00M, Peak:0.00M | Scene, ViewLayer | Synchronizing object | GEO-armor-block-4896cc9388c49fcb9b2e--FINISH--upper-stepped-sho
Fra:1 Mem:61.22M (Peak 61.23M) | Time:00:00.02 | Mem:0.00M, Peak:0.00M | Scene, ViewLayer | Synchronizing object | GEO-armor-block-e40f082abbcbe4f55a62--FINISH--lower-impact-.002
Fra:1 Mem:61.24M (Peak 61.24M) | Time:00:00.02 | Mem:0.00M, Peak:0.00M | Scene, ViewLayer | Synchronizing object | GEO-armor-block-e40f082abbcbe4f55a62--BACKING--closed-outgo
Fra:1 Mem:61.24M (Peak 61.24M) | Time:00:00.02 | Mem:0.00M, Peak:0.00M | Scene, ViewLayer | Synchronizing object | GEO-armor-block-e40f082abbcbe4f55a62--FINISH--upper-stepped
Fra:1 Mem:61.24M (Peak 61.24M) | Time:00:00.02 | Mem:0.00M, Peak:0.00M | Scene, ViewLayer | Synchronizing object | GEO-armor-block-e40f082abbcbe4f55a62--FINISH--cyan-flush-st
Fra:1 Mem:61.24M (Peak 61.24M) | Time:00:00.02 | Mem:0.00M, Peak:0.00M | Scene, ViewLayer | Synchronizing object | GEO-armor-block-4896cc9388c49fcb9b2e--FINISH--recess-shadow-sea
Fra:1 Mem:61.25M (Peak 61.25M) | Time:00:00.02 | Mem:0.00M, Peak:0.00M | Scene, ViewLayer | Synchronizing object | GEO-armor-block-e40f082abbcbe4f55a62--FINISH--interchangeab
Fra:1 Mem:61.25M (Peak 61.25M) | Time:00:00.02 | Mem:0.00M, Peak:0.00M | Scene, ViewLayer | Synchronizing object | GEO-armor-block-4896cc9388c49fcb9b2e--FINISH--pale-wrapped-conn
Fra:1 Mem:61.26M (Peak 61.26M) | Time:00:00.02 | Mem:0.00M, Peak:0.00M | Scene, ViewLayer | Synchronizing object | GEO-armor-block-e40f082abbcbe4f55a62--BACKING--closed-incom
Fra:1 Mem:61.27M (Peak 61.27M) | Time:00:00.02 | Mem:0.00M, Peak:0.00M | Scene, ViewLayer | Synchronizing object | GEO-armor-block-4896cc9388c49fcb9b2e--FINISH--pale-wrapped-
Fra:1 Mem:61.28M (Peak 61.28M) | Time:00:00.02 | Mem:0.00M, Peak:0.00M | Scene, ViewLayer | Synchronizing object | GEO-armor-block-e40f082abbcbe4f55a62--FINISH--recess-shadow
Fra:1 Mem:61.27M (Peak 61.28M) | Time:00:00.02 | Mem:0.00M, Peak:0.00M | Scene, ViewLayer | Synchronizing object | GEO-armor-block-4896cc9388c49fcb9b2e--FINISH--lower-impact-rail
Fra:1 Mem:61.28M (Peak 61.28M) | Time:00:00.02 | Mem:0.00M, Peak:0.00M | Scene, ViewLayer | Synchronizing object | GEO-armor-block-e40f082abbcbe4f55a62--FINISH--lower-impact-.003
Fra:1 Mem:61.29M (Peak 61.29M) | Time:00:00.02 | Mem:0.00M, Peak:0.00M | Scene, ViewLayer | Synchronizing object | GEO-armor-block-4896cc9388c49fcb9b2e--FINISH--lower-impact-.001
Fra:1 Mem:61.30M (Peak 61.30M) | Time:00:00.02 | Mem:0.00M, Peak:0.00M | Scene, ViewLayer | Synchronizing object | GEO-armor-block-e40f082abbcbe4f55a62--BACKING--closed-solid
Fra:1 Mem:61.30M (Peak 61.30M) | Time:00:00.02 | Mem:0.00M, Peak:0.00M | Scene, ViewLayer | Synchronizing object | GEO-armor-block-4896cc9388c49fcb9b2e--FINISH--lower-impact-
Fra:1 Mem:61.31M (Peak 61.31M) | Time:00:00.02 | Mem:0.00M, Peak:0.00M | Scene, ViewLayer | Synchronizing object | GEO-armor-block-e40f082abbcbe4f55a62--FINISH--lower-impact-.004
Fra:1 Mem:61.31M (Peak 61.31M) | Time:00:00.02 | Mem:0.00M, Peak:0.00M | Scene, ViewLayer | Synchronizing object | GEO-armor-block-4896cc9388c49fcb9b2e--FINISH--interchangeable-r
Fra:1 Mem:61.32M (Peak 61.32M) | Time:00:00.02 | Mem:0.00M, Peak:0.00M | Scene, ViewLayer | Synchronizing object | GEO-armor-block-e40f082abbcbe4f55a62--FINISH--pale-wrapped-.002
Fra:1 Mem:61.33M (Peak 61.33M) | Time:00:00.02 | Mem:0.00M, Peak:0.00M | Scene, ViewLayer | Synchronizing object | GEO-armor-block-4896cc9388c49fcb9b2e--FINISH--cyan-flush-status
Fra:1 Mem:61.32M (Peak 61.33M) | Time:00:00.02 | Mem:0.00M, Peak:0.00M | Scene, ViewLayer | Synchronizing object | GEO-armor-block-62ad930c45227d5287a0--FINISH--interchangeab
Fra:1 Mem:61.34M (Peak 61.34M) | Time:00:00.02 | Mem:0.00M, Peak:0.00M | Scene, ViewLayer | Synchronizing object | GEO-armor-block-4896cc9388c49fcb9b2e--BACKING--closed-solid-bod
Fra:1 Mem:61.34M (Peak 61.34M) | Time:00:00.02 | Mem:0.00M, Peak:0.00M | Scene, ViewLayer | Synchronizing object | GEO-armor-block-62ad930c45227d5287a0--BACKING--closed-incom
Fra:1 Mem:61.34M (Peak 61.34M) | Time:00:00.02 | Mem:0.00M, Peak:0.00M | Scene, ViewLayer | Synchronizing object | GEO-armor-block-4896cc9388c49fcb9b2e--BACKING--closed-outgoing-
Fra:1 Mem:61.35M (Peak 61.35M) | Time:00:00.02 | Mem:0.00M, Peak:0.00M | Scene, ViewLayer | Synchronizing object | GEO-armor-block-62ad930c45227d5287a0--FINISH--pale-wrapped-.001
Fra:1 Mem:61.35M (Peak 61.35M) | Time:00:00.02 | Mem:0.00M, Peak:0.00M | Scene, ViewLayer | Synchronizing object | GEO-armor-block-4896cc9388c49fcb9b2e--BACKING--closed-incoming-
Fra:1 Mem:61.35M (Peak 61.35M) | Time:00:00.02 | Mem:0.00M, Peak:0.00M | Scene, ViewLayer | Synchronizing object | GEO-armor-block-a7ef36310c50dc565d00--FINISH--junction-wrapped-
Fra:1 Mem:61.36M (Peak 61.36M) | Time:00:00.02 | Mem:0.00M, Peak:0.00M | Scene, ViewLayer | Synchronizing object | GEO-armor-block-62ad930c45227d5287a0--FINISH--lower-impact-.002
Fra:1 Mem:61.37M (Peak 61.37M) | Time:00:00.02 | Mem:0.00M, Peak:0.00M | Scene, ViewLayer | Synchronizing object | GEO-armor-block-a7ef36310c50dc565d00--FINISH--junction-upper-na
Fra:1 Mem:61.38M (Peak 61.38M) | Time:00:00.02 | Mem:0.00M, Peak:0.00M | Scene, ViewLayer | Synchronizing object | GEO-armor-block-62ad930c45227d5287a0--BACKING--closed-outgo
Fra:1 Mem:61.38M (Peak 61.38M) | Time:00:00.02 | Mem:0.00M, Peak:0.00M | Scene, ViewLayer | Synchronizing object | GEO-armor-block-a7ef36310c50dc565d00--FINISH--junction-lower-na
Fra:1 Mem:61.38M (Peak 61.38M) | Time:00:00.02 | Mem:0.00M, Peak:0.00M | Scene, ViewLayer | Synchronizing object | GEO-armor-block-62ad930c45227d5287a0--FINISH--upper-stepped
Fra:1 Mem:61.39M (Peak 61.39M) | Time:00:00.02 | Mem:0.00M, Peak:0.00M | Scene, ViewLayer | Synchronizing object | GEO-armor-block-a7ef36310c50dc565d00--FINISH--height-transition
Fra:1 Mem:61.39M (Peak 61.39M) | Time:00:00.02 | Mem:0.00M, Peak:0.00M | Scene, ViewLayer | Synchronizing object | GEO-armor-block-62ad930c45227d5287a0--FINISH--cyan-flush-st
Fra:1 Mem:61.39M (Peak 61.39M) | Time:00:00.02 | Mem:0.00M, Peak:0.00M | Scene, ViewLayer | Synchronizing object | GEO-armor-block-a7ef36310c50dc565d00--BACKING--closed-junction-
Fra:1 Mem:61.39M (Peak 61.39M) | Time:00:00.02 | Mem:0.00M, Peak:0.00M | Scene, ViewLayer | Synchronizing object | GEO-armor-block-62ad930c45227d5287a0--FINISH--pale-wrapped-.002
Fra:1 Mem:61.40M (Peak 61.40M) | Time:00:00.02 | Mem:0.00M, Peak:0.00M | Scene, ViewLayer | Synchronizing object | GEO-armor-block-a7ef36310c50dc565d00--BACKING--closed-height-tr
Fra:1 Mem:61.40M (Peak 61.40M) | Time:00:00.02 | Mem:0.00M, Peak:0.00M | Scene, ViewLayer | Synchronizing object | GEO-armor-block-62ad930c45227d5287a0--FINISH--recess-shadow
Fra:1 Mem:61.41M (Peak 61.41M) | Time:00:00.02 | Mem:0.00M, Peak:0.00M | Scene, ViewLayer | Synchronizing object | GEO-armor-block-98477a5dd3e88b931589--FINISH--upper-stepped-sho
Fra:1 Mem:61.42M (Peak 61.42M) | Time:00:00.02 | Mem:0.00M, Peak:0.00M | Scene, ViewLayer | Synchronizing object | GEO-armor-block-62ad930c45227d5287a0--FINISH--lower-impact-.003
Fra:1 Mem:61.43M (Peak 61.43M) | Time:00:00.02 | Mem:0.00M, Peak:0.00M | Scene, ViewLayer | Synchronizing object | GEO-armor-block-98477a5dd3e88b931589--FINISH--recess-shadow-sea
Fra:1 Mem:61.43M (Peak 61.43M) | Time:00:00.02 | Mem:0.00M, Peak:0.00M | Scene, ViewLayer | Synchronizing object | GEO-armor-block-98477a5dd3e88b931589--FINISH--pale-wrapped-conn
Fra:1 Mem:61.42M (Peak 61.43M) | Time:00:00.02 | Mem:0.00M, Peak:0.00M | Scene, ViewLayer | Synchronizing object | GEO-armor-block-62ad930c45227d5287a0--BACKING--closed-solid
Fra:1 Mem:61.44M (Peak 61.44M) | Time:00:00.02 | Mem:0.00M, Peak:0.00M | Scene, ViewLayer | Synchronizing object | GEO-armor-block-98477a5dd3e88b931589--FINISH--pale-wrapped-
Fra:1 Mem:61.44M (Peak 61.44M) | Time:00:00.02 | Mem:0.00M, Peak:0.00M | Scene, ViewLayer | Synchronizing object | GEO-armor-block-62ad930c45227d5287a0--FINISH--lower-impact-.004
Fra:1 Mem:61.44M (Peak 61.44M) | Time:00:00.02 | Mem:0.00M, Peak:0.00M | Scene, ViewLayer | Synchronizing object | GEO-armor-block-98477a5dd3e88b931589--FINISH--lower-impact-rail
Fra:1 Mem:61.45M (Peak 61.45M) | Time:00:00.02 | Mem:0.00M, Peak:0.00M | Scene, ViewLayer | Synchronizing object | GEO-armor-block-e1affbf19f4b7fa30311--FINISH--junction-uppe
Fra:1 Mem:61.45M (Peak 61.45M) | Time:00:00.02 | Mem:0.00M, Peak:0.00M | Scene, ViewLayer | Synchronizing object | GEO-armor-block-e1affbf19f4b7fa30311--FINISH--junction-lowe
Fra:1 Mem:61.47M (Peak 61.47M) | Time:00:00.02 | Mem:0.00M, Peak:0.00M | Scene, ViewLayer | Synchronizing object | GEO-armor-block-98477a5dd3e88b931589--FINISH--lower-impact-.001
Fra:1 Mem:61.47M (Peak 61.47M) | Time:00:00.02 | Mem:0.00M, Peak:0.00M | Scene, ViewLayer | Synchronizing object | GEO-armor-block-e1affbf19f4b7fa30311--FINISH--junction-wrap
Fra:1 Mem:61.48M (Peak 61.48M) | Time:00:00.02 | Mem:0.00M, Peak:0.00M | Scene, ViewLayer | Synchronizing object | GEO-armor-block-e1affbf19f4b7fa30311--BACKING--closed-junct
Fra:1 Mem:61.50M (Peak 61.50M) | Time:00:00.02 | Mem:0.00M, Peak:0.00M | Scene, ViewLayer | Synchronizing object | GEO-armor-block-e120acd13dae3b493668--FINISH--cyan-flush-st
Fra:1 Mem:61.49M (Peak 61.50M) | Time:00:00.02 | Mem:0.00M, Peak:0.00M | Scene, ViewLayer | Synchronizing object | GEO-armor-block-98477a5dd3e88b931589--FINISH--lower-impact-
Fra:1 Mem:61.49M (Peak 61.50M) | Time:00:00.02 | Mem:0.00M, Peak:0.00M | Scene, ViewLayer | Synchronizing object | GEO-armor-block-e120acd13dae3b493668--FINISH--interchangeab
Fra:1 Mem:61.51M (Peak 61.51M) | Time:00:00.02 | Mem:0.00M, Peak:0.00M | Scene, ViewLayer | Synchronizing object | GEO-armor-block-e120acd13dae3b493668--FINISH--deep-vent-lou.001
Fra:1 Mem:61.50M (Peak 61.51M) | Time:00:00.02 | Mem:0.00M, Peak:0.00M | Scene, ViewLayer | Synchronizing object | GEO-armor-block-98477a5dd3e88b931589--FINISH--interchangeable-p
Fra:1 Mem:61.52M (Peak 61.52M) | Time:00:00.02 | Mem:0.00M, Peak:0.00M | Scene, ViewLayer | Synchronizing object | GEO-armor-block-e120acd13dae3b493668--FINISH--lower-impact-.002
Fra:1 Mem:61.53M (Peak 61.53M) | Time:00:00.02 | Mem:0.00M, Peak:0.00M | Scene, ViewLayer | Synchronizing object | GEO-armor-block-98477a5dd3e88b931589--FINISH--cyan-flush-status
Fra:1 Mem:61.53M (Peak 61.53M) | Time:00:00.02 | Mem:0.00M, Peak:0.00M | Scene, ViewLayer | Synchronizing object | GEO-armor-block-e120acd13dae3b493668--FINISH--vent-dark-wel
Fra:1 Mem:61.54M (Peak 61.54M) | Time:00:00.02 | Mem:0.00M, Peak:0.00M | Scene, ViewLayer | Synchronizing object | GEO-armor-block-e120acd13dae3b493668--BACKING--closed-solid
Fra:1 Mem:61.54M (Peak 61.54M) | Time:00:00.02 | Mem:0.00M, Peak:0.00M | Scene, ViewLayer | Synchronizing object | GEO-armor-block-98477a5dd3e88b931589--BACKING--closed-solid-bod
Fra:1 Mem:61.55M (Peak 61.55M) | Time:00:00.02 | Mem:0.00M, Peak:0.00M | Scene, ViewLayer | Synchronizing object | GEO-armor-block-e120acd13dae3b493668--FINISH--deep-vent-lou.002
Fra:1 Mem:61.54M (Peak 61.55M) | Time:00:00.02 | Mem:0.00M, Peak:0.00M | Scene, ViewLayer | Synchronizing object | GEO-armor-block-e120acd13dae3b493668--FINISH--pale-wrapped-.001
Fra:1 Mem:61.56M (Peak 61.56M) | Time:00:00.02 | Mem:0.00M, Peak:0.00M | Scene, ViewLayer | Synchronizing object | GEO-armor-block-98477a5dd3e88b931589--BACKING--closed-outgoing-
Fra:1 Mem:61.56M (Peak 61.56M) | Time:00:00.02 | Mem:0.00M, Peak:0.00M | Scene, ViewLayer | Synchronizing object | GEO-armor-block-e120acd13dae3b493668--FINISH--lower-impact-.003
Fra:1 Mem:61.54M (Peak 61.56M) | Time:00:00.02 | Mem:0.00M, Peak:0.00M | Scene, ViewLayer | Synchronizing object | GEO-armor-block-e120acd13dae3b493668--FINISH--lower-impact-.004
Fra:1 Mem:61.56M (Peak 61.56M) | Time:00:00.02 | Mem:0.00M, Peak:0.00M | Scene, ViewLayer | Synchronizing object | GEO-armor-block-e120acd13dae3b493668--FINISH--upper-stepped
Fra:1 Mem:61.58M (Peak 61.58M) | Time:00:00.02 | Mem:0.00M, Peak:0.00M | Scene, ViewLayer | Synchronizing object | GEO-armor-block-e120acd13dae3b493668--BACKING--closed-outgo
Fra:1 Mem:61.57M (Peak 61.58M) | Time:00:00.02 | Mem:0.00M, Peak:0.00M | Scene, ViewLayer | Synchronizing object | GEO-armor-block-e120acd13dae3b493668--BACKING--closed-incom
Fra:1 Mem:61.58M (Peak 61.58M) | Time:00:00.02 | Mem:0.00M, Peak:0.00M | Scene, ViewLayer | Synchronizing object | GEO-armor-block-98477a5dd3e88b931589--BACKING--closed-incoming-
Fra:1 Mem:61.57M (Peak 61.58M) | Time:00:00.02 | Mem:0.00M, Peak:0.00M | Scene, ViewLayer | Synchronizing object | GEO-armor-block-70b34597548b284a0a7f--FINISH--junction-wrap
Fra:1 Mem:61.60M (Peak 61.60M) | Time:00:00.02 | Mem:0.00M, Peak:0.00M | Scene, ViewLayer | Synchronizing object | GEO-armor-block-fabbd7b0578ea00b5791--FINISH--junction-wrapped-
Fra:1 Mem:61.59M (Peak 61.60M) | Time:00:00.02 | Mem:0.00M, Peak:0.00M | Scene, ViewLayer | Synchronizing object | GEO-armor-block-fabbd7b0578ea00b5791--FINISH--junction-upper-na
Fra:1 Mem:61.60M (Peak 61.60M) | Time:00:00.02 | Mem:0.00M, Peak:0.00M | Scene, ViewLayer | Synchronizing object | GEO-armor-block-70b34597548b284a0a7f--BACKING--closed-junct
Fra:1 Mem:61.62M (Peak 61.62M) | Time:00:00.02 | Mem:0.00M, Peak:0.00M | Scene, ViewLayer | Synchronizing object | GEO-armor-block-fabbd7b0578ea00b5791--FINISH--junction-lower-na
Fra:1 Mem:61.63M (Peak 61.63M) | Time:00:00.02 | Mem:0.00M, Peak:0.00M | Scene, ViewLayer | Synchronizing object | GEO-armor-block-b235419d9a165659f2e8--BACKING--closed-outgo
Fra:1 Mem:61.63M (Peak 61.63M) | Time:00:00.02 | Mem:0.00M, Peak:0.00M | Scene, ViewLayer | Synchronizing object | GEO-armor-block-b235419d9a165659f2e8--FINISH--interchangeab
Fra:1 Mem:61.62M (Peak 61.63M) | Time:00:00.02 | Mem:0.00M, Peak:0.00M | Scene, ViewLayer | Synchronizing object | GEO-armor-block-fabbd7b0578ea00b5791--FINISH--height-transition
Fra:1 Mem:61.63M (Peak 61.63M) | Time:00:00.02 | Mem:0.00M, Peak:0.00M | Scene, ViewLayer | Synchronizing object | GEO-armor-block-b235419d9a165659f2e8--FINISH--pale-wrapped-.001
Fra:1 Mem:61.65M (Peak 61.65M) | Time:00:00.02 | Mem:0.00M, Peak:0.00M | Scene, ViewLayer | Synchronizing object | GEO-armor-block-fabbd7b0578ea00b5791--BACKING--closed-junction-
Fra:1 Mem:61.66M (Peak 61.66M) | Time:00:00.02 | Mem:0.00M, Peak:0.00M | Scene, ViewLayer | Synchronizing object | GEO-armor-block-b235419d9a165659f2e8--FINISH--pale-wrapped-.002
Fra:1 Mem:61.66M (Peak 61.66M) | Time:00:00.02 | Mem:0.00M, Peak:0.00M | Scene, ViewLayer | Synchronizing object | GEO-armor-block-b235419d9a165659f2e8--BACKING--closed-solid
Fra:1 Mem:61.65M (Peak 61.66M) | Time:00:00.02 | Mem:0.00M, Peak:0.00M | Scene, ViewLayer | Synchronizing object | GEO-armor-block-fabbd7b0578ea00b5791--BACKING--closed-height-tr
Fra:1 Mem:61.65M (Peak 61.66M) | Time:00:00.02 | Mem:0.00M, Peak:0.00M | Scene, ViewLayer | Synchronizing object | GEO-armor-block-b235419d9a165659f2e8--FINISH--lower-impact-
Fra:1 Mem:61.66M (Peak 61.66M) | Time:00:00.02 | Mem:0.00M, Peak:0.00M | Scene, ViewLayer | Synchronizing object | GEO-armor-block-b235419d9a165659f2e8--FINISH--recess-shadow
Fra:1 Mem:61.67M (Peak 61.67M) | Time:00:00.02 | Mem:0.00M, Peak:0.00M | Scene, ViewLayer | Synchronizing object | GEO-armor-block-649dcbda86c17c7952c9--FINISH--pale-wrapped-.002
Fra:1 Mem:61.67M (Peak 61.67M) | Time:00:00.02 | Mem:0.00M, Peak:0.00M | Scene, ViewLayer | Synchronizing object | GEO-armor-block-b235419d9a165659f2e8--BACKING--closed-incom
Fra:1 Mem:61.68M (Peak 61.68M) | Time:00:00.02 | Mem:0.00M, Peak:0.00M | Scene, ViewLayer | Synchronizing object | GEO-armor-block-b235419d9a165659f2e8--FINISH--upper-stepped
Fra:1 Mem:61.69M (Peak 61.69M) | Time:00:00.02 | Mem:0.00M, Peak:0.00M | Scene, ViewLayer | Synchronizing object | GEO-armor-block-2b558e7ac8eb4184c2af--BACKING--closed-outgo
Fra:1 Mem:61.69M (Peak 61.69M) | Time:00:00.02 | Mem:0.00M, Peak:0.00M | Scene, ViewLayer | Synchronizing object | GEO-armor-block-649dcbda86c17c7952c9--FINISH--upper-stepped
Fra:1 Mem:61.70M (Peak 61.70M) | Time:00:00.02 | Mem:0.00M, Peak:0.00M | Scene, ViewLayer | Synchronizing object | GEO-armor-block-2b558e7ac8eb4184c2af--FINISH--pale-wrapped-.001
Fra:1 Mem:61.70M (Peak 61.70M) | Time:00:00.02 | Mem:0.00M, Peak:0.00M | Scene, ViewLayer | Synchronizing object | GEO-armor-block-2b558e7ac8eb4184c2af--BACKING--closed-incom
Fra:1 Mem:61.70M (Peak 61.70M) | Time:00:00.02 | Mem:0.00M, Peak:0.00M | Scene, ViewLayer | Synchronizing object | GEO-armor-block-649dcbda86c17c7952c9--FINISH--deep-vent-lou.015
Fra:1 Mem:61.71M (Peak 61.71M) | Time:00:00.02 | Mem:0.00M, Peak:0.00M | Scene, ViewLayer | Synchronizing object | GEO-armor-block-2b558e7ac8eb4184c2af--FINISH--interchangeab
Fra:1 Mem:61.71M (Peak 61.71M) | Time:00:00.02 | Mem:0.00M, Peak:0.00M | Scene, ViewLayer | Synchronizing object | GEO-armor-block-2b558e7ac8eb4184c2af--FINISH--pale-wrapped-.002
Fra:1 Mem:61.73M (Peak 61.73M) | Time:00:00.02 | Mem:0.00M, Peak:0.00M | Scene, ViewLayer | Synchronizing object | GEO-armor-block-2b558e7ac8eb4184c2af--FINISH--recess-shadow
Fra:1 Mem:61.73M (Peak 61.73M) | Time:00:00.02 | Mem:0.00M, Peak:0.00M | Scene, ViewLayer | Synchronizing object | GEO-armor-block-649dcbda86c17c7952c9--FINISH--lower-impact-.004
Fra:1 Mem:61.74M (Peak 61.74M) | Time:00:00.02 | Mem:0.00M, Peak:0.00M | Scene, ViewLayer | Synchronizing object | GEO-armor-block-2b558e7ac8eb4184c2af--BACKING--closed-solid
Fra:1 Mem:61.74M (Peak 61.74M) | Time:00:00.02 | Mem:0.00M, Peak:0.00M | Scene, ViewLayer | Synchronizing object | GEO-armor-block-2b558e7ac8eb4184c2af--FINISH--upper-stepped
Fra:1 Mem:61.74M (Peak 61.74M) | Time:00:00.02 | Mem:0.00M, Peak:0.00M | Scene, ViewLayer | Synchronizing object | GEO-armor-block-649dcbda86c17c7952c9--FINISH--lower-impact-.003
Fra:1 Mem:61.76M (Peak 61.76M) | Time:00:00.02 | Mem:0.00M, Peak:0.00M | Scene, ViewLayer | Synchronizing object | GEO-armor-block-2b558e7ac8eb4184c2af--FINISH--lower-impact-
Fra:1 Mem:61.77M (Peak 61.77M) | Time:00:00.02 | Mem:0.00M, Peak:0.00M | Scene, ViewLayer | Synchronizing object | GEO-armor-block-649dcbda86c17c7952c9--BACKING--closed-incom
Fra:1 Mem:61.76M (Peak 61.77M) | Time:00:00.02 | Mem:0.00M, Peak:0.00M | Scene, ViewLayer | Synchronizing object | GEO-armor-block-649dcbda86c17c7952c9--BACKING--closed-solid
Fra:1 Mem:61.77M (Peak 61.77M) | Time:00:00.02 | Mem:0.00M, Peak:0.00M | Scene, ViewLayer | Synchronizing object | GEO-armor-block-649dcbda86c17c7952c9--BACKING--closed-outgo
Fra:1 Mem:61.76M (Peak 61.77M) | Time:00:00.02 | Mem:0.00M, Peak:0.00M | Scene, ViewLayer | Synchronizing object | GEO-armor-block-649dcbda86c17c7952c9--FINISH--deep-vent-lou.008
Fra:1 Mem:61.77M (Peak 61.77M) | Time:00:00.02 | Mem:0.00M, Peak:0.00M | Scene, ViewLayer | Synchronizing object | GEO-armor-block-649dcbda86c17c7952c9--FINISH--deep-vent-lou.013
Fra:1 Mem:61.78M (Peak 61.78M) | Time:00:00.02 | Mem:0.00M, Peak:0.00M | Scene, ViewLayer | Synchronizing object | GEO-armor-block-649dcbda86c17c7952c9--FINISH--lower-impact-.002
Fra:1 Mem:61.77M (Peak 61.78M) | Time:00:00.02 | Mem:0.00M, Peak:0.00M | Scene, ViewLayer | Synchronizing object | GEO-armor-block-649dcbda86c17c7952c9--FINISH--deep-vent-lou.009
Fra:1 Mem:61.78M (Peak 61.78M) | Time:00:00.02 | Mem:0.00M, Peak:0.00M | Scene, ViewLayer | Synchronizing object | GEO-armor-block-649dcbda86c17c7952c9--FINISH--pale-wrapped-.001
Fra:1 Mem:61.79M (Peak 61.79M) | Time:00:00.02 | Mem:0.00M, Peak:0.00M | Scene, ViewLayer | Synchronizing object | GEO-armor-block-649dcbda86c17c7952c9--FINISH--recess-shadow
Fra:1 Mem:61.78M (Peak 61.79M) | Time:00:00.02 | Mem:0.00M, Peak:0.00M | Scene, ViewLayer | Synchronizing object | GEO-armor-block-649dcbda86c17c7952c9--FINISH--deep-vent-lou.012
Fra:1 Mem:61.80M (Peak 61.80M) | Time:00:00.02 | Mem:0.00M, Peak:0.00M | Scene, ViewLayer | Synchronizing object | GEO-armor-block-649dcbda86c17c7952c9--FINISH--deep-vent-lou.010
Fra:1 Mem:61.80M (Peak 61.80M) | Time:00:00.02 | Mem:0.00M, Peak:0.00M | Scene, ViewLayer | Synchronizing object | GEO-armor-block-649dcbda86c17c7952c9--FINISH--vent-dark-wel
Fra:1 Mem:61.80M (Peak 61.80M) | Time:00:00.02 | Mem:0.00M, Peak:0.00M | Scene, ViewLayer | Synchronizing object | GEO-armor-block-649dcbda86c17c7952c9--FINISH--deep-vent-lou.011
Fra:1 Mem:61.80M (Peak 61.80M) | Time:00:00.02 | Mem:0.00M, Peak:0.00M | Scene, ViewLayer | Synchronizing object | GEO-armor-block-649dcbda86c17c7952c9--FINISH--interchangeab
Fra:1 Mem:61.81M (Peak 61.81M) | Time:00:00.02 | Mem:0.00M, Peak:0.00M | Scene, ViewLayer | Initializing
Fra:1 Mem:60.02M (Peak 61.81M) | Time:00:00.02 | Mem:0.00M, Peak:0.00M | Scene, ViewLayer | Updating Images | Loading armor-basecolor
Fra:1 Mem:60.02M (Peak 61.81M) | Time:00:00.02 | Mem:0.00M, Peak:0.00M | Scene, ViewLayer | Updating Images | Loading armor-normal
Fra:1 Mem:84.04M (Peak 92.04M) | Time:00:00.03 | Mem:4.00M, Peak:4.00M | Scene, ViewLayer | Updating Images | Loading armor-basecolor.003
Fra:1 Mem:88.04M (Peak 96.05M) | Time:00:00.03 | Mem:8.00M, Peak:8.00M | Scene, ViewLayer | Updating Images | Loading armor-roughness.003
Fra:1 Mem:84.04M (Peak 96.05M) | Time:00:00.04 | Mem:12.00M, Peak:12.00M | Scene, ViewLayer | Updating Images | Loading armor-roughness.014
Fra:1 Mem:88.03M (Peak 96.05M) | Time:00:00.04 | Mem:16.00M, Peak:16.00M | Scene, ViewLayer | Updating Images | Loading armor-normal.003
Fra:1 Mem:92.03M (Peak 100.04M) | Time:00:00.05 | Mem:20.00M, Peak:20.00M | Scene, ViewLayer | Updating Images | Loading armor-basecolor.004
Fra:1 Mem:96.03M (Peak 104.04M) | Time:00:00.05 | Mem:24.00M, Peak:24.00M | Scene, ViewLayer | Updating Images | Loading armor-basecolor.014
Fra:1 Mem:100.03M (Peak 108.04M) | Time:00:00.05 | Mem:28.00M, Peak:28.00M | Scene, ViewLayer | Updating Images | Loading armor-roughness.004
Fra:1 Mem:104.03M (Peak 112.04M) | Time:00:00.06 | Mem:32.00M, Peak:32.00M | Scene, ViewLayer | Updating Images | Loading armor-normal.004
Fra:1 Mem:124.05M (Peak 132.06M) | Time:00:00.06 | Mem:36.00M, Peak:36.00M | Scene, ViewLayer | Updating Images | Loading armor-basecolor.005
Fra:1 Mem:120.04M (Peak 132.06M) | Time:00:00.06 | Mem:40.00M, Peak:40.00M | Scene, ViewLayer | Updating Images | Loading armor-normal.013
Fra:1 Mem:116.03M (Peak 132.06M) | Time:00:00.06 | Mem:44.00M, Peak:44.00M | Scene, ViewLayer | Updating Images | Loading armor-roughness.005
Fra:1 Mem:128.04M (Peak 136.05M) | Time:00:00.10 | Mem:48.00M, Peak:48.00M | Scene, ViewLayer | Updating Images | Loading armor-normal.005
Fra:1 Mem:140.05M (Peak 148.06M) | Time:00:00.10 | Mem:52.00M, Peak:52.00M | Scene, ViewLayer | Updating Images | Loading armor-basecolor.001
Fra:1 Mem:136.04M (Peak 148.06M) | Time:00:00.11 | Mem:56.00M, Peak:56.00M | Scene, ViewLayer | Updating Images | Loading armor-roughness.001
Fra:1 Mem:132.03M (Peak 148.06M) | Time:00:00.11 | Mem:60.00M, Peak:60.00M | Scene, ViewLayer | Updating Images | Loading armor-normal.001
Fra:1 Mem:136.03M (Peak 148.06M) | Time:00:00.11 | Mem:64.00M, Peak:64.00M | Scene, ViewLayer | Updating Images | Loading armor-roughness.013
Fra:1 Mem:164.06M (Peak 172.07M) | Time:00:00.15 | Mem:68.00M, Peak:68.00M | Scene, ViewLayer | Updating Images | Loading armor-basecolor.002
Fra:1 Mem:160.05M (Peak 172.07M) | Time:00:00.15 | Mem:72.00M, Peak:72.00M | Scene, ViewLayer | Updating Images | Loading armor-basecolor.013
Fra:1 Mem:156.04M (Peak 172.07M) | Time:00:00.15 | Mem:76.00M, Peak:76.00M | Scene, ViewLayer | Updating Images | Loading armor-roughness.002
Fra:1 Mem:148.03M (Peak 172.07M) | Time:00:00.15 | Mem:80.00M, Peak:80.00M | Scene, ViewLayer | Updating Images | Loading armor-normal.002
Fra:1 Mem:156.03M (Peak 172.07M) | Time:00:00.16 | Mem:84.00M, Peak:84.00M | Scene, ViewLayer | Updating Images | Loading armor-basecolor.010
Fra:1 Mem:176.05M (Peak 184.06M) | Time:00:00.17 | Mem:88.00M, Peak:88.00M | Scene, ViewLayer | Updating Images | Loading armor-normal.012
Fra:1 Mem:176.05M (Peak 184.06M) | Time:00:00.17 | Mem:92.00M, Peak:92.00M | Scene, ViewLayer | Updating Images | Loading armor-roughness.010
Fra:1 Mem:176.04M (Peak 184.06M) | Time:00:00.17 | Mem:96.00M, Peak:96.00M | Scene, ViewLayer | Updating Images | Loading armor-normal.010
Fra:1 Mem:172.03M (Peak 184.06M) | Time:00:00.18 | Mem:100.00M, Peak:100.00M | Scene, ViewLayer | Updating Images | Loading armor-basecolor.011
Fra:1 Mem:176.03M (Peak 184.06M) | Time:00:00.18 | Mem:104.00M, Peak:104.00M | Scene, ViewLayer | Updating Images | Loading armor-roughness.012
Fra:1 Mem:180.03M (Peak 188.04M) | Time:00:00.19 | Mem:108.00M, Peak:108.00M | Scene, ViewLayer | Updating Images | Loading armor-roughness.011
Fra:1 Mem:192.04M (Peak 200.05M) | Time:00:00.20 | Mem:112.00M, Peak:112.00M | Scene, ViewLayer | Updating Images | Loading armor-normal.011
Fra:1 Mem:196.04M (Peak 204.05M) | Time:00:00.20 | Mem:116.00M, Peak:116.00M | Scene, ViewLayer | Updating Images | Loading armor-basecolor.012
Fra:1 Mem:192.03M (Peak 204.05M) | Time:00:00.20 | Mem:120.00M, Peak:120.00M | Scene, ViewLayer | Updating Images | Loading armor-basecolor.008
Fra:1 Mem:196.03M (Peak 204.05M) | Time:00:00.20 | Mem:124.00M, Peak:124.00M | Scene, ViewLayer | Updating Images | Loading armor-roughness.008
Fra:1 Mem:200.03M (Peak 208.04M) | Time:00:00.21 | Mem:128.00M, Peak:128.00M | Scene, ViewLayer | Updating Images | Loading armor-normal.008
Fra:1 Mem:228.06M (Peak 236.07M) | Time:00:00.23 | Mem:132.00M, Peak:132.00M | Scene, ViewLayer | Updating Images | Loading armor-basecolor.007
Fra:1 Mem:220.05M (Peak 236.07M) | Time:00:00.23 | Mem:136.00M, Peak:136.00M | Scene, ViewLayer | Updating Images | Loading armor-roughness.007
Fra:1 Mem:220.04M (Peak 236.07M) | Time:00:00.23 | Mem:140.00M, Peak:140.00M | Scene, ViewLayer | Updating Images | Loading armor-normal.007
Fra:1 Mem:216.03M (Peak 236.07M) | Time:00:00.23 | Mem:144.00M, Peak:144.00M | Scene, ViewLayer | Updating Images | Loading armor-normal.009
Fra:1 Mem:236.05M (Peak 244.06M) | Time:00:00.24 | Mem:148.00M, Peak:148.00M | Scene, ViewLayer | Updating Images | Loading armor-basecolor.006
Fra:1 Mem:240.05M (Peak 248.06M) | Time:00:00.25 | Mem:152.00M, Peak:152.00M | Scene, ViewLayer | Updating Images | Loading armor-roughness.009
Fra:1 Mem:236.04M (Peak 248.06M) | Time:00:00.25 | Mem:156.00M, Peak:156.00M | Scene, ViewLayer | Updating Images | Loading armor-roughness.006
Fra:1 Mem:240.04M (Peak 248.06M) | Time:00:00.26 | Mem:160.00M, Peak:160.00M | Scene, ViewLayer | Updating Images | Loading armor-normal.006
Fra:1 Mem:252.05M (Peak 260.06M) | Time:00:00.26 | Mem:164.00M, Peak:164.00M | Scene, ViewLayer | Updating Images | Loading armor-basecolor.009
Fra:1 Mem:226.68M (Peak 260.06M) | Time:00:00.31 | Mem:180.00M, Peak:180.00M | Scene, ViewLayer | Waiting for render to start
Fra:1 Mem:226.68M (Peak 260.06M) | Time:00:00.31 | Mem:180.00M, Peak:180.00M | Scene, ViewLayer | Loading render kernels (may take a few minutes the first time)
Fra:1 Mem:226.68M (Peak 260.06M) | Time:00:00.31 | Mem:180.00M, Peak:180.00M | Scene, ViewLayer | Updating Scene
Fra:1 Mem:226.68M (Peak 260.06M) | Time:00:00.31 | Mem:180.00M, Peak:180.00M | Scene, ViewLayer | Updating Shaders
Fra:1 Mem:226.78M (Peak 260.06M) | Time:00:00.31 | Mem:180.02M, Peak:180.02M | Scene, ViewLayer | Updating Procedurals
Fra:1 Mem:226.78M (Peak 260.06M) | Time:00:00.31 | Mem:180.02M, Peak:180.02M | Scene, ViewLayer | Updating Background
Fra:1 Mem:226.78M (Peak 260.06M) | Time:00:00.31 | Mem:180.02M, Peak:180.02M | Scene, ViewLayer | Updating Camera
Fra:1 Mem:226.78M (Peak 260.06M) | Time:00:00.31 | Mem:180.02M, Peak:180.02M | Scene, ViewLayer | Updating Meshes Flags
Fra:1 Mem:226.78M (Peak 260.06M) | Time:00:00.31 | Mem:180.02M, Peak:180.02M | Scene, ViewLayer | Updating Objects
Fra:1 Mem:226.78M (Peak 260.06M) | Time:00:00.31 | Mem:180.02M, Peak:180.02M | Scene, ViewLayer | Updating Objects | Copying Transformations to device
Fra:1 Mem:226.89M (Peak 260.06M) | Time:00:00.31 | Mem:180.12M, Peak:180.12M | Scene, ViewLayer | Updating Objects | Applying Static Transformations
Fra:1 Mem:226.89M (Peak 260.06M) | Time:00:00.31 | Mem:180.12M, Peak:180.12M | Scene, ViewLayer | Updating Particle Systems
Fra:1 Mem:226.89M (Peak 260.06M) | Time:00:00.31 | Mem:180.12M, Peak:180.12M | Scene, ViewLayer | Updating Particle Systems | Copying Particles to device
Fra:1 Mem:226.89M (Peak 260.06M) | Time:00:00.31 | Mem:180.12M, Peak:180.12M | Scene, ViewLayer | Updating Meshes
Fra:1 Mem:226.93M (Peak 260.06M) | Time:00:00.31 | Mem:180.12M, Peak:180.12M | Scene, ViewLayer | Updating Mesh | Computing attributes
Fra:1 Mem:227.34M (Peak 260.06M) | Time:00:00.31 | Mem:180.15M, Peak:180.15M | Scene, ViewLayer | Updating Mesh | Copying Attributes to device
Fra:1 Mem:227.27M (Peak 260.06M) | Time:00:00.31 | Mem:180.45M, Peak:180.45M | Scene, ViewLayer | Updating Geometry BVH MESH-armor-block-a6743a347ee2fcdd1ce9-closed-solid-body 1/125 | Building BVH
Fra:1 Mem:227.27M (Peak 260.06M) | Time:00:00.31 | Mem:180.45M, Peak:180.45M | Scene, ViewLayer | Updating Geometry BVH MESH-armor-block-a6743a347ee2fcdd1ce9-interchangeable-plain-fac 2/125 | Building BVH
Fra:1 Mem:227.27M (Peak 260.06M) | Time:00:00.31 | Mem:180.45M, Peak:180.45M | Scene, ViewLayer | Updating Geometry BVH MESH-armor-block-649dcbda86c17c7952c9-deep-vent-louver-6 125/125 | Building BVH
Fra:1 Mem:227.27M (Peak 260.06M) | Time:00:00.31 | Mem:180.46M, Peak:180.46M | Scene, ViewLayer | Updating Geometry BVH MESH-armor-block-649dcbda86c17c7952c9-pale-wrapped-connector-ou 124/125 | Building BVH
Fra:1 Mem:227.27M (Peak 260.06M) | Time:00:00.31 | Mem:180.46M, Peak:180.46M | Scene, ViewLayer | Updating Geometry BVH MESH-armor-block-a6743a347ee2fcdd1ce9-upper-stepped-shoulder 4/125 | Building BVH
Fra:1 Mem:227.27M (Peak 260.06M) | Time:00:00.31 | Mem:180.47M, Peak:180.47M | Scene, ViewLayer | Updating Geometry BVH MESH-armor-block-a6743a347ee2fcdd1ce9-pale-wrapped-connector-ou 5/125 | Building BVH
Fra:1 Mem:227.27M (Peak 260.06M) | Time:00:00.31 | Mem:180.47M, Peak:180.47M | Scene, ViewLayer | Updating Geometry BVH MESH-armor-block-a6743a347ee2fcdd1ce9-cyan-flush-status-lens 6/125 | Building BVH
Fra:1 Mem:227.27M (Peak 260.06M) | Time:00:00.31 | Mem:180.47M, Peak:180.47M | Scene, ViewLayer | Updating Geometry BVH MESH-armor-block-649dcbda86c17c7952c9-deep-vent-louver-0 122/125 | Building BVH
Fra:1 Mem:227.27M (Peak 260.06M) | Time:00:00.31 | Mem:180.47M, Peak:180.48M | Scene, ViewLayer | Updating Geometry BVH MESH-armor-block-a6743a347ee2fcdd1ce9-closed-outgoing-wrapped-b 8/125 | Building BVH
Fra:1 Mem:227.27M (Peak 260.06M) | Time:00:00.31 | Mem:180.47M, Peak:180.48M | Scene, ViewLayer | Updating Geometry BVH MESH-armor-block-a6743a347ee2fcdd1ce9-lower-impact-rail-right 9/125 | Building BVH
Fra:1 Mem:227.27M (Peak 260.06M) | Time:00:00.31 | Mem:180.48M, Peak:180.48M | Scene, ViewLayer | Updating Geometry BVH MESH-armor-block-a6743a347ee2fcdd1ce9-pale-wrapped-connector-in 10/125 | Building BVH
Fra:1 Mem:227.27M (Peak 260.06M) | Time:00:00.31 | Mem:180.48M, Peak:180.48M | Scene, ViewLayer | Updating Geometry BVH MESH-armor-block-a6743a347ee2fcdd1ce9-lower-impact-rail-left 11/125 | Building BVH
Fra:1 Mem:227.27M (Peak 260.06M) | Time:00:00.31 | Mem:180.48M, Peak:180.48M | Scene, ViewLayer | Updating Geometry BVH MESH-armor-block-649dcbda86c17c7952c9-deep-vent-louver-2 121/125 | Building BVH
Fra:1 Mem:227.27M (Peak 260.06M) | Time:00:00.31 | Mem:180.48M, Peak:180.48M | Scene, ViewLayer | Updating Geometry BVH MESH-armor-block-a6743a347ee2fcdd1ce9-recess-shadow-seat 12/125 | Building BVH
Fra:1 Mem:227.27M (Peak 260.06M) | Time:00:00.31 | Mem:180.48M, Peak:180.48M | Scene, ViewLayer | Updating Geometry BVH MESH-armor-block-926961217b49c21a526b-pale-wrapped-connector-ou 13/125 | Building BVH
Fra:1 Mem:227.27M (Peak 260.06M) | Time:00:00.31 | Mem:180.48M, Peak:180.48M | Scene, ViewLayer | Updating Geometry BVH MESH-armor-block-926961217b49c21a526b-lower-impact-rail-right 14/125 | Building BVH
Fra:1 Mem:227.27M (Peak 260.06M) | Time:00:00.31 | Mem:180.48M, Peak:180.48M | Scene, ViewLayer | Updating Geometry BVH MESH-armor-block-649dcbda86c17c7952c9-lower-impact-rail-left 120/125 | Building BVH
Fra:1 Mem:227.27M (Peak 260.06M) | Time:00:00.31 | Mem:180.48M, Peak:180.48M | Scene, ViewLayer | Updating Geometry BVH MESH-armor-block-926961217b49c21a526b-recess-shadow-seat 15/125 | Building BVH
Fra:1 Mem:227.27M (Peak 260.06M) | Time:00:00.31 | Mem:180.48M, Peak:180.49M | Scene, ViewLayer | Updating Geometry BVH MESH-armor-block-649dcbda86c17c7952c9-lower-impact-rail-cut-poc 119/125 | Building BVH
Fra:1 Mem:227.27M (Peak 260.06M) | Time:00:00.31 | Mem:180.49M, Peak:180.49M | Scene, ViewLayer | Updating Geometry BVH MESH-armor-block-926961217b49c21a526b-closed-solid-body 16/125 | Building BVH
Fra:1 Mem:227.27M (Peak 260.06M) | Time:00:00.31 | Mem:180.49M, Peak:180.49M | Scene, ViewLayer | Updating Geometry BVH MESH-armor-block-649dcbda86c17c7952c9-closed-solid-body 118/125 | Building BVH
Fra:1 Mem:227.27M (Peak 260.06M) | Time:00:00.31 | Mem:180.50M, Peak:180.50M | Scene, ViewLayer | Updating Geometry BVH MESH-armor-block-926961217b49c21a526b-interchangeable-red-servi 18/125 | Building BVH
Fra:1 Mem:227.27M (Peak 260.06M) | Time:00:00.31 | Mem:180.50M, Peak:180.50M | Scene, ViewLayer | Updating Geometry BVH MESH-armor-block-926961217b49c21a526b-pale-wrapped-connector-in 19/125 | Building BVH
Fra:1 Mem:227.27M (Peak 260.06M) | Time:00:00.31 | Mem:180.50M, Peak:180.50M | Scene, ViewLayer | Updating Geometry BVH MESH-armor-block-926961217b49c21a526b-lower-impact-rail-cut-poc 20/125 | Building BVH
Fra:1 Mem:227.27M (Peak 260.06M) | Time:00:00.31 | Mem:180.50M, Peak:180.50M | Scene, ViewLayer | Updating Geometry BVH MESH-armor-block-926961217b49c21a526b-closed-outgoing-wrapped-b 21/125 | Building BVH
Fra:1 Mem:227.27M (Peak 260.06M) | Time:00:00.31 | Mem:180.51M, Peak:180.51M | Scene, ViewLayer | Updating Geometry BVH MESH-armor-block-926961217b49c21a526b-upper-stepped-shoulder 22/125 | Building BVH
Fra:1 Mem:227.27M (Peak 260.06M) | Time:00:00.31 | Mem:180.51M, Peak:180.51M | Scene, ViewLayer | Updating Geometry BVH MESH-armor-block-649dcbda86c17c7952c9-deep-vent-louver-1 117/125 | Building BVH
Fra:1 Mem:227.27M (Peak 260.06M) | Time:00:00.31 | Mem:180.51M, Peak:180.51M | Scene, ViewLayer | Updating Geometry BVH MESH-armor-block-137adc2153a878094d60-cyan-flush-status-lens 25/125 | Building BVH
Fra:1 Mem:227.27M (Peak 260.06M) | Time:00:00.31 | Mem:180.52M, Peak:180.52M | Scene, ViewLayer | Updating Geometry BVH MESH-armor-block-649dcbda86c17c7952c9-pale-wrapped-connector-in 116/125 | Building BVH
Fra:1 Mem:227.27M (Peak 260.06M) | Time:00:00.31 | Mem:180.52M, Peak:180.52M | Scene, ViewLayer | Updating Geometry BVH MESH-armor-block-137adc2153a878094d60-lower-impact-rail-cut-poc 26/125 | Building BVH
Fra:1 Mem:227.27M (Peak 260.06M) | Time:00:00.31 | Mem:180.52M, Peak:180.52M | Scene, ViewLayer | Updating Geometry BVH MESH-armor-block-137adc2153a878094d60-utility-removable-box 27/125 | Building BVH
Fra:1 Mem:227.27M (Peak 260.06M) | Time:00:00.31 | Mem:180.52M, Peak:180.52M | Scene, ViewLayer | Updating Geometry BVH MESH-armor-block-137adc2153a878094d60-interchangeable-utility-f 28/125 | Building BVH
Fra:1 Mem:227.27M (Peak 260.06M) | Time:00:00.31 | Mem:180.53M, Peak:180.53M | Scene, ViewLayer | Updating Geometry BVH MESH-armor-block-649dcbda86c17c7952c9-vent-dark-well 114/125 | Building BVH
Fra:1 Mem:227.27M (Peak 260.06M) | Time:00:00.31 | Mem:180.53M, Peak:180.53M | Scene, ViewLayer | Updating Geometry BVH MESH-armor-block-137adc2153a878094d60-pale-wrapped-connector-in 29/125 | Building BVH
Fra:1 Mem:227.27M (Peak 260.06M) | Time:00:00.31 | Mem:180.53M, Peak:180.53M | Scene, ViewLayer | Updating Geometry BVH MESH-armor-block-137adc2153a878094d60-closed-solid-body 30/125 | Building BVH
Fra:1 Mem:227.27M (Peak 260.06M) | Time:00:00.31 | Mem:180.53M, Peak:180.53M | Scene, ViewLayer | Updating Geometry BVH MESH-armor-block-649dcbda86c17c7952c9-interchangeable-vent-face 113/125 | Building BVH
Fra:1 Mem:227.27M (Peak 260.06M) | Time:00:00.31 | Mem:180.54M, Peak:180.54M | Scene, ViewLayer | Updating Geometry BVH MESH-armor-block-137adc2153a878094d60-upper-stepped-shoulder 32/125 | Building BVH
Fra:1 Mem:227.27M (Peak 260.06M) | Time:00:00.31 | Mem:180.55M, Peak:180.55M | Scene, ViewLayer | Updating Geometry BVH MESH-armor-block-649dcbda86c17c7952c9-deep-vent-louver-3 112/125 | Building BVH
Fra:1 Mem:227.27M (Peak 260.06M) | Time:00:00.31 | Mem:180.55M, Peak:180.55M | Scene, ViewLayer | Updating Geometry BVH MESH-armor-block-137adc2153a878094d60-lower-impact-rail-right 33/125 | Building BVH
Fra:1 Mem:227.27M (Peak 260.06M) | Time:00:00.31 | Mem:180.55M, Peak:180.55M | Scene, ViewLayer | Updating Geometry BVH MESH-armor-block-649dcbda86c17c7952c9-deep-vent-louver-5 111/125 | Building BVH
Fra:1 Mem:227.27M (Peak 260.06M) | Time:00:00.31 | Mem:180.55M, Peak:180.55M | Scene, ViewLayer | Updating Geometry BVH MESH-armor-block-137adc2153a878094d60-pale-wrapped-connector-ou 34/125 | Building BVH
Fra:1 Mem:227.27M (Peak 260.06M) | Time:00:00.31 | Mem:180.55M, Peak:180.55M | Scene, ViewLayer | Updating Geometry BVH MESH-armor-block-649dcbda86c17c7952c9-cyan-flush-status-lens 110/125 | Building BVH
Fra:1 Mem:227.27M (Peak 260.06M) | Time:00:00.31 | Mem:180.55M, Peak:180.55M | Scene, ViewLayer | Updating Geometry BVH MESH-armor-block-649dcbda86c17c7952c9-recess-shadow-seat 109/125 | Building BVH
Fra:1 Mem:227.27M (Peak 260.06M) | Time:00:00.31 | Mem:180.55M, Peak:180.55M | Scene, ViewLayer | Updating Geometry BVH MESH-armor-block-137adc2153a878094d60-utility-status-lens 35/125 | Building BVH
Fra:1 Mem:227.27M (Peak 260.06M) | Time:00:00.31 | Mem:180.55M, Peak:180.55M | Scene, ViewLayer | Updating Geometry BVH MESH-armor-block-649dcbda86c17c7952c9-deep-vent-louver-8 108/125 | Building BVH
Fra:1 Mem:227.27M (Peak 260.06M) | Time:00:00.31 | Mem:180.55M, Peak:180.55M | Scene, ViewLayer | Updating Geometry BVH MESH-armor-block-137adc2153a878094d60-closed-outgoing-wrapped-b 36/125 | Building BVH
Fra:1 Mem:227.27M (Peak 260.06M) | Time:00:00.31 | Mem:180.56M, Peak:180.56M | Scene, ViewLayer | Updating Geometry BVH MESH-armor-block-137adc2153a878094d60-closed-incoming-wrapped-b 37/125 | Building BVH
Fra:1 Mem:227.27M (Peak 260.06M) | Time:00:00.31 | Mem:180.56M, Peak:180.56M | Scene, ViewLayer | Updating Geometry BVH MESH-armor-block-137adc2153a878094d60-recess-shadow-seat 38/125 | Building BVH
Fra:1 Mem:227.27M (Peak 260.06M) | Time:00:00.31 | Mem:180.56M, Peak:180.56M | Scene, ViewLayer | Updating Geometry BVH MESH-armor-block-e40f082abbcbe4f55a62-pale-wrapped-connector-in 39/125 | Building BVH
Fra:1 Mem:227.27M (Peak 260.06M) | Time:00:00.31 | Mem:180.56M, Peak:180.56M | Scene, ViewLayer | Updating Geometry BVH MESH-armor-block-e40f082abbcbe4f55a62-lower-impact-rail-right 40/125 | Building BVH
Fra:1 Mem:227.27M (Peak 260.06M) | Time:00:00.31 | Mem:180.56M, Peak:180.56M | Scene, ViewLayer | Updating Geometry BVH MESH-armor-block-649dcbda86c17c7952c9-lower-impact-rail-right 107/125 | Building BVH
Fra:1 Mem:227.27M (Peak 260.06M) | Time:00:00.31 | Mem:180.56M, Peak:180.56M | Scene, ViewLayer | Updating Geometry BVH MESH-armor-block-e40f082abbcbe4f55a62-closed-outgoing-wrapped-b 41/125 | Building BVH
Fra:1 Mem:227.27M (Peak 260.06M) | Time:00:00.31 | Mem:180.56M, Peak:180.56M | Scene, ViewLayer | Updating Geometry BVH MESH-armor-block-e40f082abbcbe4f55a62-upper-stepped-shoulder 42/125 | Building BVH
Fra:1 Mem:227.27M (Peak 260.06M) | Time:00:00.31 | Mem:180.56M, Peak:180.57M | Scene, ViewLayer | Updating Geometry BVH MESH-armor-block-649dcbda86c17c7952c9-deep-vent-louver-4 106/125 | Building BVH
Fra:1 Mem:227.27M (Peak 260.06M) | Time:00:00.31 | Mem:180.57M, Peak:180.57M | Scene, ViewLayer | Updating Geometry BVH MESH-armor-block-e40f082abbcbe4f55a62-cyan-flush-status-lens 43/125 | Building BVH
Fra:1 Mem:227.27M (Peak 260.06M) | Time:00:00.31 | Mem:180.57M, Peak:180.57M | Scene, ViewLayer | Updating Geometry BVH MESH-armor-block-649dcbda86c17c7952c9-closed-outgoing-wrapped-b 105/125 | Building BVH
Fra:1 Mem:227.27M (Peak 260.06M) | Time:00:00.31 | Mem:180.58M, Peak:180.58M | Scene, ViewLayer | Updating Geometry BVH MESH-armor-block-649dcbda86c17c7952c9-closed-incoming-wrapped-b 104/125 | Building BVH
Fra:1 Mem:227.27M (Peak 260.06M) | Time:00:00.31 | Mem:180.58M, Peak:180.58M | Scene, ViewLayer | Updating Geometry BVH MESH-armor-block-e40f082abbcbe4f55a62-closed-incoming-wrapped-b 45/125 | Building BVH
Fra:1 Mem:227.27M (Peak 260.06M) | Time:00:00.31 | Mem:180.58M, Peak:180.58M | Scene, ViewLayer | Updating Geometry BVH MESH-armor-block-e40f082abbcbe4f55a62-lower-impact-rail-cut-poc 47/125 | Building BVH
Fra:1 Mem:227.27M (Peak 260.06M) | Time:00:00.31 | Mem:180.58M, Peak:180.58M | Scene, ViewLayer | Updating Geometry BVH MESH-armor-block-2b558e7ac8eb4184c2af-lower-impact-rail 103/125 | Building BVH
Fra:1 Mem:227.27M (Peak 260.06M) | Time:00:00.31 | Mem:180.58M, Peak:180.58M | Scene, ViewLayer | Updating Geometry BVH MESH-armor-block-2b558e7ac8eb4184c2af-upper-stepped-shoulder 102/125 | Building BVH
Fra:1 Mem:227.27M (Peak 260.06M) | Time:00:00.31 | Mem:180.59M, Peak:180.59M | Scene, ViewLayer | Updating Geometry BVH MESH-armor-block-e40f082abbcbe4f55a62-closed-solid-body 48/125 | Building BVH
Fra:1 Mem:227.27M (Peak 260.06M) | Time:00:00.31 | Mem:180.59M, Peak:180.59M | Scene, ViewLayer | Updating Geometry BVH MESH-armor-block-e40f082abbcbe4f55a62-lower-impact-rail-left 49/125 | Building BVH
Fra:1 Mem:227.27M (Peak 260.06M) | Time:00:00.31 | Mem:180.59M, Peak:180.59M | Scene, ViewLayer | Updating Geometry BVH MESH-armor-block-e40f082abbcbe4f55a62-pale-wrapped-connector-ou 50/125 | Building BVH
Fra:1 Mem:227.27M (Peak 260.06M) | Time:00:00.31 | Mem:180.59M, Peak:180.59M | Scene, ViewLayer | Updating Geometry BVH MESH-armor-block-62ad930c45227d5287a0-interchangeable-plain-fac 51/125 | Building BVH
Fra:1 Mem:227.27M (Peak 260.06M) | Time:00:00.31 | Mem:180.59M, Peak:180.59M | Scene, ViewLayer | Updating Geometry BVH MESH-armor-block-2b558e7ac8eb4184c2af-closed-solid-body 101/125 | Building BVH
Fra:1 Mem:227.27M (Peak 260.06M) | Time:00:00.31 | Mem:180.59M, Peak:180.59M | Scene, ViewLayer | Updating Geometry BVH MESH-armor-block-2b558e7ac8eb4184c2af-recess-shadow-seat 100/125 | Building BVH
Fra:1 Mem:227.27M (Peak 260.06M) | Time:00:00.31 | Mem:180.60M, Peak:180.60M | Scene, ViewLayer | Updating Geometry BVH MESH-armor-block-62ad930c45227d5287a0-closed-incoming-wrapped-b 52/125 | Building BVH
Fra:1 Mem:227.27M (Peak 260.06M) | Time:00:00.31 | Mem:180.60M, Peak:180.60M | Scene, ViewLayer | Updating Geometry BVH MESH-armor-block-62ad930c45227d5287a0-pale-wrapped-connector-in 53/125 | Building BVH
Fra:1 Mem:227.27M (Peak 260.06M) | Time:00:00.31 | Mem:180.60M, Peak:180.60M | Scene, ViewLayer | Updating Geometry BVH MESH-armor-block-2b558e7ac8eb4184c2af-pale-wrapped-connector-ou 99/125 | Building BVH
Fra:1 Mem:227.27M (Peak 260.06M) | Time:00:00.31 | Mem:180.60M, Peak:180.60M | Scene, ViewLayer | Updating Geometry BVH MESH-armor-block-62ad930c45227d5287a0-lower-impact-rail-right 54/125 | Building BVH
Fra:1 Mem:227.27M (Peak 260.06M) | Time:00:00.31 | Mem:180.61M, Peak:180.61M | Scene, ViewLayer | Updating Geometry BVH MESH-armor-block-62ad930c45227d5287a0-upper-stepped-shoulder 56/125 | Building BVH
Fra:1 Mem:227.27M (Peak 260.06M) | Time:00:00.31 | Mem:180.61M, Peak:180.61M | Scene, ViewLayer | Updating Geometry BVH MESH-armor-block-62ad930c45227d5287a0-cyan-flush-status-lens 57/125 | Building BVH
Fra:1 Mem:227.27M (Peak 260.06M) | Time:00:00.31 | Mem:180.62M, Peak:180.62M | Scene, ViewLayer | Updating Geometry BVH MESH-armor-block-62ad930c45227d5287a0-pale-wrapped-connector-ou 58/125 | Building BVH
Fra:1 Mem:227.27M (Peak 260.06M) | Time:00:00.31 | Mem:180.62M, Peak:180.62M | Scene, ViewLayer | Updating Geometry BVH MESH-armor-block-62ad930c45227d5287a0-recess-shadow-seat 59/125 | Building BVH
Fra:1 Mem:227.27M (Peak 260.06M) | Time:00:00.31 | Mem:180.62M, Peak:180.62M | Scene, ViewLayer | Updating Geometry BVH MESH-armor-block-62ad930c45227d5287a0-lower-impact-rail-cut-poc 60/125 | Building BVH
Fra:1 Mem:227.27M (Peak 260.06M) | Time:00:00.31 | Mem:180.62M, Peak:180.62M | Scene, ViewLayer | Updating Geometry BVH MESH-armor-block-62ad930c45227d5287a0-closed-solid-body 61/125 | Building BVH
Fra:1 Mem:227.27M (Peak 260.06M) | Time:00:00.31 | Mem:180.62M, Peak:180.62M | Scene, ViewLayer | Updating Geometry BVH MESH-armor-block-62ad930c45227d5287a0-lower-impact-rail-left 62/125 | Building BVH
Fra:1 Mem:227.27M (Peak 260.06M) | Time:00:00.31 | Mem:180.63M, Peak:180.63M | Scene, ViewLayer | Updating Geometry BVH MESH-armor-block-e1affbf19f4b7fa30311-junction-upper-navy-shoul 63/125 | Building BVH
Fra:1 Mem:227.27M (Peak 260.06M) | Time:00:00.31 | Mem:180.63M, Peak:180.63M | Scene, ViewLayer | Updating Geometry BVH MESH-armor-block-e1affbf19f4b7fa30311-junction-lower-navy-shoe 64/125 | Building BVH
Fra:1 Mem:227.27M (Peak 260.06M) | Time:00:00.31 | Mem:180.64M, Peak:180.64M | Scene, ViewLayer | Updating Geometry BVH MESH-armor-block-e1affbf19f4b7fa30311-junction-wrapped-pale-con 65/125 | Building BVH
Fra:1 Mem:227.27M (Peak 260.06M) | Time:00:00.31 | Mem:180.64M, Peak:180.64M | Scene, ViewLayer | Updating Geometry BVH MESH-armor-block-e120acd13dae3b493668-cyan-flush-status-lens 67/125 | Building BVH
Fra:1 Mem:227.27M (Peak 260.06M) | Time:00:00.31 | Mem:180.64M, Peak:180.64M | Scene, ViewLayer | Updating Geometry BVH MESH-armor-block-e120acd13dae3b493668-interchangeable-vent-face 68/125 | Building BVH
Fra:1 Mem:227.27M (Peak 260.06M) | Time:00:00.31 | Mem:180.65M, Peak:180.65M | Scene, ViewLayer | Updating Geometry BVH MESH-armor-block-e120acd13dae3b493668-recess-shadow-seat 69/125 | Building BVH
Fra:1 Mem:227.27M (Peak 260.06M) | Time:00:00.31 | Mem:180.65M, Peak:180.65M | Scene, ViewLayer | Updating Geometry BVH MESH-armor-block-e120acd13dae3b493668-deep-vent-louver-1 70/125 | Building BVH
Fra:1 Mem:227.27M (Peak 260.06M) | Time:00:00.31 | Mem:180.65M, Peak:180.65M | Scene, ViewLayer | Updating Geometry BVH MESH-armor-block-2b558e7ac8eb4184c2af-closed-outgoing-wrapped-b 95/125 | Building BVH
Fra:1 Mem:227.27M (Peak 260.06M) | Time:00:00.31 | Mem:180.65M, Peak:180.65M | Scene, ViewLayer | Updating Geometry BVH MESH-armor-block-e120acd13dae3b493668-lower-impact-rail-left 71/125 | Building BVH
Fra:1 Mem:227.27M (Peak 260.06M) | Time:00:00.31 | Mem:180.66M, Peak:180.66M | Scene, ViewLayer | Updating Geometry BVH MESH-armor-block-e120acd13dae3b493668-closed-solid-body 73/125 | Building BVH
Fra:1 Mem:227.27M (Peak 260.06M) | Time:00:00.31 | Mem:180.66M, Peak:180.66M | Scene, ViewLayer | Updating Geometry BVH MESH-armor-block-b235419d9a165659f2e8-upper-stepped-shoulder 94/125 | Building BVH
Fra:1 Mem:227.27M (Peak 260.06M) | Time:00:00.31 | Mem:180.66M, Peak:180.66M | Scene, ViewLayer | Updating Geometry BVH MESH-armor-block-e120acd13dae3b493668-deep-vent-louver-0 74/125 | Building BVH
Fra:1 Mem:227.27M (Peak 260.06M) | Time:00:00.31 | Mem:180.66M, Peak:180.66M | Scene, ViewLayer | Updating Geometry BVH MESH-armor-block-b235419d9a165659f2e8-closed-incoming-wrapped-b 93/125 | Building BVH
Fra:1 Mem:227.27M (Peak 260.06M) | Time:00:00.31 | Mem:180.66M, Peak:180.66M | Scene, ViewLayer | Updating Geometry BVH MESH-armor-block-e120acd13dae3b493668-lower-impact-rail-cut-poc 76/125 | Building BVH
Fra:1 Mem:227.27M (Peak 260.06M) | Time:00:00.31 | Mem:180.67M, Peak:180.67M | Scene, ViewLayer | Updating Geometry BVH MESH-armor-block-b235419d9a165659f2e8-recess-shadow-seat 92/125 | Building BVH
Fra:1 Mem:227.27M (Peak 260.06M) | Time:00:00.31 | Mem:180.67M, Peak:180.68M | Scene, ViewLayer | Updating Geometry BVH MESH-armor-block-e120acd13dae3b493668-upper-stepped-shoulder 78/125 | Building BVH
Fra:1 Mem:227.27M (Peak 260.06M) | Time:00:00.31 | Mem:180.67M, Peak:180.68M | Scene, ViewLayer | Updating Geometry BVH MESH-armor-block-e120acd13dae3b493668-closed-outgoing-wrapped-b 79/125 | Building BVH
Fra:1 Mem:227.27M (Peak 260.06M) | Time:00:00.31 | Mem:180.68M, Peak:180.68M | Scene, ViewLayer | Updating Geometry BVH MESH-armor-block-b235419d9a165659f2e8-lower-impact-rail 91/125 | Building BVH
Fra:1 Mem:227.27M (Peak 260.06M) | Time:00:00.31 | Mem:180.68M, Peak:180.68M | Scene, ViewLayer | Updating Geometry BVH MESH-armor-block-e120acd13dae3b493668-pale-wrapped-connector-ou 81/125 | Building BVH
Fra:1 Mem:227.27M (Peak 260.06M) | Time:00:00.31 | Mem:180.68M, Peak:180.68M | Scene, ViewLayer | Updating Geometry BVH MESH-armor-block-70b34597548b284a0a7f-junction-lower-navy-shoe 82/125 | Building BVH
Fra:1 Mem:227.27M (Peak 260.06M) | Time:00:00.31 | Mem:180.68M, Peak:180.68M | Scene, ViewLayer | Updating Geometry BVH MESH-armor-block-70b34597548b284a0a7f-junction-wrapped-pale-con 83/125 | Building BVH
Fra:1 Mem:227.27M (Peak 260.06M) | Time:00:00.31 | Mem:180.69M, Peak:180.69M | Scene, ViewLayer | Updating Geometry BVH MESH-armor-block-70b34597548b284a0a7f-junction-upper-navy-shoul 84/125 | Building BVH
Fra:1 Mem:227.27M (Peak 260.06M) | Time:00:00.31 | Mem:180.69M, Peak:180.69M | Scene, ViewLayer | Updating Geometry BVH MESH-armor-block-70b34597548b284a0a7f-closed-junction-wedge 85/125 | Building BVH
Fra:1 Mem:227.27M (Peak 260.06M) | Time:00:00.31 | Mem:180.70M, Peak:180.70M | Scene, ViewLayer | Updating Geometry BVH MESH-armor-block-b235419d9a165659f2e8-closed-outgoing-wrapped-b 86/125 | Building BVH
Fra:1 Mem:227.27M (Peak 260.06M) | Time:00:00.31 | Mem:180.70M, Peak:180.70M | Scene, ViewLayer | Updating Geometry BVH MESH-armor-block-b235419d9a165659f2e8-pale-wrapped-connector-in 89/125 | Building BVH
Fra:1 Mem:227.27M (Peak 260.06M) | Time:00:00.31 | Mem:180.70M, Peak:180.70M | Scene, ViewLayer | Updating Geometry BVH MESH-armor-block-b235419d9a165659f2e8-pale-wrapped-connector-ou 88/125 | Building BVH
Fra:1 Mem:227.27M (Peak 260.06M) | Time:00:00.31 | Mem:180.71M, Peak:180.71M | Scene, ViewLayer | Updating Scene BVH | Building
Fra:1 Mem:227.27M (Peak 260.06M) | Time:00:00.31 | Mem:180.71M, Peak:180.71M | Scene, ViewLayer | Updating Scene BVH | Building BVH
Fra:1 Mem:227.27M (Peak 260.06M) | Time:00:00.31 | Mem:180.89M, Peak:180.92M | Scene, ViewLayer | Updating Scene BVH | Copying BVH to device
Fra:1 Mem:227.27M (Peak 260.06M) | Time:00:00.31 | Mem:180.89M, Peak:180.92M | Scene, ViewLayer | Updating Mesh | Computing normals
Fra:1 Mem:227.60M (Peak 260.06M) | Time:00:00.31 | Mem:180.89M, Peak:180.92M | Scene, ViewLayer | Updating Mesh | Copying Mesh to device
Fra:1 Mem:227.60M (Peak 260.06M) | Time:00:00.31 | Mem:181.22M, Peak:181.22M | Scene, ViewLayer | Updating Objects Flags
Fra:1 Mem:227.60M (Peak 260.06M) | Time:00:00.31 | Mem:181.22M, Peak:181.22M | Scene, ViewLayer | Updating Primitive Offsets
Fra:1 Mem:227.60M (Peak 260.06M) | Time:00:00.31 | Mem:181.22M, Peak:181.22M | Scene, ViewLayer | Updating Images
Fra:1 Mem:227.60M (Peak 260.06M) | Time:00:00.31 | Mem:181.22M, Peak:181.22M | Scene, ViewLayer | Updating Camera Volume
Fra:1 Mem:227.60M (Peak 260.06M) | Time:00:00.31 | Mem:181.22M, Peak:181.22M | Scene, ViewLayer | Updating Lookup Tables
Fra:1 Mem:227.60M (Peak 260.06M) | Time:00:00.31 | Mem:181.30M, Peak:181.30M | Scene, ViewLayer | Updating Lights
Fra:1 Mem:227.60M (Peak 260.06M) | Time:00:00.31 | Mem:181.30M, Peak:181.30M | Scene, ViewLayer | Updating Lights | Computing tree
Fra:1 Mem:227.62M (Peak 260.06M) | Time:00:00.31 | Mem:181.33M, Peak:181.33M | Scene, ViewLayer | Updating Integrator
Fra:1 Mem:227.62M (Peak 260.06M) | Time:00:00.31 | Mem:181.33M, Peak:181.33M | Scene, ViewLayer | Updating Film
Fra:1 Mem:227.62M (Peak 260.06M) | Time:00:00.31 | Mem:181.24M, Peak:181.33M | Scene, ViewLayer | Updating Lookup Tables
Fra:1 Mem:227.62M (Peak 260.06M) | Time:00:00.31 | Mem:181.33M, Peak:181.33M | Scene, ViewLayer | Updating Baking
Fra:1 Mem:227.62M (Peak 260.06M) | Time:00:00.31 | Mem:181.33M, Peak:181.33M | Scene, ViewLayer | Updating Device | Writing constant memory
Fra:1 Mem:227.63M (Peak 260.06M) | Time:00:00.31 | Mem:181.33M, Peak:181.33M | Scene, ViewLayer | Sample 0/64
Fra:1 Mem:264.73M (Peak 264.73M) | Time:00:00.51 | Remaining:00:12.83 | Mem:218.42M, Peak:218.42M | Scene, ViewLayer | Sample 1/64
Fra:1 Mem:281.21M (Peak 314.17M) | Time:00:11.62 | Mem:218.42M, Peak:218.42M | Scene, ViewLayer | Sample 64/64
Fra:1 Mem:281.21M (Peak 314.17M) | Time:00:11.62 | Mem:218.42M, Peak:218.42M | Scene, ViewLayer | Finished
Saved: '/root/sidereal_spacetime/assets/art-library/framed-wayfarer/r005/family-02/renders/wayfarer-bow.png'
Time: 00:11.78 (Saving: 00:00.15)

22:40:38 | INFO: Data are loaded, start creating Blender stuff
22:40:38 | INFO: Blender create Mesh node MESH-armor-block-d3fa0e462a519b5f36f8-closed-incoming-wrapped-b
22:40:38 | INFO: Blender create Mesh node MESH-armor-block-d3fa0e462a519b5f36f8-closed-outgoing-wrapped-b
22:40:38 | INFO: Blender create Mesh node MESH-armor-block-d3fa0e462a519b5f36f8-closed-solid-body
22:40:38 | INFO: Blender create Mesh node MESH-armor-block-d3fa0e462a519b5f36f8-cyan-flush-status-lens
22:40:38 | INFO: Blender create Mesh node MESH-armor-block-d3fa0e462a519b5f36f8-interchangeable-plain-fac
22:40:38 | INFO: Blender create Mesh node MESH-armor-block-d3fa0e462a519b5f36f8-lower-impact-rail-right
22:40:38 | INFO: Blender create Mesh node MESH-armor-block-d3fa0e462a519b5f36f8-lower-impact-rail-cut-poc
22:40:38 | INFO: Blender create Mesh node MESH-armor-block-d3fa0e462a519b5f36f8-lower-impact-rail-left
22:40:38 | INFO: Blender create Mesh node MESH-armor-block-d3fa0e462a519b5f36f8-pale-wrapped-connector-ou
22:40:38 | INFO: Blender create Mesh node MESH-armor-block-d3fa0e462a519b5f36f8-pale-wrapped-connector-in
22:40:38 | INFO: Blender create Mesh node MESH-armor-block-d3fa0e462a519b5f36f8-recess-shadow-seat
22:40:38 | INFO: Blender create Mesh node MESH-armor-block-d3fa0e462a519b5f36f8-upper-stepped-shoulder
22:40:38 | INFO: glTF import finished in 0.01s
22:40:38 | INFO: Data are loaded, start creating Blender stuff
22:40:38 | INFO: Blender create Mesh node MESH-armor-block-9069dfa847efce4fe41e-closed-incoming-wrapped-b
22:40:38 | INFO: Blender create Mesh node MESH-armor-block-9069dfa847efce4fe41e-closed-outgoing-wrapped-b
22:40:38 | INFO: Blender create Mesh node MESH-armor-block-9069dfa847efce4fe41e-closed-solid-body
22:40:38 | INFO: Blender create Mesh node MESH-armor-block-9069dfa847efce4fe41e-interchangeable-plain-fac
22:40:38 | INFO: Blender create Mesh node MESH-armor-block-9069dfa847efce4fe41e-lower-impact-rail
22:40:38 | INFO: Blender create Mesh node MESH-armor-block-9069dfa847efce4fe41e-pale-wrapped-connector-ou
22:40:38 | INFO: Blender create Mesh node MESH-armor-block-9069dfa847efce4fe41e-pale-wrapped-connector-in
22:40:38 | INFO: Blender create Mesh node MESH-armor-block-9069dfa847efce4fe41e-recess-shadow-seat
22:40:38 | INFO: Blender create Mesh node MESH-armor-block-9069dfa847efce4fe41e-upper-stepped-shoulder
22:40:38 | INFO: glTF import finished in 0.01s
22:40:38 | INFO: Data are loaded, start creating Blender stuff
22:40:38 | INFO: Blender create Mesh node MESH-armor-block-1676c64748013f376c0a-closed-junction-wedge
22:40:38 | INFO: Blender create Mesh node MESH-armor-block-1676c64748013f376c0a-junction-lower-navy-shoe
22:40:38 | INFO: Blender create Mesh node MESH-armor-block-1676c64748013f376c0a-junction-upper-navy-shoul
22:40:38 | INFO: Blender create Mesh node MESH-armor-block-1676c64748013f376c0a-junction-wrapped-pale-con
22:40:38 | INFO: glTF import finished in 0.00s
22:40:38 | INFO: Data are loaded, start creating Blender stuff
22:40:38 | INFO: Blender create Mesh node MESH-armor-block-db7ed5477c90dcffe64f-closed-incoming-wrapped-b
22:40:38 | INFO: Blender create Mesh node MESH-armor-block-db7ed5477c90dcffe64f-closed-outgoing-wrapped-b
22:40:38 | INFO: Blender create Mesh node MESH-armor-block-db7ed5477c90dcffe64f-closed-solid-body
22:40:38 | INFO: Blender create Mesh node MESH-armor-block-db7ed5477c90dcffe64f-cyan-flush-status-lens
22:40:38 | INFO: Blender create Mesh node MESH-armor-block-db7ed5477c90dcffe64f-deep-vent-louver-1
22:40:38 | INFO: Blender create Mesh node MESH-armor-block-db7ed5477c90dcffe64f-deep-vent-louver-2
22:40:38 | INFO: Blender create Mesh node MESH-armor-block-db7ed5477c90dcffe64f-deep-vent-louver-3
22:40:38 | INFO: Blender create Mesh node MESH-armor-block-db7ed5477c90dcffe64f-deep-vent-louver-4
22:40:38 | INFO: Blender create Mesh node MESH-armor-block-db7ed5477c90dcffe64f-deep-vent-louver-5
22:40:38 | INFO: Blender create Mesh node MESH-armor-block-db7ed5477c90dcffe64f-deep-vent-louver-6
22:40:38 | INFO: Blender create Mesh node MESH-armor-block-db7ed5477c90dcffe64f-deep-vent-louver-7
22:40:38 | INFO: Blender create Mesh node MESH-armor-block-db7ed5477c90dcffe64f-deep-vent-louver-8
22:40:38 | INFO: Blender create Mesh node MESH-armor-block-db7ed5477c90dcffe64f-deep-vent-louver-0
22:40:38 | INFO: Blender create Mesh node MESH-armor-block-db7ed5477c90dcffe64f-interchangeable-vent-face
22:40:38 | INFO: Blender create Mesh node MESH-armor-block-db7ed5477c90dcffe64f-lower-impact-rail-right
22:40:38 | INFO: Blender create Mesh node MESH-armor-block-db7ed5477c90dcffe64f-lower-impact-rail-cut-poc
22:40:38 | INFO: Blender create Mesh node MESH-armor-block-db7ed5477c90dcffe64f-lower-impact-rail-left
22:40:38 | INFO: Blender create Mesh node MESH-armor-block-db7ed5477c90dcffe64f-pale-wrapped-connector-ou
22:40:38 | INFO: Blender create Mesh node MESH-armor-block-db7ed5477c90dcffe64f-pale-wrapped-connector-in
22:40:38 | INFO: Blender create Mesh node MESH-armor-block-db7ed5477c90dcffe64f-recess-shadow-seat
22:40:38 | INFO: Blender create Mesh node MESH-armor-block-db7ed5477c90dcffe64f-upper-stepped-shoulder
22:40:38 | INFO: Blender create Mesh node MESH-armor-block-db7ed5477c90dcffe64f-vent-dark-well
22:40:38 | INFO: glTF import finished in 0.01s
22:40:38 | INFO: Data are loaded, start creating Blender stuff
22:40:38 | INFO: Blender create Mesh node MESH-armor-block-05c9d73568be3ad2e6b8-closed-incoming-wrapped-b
22:40:38 | INFO: Blender create Mesh node MESH-armor-block-05c9d73568be3ad2e6b8-closed-outgoing-wrapped-b
22:40:38 | INFO: Blender create Mesh node MESH-armor-block-05c9d73568be3ad2e6b8-closed-solid-body
22:40:38 | INFO: Blender create Mesh node MESH-armor-block-05c9d73568be3ad2e6b8-cyan-flush-status-lens
22:40:38 | INFO: Blender create Mesh node MESH-armor-block-05c9d73568be3ad2e6b8-deep-vent-louver-1
22:40:38 | INFO: Blender create Mesh node MESH-armor-block-05c9d73568be3ad2e6b8-deep-vent-louver-2
22:40:38 | INFO: Blender create Mesh node MESH-armor-block-05c9d73568be3ad2e6b8-deep-vent-louver-3
22:40:38 | INFO: Blender create Mesh node MESH-armor-block-05c9d73568be3ad2e6b8-deep-vent-louver-4
22:40:38 | INFO: Blender create Mesh node MESH-armor-block-05c9d73568be3ad2e6b8-deep-vent-louver-5
22:40:38 | INFO: Blender create Mesh node MESH-armor-block-05c9d73568be3ad2e6b8-deep-vent-louver-6
22:40:38 | INFO: Blender create Mesh node MESH-armor-block-05c9d73568be3ad2e6b8-deep-vent-louver-7
22:40:38 | INFO: Blender create Mesh node MESH-armor-block-05c9d73568be3ad2e6b8-deep-vent-louver-8
22:40:38 | INFO: Blender create Mesh node MESH-armor-block-05c9d73568be3ad2e6b8-deep-vent-louver-0
22:40:38 | INFO: Blender create Mesh node MESH-armor-block-05c9d73568be3ad2e6b8-interchangeable-vent-face
22:40:38 | INFO: Blender create Mesh node MESH-armor-block-05c9d73568be3ad2e6b8-lower-impact-rail-right
22:40:38 | INFO: Blender create Mesh node MESH-armor-block-05c9d73568be3ad2e6b8-lower-impact-rail-cut-poc
22:40:38 | INFO: Blender create Mesh node MESH-armor-block-05c9d73568be3ad2e6b8-lower-impact-rail-left
22:40:38 | INFO: Blender create Mesh node MESH-armor-block-05c9d73568be3ad2e6b8-pale-wrapped-connector-ou
22:40:38 | INFO: Blender create Mesh node MESH-armor-block-05c9d73568be3ad2e6b8-pale-wrapped-connector-in
22:40:38 | INFO: Blender create Mesh node MESH-armor-block-05c9d73568be3ad2e6b8-recess-shadow-seat
22:40:38 | INFO: Blender create Mesh node MESH-armor-block-05c9d73568be3ad2e6b8-upper-stepped-shoulder
22:40:38 | INFO: Blender create Mesh node MESH-armor-block-05c9d73568be3ad2e6b8-vent-dark-well
22:40:38 | INFO: glTF import finished in 0.01s
22:40:38 | INFO: Data are loaded, start creating Blender stuff
22:40:38 | INFO: Blender create Mesh node MESH-armor-block-15a405777ecce0335b21-closed-junction-wedge
22:40:38 | INFO: Blender create Mesh node MESH-armor-block-15a405777ecce0335b21-junction-lower-navy-shoe
22:40:38 | INFO: Blender create Mesh node MESH-armor-block-15a405777ecce0335b21-junction-upper-navy-shoul
22:40:38 | INFO: Blender create Mesh node MESH-armor-block-15a405777ecce0335b21-junction-wrapped-pale-con
22:40:38 | INFO: glTF import finished in 0.01s
22:40:38 | INFO: Data are loaded, start creating Blender stuff
22:40:38 | INFO: Blender create Mesh node MESH-armor-block-43965fec43941bd88fcc-closed-incoming-wrapped-b
22:40:38 | INFO: Blender create Mesh node MESH-armor-block-43965fec43941bd88fcc-closed-outgoing-wrapped-b
22:40:38 | INFO: Blender create Mesh node MESH-armor-block-43965fec43941bd88fcc-closed-solid-body
22:40:38 | INFO: Blender create Mesh node MESH-armor-block-43965fec43941bd88fcc-cyan-flush-status-lens
22:40:38 | INFO: Blender create Mesh node MESH-armor-block-43965fec43941bd88fcc-interchangeable-plain-fac
22:40:38 | INFO: Blender create Mesh node MESH-armor-block-43965fec43941bd88fcc-lower-impact-rail-right
22:40:38 | INFO: Blender create Mesh node MESH-armor-block-43965fec43941bd88fcc-lower-impact-rail-cut-poc
22:40:38 | INFO: Blender create Mesh node MESH-armor-block-43965fec43941bd88fcc-lower-impact-rail-left
22:40:38 | INFO: Blender create Mesh node MESH-armor-block-43965fec43941bd88fcc-pale-wrapped-connector-ou
22:40:38 | INFO: Blender create Mesh node MESH-armor-block-43965fec43941bd88fcc-pale-wrapped-connector-in
22:40:38 | INFO: Blender create Mesh node MESH-armor-block-43965fec43941bd88fcc-recess-shadow-seat
22:40:38 | INFO: Blender create Mesh node MESH-armor-block-43965fec43941bd88fcc-upper-stepped-shoulder
22:40:38 | INFO: glTF import finished in 0.01s
22:40:38 | INFO: Data are loaded, start creating Blender stuff
22:40:38 | INFO: Blender create Mesh node MESH-armor-block-af0cc716991642374212-closed-incoming-wrapped-b
22:40:38 | INFO: Blender create Mesh node MESH-armor-block-af0cc716991642374212-closed-outgoing-wrapped-b
22:40:38 | INFO: Blender create Mesh node MESH-armor-block-af0cc716991642374212-closed-solid-body
22:40:38 | INFO: Blender create Mesh node MESH-armor-block-af0cc716991642374212-cyan-flush-status-lens
22:40:38 | INFO: Blender create Mesh node MESH-armor-block-af0cc716991642374212-interchangeable-red-servi
22:40:38 | INFO: Blender create Mesh node MESH-armor-block-af0cc716991642374212-lower-impact-rail-right
22:40:38 | INFO: Blender create Mesh node MESH-armor-block-af0cc716991642374212-lower-impact-rail-cut-poc
22:40:38 | INFO: Blender create Mesh node MESH-armor-block-af0cc716991642374212-lower-impact-rail-left
22:40:38 | INFO: Blender create Mesh node MESH-armor-block-af0cc716991642374212-pale-wrapped-connector-ou
22:40:38 | INFO: Blender create Mesh node MESH-armor-block-af0cc716991642374212-pale-wrapped-connector-in
22:40:38 | INFO: Blender create Mesh node MESH-armor-block-af0cc716991642374212-recess-shadow-seat
22:40:38 | INFO: Blender create Mesh node MESH-armor-block-af0cc716991642374212-upper-stepped-shoulder
22:40:38 | INFO: glTF import finished in 0.01s
22:40:38 | INFO: Data are loaded, start creating Blender stuff
22:40:38 | INFO: Blender create Mesh node MESH-armor-block-57b9352f1f040b7f0157-closed-incoming-wrapped-b
22:40:38 | INFO: Blender create Mesh node MESH-armor-block-57b9352f1f040b7f0157-closed-outgoing-wrapped-b
22:40:38 | INFO: Blender create Mesh node MESH-armor-block-57b9352f1f040b7f0157-closed-solid-body
22:40:38 | INFO: Blender create Mesh node MESH-armor-block-57b9352f1f040b7f0157-cyan-flush-status-lens
22:40:38 | INFO: Blender create Mesh node MESH-armor-block-57b9352f1f040b7f0157-interchangeable-red-servi
22:40:38 | INFO: Blender create Mesh node MESH-armor-block-57b9352f1f040b7f0157-lower-impact-rail-right
22:40:38 | INFO: Blender create Mesh node MESH-armor-block-57b9352f1f040b7f0157-lower-impact-rail-cut-poc
22:40:38 | INFO: Blender create Mesh node MESH-armor-block-57b9352f1f040b7f0157-lower-impact-rail-left
22:40:38 | INFO: Blender create Mesh node MESH-armor-block-57b9352f1f040b7f0157-pale-wrapped-connector-ou
22:40:38 | INFO: Blender create Mesh node MESH-armor-block-57b9352f1f040b7f0157-pale-wrapped-connector-in
22:40:38 | INFO: Blender create Mesh node MESH-armor-block-57b9352f1f040b7f0157-recess-shadow-seat
22:40:38 | INFO: Blender create Mesh node MESH-armor-block-57b9352f1f040b7f0157-upper-stepped-shoulder
22:40:38 | INFO: glTF import finished in 0.01s
22:40:38 | INFO: Data are loaded, start creating Blender stuff
22:40:38 | INFO: Blender create Mesh node MESH-armor-block-8904b2af208c0ad89e05-closed-incoming-wrapped-b
22:40:38 | INFO: Blender create Mesh node MESH-armor-block-8904b2af208c0ad89e05-closed-outgoing-wrapped-b
22:40:38 | INFO: Blender create Mesh node MESH-armor-block-8904b2af208c0ad89e05-closed-solid-body
22:40:38 | INFO: Blender create Mesh node MESH-armor-block-8904b2af208c0ad89e05-cyan-flush-status-lens
22:40:38 | INFO: Blender create Mesh node MESH-armor-block-8904b2af208c0ad89e05-interchangeable-utility-f
22:40:38 | INFO: Blender create Mesh node MESH-armor-block-8904b2af208c0ad89e05-lower-impact-rail-right
22:40:38 | INFO: Blender create Mesh node MESH-armor-block-8904b2af208c0ad89e05-lower-impact-rail-cut-poc
22:40:38 | INFO: Blender create Mesh node MESH-armor-block-8904b2af208c0ad89e05-lower-impact-rail-left
22:40:38 | INFO: Blender create Mesh node MESH-armor-block-8904b2af208c0ad89e05-pale-wrapped-connector-ou
22:40:38 | INFO: Blender create Mesh node MESH-armor-block-8904b2af208c0ad89e05-pale-wrapped-connector-in
22:40:38 | INFO: Blender create Mesh node MESH-armor-block-8904b2af208c0ad89e05-recess-shadow-seat
22:40:38 | INFO: Blender create Mesh node MESH-armor-block-8904b2af208c0ad89e05-upper-stepped-shoulder
22:40:38 | INFO: Blender create Mesh node MESH-armor-block-8904b2af208c0ad89e05-utility-removable-box
22:40:38 | INFO: Blender create Mesh node MESH-armor-block-8904b2af208c0ad89e05-utility-status-lens
22:40:38 | INFO: glTF import finished in 0.01s
22:40:38 | INFO: Data are loaded, start creating Blender stuff
22:40:38 | INFO: Blender create Mesh node MESH-armor-block-d475f516a65773f4c21e-closed-incoming-wrapped-b
22:40:38 | INFO: Blender create Mesh node MESH-armor-block-d475f516a65773f4c21e-closed-outgoing-wrapped-b
22:40:38 | INFO: Blender create Mesh node MESH-armor-block-d475f516a65773f4c21e-closed-solid-body
22:40:38 | INFO: Blender create Mesh node MESH-armor-block-d475f516a65773f4c21e-cyan-flush-status-lens
22:40:38 | INFO: Blender create Mesh node MESH-armor-block-d475f516a65773f4c21e-interchangeable-plain-fac
22:40:38 | INFO: Blender create Mesh node MESH-armor-block-d475f516a65773f4c21e-lower-impact-rail-right
22:40:38 | INFO: Blender create Mesh node MESH-armor-block-d475f516a65773f4c21e-lower-impact-rail-cut-poc
22:40:38 | INFO: Blender create Mesh node MESH-armor-block-d475f516a65773f4c21e-lower-impact-rail-left
22:40:38 | INFO: Blender create Mesh node MESH-armor-block-d475f516a65773f4c21e-pale-wrapped-connector-ou
22:40:38 | INFO: Blender create Mesh node MESH-armor-block-d475f516a65773f4c21e-pale-wrapped-connector-in
22:40:38 | INFO: Blender create Mesh node MESH-armor-block-d475f516a65773f4c21e-recess-shadow-seat
22:40:38 | INFO: Blender create Mesh node MESH-armor-block-d475f516a65773f4c21e-upper-stepped-shoulder
22:40:38 | INFO: glTF import finished in 0.01s
22:40:38 | INFO: Data are loaded, start creating Blender stuff
22:40:38 | INFO: Blender create Mesh node MESH-armor-block-97e82a0a2ae19def921f-closed-incoming-wrapped-b
22:40:38 | INFO: Blender create Mesh node MESH-armor-block-97e82a0a2ae19def921f-closed-outgoing-wrapped-b
22:40:38 | INFO: Blender create Mesh node MESH-armor-block-97e82a0a2ae19def921f-closed-solid-body
22:40:38 | INFO: Blender create Mesh node MESH-armor-block-97e82a0a2ae19def921f-cyan-flush-status-lens
22:40:38 | INFO: Blender create Mesh node MESH-armor-block-97e82a0a2ae19def921f-interchangeable-plain-fac
22:40:38 | INFO: Blender create Mesh node MESH-armor-block-97e82a0a2ae19def921f-lower-impact-rail-right
22:40:38 | INFO: Blender create Mesh node MESH-armor-block-97e82a0a2ae19def921f-lower-impact-rail-cut-poc
22:40:38 | INFO: Blender create Mesh node MESH-armor-block-97e82a0a2ae19def921f-lower-impact-rail-left
22:40:38 | INFO: Blender create Mesh node MESH-armor-block-97e82a0a2ae19def921f-pale-wrapped-connector-ou
22:40:38 | INFO: Blender create Mesh node MESH-armor-block-97e82a0a2ae19def921f-pale-wrapped-connector-in
22:40:38 | INFO: Blender create Mesh node MESH-armor-block-97e82a0a2ae19def921f-recess-shadow-seat
22:40:38 | INFO: Blender create Mesh node MESH-armor-block-97e82a0a2ae19def921f-upper-stepped-shoulder
22:40:38 | INFO: glTF import finished in 0.02s
22:40:38 | INFO: Data are loaded, start creating Blender stuff
22:40:38 | INFO: Blender create Mesh node MESH-armor-block-57b42efda0a7a7d9ffdd-closed-junction-wedge
22:40:38 | INFO: Blender create Mesh node MESH-armor-block-57b42efda0a7a7d9ffdd-junction-lower-navy-shoe
22:40:38 | INFO: Blender create Mesh node MESH-armor-block-57b42efda0a7a7d9ffdd-junction-upper-navy-shoul
22:40:38 | INFO: Blender create Mesh node MESH-armor-block-57b42efda0a7a7d9ffdd-junction-wrapped-pale-con
22:40:38 | INFO: glTF import finished in 0.02s
22:40:38 | INFO: Data are loaded, start creating Blender stuff
22:40:38 | INFO: Blender create Mesh node MESH-armor-block-7c3af440c13bfbd854f7-closed-incoming-wrapped-b
22:40:38 | INFO: Blender create Mesh node MESH-armor-block-7c3af440c13bfbd854f7-closed-outgoing-wrapped-b
22:40:38 | INFO: Blender create Mesh node MESH-armor-block-7c3af440c13bfbd854f7-closed-solid-body
22:40:38 | INFO: Blender create Mesh node MESH-armor-block-7c3af440c13bfbd854f7-cyan-flush-status-lens
22:40:38 | INFO: Blender create Mesh node MESH-armor-block-7c3af440c13bfbd854f7-interchangeable-red-servi
22:40:38 | INFO: Blender create Mesh node MESH-armor-block-7c3af440c13bfbd854f7-lower-impact-rail-right
22:40:38 | INFO: Blender create Mesh node MESH-armor-block-7c3af440c13bfbd854f7-lower-impact-rail-cut-poc
22:40:38 | INFO: Blender create Mesh node MESH-armor-block-7c3af440c13bfbd854f7-lower-impact-rail-left
22:40:38 | INFO: Blender create Mesh node MESH-armor-block-7c3af440c13bfbd854f7-pale-wrapped-connector-ou
22:40:38 | INFO: Blender create Mesh node MESH-armor-block-7c3af440c13bfbd854f7-pale-wrapped-connector-in
22:40:38 | INFO: Blender create Mesh node MESH-armor-block-7c3af440c13bfbd854f7-recess-shadow-seat
22:40:38 | INFO: Blender create Mesh node MESH-armor-block-7c3af440c13bfbd854f7-upper-stepped-shoulder
22:40:38 | INFO: glTF import finished in 0.03s
22:40:38 | INFO: Data are loaded, start creating Blender stuff
22:40:38 | INFO: Blender create Mesh node MESH-armor-block-075003ca42dee3ad88d4-closed-junction-wedge
22:40:38 | INFO: Blender create Mesh node MESH-armor-block-075003ca42dee3ad88d4-junction-lower-navy-shoe
22:40:38 | INFO: Blender create Mesh node MESH-armor-block-075003ca42dee3ad88d4-junction-upper-navy-shoul
22:40:38 | INFO: Blender create Mesh node MESH-armor-block-075003ca42dee3ad88d4-junction-wrapped-pale-con
22:40:38 | INFO: glTF import finished in 0.02s
22:40:38 | INFO: Data are loaded, start creating Blender stuff
22:40:38 | INFO: Blender create Mesh node MESH-armor-block-137dbd4b0d514b60c4c3-closed-incoming-wrapped-b
22:40:38 | INFO: Blender create Mesh node MESH-armor-block-137dbd4b0d514b60c4c3-closed-outgoing-wrapped-b
22:40:38 | INFO: Blender create Mesh node MESH-armor-block-137dbd4b0d514b60c4c3-closed-solid-body
22:40:38 | INFO: Blender create Mesh node MESH-armor-block-137dbd4b0d514b60c4c3-cyan-flush-status-lens
22:40:38 | INFO: Blender create Mesh node MESH-armor-block-137dbd4b0d514b60c4c3-interchangeable-utility-f
22:40:38 | INFO: Blender create Mesh node MESH-armor-block-137dbd4b0d514b60c4c3-lower-impact-rail-right
22:40:38 | INFO: Blender create Mesh node MESH-armor-block-137dbd4b0d514b60c4c3-lower-impact-rail-cut-poc
22:40:38 | INFO: Blender create Mesh node MESH-armor-block-137dbd4b0d514b60c4c3-lower-impact-rail-left
22:40:38 | INFO: Blender create Mesh node MESH-armor-block-137dbd4b0d514b60c4c3-pale-wrapped-connector-ou
22:40:38 | INFO: Blender create Mesh node MESH-armor-block-137dbd4b0d514b60c4c3-pale-wrapped-connector-in
22:40:38 | INFO: Blender create Mesh node MESH-armor-block-137dbd4b0d514b60c4c3-recess-shadow-seat
22:40:38 | INFO: Blender create Mesh node MESH-armor-block-137dbd4b0d514b60c4c3-upper-stepped-shoulder
22:40:38 | INFO: Blender create Mesh node MESH-armor-block-137dbd4b0d514b60c4c3-utility-removable-box
22:40:38 | INFO: Blender create Mesh node MESH-armor-block-137dbd4b0d514b60c4c3-utility-status-lens
22:40:38 | INFO: glTF import finished in 0.03s
22:40:38 | INFO: Data are loaded, start creating Blender stuff
22:40:38 | INFO: Blender create Mesh node MESH-armor-block-cb4ec70047162b4093b9-closed-incoming-wrapped-b
22:40:38 | INFO: Blender create Mesh node MESH-armor-block-cb4ec70047162b4093b9-closed-outgoing-wrapped-b
22:40:38 | INFO: Blender create Mesh node MESH-armor-block-cb4ec70047162b4093b9-closed-solid-body
22:40:38 | INFO: Blender create Mesh node MESH-armor-block-cb4ec70047162b4093b9-cyan-flush-status-lens
22:40:38 | INFO: Blender create Mesh node MESH-armor-block-cb4ec70047162b4093b9-interchangeable-utility-f
22:40:38 | INFO: Blender create Mesh node MESH-armor-block-cb4ec70047162b4093b9-lower-impact-rail-right
22:40:38 | INFO: Blender create Mesh node MESH-armor-block-cb4ec70047162b4093b9-lower-impact-rail-cut-poc
22:40:38 | INFO: Blender create Mesh node MESH-armor-block-cb4ec70047162b4093b9-lower-impact-rail-left
22:40:38 | INFO: Blender create Mesh node MESH-armor-block-cb4ec70047162b4093b9-pale-wrapped-connector-ou
22:40:38 | INFO: Blender create Mesh node MESH-armor-block-cb4ec70047162b4093b9-pale-wrapped-connector-in
22:40:38 | INFO: Blender create Mesh node MESH-armor-block-cb4ec70047162b4093b9-recess-shadow-seat
22:40:38 | INFO: Blender create Mesh node MESH-armor-block-cb4ec70047162b4093b9-upper-stepped-shoulder
22:40:38 | INFO: Blender create Mesh node MESH-armor-block-cb4ec70047162b4093b9-utility-removable-box
22:40:38 | INFO: Blender create Mesh node MESH-armor-block-cb4ec70047162b4093b9-utility-status-lens
22:40:38 | INFO: glTF import finished in 0.02s
22:40:38 | INFO: Data are loaded, start creating Blender stuff
22:40:38 | INFO: Blender create Mesh node MESH-armor-block-131df6537810373834cb-closed-junction-wedge
22:40:38 | INFO: Blender create Mesh node MESH-armor-block-131df6537810373834cb-junction-lower-navy-shoe
22:40:38 | INFO: Blender create Mesh node MESH-armor-block-131df6537810373834cb-junction-upper-navy-shoul
22:40:38 | INFO: Blender create Mesh node MESH-armor-block-131df6537810373834cb-junction-wrapped-pale-con
22:40:38 | INFO: glTF import finished in 0.02s
22:40:38 | INFO: Data are loaded, start creating Blender stuff
22:40:38 | INFO: Blender create Mesh node MESH-armor-block-79d4507d7b58226cbe80-closed-incoming-wrapped-b
22:40:38 | INFO: Blender create Mesh node MESH-armor-block-79d4507d7b58226cbe80-closed-outgoing-wrapped-b
22:40:38 | INFO: Blender create Mesh node MESH-armor-block-79d4507d7b58226cbe80-closed-solid-body
22:40:38 | INFO: Blender create Mesh node MESH-armor-block-79d4507d7b58226cbe80-cyan-flush-status-lens
22:40:38 | INFO: Blender create Mesh node MESH-armor-block-79d4507d7b58226cbe80-interchangeable-plain-fac
22:40:38 | INFO: Blender create Mesh node MESH-armor-block-79d4507d7b58226cbe80-lower-impact-rail-right
22:40:38 | INFO: Blender create Mesh node MESH-armor-block-79d4507d7b58226cbe80-lower-impact-rail-cut-poc
22:40:38 | INFO: Blender create Mesh node MESH-armor-block-79d4507d7b58226cbe80-lower-impact-rail-left
22:40:38 | INFO: Blender create Mesh node MESH-armor-block-79d4507d7b58226cbe80-pale-wrapped-connector-ou
22:40:38 | INFO: Blender create Mesh node MESH-armor-block-79d4507d7b58226cbe80-pale-wrapped-connector-in
22:40:38 | INFO: Blender create Mesh node MESH-armor-block-79d4507d7b58226cbe80-recess-shadow-seat
22:40:38 | INFO: Blender create Mesh node MESH-armor-block-79d4507d7b58226cbe80-upper-stepped-shoulder
22:40:38 | INFO: glTF import finished in 0.02s
22:40:38 | INFO: Data are loaded, start creating Blender stuff
22:40:38 | INFO: Blender create Mesh node MESH-armor-block-edc8f579626e43feb839-closed-junction-wedge
22:40:38 | INFO: Blender create Mesh node MESH-armor-block-edc8f579626e43feb839-junction-lower-navy-shoe
22:40:38 | INFO: Blender create Mesh node MESH-armor-block-edc8f579626e43feb839-junction-upper-navy-shoul
22:40:38 | INFO: Blender create Mesh node MESH-armor-block-edc8f579626e43feb839-junction-wrapped-pale-con
22:40:38 | INFO: glTF import finished in 0.02s
22:40:38 | INFO: Data are loaded, start creating Blender stuff
22:40:38 | INFO: Blender create Mesh node MESH-armor-block-e7911c4aae9fd2fecbb8-closed-incoming-wrapped-b
22:40:38 | INFO: Blender create Mesh node MESH-armor-block-e7911c4aae9fd2fecbb8-closed-outgoing-wrapped-b
22:40:38 | INFO: Blender create Mesh node MESH-armor-block-e7911c4aae9fd2fecbb8-closed-solid-body
22:40:38 | INFO: Blender create Mesh node MESH-armor-block-e7911c4aae9fd2fecbb8-cyan-flush-status-lens
22:40:38 | INFO: Blender create Mesh node MESH-armor-block-e7911c4aae9fd2fecbb8-deep-vent-louver-1
22:40:38 | INFO: Blender create Mesh node MESH-armor-block-e7911c4aae9fd2fecbb8-deep-vent-louver-2
22:40:38 | INFO: Blender create Mesh node MESH-armor-block-e7911c4aae9fd2fecbb8-deep-vent-louver-3
22:40:38 | INFO: Blender create Mesh node MESH-armor-block-e7911c4aae9fd2fecbb8-deep-vent-louver-4
22:40:38 | INFO: Blender create Mesh node MESH-armor-block-e7911c4aae9fd2fecbb8-deep-vent-louver-5
22:40:38 | INFO: Blender create Mesh node MESH-armor-block-e7911c4aae9fd2fecbb8-deep-vent-louver-6
22:40:38 | INFO: Blender create Mesh node MESH-armor-block-e7911c4aae9fd2fecbb8-deep-vent-louver-7
22:40:38 | INFO: Blender create Mesh node MESH-armor-block-e7911c4aae9fd2fecbb8-deep-vent-louver-8
22:40:38 | INFO: Blender create Mesh node MESH-armor-block-e7911c4aae9fd2fecbb8-deep-vent-louver-0
22:40:38 | INFO: Blender create Mesh node MESH-armor-block-e7911c4aae9fd2fecbb8-interchangeable-vent-face
22:40:38 | INFO: Blender create Mesh node MESH-armor-block-e7911c4aae9fd2fecbb8-lower-impact-rail-right
22:40:38 | INFO: Blender create Mesh node MESH-armor-block-e7911c4aae9fd2fecbb8-lower-impact-rail-cut-poc
22:40:38 | INFO: Blender create Mesh node MESH-armor-block-e7911c4aae9fd2fecbb8-lower-impact-rail-left
22:40:38 | INFO: Blender create Mesh node MESH-armor-block-e7911c4aae9fd2fecbb8-pale-wrapped-connector-ou
22:40:38 | INFO: Blender create Mesh node MESH-armor-block-e7911c4aae9fd2fecbb8-pale-wrapped-connector-in
22:40:38 | INFO: Blender create Mesh node MESH-armor-block-e7911c4aae9fd2fecbb8-recess-shadow-seat
22:40:38 | INFO: Blender create Mesh node MESH-armor-block-e7911c4aae9fd2fecbb8-upper-stepped-shoulder
22:40:38 | INFO: Blender create Mesh node MESH-armor-block-e7911c4aae9fd2fecbb8-vent-dark-well
22:40:38 | INFO: glTF import finished in 0.03s
22:40:38 | INFO: Data are loaded, start creating Blender stuff
22:40:38 | INFO: Blender create Mesh node MESH-armor-block-649b14141fa27ecd47e6-closed-junction-wedge
22:40:38 | INFO: Blender create Mesh node MESH-armor-block-649b14141fa27ecd47e6-junction-lower-navy-shoe
22:40:38 | INFO: Blender create Mesh node MESH-armor-block-649b14141fa27ecd47e6-junction-upper-navy-shoul
22:40:38 | INFO: Blender create Mesh node MESH-armor-block-649b14141fa27ecd47e6-junction-wrapped-pale-con
22:40:38 | INFO: glTF import finished in 0.02s
22:40:38 | INFO: Data are loaded, start creating Blender stuff
22:40:38 | INFO: Blender create Mesh node MESH-armor-block-fc5a10216de60493ab08-closed-junction-wedge
22:40:38 | INFO: Blender create Mesh node MESH-armor-block-fc5a10216de60493ab08-junction-lower-navy-shoe
22:40:38 | INFO: Blender create Mesh node MESH-armor-block-fc5a10216de60493ab08-junction-upper-navy-shoul
22:40:38 | INFO: Blender create Mesh node MESH-armor-block-fc5a10216de60493ab08-junction-wrapped-pale-con
22:40:39 | INFO: glTF import finished in 0.03s
22:40:39 | INFO: Data are loaded, start creating Blender stuff
22:40:39 | INFO: Blender create Mesh node MESH-armor-block-204079fa21328c629295-closed-incoming-wrapped-b
22:40:39 | INFO: Blender create Mesh node MESH-armor-block-204079fa21328c629295-closed-outgoing-wrapped-b
22:40:39 | INFO: Blender create Mesh node MESH-armor-block-204079fa21328c629295-closed-solid-body
22:40:39 | INFO: Blender create Mesh node MESH-armor-block-204079fa21328c629295-interchangeable-red-servi
22:40:39 | INFO: Blender create Mesh node MESH-armor-block-204079fa21328c629295-lower-impact-rail
22:40:39 | INFO: Blender create Mesh node MESH-armor-block-204079fa21328c629295-pale-wrapped-connector-ou
22:40:39 | INFO: Blender create Mesh node MESH-armor-block-204079fa21328c629295-pale-wrapped-connector-in
22:40:39 | INFO: Blender create Mesh node MESH-armor-block-204079fa21328c629295-recess-shadow-seat
22:40:39 | INFO: Blender create Mesh node MESH-armor-block-204079fa21328c629295-upper-stepped-shoulder
22:40:39 | INFO: glTF import finished in 0.03s
22:40:39 | INFO: Data are loaded, start creating Blender stuff
22:40:39 | INFO: Blender create Mesh node MESH-armor-block-50c9e43a8c6ba5af5141-closed-incoming-wrapped-b
22:40:39 | INFO: Blender create Mesh node MESH-armor-block-50c9e43a8c6ba5af5141-closed-outgoing-wrapped-b
22:40:39 | INFO: Blender create Mesh node MESH-armor-block-50c9e43a8c6ba5af5141-closed-solid-body
22:40:39 | INFO: Blender create Mesh node MESH-armor-block-50c9e43a8c6ba5af5141-interchangeable-utility-f
22:40:39 | INFO: Blender create Mesh node MESH-armor-block-50c9e43a8c6ba5af5141-lower-impact-rail
22:40:39 | INFO: Blender create Mesh node MESH-armor-block-50c9e43a8c6ba5af5141-pale-wrapped-connector-ou
22:40:39 | INFO: Blender create Mesh node MESH-armor-block-50c9e43a8c6ba5af5141-pale-wrapped-connector-in
22:40:39 | INFO: Blender create Mesh node MESH-armor-block-50c9e43a8c6ba5af5141-recess-shadow-seat
22:40:39 | INFO: Blender create Mesh node MESH-armor-block-50c9e43a8c6ba5af5141-upper-stepped-shoulder
22:40:39 | INFO: glTF import finished in 0.04s
Fra:1 Mem:84.89M (Peak 84.89M) | Time:00:00.03 | Mem:0.00M, Peak:0.00M | Scene, ViewLayer | Synchronizing object | GEO-armor-block-d3fa0e462a519b5f36f8--FINISH--cyan-flush-st
Fra:1 Mem:84.90M (Peak 84.90M) | Time:00:00.03 | Mem:0.00M, Peak:0.00M | Scene, ViewLayer | Synchronizing object | GEO-armor-block-d3fa0e462a519b5f36f8--FINISH--lower-impact-.002
Fra:1 Mem:84.91M (Peak 84.91M) | Time:00:00.03 | Mem:0.00M, Peak:0.00M | Scene, ViewLayer | Synchronizing object | GEO-armor-block-d3fa0e462a519b5f36f8--FINISH--upper-stepped
Fra:1 Mem:84.91M (Peak 84.91M) | Time:00:00.03 | Mem:0.00M, Peak:0.00M | Scene, ViewLayer | Synchronizing object | GEO-armor-block-d3fa0e462a519b5f36f8--BACKING--closed-incom
Fra:1 Mem:84.91M (Peak 84.91M) | Time:00:00.03 | Mem:0.00M, Peak:0.00M | Scene, ViewLayer | Synchronizing object | GEO-armor-block-d3fa0e462a519b5f36f8--FINISH--lower-impact-.003
Fra:1 Mem:84.92M (Peak 84.92M) | Time:00:00.03 | Mem:0.00M, Peak:0.00M | Scene, ViewLayer | Synchronizing object | GEO-armor-block-d3fa0e462a519b5f36f8--BACKING--closed-outgo
Fra:1 Mem:84.93M (Peak 84.93M) | Time:00:00.03 | Mem:0.00M, Peak:0.00M | Scene, ViewLayer | Synchronizing object | GEO-armor-block-d3fa0e462a519b5f36f8--FINISH--interchangeab
Fra:1 Mem:84.94M (Peak 84.94M) | Time:00:00.03 | Mem:0.00M, Peak:0.00M | Scene, ViewLayer | Synchronizing object | GEO-armor-block-d3fa0e462a519b5f36f8--FINISH--pale-wrapped-.002
Fra:1 Mem:84.95M (Peak 84.95M) | Time:00:00.03 | Mem:0.00M, Peak:0.00M | Scene, ViewLayer | Synchronizing object | GEO-armor-block-d3fa0e462a519b5f36f8--BACKING--closed-solid
Fra:1 Mem:84.95M (Peak 84.95M) | Time:00:00.03 | Mem:0.00M, Peak:0.00M | Scene, ViewLayer | Synchronizing object | GEO-armor-block-d3fa0e462a519b5f36f8--FINISH--lower-impact-.004
Fra:1 Mem:84.96M (Peak 84.96M) | Time:00:00.03 | Mem:0.00M, Peak:0.00M | Scene, ViewLayer | Synchronizing object | GEO-armor-block-d3fa0e462a519b5f36f8--FINISH--recess-shadow
Fra:1 Mem:84.97M (Peak 84.97M) | Time:00:00.03 | Mem:0.00M, Peak:0.00M | Scene, ViewLayer | Synchronizing object | GEO-armor-block-db7ed5477c90dcffe64f--BACKING--closed-solid
Fra:1 Mem:84.97M (Peak 84.97M) | Time:00:00.03 | Mem:0.00M, Peak:0.00M | Scene, ViewLayer | Synchronizing object | GEO-armor-block-db7ed5477c90dcffe64f--FINISH--lower-impact-.002
Fra:1 Mem:84.98M (Peak 84.98M) | Time:00:00.03 | Mem:0.00M, Peak:0.00M | Scene, ViewLayer | Synchronizing object | GEO-armor-block-db7ed5477c90dcffe64f--FINISH--lower-impact-.003
Fra:1 Mem:84.98M (Peak 84.98M) | Time:00:00.03 | Mem:0.00M, Peak:0.00M | Scene, ViewLayer | Synchronizing object | GEO-armor-block-db7ed5477c90dcffe64f--FINISH--deep-vent-lou.008
Fra:1 Mem:84.98M (Peak 84.98M) | Time:00:00.03 | Mem:0.00M, Peak:0.00M | Scene, ViewLayer | Synchronizing object | GEO-armor-block-db7ed5477c90dcffe64f--FINISH--deep-vent-lou.009
Fra:1 Mem:84.99M (Peak 84.99M) | Time:00:00.03 | Mem:0.00M, Peak:0.00M | Scene, ViewLayer | Synchronizing object | GEO-armor-block-db7ed5477c90dcffe64f--FINISH--recess-shadow
Fra:1 Mem:85.00M (Peak 85.00M) | Time:00:00.03 | Mem:0.00M, Peak:0.00M | Scene, ViewLayer | Synchronizing object | GEO-armor-block-db7ed5477c90dcffe64f--FINISH--deep-vent-lou.010
Fra:1 Mem:84.99M (Peak 85.00M) | Time:00:00.03 | Mem:0.00M, Peak:0.00M | Scene, ViewLayer | Synchronizing object | GEO-armor-block-db7ed5477c90dcffe64f--FINISH--deep-vent-lou.011
Fra:1 Mem:85.00M (Peak 85.00M) | Time:00:00.03 | Mem:0.00M, Peak:0.00M | Scene, ViewLayer | Synchronizing object | GEO-armor-block-db7ed5477c90dcffe64f--BACKING--closed-incom
Fra:1 Mem:85.00M (Peak 85.00M) | Time:00:00.03 | Mem:0.00M, Peak:0.00M | Scene, ViewLayer | Synchronizing object | GEO-armor-block-db7ed5477c90dcffe64f--FINISH--vent-dark-wel
Fra:1 Mem:85.01M (Peak 85.01M) | Time:00:00.03 | Mem:0.00M, Peak:0.00M | Scene, ViewLayer | Synchronizing object | GEO-armor-block-db7ed5477c90dcffe64f--FINISH--interchangeab
Fra:1 Mem:85.01M (Peak 85.01M) | Time:00:00.03 | Mem:0.00M, Peak:0.00M | Scene, ViewLayer | Synchronizing object | GEO-armor-block-db7ed5477c90dcffe64f--BACKING--closed-outgo
Fra:1 Mem:85.02M (Peak 85.02M) | Time:00:00.03 | Mem:0.00M, Peak:0.00M | Scene, ViewLayer | Synchronizing object | GEO-armor-block-db7ed5477c90dcffe64f--FINISH--pale-wrapped-.001
Fra:1 Mem:85.02M (Peak 85.02M) | Time:00:00.03 | Mem:0.00M, Peak:0.00M | Scene, ViewLayer | Synchronizing object | GEO-armor-block-db7ed5477c90dcffe64f--FINISH--deep-vent-lou.012
Fra:1 Mem:85.03M (Peak 85.03M) | Time:00:00.03 | Mem:0.00M, Peak:0.00M | Scene, ViewLayer | Synchronizing object | GEO-armor-block-db7ed5477c90dcffe64f--FINISH--cyan-flush-st
Fra:1 Mem:85.03M (Peak 85.03M) | Time:00:00.03 | Mem:0.00M, Peak:0.00M | Scene, ViewLayer | Synchronizing object | GEO-armor-block-db7ed5477c90dcffe64f--FINISH--lower-impact-.004
Fra:1 Mem:85.04M (Peak 85.04M) | Time:00:00.03 | Mem:0.00M, Peak:0.00M | Scene, ViewLayer | Synchronizing object | GEO-armor-block-db7ed5477c90dcffe64f--FINISH--deep-vent-lou.013
Fra:1 Mem:85.05M (Peak 85.05M) | Time:00:00.03 | Mem:0.00M, Peak:0.00M | Scene, ViewLayer | Synchronizing object | GEO-armor-block-db7ed5477c90dcffe64f--FINISH--deep-vent-lou.014
Fra:1 Mem:85.05M (Peak 85.05M) | Time:00:00.03 | Mem:0.00M, Peak:0.00M | Scene, ViewLayer | Synchronizing object | GEO-armor-block-db7ed5477c90dcffe64f--FINISH--deep-vent-lou.015
Fra:1 Mem:85.05M (Peak 85.05M) | Time:00:00.03 | Mem:0.00M, Peak:0.00M | Scene, ViewLayer | Synchronizing object | GEO-armor-block-db7ed5477c90dcffe64f--FINISH--upper-stepped
Fra:1 Mem:85.06M (Peak 85.06M) | Time:00:00.03 | Mem:0.00M, Peak:0.00M | Scene, ViewLayer | Synchronizing object | GEO-armor-block-db7ed5477c90dcffe64f--FINISH--pale-wrapped-.002
Fra:1 Mem:85.06M (Peak 85.06M) | Time:00:00.03 | Mem:0.00M, Peak:0.00M | Scene, ViewLayer | Synchronizing object | GEO-armor-block-db7ed5477c90dcffe64f--FINISH--deep-vent-lou.016
Fra:1 Mem:85.07M (Peak 85.07M) | Time:00:00.03 | Mem:0.00M, Peak:0.00M | Scene, ViewLayer | Synchronizing object | GEO-armor-block-15a405777ecce0335b21--FINISH--junction-lowe
Fra:1 Mem:85.07M (Peak 85.07M) | Time:00:00.03 | Mem:0.00M, Peak:0.00M | Scene, ViewLayer | Synchronizing object | GEO-armor-block-15a405777ecce0335b21--BACKING--closed-junct
Fra:1 Mem:85.09M (Peak 85.09M) | Time:00:00.03 | Mem:0.00M, Peak:0.00M | Scene, ViewLayer | Synchronizing object | GEO-armor-block-15a405777ecce0335b21--FINISH--junction-wrap
Fra:1 Mem:85.08M (Peak 85.09M) | Time:00:00.03 | Mem:0.00M, Peak:0.00M | Scene, ViewLayer | Synchronizing object | GEO-armor-block-15a405777ecce0335b21--FINISH--junction-uppe
Fra:1 Mem:85.09M (Peak 85.09M) | Time:00:00.03 | Mem:0.00M, Peak:0.00M | Scene, ViewLayer | Synchronizing object | GEO-armor-block-1676c64748013f376c0a--FINISH--junction-uppe
Fra:1 Mem:85.10M (Peak 85.10M) | Time:00:00.03 | Mem:0.00M, Peak:0.00M | Scene, ViewLayer | Synchronizing object | GEO-armor-block-1676c64748013f376c0a--BACKING--closed-junct
Fra:1 Mem:85.11M (Peak 85.11M) | Time:00:00.03 | Mem:0.00M, Peak:0.00M | Scene, ViewLayer | Synchronizing object | GEO-armor-block-1676c64748013f376c0a--FINISH--junction-lowe
Fra:1 Mem:85.13M (Peak 85.13M) | Time:00:00.03 | Mem:0.00M, Peak:0.00M | Scene, ViewLayer | Synchronizing object | GEO-armor-block-1676c64748013f376c0a--FINISH--junction-wrap
Fra:1 Mem:85.14M (Peak 85.14M) | Time:00:00.03 | Mem:0.00M, Peak:0.00M | Scene, ViewLayer | Synchronizing object | GEO-armor-block-05c9d73568be3ad2e6b8--BACKING--closed-incom
Fra:1 Mem:85.14M (Peak 85.14M) | Time:00:00.03 | Mem:0.00M, Peak:0.00M | Scene, ViewLayer | Synchronizing object | GEO-armor-block-05c9d73568be3ad2e6b8--BACKING--closed-outgo
Fra:1 Mem:85.15M (Peak 85.15M) | Time:00:00.03 | Mem:0.00M, Peak:0.00M | Scene, ViewLayer | Synchronizing object | GEO-armor-block-05c9d73568be3ad2e6b8--FINISH--lower-impact-.002
Fra:1 Mem:85.15M (Peak 85.15M) | Time:00:00.03 | Mem:0.00M, Peak:0.00M | Scene, ViewLayer | Synchronizing object | GEO-armor-block-05c9d73568be3ad2e6b8--FINISH--deep-vent-lou.008
Fra:1 Mem:85.17M (Peak 85.17M) | Time:00:00.03 | Mem:0.00M, Peak:0.00M | Scene, ViewLayer | Synchronizing object | GEO-armor-block-05c9d73568be3ad2e6b8--FINISH--deep-vent-lou.009
Fra:1 Mem:85.17M (Peak 85.17M) | Time:00:00.03 | Mem:0.00M, Peak:0.00M | Scene, ViewLayer | Synchronizing object | GEO-armor-block-05c9d73568be3ad2e6b8--FINISH--recess-shadow
Fra:1 Mem:85.16M (Peak 85.17M) | Time:00:00.03 | Mem:0.00M, Peak:0.00M | Scene, ViewLayer | Synchronizing object | GEO-armor-block-05c9d73568be3ad2e6b8--FINISH--deep-vent-lou.010
Fra:1 Mem:85.18M (Peak 85.18M) | Time:00:00.03 | Mem:0.00M, Peak:0.00M | Scene, ViewLayer | Synchronizing object | GEO-armor-block-05c9d73568be3ad2e6b8--FINISH--deep-vent-lou.011
Fra:1 Mem:85.18M (Peak 85.18M) | Time:00:00.03 | Mem:0.00M, Peak:0.00M | Scene, ViewLayer | Synchronizing object | GEO-armor-block-05c9d73568be3ad2e6b8--FINISH--vent-dark-wel
Fra:1 Mem:85.18M (Peak 85.18M) | Time:00:00.03 | Mem:0.00M, Peak:0.00M | Scene, ViewLayer | Synchronizing object | GEO-armor-block-05c9d73568be3ad2e6b8--FINISH--interchangeab
Fra:1 Mem:85.19M (Peak 85.19M) | Time:00:00.03 | Mem:0.00M, Peak:0.00M | Scene, ViewLayer | Synchronizing object | GEO-armor-block-05c9d73568be3ad2e6b8--FINISH--deep-vent-lou.012
Fra:1 Mem:85.20M (Peak 85.20M) | Time:00:00.03 | Mem:0.00M, Peak:0.00M | Scene, ViewLayer | Synchronizing object | GEO-armor-block-05c9d73568be3ad2e6b8--FINISH--pale-wrapped-.001
Fra:1 Mem:85.20M (Peak 85.20M) | Time:00:00.03 | Mem:0.00M, Peak:0.00M | Scene, ViewLayer | Synchronizing object | GEO-armor-block-05c9d73568be3ad2e6b8--FINISH--deep-vent-lou.013
Fra:1 Mem:85.21M (Peak 85.21M) | Time:00:00.03 | Mem:0.00M, Peak:0.00M | Scene, ViewLayer | Synchronizing object | GEO-armor-block-05c9d73568be3ad2e6b8--BACKING--closed-solid
Fra:1 Mem:85.21M (Peak 85.21M) | Time:00:00.03 | Mem:0.00M, Peak:0.00M | Scene, ViewLayer | Synchronizing object | GEO-armor-block-05c9d73568be3ad2e6b8--FINISH--lower-impact-.003
Fra:1 Mem:85.21M (Peak 85.21M) | Time:00:00.03 | Mem:0.00M, Peak:0.00M | Scene, ViewLayer | Synchronizing object | GEO-armor-block-05c9d73568be3ad2e6b8--FINISH--lower-impact-.004
Fra:1 Mem:85.22M (Peak 85.22M) | Time:00:00.03 | Mem:0.00M, Peak:0.00M | Scene, ViewLayer | Synchronizing object | GEO-armor-block-05c9d73568be3ad2e6b8--FINISH--deep-vent-lou.014
Fra:1 Mem:85.23M (Peak 85.23M) | Time:00:00.03 | Mem:0.00M, Peak:0.00M | Scene, ViewLayer | Synchronizing object | GEO-armor-block-05c9d73568be3ad2e6b8--FINISH--deep-vent-lou.015
Fra:1 Mem:85.24M (Peak 85.24M) | Time:00:00.03 | Mem:0.00M, Peak:0.00M | Scene, ViewLayer | Synchronizing object | GEO-armor-block-05c9d73568be3ad2e6b8--FINISH--upper-stepped
Fra:1 Mem:85.24M (Peak 85.24M) | Time:00:00.03 | Mem:0.00M, Peak:0.00M | Scene, ViewLayer | Synchronizing object | GEO-armor-block-05c9d73568be3ad2e6b8--FINISH--pale-wrapped-.002
Fra:1 Mem:85.23M (Peak 85.24M) | Time:00:00.03 | Mem:0.00M, Peak:0.00M | Scene, ViewLayer | Synchronizing object | GEO-armor-block-05c9d73568be3ad2e6b8--FINISH--deep-vent-lou.016
Fra:1 Mem:85.25M (Peak 85.25M) | Time:00:00.03 | Mem:0.00M, Peak:0.00M | Scene, ViewLayer | Synchronizing object | GEO-armor-block-79d4507d7b58226cbe80--FINISH--pale-wrapped-.001
Fra:1 Mem:85.25M (Peak 85.25M) | Time:00:00.03 | Mem:0.00M, Peak:0.00M | Scene, ViewLayer | Synchronizing object | GEO-armor-block-79d4507d7b58226cbe80--FINISH--recess-shadow
Fra:1 Mem:85.26M (Peak 85.26M) | Time:00:00.03 | Mem:0.00M, Peak:0.00M | Scene, ViewLayer | Synchronizing object | GEO-armor-block-79d4507d7b58226cbe80--BACKING--closed-solid
Fra:1 Mem:85.26M (Peak 85.26M) | Time:00:00.03 | Mem:0.00M, Peak:0.00M | Scene, ViewLayer | Synchronizing object | GEO-armor-block-79d4507d7b58226cbe80--FINISH--lower-impact-.002
Fra:1 Mem:85.26M (Peak 85.26M) | Time:00:00.03 | Mem:0.00M, Peak:0.00M | Scene, ViewLayer | Synchronizing object | GEO-armor-block-79d4507d7b58226cbe80--FINISH--lower-impact-.003
Fra:1 Mem:85.28M (Peak 85.28M) | Time:00:00.03 | Mem:0.00M, Peak:0.00M | Scene, ViewLayer | Synchronizing object | GEO-armor-block-79d4507d7b58226cbe80--FINISH--upper-stepped
Fra:1 Mem:85.29M (Peak 85.29M) | Time:00:00.03 | Mem:0.00M, Peak:0.00M | Scene, ViewLayer | Synchronizing object | GEO-armor-block-79d4507d7b58226cbe80--BACKING--closed-incom
Fra:1 Mem:85.28M (Peak 85.29M) | Time:00:00.03 | Mem:0.00M, Peak:0.00M | Scene, ViewLayer | Synchronizing object | GEO-armor-block-79d4507d7b58226cbe80--FINISH--pale-wrapped-.002
Fra:1 Mem:85.29M (Peak 85.29M) | Time:00:00.03 | Mem:0.00M, Peak:0.00M | Scene, ViewLayer | Synchronizing object | GEO-armor-block-79d4507d7b58226cbe80--BACKING--closed-outgo
Fra:1 Mem:85.30M (Peak 85.30M) | Time:00:00.03 | Mem:0.00M, Peak:0.00M | Scene, ViewLayer | Synchronizing object | GEO-armor-block-79d4507d7b58226cbe80--FINISH--cyan-flush-st
Fra:1 Mem:85.29M (Peak 85.30M) | Time:00:00.03 | Mem:0.00M, Peak:0.00M | Scene, ViewLayer | Synchronizing object | GEO-armor-block-79d4507d7b58226cbe80--FINISH--lower-impact-.004
Fra:1 Mem:85.32M (Peak 85.32M) | Time:00:00.03 | Mem:0.00M, Peak:0.00M | Scene, ViewLayer | Synchronizing object | GEO-armor-block-43965fec43941bd88fcc--FINISH--interchangeab
Fra:1 Mem:85.31M (Peak 85.32M) | Time:00:00.03 | Mem:0.00M, Peak:0.00M | Scene, ViewLayer | Synchronizing object | GEO-armor-block-43965fec43941bd88fcc--FINISH--pale-wrapped-.001
Fra:1 Mem:85.32M (Peak 85.32M) | Time:00:00.03 | Mem:0.00M, Peak:0.00M | Scene, ViewLayer | Synchronizing object | GEO-armor-block-43965fec43941bd88fcc--FINISH--lower-impact-.002
Fra:1 Mem:85.34M (Peak 85.34M) | Time:00:00.03 | Mem:0.00M, Peak:0.00M | Scene, ViewLayer | Synchronizing object | GEO-armor-block-43965fec43941bd88fcc--BACKING--closed-incom
Fra:1 Mem:85.34M (Peak 85.34M) | Time:00:00.03 | Mem:0.00M, Peak:0.00M | Scene, ViewLayer | Synchronizing object | GEO-armor-block-43965fec43941bd88fcc--BACKING--closed-outgo
Fra:1 Mem:85.34M (Peak 85.34M) | Time:00:00.03 | Mem:0.00M, Peak:0.00M | Scene, ViewLayer | Synchronizing object | GEO-armor-block-43965fec43941bd88fcc--FINISH--upper-stepped
Fra:1 Mem:85.34M (Peak 85.34M) | Time:00:00.03 | Mem:0.00M, Peak:0.00M | Scene, ViewLayer | Synchronizing object | GEO-armor-block-43965fec43941bd88fcc--FINISH--cyan-flush-st
Fra:1 Mem:85.36M (Peak 85.36M) | Time:00:00.03 | Mem:0.00M, Peak:0.00M | Scene, ViewLayer | Synchronizing object | GEO-armor-block-43965fec43941bd88fcc--FINISH--pale-wrapped-.002
Fra:1 Mem:85.36M (Peak 85.36M) | Time:00:00.03 | Mem:0.00M, Peak:0.00M | Scene, ViewLayer | Synchronizing object | GEO-armor-block-43965fec43941bd88fcc--FINISH--recess-shadow
Fra:1 Mem:85.35M (Peak 85.36M) | Time:00:00.03 | Mem:0.00M, Peak:0.00M | Scene, ViewLayer | Synchronizing object | GEO-armor-block-43965fec43941bd88fcc--FINISH--lower-impact-.003
Fra:1 Mem:85.36M (Peak 85.36M) | Time:00:00.03 | Mem:0.00M, Peak:0.00M | Scene, ViewLayer | Synchronizing object | GEO-armor-block-43965fec43941bd88fcc--BACKING--closed-solid
Fra:1 Mem:85.37M (Peak 85.37M) | Time:00:00.03 | Mem:0.00M, Peak:0.00M | Scene, ViewLayer | Synchronizing object | GEO-armor-block-43965fec43941bd88fcc--FINISH--lower-impact-.004
Fra:1 Mem:85.38M (Peak 85.38M) | Time:00:00.03 | Mem:0.00M, Peak:0.00M | Scene, ViewLayer | Synchronizing object | GEO-armor-block-af0cc716991642374212--FINISH--lower-impact-.002
Fra:1 Mem:85.38M (Peak 85.38M) | Time:00:00.03 | Mem:0.00M, Peak:0.00M | Scene, ViewLayer | Synchronizing object | GEO-armor-block-af0cc716991642374212--FINISH--pale-wrapped-.001
Fra:1 Mem:85.39M (Peak 85.39M) | Time:00:00.03 | Mem:0.00M, Peak:0.00M | Scene, ViewLayer | Synchronizing object | GEO-armor-block-af0cc716991642374212--BACKING--closed-incom
Fra:1 Mem:85.39M (Peak 85.39M) | Time:00:00.03 | Mem:0.00M, Peak:0.00M | Scene, ViewLayer | Synchronizing object | GEO-armor-block-af0cc716991642374212--FINISH--upper-stepped
Fra:1 Mem:85.39M (Peak 85.39M) | Time:00:00.03 | Mem:0.00M, Peak:0.00M | Scene, ViewLayer | Synchronizing object | GEO-armor-block-af0cc716991642374212--FINISH--cyan-flush-st
Fra:1 Mem:85.40M (Peak 85.40M) | Time:00:00.03 | Mem:0.00M, Peak:0.00M | Scene, ViewLayer | Synchronizing object | GEO-armor-block-af0cc716991642374212--FINISH--interchangeab
Fra:1 Mem:85.40M (Peak 85.40M) | Time:00:00.03 | Mem:0.00M, Peak:0.00M | Scene, ViewLayer | Synchronizing object | GEO-armor-block-af0cc716991642374212--FINISH--lower-impact-.003
Fra:1 Mem:85.43M (Peak 85.43M) | Time:00:00.03 | Mem:0.00M, Peak:0.00M | Scene, ViewLayer | Synchronizing object | GEO-armor-block-af0cc716991642374212--FINISH--pale-wrapped-.002
Fra:1 Mem:85.44M (Peak 85.44M) | Time:00:00.03 | Mem:0.00M, Peak:0.00M | Scene, ViewLayer | Synchronizing object | GEO-armor-block-af0cc716991642374212--FINISH--lower-impact-.004
Fra:1 Mem:85.44M (Peak 85.44M) | Time:00:00.03 | Mem:0.00M, Peak:0.00M | Scene, ViewLayer | Synchronizing object | GEO-armor-block-af0cc716991642374212--FINISH--recess-shadow
Fra:1 Mem:85.44M (Peak 85.44M) | Time:00:00.03 | Mem:0.00M, Peak:0.00M | Scene, ViewLayer | Synchronizing object | GEO-armor-block-af0cc716991642374212--BACKING--closed-solid
Fra:1 Mem:85.45M (Peak 85.45M) | Time:00:00.03 | Mem:0.00M, Peak:0.00M | Scene, ViewLayer | Synchronizing object | GEO-armor-block-137dbd4b0d514b60c4c3--FINISH--lower-impact-.002
Fra:1 Mem:85.45M (Peak 85.45M) | Time:00:00.03 | Mem:0.00M, Peak:0.00M | Scene, ViewLayer | Synchronizing object | GEO-armor-block-137dbd4b0d514b60c4c3--FINISH--utility-remov
Fra:1 Mem:85.46M (Peak 85.46M) | Time:00:00.03 | Mem:0.00M, Peak:0.00M | Scene, ViewLayer | Synchronizing object | GEO-armor-block-137dbd4b0d514b60c4c3--FINISH--interchangeab
Fra:1 Mem:85.47M (Peak 85.47M) | Time:00:00.03 | Mem:0.00M, Peak:0.00M | Scene, ViewLayer | Synchronizing object | GEO-armor-block-137dbd4b0d514b60c4c3--FINISH--pale-wrapped-.001
Fra:1 Mem:85.48M (Peak 85.48M) | Time:00:00.03 | Mem:0.00M, Peak:0.00M | Scene, ViewLayer | Synchronizing object | GEO-armor-block-137dbd4b0d514b60c4c3--FINISH--lower-impact-.003
Fra:1 Mem:85.48M (Peak 85.48M) | Time:00:00.03 | Mem:0.00M, Peak:0.00M | Scene, ViewLayer | Synchronizing object | GEO-armor-block-137dbd4b0d514b60c4c3--BACKING--closed-solid
Fra:1 Mem:85.49M (Peak 85.49M) | Time:00:00.03 | Mem:0.00M, Peak:0.00M | Scene, ViewLayer | Synchronizing object | GEO-armor-block-137dbd4b0d514b60c4c3--FINISH--lower-impact-.004
Fra:1 Mem:85.49M (Peak 85.49M) | Time:00:00.03 | Mem:0.00M, Peak:0.00M | Scene, ViewLayer | Synchronizing object | GEO-armor-block-137dbd4b0d514b60c4c3--FINISH--upper-stepped
Fra:1 Mem:85.51M (Peak 85.51M) | Time:00:00.03 | Mem:0.00M, Peak:0.00M | Scene, ViewLayer | Synchronizing object | GEO-armor-block-137dbd4b0d514b60c4c3--FINISH--pale-wrapped-.002
Fra:1 Mem:85.52M (Peak 85.52M) | Time:00:00.03 | Mem:0.00M, Peak:0.00M | Scene, ViewLayer | Synchronizing object | GEO-armor-block-137dbd4b0d514b60c4c3--FINISH--utility-statu
Fra:1 Mem:85.51M (Peak 85.52M) | Time:00:00.03 | Mem:0.00M, Peak:0.00M | Scene, ViewLayer | Synchronizing object | GEO-armor-block-137dbd4b0d514b60c4c3--BACKING--closed-incom
Fra:1 Mem:85.51M (Peak 85.52M) | Time:00:00.03 | Mem:0.00M, Peak:0.00M | Scene, ViewLayer | Synchronizing object | GEO-armor-block-137dbd4b0d514b60c4c3--BACKING--closed-outgo
Fra:1 Mem:85.52M (Peak 85.52M) | Time:00:00.03 | Mem:0.00M, Peak:0.00M | Scene, ViewLayer | Synchronizing object | GEO-armor-block-137dbd4b0d514b60c4c3--FINISH--recess-shadow
Fra:1 Mem:85.52M (Peak 85.52M) | Time:00:00.03 | Mem:0.00M, Peak:0.00M | Scene, ViewLayer | Synchronizing object | GEO-armor-block-137dbd4b0d514b60c4c3--FINISH--cyan-flush-st
Fra:1 Mem:85.53M (Peak 85.53M) | Time:00:00.03 | Mem:0.00M, Peak:0.00M | Scene, ViewLayer | Synchronizing object | GEO-armor-block-9069dfa847efce4fe41e--BACKING--closed-incoming-
Fra:1 Mem:85.52M (Peak 85.53M) | Time:00:00.03 | Mem:0.00M, Peak:0.00M | Scene, ViewLayer | Synchronizing object | GEO-armor-block-9069dfa847efce4fe41e--BACKING--closed-outgoing-
Fra:1 Mem:85.53M (Peak 85.53M) | Time:00:00.03 | Mem:0.00M, Peak:0.00M | Scene, ViewLayer | Synchronizing object | GEO-armor-block-9069dfa847efce4fe41e--BACKING--closed-solid-bod
Fra:1 Mem:85.54M (Peak 85.54M) | Time:00:00.03 | Mem:0.00M, Peak:0.00M | Scene, ViewLayer | Synchronizing object | GEO-armor-block-9069dfa847efce4fe41e--FINISH--interchangeable-p
Fra:1 Mem:85.54M (Peak 85.54M) | Time:00:00.03 | Mem:0.00M, Peak:0.00M | Scene, ViewLayer | Synchronizing object | GEO-armor-block-9069dfa847efce4fe41e--FINISH--lower-impact-rail
Fra:1 Mem:85.53M (Peak 85.54M) | Time:00:00.03 | Mem:0.00M, Peak:0.00M | Scene, ViewLayer | Synchronizing object | GEO-armor-block-9069dfa847efce4fe41e--FINISH--pale-wrapped-
Fra:1 Mem:85.55M (Peak 85.55M) | Time:00:00.03 | Mem:0.00M, Peak:0.00M | Scene, ViewLayer | Synchronizing object | GEO-armor-block-9069dfa847efce4fe41e--FINISH--pale-wrapped-conn
Fra:1 Mem:85.55M (Peak 85.55M) | Time:00:00.03 | Mem:0.00M, Peak:0.00M | Scene, ViewLayer | Synchronizing object | GEO-armor-block-9069dfa847efce4fe41e--FINISH--upper-stepped-sho
Fra:1 Mem:85.56M (Peak 85.56M) | Time:00:00.03 | Mem:0.00M, Peak:0.00M | Scene, ViewLayer | Synchronizing object | GEO-armor-block-57b9352f1f040b7f0157--BACKING--closed-incoming-
Fra:1 Mem:85.57M (Peak 85.57M) | Time:00:00.03 | Mem:0.00M, Peak:0.00M | Scene, ViewLayer | Synchronizing object | GEO-armor-block-57b9352f1f040b7f0157--BACKING--closed-outgoing-
Fra:1 Mem:85.58M (Peak 85.58M) | Time:00:00.03 | Mem:0.00M, Peak:0.00M | Scene, ViewLayer | Synchronizing object | GEO-armor-block-57b9352f1f040b7f0157--BACKING--closed-solid-bod
Fra:1 Mem:85.57M (Peak 85.58M) | Time:00:00.03 | Mem:0.00M, Peak:0.00M | Scene, ViewLayer | Synchronizing object | GEO-armor-block-57b9352f1f040b7f0157--FINISH--cyan-flush-status
Fra:1 Mem:85.57M (Peak 85.58M) | Time:00:00.03 | Mem:0.00M, Peak:0.00M | Scene, ViewLayer | Synchronizing object | GEO-armor-block-57b9352f1f040b7f0157--FINISH--interchangeable-r
Fra:1 Mem:85.59M (Peak 85.59M) | Time:00:00.03 | Mem:0.00M, Peak:0.00M | Scene, ViewLayer | Synchronizing object | GEO-armor-block-57b9352f1f040b7f0157--FINISH--lower-impact-
Fra:1 Mem:85.60M (Peak 85.60M) | Time:00:00.03 | Mem:0.00M, Peak:0.00M | Scene, ViewLayer | Synchronizing object | GEO-armor-block-57b9352f1f040b7f0157--FINISH--lower-impact-.001
Fra:1 Mem:85.61M (Peak 85.61M) | Time:00:00.03 | Mem:0.00M, Peak:0.00M | Scene, ViewLayer | Synchronizing object | GEO-armor-block-57b9352f1f040b7f0157--FINISH--lower-impact-rail
Fra:1 Mem:85.62M (Peak 85.62M) | Time:00:00.03 | Mem:0.00M, Peak:0.00M | Scene, ViewLayer | Synchronizing object | GEO-armor-block-57b9352f1f040b7f0157--FINISH--pale-wrapped-
Fra:1 Mem:85.61M (Peak 85.62M) | Time:00:00.03 | Mem:0.00M, Peak:0.00M | Scene, ViewLayer | Synchronizing object | GEO-armor-block-57b9352f1f040b7f0157--FINISH--pale-wrapped-conn
Fra:1 Mem:85.63M (Peak 85.63M) | Time:00:00.03 | Mem:0.00M, Peak:0.00M | Scene, ViewLayer | Synchronizing object | GEO-armor-block-57b9352f1f040b7f0157--FINISH--recess-shadow-sea
Fra:1 Mem:85.63M (Peak 85.63M) | Time:00:00.03 | Mem:0.00M, Peak:0.00M | Scene, ViewLayer | Synchronizing object | GEO-armor-block-57b9352f1f040b7f0157--FINISH--upper-stepped-sho
Fra:1 Mem:85.63M (Peak 85.63M) | Time:00:00.03 | Mem:0.00M, Peak:0.00M | Scene, ViewLayer | Synchronizing object | GEO-armor-block-50c9e43a8c6ba5af5141--FINISH--upper-stepped-sho
Fra:1 Mem:85.63M (Peak 85.63M) | Time:00:00.03 | Mem:0.00M, Peak:0.00M | Scene, ViewLayer | Synchronizing object | GEO-armor-block-8904b2af208c0ad89e05--BACKING--closed-outgoing-
Fra:1 Mem:85.65M (Peak 85.65M) | Time:00:00.03 | Mem:0.00M, Peak:0.00M | Scene, ViewLayer | Synchronizing object | GEO-armor-block-8904b2af208c0ad89e05--BACKING--closed-solid-bod
Fra:1 Mem:85.65M (Peak 85.65M) | Time:00:00.03 | Mem:0.00M, Peak:0.00M | Scene, ViewLayer | Synchronizing object | GEO-armor-block-8904b2af208c0ad89e05--FINISH--cyan-flush-status
Fra:1 Mem:85.66M (Peak 85.66M) | Time:00:00.03 | Mem:0.00M, Peak:0.00M | Scene, ViewLayer | Synchronizing object | GEO-armor-block-8904b2af208c0ad89e05--FINISH--interchangeable-u
Fra:1 Mem:85.65M (Peak 85.66M) | Time:00:00.03 | Mem:0.00M, Peak:0.00M | Scene, ViewLayer | Synchronizing object | GEO-armor-block-50c9e43a8c6ba5af5141--FINISH--recess-shadow-sea
Fra:1 Mem:85.68M (Peak 85.68M) | Time:00:00.03 | Mem:0.00M, Peak:0.00M | Scene, ViewLayer | Synchronizing object | GEO-armor-block-8904b2af208c0ad89e05--FINISH--lower-impact-.001
Fra:1 Mem:85.68M (Peak 85.68M) | Time:00:00.03 | Mem:0.00M, Peak:0.00M | Scene, ViewLayer | Synchronizing object | GEO-armor-block-50c9e43a8c6ba5af5141--FINISH--pale-wrapped-conn
Fra:1 Mem:85.69M (Peak 85.69M) | Time:00:00.03 | Mem:0.00M, Peak:0.00M | Scene, ViewLayer | Synchronizing object | GEO-armor-block-8904b2af208c0ad89e05--FINISH--lower-impact-rail
Fra:1 Mem:85.71M (Peak 85.71M) | Time:00:00.03 | Mem:0.00M, Peak:0.00M | Scene, ViewLayer | Synchronizing object | GEO-armor-block-50c9e43a8c6ba5af5141--FINISH--pale-wrapped-
Fra:1 Mem:85.69M (Peak 85.71M) | Time:00:00.03 | Mem:0.00M, Peak:0.00M | Scene, ViewLayer | Synchronizing object | GEO-armor-block-8904b2af208c0ad89e05--FINISH--pale-wrapped-conn
Fra:1 Mem:85.71M (Peak 85.71M) | Time:00:00.04 | Mem:0.00M, Peak:0.00M | Scene, ViewLayer | Synchronizing object | GEO-armor-block-8904b2af208c0ad89e05--FINISH--recess-shadow-sea
Fra:1 Mem:85.71M (Peak 85.71M) | Time:00:00.04 | Mem:0.00M, Peak:0.00M | Scene, ViewLayer | Synchronizing object | GEO-armor-block-8904b2af208c0ad89e05--FINISH--upper-stepped-sho
Fra:1 Mem:85.71M (Peak 85.71M) | Time:00:00.04 | Mem:0.00M, Peak:0.00M | Scene, ViewLayer | Synchronizing object | GEO-armor-block-8904b2af208c0ad89e05--FINISH--utility-removable
Fra:1 Mem:85.73M (Peak 85.73M) | Time:00:00.04 | Mem:0.00M, Peak:0.00M | Scene, ViewLayer | Synchronizing object | GEO-armor-block-8904b2af208c0ad89e05--FINISH--utility-status-le
Fra:1 Mem:85.73M (Peak 85.73M) | Time:00:00.04 | Mem:0.00M, Peak:0.00M | Scene, ViewLayer | Synchronizing object | GEO-armor-block-d475f516a65773f4c21e--BACKING--closed-incoming-
Fra:1 Mem:85.74M (Peak 85.74M) | Time:00:00.04 | Mem:0.00M, Peak:0.00M | Scene, ViewLayer | Synchronizing object | GEO-armor-block-d475f516a65773f4c21e--BACKING--closed-outgoing-
Fra:1 Mem:85.73M (Peak 85.74M) | Time:00:00.04 | Mem:0.00M, Peak:0.00M | Scene, ViewLayer | Synchronizing object | GEO-armor-block-d475f516a65773f4c21e--FINISH--cyan-flush-status
Fra:1 Mem:85.74M (Peak 85.74M) | Time:00:00.04 | Mem:0.00M, Peak:0.00M | Scene, ViewLayer | Synchronizing object | GEO-armor-block-d475f516a65773f4c21e--FINISH--interchangeable-p
Fra:1 Mem:85.74M (Peak 85.74M) | Time:00:00.04 | Mem:0.00M, Peak:0.00M | Scene, ViewLayer | Synchronizing object | GEO-armor-block-d475f516a65773f4c21e--FINISH--lower-impact-.001
Fra:1 Mem:85.78M (Peak 85.78M) | Time:00:00.04 | Mem:0.00M, Peak:0.00M | Scene, ViewLayer | Synchronizing object | GEO-armor-block-d475f516a65773f4c21e--FINISH--lower-impact-rail
Fra:1 Mem:85.79M (Peak 85.79M) | Time:00:00.04 | Mem:0.00M, Peak:0.00M | Scene, ViewLayer | Synchronizing object | GEO-armor-block-50c9e43a8c6ba5af5141--FINISH--interchangeable-u
Fra:1 Mem:85.80M (Peak 85.80M) | Time:00:00.04 | Mem:0.00M, Peak:0.00M | Scene, ViewLayer | Synchronizing object | GEO-armor-block-d475f516a65773f4c21e--FINISH--pale-wrapped-
Fra:1 Mem:85.80M (Peak 85.80M) | Time:00:00.04 | Mem:0.00M, Peak:0.00M | Scene, ViewLayer | Synchronizing object | GEO-armor-block-d475f516a65773f4c21e--FINISH--pale-wrapped-conn
Fra:1 Mem:85.82M (Peak 85.82M) | Time:00:00.04 | Mem:0.00M, Peak:0.00M | Scene, ViewLayer | Synchronizing object | GEO-armor-block-50c9e43a8c6ba5af5141--BACKING--closed-solid-bod
Fra:1 Mem:85.81M (Peak 85.82M) | Time:00:00.04 | Mem:0.00M, Peak:0.00M | Scene, ViewLayer | Synchronizing object | GEO-armor-block-d475f516a65773f4c21e--FINISH--upper-stepped-sho
Fra:1 Mem:85.81M (Peak 85.82M) | Time:00:00.04 | Mem:0.00M, Peak:0.00M | Scene, ViewLayer | Synchronizing object | GEO-armor-block-97e82a0a2ae19def921f--BACKING--closed-incoming-
Fra:1 Mem:85.82M (Peak 85.82M) | Time:00:00.04 | Mem:0.00M, Peak:0.00M | Scene, ViewLayer | Synchronizing object | GEO-armor-block-50c9e43a8c6ba5af5141--BACKING--closed-outgoing-
Fra:1 Mem:85.81M (Peak 85.82M) | Time:00:00.04 | Mem:0.00M, Peak:0.00M | Scene, ViewLayer | Synchronizing object | GEO-armor-block-97e82a0a2ae19def921f--FINISH--cyan-flush-status
Fra:1 Mem:85.83M (Peak 85.83M) | Time:00:00.04 | Mem:0.00M, Peak:0.00M | Scene, ViewLayer | Synchronizing object | GEO-armor-block-50c9e43a8c6ba5af5141--BACKING--closed-incoming-
Fra:1 Mem:85.83M (Peak 85.83M) | Time:00:00.04 | Mem:0.00M, Peak:0.00M | Scene, ViewLayer | Synchronizing object | GEO-armor-block-97e82a0a2ae19def921f--FINISH--lower-impact-
Fra:1 Mem:85.83M (Peak 85.83M) | Time:00:00.04 | Mem:0.00M, Peak:0.00M | Scene, ViewLayer | Synchronizing object | GEO-armor-block-97e82a0a2ae19def921f--FINISH--lower-impact-.001
Fra:1 Mem:85.84M (Peak 85.84M) | Time:00:00.04 | Mem:0.00M, Peak:0.00M | Scene, ViewLayer | Synchronizing object | GEO-armor-block-204079fa21328c629295--FINISH--upper-stepped-sho
Fra:1 Mem:85.87M (Peak 85.87M) | Time:00:00.04 | Mem:0.00M, Peak:0.00M | Scene, ViewLayer | Synchronizing object | GEO-armor-block-97e82a0a2ae19def921f--FINISH--lower-impact-rail
Fra:1 Mem:85.87M (Peak 85.87M) | Time:00:00.04 | Mem:0.00M, Peak:0.00M | Scene, ViewLayer | Synchronizing object | GEO-armor-block-204079fa21328c629295--FINISH--recess-shadow-sea
Fra:1 Mem:85.88M (Peak 85.88M) | Time:00:00.04 | Mem:0.00M, Peak:0.00M | Scene, ViewLayer | Synchronizing object | GEO-armor-block-97e82a0a2ae19def921f--FINISH--pale-wrapped-conn
Fra:1 Mem:85.89M (Peak 85.89M) | Time:00:00.04 | Mem:0.00M, Peak:0.00M | Scene, ViewLayer | Synchronizing object | GEO-armor-block-204079fa21328c629295--FINISH--pale-wrapped-conn
Fra:1 Mem:85.89M (Peak 85.89M) | Time:00:00.04 | Mem:0.00M, Peak:0.00M | Scene, ViewLayer | Synchronizing object | GEO-armor-block-97e82a0a2ae19def921f--FINISH--recess-shadow-sea
Fra:1 Mem:85.90M (Peak 85.90M) | Time:00:00.04 | Mem:0.00M, Peak:0.00M | Scene, ViewLayer | Synchronizing object | GEO-armor-block-97e82a0a2ae19def921f--FINISH--upper-stepped-sho
Fra:1 Mem:85.90M (Peak 85.90M) | Time:00:00.04 | Mem:0.00M, Peak:0.00M | Scene, ViewLayer | Synchronizing object | GEO-armor-block-57b42efda0a7a7d9ffdd--BACKING--closed-junction-
Fra:1 Mem:85.90M (Peak 85.90M) | Time:00:00.04 | Mem:0.00M, Peak:0.00M | Scene, ViewLayer | Synchronizing object | GEO-armor-block-57b42efda0a7a7d9ffdd--FINISH--junction-lower-na
Fra:1 Mem:85.90M (Peak 85.90M) | Time:00:00.04 | Mem:0.00M, Peak:0.00M | Scene, ViewLayer | Synchronizing object | GEO-armor-block-57b42efda0a7a7d9ffdd--FINISH--junction-upper-na
Fra:1 Mem:85.93M (Peak 85.93M) | Time:00:00.04 | Mem:0.00M, Peak:0.00M | Scene, ViewLayer | Synchronizing object | GEO-armor-block-204079fa21328c629295--FINISH--lower-impact-rail
Fra:1 Mem:85.95M (Peak 85.95M) | Time:00:00.04 | Mem:0.00M, Peak:0.00M | Scene, ViewLayer | Synchronizing object | GEO-armor-block-57b42efda0a7a7d9ffdd--FINISH--junction-wrapped-
Fra:1 Mem:85.94M (Peak 85.95M) | Time:00:00.04 | Mem:0.00M, Peak:0.00M | Scene, ViewLayer | Synchronizing object | GEO-armor-block-7c3af440c13bfbd854f7--BACKING--closed-incoming-
Fra:1 Mem:85.94M (Peak 85.95M) | Time:00:00.04 | Mem:0.00M, Peak:0.00M | Scene, ViewLayer | Synchronizing object | GEO-armor-block-7c3af440c13bfbd854f7--BACKING--closed-outgoing-
Fra:1 Mem:85.94M (Peak 85.95M) | Time:00:00.04 | Mem:0.00M, Peak:0.00M | Scene, ViewLayer | Synchronizing object | GEO-armor-block-204079fa21328c629295--FINISH--interchangeable-r
Fra:1 Mem:85.94M (Peak 85.95M) | Time:00:00.04 | Mem:0.00M, Peak:0.00M | Scene, ViewLayer | Synchronizing object | GEO-armor-block-7c3af440c13bfbd854f7--FINISH--cyan-flush-status
Fra:1 Mem:85.96M (Peak 85.96M) | Time:00:00.04 | Mem:0.00M, Peak:0.00M | Scene, ViewLayer | Synchronizing object | GEO-armor-block-7c3af440c13bfbd854f7--FINISH--interchangeable-r
Fra:1 Mem:85.96M (Peak 85.96M) | Time:00:00.04 | Mem:0.00M, Peak:0.00M | Scene, ViewLayer | Synchronizing object | GEO-armor-block-204079fa21328c629295--BACKING--closed-solid-bod
Fra:1 Mem:85.98M (Peak 85.98M) | Time:00:00.04 | Mem:0.00M, Peak:0.00M | Scene, ViewLayer | Synchronizing object | GEO-armor-block-7c3af440c13bfbd854f7--FINISH--lower-impact-.001
Fra:1 Mem:85.97M (Peak 85.98M) | Time:00:00.04 | Mem:0.00M, Peak:0.00M | Scene, ViewLayer | Synchronizing object | GEO-armor-block-204079fa21328c629295--BACKING--closed-outgoing-
Fra:1 Mem:85.99M (Peak 85.99M) | Time:00:00.04 | Mem:0.00M, Peak:0.00M | Scene, ViewLayer | Synchronizing object | GEO-armor-block-7c3af440c13bfbd854f7--FINISH--pale-wrapped-
Fra:1 Mem:86.00M (Peak 86.00M) | Time:00:00.04 | Mem:0.00M, Peak:0.00M | Scene, ViewLayer | Synchronizing object | GEO-armor-block-204079fa21328c629295--BACKING--closed-incoming-
Fra:1 Mem:86.01M (Peak 86.01M) | Time:00:00.04 | Mem:0.00M, Peak:0.00M | Scene, ViewLayer | Synchronizing object | GEO-armor-block-7c3af440c13bfbd854f7--FINISH--pale-wrapped-conn
Fra:1 Mem:86.00M (Peak 86.01M) | Time:00:00.04 | Mem:0.00M, Peak:0.00M | Scene, ViewLayer | Synchronizing object | GEO-armor-block-7c3af440c13bfbd854f7--FINISH--recess-shadow-sea
Fra:1 Mem:86.01M (Peak 86.01M) | Time:00:00.04 | Mem:0.00M, Peak:0.00M | Scene, ViewLayer | Synchronizing object | GEO-armor-block-fc5a10216de60493ab08--FINISH--junction-wrapped-
Fra:1 Mem:86.02M (Peak 86.02M) | Time:00:00.04 | Mem:0.00M, Peak:0.00M | Scene, ViewLayer | Synchronizing object | GEO-armor-block-075003ca42dee3ad88d4--BACKING--closed-junction-
Fra:1 Mem:86.03M (Peak 86.03M) | Time:00:00.04 | Mem:0.00M, Peak:0.00M | Scene, ViewLayer | Synchronizing object | GEO-armor-block-075003ca42dee3ad88d4--FINISH--junction-lower-na
Fra:1 Mem:86.05M (Peak 86.05M) | Time:00:00.04 | Mem:0.00M, Peak:0.00M | Scene, ViewLayer | Synchronizing object | GEO-armor-block-075003ca42dee3ad88d4--FINISH--junction-upper-na
Fra:1 Mem:86.05M (Peak 86.05M) | Time:00:00.04 | Mem:0.00M, Peak:0.00M | Scene, ViewLayer | Synchronizing object | GEO-armor-block-fc5a10216de60493ab08--FINISH--junction-upper-na
Fra:1 Mem:86.04M (Peak 86.05M) | Time:00:00.04 | Mem:0.00M, Peak:0.00M | Scene, ViewLayer | Synchronizing object | GEO-armor-block-cb4ec70047162b4093b9--BACKING--closed-incoming-
Fra:1 Mem:86.08M (Peak 86.08M) | Time:00:00.04 | Mem:0.00M, Peak:0.00M | Scene, ViewLayer | Synchronizing object | GEO-armor-block-cb4ec70047162b4093b9--BACKING--closed-outgoing-
Fra:1 Mem:86.08M (Peak 86.08M) | Time:00:00.04 | Mem:0.00M, Peak:0.00M | Scene, ViewLayer | Synchronizing object | GEO-armor-block-cb4ec70047162b4093b9--BACKING--closed-solid-bod
Fra:1 Mem:86.08M (Peak 86.08M) | Time:00:00.04 | Mem:0.00M, Peak:0.00M | Scene, ViewLayer | Synchronizing object | GEO-armor-block-cb4ec70047162b4093b9--FINISH--cyan-flush-status
Fra:1 Mem:86.07M (Peak 86.08M) | Time:00:00.04 | Mem:0.00M, Peak:0.00M | Scene, ViewLayer | Synchronizing object | GEO-armor-block-cb4ec70047162b4093b9--FINISH--interchangeable-u
Fra:1 Mem:86.07M (Peak 86.08M) | Time:00:00.04 | Mem:0.00M, Peak:0.00M | Scene, ViewLayer | Synchronizing object | GEO-armor-block-fc5a10216de60493ab08--FINISH--junction-lower-na
Fra:1 Mem:86.07M (Peak 86.08M) | Time:00:00.04 | Mem:0.00M, Peak:0.00M | Scene, ViewLayer | Synchronizing object | GEO-armor-block-cb4ec70047162b4093b9--FINISH--lower-impact-.001
Fra:1 Mem:86.12M (Peak 86.12M) | Time:00:00.04 | Mem:0.00M, Peak:0.00M | Scene, ViewLayer | Synchronizing object | GEO-armor-block-cb4ec70047162b4093b9--FINISH--lower-impact-rail
Fra:1 Mem:86.10M (Peak 86.12M) | Time:00:00.04 | Mem:0.00M, Peak:0.00M | Scene, ViewLayer | Synchronizing object | GEO-armor-block-fc5a10216de60493ab08--BACKING--closed-junction-
Fra:1 Mem:86.11M (Peak 86.12M) | Time:00:00.04 | Mem:0.00M, Peak:0.00M | Scene, ViewLayer | Synchronizing object | GEO-armor-block-cb4ec70047162b4093b9--FINISH--pale-wrapped-conn
Fra:1 Mem:86.13M (Peak 86.13M) | Time:00:00.04 | Mem:0.00M, Peak:0.00M | Scene, ViewLayer | Synchronizing object | GEO-armor-block-cb4ec70047162b4093b9--FINISH--recess-shadow-sea
Fra:1 Mem:86.12M (Peak 86.13M) | Time:00:00.04 | Mem:0.00M, Peak:0.00M | Scene, ViewLayer | Synchronizing object | GEO-armor-block-cb4ec70047162b4093b9--FINISH--upper-stepped-sho
Fra:1 Mem:86.13M (Peak 86.13M) | Time:00:00.04 | Mem:0.00M, Peak:0.00M | Scene, ViewLayer | Synchronizing object | GEO-armor-block-cb4ec70047162b4093b9--FINISH--utility-removable
Fra:1 Mem:86.14M (Peak 86.14M) | Time:00:00.04 | Mem:0.00M, Peak:0.00M | Scene, ViewLayer | Synchronizing object | GEO-armor-block-649b14141fa27ecd47e6--FINISH--junction-wrapped-
Fra:1 Mem:86.15M (Peak 86.15M) | Time:00:00.04 | Mem:0.00M, Peak:0.00M | Scene, ViewLayer | Synchronizing object | GEO-armor-block-cb4ec70047162b4093b9--FINISH--utility-status-le
Fra:1 Mem:86.15M (Peak 86.15M) | Time:00:00.04 | Mem:0.00M, Peak:0.00M | Scene, ViewLayer | Synchronizing object | GEO-armor-block-131df6537810373834cb--BACKING--closed-junction-
Fra:1 Mem:86.17M (Peak 86.17M) | Time:00:00.04 | Mem:0.00M, Peak:0.00M | Scene, ViewLayer | Synchronizing object | GEO-armor-block-131df6537810373834cb--FINISH--junction-lower-na
Fra:1 Mem:86.16M (Peak 86.17M) | Time:00:00.04 | Mem:0.00M, Peak:0.00M | Scene, ViewLayer | Synchronizing object | GEO-armor-block-649b14141fa27ecd47e6--FINISH--junction-upper-na
Fra:1 Mem:86.17M (Peak 86.17M) | Time:00:00.04 | Mem:0.00M, Peak:0.00M | Scene, ViewLayer | Synchronizing object | GEO-armor-block-131df6537810373834cb--FINISH--junction-upper-na
Fra:1 Mem:86.18M (Peak 86.18M) | Time:00:00.04 | Mem:0.00M, Peak:0.00M | Scene, ViewLayer | Synchronizing object | GEO-armor-block-131df6537810373834cb--FINISH--junction-wrapped-
Fra:1 Mem:86.19M (Peak 86.19M) | Time:00:00.04 | Mem:0.00M, Peak:0.00M | Scene, ViewLayer | Synchronizing object | GEO-armor-block-edc8f579626e43feb839--BACKING--closed-junction-
Fra:1 Mem:86.19M (Peak 86.19M) | Time:00:00.04 | Mem:0.00M, Peak:0.00M | Scene, ViewLayer | Synchronizing object | GEO-armor-block-649b14141fa27ecd47e6--FINISH--junction-lower-na
Fra:1 Mem:86.21M (Peak 86.21M) | Time:00:00.04 | Mem:0.00M, Peak:0.00M | Scene, ViewLayer | Synchronizing object | GEO-armor-block-edc8f579626e43feb839--FINISH--junction-lower-na
Fra:1 Mem:86.19M (Peak 86.21M) | Time:00:00.04 | Mem:0.00M, Peak:0.00M | Scene, ViewLayer | Synchronizing object | GEO-armor-block-edc8f579626e43feb839--FINISH--junction-upper-na
Fra:1 Mem:86.22M (Peak 86.22M) | Time:00:00.04 | Mem:0.00M, Peak:0.00M | Scene, ViewLayer | Synchronizing object | GEO-armor-block-edc8f579626e43feb839--FINISH--junction-wrapped-
Fra:1 Mem:86.20M (Peak 86.22M) | Time:00:00.04 | Mem:0.00M, Peak:0.00M | Scene, ViewLayer | Synchronizing object | GEO-armor-block-649b14141fa27ecd47e6--BACKING--closed-junction-
Fra:1 Mem:86.22M (Peak 86.22M) | Time:00:00.04 | Mem:0.00M, Peak:0.00M | Scene, ViewLayer | Synchronizing object | GEO-armor-block-e7911c4aae9fd2fecbb8--BACKING--closed-incoming-
Fra:1 Mem:86.22M (Peak 86.22M) | Time:00:00.04 | Mem:0.00M, Peak:0.00M | Scene, ViewLayer | Synchronizing object | GEO-armor-block-e7911c4aae9fd2fecbb8--BACKING--closed-outgoing-
Fra:1 Mem:86.22M (Peak 86.22M) | Time:00:00.04 | Mem:0.00M, Peak:0.00M | Scene, ViewLayer | Synchronizing object | GEO-armor-block-e7911c4aae9fd2fecbb8--BACKING--closed-solid-bod
Fra:1 Mem:86.22M (Peak 86.22M) | Time:00:00.04 | Mem:0.00M, Peak:0.00M | Scene, ViewLayer | Synchronizing object | GEO-armor-block-e7911c4aae9fd2fecbb8--FINISH--vent-dark-well
Fra:1 Mem:86.23M (Peak 86.23M) | Time:00:00.04 | Mem:0.00M, Peak:0.00M | Scene, ViewLayer | Synchronizing object | GEO-armor-block-e7911c4aae9fd2fecbb8--FINISH--cyan-flush-status
Fra:1 Mem:86.23M (Peak 86.23M) | Time:00:00.04 | Mem:0.00M, Peak:0.00M | Scene, ViewLayer | Synchronizing object | GEO-armor-block-e7911c4aae9fd2fecbb8--FINISH--deep-vent-lou
Fra:1 Mem:86.22M (Peak 86.23M) | Time:00:00.04 | Mem:0.00M, Peak:0.00M | Scene, ViewLayer | Synchronizing object | GEO-armor-block-e7911c4aae9fd2fecbb8--FINISH--upper-stepped-sho
Fra:1 Mem:86.24M (Peak 86.24M) | Time:00:00.04 | Mem:0.00M, Peak:0.00M | Scene, ViewLayer | Synchronizing object | GEO-armor-block-e7911c4aae9fd2fecbb8--FINISH--deep-vent-lou.001
Fra:1 Mem:86.25M (Peak 86.25M) | Time:00:00.04 | Mem:0.00M, Peak:0.00M | Scene, ViewLayer | Synchronizing object | GEO-armor-block-e7911c4aae9fd2fecbb8--FINISH--deep-vent-lou.002
Fra:1 Mem:86.25M (Peak 86.25M) | Time:00:00.04 | Mem:0.00M, Peak:0.00M | Scene, ViewLayer | Synchronizing object | GEO-armor-block-e7911c4aae9fd2fecbb8--FINISH--deep-vent-lou.003
Fra:1 Mem:86.25M (Peak 86.25M) | Time:00:00.04 | Mem:0.00M, Peak:0.00M | Scene, ViewLayer | Synchronizing object | GEO-armor-block-e7911c4aae9fd2fecbb8--FINISH--recess-shadow-sea
Fra:1 Mem:86.25M (Peak 86.25M) | Time:00:00.04 | Mem:0.00M, Peak:0.00M | Scene, ViewLayer | Synchronizing object | GEO-armor-block-e7911c4aae9fd2fecbb8--FINISH--deep-vent-lou.004
Fra:1 Mem:86.26M (Peak 86.26M) | Time:00:00.04 | Mem:0.00M, Peak:0.00M | Scene, ViewLayer | Synchronizing object | GEO-armor-block-e7911c4aae9fd2fecbb8--FINISH--deep-vent-lou.005
Fra:1 Mem:86.26M (Peak 86.26M) | Time:00:00.04 | Mem:0.00M, Peak:0.00M | Scene, ViewLayer | Synchronizing object | GEO-armor-block-e7911c4aae9fd2fecbb8--FINISH--deep-vent-lou.006
Fra:1 Mem:86.26M (Peak 86.26M) | Time:00:00.04 | Mem:0.00M, Peak:0.00M | Scene, ViewLayer | Synchronizing object | GEO-armor-block-e7911c4aae9fd2fecbb8--FINISH--pale-wrapped-conn
Fra:1 Mem:86.26M (Peak 86.26M) | Time:00:00.04 | Mem:0.00M, Peak:0.00M | Scene, ViewLayer | Synchronizing object | GEO-armor-block-e7911c4aae9fd2fecbb8--FINISH--deep-vent-lou.007
Fra:1 Mem:86.27M (Peak 86.27M) | Time:00:00.04 | Mem:0.00M, Peak:0.00M | Scene, ViewLayer | Synchronizing object | GEO-armor-block-e7911c4aae9fd2fecbb8--FINISH--deep-vent-louver-
Fra:1 Mem:86.27M (Peak 86.27M) | Time:00:00.04 | Mem:0.00M, Peak:0.00M | Scene, ViewLayer | Synchronizing object | GEO-armor-block-e7911c4aae9fd2fecbb8--FINISH--interchangeable-v
Fra:1 Mem:86.27M (Peak 86.27M) | Time:00:00.04 | Mem:0.00M, Peak:0.00M | Scene, ViewLayer | Synchronizing object | GEO-armor-block-e7911c4aae9fd2fecbb8--FINISH--lower-impact-
Fra:1 Mem:86.28M (Peak 86.28M) | Time:00:00.04 | Mem:0.00M, Peak:0.00M | Scene, ViewLayer | Synchronizing object | GEO-armor-block-e7911c4aae9fd2fecbb8--FINISH--pale-wrapped-
Fra:1 Mem:86.29M (Peak 86.29M) | Time:00:00.04 | Mem:0.00M, Peak:0.00M | Scene, ViewLayer | Synchronizing object | GEO-armor-block-e7911c4aae9fd2fecbb8--FINISH--lower-impact-.001
Fra:1 Mem:86.31M (Peak 86.31M) | Time:00:00.04 | Mem:0.00M, Peak:0.00M | Scene, ViewLayer | Synchronizing object | GEO-armor-block-e7911c4aae9fd2fecbb8--FINISH--lower-impact-rail
Fra:1 Mem:86.30M (Peak 86.31M) | Time:00:00.04 | Mem:0.00M, Peak:0.00M | Scene, ViewLayer | Initializing
Fra:1 Mem:83.87M (Peak 86.31M) | Time:00:00.04 | Mem:0.00M, Peak:0.00M | Scene, ViewLayer | Updating Images | Loading armor-basecolor
Fra:1 Mem:83.87M (Peak 86.31M) | Time:00:00.04 | Mem:0.00M, Peak:0.00M | Scene, ViewLayer | Updating Images | Loading armor-normal.024
Fra:1 Mem:115.90M (Peak 115.90M) | Time:00:00.08 | Mem:4.00M, Peak:4.00M | Scene, ViewLayer | Updating Images | Loading armor-basecolor.003
Fra:1 Mem:111.89M (Peak 119.90M) | Time:00:00.08 | Mem:8.00M, Peak:8.00M | Scene, ViewLayer | Updating Images | Loading armor-roughness.003
Fra:1 Mem:115.89M (Peak 123.90M) | Time:00:00.08 | Mem:12.00M, Peak:12.00M | Scene, ViewLayer | Updating Images | Loading armor-normal.003
Fra:1 Mem:111.88M (Peak 123.90M) | Time:00:00.08 | Mem:16.00M, Peak:16.00M | Scene, ViewLayer | Updating Images | Loading armor-roughness.024
Fra:1 Mem:115.88M (Peak 123.90M) | Time:00:00.09 | Mem:20.00M, Peak:20.00M | Scene, ViewLayer | Updating Images | Loading armor-basecolor.005
Fra:1 Mem:119.88M (Peak 127.89M) | Time:00:00.09 | Mem:24.00M, Peak:24.00M | Scene, ViewLayer | Updating Images | Loading armor-roughness.005
Fra:1 Mem:131.89M (Peak 139.90M) | Time:00:00.12 | Mem:28.00M, Peak:28.00M | Scene, ViewLayer | Updating Images | Loading armor-normal.005
Fra:1 Mem:127.88M (Peak 139.90M) | Time:00:00.12 | Mem:32.00M, Peak:32.00M | Scene, ViewLayer | Updating Images | Loading armor-basecolor.024
Fra:1 Mem:131.88M (Peak 139.90M) | Time:00:00.13 | Mem:36.00M, Peak:36.00M | Scene, ViewLayer | Updating Images | Loading armor-basecolor.002
Fra:1 Mem:135.88M (Peak 143.89M) | Time:00:00.13 | Mem:40.00M, Peak:40.00M | Scene, ViewLayer | Updating Images | Loading armor-roughness.002
Fra:1 Mem:139.88M (Peak 147.89M) | Time:00:00.13 | Mem:44.00M, Peak:44.00M | Scene, ViewLayer | Updating Images | Loading armor-normal.002
Fra:1 Mem:143.88M (Peak 151.89M) | Time:00:00.13 | Mem:48.00M, Peak:48.00M | Scene, ViewLayer | Updating Images | Loading armor-normal.023
Fra:1 Mem:151.89M (Peak 159.90M) | Time:00:00.16 | Mem:52.00M, Peak:52.00M | Scene, ViewLayer | Updating Images | Loading armor-basecolor.004
Fra:1 Mem:159.89M (Peak 167.90M) | Time:00:00.17 | Mem:56.00M, Peak:56.00M | Scene, ViewLayer | Updating Images | Loading armor-roughness.004
Fra:1 Mem:163.89M (Peak 171.90M) | Time:00:00.17 | Mem:60.00M, Peak:60.00M | Scene, ViewLayer | Updating Images | Loading armor-normal.004
Fra:1 Mem:159.88M (Peak 171.90M) | Time:00:00.17 | Mem:64.00M, Peak:64.00M | Scene, ViewLayer | Updating Images | Loading armor-basecolor.018
Fra:1 Mem:171.89M (Peak 179.90M) | Time:00:00.18 | Mem:68.00M, Peak:68.00M | Scene, ViewLayer | Updating Images | Loading armor-roughness.018
Fra:1 Mem:167.88M (Peak 179.90M) | Time:00:00.18 | Mem:72.00M, Peak:72.00M | Scene, ViewLayer | Updating Images | Loading armor-normal.018
Fra:1 Mem:179.89M (Peak 187.90M) | Time:00:00.19 | Mem:76.00M, Peak:76.00M | Scene, ViewLayer | Updating Images | Loading armor-basecolor.006
Fra:1 Mem:175.88M (Peak 187.90M) | Time:00:00.19 | Mem:80.00M, Peak:80.00M | Scene, ViewLayer | Updating Images | Loading armor-roughness.023
Fra:1 Mem:187.89M (Peak 195.90M) | Time:00:00.19 | Mem:84.00M, Peak:84.00M | Scene, ViewLayer | Updating Images | Loading armor-roughness.006
Fra:1 Mem:183.88M (Peak 195.90M) | Time:00:00.19 | Mem:88.00M, Peak:88.00M | Scene, ViewLayer | Updating Images | Loading armor-normal.006
Fra:1 Mem:195.89M (Peak 203.90M) | Time:00:00.20 | Mem:92.00M, Peak:92.00M | Scene, ViewLayer | Updating Images | Loading armor-basecolor.023
Fra:1 Mem:191.88M (Peak 203.90M) | Time:00:00.20 | Mem:96.00M, Peak:96.00M | Scene, ViewLayer | Updating Images | Loading armor-basecolor.007
Fra:1 Mem:195.88M (Peak 203.90M) | Time:00:00.20 | Mem:100.00M, Peak:100.00M | Scene, ViewLayer | Updating Images | Loading armor-roughness.007
Fra:1 Mem:199.88M (Peak 207.90M) | Time:00:00.21 | Mem:104.00M, Peak:104.00M | Scene, ViewLayer | Updating Images | Loading armor-normal.022
Fra:1 Mem:211.89M (Peak 219.90M) | Time:00:00.21 | Mem:108.00M, Peak:108.00M | Scene, ViewLayer | Updating Images | Loading armor-normal.007
Fra:1 Mem:211.89M (Peak 219.90M) | Time:00:00.22 | Mem:112.00M, Peak:112.00M | Scene, ViewLayer | Updating Images | Loading armor-basecolor.015
Fra:1 Mem:211.88M (Peak 219.90M) | Time:00:00.23 | Mem:116.00M, Peak:116.00M | Scene, ViewLayer | Updating Images | Loading armor-roughness.015
Fra:1 Mem:215.88M (Peak 223.90M) | Time:00:00.23 | Mem:120.00M, Peak:120.00M | Scene, ViewLayer | Updating Images | Loading armor-normal.015
Fra:1 Mem:235.90M (Peak 243.91M) | Time:00:00.24 | Mem:124.00M, Peak:124.00M | Scene, ViewLayer | Updating Images | Loading armor-basecolor.001
Fra:1 Mem:231.89M (Peak 243.91M) | Time:00:00.24 | Mem:128.00M, Peak:128.00M | Scene, ViewLayer | Updating Images | Loading armor-roughness.001
Fra:1 Mem:227.88M (Peak 243.91M) | Time:00:00.24 | Mem:132.00M, Peak:132.00M | Scene, ViewLayer | Updating Images | Loading armor-normal.001
Fra:1 Mem:231.88M (Peak 243.91M) | Time:00:00.26 | Mem:136.00M, Peak:136.00M | Scene, ViewLayer | Updating Images | Loading armor-basecolor.008
Fra:1 Mem:243.89M (Peak 251.90M) | Time:00:00.26 | Mem:140.00M, Peak:140.00M | Scene, ViewLayer | Updating Images | Loading armor-roughness.008
Fra:1 Mem:239.88M (Peak 251.90M) | Time:00:00.26 | Mem:144.00M, Peak:144.00M | Scene, ViewLayer | Updating Images | Loading armor-normal.008
Fra:1 Mem:243.88M (Peak 251.90M) | Time:00:00.27 | Mem:148.00M, Peak:148.00M | Scene, ViewLayer | Updating Images | Loading armor-basecolor.009
Fra:1 Mem:255.89M (Peak 263.90M) | Time:00:00.28 | Mem:152.00M, Peak:152.00M | Scene, ViewLayer | Updating Images | Loading armor-roughness.009
Fra:1 Mem:251.88M (Peak 263.90M) | Time:00:00.28 | Mem:156.00M, Peak:156.00M | Scene, ViewLayer | Updating Images | Loading armor-normal.009
Fra:1 Mem:263.89M (Peak 271.90M) | Time:00:00.29 | Mem:160.00M, Peak:160.00M | Scene, ViewLayer | Updating Images | Loading armor-basecolor.010
Fra:1 Mem:259.88M (Peak 271.90M) | Time:00:00.29 | Mem:164.00M, Peak:164.00M | Scene, ViewLayer | Updating Images | Loading armor-roughness.010
Fra:1 Mem:263.88M (Peak 271.90M) | Time:00:00.29 | Mem:168.00M, Peak:168.00M | Scene, ViewLayer | Updating Images | Loading armor-normal.010
Fra:1 Mem:283.90M (Peak 291.91M) | Time:00:00.31 | Mem:172.00M, Peak:172.00M | Scene, ViewLayer | Updating Images | Loading armor-roughness.022
Fra:1 Mem:287.90M (Peak 295.91M) | Time:00:00.31 | Mem:176.00M, Peak:176.00M | Scene, ViewLayer | Updating Images | Loading armor-basecolor.011
Fra:1 Mem:283.89M (Peak 295.91M) | Time:00:00.31 | Mem:180.00M, Peak:180.00M | Scene, ViewLayer | Updating Images | Loading armor-roughness.011
Fra:1 Mem:279.89M (Peak 295.91M) | Time:00:00.31 | Mem:184.00M, Peak:184.00M | Scene, ViewLayer | Updating Images | Loading armor-normal.011
Fra:1 Mem:283.89M (Peak 295.91M) | Time:00:00.32 | Mem:188.00M, Peak:188.00M | Scene, ViewLayer | Updating Images | Loading armor-basecolor.022
Fra:1 Mem:295.89M (Peak 303.90M) | Time:00:00.34 | Mem:192.00M, Peak:192.00M | Scene, ViewLayer | Updating Images | Loading armor-basecolor.012
Fra:1 Mem:291.89M (Peak 303.90M) | Time:00:00.35 | Mem:196.00M, Peak:196.00M | Scene, ViewLayer | Updating Images | Loading armor-roughness.012
Fra:1 Mem:295.89M (Peak 303.90M) | Time:00:00.35 | Mem:200.00M, Peak:200.00M | Scene, ViewLayer | Updating Images | Loading armor-normal.012
Fra:1 Mem:311.90M (Peak 315.90M) | Time:00:00.36 | Mem:204.00M, Peak:204.00M | Scene, ViewLayer | Updating Images | Loading armor-normal.021
Fra:1 Mem:319.90M (Peak 327.91M) | Time:00:00.37 | Mem:208.00M, Peak:208.00M | Scene, ViewLayer | Updating Images | Loading armor-basecolor.013
Fra:1 Mem:315.89M (Peak 327.91M) | Time:00:00.37 | Mem:212.00M, Peak:212.00M | Scene, ViewLayer | Updating Images | Loading armor-roughness.013
Fra:1 Mem:311.89M (Peak 327.91M) | Time:00:00.37 | Mem:216.00M, Peak:216.00M | Scene, ViewLayer | Updating Images | Loading armor-normal.013
Fra:1 Mem:331.90M (Peak 339.91M) | Time:00:00.38 | Mem:220.00M, Peak:220.00M | Scene, ViewLayer | Updating Images | Loading armor-basecolor.014
Fra:1 Mem:327.89M (Peak 339.91M) | Time:00:00.38 | Mem:224.00M, Peak:224.00M | Scene, ViewLayer | Updating Images | Loading armor-roughness.014
Fra:1 Mem:323.89M (Peak 339.91M) | Time:00:00.38 | Mem:228.00M, Peak:228.00M | Scene, ViewLayer | Updating Images | Loading armor-normal.014
Fra:1 Mem:343.90M (Peak 351.91M) | Time:00:00.40 | Mem:232.00M, Peak:232.00M | Scene, ViewLayer | Updating Images | Loading armor-basecolor.016
Fra:1 Mem:339.89M (Peak 351.91M) | Time:00:00.40 | Mem:236.00M, Peak:236.00M | Scene, ViewLayer | Updating Images | Loading armor-roughness.016
Fra:1 Mem:335.89M (Peak 351.91M) | Time:00:00.41 | Mem:240.00M, Peak:240.00M | Scene, ViewLayer | Updating Images | Loading armor-normal.016
Fra:1 Mem:339.89M (Peak 351.91M) | Time:00:00.41 | Mem:244.00M, Peak:244.00M | Scene, ViewLayer | Updating Images | Loading armor-basecolor.017
Fra:1 Mem:347.89M (Peak 351.91M) | Time:00:00.42 | Mem:248.00M, Peak:248.00M | Scene, ViewLayer | Updating Images | Loading armor-roughness.017
Fra:1 Mem:351.89M (Peak 359.90M) | Time:00:00.44 | Mem:252.00M, Peak:252.00M | Scene, ViewLayer | Updating Images | Loading armor-normal.017
Fra:1 Mem:363.90M (Peak 371.91M) | Time:00:00.44 | Mem:256.00M, Peak:256.00M | Scene, ViewLayer | Updating Images | Loading armor-basecolor.019
Fra:1 Mem:359.89M (Peak 371.91M) | Time:00:00.45 | Mem:260.00M, Peak:260.00M | Scene, ViewLayer | Updating Images | Loading armor-roughness.019
Fra:1 Mem:367.90M (Peak 375.91M) | Time:00:00.46 | Mem:264.00M, Peak:264.00M | Scene, ViewLayer | Updating Images | Loading armor-normal.019
Fra:1 Mem:375.91M (Peak 383.92M) | Time:00:00.46 | Mem:268.00M, Peak:268.00M | Scene, ViewLayer | Updating Images | Loading armor-roughness.021
Fra:1 Mem:383.90M (Peak 391.91M) | Time:00:00.47 | Mem:272.00M, Peak:272.00M | Scene, ViewLayer | Updating Images | Loading armor-basecolor.020
Fra:1 Mem:379.89M (Peak 391.91M) | Time:00:00.47 | Mem:276.00M, Peak:276.00M | Scene, ViewLayer | Updating Images | Loading armor-roughness.020
Fra:1 Mem:375.89M (Peak 391.91M) | Time:00:00.47 | Mem:280.00M, Peak:280.00M | Scene, ViewLayer | Updating Images | Loading armor-normal.020
Fra:1 Mem:387.89M (Peak 395.91M) | Time:00:00.47 | Mem:284.00M, Peak:284.00M | Scene, ViewLayer | Updating Images | Loading armor-basecolor.021
Fra:1 Mem:365.24M (Peak 407.91M) | Time:00:00.50 | Mem:300.00M, Peak:300.00M | Scene, ViewLayer | Waiting for render to start
Fra:1 Mem:365.24M (Peak 407.91M) | Time:00:00.50 | Mem:300.00M, Peak:300.00M | Scene, ViewLayer | Loading render kernels (may take a few minutes the first time)
Fra:1 Mem:365.24M (Peak 407.91M) | Time:00:00.50 | Mem:300.00M, Peak:300.00M | Scene, ViewLayer | Updating Scene
Fra:1 Mem:365.24M (Peak 407.91M) | Time:00:00.50 | Mem:300.00M, Peak:300.00M | Scene, ViewLayer | Updating Shaders
Fra:1 Mem:365.35M (Peak 407.91M) | Time:00:00.50 | Mem:300.03M, Peak:300.03M | Scene, ViewLayer | Updating Procedurals
Fra:1 Mem:365.35M (Peak 407.91M) | Time:00:00.50 | Mem:300.03M, Peak:300.03M | Scene, ViewLayer | Updating Background
Fra:1 Mem:365.35M (Peak 407.91M) | Time:00:00.50 | Mem:300.03M, Peak:300.03M | Scene, ViewLayer | Updating Camera
Fra:1 Mem:365.35M (Peak 407.91M) | Time:00:00.50 | Mem:300.03M, Peak:300.03M | Scene, ViewLayer | Updating Meshes Flags
Fra:1 Mem:365.35M (Peak 407.91M) | Time:00:00.50 | Mem:300.03M, Peak:300.03M | Scene, ViewLayer | Updating Objects
Fra:1 Mem:365.35M (Peak 407.91M) | Time:00:00.50 | Mem:300.03M, Peak:300.03M | Scene, ViewLayer | Updating Objects | Copying Transformations to device
Fra:1 Mem:365.49M (Peak 407.91M) | Time:00:00.50 | Mem:300.17M, Peak:300.17M | Scene, ViewLayer | Updating Objects | Applying Static Transformations
Fra:1 Mem:365.49M (Peak 407.91M) | Time:00:00.50 | Mem:300.17M, Peak:300.17M | Scene, ViewLayer | Updating Particle Systems
Fra:1 Mem:365.49M (Peak 407.91M) | Time:00:00.50 | Mem:300.17M, Peak:300.17M | Scene, ViewLayer | Updating Particle Systems | Copying Particles to device
Fra:1 Mem:365.49M (Peak 407.91M) | Time:00:00.50 | Mem:300.17M, Peak:300.17M | Scene, ViewLayer | Updating Meshes
Fra:1 Mem:365.57M (Peak 407.91M) | Time:00:00.50 | Mem:300.17M, Peak:300.17M | Scene, ViewLayer | Updating Mesh | Computing attributes
Fra:1 Mem:366.23M (Peak 407.91M) | Time:00:00.50 | Mem:300.21M, Peak:300.21M | Scene, ViewLayer | Updating Mesh | Copying Attributes to device
Fra:1 Mem:366.12M (Peak 407.91M) | Time:00:00.50 | Mem:300.72M, Peak:300.72M | Scene, ViewLayer | Updating Geometry BVH MESH-armor-block-d3fa0e462a519b5f36f8-upper-stepped-shoulder 3/114 | Building BVH
Fra:1 Mem:366.12M (Peak 407.91M) | Time:00:00.50 | Mem:300.72M, Peak:300.72M | Scene, ViewLayer | Updating Geometry BVH MESH-armor-block-d3fa0e462a519b5f36f8-cyan-flush-status-lens 1/114 | Building BVH
Fra:1 Mem:366.12M (Peak 407.91M) | Time:00:00.50 | Mem:300.72M, Peak:300.72M | Scene, ViewLayer | Updating Geometry BVH MESH-armor-block-d3fa0e462a519b5f36f8-cyan-flush-status-lens 1/114 | Building BVH 0%
Fra:1 Mem:366.12M (Peak 407.91M) | Time:00:00.50 | Mem:300.72M, Peak:300.72M | Scene, ViewLayer | Updating Geometry BVH MESH-armor-block-d3fa0e462a519b5f36f8-closed-incoming-wrapped-b 4/114 | Building BVH
Fra:1 Mem:366.12M (Peak 407.91M) | Time:00:00.50 | Mem:300.72M, Peak:300.72M | Scene, ViewLayer | Updating Geometry BVH MESH-armor-block-d3fa0e462a519b5f36f8-pale-wrapped-connector-ou 6/114 | Building BVH
Fra:1 Mem:366.12M (Peak 407.91M) | Time:00:00.50 | Mem:300.72M, Peak:300.72M | Scene, ViewLayer | Updating Geometry BVH MESH-armor-block-137dbd4b0d514b60c4c3-cyan-flush-status-lens 114/114 | Building BVH
Fra:1 Mem:366.12M (Peak 407.91M) | Time:00:00.50 | Mem:300.73M, Peak:300.73M | Scene, ViewLayer | Updating Geometry BVH MESH-armor-block-d3fa0e462a519b5f36f8-closed-outgoing-wrapped-b 7/114 | Building BVH
Fra:1 Mem:366.12M (Peak 407.91M) | Time:00:00.50 | Mem:300.73M, Peak:300.73M | Scene, ViewLayer | Updating Geometry BVH MESH-armor-block-d3fa0e462a519b5f36f8-interchangeable-plain-fac 8/114 | Building BVH
Fra:1 Mem:366.12M (Peak 407.91M) | Time:00:00.50 | Mem:300.73M, Peak:300.73M | Scene, ViewLayer | Updating Geometry BVH MESH-armor-block-d3fa0e462a519b5f36f8-pale-wrapped-connector-in 9/114 | Building BVH
Fra:1 Mem:366.12M (Peak 407.91M) | Time:00:00.50 | Mem:300.73M, Peak:300.74M | Scene, ViewLayer | Updating Geometry BVH MESH-armor-block-d3fa0e462a519b5f36f8-lower-impact-rail-left 11/114 | Building BVH
Fra:1 Mem:366.12M (Peak 407.91M) | Time:00:00.50 | Mem:300.74M, Peak:300.74M | Scene, ViewLayer | Updating Geometry BVH MESH-armor-block-d3fa0e462a519b5f36f8-recess-shadow-seat 12/114 | Building BVH
Fra:1 Mem:366.12M (Peak 407.91M) | Time:00:00.50 | Mem:300.74M, Peak:300.74M | Scene, ViewLayer | Updating Geometry BVH MESH-armor-block-db7ed5477c90dcffe64f-lower-impact-rail-right 14/114 | Building BVH
Fra:1 Mem:366.12M (Peak 407.91M) | Time:00:00.50 | Mem:300.74M, Peak:300.74M | Scene, ViewLayer | Updating Geometry BVH MESH-armor-block-db7ed5477c90dcffe64f-lower-impact-rail-cut-poc 15/114 | Building BVH
Fra:1 Mem:366.12M (Peak 407.91M) | Time:00:00.50 | Mem:300.74M, Peak:300.74M | Scene, ViewLayer | Updating Geometry BVH MESH-armor-block-db7ed5477c90dcffe64f-deep-vent-louver-8 16/114 | Building BVH
Fra:1 Mem:366.12M (Peak 407.91M) | Time:00:00.50 | Mem:300.75M, Peak:300.75M | Scene, ViewLayer | Updating Geometry BVH MESH-armor-block-db7ed5477c90dcffe64f-deep-vent-louver-2 17/114 | Building BVH
Fra:1 Mem:366.12M (Peak 407.91M) | Time:00:00.51 | Mem:300.75M, Peak:300.75M | Scene, ViewLayer | Updating Geometry BVH MESH-armor-block-db7ed5477c90dcffe64f-recess-shadow-seat 18/114 | Building BVH
Fra:1 Mem:366.12M (Peak 407.91M) | Time:00:00.51 | Mem:300.75M, Peak:300.75M | Scene, ViewLayer | Updating Geometry BVH MESH-armor-block-db7ed5477c90dcffe64f-deep-vent-louver-6 19/114 | Building BVH
Fra:1 Mem:366.12M (Peak 407.91M) | Time:00:00.51 | Mem:300.75M, Peak:300.75M | Scene, ViewLayer | Updating Geometry BVH MESH-armor-block-db7ed5477c90dcffe64f-closed-incoming-wrapped-b 21/114 | Building BVH
Fra:1 Mem:366.12M (Peak 407.91M) | Time:00:00.51 | Mem:300.75M, Peak:300.75M | Scene, ViewLayer | Updating Geometry BVH MESH-armor-block-db7ed5477c90dcffe64f-vent-dark-well 22/114 | Building BVH
Fra:1 Mem:366.12M (Peak 407.91M) | Time:00:00.51 | Mem:300.75M, Peak:300.75M | Scene, ViewLayer | Updating Geometry BVH MESH-armor-block-db7ed5477c90dcffe64f-interchangeable-vent-face 23/114 | Building BVH
Fra:1 Mem:366.12M (Peak 407.91M) | Time:00:00.51 | Mem:300.76M, Peak:300.76M | Scene, ViewLayer | Updating Geometry BVH MESH-armor-block-db7ed5477c90dcffe64f-closed-outgoing-wrapped-b 24/114 | Building BVH
Fra:1 Mem:366.12M (Peak 407.91M) | Time:00:00.51 | Mem:300.76M, Peak:300.76M | Scene, ViewLayer | Updating Geometry BVH MESH-armor-block-db7ed5477c90dcffe64f-pale-wrapped-connector-in 25/114 | Building BVH
Fra:1 Mem:366.12M (Peak 407.91M) | Time:00:00.51 | Mem:300.76M, Peak:300.76M | Scene, ViewLayer | Updating Geometry BVH MESH-armor-block-db7ed5477c90dcffe64f-deep-vent-louver-7 26/114 | Building BVH
Fra:1 Mem:366.12M (Peak 407.91M) | Time:00:00.51 | Mem:300.76M, Peak:300.76M | Scene, ViewLayer | Updating Geometry BVH MESH-armor-block-db7ed5477c90dcffe64f-cyan-flush-status-lens 27/114 | Building BVH
Fra:1 Mem:366.12M (Peak 407.91M) | Time:00:00.51 | Mem:300.76M, Peak:300.76M | Scene, ViewLayer | Updating Geometry BVH MESH-armor-block-db7ed5477c90dcffe64f-lower-impact-rail-left 28/114 | Building BVH
Fra:1 Mem:366.12M (Peak 407.91M) | Time:00:00.51 | Mem:300.77M, Peak:300.77M | Scene, ViewLayer | Updating Geometry BVH MESH-armor-block-db7ed5477c90dcffe64f-deep-vent-louver-5 29/114 | Building BVH
Fra:1 Mem:366.12M (Peak 407.91M) | Time:00:00.51 | Mem:300.77M, Peak:300.77M | Scene, ViewLayer | Updating Geometry BVH MESH-armor-block-137dbd4b0d514b60c4c3-recess-shadow-seat 113/114 | Building BVH
Fra:1 Mem:366.12M (Peak 407.91M) | Time:00:00.51 | Mem:300.77M, Peak:300.77M | Scene, ViewLayer | Updating Geometry BVH MESH-armor-block-db7ed5477c90dcffe64f-deep-vent-louver-3 31/114 | Building BVH
Fra:1 Mem:366.12M (Peak 407.91M) | Time:00:00.51 | Mem:300.77M, Peak:300.77M | Scene, ViewLayer | Updating Geometry BVH MESH-armor-block-db7ed5477c90dcffe64f-upper-stepped-shoulder 32/114 | Building BVH
Fra:1 Mem:366.12M (Peak 407.91M) | Time:00:00.51 | Mem:300.77M, Peak:300.77M | Scene, ViewLayer | Updating Geometry BVH MESH-armor-block-db7ed5477c90dcffe64f-pale-wrapped-connector-ou 33/114 | Building BVH
Fra:1 Mem:366.12M (Peak 407.91M) | Time:00:00.51 | Mem:300.77M, Peak:300.77M | Scene, ViewLayer | Updating Geometry BVH MESH-armor-block-db7ed5477c90dcffe64f-deep-vent-louver-1 34/114 | Building BVH
Fra:1 Mem:366.12M (Peak 407.91M) | Time:00:00.51 | Mem:300.78M, Peak:300.78M | Scene, ViewLayer | Updating Geometry BVH MESH-armor-block-137dbd4b0d514b60c4c3-closed-outgoing-wrapped-b 112/114 | Building BVH
Fra:1 Mem:366.12M (Peak 407.91M) | Time:00:00.51 | Mem:300.78M, Peak:300.78M | Scene, ViewLayer | Updating Geometry BVH MESH-armor-block-15a405777ecce0335b21-junction-lower-navy-shoe 35/114 | Building BVH
Fra:1 Mem:366.12M (Peak 407.91M) | Time:00:00.51 | Mem:300.78M, Peak:300.78M | Scene, ViewLayer | Updating Geometry BVH MESH-armor-block-15a405777ecce0335b21-closed-junction-wedge 36/114 | Building BVH
Fra:1 Mem:366.12M (Peak 407.91M) | Time:00:00.51 | Mem:300.78M, Peak:300.78M | Scene, ViewLayer | Updating Geometry BVH MESH-armor-block-137dbd4b0d514b60c4c3-closed-incoming-wrapped-b 111/114 | Building BVH
Fra:1 Mem:366.12M (Peak 407.91M) | Time:00:00.51 | Mem:300.78M, Peak:300.78M | Scene, ViewLayer | Updating Geometry BVH MESH-armor-block-15a405777ecce0335b21-junction-wrapped-pale-con 37/114 | Building BVH
Fra:1 Mem:366.12M (Peak 407.91M) | Time:00:00.51 | Mem:300.78M, Peak:300.78M | Scene, ViewLayer | Updating Geometry BVH MESH-armor-block-137dbd4b0d514b60c4c3-utility-status-lens 110/114 | Building BVH
Fra:1 Mem:366.12M (Peak 407.91M) | Time:00:00.51 | Mem:300.78M, Peak:300.78M | Scene, ViewLayer | Updating Geometry BVH MESH-armor-block-15a405777ecce0335b21-junction-upper-navy-shoul 38/114 | Building BVH
Fra:1 Mem:366.12M (Peak 407.91M) | Time:00:00.51 | Mem:300.79M, Peak:300.79M | Scene, ViewLayer | Updating Geometry BVH MESH-armor-block-1676c64748013f376c0a-junction-upper-navy-shoul 39/114 | Building BVH
Fra:1 Mem:366.12M (Peak 407.91M) | Time:00:00.51 | Mem:300.79M, Peak:300.79M | Scene, ViewLayer | Updating Geometry BVH MESH-armor-block-137dbd4b0d514b60c4c3-pale-wrapped-connector-ou 109/114 | Building BVH
Fra:1 Mem:366.12M (Peak 407.91M) | Time:00:00.51 | Mem:300.79M, Peak:300.79M | Scene, ViewLayer | Updating Geometry BVH MESH-armor-block-1676c64748013f376c0a-closed-junction-wedge 40/114 | Building BVH
Fra:1 Mem:366.12M (Peak 407.91M) | Time:00:00.51 | Mem:300.79M, Peak:300.79M | Scene, ViewLayer | Updating Geometry BVH MESH-armor-block-1676c64748013f376c0a-junction-lower-navy-shoe 41/114 | Building BVH
Fra:1 Mem:366.12M (Peak 407.91M) | Time:00:00.51 | Mem:300.80M, Peak:300.80M | Scene, ViewLayer | Updating Geometry BVH MESH-armor-block-1676c64748013f376c0a-junction-wrapped-pale-con 42/114 | Building BVH
Fra:1 Mem:366.12M (Peak 407.91M) | Time:00:00.51 | Mem:300.80M, Peak:300.80M | Scene, ViewLayer | Updating Geometry BVH MESH-armor-block-137dbd4b0d514b60c4c3-upper-stepped-shoulder 108/114 | Building BVH
Fra:1 Mem:366.12M (Peak 407.91M) | Time:00:00.51 | Mem:300.80M, Peak:300.80M | Scene, ViewLayer | Updating Geometry BVH MESH-armor-block-05c9d73568be3ad2e6b8-closed-outgoing-wrapped-b 44/114 | Building BVH
Fra:1 Mem:366.12M (Peak 407.91M) | Time:00:00.51 | Mem:300.80M, Peak:300.81M | Scene, ViewLayer | Updating Geometry BVH MESH-armor-block-137dbd4b0d514b60c4c3-lower-impact-rail-right 107/114 | Building BVH
Fra:1 Mem:366.12M (Peak 407.91M) | Time:00:00.51 | Mem:300.81M, Peak:300.81M | Scene, ViewLayer | Updating Geometry BVH MESH-armor-block-05c9d73568be3ad2e6b8-deep-vent-louver-8 47/114 | Building BVH
Fra:1 Mem:366.12M (Peak 407.91M) | Time:00:00.51 | Mem:300.81M, Peak:300.81M | Scene, ViewLayer | Updating Geometry BVH MESH-armor-block-05c9d73568be3ad2e6b8-recess-shadow-seat 48/114 | Building BVH
Fra:1 Mem:366.12M (Peak 407.91M) | Time:00:00.51 | Mem:300.81M, Peak:300.81M | Scene, ViewLayer | Updating Geometry BVH MESH-armor-block-137dbd4b0d514b60c4c3-closed-solid-body 106/114 | Building BVH
Fra:1 Mem:366.12M (Peak 407.91M) | Time:00:00.51 | Mem:300.81M, Peak:300.81M | Scene, ViewLayer | Updating Geometry BVH MESH-armor-block-05c9d73568be3ad2e6b8-deep-vent-louver-5 50/114 | Building BVH
Fra:1 Mem:366.12M (Peak 407.91M) | Time:00:00.51 | Mem:300.81M, Peak:300.81M | Scene, ViewLayer | Updating Geometry BVH MESH-armor-block-137dbd4b0d514b60c4c3-lower-impact-rail-left 105/114 | Building BVH
Fra:1 Mem:366.12M (Peak 407.91M) | Time:00:00.51 | Mem:300.82M, Peak:300.82M | Scene, ViewLayer | Updating Geometry BVH MESH-armor-block-05c9d73568be3ad2e6b8-interchangeable-vent-face 53/114 | Building BVH
Fra:1 Mem:366.12M (Peak 407.91M) | Time:00:00.51 | Mem:300.82M, Peak:300.82M | Scene, ViewLayer | Updating Geometry BVH MESH-armor-block-137dbd4b0d514b60c4c3-pale-wrapped-connector-in 104/114 | Building BVH
Fra:1 Mem:366.12M (Peak 407.91M) | Time:00:00.51 | Mem:300.82M, Peak:300.82M | Scene, ViewLayer | Updating Geometry BVH MESH-armor-block-05c9d73568be3ad2e6b8-deep-vent-louver-1 54/114 | Building BVH
Fra:1 Mem:366.12M (Peak 407.91M) | Time:00:00.51 | Mem:300.83M, Peak:300.83M | Scene, ViewLayer | Updating Geometry BVH MESH-armor-block-05c9d73568be3ad2e6b8-pale-wrapped-connector-in 55/114 | Building BVH
Fra:1 Mem:366.12M (Peak 407.91M) | Time:00:00.51 | Mem:300.83M, Peak:300.83M | Scene, ViewLayer | Updating Geometry BVH MESH-armor-block-05c9d73568be3ad2e6b8-deep-vent-louver-7 56/114 | Building BVH
Fra:1 Mem:366.12M (Peak 407.91M) | Time:00:00.51 | Mem:300.83M, Peak:300.83M | Scene, ViewLayer | Updating Geometry BVH MESH-armor-block-05c9d73568be3ad2e6b8-closed-solid-body 57/114 | Building BVH
Fra:1 Mem:366.12M (Peak 407.91M) | Time:00:00.51 | Mem:300.83M, Peak:300.83M | Scene, ViewLayer | Updating Geometry BVH MESH-armor-block-05c9d73568be3ad2e6b8-lower-impact-rail-left 58/114 | Building BVH
Fra:1 Mem:366.12M (Peak 407.91M) | Time:00:00.51 | Mem:300.84M, Peak:300.84M | Scene, ViewLayer | Updating Geometry BVH MESH-armor-block-137dbd4b0d514b60c4c3-utility-removable-box 102/114 | Building BVH
Fra:1 Mem:366.12M (Peak 407.91M) | Time:00:00.51 | Mem:300.84M, Peak:300.84M | Scene, ViewLayer | Updating Geometry BVH MESH-armor-block-05c9d73568be3ad2e6b8-lower-impact-rail-cut-poc 59/114 | Building BVH
Fra:1 Mem:366.12M (Peak 407.91M) | Time:00:00.51 | Mem:300.84M, Peak:300.84M | Scene, ViewLayer | Updating Geometry BVH MESH-armor-block-05c9d73568be3ad2e6b8-deep-vent-louver-0 60/114 | Building BVH
Fra:1 Mem:366.12M (Peak 407.91M) | Time:00:00.51 | Mem:300.84M, Peak:300.84M | Scene, ViewLayer | Updating Geometry BVH MESH-armor-block-05c9d73568be3ad2e6b8-deep-vent-louver-2 61/114 | Building BVH
Fra:1 Mem:366.12M (Peak 407.91M) | Time:00:00.51 | Mem:300.85M, Peak:300.85M | Scene, ViewLayer | Updating Geometry BVH MESH-armor-block-05c9d73568be3ad2e6b8-upper-stepped-shoulder 62/114 | Building BVH
Fra:1 Mem:366.12M (Peak 407.91M) | Time:00:00.51 | Mem:300.85M, Peak:300.85M | Scene, ViewLayer | Updating Geometry BVH MESH-armor-block-05c9d73568be3ad2e6b8-pale-wrapped-connector-ou 63/114 | Building BVH
Fra:1 Mem:366.12M (Peak 407.91M) | Time:00:00.51 | Mem:300.85M, Peak:300.85M | Scene, ViewLayer | Updating Geometry BVH MESH-armor-block-05c9d73568be3ad2e6b8-deep-vent-louver-6 64/114 | Building BVH
Fra:1 Mem:366.12M (Peak 407.91M) | Time:00:00.51 | Mem:300.86M, Peak:300.86M | Scene, ViewLayer | Updating Geometry BVH MESH-armor-block-79d4507d7b58226cbe80-pale-wrapped-connector-ou 65/114 | Building BVH
Fra:1 Mem:366.12M (Peak 407.91M) | Time:00:00.51 | Mem:300.86M, Peak:300.86M | Scene, ViewLayer | Updating Geometry BVH MESH-armor-block-79d4507d7b58226cbe80-closed-solid-body 67/114 | Building BVH
Fra:1 Mem:366.12M (Peak 407.91M) | Time:00:00.51 | Mem:300.87M, Peak:300.87M | Scene, ViewLayer | Updating Geometry BVH MESH-armor-block-79d4507d7b58226cbe80-lower-impact-rail-cut-poc 68/114 | Building BVH
Fra:1 Mem:366.12M (Peak 407.91M) | Time:00:00.51 | Mem:300.86M, Peak:300.87M | Scene, ViewLayer | Updating Geometry BVH MESH-armor-block-79d4507d7b58226cbe80-lower-impact-rail-left 69/114 | Building BVH
Fra:1 Mem:366.12M (Peak 407.91M) | Time:00:00.51 | Mem:300.87M, Peak:300.87M | Scene, ViewLayer | Updating Geometry BVH MESH-armor-block-79d4507d7b58226cbe80-upper-stepped-shoulder 70/114 | Building BVH
Fra:1 Mem:366.12M (Peak 407.91M) | Time:00:00.51 | Mem:300.88M, Peak:300.88M | Scene, ViewLayer | Updating Geometry BVH MESH-armor-block-79d4507d7b58226cbe80-pale-wrapped-connector-in 72/114 | Building BVH
Fra:1 Mem:366.12M (Peak 407.91M) | Time:00:00.51 | Mem:300.88M, Peak:300.88M | Scene, ViewLayer | Updating Geometry BVH MESH-armor-block-79d4507d7b58226cbe80-closed-outgoing-wrapped-b 73/114 | Building BVH
Fra:1 Mem:366.12M (Peak 407.91M) | Time:00:00.51 | Mem:300.88M, Peak:300.88M | Scene, ViewLayer | Updating Geometry BVH MESH-armor-block-79d4507d7b58226cbe80-interchangeable-plain-fac 75/114 | Building BVH
Fra:1 Mem:366.12M (Peak 407.91M) | Time:00:00.51 | Mem:300.88M, Peak:300.89M | Scene, ViewLayer | Updating Geometry BVH MESH-armor-block-79d4507d7b58226cbe80-lower-impact-rail-right 76/114 | Building BVH
Fra:1 Mem:366.12M (Peak 407.91M) | Time:00:00.51 | Mem:300.89M, Peak:300.89M | Scene, ViewLayer | Updating Geometry BVH MESH-armor-block-43965fec43941bd88fcc-interchangeable-plain-fac 77/114 | Building BVH
Fra:1 Mem:366.12M (Peak 407.91M) | Time:00:00.51 | Mem:300.89M, Peak:300.90M | Scene, ViewLayer | Updating Geometry BVH MESH-armor-block-af0cc716991642374212-pale-wrapped-connector-ou 97/114 | Building BVH
Fra:1 Mem:366.12M (Peak 407.91M) | Time:00:00.51 | Mem:300.89M, Peak:300.90M | Scene, ViewLayer | Updating Geometry BVH MESH-armor-block-43965fec43941bd88fcc-lower-impact-rail-right 79/114 | Building BVH
Fra:1 Mem:366.12M (Peak 407.91M) | Time:00:00.51 | Mem:300.91M, Peak:300.91M | Scene, ViewLayer | Updating Geometry BVH MESH-armor-block-af0cc716991642374212-lower-impact-rail-cut-poc 96/114 | Building BVH
Fra:1 Mem:366.12M (Peak 407.91M) | Time:00:00.51 | Mem:300.91M, Peak:300.91M | Scene, ViewLayer | Updating Geometry BVH MESH-armor-block-43965fec43941bd88fcc-closed-outgoing-wrapped-b 81/114 | Building BVH
Fra:1 Mem:366.12M (Peak 407.91M) | Time:00:00.51 | Mem:300.91M, Peak:300.91M | Scene, ViewLayer | Updating Geometry BVH MESH-armor-block-43965fec43941bd88fcc-upper-stepped-shoulder 82/114 | Building BVH
Fra:1 Mem:366.12M (Peak 407.91M) | Time:00:00.51 | Mem:300.91M, Peak:300.91M | Scene, ViewLayer | Updating Geometry BVH MESH-armor-block-43965fec43941bd88fcc-cyan-flush-status-lens 83/114 | Building BVH
Fra:1 Mem:366.12M (Peak 407.91M) | Time:00:00.51 | Mem:300.91M, Peak:300.91M | Scene, ViewLayer | Updating Geometry BVH MESH-armor-block-43965fec43941bd88fcc-recess-shadow-seat 85/114 | Building BVH
Fra:1 Mem:366.12M (Peak 407.91M) | Time:00:00.51 | Mem:300.92M, Peak:300.92M | Scene, ViewLayer | Updating Geometry BVH MESH-armor-block-af0cc716991642374212-interchangeable-red-servi 95/114 | Building BVH
Fra:1 Mem:366.12M (Peak 407.91M) | Time:00:00.51 | Mem:300.92M, Peak:300.92M | Scene, ViewLayer | Updating Geometry BVH MESH-armor-block-43965fec43941bd88fcc-lower-impact-rail-cut-poc 86/114 | Building BVH
Fra:1 Mem:366.12M (Peak 407.91M) | Time:00:00.51 | Mem:300.92M, Peak:300.92M | Scene, ViewLayer | Updating Geometry BVH MESH-armor-block-43965fec43941bd88fcc-lower-impact-rail-left 88/114 | Building BVH
Fra:1 Mem:366.12M (Peak 407.91M) | Time:00:00.51 | Mem:300.93M, Peak:300.93M | Scene, ViewLayer | Updating Geometry BVH MESH-armor-block-af0cc716991642374212-cyan-flush-status-lens 94/114 | Building BVH
Fra:1 Mem:366.12M (Peak 407.91M) | Time:00:00.51 | Mem:300.93M, Peak:300.93M | Scene, ViewLayer | Updating Geometry BVH MESH-armor-block-af0cc716991642374212-lower-impact-rail-right 89/114 | Building BVH
Fra:1 Mem:366.12M (Peak 407.91M) | Time:00:00.51 | Mem:300.93M, Peak:300.93M | Scene, ViewLayer | Updating Geometry BVH MESH-armor-block-af0cc716991642374212-pale-wrapped-connector-in 90/114 | Building BVH
Fra:1 Mem:366.12M (Peak 407.91M) | Time:00:00.51 | Mem:300.93M, Peak:300.93M | Scene, ViewLayer | Updating Geometry BVH MESH-armor-block-af0cc716991642374212-closed-outgoing-wrapped-b 93/114 | Building BVH
Fra:1 Mem:366.12M (Peak 407.91M) | Time:00:00.51 | Mem:300.94M, Peak:300.94M | Scene, ViewLayer | Updating Geometry BVH MESH-armor-block-af0cc716991642374212-closed-incoming-wrapped-b 91/114 | Building BVH
Fra:1 Mem:366.12M (Peak 407.91M) | Time:00:00.51 | Mem:300.94M, Peak:300.94M | Scene, ViewLayer | Updating Geometry BVH MESH-armor-block-af0cc716991642374212-upper-stepped-shoulder 92/114 | Building BVH
Fra:1 Mem:366.12M (Peak 407.91M) | Time:00:00.51 | Mem:300.94M, Peak:300.94M | Scene, ViewLayer | Updating Scene BVH | Building
Fra:1 Mem:366.13M (Peak 407.91M) | Time:00:00.51 | Mem:300.94M, Peak:300.94M | Scene, ViewLayer | Updating Scene BVH | Building BVH
Fra:1 Mem:366.13M (Peak 407.91M) | Time:00:00.51 | Mem:301.30M, Peak:301.39M | Scene, ViewLayer | Updating Scene BVH | Copying BVH to device
Fra:1 Mem:366.13M (Peak 407.91M) | Time:00:00.51 | Mem:301.30M, Peak:301.39M | Scene, ViewLayer | Updating Mesh | Computing normals
Fra:1 Mem:366.67M (Peak 407.91M) | Time:00:00.51 | Mem:301.30M, Peak:301.39M | Scene, ViewLayer | Updating Mesh | Copying Mesh to device
Fra:1 Mem:366.67M (Peak 407.91M) | Time:00:00.51 | Mem:301.84M, Peak:301.84M | Scene, ViewLayer | Updating Objects Flags
Fra:1 Mem:366.67M (Peak 407.91M) | Time:00:00.51 | Mem:301.84M, Peak:301.84M | Scene, ViewLayer | Updating Primitive Offsets
Fra:1 Mem:366.67M (Peak 407.91M) | Time:00:00.51 | Mem:301.84M, Peak:301.84M | Scene, ViewLayer | Updating Images
Fra:1 Mem:366.67M (Peak 407.91M) | Time:00:00.51 | Mem:301.84M, Peak:301.84M | Scene, ViewLayer | Updating Camera Volume
Fra:1 Mem:366.67M (Peak 407.91M) | Time:00:00.51 | Mem:301.84M, Peak:301.84M | Scene, ViewLayer | Updating Lookup Tables
Fra:1 Mem:366.67M (Peak 407.91M) | Time:00:00.51 | Mem:301.92M, Peak:301.92M | Scene, ViewLayer | Updating Lights
Fra:1 Mem:366.67M (Peak 407.91M) | Time:00:00.51 | Mem:301.92M, Peak:301.92M | Scene, ViewLayer | Updating Lights | Computing tree
Fra:1 Mem:366.71M (Peak 407.91M) | Time:00:00.51 | Mem:301.96M, Peak:301.96M | Scene, ViewLayer | Updating Integrator
Fra:1 Mem:366.71M (Peak 407.91M) | Time:00:00.51 | Mem:301.96M, Peak:301.96M | Scene, ViewLayer | Updating Film
Fra:1 Mem:366.71M (Peak 407.91M) | Time:00:00.51 | Mem:301.88M, Peak:301.96M | Scene, ViewLayer | Updating Lookup Tables
Fra:1 Mem:366.71M (Peak 407.91M) | Time:00:00.51 | Mem:301.97M, Peak:301.97M | Scene, ViewLayer | Updating Baking
Fra:1 Mem:366.71M (Peak 407.91M) | Time:00:00.51 | Mem:301.97M, Peak:301.97M | Scene, ViewLayer | Updating Device | Writing constant memory
Fra:1 Mem:366.72M (Peak 407.91M) | Time:00:00.51 | Mem:301.97M, Peak:301.97M | Scene, ViewLayer | Sample 0/64
Fra:1 Mem:403.82M (Peak 407.91M) | Time:00:00.71 | Remaining:00:12.92 | Mem:339.06M, Peak:339.06M | Scene, ViewLayer | Sample 1/64
Fra:1 Mem:420.30M (Peak 453.26M) | Time:00:08.82 | Mem:339.06M, Peak:339.06M | Scene, ViewLayer | Sample 64/64
Fra:1 Mem:420.30M (Peak 453.26M) | Time:00:08.82 | Mem:339.06M, Peak:339.06M | Scene, ViewLayer | Finished
Saved: '/root/sidereal_spacetime/assets/art-library/framed-wayfarer/r005/family-02/renders/alternate-station.png'
Time: 00:09.01 (Saving: 00:00.18)

22:40:48 | INFO: Data are loaded, start creating Blender stuff
22:40:48 | INFO: Blender create Mesh node MESH-armor-block-db7ed5477c90dcffe64f-closed-incoming-wrapped-b
22:40:48 | INFO: Blender create Mesh node MESH-armor-block-db7ed5477c90dcffe64f-closed-outgoing-wrapped-b
22:40:48 | INFO: Blender create Mesh node MESH-armor-block-db7ed5477c90dcffe64f-closed-solid-body
22:40:48 | INFO: Blender create Mesh node MESH-armor-block-db7ed5477c90dcffe64f-cyan-flush-status-lens
22:40:48 | INFO: Blender create Mesh node MESH-armor-block-db7ed5477c90dcffe64f-deep-vent-louver-1
22:40:48 | INFO: Blender create Mesh node MESH-armor-block-db7ed5477c90dcffe64f-deep-vent-louver-2
22:40:48 | INFO: Blender create Mesh node MESH-armor-block-db7ed5477c90dcffe64f-deep-vent-louver-3
22:40:48 | INFO: Blender create Mesh node MESH-armor-block-db7ed5477c90dcffe64f-deep-vent-louver-4
22:40:48 | INFO: Blender create Mesh node MESH-armor-block-db7ed5477c90dcffe64f-deep-vent-louver-5
22:40:48 | INFO: Blender create Mesh node MESH-armor-block-db7ed5477c90dcffe64f-deep-vent-louver-6
22:40:48 | INFO: Blender create Mesh node MESH-armor-block-db7ed5477c90dcffe64f-deep-vent-louver-7
22:40:48 | INFO: Blender create Mesh node MESH-armor-block-db7ed5477c90dcffe64f-deep-vent-louver-8
22:40:48 | INFO: Blender create Mesh node MESH-armor-block-db7ed5477c90dcffe64f-deep-vent-louver-0
22:40:48 | INFO: Blender create Mesh node MESH-armor-block-db7ed5477c90dcffe64f-interchangeable-vent-face
22:40:48 | INFO: Blender create Mesh node MESH-armor-block-db7ed5477c90dcffe64f-lower-impact-rail-right
22:40:48 | INFO: Blender create Mesh node MESH-armor-block-db7ed5477c90dcffe64f-lower-impact-rail-cut-poc
22:40:48 | INFO: Blender create Mesh node MESH-armor-block-db7ed5477c90dcffe64f-lower-impact-rail-left
22:40:48 | INFO: Blender create Mesh node MESH-armor-block-db7ed5477c90dcffe64f-pale-wrapped-connector-ou
22:40:48 | INFO: Blender create Mesh node MESH-armor-block-db7ed5477c90dcffe64f-pale-wrapped-connector-in
22:40:48 | INFO: Blender create Mesh node MESH-armor-block-db7ed5477c90dcffe64f-recess-shadow-seat
22:40:48 | INFO: Blender create Mesh node MESH-armor-block-db7ed5477c90dcffe64f-upper-stepped-shoulder
22:40:48 | INFO: Blender create Mesh node MESH-armor-block-db7ed5477c90dcffe64f-vent-dark-well
22:40:48 | INFO: glTF import finished in 0.01s
22:40:48 | INFO: Data are loaded, start creating Blender stuff
22:40:48 | INFO: Blender create Mesh node MESH-armor-block-05c9d73568be3ad2e6b8-closed-incoming-wrapped-b
22:40:48 | INFO: Blender create Mesh node MESH-armor-block-05c9d73568be3ad2e6b8-closed-outgoing-wrapped-b
22:40:48 | INFO: Blender create Mesh node MESH-armor-block-05c9d73568be3ad2e6b8-closed-solid-body
22:40:48 | INFO: Blender create Mesh node MESH-armor-block-05c9d73568be3ad2e6b8-cyan-flush-status-lens
22:40:48 | INFO: Blender create Mesh node MESH-armor-block-05c9d73568be3ad2e6b8-deep-vent-louver-1
22:40:48 | INFO: Blender create Mesh node MESH-armor-block-05c9d73568be3ad2e6b8-deep-vent-louver-2
22:40:48 | INFO: Blender create Mesh node MESH-armor-block-05c9d73568be3ad2e6b8-deep-vent-louver-3
22:40:48 | INFO: Blender create Mesh node MESH-armor-block-05c9d73568be3ad2e6b8-deep-vent-louver-4
22:40:48 | INFO: Blender create Mesh node MESH-armor-block-05c9d73568be3ad2e6b8-deep-vent-louver-5
22:40:48 | INFO: Blender create Mesh node MESH-armor-block-05c9d73568be3ad2e6b8-deep-vent-louver-6
22:40:48 | INFO: Blender create Mesh node MESH-armor-block-05c9d73568be3ad2e6b8-deep-vent-louver-7
22:40:48 | INFO: Blender create Mesh node MESH-armor-block-05c9d73568be3ad2e6b8-deep-vent-louver-8
22:40:48 | INFO: Blender create Mesh node MESH-armor-block-05c9d73568be3ad2e6b8-deep-vent-louver-0
22:40:48 | INFO: Blender create Mesh node MESH-armor-block-05c9d73568be3ad2e6b8-interchangeable-vent-face
22:40:48 | INFO: Blender create Mesh node MESH-armor-block-05c9d73568be3ad2e6b8-lower-impact-rail-right
22:40:48 | INFO: Blender create Mesh node MESH-armor-block-05c9d73568be3ad2e6b8-lower-impact-rail-cut-poc
22:40:48 | INFO: Blender create Mesh node MESH-armor-block-05c9d73568be3ad2e6b8-lower-impact-rail-left
22:40:48 | INFO: Blender create Mesh node MESH-armor-block-05c9d73568be3ad2e6b8-pale-wrapped-connector-ou
22:40:48 | INFO: Blender create Mesh node MESH-armor-block-05c9d73568be3ad2e6b8-pale-wrapped-connector-in
22:40:48 | INFO: Blender create Mesh node MESH-armor-block-05c9d73568be3ad2e6b8-recess-shadow-seat
22:40:48 | INFO: Blender create Mesh node MESH-armor-block-05c9d73568be3ad2e6b8-upper-stepped-shoulder
22:40:48 | INFO: Blender create Mesh node MESH-armor-block-05c9d73568be3ad2e6b8-vent-dark-well
22:40:48 | INFO: glTF import finished in 0.01s
22:40:48 | INFO: Data are loaded, start creating Blender stuff
22:40:48 | INFO: Blender create Mesh node MESH-armor-block-15a405777ecce0335b21-closed-junction-wedge
22:40:48 | INFO: Blender create Mesh node MESH-armor-block-15a405777ecce0335b21-junction-lower-navy-shoe
22:40:48 | INFO: Blender create Mesh node MESH-armor-block-15a405777ecce0335b21-junction-upper-navy-shoul
22:40:48 | INFO: Blender create Mesh node MESH-armor-block-15a405777ecce0335b21-junction-wrapped-pale-con
22:40:48 | INFO: glTF import finished in 0.01s
22:40:48 | INFO: Data are loaded, start creating Blender stuff
22:40:48 | INFO: Blender create Mesh node MESH-armor-block-d3fa0e462a519b5f36f8-closed-incoming-wrapped-b
22:40:48 | INFO: Blender create Mesh node MESH-armor-block-d3fa0e462a519b5f36f8-closed-outgoing-wrapped-b
22:40:48 | INFO: Blender create Mesh node MESH-armor-block-d3fa0e462a519b5f36f8-closed-solid-body
22:40:48 | INFO: Blender create Mesh node MESH-armor-block-d3fa0e462a519b5f36f8-cyan-flush-status-lens
22:40:48 | INFO: Blender create Mesh node MESH-armor-block-d3fa0e462a519b5f36f8-interchangeable-plain-fac
22:40:48 | INFO: Blender create Mesh node MESH-armor-block-d3fa0e462a519b5f36f8-lower-impact-rail-right
22:40:48 | INFO: Blender create Mesh node MESH-armor-block-d3fa0e462a519b5f36f8-lower-impact-rail-cut-poc
22:40:48 | INFO: Blender create Mesh node MESH-armor-block-d3fa0e462a519b5f36f8-lower-impact-rail-left
22:40:48 | INFO: Blender create Mesh node MESH-armor-block-d3fa0e462a519b5f36f8-pale-wrapped-connector-ou
22:40:48 | INFO: Blender create Mesh node MESH-armor-block-d3fa0e462a519b5f36f8-pale-wrapped-connector-in
22:40:48 | INFO: Blender create Mesh node MESH-armor-block-d3fa0e462a519b5f36f8-recess-shadow-seat
22:40:48 | INFO: Blender create Mesh node MESH-armor-block-d3fa0e462a519b5f36f8-upper-stepped-shoulder
22:40:48 | INFO: glTF import finished in 0.01s
22:40:48 | INFO: Data are loaded, start creating Blender stuff
22:40:48 | INFO: Blender create Mesh node MESH-armor-block-43965fec43941bd88fcc-closed-incoming-wrapped-b
22:40:48 | INFO: Blender create Mesh node MESH-armor-block-43965fec43941bd88fcc-closed-outgoing-wrapped-b
22:40:48 | INFO: Blender create Mesh node MESH-armor-block-43965fec43941bd88fcc-closed-solid-body
22:40:48 | INFO: Blender create Mesh node MESH-armor-block-43965fec43941bd88fcc-cyan-flush-status-lens
22:40:48 | INFO: Blender create Mesh node MESH-armor-block-43965fec43941bd88fcc-interchangeable-plain-fac
22:40:48 | INFO: Blender create Mesh node MESH-armor-block-43965fec43941bd88fcc-lower-impact-rail-right
22:40:48 | INFO: Blender create Mesh node MESH-armor-block-43965fec43941bd88fcc-lower-impact-rail-cut-poc
22:40:48 | INFO: Blender create Mesh node MESH-armor-block-43965fec43941bd88fcc-lower-impact-rail-left
22:40:48 | INFO: Blender create Mesh node MESH-armor-block-43965fec43941bd88fcc-pale-wrapped-connector-ou
22:40:48 | INFO: Blender create Mesh node MESH-armor-block-43965fec43941bd88fcc-pale-wrapped-connector-in
22:40:48 | INFO: Blender create Mesh node MESH-armor-block-43965fec43941bd88fcc-recess-shadow-seat
22:40:48 | INFO: Blender create Mesh node MESH-armor-block-43965fec43941bd88fcc-upper-stepped-shoulder
22:40:48 | INFO: glTF import finished in 0.01s
22:40:48 | INFO: Data are loaded, start creating Blender stuff
22:40:48 | INFO: Blender create Mesh node MESH-armor-block-af0cc716991642374212-closed-incoming-wrapped-b
22:40:48 | INFO: Blender create Mesh node MESH-armor-block-af0cc716991642374212-closed-outgoing-wrapped-b
22:40:48 | INFO: Blender create Mesh node MESH-armor-block-af0cc716991642374212-closed-solid-body
22:40:48 | INFO: Blender create Mesh node MESH-armor-block-af0cc716991642374212-cyan-flush-status-lens
22:40:48 | INFO: Blender create Mesh node MESH-armor-block-af0cc716991642374212-interchangeable-red-servi
22:40:48 | INFO: Blender create Mesh node MESH-armor-block-af0cc716991642374212-lower-impact-rail-right
22:40:48 | INFO: Blender create Mesh node MESH-armor-block-af0cc716991642374212-lower-impact-rail-cut-poc
22:40:48 | INFO: Blender create Mesh node MESH-armor-block-af0cc716991642374212-lower-impact-rail-left
22:40:48 | INFO: Blender create Mesh node MESH-armor-block-af0cc716991642374212-pale-wrapped-connector-ou
22:40:48 | INFO: Blender create Mesh node MESH-armor-block-af0cc716991642374212-pale-wrapped-connector-in
22:40:48 | INFO: Blender create Mesh node MESH-armor-block-af0cc716991642374212-recess-shadow-seat
22:40:48 | INFO: Blender create Mesh node MESH-armor-block-af0cc716991642374212-upper-stepped-shoulder
22:40:48 | INFO: glTF import finished in 0.01s
22:40:48 | INFO: Data are loaded, start creating Blender stuff
22:40:48 | INFO: Blender create Mesh node MESH-armor-block-e9bc6213d0d76ca7f44b-closed-incoming-wrapped-b
22:40:48 | INFO: Blender create Mesh node MESH-armor-block-e9bc6213d0d76ca7f44b-closed-outgoing-wrapped-b
22:40:48 | INFO: Blender create Mesh node MESH-armor-block-e9bc6213d0d76ca7f44b-closed-solid-body
22:40:48 | INFO: Blender create Mesh node MESH-armor-block-e9bc6213d0d76ca7f44b-cyan-flush-status-lens
22:40:48 | INFO: Blender create Mesh node MESH-armor-block-e9bc6213d0d76ca7f44b-interchangeable-red-servi
22:40:48 | INFO: Blender create Mesh node MESH-armor-block-e9bc6213d0d76ca7f44b-lower-impact-rail-right
22:40:48 | INFO: Blender create Mesh node MESH-armor-block-e9bc6213d0d76ca7f44b-lower-impact-rail-cut-poc
22:40:48 | INFO: Blender create Mesh node MESH-armor-block-e9bc6213d0d76ca7f44b-lower-impact-rail-left
22:40:48 | INFO: Blender create Mesh node MESH-armor-block-e9bc6213d0d76ca7f44b-pale-wrapped-connector-ou
22:40:48 | INFO: Blender create Mesh node MESH-armor-block-e9bc6213d0d76ca7f44b-pale-wrapped-connector-in
22:40:48 | INFO: Blender create Mesh node MESH-armor-block-e9bc6213d0d76ca7f44b-recess-shadow-seat
22:40:48 | INFO: Blender create Mesh node MESH-armor-block-e9bc6213d0d76ca7f44b-upper-stepped-shoulder
22:40:48 | INFO: glTF import finished in 0.01s
22:40:48 | INFO: Data are loaded, start creating Blender stuff
22:40:48 | INFO: Blender create Mesh node MESH-armor-block-075003ca42dee3ad88d4-closed-junction-wedge
22:40:48 | INFO: Blender create Mesh node MESH-armor-block-075003ca42dee3ad88d4-junction-lower-navy-shoe
22:40:48 | INFO: Blender create Mesh node MESH-armor-block-075003ca42dee3ad88d4-junction-upper-navy-shoul
22:40:48 | INFO: Blender create Mesh node MESH-armor-block-075003ca42dee3ad88d4-junction-wrapped-pale-con
22:40:48 | INFO: glTF import finished in 0.01s
22:40:48 | INFO: Data are loaded, start creating Blender stuff
22:40:48 | INFO: Blender create Mesh node MESH-armor-block-137dbd4b0d514b60c4c3-closed-incoming-wrapped-b
22:40:48 | INFO: Blender create Mesh node MESH-armor-block-137dbd4b0d514b60c4c3-closed-outgoing-wrapped-b
22:40:48 | INFO: Blender create Mesh node MESH-armor-block-137dbd4b0d514b60c4c3-closed-solid-body
22:40:48 | INFO: Blender create Mesh node MESH-armor-block-137dbd4b0d514b60c4c3-cyan-flush-status-lens
22:40:48 | INFO: Blender create Mesh node MESH-armor-block-137dbd4b0d514b60c4c3-interchangeable-utility-f
22:40:48 | INFO: Blender create Mesh node MESH-armor-block-137dbd4b0d514b60c4c3-lower-impact-rail-right
22:40:48 | INFO: Blender create Mesh node MESH-armor-block-137dbd4b0d514b60c4c3-lower-impact-rail-cut-poc
22:40:48 | INFO: Blender create Mesh node MESH-armor-block-137dbd4b0d514b60c4c3-lower-impact-rail-left
22:40:48 | INFO: Blender create Mesh node MESH-armor-block-137dbd4b0d514b60c4c3-pale-wrapped-connector-ou
22:40:48 | INFO: Blender create Mesh node MESH-armor-block-137dbd4b0d514b60c4c3-pale-wrapped-connector-in
22:40:48 | INFO: Blender create Mesh node MESH-armor-block-137dbd4b0d514b60c4c3-recess-shadow-seat
22:40:48 | INFO: Blender create Mesh node MESH-armor-block-137dbd4b0d514b60c4c3-upper-stepped-shoulder
22:40:48 | INFO: Blender create Mesh node MESH-armor-block-137dbd4b0d514b60c4c3-utility-removable-box
22:40:48 | INFO: Blender create Mesh node MESH-armor-block-137dbd4b0d514b60c4c3-utility-status-lens
22:40:48 | INFO: glTF import finished in 0.01s
22:40:48 | INFO: Data are loaded, start creating Blender stuff
22:40:48 | INFO: Blender create Mesh node MESH-armor-block-f731b556d8884e7d7557-closed-incoming-wrapped-b
22:40:48 | INFO: Blender create Mesh node MESH-armor-block-f731b556d8884e7d7557-closed-outgoing-wrapped-b
22:40:48 | INFO: Blender create Mesh node MESH-armor-block-f731b556d8884e7d7557-closed-solid-body
22:40:48 | INFO: Blender create Mesh node MESH-armor-block-f731b556d8884e7d7557-cyan-flush-status-lens
22:40:48 | INFO: Blender create Mesh node MESH-armor-block-f731b556d8884e7d7557-interchangeable-utility-f
22:40:48 | INFO: Blender create Mesh node MESH-armor-block-f731b556d8884e7d7557-lower-impact-rail-right
22:40:48 | INFO: Blender create Mesh node MESH-armor-block-f731b556d8884e7d7557-lower-impact-rail-cut-poc
22:40:48 | INFO: Blender create Mesh node MESH-armor-block-f731b556d8884e7d7557-lower-impact-rail-left
22:40:48 | INFO: Blender create Mesh node MESH-armor-block-f731b556d8884e7d7557-pale-wrapped-connector-ou
22:40:48 | INFO: Blender create Mesh node MESH-armor-block-f731b556d8884e7d7557-pale-wrapped-connector-in
22:40:48 | INFO: Blender create Mesh node MESH-armor-block-f731b556d8884e7d7557-recess-shadow-seat
22:40:48 | INFO: Blender create Mesh node MESH-armor-block-f731b556d8884e7d7557-upper-stepped-shoulder
22:40:48 | INFO: glTF import finished in 0.01s
22:40:48 | INFO: Data are loaded, start creating Blender stuff
22:40:48 | INFO: Blender create Mesh node MESH-armor-block-207cbce0274b3e836291-closed-junction-wedge
22:40:48 | INFO: Blender create Mesh node MESH-armor-block-207cbce0274b3e836291-junction-lower-navy-shoe
22:40:48 | INFO: Blender create Mesh node MESH-armor-block-207cbce0274b3e836291-junction-upper-navy-shoul
22:40:48 | INFO: Blender create Mesh node MESH-armor-block-207cbce0274b3e836291-junction-wrapped-pale-con
22:40:48 | INFO: glTF import finished in 0.01s
Fra:1 Mem:45.85M (Peak 45.85M) | Time:00:00.00 | Mem:0.00M, Peak:0.00M | Scene, ViewLayer | Synchronizing object | GEO-armor-block-db7ed5477c90dcffe64f--FINISH--deep-vent-lou.008
Fra:1 Mem:45.85M (Peak 45.85M) | Time:00:00.00 | Mem:0.00M, Peak:0.00M | Scene, ViewLayer | Synchronizing object | GEO-armor-block-db7ed5477c90dcffe64f--FINISH--deep-vent-lou.010
Fra:1 Mem:45.88M (Peak 45.88M) | Time:00:00.01 | Mem:0.00M, Peak:0.00M | Scene, ViewLayer | Synchronizing object | GEO-armor-block-db7ed5477c90dcffe64f--FINISH--recess-shadow
Fra:1 Mem:45.87M (Peak 45.88M) | Time:00:00.01 | Mem:0.00M, Peak:0.00M | Scene, ViewLayer | Synchronizing object | GEO-armor-block-db7ed5477c90dcffe64f--BACKING--closed-solid
Fra:1 Mem:45.88M (Peak 45.88M) | Time:00:00.01 | Mem:0.00M, Peak:0.00M | Scene, ViewLayer | Synchronizing object | GEO-armor-block-db7ed5477c90dcffe64f--BACKING--closed-incom
Fra:1 Mem:45.88M (Peak 45.88M) | Time:00:00.01 | Mem:0.00M, Peak:0.00M | Scene, ViewLayer | Synchronizing object | GEO-armor-block-db7ed5477c90dcffe64f--FINISH--interchangeab
Fra:1 Mem:45.89M (Peak 45.89M) | Time:00:00.01 | Mem:0.00M, Peak:0.00M | Scene, ViewLayer | Synchronizing object | GEO-armor-block-db7ed5477c90dcffe64f--FINISH--upper-stepped
Fra:1 Mem:45.90M (Peak 45.90M) | Time:00:00.01 | Mem:0.00M, Peak:0.00M | Scene, ViewLayer | Synchronizing object | GEO-armor-block-db7ed5477c90dcffe64f--FINISH--deep-vent-lou.011
Fra:1 Mem:45.90M (Peak 45.90M) | Time:00:00.01 | Mem:0.00M, Peak:0.00M | Scene, ViewLayer | Synchronizing object | GEO-armor-block-db7ed5477c90dcffe64f--FINISH--pale-wrapped-.001
Fra:1 Mem:45.90M (Peak 45.90M) | Time:00:00.01 | Mem:0.00M, Peak:0.00M | Scene, ViewLayer | Synchronizing object | GEO-armor-block-db7ed5477c90dcffe64f--FINISH--deep-vent-lou.012
Fra:1 Mem:45.92M (Peak 45.92M) | Time:00:00.01 | Mem:0.00M, Peak:0.00M | Scene, ViewLayer | Synchronizing object | GEO-armor-block-db7ed5477c90dcffe64f--FINISH--deep-vent-lou.013
Fra:1 Mem:45.92M (Peak 45.92M) | Time:00:00.01 | Mem:0.00M, Peak:0.00M | Scene, ViewLayer | Synchronizing object | GEO-armor-block-db7ed5477c90dcffe64f--FINISH--deep-vent-lou.014
Fra:1 Mem:45.93M (Peak 45.93M) | Time:00:00.01 | Mem:0.00M, Peak:0.00M | Scene, ViewLayer | Synchronizing object | GEO-armor-block-db7ed5477c90dcffe64f--FINISH--lower-impact-.002
Fra:1 Mem:45.93M (Peak 45.93M) | Time:00:00.01 | Mem:0.00M, Peak:0.00M | Scene, ViewLayer | Synchronizing object | GEO-armor-block-db7ed5477c90dcffe64f--FINISH--lower-impact-.003
Fra:1 Mem:45.93M (Peak 45.93M) | Time:00:00.01 | Mem:0.00M, Peak:0.00M | Scene, ViewLayer | Synchronizing object | GEO-armor-block-db7ed5477c90dcffe64f--FINISH--vent-dark-wel
Fra:1 Mem:45.95M (Peak 45.95M) | Time:00:00.01 | Mem:0.00M, Peak:0.00M | Scene, ViewLayer | Synchronizing object | GEO-armor-block-db7ed5477c90dcffe64f--BACKING--closed-outgo
Fra:1 Mem:45.95M (Peak 45.95M) | Time:00:00.01 | Mem:0.00M, Peak:0.00M | Scene, ViewLayer | Synchronizing object | GEO-armor-block-db7ed5477c90dcffe64f--FINISH--deep-vent-lou.015
Fra:1 Mem:45.95M (Peak 45.95M) | Time:00:00.01 | Mem:0.00M, Peak:0.00M | Scene, ViewLayer | Synchronizing object | GEO-armor-block-db7ed5477c90dcffe64f--FINISH--lower-impact-.004
Fra:1 Mem:45.95M (Peak 45.95M) | Time:00:00.01 | Mem:0.00M, Peak:0.00M | Scene, ViewLayer | Synchronizing object | GEO-armor-block-db7ed5477c90dcffe64f--FINISH--deep-vent-lou.016
Fra:1 Mem:45.95M (Peak 45.95M) | Time:00:00.01 | Mem:0.00M, Peak:0.00M | Scene, ViewLayer | Synchronizing object | GEO-armor-block-db7ed5477c90dcffe64f--FINISH--pale-wrapped-.002
Fra:1 Mem:45.96M (Peak 45.96M) | Time:00:00.01 | Mem:0.00M, Peak:0.00M | Scene, ViewLayer | Synchronizing object | GEO-armor-block-d3fa0e462a519b5f36f8--BACKING--closed-incom
Fra:1 Mem:45.96M (Peak 45.96M) | Time:00:00.01 | Mem:0.00M, Peak:0.00M | Scene, ViewLayer | Synchronizing object | GEO-armor-block-d3fa0e462a519b5f36f8--FINISH--interchangeab
Fra:1 Mem:45.97M (Peak 45.97M) | Time:00:00.01 | Mem:0.00M, Peak:0.00M | Scene, ViewLayer | Synchronizing object | GEO-armor-block-d3fa0e462a519b5f36f8--FINISH--pale-wrapped-.001
Fra:1 Mem:45.99M (Peak 45.99M) | Time:00:00.01 | Mem:0.00M, Peak:0.00M | Scene, ViewLayer | Synchronizing object | GEO-armor-block-d3fa0e462a519b5f36f8--FINISH--lower-impact-.002
Fra:1 Mem:45.99M (Peak 45.99M) | Time:00:00.01 | Mem:0.00M, Peak:0.00M | Scene, ViewLayer | Synchronizing object | GEO-armor-block-d3fa0e462a519b5f36f8--BACKING--closed-outgo
Fra:1 Mem:45.99M (Peak 45.99M) | Time:00:00.01 | Mem:0.00M, Peak:0.00M | Scene, ViewLayer | Synchronizing object | GEO-armor-block-d3fa0e462a519b5f36f8--FINISH--upper-stepped
Fra:1 Mem:45.99M (Peak 45.99M) | Time:00:00.01 | Mem:0.00M, Peak:0.00M | Scene, ViewLayer | Synchronizing object | GEO-armor-block-d3fa0e462a519b5f36f8--FINISH--cyan-flush-st
Fra:1 Mem:46.01M (Peak 46.01M) | Time:00:00.01 | Mem:0.00M, Peak:0.00M | Scene, ViewLayer | Synchronizing object | GEO-armor-block-d3fa0e462a519b5f36f8--FINISH--pale-wrapped-.002
Fra:1 Mem:46.02M (Peak 46.02M) | Time:00:00.01 | Mem:0.00M, Peak:0.00M | Scene, ViewLayer | Synchronizing object | GEO-armor-block-d3fa0e462a519b5f36f8--FINISH--recess-shadow
Fra:1 Mem:46.01M (Peak 46.02M) | Time:00:00.01 | Mem:0.00M, Peak:0.00M | Scene, ViewLayer | Synchronizing object | GEO-armor-block-d3fa0e462a519b5f36f8--FINISH--lower-impact-.003
Fra:1 Mem:46.03M (Peak 46.03M) | Time:00:00.01 | Mem:0.00M, Peak:0.00M | Scene, ViewLayer | Synchronizing object | GEO-armor-block-d3fa0e462a519b5f36f8--BACKING--closed-solid
Fra:1 Mem:46.02M (Peak 46.03M) | Time:00:00.01 | Mem:0.00M, Peak:0.00M | Scene, ViewLayer | Synchronizing object | GEO-armor-block-d3fa0e462a519b5f36f8--FINISH--lower-impact-.004
Fra:1 Mem:46.04M (Peak 46.04M) | Time:00:00.01 | Mem:0.00M, Peak:0.00M | Scene, ViewLayer | Synchronizing object | GEO-armor-block-15a405777ecce0335b21--BACKING--closed-junct
Fra:1 Mem:46.03M (Peak 46.04M) | Time:00:00.01 | Mem:0.00M, Peak:0.00M | Scene, ViewLayer | Synchronizing object | GEO-armor-block-15a405777ecce0335b21--FINISH--junction-uppe
Fra:1 Mem:46.04M (Peak 46.04M) | Time:00:00.01 | Mem:0.00M, Peak:0.00M | Scene, ViewLayer | Synchronizing object | GEO-armor-block-15a405777ecce0335b21--FINISH--junction-lowe
Fra:1 Mem:46.06M (Peak 46.06M) | Time:00:00.01 | Mem:0.00M, Peak:0.00M | Scene, ViewLayer | Synchronizing object | GEO-armor-block-15a405777ecce0335b21--FINISH--junction-wrap
Fra:1 Mem:46.06M (Peak 46.06M) | Time:00:00.01 | Mem:0.00M, Peak:0.00M | Scene, ViewLayer | Synchronizing object | GEO-armor-block-43965fec43941bd88fcc--FINISH--recess-shadow
Fra:1 Mem:46.07M (Peak 46.07M) | Time:00:00.01 | Mem:0.00M, Peak:0.00M | Scene, ViewLayer | Synchronizing object | GEO-armor-block-43965fec43941bd88fcc--FINISH--lower-impact-.002
Fra:1 Mem:46.08M (Peak 46.08M) | Time:00:00.01 | Mem:0.00M, Peak:0.00M | Scene, ViewLayer | Synchronizing object | GEO-armor-block-43965fec43941bd88fcc--BACKING--closed-solid
Fra:1 Mem:46.08M (Peak 46.08M) | Time:00:00.01 | Mem:0.00M, Peak:0.00M | Scene, ViewLayer | Synchronizing object | GEO-armor-block-43965fec43941bd88fcc--FINISH--lower-impact-.003
Fra:1 Mem:46.09M (Peak 46.09M) | Time:00:00.01 | Mem:0.00M, Peak:0.00M | Scene, ViewLayer | Synchronizing object | GEO-armor-block-43965fec43941bd88fcc--FINISH--pale-wrapped-.001
Fra:1 Mem:46.09M (Peak 46.09M) | Time:00:00.01 | Mem:0.00M, Peak:0.00M | Scene, ViewLayer | Synchronizing object | GEO-armor-block-43965fec43941bd88fcc--FINISH--pale-wrapped-.002
Fra:1 Mem:46.09M (Peak 46.09M) | Time:00:00.01 | Mem:0.00M, Peak:0.00M | Scene, ViewLayer | Synchronizing object | GEO-armor-block-43965fec43941bd88fcc--FINISH--lower-impact-.004
Fra:1 Mem:46.10M (Peak 46.10M) | Time:00:00.01 | Mem:0.00M, Peak:0.00M | Scene, ViewLayer | Synchronizing object | GEO-armor-block-43965fec43941bd88fcc--BACKING--closed-outgo
Fra:1 Mem:46.10M (Peak 46.10M) | Time:00:00.01 | Mem:0.00M, Peak:0.00M | Scene, ViewLayer | Synchronizing object | GEO-armor-block-43965fec43941bd88fcc--FINISH--cyan-flush-st
Fra:1 Mem:46.11M (Peak 46.11M) | Time:00:00.01 | Mem:0.00M, Peak:0.00M | Scene, ViewLayer | Synchronizing object | GEO-armor-block-43965fec43941bd88fcc--BACKING--closed-incom
Fra:1 Mem:46.12M (Peak 46.12M) | Time:00:00.01 | Mem:0.00M, Peak:0.00M | Scene, ViewLayer | Synchronizing object | GEO-armor-block-05c9d73568be3ad2e6b8--BACKING--closed-incoming-
Fra:1 Mem:46.13M (Peak 46.13M) | Time:00:00.01 | Mem:0.00M, Peak:0.00M | Scene, ViewLayer | Synchronizing object | GEO-armor-block-05c9d73568be3ad2e6b8--BACKING--closed-outgoing-
Fra:1 Mem:46.14M (Peak 46.14M) | Time:00:00.01 | Mem:0.00M, Peak:0.00M | Scene, ViewLayer | Synchronizing object | GEO-armor-block-05c9d73568be3ad2e6b8--BACKING--closed-solid-bod
Fra:1 Mem:46.14M (Peak 46.14M) | Time:00:00.01 | Mem:0.00M, Peak:0.00M | Scene, ViewLayer | Synchronizing object | GEO-armor-block-05c9d73568be3ad2e6b8--FINISH--cyan-flush-status
Fra:1 Mem:46.14M (Peak 46.14M) | Time:00:00.01 | Mem:0.00M, Peak:0.00M | Scene, ViewLayer | Synchronizing object | GEO-armor-block-05c9d73568be3ad2e6b8--FINISH--deep-vent-lou
Fra:1 Mem:46.15M (Peak 46.15M) | Time:00:00.01 | Mem:0.00M, Peak:0.00M | Scene, ViewLayer | Synchronizing object | GEO-armor-block-05c9d73568be3ad2e6b8--FINISH--deep-vent-lou.001
Fra:1 Mem:46.14M (Peak 46.15M) | Time:00:00.01 | Mem:0.00M, Peak:0.00M | Scene, ViewLayer | Synchronizing object | GEO-armor-block-05c9d73568be3ad2e6b8--FINISH--deep-vent-lou.002
Fra:1 Mem:46.15M (Peak 46.15M) | Time:00:00.01 | Mem:0.00M, Peak:0.00M | Scene, ViewLayer | Synchronizing object | GEO-armor-block-05c9d73568be3ad2e6b8--FINISH--deep-vent-lou.003
Fra:1 Mem:46.15M (Peak 46.15M) | Time:00:00.01 | Mem:0.00M, Peak:0.00M | Scene, ViewLayer | Synchronizing object | GEO-armor-block-05c9d73568be3ad2e6b8--FINISH--deep-vent-lou.004
Fra:1 Mem:46.17M (Peak 46.17M) | Time:00:00.01 | Mem:0.00M, Peak:0.00M | Scene, ViewLayer | Synchronizing object | GEO-armor-block-05c9d73568be3ad2e6b8--FINISH--deep-vent-lou.005
Fra:1 Mem:46.16M (Peak 46.17M) | Time:00:00.01 | Mem:0.00M, Peak:0.00M | Scene, ViewLayer | Synchronizing object | GEO-armor-block-05c9d73568be3ad2e6b8--FINISH--deep-vent-lou.006
Fra:1 Mem:46.17M (Peak 46.17M) | Time:00:00.01 | Mem:0.00M, Peak:0.00M | Scene, ViewLayer | Synchronizing object | GEO-armor-block-05c9d73568be3ad2e6b8--FINISH--deep-vent-lou.007
Fra:1 Mem:46.16M (Peak 46.17M) | Time:00:00.01 | Mem:0.00M, Peak:0.00M | Scene, ViewLayer | Synchronizing object | GEO-armor-block-05c9d73568be3ad2e6b8--FINISH--interchangeable-v
Fra:1 Mem:46.18M (Peak 46.18M) | Time:00:00.01 | Mem:0.00M, Peak:0.00M | Scene, ViewLayer | Synchronizing object | GEO-armor-block-05c9d73568be3ad2e6b8--FINISH--lower-impact-
Fra:1 Mem:46.19M (Peak 46.19M) | Time:00:00.01 | Mem:0.00M, Peak:0.00M | Scene, ViewLayer | Synchronizing object | GEO-armor-block-05c9d73568be3ad2e6b8--FINISH--lower-impact-.001
Fra:1 Mem:46.19M (Peak 46.19M) | Time:00:00.01 | Mem:0.00M, Peak:0.00M | Scene, ViewLayer | Synchronizing object | GEO-armor-block-05c9d73568be3ad2e6b8--FINISH--lower-impact-rail
Fra:1 Mem:46.22M (Peak 46.22M) | Time:00:00.01 | Mem:0.00M, Peak:0.00M | Scene, ViewLayer | Synchronizing object | GEO-armor-block-05c9d73568be3ad2e6b8--FINISH--pale-wrapped-
Fra:1 Mem:46.23M (Peak 46.23M) | Time:00:00.01 | Mem:0.00M, Peak:0.00M | Scene, ViewLayer | Synchronizing object | GEO-armor-block-207cbce0274b3e836291--FINISH--junction-wrapped-
Fra:1 Mem:46.21M (Peak 46.23M) | Time:00:00.01 | Mem:0.00M, Peak:0.00M | Scene, ViewLayer | Synchronizing object | GEO-armor-block-05c9d73568be3ad2e6b8--FINISH--recess-shadow-sea
Fra:1 Mem:46.21M (Peak 46.23M) | Time:00:00.01 | Mem:0.00M, Peak:0.00M | Scene, ViewLayer | Synchronizing object | GEO-armor-block-05c9d73568be3ad2e6b8--FINISH--upper-stepped-sho
Fra:1 Mem:46.24M (Peak 46.24M) | Time:00:00.01 | Mem:0.00M, Peak:0.00M | Scene, ViewLayer | Synchronizing object | GEO-armor-block-05c9d73568be3ad2e6b8--FINISH--vent-dark-well
Fra:1 Mem:46.24M (Peak 46.24M) | Time:00:00.01 | Mem:0.00M, Peak:0.00M | Scene, ViewLayer | Synchronizing object | GEO-armor-block-af0cc716991642374212--BACKING--closed-incoming-
Fra:1 Mem:46.25M (Peak 46.25M) | Time:00:00.01 | Mem:0.00M, Peak:0.00M | Scene, ViewLayer | Synchronizing object | GEO-armor-block-af0cc716991642374212--BACKING--closed-outgoing-
Fra:1 Mem:46.25M (Peak 46.25M) | Time:00:00.01 | Mem:0.00M, Peak:0.00M | Scene, ViewLayer | Synchronizing object | GEO-armor-block-207cbce0274b3e836291--FINISH--junction-upper-na
Fra:1 Mem:46.24M (Peak 46.25M) | Time:00:00.01 | Mem:0.00M, Peak:0.00M | Scene, ViewLayer | Synchronizing object | GEO-armor-block-af0cc716991642374212--BACKING--closed-solid-bod
Fra:1 Mem:46.25M (Peak 46.25M) | Time:00:00.01 | Mem:0.00M, Peak:0.00M | Scene, ViewLayer | Synchronizing object | GEO-armor-block-af0cc716991642374212--FINISH--interchangeable-r
Fra:1 Mem:46.26M (Peak 46.26M) | Time:00:00.01 | Mem:0.00M, Peak:0.00M | Scene, ViewLayer | Synchronizing object | GEO-armor-block-207cbce0274b3e836291--FINISH--junction-lower-na
Fra:1 Mem:46.27M (Peak 46.27M) | Time:00:00.01 | Mem:0.00M, Peak:0.00M | Scene, ViewLayer | Synchronizing object | GEO-armor-block-af0cc716991642374212--FINISH--lower-impact-
Fra:1 Mem:46.27M (Peak 46.27M) | Time:00:00.01 | Mem:0.00M, Peak:0.00M | Scene, ViewLayer | Synchronizing object | GEO-armor-block-af0cc716991642374212--FINISH--lower-impact-.001
Fra:1 Mem:46.28M (Peak 46.28M) | Time:00:00.01 | Mem:0.00M, Peak:0.00M | Scene, ViewLayer | Synchronizing object | GEO-armor-block-207cbce0274b3e836291--BACKING--closed-junction-
Fra:1 Mem:46.30M (Peak 46.30M) | Time:00:00.01 | Mem:0.00M, Peak:0.00M | Scene, ViewLayer | Synchronizing object | GEO-armor-block-af0cc716991642374212--FINISH--lower-impact-rail
Fra:1 Mem:46.30M (Peak 46.30M) | Time:00:00.01 | Mem:0.00M, Peak:0.00M | Scene, ViewLayer | Synchronizing object | GEO-armor-block-f731b556d8884e7d7557--FINISH--upper-stepped-sho
Fra:1 Mem:46.29M (Peak 46.30M) | Time:00:00.01 | Mem:0.00M, Peak:0.00M | Scene, ViewLayer | Synchronizing object | GEO-armor-block-af0cc716991642374212--FINISH--pale-wrapped-
Fra:1 Mem:46.31M (Peak 46.31M) | Time:00:00.01 | Mem:0.00M, Peak:0.00M | Scene, ViewLayer | Synchronizing object | GEO-armor-block-af0cc716991642374212--FINISH--pale-wrapped-conn
Fra:1 Mem:46.31M (Peak 46.31M) | Time:00:00.01 | Mem:0.00M, Peak:0.00M | Scene, ViewLayer | Synchronizing object | GEO-armor-block-f731b556d8884e7d7557--FINISH--recess-shadow-sea
Fra:1 Mem:46.32M (Peak 46.32M) | Time:00:00.01 | Mem:0.00M, Peak:0.00M | Scene, ViewLayer | Synchronizing object | GEO-armor-block-af0cc716991642374212--FINISH--recess-shadow-sea
Fra:1 Mem:46.32M (Peak 46.32M) | Time:00:00.01 | Mem:0.00M, Peak:0.00M | Scene, ViewLayer | Synchronizing object | GEO-armor-block-af0cc716991642374212--FINISH--upper-stepped-sho
Fra:1 Mem:46.31M (Peak 46.32M) | Time:00:00.01 | Mem:0.00M, Peak:0.00M | Scene, ViewLayer | Synchronizing object | GEO-armor-block-e9bc6213d0d76ca7f44b--BACKING--closed-outgoing-
Fra:1 Mem:46.33M (Peak 46.33M) | Time:00:00.01 | Mem:0.00M, Peak:0.00M | Scene, ViewLayer | Synchronizing object | GEO-armor-block-e9bc6213d0d76ca7f44b--BACKING--closed-solid-bod
Fra:1 Mem:46.33M (Peak 46.33M) | Time:00:00.01 | Mem:0.00M, Peak:0.00M | Scene, ViewLayer | Synchronizing object | GEO-armor-block-f731b556d8884e7d7557--FINISH--pale-wrapped-
Fra:1 Mem:46.35M (Peak 46.35M) | Time:00:00.01 | Mem:0.00M, Peak:0.00M | Scene, ViewLayer | Synchronizing object | GEO-armor-block-e9bc6213d0d76ca7f44b--FINISH--interchangeable-r
Fra:1 Mem:46.34M (Peak 46.35M) | Time:00:00.01 | Mem:0.00M, Peak:0.00M | Scene, ViewLayer | Synchronizing object | GEO-armor-block-e9bc6213d0d76ca7f44b--FINISH--lower-impact-
Fra:1 Mem:46.35M (Peak 46.35M) | Time:00:00.01 | Mem:0.00M, Peak:0.00M | Scene, ViewLayer | Synchronizing object | GEO-armor-block-e9bc6213d0d76ca7f44b--FINISH--lower-impact-.001
Fra:1 Mem:46.37M (Peak 46.37M) | Time:00:00.01 | Mem:0.00M, Peak:0.00M | Scene, ViewLayer | Synchronizing object | GEO-armor-block-e9bc6213d0d76ca7f44b--FINISH--lower-impact-rail
Fra:1 Mem:46.36M (Peak 46.37M) | Time:00:00.01 | Mem:0.00M, Peak:0.00M | Scene, ViewLayer | Synchronizing object | GEO-armor-block-e9bc6213d0d76ca7f44b--FINISH--pale-wrapped-
Fra:1 Mem:46.39M (Peak 46.39M) | Time:00:00.01 | Mem:0.00M, Peak:0.00M | Scene, ViewLayer | Synchronizing object | GEO-armor-block-f731b556d8884e7d7557--FINISH--lower-impact-.001
Fra:1 Mem:46.41M (Peak 46.41M) | Time:00:00.01 | Mem:0.00M, Peak:0.00M | Scene, ViewLayer | Synchronizing object | GEO-armor-block-e9bc6213d0d76ca7f44b--FINISH--pale-wrapped-conn
Fra:1 Mem:46.41M (Peak 46.41M) | Time:00:00.01 | Mem:0.00M, Peak:0.00M | Scene, ViewLayer | Synchronizing object | GEO-armor-block-f731b556d8884e7d7557--FINISH--lower-impact-
Fra:1 Mem:46.42M (Peak 46.42M) | Time:00:00.01 | Mem:0.00M, Peak:0.00M | Scene, ViewLayer | Synchronizing object | GEO-armor-block-e9bc6213d0d76ca7f44b--FINISH--recess-shadow-sea
Fra:1 Mem:46.40M (Peak 46.42M) | Time:00:00.01 | Mem:0.00M, Peak:0.00M | Scene, ViewLayer | Synchronizing object | GEO-armor-block-075003ca42dee3ad88d4--BACKING--closed-junction-
Fra:1 Mem:46.41M (Peak 46.42M) | Time:00:00.01 | Mem:0.00M, Peak:0.00M | Scene, ViewLayer | Synchronizing object | GEO-armor-block-f731b556d8884e7d7557--FINISH--interchangeable-u
Fra:1 Mem:46.44M (Peak 46.44M) | Time:00:00.01 | Mem:0.00M, Peak:0.00M | Scene, ViewLayer | Synchronizing object | GEO-armor-block-075003ca42dee3ad88d4--FINISH--junction-lower-na
Fra:1 Mem:46.43M (Peak 46.44M) | Time:00:00.01 | Mem:0.00M, Peak:0.00M | Scene, ViewLayer | Synchronizing object | GEO-armor-block-075003ca42dee3ad88d4--FINISH--junction-upper-na
Fra:1 Mem:46.44M (Peak 46.44M) | Time:00:00.01 | Mem:0.00M, Peak:0.00M | Scene, ViewLayer | Synchronizing object | GEO-armor-block-f731b556d8884e7d7557--FINISH--cyan-flush-status
Fra:1 Mem:46.46M (Peak 46.46M) | Time:00:00.01 | Mem:0.00M, Peak:0.00M | Scene, ViewLayer | Synchronizing object | GEO-armor-block-f731b556d8884e7d7557--BACKING--closed-solid-bod
Fra:1 Mem:46.46M (Peak 46.46M) | Time:00:00.01 | Mem:0.00M, Peak:0.00M | Scene, ViewLayer | Synchronizing object | GEO-armor-block-075003ca42dee3ad88d4--FINISH--junction-wrapped-
Fra:1 Mem:46.44M (Peak 46.46M) | Time:00:00.01 | Mem:0.00M, Peak:0.00M | Scene, ViewLayer | Synchronizing object | GEO-armor-block-137dbd4b0d514b60c4c3--BACKING--closed-outgoing-
Fra:1 Mem:46.46M (Peak 46.46M) | Time:00:00.01 | Mem:0.00M, Peak:0.00M | Scene, ViewLayer | Synchronizing object | GEO-armor-block-f731b556d8884e7d7557--BACKING--closed-outgoing-
Fra:1 Mem:46.46M (Peak 46.46M) | Time:00:00.01 | Mem:0.00M, Peak:0.00M | Scene, ViewLayer | Synchronizing object | GEO-armor-block-137dbd4b0d514b60c4c3--BACKING--closed-solid-bod
Fra:1 Mem:46.48M (Peak 46.48M) | Time:00:00.01 | Mem:0.00M, Peak:0.00M | Scene, ViewLayer | Synchronizing object | GEO-armor-block-f731b556d8884e7d7557--BACKING--closed-incoming-
Fra:1 Mem:46.48M (Peak 46.48M) | Time:00:00.01 | Mem:0.00M, Peak:0.00M | Scene, ViewLayer | Synchronizing object | GEO-armor-block-137dbd4b0d514b60c4c3--FINISH--cyan-flush-status
Fra:1 Mem:46.48M (Peak 46.48M) | Time:00:00.01 | Mem:0.00M, Peak:0.00M | Scene, ViewLayer | Synchronizing object | GEO-armor-block-137dbd4b0d514b60c4c3--FINISH--interchangeable-u
Fra:1 Mem:46.47M (Peak 46.48M) | Time:00:00.01 | Mem:0.00M, Peak:0.00M | Scene, ViewLayer | Synchronizing object | GEO-armor-block-137dbd4b0d514b60c4c3--FINISH--utility-status-le
Fra:1 Mem:46.48M (Peak 46.48M) | Time:00:00.01 | Mem:0.00M, Peak:0.00M | Scene, ViewLayer | Synchronizing object | GEO-armor-block-137dbd4b0d514b60c4c3--FINISH--lower-impact-
Fra:1 Mem:46.48M (Peak 46.48M) | Time:00:00.01 | Mem:0.00M, Peak:0.00M | Scene, ViewLayer | Synchronizing object | GEO-armor-block-137dbd4b0d514b60c4c3--FINISH--lower-impact-.001
Fra:1 Mem:46.49M (Peak 46.49M) | Time:00:00.01 | Mem:0.00M, Peak:0.00M | Scene, ViewLayer | Synchronizing object | GEO-armor-block-137dbd4b0d514b60c4c3--FINISH--utility-removable
Fra:1 Mem:46.51M (Peak 46.51M) | Time:00:00.01 | Mem:0.00M, Peak:0.00M | Scene, ViewLayer | Synchronizing object | GEO-armor-block-137dbd4b0d514b60c4c3--FINISH--lower-impact-rail
Fra:1 Mem:46.53M (Peak 46.53M) | Time:00:00.01 | Mem:0.00M, Peak:0.00M | Scene, ViewLayer | Synchronizing object | GEO-armor-block-137dbd4b0d514b60c4c3--FINISH--upper-stepped-sho
Fra:1 Mem:46.53M (Peak 46.53M) | Time:00:00.01 | Mem:0.00M, Peak:0.00M | Scene, ViewLayer | Synchronizing object | GEO-armor-block-137dbd4b0d514b60c4c3--FINISH--pale-wrapped-
Fra:1 Mem:46.52M (Peak 46.53M) | Time:00:00.01 | Mem:0.00M, Peak:0.00M | Scene, ViewLayer | Synchronizing object | GEO-armor-block-137dbd4b0d514b60c4c3--FINISH--pale-wrapped-conn
Fra:1 Mem:46.53M (Peak 46.53M) | Time:00:00.01 | Mem:0.00M, Peak:0.00M | Scene, ViewLayer | Synchronizing object | GEO-armor-block-137dbd4b0d514b60c4c3--FINISH--recess-shadow-sea
Fra:1 Mem:46.52M (Peak 46.53M) | Time:00:00.01 | Mem:0.00M, Peak:0.00M | Scene, ViewLayer | Initializing
Fra:1 Mem:45.42M (Peak 46.53M) | Time:00:00.01 | Mem:0.00M, Peak:0.00M | Scene, ViewLayer | Updating Images | Loading armor-normal.010
Fra:1 Mem:45.42M (Peak 46.53M) | Time:00:00.01 | Mem:0.00M, Peak:0.00M | Scene, ViewLayer | Updating Images | Loading armor-normal
Fra:1 Mem:61.44M (Peak 69.44M) | Time:00:00.01 | Mem:4.00M, Peak:4.00M | Scene, ViewLayer | Updating Images | Loading armor-basecolor.003
Fra:1 Mem:65.44M (Peak 73.45M) | Time:00:00.02 | Mem:8.00M, Peak:8.00M | Scene, ViewLayer | Updating Images | Loading armor-roughness.010
Fra:1 Mem:69.44M (Peak 77.45M) | Time:00:00.02 | Mem:12.00M, Peak:12.00M | Scene, ViewLayer | Updating Images | Loading armor-roughness.003
Fra:1 Mem:81.45M (Peak 89.46M) | Time:00:00.05 | Mem:16.00M, Peak:16.00M | Scene, ViewLayer | Updating Images | Loading armor-normal.003
Fra:1 Mem:77.44M (Peak 89.46M) | Time:00:00.05 | Mem:20.00M, Peak:20.00M | Scene, ViewLayer | Updating Images | Loading armor-basecolor.002
Fra:1 Mem:89.45M (Peak 97.46M) | Time:00:00.06 | Mem:24.00M, Peak:24.00M | Scene, ViewLayer | Updating Images | Loading armor-roughness.002
Fra:1 Mem:85.44M (Peak 97.46M) | Time:00:00.06 | Mem:28.00M, Peak:28.00M | Scene, ViewLayer | Updating Images | Loading armor-basecolor.010
Fra:1 Mem:89.44M (Peak 97.46M) | Time:00:00.06 | Mem:32.00M, Peak:32.00M | Scene, ViewLayer | Updating Images | Loading armor-normal.002
Fra:1 Mem:101.45M (Peak 109.46M) | Time:00:00.07 | Mem:36.00M, Peak:36.00M | Scene, ViewLayer | Updating Images | Loading armor-basecolor.004
Fra:1 Mem:113.45M (Peak 121.47M) | Time:00:00.08 | Mem:40.00M, Peak:40.00M | Scene, ViewLayer | Updating Images | Loading armor-roughness.004
Fra:1 Mem:109.45M (Peak 121.47M) | Time:00:00.08 | Mem:44.00M, Peak:44.00M | Scene, ViewLayer | Updating Images | Loading armor-normal.009
Fra:1 Mem:113.45M (Peak 121.47M) | Time:00:00.09 | Mem:48.00M, Peak:48.00M | Scene, ViewLayer | Updating Images | Loading armor-normal.004
Fra:1 Mem:121.46M (Peak 125.46M) | Time:00:00.09 | Mem:52.00M, Peak:52.00M | Scene, ViewLayer | Updating Images | Loading armor-basecolor.001
Fra:1 Mem:121.45M (Peak 129.46M) | Time:00:00.09 | Mem:56.00M, Peak:56.00M | Scene, ViewLayer | Updating Images | Loading armor-roughness.009
Fra:1 Mem:117.44M (Peak 129.46M) | Time:00:00.09 | Mem:60.00M, Peak:60.00M | Scene, ViewLayer | Updating Images | Loading armor-roughness.001
Fra:1 Mem:121.44M (Peak 129.46M) | Time:00:00.10 | Mem:64.00M, Peak:64.00M | Scene, ViewLayer | Updating Images | Loading armor-normal.001
Fra:1 Mem:133.45M (Peak 141.46M) | Time:00:00.10 | Mem:68.00M, Peak:68.00M | Scene, ViewLayer | Updating Images | Loading armor-basecolor.005
Fra:1 Mem:129.44M (Peak 141.46M) | Time:00:00.10 | Mem:72.00M, Peak:72.00M | Scene, ViewLayer | Updating Images | Loading armor-roughness.005
Fra:1 Mem:133.44M (Peak 141.46M) | Time:00:00.10 | Mem:76.00M, Peak:76.00M | Scene, ViewLayer | Updating Images | Loading armor-normal.005
Fra:1 Mem:153.46M (Peak 161.47M) | Time:00:00.13 | Mem:80.00M, Peak:80.00M | Scene, ViewLayer | Updating Images | Loading armor-basecolor.006
Fra:1 Mem:149.45M (Peak 161.47M) | Time:00:00.13 | Mem:84.00M, Peak:84.00M | Scene, ViewLayer | Updating Images | Loading armor-roughness.006
Fra:1 Mem:145.44M (Peak 161.47M) | Time:00:00.13 | Mem:88.00M, Peak:88.00M | Scene, ViewLayer | Updating Images | Loading armor-normal.006
Fra:1 Mem:149.44M (Peak 161.47M) | Time:00:00.14 | Mem:92.00M, Peak:92.00M | Scene, ViewLayer | Updating Images | Loading armor-basecolor.009
Fra:1 Mem:165.46M (Peak 169.46M) | Time:00:00.16 | Mem:96.00M, Peak:96.00M | Scene, ViewLayer | Updating Images | Loading armor-basecolor.007
Fra:1 Mem:165.45M (Peak 173.46M) | Time:00:00.16 | Mem:100.00M, Peak:100.00M | Scene, ViewLayer | Updating Images | Loading armor-normal.008
Fra:1 Mem:169.45M (Peak 177.46M) | Time:00:00.17 | Mem:104.00M, Peak:104.00M | Scene, ViewLayer | Updating Images | Loading armor-roughness.008
Fra:1 Mem:173.45M (Peak 181.46M) | Time:00:00.17 | Mem:108.00M, Peak:108.00M | Scene, ViewLayer | Updating Images | Loading armor-roughness.007
Fra:1 Mem:169.44M (Peak 185.46M) | Time:00:00.18 | Mem:116.00M, Peak:116.00M | Scene, ViewLayer | Updating Images | Loading armor-normal.007
Fra:1 Mem:169.44M (Peak 185.46M) | Time:00:00.18 | Mem:116.00M, Peak:116.00M | Scene, ViewLayer | Updating Images | Loading armor-basecolor.008
Fra:1 Mem:168.77M (Peak 189.46M) | Time:00:00.19 | Mem:132.00M, Peak:132.00M | Scene, ViewLayer | Waiting for render to start
Fra:1 Mem:168.77M (Peak 189.46M) | Time:00:00.19 | Mem:132.00M, Peak:132.00M | Scene, ViewLayer | Loading render kernels (may take a few minutes the first time)
Fra:1 Mem:168.77M (Peak 189.46M) | Time:00:00.19 | Mem:132.00M, Peak:132.00M | Scene, ViewLayer | Updating Scene
Fra:1 Mem:168.77M (Peak 189.46M) | Time:00:00.19 | Mem:132.00M, Peak:132.00M | Scene, ViewLayer | Updating Shaders
Fra:1 Mem:168.87M (Peak 189.46M) | Time:00:00.19 | Mem:132.02M, Peak:132.02M | Scene, ViewLayer | Updating Procedurals
Fra:1 Mem:168.87M (Peak 189.46M) | Time:00:00.19 | Mem:132.02M, Peak:132.02M | Scene, ViewLayer | Updating Background
Fra:1 Mem:168.87M (Peak 189.46M) | Time:00:00.19 | Mem:132.02M, Peak:132.02M | Scene, ViewLayer | Updating Camera
Fra:1 Mem:168.87M (Peak 189.46M) | Time:00:00.19 | Mem:132.02M, Peak:132.02M | Scene, ViewLayer | Updating Meshes Flags
Fra:1 Mem:168.87M (Peak 189.46M) | Time:00:00.19 | Mem:132.02M, Peak:132.02M | Scene, ViewLayer | Updating Objects
Fra:1 Mem:168.87M (Peak 189.46M) | Time:00:00.19 | Mem:132.02M, Peak:132.02M | Scene, ViewLayer | Updating Objects | Copying Transformations to device
Fra:1 Mem:168.94M (Peak 189.46M) | Time:00:00.19 | Mem:132.08M, Peak:132.08M | Scene, ViewLayer | Updating Objects | Applying Static Transformations
Fra:1 Mem:168.94M (Peak 189.46M) | Time:00:00.19 | Mem:132.08M, Peak:132.08M | Scene, ViewLayer | Updating Particle Systems
Fra:1 Mem:168.94M (Peak 189.46M) | Time:00:00.19 | Mem:132.08M, Peak:132.08M | Scene, ViewLayer | Updating Particle Systems | Copying Particles to device
Fra:1 Mem:168.94M (Peak 189.46M) | Time:00:00.19 | Mem:132.08M, Peak:132.08M | Scene, ViewLayer | Updating Meshes
Fra:1 Mem:168.98M (Peak 189.46M) | Time:00:00.19 | Mem:132.08M, Peak:132.08M | Scene, ViewLayer | Updating Mesh | Computing attributes
Fra:1 Mem:169.29M (Peak 189.46M) | Time:00:00.19 | Mem:132.10M, Peak:132.10M | Scene, ViewLayer | Updating Mesh | Copying Attributes to device
Fra:1 Mem:169.24M (Peak 189.46M) | Time:00:00.19 | Mem:132.34M, Peak:132.34M | Scene, ViewLayer | Updating Geometry BVH MESH-armor-block-db7ed5477c90dcffe64f-deep-vent-louver-5 1/50 | Building BVH
Fra:1 Mem:169.24M (Peak 189.46M) | Time:00:00.19 | Mem:132.34M, Peak:132.34M | Scene, ViewLayer | Updating Geometry BVH MESH-armor-block-db7ed5477c90dcffe64f-deep-vent-louver-2 2/50 | Building BVH
Fra:1 Mem:169.24M (Peak 189.46M) | Time:00:00.19 | Mem:132.34M, Peak:132.34M | Scene, ViewLayer | Updating Geometry BVH MESH-armor-block-43965fec43941bd88fcc-interchangeable-plain-fac 50/50 | Building BVH
Fra:1 Mem:169.24M (Peak 189.46M) | Time:00:00.19 | Mem:132.34M, Peak:132.34M | Scene, ViewLayer | Updating Geometry BVH MESH-armor-block-43965fec43941bd88fcc-interchangeable-plain-fac 50/50 | Building BVH 0%
Fra:1 Mem:169.24M (Peak 189.46M) | Time:00:00.19 | Mem:132.34M, Peak:132.34M | Scene, ViewLayer | Updating Geometry BVH MESH-armor-block-43965fec43941bd88fcc-interchangeable-plain-fac 50/50 | Building BVH
Fra:1 Mem:169.24M (Peak 189.46M) | Time:00:00.19 | Mem:132.34M, Peak:132.34M | Scene, ViewLayer | Updating Geometry BVH MESH-armor-block-43965fec43941bd88fcc-interchangeable-plain-fac 50/50 | Building BVH 0%
Fra:1 Mem:169.24M (Peak 189.46M) | Time:00:00.19 | Mem:132.35M, Peak:132.35M | Scene, ViewLayer | Updating Geometry BVH MESH-armor-block-43965fec43941bd88fcc-interchangeable-plain-fac 50/50 | Building BVH
Fra:1 Mem:169.24M (Peak 189.46M) | Time:00:00.19 | Mem:132.35M, Peak:132.35M | Scene, ViewLayer | Updating Geometry BVH MESH-armor-block-db7ed5477c90dcffe64f-recess-shadow-seat 4/50 | Building BVH
Fra:1 Mem:169.24M (Peak 189.46M) | Time:00:00.19 | Mem:132.35M, Peak:132.35M | Scene, ViewLayer | Updating Geometry BVH MESH-armor-block-43965fec43941bd88fcc-closed-incoming-wrapped-b 49/50 | Building BVH
Fra:1 Mem:169.24M (Peak 189.46M) | Time:00:00.19 | Mem:132.35M, Peak:132.35M | Scene, ViewLayer | Updating Geometry BVH MESH-armor-block-db7ed5477c90dcffe64f-closed-solid-body 5/50 | Building BVH
Fra:1 Mem:169.24M (Peak 189.46M) | Time:00:00.19 | Mem:132.35M, Peak:132.35M | Scene, ViewLayer | Updating Geometry BVH MESH-armor-block-db7ed5477c90dcffe64f-closed-incoming-wrapped-b 6/50 | Building BVH
Fra:1 Mem:169.24M (Peak 189.46M) | Time:00:00.19 | Mem:132.35M, Peak:132.35M | Scene, ViewLayer | Updating Geometry BVH MESH-armor-block-db7ed5477c90dcffe64f-interchangeable-vent-face 7/50 | Building BVH
Fra:1 Mem:169.24M (Peak 189.46M) | Time:00:00.19 | Mem:132.35M, Peak:132.35M | Scene, ViewLayer | Updating Geometry BVH MESH-armor-block-db7ed5477c90dcffe64f-upper-stepped-shoulder 8/50 | Building BVH
Fra:1 Mem:169.24M (Peak 189.46M) | Time:00:00.19 | Mem:132.35M, Peak:132.35M | Scene, ViewLayer | Updating Geometry BVH MESH-armor-block-db7ed5477c90dcffe64f-deep-vent-louver-6 9/50 | Building BVH
Fra:1 Mem:169.24M (Peak 189.46M) | Time:00:00.19 | Mem:132.36M, Peak:132.36M | Scene, ViewLayer | Updating Geometry BVH MESH-armor-block-db7ed5477c90dcffe64f-pale-wrapped-connector-ou 10/50 | Building BVH
Fra:1 Mem:169.24M (Peak 189.46M) | Time:00:00.19 | Mem:132.36M, Peak:132.36M | Scene, ViewLayer | Updating Geometry BVH MESH-armor-block-db7ed5477c90dcffe64f-cyan-flush-status-lens 11/50 | Building BVH
Fra:1 Mem:169.24M (Peak 189.46M) | Time:00:00.19 | Mem:132.37M, Peak:132.37M | Scene, ViewLayer | Updating Geometry BVH MESH-armor-block-db7ed5477c90dcffe64f-deep-vent-louver-1 12/50 | Building BVH
Fra:1 Mem:169.24M (Peak 189.46M) | Time:00:00.19 | Mem:132.37M, Peak:132.37M | Scene, ViewLayer | Updating Geometry BVH MESH-armor-block-43965fec43941bd88fcc-cyan-flush-status-lens 48/50 | Building BVH
Fra:1 Mem:169.24M (Peak 189.46M) | Time:00:00.19 | Mem:132.37M, Peak:132.37M | Scene, ViewLayer | Updating Geometry BVH MESH-armor-block-db7ed5477c90dcffe64f-lower-impact-rail-right 15/50 | Building BVH
Fra:1 Mem:169.24M (Peak 189.46M) | Time:00:00.19 | Mem:132.37M, Peak:132.37M | Scene, ViewLayer | Updating Geometry BVH MESH-armor-block-43965fec43941bd88fcc-upper-stepped-shoulder 47/50 | Building BVH
Fra:1 Mem:169.24M (Peak 189.46M) | Time:00:00.19 | Mem:132.37M, Peak:132.37M | Scene, ViewLayer | Updating Geometry BVH MESH-armor-block-db7ed5477c90dcffe64f-lower-impact-rail-cut-poc 16/50 | Building BVH
Fra:1 Mem:169.24M (Peak 189.46M) | Time:00:00.19 | Mem:132.37M, Peak:132.37M | Scene, ViewLayer | Updating Geometry BVH MESH-armor-block-db7ed5477c90dcffe64f-closed-outgoing-wrapped-b 18/50 | Building BVH
Fra:1 Mem:169.24M (Peak 189.46M) | Time:00:00.19 | Mem:132.38M, Peak:132.38M | Scene, ViewLayer | Updating Geometry BVH MESH-armor-block-43965fec43941bd88fcc-lower-impact-rail-right 45/50 | Building BVH
Fra:1 Mem:169.24M (Peak 189.46M) | Time:00:00.19 | Mem:132.38M, Peak:132.38M | Scene, ViewLayer | Updating Geometry BVH MESH-armor-block-db7ed5477c90dcffe64f-deep-vent-louver-4 19/50 | Building BVH
Fra:1 Mem:169.24M (Peak 189.46M) | Time:00:00.19 | Mem:132.38M, Peak:132.38M | Scene, ViewLayer | Updating Geometry BVH MESH-armor-block-43965fec43941bd88fcc-pale-wrapped-connector-in 44/50 | Building BVH
Fra:1 Mem:169.24M (Peak 189.46M) | Time:00:00.19 | Mem:132.39M, Peak:132.39M | Scene, ViewLayer | Updating Geometry BVH MESH-armor-block-db7ed5477c90dcffe64f-deep-vent-louver-8 21/50 | Building BVH
Fra:1 Mem:169.24M (Peak 189.46M) | Time:00:00.19 | Mem:132.39M, Peak:132.39M | Scene, ViewLayer | Updating Geometry BVH MESH-armor-block-db7ed5477c90dcffe64f-pale-wrapped-connector-in 22/50 | Building BVH
Fra:1 Mem:169.24M (Peak 189.46M) | Time:00:00.19 | Mem:132.39M, Peak:132.39M | Scene, ViewLayer | Updating Geometry BVH MESH-armor-block-43965fec43941bd88fcc-pale-wrapped-connector-ou 43/50 | Building BVH
Fra:1 Mem:169.24M (Peak 189.46M) | Time:00:00.19 | Mem:132.39M, Peak:132.39M | Scene, ViewLayer | Updating Geometry BVH MESH-armor-block-d3fa0e462a519b5f36f8-interchangeable-plain-fac 24/50 | Building BVH
Fra:1 Mem:169.24M (Peak 189.46M) | Time:00:00.19 | Mem:132.40M, Peak:132.40M | Scene, ViewLayer | Updating Geometry BVH MESH-armor-block-d3fa0e462a519b5f36f8-pale-wrapped-connector-in 25/50 | Building BVH
Fra:1 Mem:169.24M (Peak 189.46M) | Time:00:00.19 | Mem:132.40M, Peak:132.40M | Scene, ViewLayer | Updating Geometry BVH MESH-armor-block-d3fa0e462a519b5f36f8-closed-outgoing-wrapped-b 27/50 | Building BVH
Fra:1 Mem:169.24M (Peak 189.46M) | Time:00:00.19 | Mem:132.41M, Peak:132.41M | Scene, ViewLayer | Updating Geometry BVH MESH-armor-block-d3fa0e462a519b5f36f8-pale-wrapped-connector-ou 30/50 | Building BVH
Fra:1 Mem:169.24M (Peak 189.46M) | Time:00:00.19 | Mem:132.41M, Peak:132.41M | Scene, ViewLayer | Updating Geometry BVH MESH-armor-block-d3fa0e462a519b5f36f8-recess-shadow-seat 31/50 | Building BVH
Fra:1 Mem:169.24M (Peak 189.46M) | Time:00:00.19 | Mem:132.41M, Peak:132.41M | Scene, ViewLayer | Updating Geometry BVH MESH-armor-block-43965fec43941bd88fcc-lower-impact-rail-cut-poc 40/50 | Building BVH
Fra:1 Mem:169.24M (Peak 189.46M) | Time:00:00.19 | Mem:132.41M, Peak:132.42M | Scene, ViewLayer | Updating Geometry BVH MESH-armor-block-d3fa0e462a519b5f36f8-lower-impact-rail-cut-poc 32/50 | Building BVH
Fra:1 Mem:169.24M (Peak 189.46M) | Time:00:00.19 | Mem:132.42M, Peak:132.42M | Scene, ViewLayer | Updating Geometry BVH MESH-armor-block-d3fa0e462a519b5f36f8-closed-solid-body 33/50 | Building BVH
Fra:1 Mem:169.24M (Peak 189.46M) | Time:00:00.19 | Mem:132.42M, Peak:132.42M | Scene, ViewLayer | Updating Geometry BVH MESH-armor-block-d3fa0e462a519b5f36f8-lower-impact-rail-left 34/50 | Building BVH
Fra:1 Mem:169.24M (Peak 189.46M) | Time:00:00.19 | Mem:132.43M, Peak:132.43M | Scene, ViewLayer | Updating Geometry BVH MESH-armor-block-43965fec43941bd88fcc-recess-shadow-seat 39/50 | Building BVH
Fra:1 Mem:169.24M (Peak 189.46M) | Time:00:00.19 | Mem:132.43M, Peak:132.43M | Scene, ViewLayer | Updating Geometry BVH MESH-armor-block-15a405777ecce0335b21-closed-junction-wedge 35/50 | Building BVH
Fra:1 Mem:169.24M (Peak 189.46M) | Time:00:00.19 | Mem:132.43M, Peak:132.43M | Scene, ViewLayer | Updating Geometry BVH MESH-armor-block-15a405777ecce0335b21-junction-upper-navy-shoul 36/50 | Building BVH
Fra:1 Mem:169.24M (Peak 189.46M) | Time:00:00.19 | Mem:132.43M, Peak:132.43M | Scene, ViewLayer | Updating Geometry BVH MESH-armor-block-15a405777ecce0335b21-junction-lower-navy-shoe 37/50 | Building BVH
Fra:1 Mem:169.24M (Peak 189.46M) | Time:00:00.19 | Mem:132.44M, Peak:132.45M | Scene, ViewLayer | Updating Scene BVH | Building
Fra:1 Mem:169.24M (Peak 189.46M) | Time:00:00.19 | Mem:132.44M, Peak:132.45M | Scene, ViewLayer | Updating Scene BVH | Building BVH
Fra:1 Mem:169.24M (Peak 189.46M) | Time:00:00.19 | Mem:132.61M, Peak:132.66M | Scene, ViewLayer | Updating Scene BVH | Copying BVH to device
Fra:1 Mem:169.24M (Peak 189.46M) | Time:00:00.19 | Mem:132.61M, Peak:132.66M | Scene, ViewLayer | Updating Mesh | Computing normals
Fra:1 Mem:169.50M (Peak 189.46M) | Time:00:00.19 | Mem:132.61M, Peak:132.66M | Scene, ViewLayer | Updating Mesh | Copying Mesh to device
Fra:1 Mem:169.50M (Peak 189.46M) | Time:00:00.19 | Mem:132.87M, Peak:132.87M | Scene, ViewLayer | Updating Objects Flags
Fra:1 Mem:169.50M (Peak 189.46M) | Time:00:00.19 | Mem:132.87M, Peak:132.87M | Scene, ViewLayer | Updating Primitive Offsets
Fra:1 Mem:169.51M (Peak 189.46M) | Time:00:00.19 | Mem:132.88M, Peak:132.88M | Scene, ViewLayer | Updating Images
Fra:1 Mem:169.51M (Peak 189.46M) | Time:00:00.19 | Mem:132.88M, Peak:132.88M | Scene, ViewLayer | Updating Camera Volume
Fra:1 Mem:169.51M (Peak 189.46M) | Time:00:00.19 | Mem:132.88M, Peak:132.88M | Scene, ViewLayer | Updating Lookup Tables
Fra:1 Mem:169.51M (Peak 189.46M) | Time:00:00.19 | Mem:132.96M, Peak:132.96M | Scene, ViewLayer | Updating Lights
Fra:1 Mem:169.51M (Peak 189.46M) | Time:00:00.19 | Mem:132.96M, Peak:132.96M | Scene, ViewLayer | Updating Lights | Computing tree
Fra:1 Mem:169.53M (Peak 189.46M) | Time:00:00.19 | Mem:132.98M, Peak:132.98M | Scene, ViewLayer | Updating Integrator
Fra:1 Mem:169.53M (Peak 189.46M) | Time:00:00.19 | Mem:132.98M, Peak:132.98M | Scene, ViewLayer | Updating Film
Fra:1 Mem:169.53M (Peak 189.46M) | Time:00:00.19 | Mem:132.89M, Peak:132.98M | Scene, ViewLayer | Updating Lookup Tables
Fra:1 Mem:169.53M (Peak 189.46M) | Time:00:00.19 | Mem:132.98M, Peak:132.98M | Scene, ViewLayer | Updating Baking
Fra:1 Mem:169.53M (Peak 189.46M) | Time:00:00.19 | Mem:132.98M, Peak:132.98M | Scene, ViewLayer | Updating Device | Writing constant memory
Fra:1 Mem:169.53M (Peak 189.46M) | Time:00:00.19 | Mem:132.98M, Peak:132.98M | Scene, ViewLayer | Sample 0/64
Fra:1 Mem:206.63M (Peak 206.63M) | Time:00:00.48 | Remaining:00:18.04 | Mem:170.07M, Peak:170.07M | Scene, ViewLayer | Sample 1/64
Fra:1 Mem:223.11M (Peak 256.07M) | Time:00:12.63 | Mem:170.07M, Peak:170.07M | Scene, ViewLayer | Sample 64/64
Fra:1 Mem:223.11M (Peak 256.07M) | Time:00:12.63 | Mem:170.07M, Peak:170.07M | Scene, ViewLayer | Finished
Saved: '/root/sidereal_spacetime/assets/art-library/framed-wayfarer/r005/family-02/renders/alternate-tug.png'
Time: 00:12.73 (Saving: 00:00.08)


Blender quit
