ERROR Draco mesh compression is not available because library could not be found at /usr/bin/4.3/python/lib/python3.13/site-packages/libextern_draco.so
07:26:35 | INFO: Starting glTF 2.0 export
07:26:35 | INFO: Extracting primitive: MESH-carrier-1m-BEARING-bottom-0-0
07:26:35 | INFO: Primitives created: 1
07:26:35 | INFO: Extracting primitive: MESH-carrier-1m-BEARING-top-0-0
07:26:35 | INFO: Primitives created: 1
07:26:35 | INFO: Extracting primitive: MESH-carrier-1m-corner-post-0-0
07:26:35 | INFO: Primitives created: 1
07:26:35 | INFO: Extracting primitive: MESH-carrier-1m-corner-post-0-0.90625
07:26:35 | INFO: Primitives created: 1
07:26:35 | INFO: Extracting primitive: MESH-carrier-1m-corner-post-0.90625-0
07:26:35 | INFO: Primitives created: 1
07:26:35 | INFO: Extracting primitive: MESH-carrier-1m-corner-post-0.90625-0.90625
07:26:35 | INFO: Primitives created: 1
07:26:35 | INFO: Extracting primitive: MESH-carrier-1m-corner-shell-0-0
07:26:35 | INFO: Primitives created: 1
07:26:35 | INFO: Extracting primitive: MESH-carrier-1m-corner-shell-0-0.90625
07:26:35 | INFO: Primitives created: 1
07:26:35 | INFO: Extracting primitive: MESH-carrier-1m-corner-shell-0.90625-0
07:26:35 | INFO: Primitives created: 1
07:26:35 | INFO: Extracting primitive: MESH-carrier-1m-corner-shell-0.90625-0.90625
07:26:35 | INFO: Primitives created: 1
07:26:35 | INFO: Extracting primitive: MESH-carrier-1m-front-rail-0
07:26:35 | INFO: Primitives created: 1
07:26:35 | INFO: Extracting primitive: MESH-carrier-1m-front-rail-0.9375
07:26:35 | INFO: Primitives created: 1
07:26:35 | INFO: Extracting primitive: MESH-carrier-1m-latch-0.15-0
07:26:35 | INFO: Primitives created: 1
07:26:35 | INFO: Extracting primitive: MESH-carrier-1m-latch-0.15-0.9375
07:26:35 | INFO: Primitives created: 1
07:26:35 | INFO: Extracting primitive: MESH-carrier-1m-latch-0.65-0
07:26:35 | INFO: Primitives created: 1
07:26:35 | INFO: Extracting primitive: MESH-carrier-1m-latch-0.65-0.9375
07:26:35 | INFO: Primitives created: 1
07:26:35 | INFO: Extracting primitive: MESH-carrier-1m-latch-grip-0.15-0
07:26:35 | INFO: Primitives created: 1
07:26:35 | INFO: Extracting primitive: MESH-carrier-1m-latch-grip-0.15-0.9375
07:26:35 | INFO: Primitives created: 1
07:26:35 | INFO: Extracting primitive: MESH-carrier-1m-latch-grip-0.65-0
07:26:35 | INFO: Primitives created: 1
07:26:35 | INFO: Extracting primitive: MESH-carrier-1m-latch-grip-0.65-0.9375
07:26:35 | INFO: Primitives created: 1
07:26:35 | INFO: Extracting primitive: MESH-carrier-1m-lower-deck
07:26:35 | INFO: Primitives created: 1
07:26:35 | INFO: Extracting primitive: MESH-carrier-1m-side-lower-rail-0
07:26:35 | INFO: Primitives created: 1
07:26:35 | INFO: Extracting primitive: MESH-carrier-1m-side-lower-rail-0.9375
07:26:35 | INFO: Primitives created: 1
07:26:35 | INFO: Extracting primitive: MESH-carrier-1m-side-upper-rail-0
07:26:35 | INFO: Primitives created: 1
07:26:35 | INFO: Extracting primitive: MESH-carrier-1m-side-upper-rail-0.9375
07:26:35 | INFO: Primitives created: 1
07:26:35 | INFO: Extracting primitive: MESH-carrier-1m-status-0
07:26:35 | INFO: Primitives created: 1
07:26:35 | INFO: Extracting primitive: MESH-carrier-1m-status-0.9375
07:26:35 | INFO: Primitives created: 1
07:26:35 | INFO: Extracting primitive: MESH-carrier-1m-top-restraint-0-0-0.045
07:26:35 | INFO: Primitives created: 1
07:26:35 | INFO: Extracting primitive: MESH-carrier-1m-top-restraint-0-0-0.94
07:26:35 | INFO: Primitives created: 1
07:26:35 | INFO: Extracting primitive: MESH-carrier-1m-upper-deck
07:26:35 | INFO: Primitives created: 1
07:26:35 | INFO: Finished glTF 2.0 export in 0.04176974296569824 s

07:26:35 | INFO: Starting glTF 2.0 export
07:26:35 | INFO: Extracting primitive: MESH-carrier-2m-BEARING-bottom-0-0
07:26:35 | INFO: Primitives created: 1
07:26:35 | INFO: Extracting primitive: MESH-carrier-2m-BEARING-bottom-0-1
07:26:35 | INFO: Primitives created: 1
07:26:35 | INFO: Extracting primitive: MESH-carrier-2m-BEARING-bottom-1-0
07:26:35 | INFO: Primitives created: 1
07:26:35 | INFO: Extracting primitive: MESH-carrier-2m-BEARING-bottom-1-1
07:26:35 | INFO: Primitives created: 1
07:26:35 | INFO: Extracting primitive: MESH-carrier-2m-BEARING-top-0-0
07:26:35 | INFO: Primitives created: 1
07:26:35 | INFO: Extracting primitive: MESH-carrier-2m-BEARING-top-0-1
07:26:35 | INFO: Primitives created: 1
07:26:35 | INFO: Extracting primitive: MESH-carrier-2m-BEARING-top-1-0
07:26:35 | INFO: Primitives created: 1
07:26:35 | INFO: Extracting primitive: MESH-carrier-2m-BEARING-top-1-1
07:26:35 | INFO: Primitives created: 1
07:26:35 | INFO: Extracting primitive: MESH-carrier-2m-corner-post-0-0
07:26:35 | INFO: Primitives created: 1
07:26:35 | INFO: Extracting primitive: MESH-carrier-2m-corner-post-0-1.90625
07:26:35 | INFO: Primitives created: 1
07:26:36 | INFO: Extracting primitive: MESH-carrier-2m-corner-post-1.90625-0
07:26:36 | INFO: Primitives created: 1
07:26:36 | INFO: Extracting primitive: MESH-carrier-2m-corner-post-1.90625-1.90625
07:26:36 | INFO: Primitives created: 1
07:26:36 | INFO: Extracting primitive: MESH-carrier-2m-corner-shell-0-0
07:26:36 | INFO: Primitives created: 1
07:26:36 | INFO: Extracting primitive: MESH-carrier-2m-corner-shell-0-1.90625
07:26:36 | INFO: Primitives created: 1
07:26:36 | INFO: Extracting primitive: MESH-carrier-2m-corner-shell-1.90625-0
07:26:36 | INFO: Primitives created: 1
07:26:36 | INFO: Extracting primitive: MESH-carrier-2m-corner-shell-1.90625-1.90625
07:26:36 | INFO: Primitives created: 1
07:26:36 | INFO: Extracting primitive: MESH-carrier-2m-front-rail-0
07:26:36 | INFO: Primitives created: 1
07:26:36 | INFO: Extracting primitive: MESH-carrier-2m-front-rail-1.9375
07:26:36 | INFO: Primitives created: 1
07:26:36 | INFO: Extracting primitive: MESH-carrier-2m-intermediate-post-0-0.953125
07:26:36 | INFO: Primitives created: 1
07:26:36 | INFO: Extracting primitive: MESH-carrier-2m-intermediate-post-0.953125-0
07:26:36 | INFO: Primitives created: 1
07:26:36 | INFO: Extracting primitive: MESH-carrier-2m-intermediate-post-0.953125-1.90625
07:26:36 | INFO: Primitives created: 1
07:26:36 | INFO: Extracting primitive: MESH-carrier-2m-intermediate-post-1.90625-0.953125
07:26:36 | INFO: Primitives created: 1
07:26:36 | INFO: Extracting primitive: MESH-carrier-2m-latch-0.15-0
07:26:36 | INFO: Primitives created: 1
07:26:36 | INFO: Extracting primitive: MESH-carrier-2m-latch-0.15-1.9375
07:26:36 | INFO: Primitives created: 1
07:26:36 | INFO: Extracting primitive: MESH-carrier-2m-latch-1.65-0
07:26:36 | INFO: Primitives created: 1
07:26:36 | INFO: Extracting primitive: MESH-carrier-2m-latch-1.65-1.9375
07:26:36 | INFO: Primitives created: 1
07:26:36 | INFO: Extracting primitive: MESH-carrier-2m-latch-grip-0.15-0
07:26:36 | INFO: Primitives created: 1
07:26:36 | INFO: Extracting primitive: MESH-carrier-2m-latch-grip-0.15-1.9375
07:26:36 | INFO: Primitives created: 1
07:26:36 | INFO: Extracting primitive: MESH-carrier-2m-latch-grip-1.65-0
07:26:36 | INFO: Primitives created: 1
07:26:36 | INFO: Extracting primitive: MESH-carrier-2m-latch-grip-1.65-1.9375
07:26:36 | INFO: Primitives created: 1
07:26:36 | INFO: Extracting primitive: MESH-carrier-2m-lower-deck
07:26:36 | INFO: Primitives created: 1
07:26:36 | INFO: Extracting primitive: MESH-carrier-2m-side-lower-rail-0
07:26:36 | INFO: Primitives created: 1
07:26:36 | INFO: Extracting primitive: MESH-carrier-2m-side-lower-rail-1.9375
07:26:36 | INFO: Primitives created: 1
07:26:36 | INFO: Extracting primitive: MESH-carrier-2m-side-upper-rail-0
07:26:36 | INFO: Primitives created: 1
07:26:36 | INFO: Extracting primitive: MESH-carrier-2m-side-upper-rail-1.9375
07:26:36 | INFO: Primitives created: 1
07:26:36 | INFO: Extracting primitive: MESH-carrier-2m-status-0
07:26:36 | INFO: Primitives created: 1
07:26:36 | INFO: Extracting primitive: MESH-carrier-2m-status-1.9375
07:26:36 | INFO: Primitives created: 1
07:26:36 | INFO: Extracting primitive: MESH-carrier-2m-top-restraint-0-0-0.045
07:26:36 | INFO: Primitives created: 1
07:26:36 | INFO: Extracting primitive: MESH-carrier-2m-top-restraint-0-0-0.94
07:26:36 | INFO: Primitives created: 1
07:26:36 | INFO: Extracting primitive: MESH-carrier-2m-top-restraint-0-1-1.045
07:26:36 | INFO: Primitives created: 1
07:26:36 | INFO: Extracting primitive: MESH-carrier-2m-top-restraint-0-1-1.94
07:26:36 | INFO: Primitives created: 1
07:26:36 | INFO: Extracting primitive: MESH-carrier-2m-top-restraint-1-0-0.045
07:26:36 | INFO: Primitives created: 1
07:26:36 | INFO: Extracting primitive: MESH-carrier-2m-top-restraint-1-0-0.94
07:26:36 | INFO: Primitives created: 1
07:26:36 | INFO: Extracting primitive: MESH-carrier-2m-top-restraint-1-1-1.045
07:26:36 | INFO: Primitives created: 1
07:26:36 | INFO: Extracting primitive: MESH-carrier-2m-top-restraint-1-1-1.94
07:26:36 | INFO: Primitives created: 1
07:26:36 | INFO: Extracting primitive: MESH-carrier-2m-upper-deck
07:26:36 | INFO: Primitives created: 1
07:26:36 | INFO: Finished glTF 2.0 export in 0.049802541732788086 s
Blender 4.3.2
Fra:1 Mem:18.65M (Peak 18.65M) | Time:00:00.00 | Mem:0.00M, Peak:0.00M | Scene, ViewLayer | Synchronizing object | GEO-carrier-1m-side-upper-rail-0.9375
Fra:1 Mem:20.66M (Peak 20.66M) | Time:00:00.00 | Mem:0.00M, Peak:0.00M | Scene, ViewLayer | Synchronizing object | GEO-carrier-1m-side-lower-rail-0.9375
Fra:1 Mem:20.67M (Peak 20.67M) | Time:00:00.00 | Mem:0.00M, Peak:0.00M | Scene, ViewLayer | Synchronizing object | GEO-carrier-1m-side-upper-rail-0
Fra:1 Mem:20.69M (Peak 20.69M) | Time:00:00.00 | Mem:0.00M, Peak:0.00M | Scene, ViewLayer | Synchronizing object | GEO-carrier-1m-side-lower-rail-0
Fra:1 Mem:20.70M (Peak 20.70M) | Time:00:00.00 | Mem:0.00M, Peak:0.00M | Scene, ViewLayer | Synchronizing object | GEO-carrier-1m-status-0.9375
Fra:1 Mem:20.71M (Peak 20.71M) | Time:00:00.00 | Mem:0.00M, Peak:0.00M | Scene, ViewLayer | Synchronizing object | GEO-carrier-1m-latch-grip-0.65-0.9375
Fra:1 Mem:20.72M (Peak 20.72M) | Time:00:00.00 | Mem:0.00M, Peak:0.00M | Scene, ViewLayer | Synchronizing object | GEO-carrier-1m-latch-0.65-0.9375
Fra:1 Mem:20.74M (Peak 20.74M) | Time:00:00.00 | Mem:0.00M, Peak:0.00M | Scene, ViewLayer | Synchronizing object | GEO-carrier-1m-latch-grip-0.15-0.9375
Fra:1 Mem:20.75M (Peak 20.75M) | Time:00:00.00 | Mem:0.00M, Peak:0.00M | Scene, ViewLayer | Synchronizing object | GEO-carrier-1m-latch-0.15-0.9375
Fra:1 Mem:20.76M (Peak 20.76M) | Time:00:00.00 | Mem:0.00M, Peak:0.00M | Scene, ViewLayer | Synchronizing object | GEO-carrier-1m-front-rail-0.9375
Fra:1 Mem:20.78M (Peak 20.78M) | Time:00:00.00 | Mem:0.00M, Peak:0.00M | Scene, ViewLayer | Synchronizing object | GEO-carrier-1m-status-0
Fra:1 Mem:20.79M (Peak 20.79M) | Time:00:00.00 | Mem:0.00M, Peak:0.00M | Scene, ViewLayer | Synchronizing object | GEO-carrier-1m-latch-grip-0.65-0
Fra:1 Mem:20.80M (Peak 20.80M) | Time:00:00.00 | Mem:0.00M, Peak:0.00M | Scene, ViewLayer | Synchronizing object | GEO-carrier-1m-latch-0.65-0
Fra:1 Mem:20.81M (Peak 20.81M) | Time:00:00.00 | Mem:0.00M, Peak:0.00M | Scene, ViewLayer | Synchronizing object | GEO-carrier-1m-latch-grip-0.15-0
Fra:1 Mem:20.83M (Peak 20.83M) | Time:00:00.00 | Mem:0.00M, Peak:0.00M | Scene, ViewLayer | Synchronizing object | GEO-carrier-1m-latch-0.15-0
Fra:1 Mem:20.84M (Peak 20.84M) | Time:00:00.00 | Mem:0.00M, Peak:0.00M | Scene, ViewLayer | Synchronizing object | GEO-carrier-1m-front-rail-0
Fra:1 Mem:20.85M (Peak 20.85M) | Time:00:00.00 | Mem:0.00M, Peak:0.00M | Scene, ViewLayer | Synchronizing object | GEO-carrier-1m-corner-shell-0.90625-0.90625
Fra:1 Mem:20.87M (Peak 20.87M) | Time:00:00.00 | Mem:0.00M, Peak:0.00M | Scene, ViewLayer | Synchronizing object | GEO-carrier-1m-corner-post-0.90625-0.90625
Fra:1 Mem:20.88M (Peak 20.88M) | Time:00:00.00 | Mem:0.00M, Peak:0.00M | Scene, ViewLayer | Synchronizing object | GEO-carrier-1m-corner-shell-0.90625-0
Fra:1 Mem:20.89M (Peak 20.89M) | Time:00:00.00 | Mem:0.00M, Peak:0.00M | Scene, ViewLayer | Synchronizing object | GEO-carrier-1m-corner-post-0.90625-0
Fra:1 Mem:20.90M (Peak 20.90M) | Time:00:00.00 | Mem:0.00M, Peak:0.00M | Scene, ViewLayer | Synchronizing object | GEO-carrier-1m-corner-shell-0-0.90625
Fra:1 Mem:20.92M (Peak 20.92M) | Time:00:00.00 | Mem:0.00M, Peak:0.00M | Scene, ViewLayer | Synchronizing object | GEO-carrier-1m-corner-post-0-0.90625
Fra:1 Mem:20.93M (Peak 20.93M) | Time:00:00.00 | Mem:0.00M, Peak:0.00M | Scene, ViewLayer | Synchronizing object | GEO-carrier-1m-corner-shell-0-0
Fra:1 Mem:20.94M (Peak 20.94M) | Time:00:00.00 | Mem:0.00M, Peak:0.00M | Scene, ViewLayer | Synchronizing object | GEO-carrier-1m-corner-post-0-0
Fra:1 Mem:20.96M (Peak 20.96M) | Time:00:00.00 | Mem:0.00M, Peak:0.00M | Scene, ViewLayer | Synchronizing object | GEO-carrier-1m-top-restraint-0-0-0.94
Fra:1 Mem:20.97M (Peak 20.97M) | Time:00:00.00 | Mem:0.00M, Peak:0.00M | Scene, ViewLayer | Synchronizing object | GEO-carrier-1m-top-restraint-0-0-0.045
Fra:1 Mem:20.98M (Peak 20.98M) | Time:00:00.01 | Mem:0.00M, Peak:0.00M | Scene, ViewLayer | Synchronizing object | GEO-carrier-1m-BEARING-top-0-0
Fra:1 Mem:20.98M (Peak 20.98M) | Time:00:00.01 | Mem:0.00M, Peak:0.00M | Scene, ViewLayer | Synchronizing object | GEO-carrier-1m-BEARING-bottom-0-0
Fra:1 Mem:20.98M (Peak 20.98M) | Time:00:00.01 | Mem:0.00M, Peak:0.00M | Scene, ViewLayer | Synchronizing object | GEO-carrier-1m-upper-deck
Fra:1 Mem:21.00M (Peak 21.00M) | Time:00:00.01 | Mem:0.00M, Peak:0.00M | Scene, ViewLayer | Synchronizing object | GEO-carrier-1m-lower-deck
Fra:1 Mem:21.01M (Peak 21.01M) | Time:00:00.01 | Mem:0.00M, Peak:0.00M | Scene, ViewLayer | Initializing
Fra:1 Mem:19.23M (Peak 21.01M) | Time:00:00.01 | Mem:0.00M, Peak:0.00M | Scene, ViewLayer | Waiting for render to start
Fra:1 Mem:19.23M (Peak 21.01M) | Time:00:00.01 | Mem:0.00M, Peak:0.00M | Scene, ViewLayer | Loading render kernels (may take a few minutes the first time)
Fra:1 Mem:19.23M (Peak 21.01M) | Time:00:00.01 | Mem:0.00M, Peak:0.00M | Scene, ViewLayer | Updating Scene
Fra:1 Mem:19.23M (Peak 21.01M) | Time:00:00.01 | Mem:0.00M, Peak:0.00M | Scene, ViewLayer | Updating Shaders
Fra:1 Mem:19.31M (Peak 21.01M) | Time:00:00.01 | Mem:0.00M, Peak:0.00M | Scene, ViewLayer | Updating Procedurals
Fra:1 Mem:19.31M (Peak 21.01M) | Time:00:00.01 | Mem:0.00M, Peak:0.00M | Scene, ViewLayer | Updating Background
Fra:1 Mem:19.31M (Peak 21.01M) | Time:00:00.01 | Mem:0.00M, Peak:0.00M | Scene, ViewLayer | Updating Camera
Fra:1 Mem:19.31M (Peak 21.01M) | Time:00:00.01 | Mem:0.00M, Peak:0.00M | Scene, ViewLayer | Updating Meshes Flags
Fra:1 Mem:19.31M (Peak 21.01M) | Time:00:00.01 | Mem:0.00M, Peak:0.00M | Scene, ViewLayer | Updating Objects
Fra:1 Mem:19.31M (Peak 21.01M) | Time:00:00.01 | Mem:0.00M, Peak:0.00M | Scene, ViewLayer | Updating Objects | Copying Transformations to device
Fra:1 Mem:19.32M (Peak 21.01M) | Time:00:00.01 | Mem:0.01M, Peak:0.01M | Scene, ViewLayer | Updating Objects | Applying Static Transformations
Fra:1 Mem:19.32M (Peak 21.01M) | Time:00:00.01 | Mem:0.01M, Peak:0.01M | Scene, ViewLayer | Updating Particle Systems
Fra:1 Mem:19.32M (Peak 21.01M) | Time:00:00.01 | Mem:0.01M, Peak:0.01M | Scene, ViewLayer | Updating Particle Systems | Copying Particles to device
Fra:1 Mem:19.32M (Peak 21.01M) | Time:00:00.01 | Mem:0.01M, Peak:0.01M | Scene, ViewLayer | Updating Meshes
Fra:1 Mem:19.37M (Peak 21.01M) | Time:00:00.01 | Mem:0.01M, Peak:0.01M | Scene, ViewLayer | Updating Mesh | Computing attributes
Fra:1 Mem:19.44M (Peak 21.01M) | Time:00:00.01 | Mem:0.01M, Peak:0.01M | Scene, ViewLayer | Updating Mesh | Copying Attributes to device
Fra:1 Mem:19.44M (Peak 21.01M) | Time:00:00.01 | Mem:0.08M, Peak:0.08M | Scene, ViewLayer | Updating Scene BVH | Building
Fra:1 Mem:19.44M (Peak 21.01M) | Time:00:00.01 | Mem:0.08M, Peak:0.08M | Scene, ViewLayer | Updating Scene BVH | Building BVH
Fra:1 Mem:19.44M (Peak 21.01M) | Time:00:00.01 | Mem:0.18M, Peak:0.18M | Scene, ViewLayer | Updating Scene BVH | Building BVH 0%
Fra:1 Mem:19.44M (Peak 21.01M) | Time:00:00.01 | Mem:0.29M, Peak:0.38M | Scene, ViewLayer | Updating Scene BVH | Copying BVH to device
Fra:1 Mem:19.44M (Peak 21.01M) | Time:00:00.01 | Mem:0.29M, Peak:0.38M | Scene, ViewLayer | Updating Mesh | Computing normals
Fra:1 Mem:19.68M (Peak 21.01M) | Time:00:00.01 | Mem:0.29M, Peak:0.38M | Scene, ViewLayer | Updating Mesh | Copying Mesh to device
Fra:1 Mem:19.68M (Peak 21.01M) | Time:00:00.01 | Mem:0.53M, Peak:0.53M | Scene, ViewLayer | Updating Objects Flags
Fra:1 Mem:19.68M (Peak 21.01M) | Time:00:00.01 | Mem:0.53M, Peak:0.53M | Scene, ViewLayer | Updating Primitive Offsets
Fra:1 Mem:19.68M (Peak 21.01M) | Time:00:00.01 | Mem:0.53M, Peak:0.53M | Scene, ViewLayer | Updating Images
Fra:1 Mem:19.68M (Peak 21.01M) | Time:00:00.01 | Mem:0.53M, Peak:0.53M | Scene, ViewLayer | Updating Camera Volume
Fra:1 Mem:19.68M (Peak 21.01M) | Time:00:00.01 | Mem:0.53M, Peak:0.53M | Scene, ViewLayer | Updating Lookup Tables
Fra:1 Mem:19.68M (Peak 21.01M) | Time:00:00.01 | Mem:0.62M, Peak:0.62M | Scene, ViewLayer | Updating Lights
Fra:1 Mem:19.68M (Peak 21.01M) | Time:00:00.01 | Mem:0.62M, Peak:0.62M | Scene, ViewLayer | Updating Lights | Computing tree
Fra:1 Mem:19.72M (Peak 21.01M) | Time:00:00.01 | Mem:0.65M, Peak:0.65M | Scene, ViewLayer | Updating Integrator
Fra:1 Mem:19.72M (Peak 21.01M) | Time:00:00.01 | Mem:0.65M, Peak:0.65M | Scene, ViewLayer | Updating Film
Fra:1 Mem:19.72M (Peak 21.01M) | Time:00:00.01 | Mem:0.57M, Peak:0.65M | Scene, ViewLayer | Updating Lookup Tables
Fra:1 Mem:19.72M (Peak 21.01M) | Time:00:00.01 | Mem:0.66M, Peak:0.66M | Scene, ViewLayer | Updating Baking
Fra:1 Mem:19.72M (Peak 21.01M) | Time:00:00.01 | Mem:0.66M, Peak:0.66M | Scene, ViewLayer | Updating Device | Writing constant memory
Fra:1 Mem:19.72M (Peak 21.01M) | Time:00:00.01 | Mem:0.66M, Peak:0.66M | Scene, ViewLayer | Sample 0/64
Fra:1 Mem:53.72M (Peak 53.72M) | Time:00:00.62 | Remaining:00:38.33 | Mem:34.65M, Peak:34.65M | Scene, ViewLayer | Sample 1/64
Fra:1 Mem:68.83M (Peak 99.04M) | Time:00:26.00 | Mem:34.65M, Peak:34.65M | Scene, ViewLayer | Sample 64/64
Fra:1 Mem:68.83M (Peak 99.04M) | Time:00:26.00 | Mem:34.65M, Peak:34.65M | Scene, ViewLayer | Finished
Saved: '/root/sidereal_spacetime/assets/art-library/designs/cargo.carrier.grid-support/revisions/r000/a003/carrier-1m-cutout.png'
Time: 00:26.33 (Saving: 00:00.32)

Fra:1 Mem:21.27M (Peak 21.27M) | Time:00:00.00 | Mem:0.00M, Peak:0.00M | Scene, ViewLayer | Synchronizing object | GEO-carrier-2m-lower-deck
Fra:1 Mem:21.29M (Peak 21.29M) | Time:00:00.00 | Mem:0.00M, Peak:0.00M | Scene, ViewLayer | Synchronizing object | GEO-carrier-2m-upper-deck
Fra:1 Mem:21.31M (Peak 21.31M) | Time:00:00.00 | Mem:0.00M, Peak:0.00M | Scene, ViewLayer | Synchronizing object | GEO-carrier-2m-BEARING-bottom-0-0
Fra:1 Mem:21.31M (Peak 21.31M) | Time:00:00.00 | Mem:0.00M, Peak:0.00M | Scene, ViewLayer | Synchronizing object | GEO-carrier-2m-BEARING-top-0-0
Fra:1 Mem:21.31M (Peak 21.31M) | Time:00:00.00 | Mem:0.00M, Peak:0.00M | Scene, ViewLayer | Synchronizing object | GEO-carrier-2m-top-restraint-0-0-0.045
Fra:1 Mem:21.34M (Peak 21.34M) | Time:00:00.00 | Mem:0.00M, Peak:0.00M | Scene, ViewLayer | Synchronizing object | GEO-carrier-2m-intermediate-post-0.953125-1.90625
Fra:1 Mem:21.33M (Peak 21.34M) | Time:00:00.00 | Mem:0.00M, Peak:0.00M | Scene, ViewLayer | Synchronizing object | GEO-carrier-2m-top-restraint-0-0-0.94
Fra:1 Mem:21.35M (Peak 21.35M) | Time:00:00.00 | Mem:0.00M, Peak:0.00M | Scene, ViewLayer | Synchronizing object | GEO-carrier-2m-BEARING-bottom-0-1
Fra:1 Mem:21.35M (Peak 21.35M) | Time:00:00.00 | Mem:0.00M, Peak:0.00M | Scene, ViewLayer | Synchronizing object | GEO-carrier-2m-BEARING-top-0-1
Fra:1 Mem:21.36M (Peak 21.36M) | Time:00:00.00 | Mem:0.00M, Peak:0.00M | Scene, ViewLayer | Synchronizing object | GEO-carrier-2m-top-restraint-0-1-1.045
Fra:1 Mem:21.37M (Peak 21.37M) | Time:00:00.00 | Mem:0.00M, Peak:0.00M | Scene, ViewLayer | Synchronizing object | GEO-carrier-2m-intermediate-post-0.953125-0
Fra:1 Mem:21.37M (Peak 21.37M) | Time:00:00.00 | Mem:0.00M, Peak:0.00M | Scene, ViewLayer | Synchronizing object | GEO-carrier-2m-top-restraint-0-1-1.94
Fra:1 Mem:21.39M (Peak 21.39M) | Time:00:00.00 | Mem:0.00M, Peak:0.00M | Scene, ViewLayer | Synchronizing object | GEO-carrier-2m-intermediate-post-1.90625-0.953125
Fra:1 Mem:21.41M (Peak 21.41M) | Time:00:00.00 | Mem:0.00M, Peak:0.00M | Scene, ViewLayer | Synchronizing object | GEO-carrier-2m-BEARING-bottom-1-0
Fra:1 Mem:21.41M (Peak 21.41M) | Time:00:00.00 | Mem:0.00M, Peak:0.00M | Scene, ViewLayer | Synchronizing object | GEO-carrier-2m-BEARING-top-1-0
Fra:1 Mem:21.42M (Peak 21.42M) | Time:00:00.00 | Mem:0.00M, Peak:0.00M | Scene, ViewLayer | Synchronizing object | GEO-carrier-2m-top-restraint-1-0-0.045
Fra:1 Mem:21.41M (Peak 21.42M) | Time:00:00.00 | Mem:0.00M, Peak:0.00M | Scene, ViewLayer | Synchronizing object | GEO-carrier-2m-intermediate-post-0-0.953125
Fra:1 Mem:21.44M (Peak 21.44M) | Time:00:00.00 | Mem:0.00M, Peak:0.00M | Scene, ViewLayer | Synchronizing object | GEO-carrier-2m-top-restraint-1-0-0.94
Fra:1 Mem:21.45M (Peak 21.45M) | Time:00:00.00 | Mem:0.00M, Peak:0.00M | Scene, ViewLayer | Synchronizing object | GEO-carrier-2m-side-upper-rail-1.9375
Fra:1 Mem:21.47M (Peak 21.47M) | Time:00:00.00 | Mem:0.00M, Peak:0.00M | Scene, ViewLayer | Synchronizing object | GEO-carrier-2m-BEARING-bottom-1-1
Fra:1 Mem:21.47M (Peak 21.47M) | Time:00:00.00 | Mem:0.00M, Peak:0.00M | Scene, ViewLayer | Synchronizing object | GEO-carrier-2m-BEARING-top-1-1
Fra:1 Mem:21.46M (Peak 21.47M) | Time:00:00.00 | Mem:0.00M, Peak:0.00M | Scene, ViewLayer | Synchronizing object | GEO-carrier-2m-side-lower-rail-1.9375
Fra:1 Mem:21.46M (Peak 21.47M) | Time:00:00.00 | Mem:0.00M, Peak:0.00M | Scene, ViewLayer | Synchronizing object | GEO-carrier-2m-top-restraint-1-1-1.045
Fra:1 Mem:21.49M (Peak 21.49M) | Time:00:00.00 | Mem:0.00M, Peak:0.00M | Scene, ViewLayer | Synchronizing object | GEO-carrier-2m-side-upper-rail-0
Fra:1 Mem:21.51M (Peak 21.51M) | Time:00:00.00 | Mem:0.00M, Peak:0.00M | Scene, ViewLayer | Synchronizing object | GEO-carrier-2m-top-restraint-1-1-1.94
Fra:1 Mem:21.53M (Peak 21.53M) | Time:00:00.00 | Mem:0.00M, Peak:0.00M | Scene, ViewLayer | Synchronizing object | GEO-carrier-2m-side-lower-rail-0
Fra:1 Mem:21.53M (Peak 21.53M) | Time:00:00.00 | Mem:0.00M, Peak:0.00M | Scene, ViewLayer | Synchronizing object | GEO-carrier-2m-corner-post-0-0
Fra:1 Mem:21.55M (Peak 21.55M) | Time:00:00.00 | Mem:0.00M, Peak:0.00M | Scene, ViewLayer | Synchronizing object | GEO-carrier-2m-status-1.9375
Fra:1 Mem:21.56M (Peak 21.56M) | Time:00:00.00 | Mem:0.00M, Peak:0.00M | Scene, ViewLayer | Synchronizing object | GEO-carrier-2m-corner-shell-0-0
Fra:1 Mem:21.58M (Peak 21.58M) | Time:00:00.00 | Mem:0.00M, Peak:0.00M | Scene, ViewLayer | Synchronizing object | GEO-carrier-2m-latch-grip-1.65-1.9375
Fra:1 Mem:21.58M (Peak 21.58M) | Time:00:00.00 | Mem:0.00M, Peak:0.00M | Scene, ViewLayer | Synchronizing object | GEO-carrier-2m-corner-post-0-1.90625
Fra:1 Mem:21.60M (Peak 21.60M) | Time:00:00.00 | Mem:0.00M, Peak:0.00M | Scene, ViewLayer | Synchronizing object | GEO-carrier-2m-latch-1.65-1.9375
Fra:1 Mem:21.60M (Peak 21.60M) | Time:00:00.00 | Mem:0.00M, Peak:0.00M | Scene, ViewLayer | Synchronizing object | GEO-carrier-2m-corner-shell-0-1.90625
Fra:1 Mem:21.63M (Peak 21.63M) | Time:00:00.00 | Mem:0.00M, Peak:0.00M | Scene, ViewLayer | Synchronizing object | GEO-carrier-2m-latch-grip-0.15-1.9375
Fra:1 Mem:21.62M (Peak 21.63M) | Time:00:00.00 | Mem:0.00M, Peak:0.00M | Scene, ViewLayer | Synchronizing object | GEO-carrier-2m-corner-post-1.90625-0
Fra:1 Mem:21.65M (Peak 21.65M) | Time:00:00.00 | Mem:0.00M, Peak:0.00M | Scene, ViewLayer | Synchronizing object | GEO-carrier-2m-latch-0.15-1.9375
Fra:1 Mem:21.64M (Peak 21.65M) | Time:00:00.00 | Mem:0.00M, Peak:0.00M | Scene, ViewLayer | Synchronizing object | GEO-carrier-2m-corner-shell-1.90625-0
Fra:1 Mem:21.66M (Peak 21.66M) | Time:00:00.00 | Mem:0.00M, Peak:0.00M | Scene, ViewLayer | Synchronizing object | GEO-carrier-2m-front-rail-1.9375
Fra:1 Mem:21.66M (Peak 21.66M) | Time:00:00.00 | Mem:0.00M, Peak:0.00M | Scene, ViewLayer | Synchronizing object | GEO-carrier-2m-corner-post-1.90625-1.90625
Fra:1 Mem:21.69M (Peak 21.69M) | Time:00:00.00 | Mem:0.00M, Peak:0.00M | Scene, ViewLayer | Synchronizing object | GEO-carrier-2m-corner-shell-1.90625-1.90625
Fra:1 Mem:21.69M (Peak 21.69M) | Time:00:00.00 | Mem:0.00M, Peak:0.00M | Scene, ViewLayer | Synchronizing object | GEO-carrier-2m-status-0
Fra:1 Mem:21.73M (Peak 21.73M) | Time:00:00.00 | Mem:0.00M, Peak:0.00M | Scene, ViewLayer | Synchronizing object | GEO-carrier-2m-front-rail-0
Fra:1 Mem:21.73M (Peak 21.73M) | Time:00:00.00 | Mem:0.00M, Peak:0.00M | Scene, ViewLayer | Synchronizing object | GEO-carrier-2m-latch-grip-1.65-0
Fra:1 Mem:21.76M (Peak 21.76M) | Time:00:00.00 | Mem:0.00M, Peak:0.00M | Scene, ViewLayer | Synchronizing object | GEO-carrier-2m-latch-0.15-0
Fra:1 Mem:21.76M (Peak 21.76M) | Time:00:00.00 | Mem:0.00M, Peak:0.00M | Scene, ViewLayer | Synchronizing object | GEO-carrier-2m-latch-1.65-0
Fra:1 Mem:21.78M (Peak 21.78M) | Time:00:00.00 | Mem:0.00M, Peak:0.00M | Scene, ViewLayer | Synchronizing object | GEO-carrier-2m-latch-grip-0.15-0
Fra:1 Mem:21.78M (Peak 21.78M) | Time:00:00.00 | Mem:0.00M, Peak:0.00M | Scene, ViewLayer | Initializing
Fra:1 Mem:19.35M (Peak 21.78M) | Time:00:00.00 | Mem:0.00M, Peak:0.00M | Scene, ViewLayer | Waiting for render to start
Fra:1 Mem:19.35M (Peak 21.78M) | Time:00:00.00 | Mem:0.00M, Peak:0.00M | Scene, ViewLayer | Loading render kernels (may take a few minutes the first time)
Fra:1 Mem:19.35M (Peak 21.78M) | Time:00:00.00 | Mem:0.00M, Peak:0.00M | Scene, ViewLayer | Updating Scene
Fra:1 Mem:19.35M (Peak 21.78M) | Time:00:00.00 | Mem:0.00M, Peak:0.00M | Scene, ViewLayer | Updating Shaders
Fra:1 Mem:19.44M (Peak 21.78M) | Time:00:00.00 | Mem:0.00M, Peak:0.00M | Scene, ViewLayer | Updating Procedurals
Fra:1 Mem:19.44M (Peak 21.78M) | Time:00:00.00 | Mem:0.00M, Peak:0.00M | Scene, ViewLayer | Updating Background
Fra:1 Mem:19.44M (Peak 21.78M) | Time:00:00.00 | Mem:0.00M, Peak:0.00M | Scene, ViewLayer | Updating Camera
Fra:1 Mem:19.44M (Peak 21.78M) | Time:00:00.00 | Mem:0.00M, Peak:0.00M | Scene, ViewLayer | Updating Meshes Flags
Fra:1 Mem:19.44M (Peak 21.78M) | Time:00:00.00 | Mem:0.00M, Peak:0.00M | Scene, ViewLayer | Updating Objects
Fra:1 Mem:19.44M (Peak 21.78M) | Time:00:00.00 | Mem:0.00M, Peak:0.00M | Scene, ViewLayer | Updating Objects | Copying Transformations to device
Fra:1 Mem:19.45M (Peak 21.78M) | Time:00:00.00 | Mem:0.02M, Peak:0.02M | Scene, ViewLayer | Updating Objects | Applying Static Transformations
Fra:1 Mem:19.45M (Peak 21.78M) | Time:00:00.00 | Mem:0.02M, Peak:0.02M | Scene, ViewLayer | Updating Particle Systems
Fra:1 Mem:19.45M (Peak 21.78M) | Time:00:00.00 | Mem:0.02M, Peak:0.02M | Scene, ViewLayer | Updating Particle Systems | Copying Particles to device
Fra:1 Mem:19.45M (Peak 21.78M) | Time:00:00.00 | Mem:0.02M, Peak:0.02M | Scene, ViewLayer | Updating Meshes
Fra:1 Mem:19.51M (Peak 21.78M) | Time:00:00.00 | Mem:0.02M, Peak:0.02M | Scene, ViewLayer | Updating Mesh | Computing attributes
Fra:1 Mem:19.62M (Peak 21.78M) | Time:00:00.00 | Mem:0.02M, Peak:0.02M | Scene, ViewLayer | Updating Mesh | Copying Attributes to device
Fra:1 Mem:19.61M (Peak 21.78M) | Time:00:00.00 | Mem:0.11M, Peak:0.11M | Scene, ViewLayer | Updating Scene BVH | Building
Fra:1 Mem:19.61M (Peak 21.78M) | Time:00:00.00 | Mem:0.11M, Peak:0.11M | Scene, ViewLayer | Updating Scene BVH | Building BVH
Fra:1 Mem:19.61M (Peak 21.78M) | Time:00:00.00 | Mem:0.24M, Peak:0.24M | Scene, ViewLayer | Updating Scene BVH | Building BVH 0%
Fra:1 Mem:19.61M (Peak 21.78M) | Time:00:00.00 | Mem:0.40M, Peak:0.53M | Scene, ViewLayer | Updating Scene BVH | Copying BVH to device
Fra:1 Mem:19.61M (Peak 21.78M) | Time:00:00.00 | Mem:0.40M, Peak:0.53M | Scene, ViewLayer | Updating Mesh | Computing normals
Fra:1 Mem:19.94M (Peak 21.78M) | Time:00:00.00 | Mem:0.40M, Peak:0.53M | Scene, ViewLayer | Updating Mesh | Copying Mesh to device
Fra:1 Mem:19.94M (Peak 21.78M) | Time:00:00.00 | Mem:0.73M, Peak:0.73M | Scene, ViewLayer | Updating Objects Flags
Fra:1 Mem:19.94M (Peak 21.78M) | Time:00:00.00 | Mem:0.73M, Peak:0.73M | Scene, ViewLayer | Updating Primitive Offsets
Fra:1 Mem:19.94M (Peak 21.78M) | Time:00:00.00 | Mem:0.73M, Peak:0.73M | Scene, ViewLayer | Updating Images
Fra:1 Mem:19.94M (Peak 21.78M) | Time:00:00.00 | Mem:0.73M, Peak:0.73M | Scene, ViewLayer | Updating Camera Volume
Fra:1 Mem:19.94M (Peak 21.78M) | Time:00:00.00 | Mem:0.73M, Peak:0.73M | Scene, ViewLayer | Updating Lookup Tables
Fra:1 Mem:19.94M (Peak 21.78M) | Time:00:00.00 | Mem:0.81M, Peak:0.81M | Scene, ViewLayer | Updating Lights
Fra:1 Mem:19.94M (Peak 21.78M) | Time:00:00.00 | Mem:0.81M, Peak:0.81M | Scene, ViewLayer | Updating Lights | Computing tree
Fra:1 Mem:19.98M (Peak 21.78M) | Time:00:00.00 | Mem:0.85M, Peak:0.85M | Scene, ViewLayer | Updating Integrator
Fra:1 Mem:19.98M (Peak 21.78M) | Time:00:00.00 | Mem:0.85M, Peak:0.85M | Scene, ViewLayer | Updating Film
Fra:1 Mem:19.98M (Peak 21.78M) | Time:00:00.00 | Mem:0.77M, Peak:0.85M | Scene, ViewLayer | Updating Lookup Tables
Fra:1 Mem:19.98M (Peak 21.78M) | Time:00:00.00 | Mem:0.85M, Peak:0.85M | Scene, ViewLayer | Updating Baking
Fra:1 Mem:19.98M (Peak 21.78M) | Time:00:00.00 | Mem:0.85M, Peak:0.85M | Scene, ViewLayer | Updating Device | Writing constant memory
Fra:1 Mem:19.98M (Peak 21.78M) | Time:00:00.00 | Mem:0.85M, Peak:0.85M | Scene, ViewLayer | Sample 0/64
Fra:1 Mem:53.98M (Peak 53.98M) | Time:00:00.33 | Remaining:00:20.56 | Mem:34.84M, Peak:34.84M | Scene, ViewLayer | Sample 1/64
Fra:1 Mem:69.09M (Peak 99.30M) | Time:00:18.96 | Mem:34.84M, Peak:34.84M | Scene, ViewLayer | Sample 64/64
Fra:1 Mem:69.09M (Peak 99.30M) | Time:00:18.96 | Mem:34.84M, Peak:34.84M | Scene, ViewLayer | Finished
Saved: '/root/sidereal_spacetime/assets/art-library/designs/cargo.carrier.grid-support/revisions/r000/a003/carrier-2m-cutout.png'
Time: 00:19.10 (Saving: 00:00.13)


Info: Saved "blender-source.blend"
07:27:21 | INFO: Data are loaded, start creating Blender stuff
07:27:21 | INFO: Blender create Mesh node Cube.089
07:27:21 | INFO: Blender create Mesh node Cube.090
07:27:21 | INFO: Blender create Mesh node Cube.091
07:27:21 | INFO: Blender create Mesh node Cube.092
07:27:21 | INFO: Blender create Mesh node Cube.093
07:27:21 | INFO: Blender create Mesh node Cube.094
07:27:21 | INFO: Blender create Mesh node Cube.095
07:27:21 | INFO: Blender create Mesh node Cube.096
07:27:21 | INFO: Blender create Mesh node Cube.097
07:27:21 | INFO: Blender create Mesh node Cube.098
07:27:21 | INFO: Blender create Mesh node Cube.099
07:27:21 | INFO: Blender create Mesh node Cube.100
07:27:21 | INFO: Blender create Mesh node Cube.101
07:27:21 | INFO: Blender create Mesh node Cube.102
07:27:21 | INFO: Blender create Mesh node Cube.103
07:27:21 | INFO: Blender create Mesh node Cube.104
07:27:21 | INFO: Blender create Mesh node Cube.105
07:27:21 | INFO: Blender create Mesh node Cube.106
07:27:21 | INFO: Blender create Mesh node Cube.107
07:27:21 | INFO: Blender create Mesh node Cube.108
07:27:21 | INFO: Blender create Mesh node Cube.109
07:27:21 | INFO: Blender create Mesh node Cube.110
07:27:21 | INFO: Blender create Mesh node Cube.111
07:27:21 | INFO: Blender create Mesh node Cube.112
07:27:21 | INFO: Blender create Mesh node Cube.113
07:27:21 | INFO: Blender create Mesh node Cube.114
07:27:21 | INFO: Blender create Mesh node Cube.115
07:27:21 | INFO: Blender create Mesh node Cube.116
07:27:21 | INFO: Blender create Mesh node Cube.117
07:27:21 | INFO: Blender create Mesh node Cube.118
07:27:21 | INFO: Blender create Mesh node Cube.119
07:27:21 | INFO: Blender create Mesh node Cube.120
07:27:21 | INFO: Blender create Mesh node Cube.121
07:27:21 | INFO: Blender create Mesh node Cube.122
07:27:21 | INFO: Blender create Mesh node Cube.123
07:27:21 | INFO: Blender create Mesh node Cube.124
07:27:21 | INFO: Blender create Mesh node Cylinder.004
07:27:21 | INFO: Blender create Mesh node Cylinder.005
07:27:21 | INFO: Blender create Mesh node side-inset-backing.002
07:27:21 | INFO: Blender create Mesh node fitted-side-panel.002
07:27:21 | INFO: Blender create Mesh node Cube.125
07:27:21 | INFO: Blender create Mesh node Cube.126
07:27:21 | INFO: Blender create Mesh node Cube.127
07:27:21 | INFO: Blender create Mesh node Cylinder.006
07:27:21 | INFO: Blender create Mesh node Cube.128
07:27:21 | INFO: Blender create Mesh node side-inset-backing.003
07:27:21 | INFO: Blender create Mesh node fitted-side-panel.003
07:27:21 | INFO: Blender create Mesh node Cube.129
07:27:21 | INFO: Blender create Mesh node Cube.130
07:27:21 | INFO: Blender create Mesh node Cube.131
07:27:21 | INFO: Blender create Mesh node Cylinder.007
07:27:21 | INFO: Blender create Mesh node Cube.132
07:27:21 | INFO: Blender create Mesh node front-inset.001
07:27:21 | INFO: Blender create Mesh node front-fitted-panel.001
07:27:21 | INFO: Blender create Mesh node Cube.133
07:27:21 | INFO: Blender create Mesh node Cube.134
07:27:21 | INFO: Blender create Mesh node Cube.135
07:27:21 | INFO: Blender create Mesh node Cube.136
07:27:21 | INFO: Blender create Mesh node Cube.137
07:27:21 | INFO: Blender create Mesh node Cube.138
07:27:21 | INFO: Blender create Mesh node Cube.139
07:27:21 | INFO: Blender create Mesh node Cube.140
07:27:21 | INFO: Blender create Mesh node Cube.141
07:27:21 | INFO: Blender create Mesh node Cube.142
07:27:21 | INFO: Blender create Mesh node Cube.143
07:27:21 | INFO: Blender create Mesh node Cube.144
07:27:21 | INFO: Blender create Mesh node Cube.145
07:27:21 | INFO: Blender create Mesh node Cube.146
07:27:21 | INFO: Blender create Mesh node Cube.147
07:27:21 | INFO: Blender create Mesh node Cube.148
07:27:21 | INFO: Blender create Mesh node Cube.149
07:27:21 | INFO: Blender create Mesh node Cube.150
07:27:21 | INFO: Blender create Mesh node Cube.151
07:27:21 | INFO: Blender create Mesh node Cube.152
07:27:21 | INFO: Blender create Mesh node Text.001
07:27:21 | INFO: Blender create Mesh node Cube.153
07:27:21 | INFO: Blender create Mesh node Cube.154
07:27:21 | INFO: Blender create Mesh node Cube.155
07:27:21 | INFO: Blender create Mesh node Cube.156
07:27:21 | INFO: Blender create Mesh node Cube.157
07:27:21 | INFO: Blender create Mesh node Cube.158
07:27:21 | INFO: Blender create Mesh node Cube.159
07:27:21 | INFO: Blender create Mesh node Cube.160
07:27:21 | INFO: Blender create Mesh node Cube.161
07:27:21 | INFO: Blender create Mesh node Cube.162
07:27:21 | INFO: Blender create Mesh node Cube.163
07:27:21 | INFO: Blender create Mesh node Cube.164
07:27:21 | INFO: Blender create Mesh node Cube.165
07:27:21 | INFO: Blender create Mesh node Cube.166
07:27:21 | INFO: Blender create Mesh node Cube.167
07:27:21 | INFO: Blender create Mesh node Cube.168
07:27:21 | INFO: Blender create Mesh node Cube.169
07:27:21 | INFO: Blender create Mesh node Cube.170
07:27:21 | INFO: glTF import finished in 0.06s
07:27:21 | INFO: Data are loaded, start creating Blender stuff
07:27:21 | INFO: Blender create Mesh node Cube.026
07:27:21 | INFO: Blender create Mesh node Cube.027
07:27:21 | INFO: Blender create Mesh node Cube.028
07:27:21 | INFO: Blender create Mesh node Cube.029
07:27:21 | INFO: Blender create Mesh node Cube.089
07:27:21 | INFO: Blender create Mesh node Cube.090
07:27:21 | INFO: Blender create Mesh node Cube.091
07:27:21 | INFO: Blender create Mesh node Cube.092
07:27:21 | INFO: Blender create Mesh node Cube.093
07:27:21 | INFO: Blender create Mesh node Cube.094
07:27:21 | INFO: Blender create Mesh node Cube.095
07:27:21 | INFO: Blender create Mesh node Cube.096
07:27:21 | INFO: Blender create Mesh node Cube.097
07:27:21 | INFO: Blender create Mesh node Cube.098
07:27:21 | INFO: Blender create Mesh node Cube.099
07:27:21 | INFO: Blender create Mesh node Cube.100
07:27:21 | INFO: Blender create Mesh node Cube.101
07:27:21 | INFO: Blender create Mesh node Cube.102
07:27:21 | INFO: Blender create Mesh node Cube.103
07:27:21 | INFO: Blender create Mesh node Cube.104
07:27:21 | INFO: Blender create Mesh node Cube.105
07:27:21 | INFO: Blender create Mesh node Cube.106
07:27:21 | INFO: Blender create Mesh node Cube.107
07:27:21 | INFO: Blender create Mesh node Cube.108
07:27:21 | INFO: Blender create Mesh node Cube.109
07:27:21 | INFO: Blender create Mesh node Cube.110
07:27:21 | INFO: Blender create Mesh node Cube.111
07:27:21 | INFO: Blender create Mesh node Cube.112
07:27:21 | INFO: Blender create Mesh node Cube.113
07:27:21 | INFO: Blender create Mesh node Cube.114
07:27:21 | INFO: Blender create Mesh node Cube.115
07:27:21 | INFO: Blender create Mesh node Cube.116
07:27:21 | INFO: Blender create Mesh node Cube.117
07:27:21 | INFO: Blender create Mesh node Cube.118
07:27:21 | INFO: Blender create Mesh node Cube.119
07:27:21 | INFO: Blender create Mesh node Cube.120
07:27:21 | INFO: Blender create Mesh node Cylinder.004
07:27:21 | INFO: Blender create Mesh node Cylinder.005
07:27:21 | INFO: Blender create Mesh node side-inset-backing.002
07:27:21 | INFO: Blender create Mesh node fitted-side-panel.002
07:27:21 | INFO: Blender create Mesh node Cube.121
07:27:21 | INFO: Blender create Mesh node Cube.122
07:27:21 | INFO: Blender create Mesh node Cube.123
07:27:21 | INFO: Blender create Mesh node Cylinder.006
07:27:21 | INFO: Blender create Mesh node Cube.124
07:27:21 | INFO: Blender create Mesh node side-inset-backing.003
07:27:21 | INFO: Blender create Mesh node fitted-side-panel.003
07:27:21 | INFO: Blender create Mesh node Cube.125
07:27:21 | INFO: Blender create Mesh node Cube.126
07:27:21 | INFO: Blender create Mesh node Cube.127
07:27:21 | INFO: Blender create Mesh node Cylinder.007
07:27:21 | INFO: Blender create Mesh node Cube.128
07:27:21 | INFO: Blender create Mesh node front-inset.001
07:27:21 | INFO: Blender create Mesh node front-fitted-panel.001
07:27:21 | INFO: Blender create Mesh node Cube.129
07:27:21 | INFO: Blender create Mesh node Cube.130
07:27:21 | INFO: Blender create Mesh node Cube.131
07:27:21 | INFO: Blender create Mesh node Cube.132
07:27:21 | INFO: Blender create Mesh node Cube.133
07:27:21 | INFO: Blender create Mesh node Cube.134
07:27:21 | INFO: Blender create Mesh node Cube.135
07:27:21 | INFO: Blender create Mesh node Cube.136
07:27:21 | INFO: Blender create Mesh node Cube.137
07:27:21 | INFO: Blender create Mesh node Cube.138
07:27:21 | INFO: Blender create Mesh node Cube.139
07:27:21 | INFO: Blender create Mesh node Cube.140
07:27:21 | INFO: Blender create Mesh node Cube.141
07:27:21 | INFO: Blender create Mesh node Cube.142
07:27:21 | INFO: Blender create Mesh node Cube.143
07:27:21 | INFO: Blender create Mesh node Cube.144
07:27:21 | INFO: Blender create Mesh node Cube.145
07:27:21 | INFO: Blender create Mesh node Cube.146
07:27:21 | INFO: Blender create Mesh node Cube.147
07:27:21 | INFO: Blender create Mesh node Cube.148
07:27:21 | INFO: Blender create Mesh node Text.001
07:27:21 | INFO: Blender create Mesh node Cube.149
07:27:21 | INFO: Blender create Mesh node Cube.150
07:27:21 | INFO: Blender create Mesh node Cube.151
07:27:21 | INFO: Blender create Mesh node Cube.152
07:27:21 | INFO: Blender create Mesh node Cube.153
07:27:21 | INFO: Blender create Mesh node Cube.154
07:27:21 | INFO: Blender create Mesh node Cube.155
07:27:21 | INFO: Blender create Mesh node Cube.156
07:27:21 | INFO: Blender create Mesh node Cube.157
07:27:21 | INFO: Blender create Mesh node Cube.158
07:27:21 | INFO: Blender create Mesh node Cube.159
07:27:21 | INFO: Blender create Mesh node Cube.160
07:27:21 | INFO: Blender create Mesh node Cube.161
07:27:21 | INFO: Blender create Mesh node Cube.162
07:27:21 | INFO: Blender create Mesh node Cube.163
07:27:21 | INFO: Blender create Mesh node Cube.164
07:27:21 | INFO: Blender create Mesh node Cube.165
07:27:21 | INFO: Blender create Mesh node Cube.166
07:27:21 | INFO: glTF import finished in 0.11s
07:27:21 | INFO: Data are loaded, start creating Blender stuff
07:27:21 | INFO: Blender create Mesh node Cube.089
07:27:21 | INFO: Blender create Mesh node Cube.090
07:27:21 | INFO: Blender create Mesh node Cube.091
07:27:21 | INFO: Blender create Mesh node Cube.092
07:27:21 | INFO: Blender create Mesh node Cube.093
07:27:21 | INFO: Blender create Mesh node Cube.094
07:27:21 | INFO: Blender create Mesh node Cube.095
07:27:21 | INFO: Blender create Mesh node Cube.096
07:27:21 | INFO: Blender create Mesh node Cube.097
07:27:21 | INFO: Blender create Mesh node Cube.098
07:27:21 | INFO: Blender create Mesh node Cube.099
07:27:21 | INFO: Blender create Mesh node Cube.100
07:27:21 | INFO: Blender create Mesh node Cube.101
07:27:21 | INFO: Blender create Mesh node Cube.102
07:27:21 | INFO: Blender create Mesh node Cube.103
07:27:21 | INFO: Blender create Mesh node Cube.104
07:27:21 | INFO: Blender create Mesh node Cube.105
07:27:21 | INFO: Blender create Mesh node Cube.106
07:27:21 | INFO: Blender create Mesh node Cube.107
07:27:21 | INFO: Blender create Mesh node Cube.108
07:27:21 | INFO: Blender create Mesh node Cube.109
07:27:21 | INFO: Blender create Mesh node Cube.110
07:27:21 | INFO: Blender create Mesh node Cube.111
07:27:21 | INFO: Blender create Mesh node Cube.112
07:27:21 | INFO: Blender create Mesh node Cube.113
07:27:21 | INFO: Blender create Mesh node Cube.114
07:27:21 | INFO: Blender create Mesh node Cube.115
07:27:21 | INFO: Blender create Mesh node Cube.116
07:27:21 | INFO: Blender create Mesh node Cube.117
07:27:21 | INFO: Blender create Mesh node Cube.118
07:27:21 | INFO: Blender create Mesh node Cube.119
07:27:21 | INFO: Blender create Mesh node Cube.120
07:27:21 | INFO: Blender create Mesh node Cube.121
07:27:21 | INFO: Blender create Mesh node Cube.122
07:27:21 | INFO: Blender create Mesh node Cube.123
07:27:21 | INFO: Blender create Mesh node Cube.124
07:27:21 | INFO: Blender create Mesh node Cylinder.004
07:27:21 | INFO: Blender create Mesh node Cylinder.005
07:27:21 | INFO: Blender create Mesh node side-inset-backing.002
07:27:21 | INFO: Blender create Mesh node fitted-side-panel.002
07:27:21 | INFO: Blender create Mesh node Cube.125
07:27:21 | INFO: Blender create Mesh node Cube.126
07:27:21 | INFO: Blender create Mesh node Cube.127
07:27:21 | INFO: Blender create Mesh node Cylinder.006
07:27:21 | INFO: Blender create Mesh node Cube.128
07:27:21 | INFO: Blender create Mesh node side-inset-backing.003
07:27:21 | INFO: Blender create Mesh node fitted-side-panel.003
07:27:21 | INFO: Blender create Mesh node Cube.129
07:27:21 | INFO: Blender create Mesh node Cube.130
07:27:21 | INFO: Blender create Mesh node Cube.131
07:27:21 | INFO: Blender create Mesh node Cylinder.007
07:27:21 | INFO: Blender create Mesh node Cube.132
07:27:21 | INFO: Blender create Mesh node front-inset.001
07:27:21 | INFO: Blender create Mesh node front-fitted-panel.001
07:27:21 | INFO: Blender create Mesh node Cube.133
07:27:21 | INFO: Blender create Mesh node Cube.134
07:27:21 | INFO: Blender create Mesh node Cube.135
07:27:21 | INFO: Blender create Mesh node Cube.136
07:27:21 | INFO: Blender create Mesh node Cube.137
07:27:21 | INFO: Blender create Mesh node Cube.138
07:27:21 | INFO: Blender create Mesh node Cube.139
07:27:21 | INFO: Blender create Mesh node Cube.140
07:27:21 | INFO: Blender create Mesh node Cube.141
07:27:21 | INFO: Blender create Mesh node Cube.142
07:27:21 | INFO: Blender create Mesh node Cube.143
07:27:21 | INFO: Blender create Mesh node Cube.144
07:27:21 | INFO: Blender create Mesh node Cube.145
07:27:21 | INFO: Blender create Mesh node Cube.146
07:27:21 | INFO: Blender create Mesh node Cube.147
07:27:21 | INFO: Blender create Mesh node Cube.148
07:27:21 | INFO: Blender create Mesh node Cube.149
07:27:21 | INFO: Blender create Mesh node Cube.150
07:27:21 | INFO: Blender create Mesh node Cube.151
07:27:21 | INFO: Blender create Mesh node Cube.152
07:27:21 | INFO: Blender create Mesh node Text.001
07:27:21 | INFO: Blender create Mesh node Cube.153
07:27:21 | INFO: Blender create Mesh node Cube.154
07:27:21 | INFO: Blender create Mesh node Cube.155
07:27:21 | INFO: Blender create Mesh node Cube.156
07:27:21 | INFO: Blender create Mesh node Cube.157
07:27:21 | INFO: Blender create Mesh node Cube.158
07:27:21 | INFO: Blender create Mesh node Cube.159
07:27:21 | INFO: Blender create Mesh node Cube.160
07:27:21 | INFO: Blender create Mesh node Cube.161
07:27:21 | INFO: Blender create Mesh node Cube.162
07:27:21 | INFO: Blender create Mesh node Cube.163
07:27:21 | INFO: Blender create Mesh node Cube.164
07:27:21 | INFO: Blender create Mesh node Cube.165
07:27:21 | INFO: Blender create Mesh node Cube.166
07:27:21 | INFO: Blender create Mesh node Cube.167
07:27:21 | INFO: Blender create Mesh node Cube.168
07:27:21 | INFO: Blender create Mesh node Cube.169
07:27:21 | INFO: Blender create Mesh node Cube.170
07:27:21 | INFO: glTF import finished in 0.08s
07:27:21 | INFO: Data are loaded, start creating Blender stuff
07:27:21 | INFO: Blender create Mesh node Cube.026
07:27:21 | INFO: Blender create Mesh node Cube.027
07:27:21 | INFO: Blender create Mesh node Cube.028
07:27:21 | INFO: Blender create Mesh node Cube.029
07:27:21 | INFO: Blender create Mesh node Cube.089
07:27:21 | INFO: Blender create Mesh node Cube.090
07:27:21 | INFO: Blender create Mesh node Cube.091
07:27:21 | INFO: Blender create Mesh node Cube.092
07:27:21 | INFO: Blender create Mesh node Cube.093
07:27:21 | INFO: Blender create Mesh node Cube.094
07:27:21 | INFO: Blender create Mesh node Cube.095
07:27:21 | INFO: Blender create Mesh node Cube.096
07:27:21 | INFO: Blender create Mesh node Cube.097
07:27:21 | INFO: Blender create Mesh node Cube.098
07:27:21 | INFO: Blender create Mesh node Cube.099
07:27:21 | INFO: Blender create Mesh node Cube.100
07:27:21 | INFO: Blender create Mesh node Cube.101
07:27:21 | INFO: Blender create Mesh node Cube.102
07:27:21 | INFO: Blender create Mesh node Cube.103
07:27:21 | INFO: Blender create Mesh node Cube.104
07:27:21 | INFO: Blender create Mesh node Cube.105
07:27:21 | INFO: Blender create Mesh node Cube.106
07:27:21 | INFO: Blender create Mesh node Cube.107
07:27:21 | INFO: Blender create Mesh node Cube.108
07:27:21 | INFO: Blender create Mesh node Cube.109
07:27:21 | INFO: Blender create Mesh node Cube.110
07:27:21 | INFO: Blender create Mesh node Cube.111
07:27:21 | INFO: Blender create Mesh node Cube.112
07:27:21 | INFO: Blender create Mesh node Cube.113
07:27:21 | INFO: Blender create Mesh node Cube.114
07:27:21 | INFO: Blender create Mesh node Cube.115
07:27:21 | INFO: Blender create Mesh node Cube.116
07:27:21 | INFO: Blender create Mesh node Cube.117
07:27:21 | INFO: Blender create Mesh node Cube.118
07:27:21 | INFO: Blender create Mesh node Cube.119
07:27:21 | INFO: Blender create Mesh node Cube.120
07:27:21 | INFO: Blender create Mesh node Cylinder.004
07:27:21 | INFO: Blender create Mesh node Cylinder.005
07:27:21 | INFO: Blender create Mesh node side-inset-backing.002
07:27:21 | INFO: Blender create Mesh node fitted-side-panel.002
07:27:21 | INFO: Blender create Mesh node Cube.121
07:27:21 | INFO: Blender create Mesh node Cube.122
07:27:21 | INFO: Blender create Mesh node Cube.123
07:27:21 | INFO: Blender create Mesh node Cylinder.006
07:27:21 | INFO: Blender create Mesh node Cube.124
07:27:21 | INFO: Blender create Mesh node side-inset-backing.003
07:27:21 | INFO: Blender create Mesh node fitted-side-panel.003
07:27:21 | INFO: Blender create Mesh node Cube.125
07:27:21 | INFO: Blender create Mesh node Cube.126
07:27:21 | INFO: Blender create Mesh node Cube.127
07:27:21 | INFO: Blender create Mesh node Cylinder.007
07:27:21 | INFO: Blender create Mesh node Cube.128
07:27:21 | INFO: Blender create Mesh node front-inset.001
07:27:21 | INFO: Blender create Mesh node front-fitted-panel.001
07:27:21 | INFO: Blender create Mesh node Cube.129
07:27:21 | INFO: Blender create Mesh node Cube.130
07:27:21 | INFO: Blender create Mesh node Cube.131
07:27:21 | INFO: Blender create Mesh node Cube.132
07:27:21 | INFO: Blender create Mesh node Cube.133
07:27:21 | INFO: Blender create Mesh node Cube.134
07:27:21 | INFO: Blender create Mesh node Cube.135
07:27:21 | INFO: Blender create Mesh node Cube.136
07:27:21 | INFO: Blender create Mesh node Cube.137
07:27:21 | INFO: Blender create Mesh node Cube.138
07:27:21 | INFO: Blender create Mesh node Cube.139
07:27:21 | INFO: Blender create Mesh node Cube.140
07:27:21 | INFO: Blender create Mesh node Cube.141
07:27:21 | INFO: Blender create Mesh node Cube.142
07:27:21 | INFO: Blender create Mesh node Cube.143
07:27:21 | INFO: Blender create Mesh node Cube.144
07:27:21 | INFO: Blender create Mesh node Cube.145
07:27:21 | INFO: Blender create Mesh node Cube.146
07:27:21 | INFO: Blender create Mesh node Cube.147
07:27:21 | INFO: Blender create Mesh node Cube.148
07:27:21 | INFO: Blender create Mesh node Text.001
07:27:21 | INFO: Blender create Mesh node Cube.149
07:27:21 | INFO: Blender create Mesh node Cube.150
07:27:21 | INFO: Blender create Mesh node Cube.151
07:27:21 | INFO: Blender create Mesh node Cube.152
07:27:21 | INFO: Blender create Mesh node Cube.153
07:27:21 | INFO: Blender create Mesh node Cube.154
07:27:21 | INFO: Blender create Mesh node Cube.155
07:27:21 | INFO: Blender create Mesh node Cube.156
07:27:21 | INFO: Blender create Mesh node Cube.157
07:27:21 | INFO: Blender create Mesh node Cube.158
07:27:21 | INFO: Blender create Mesh node Cube.159
07:27:21 | INFO: Blender create Mesh node Cube.160
07:27:21 | INFO: Blender create Mesh node Cube.161
07:27:21 | INFO: Blender create Mesh node Cube.162
07:27:21 | INFO: Blender create Mesh node Cube.163
07:27:21 | INFO: Blender create Mesh node Cube.164
07:27:21 | INFO: Blender create Mesh node Cube.165
07:27:21 | INFO: Blender create Mesh node Cube.166
07:27:21 | INFO: glTF import finished in 0.08s
07:27:21 | INFO: Data are loaded, start creating Blender stuff
07:27:21 | INFO: Blender create Mesh node Cube.089
07:27:21 | INFO: Blender create Mesh node Cube.090
07:27:21 | INFO: Blender create Mesh node Cube.091
07:27:21 | INFO: Blender create Mesh node Cube.092
07:27:21 | INFO: Blender create Mesh node Cube.093
07:27:21 | INFO: Blender create Mesh node Cube.094
07:27:21 | INFO: Blender create Mesh node Cube.095
07:27:21 | INFO: Blender create Mesh node Cube.096
07:27:21 | INFO: Blender create Mesh node Cube.097
07:27:21 | INFO: Blender create Mesh node Cube.098
07:27:21 | INFO: Blender create Mesh node Cube.099
07:27:21 | INFO: Blender create Mesh node Cube.100
07:27:21 | INFO: Blender create Mesh node Cube.101
07:27:21 | INFO: Blender create Mesh node Cube.102
07:27:21 | INFO: Blender create Mesh node Cube.103
07:27:21 | INFO: Blender create Mesh node Cube.104
07:27:21 | INFO: Blender create Mesh node Cube.105
07:27:21 | INFO: Blender create Mesh node Cube.106
07:27:21 | INFO: Blender create Mesh node Cube.107
07:27:21 | INFO: Blender create Mesh node Cube.108
07:27:21 | INFO: Blender create Mesh node Cube.109
07:27:21 | INFO: Blender create Mesh node Cube.110
07:27:21 | INFO: Blender create Mesh node Cube.111
07:27:21 | INFO: Blender create Mesh node Cube.112
07:27:21 | INFO: Blender create Mesh node Cube.113
07:27:21 | INFO: Blender create Mesh node Cube.114
07:27:21 | INFO: Blender create Mesh node Cube.115
07:27:21 | INFO: Blender create Mesh node Cube.116
07:27:21 | INFO: Blender create Mesh node Cube.117
07:27:21 | INFO: Blender create Mesh node Cube.118
07:27:21 | INFO: Blender create Mesh node Cube.119
07:27:21 | INFO: Blender create Mesh node Cube.120
07:27:21 | INFO: Blender create Mesh node Cube.121
07:27:21 | INFO: Blender create Mesh node Cube.122
07:27:21 | INFO: Blender create Mesh node Cube.123
07:27:21 | INFO: Blender create Mesh node Cube.124
07:27:21 | INFO: Blender create Mesh node Cylinder.004
07:27:21 | INFO: Blender create Mesh node Cylinder.005
07:27:21 | INFO: Blender create Mesh node side-inset-backing.002
07:27:21 | INFO: Blender create Mesh node fitted-side-panel.002
07:27:21 | INFO: Blender create Mesh node Cube.125
07:27:21 | INFO: Blender create Mesh node Cube.126
07:27:21 | INFO: Blender create Mesh node Cube.127
07:27:21 | INFO: Blender create Mesh node Cylinder.006
07:27:21 | INFO: Blender create Mesh node Cube.128
07:27:21 | INFO: Blender create Mesh node side-inset-backing.003
07:27:21 | INFO: Blender create Mesh node fitted-side-panel.003
07:27:21 | INFO: Blender create Mesh node Cube.129
07:27:21 | INFO: Blender create Mesh node Cube.130
07:27:21 | INFO: Blender create Mesh node Cube.131
07:27:21 | INFO: Blender create Mesh node Cylinder.007
07:27:21 | INFO: Blender create Mesh node Cube.132
07:27:21 | INFO: Blender create Mesh node front-inset.001
07:27:21 | INFO: Blender create Mesh node front-fitted-panel.001
07:27:21 | INFO: Blender create Mesh node Cube.133
07:27:21 | INFO: Blender create Mesh node Cube.134
07:27:21 | INFO: Blender create Mesh node Cube.135
07:27:21 | INFO: Blender create Mesh node Cube.136
07:27:21 | INFO: Blender create Mesh node Cube.137
07:27:21 | INFO: Blender create Mesh node Cube.138
07:27:21 | INFO: Blender create Mesh node Cube.139
07:27:21 | INFO: Blender create Mesh node Cube.140
07:27:21 | INFO: Blender create Mesh node Cube.141
07:27:21 | INFO: Blender create Mesh node Cube.142
07:27:21 | INFO: Blender create Mesh node Cube.143
07:27:21 | INFO: Blender create Mesh node Cube.144
07:27:21 | INFO: Blender create Mesh node Cube.145
07:27:21 | INFO: Blender create Mesh node Cube.146
07:27:21 | INFO: Blender create Mesh node Cube.147
07:27:21 | INFO: Blender create Mesh node Cube.148
07:27:21 | INFO: Blender create Mesh node Cube.149
07:27:21 | INFO: Blender create Mesh node Cube.150
07:27:21 | INFO: Blender create Mesh node Cube.151
07:27:21 | INFO: Blender create Mesh node Cube.152
07:27:21 | INFO: Blender create Mesh node Text.001
07:27:22 | INFO: Blender create Mesh node Cube.153
07:27:22 | INFO: Blender create Mesh node Cube.154
07:27:22 | INFO: Blender create Mesh node Cube.155
07:27:22 | INFO: Blender create Mesh node Cube.156
07:27:22 | INFO: Blender create Mesh node Cube.157
07:27:22 | INFO: Blender create Mesh node Cube.158
07:27:22 | INFO: Blender create Mesh node Cube.159
07:27:22 | INFO: Blender create Mesh node Cube.160
07:27:22 | INFO: Blender create Mesh node Cube.161
07:27:22 | INFO: Blender create Mesh node Cube.162
07:27:22 | INFO: Blender create Mesh node Cube.163
07:27:22 | INFO: Blender create Mesh node Cube.164
07:27:22 | INFO: Blender create Mesh node Cube.165
07:27:22 | INFO: Blender create Mesh node Cube.166
07:27:22 | INFO: Blender create Mesh node Cube.167
07:27:22 | INFO: Blender create Mesh node Cube.168
07:27:22 | INFO: Blender create Mesh node Cube.169
07:27:22 | INFO: Blender create Mesh node Cube.170
07:27:22 | INFO: glTF import finished in 0.10s
07:27:22 | INFO: Data are loaded, start creating Blender stuff
07:27:22 | INFO: Blender create Mesh node Cube.026
07:27:22 | INFO: Blender create Mesh node Cube.027
07:27:22 | INFO: Blender create Mesh node Cube.028
07:27:22 | INFO: Blender create Mesh node Cube.029
07:27:22 | INFO: Blender create Mesh node Cube.089
07:27:22 | INFO: Blender create Mesh node Cube.090
07:27:22 | INFO: Blender create Mesh node Cube.091
07:27:22 | INFO: Blender create Mesh node Cube.092
07:27:22 | INFO: Blender create Mesh node Cube.093
07:27:22 | INFO: Blender create Mesh node Cube.094
07:27:22 | INFO: Blender create Mesh node Cube.095
07:27:22 | INFO: Blender create Mesh node Cube.096
07:27:22 | INFO: Blender create Mesh node Cube.097
07:27:22 | INFO: Blender create Mesh node Cube.098
07:27:22 | INFO: Blender create Mesh node Cube.099
07:27:22 | INFO: Blender create Mesh node Cube.100
07:27:22 | INFO: Blender create Mesh node Cube.101
07:27:22 | INFO: Blender create Mesh node Cube.102
07:27:22 | INFO: Blender create Mesh node Cube.103
07:27:22 | INFO: Blender create Mesh node Cube.104
07:27:22 | INFO: Blender create Mesh node Cube.105
07:27:22 | INFO: Blender create Mesh node Cube.106
07:27:22 | INFO: Blender create Mesh node Cube.107
07:27:22 | INFO: Blender create Mesh node Cube.108
07:27:22 | INFO: Blender create Mesh node Cube.109
07:27:22 | INFO: Blender create Mesh node Cube.110
07:27:22 | INFO: Blender create Mesh node Cube.111
07:27:22 | INFO: Blender create Mesh node Cube.112
07:27:22 | INFO: Blender create Mesh node Cube.113
07:27:22 | INFO: Blender create Mesh node Cube.114
07:27:22 | INFO: Blender create Mesh node Cube.115
07:27:22 | INFO: Blender create Mesh node Cube.116
07:27:22 | INFO: Blender create Mesh node Cube.117
07:27:22 | INFO: Blender create Mesh node Cube.118
07:27:22 | INFO: Blender create Mesh node Cube.119
07:27:22 | INFO: Blender create Mesh node Cube.120
07:27:22 | INFO: Blender create Mesh node Cylinder.004
07:27:22 | INFO: Blender create Mesh node Cylinder.005
07:27:22 | INFO: Blender create Mesh node side-inset-backing.002
07:27:22 | INFO: Blender create Mesh node fitted-side-panel.002
07:27:22 | INFO: Blender create Mesh node Cube.121
07:27:22 | INFO: Blender create Mesh node Cube.122
07:27:22 | INFO: Blender create Mesh node Cube.123
07:27:22 | INFO: Blender create Mesh node Cylinder.006
07:27:22 | INFO: Blender create Mesh node Cube.124
07:27:22 | INFO: Blender create Mesh node side-inset-backing.003
07:27:22 | INFO: Blender create Mesh node fitted-side-panel.003
07:27:22 | INFO: Blender create Mesh node Cube.125
07:27:22 | INFO: Blender create Mesh node Cube.126
07:27:22 | INFO: Blender create Mesh node Cube.127
07:27:22 | INFO: Blender create Mesh node Cylinder.007
07:27:22 | INFO: Blender create Mesh node Cube.128
07:27:22 | INFO: Blender create Mesh node front-inset.001
07:27:22 | INFO: Blender create Mesh node front-fitted-panel.001
07:27:22 | INFO: Blender create Mesh node Cube.129
07:27:22 | INFO: Blender create Mesh node Cube.130
07:27:22 | INFO: Blender create Mesh node Cube.131
07:27:22 | INFO: Blender create Mesh node Cube.132
07:27:22 | INFO: Blender create Mesh node Cube.133
07:27:22 | INFO: Blender create Mesh node Cube.134
07:27:22 | INFO: Blender create Mesh node Cube.135
07:27:22 | INFO: Blender create Mesh node Cube.136
07:27:22 | INFO: Blender create Mesh node Cube.137
07:27:22 | INFO: Blender create Mesh node Cube.138
07:27:22 | INFO: Blender create Mesh node Cube.139
07:27:22 | INFO: Blender create Mesh node Cube.140
07:27:22 | INFO: Blender create Mesh node Cube.141
07:27:22 | INFO: Blender create Mesh node Cube.142
07:27:22 | INFO: Blender create Mesh node Cube.143
07:27:22 | INFO: Blender create Mesh node Cube.144
07:27:22 | INFO: Blender create Mesh node Cube.145
07:27:22 | INFO: Blender create Mesh node Cube.146
07:27:22 | INFO: Blender create Mesh node Cube.147
07:27:22 | INFO: Blender create Mesh node Cube.148
07:27:22 | INFO: Blender create Mesh node Text.001
07:27:22 | INFO: Blender create Mesh node Cube.149
07:27:22 | INFO: Blender create Mesh node Cube.150
07:27:22 | INFO: Blender create Mesh node Cube.151
07:27:22 | INFO: Blender create Mesh node Cube.152
07:27:22 | INFO: Blender create Mesh node Cube.153
07:27:22 | INFO: Blender create Mesh node Cube.154
07:27:22 | INFO: Blender create Mesh node Cube.155
07:27:22 | INFO: Blender create Mesh node Cube.156
07:27:22 | INFO: Blender create Mesh node Cube.157
07:27:22 | INFO: Blender create Mesh node Cube.158
07:27:22 | INFO: Blender create Mesh node Cube.159
07:27:22 | INFO: Blender create Mesh node Cube.160
07:27:22 | INFO: Blender create Mesh node Cube.161
07:27:22 | INFO: Blender create Mesh node Cube.162
07:27:22 | INFO: Blender create Mesh node Cube.163
07:27:22 | INFO: Blender create Mesh node Cube.164
07:27:22 | INFO: Blender create Mesh node Cube.165
07:27:22 | INFO: Blender create Mesh node Cube.166
07:27:22 | INFO: glTF import finished in 0.11s
Fra:1 Mem:94.57M (Peak 95.06M) | Time:00:00.17 | Mem:0.00M, Peak:0.00M | Scene, ViewLayer | Synchronizing object | GEO-REVIEW-floor
Fra:1 Mem:94.59M (Peak 95.06M) | Time:00:00.17 | Mem:0.00M, Peak:0.00M | Scene, ViewLayer | Synchronizing object | GEO-REVIEW-height-gauge--0.375--0.375
Fra:1 Mem:94.61M (Peak 95.06M) | Time:00:00.17 | Mem:0.00M, Peak:0.00M | Scene, ViewLayer | Synchronizing object | GEO-REVIEW-height-gauge--0.375-2.375
Fra:1 Mem:94.62M (Peak 95.06M) | Time:00:00.17 | Mem:0.00M, Peak:0.00M | Scene, ViewLayer | Synchronizing object | GEO-REVIEW-height-gauge-2.375--0.375
Fra:1 Mem:94.64M (Peak 95.06M) | Time:00:00.17 | Mem:0.00M, Peak:0.00M | Scene, ViewLayer | Synchronizing object | GEO-REVIEW-height-gauge-2.375-2.375
Fra:1 Mem:94.65M (Peak 95.06M) | Time:00:00.17 | Mem:0.00M, Peak:0.00M | Scene, ViewLayer | Synchronizing object | GEO-REVIEW-roof-datum--0.375
Fra:1 Mem:94.65M (Peak 95.06M) | Time:00:00.17 | Mem:0.00M, Peak:0.00M | Scene, ViewLayer | Synchronizing object | GEO-REVIEW-roof-datum-2.375
Fra:1 Mem:94.66M (Peak 95.06M) | Time:00:00.17 | Mem:0.00M, Peak:0.00M | Scene, ViewLayer | Synchronizing object | GEO-FIXTURE-base-GEO-carrier-2m-lower-deck
Fra:1 Mem:94.67M (Peak 95.06M) | Time:00:00.17 | Mem:0.00M, Peak:0.00M | Scene, ViewLayer | Synchronizing object | GEO-FIXTURE-base-GEO-carrier-2m-upper-deck
Fra:1 Mem:94.69M (Peak 95.06M) | Time:00:00.17 | Mem:0.00M, Peak:0.00M | Scene, ViewLayer | Synchronizing object | GEO-FIXTURE-base-GEO-carrier-2m-BEARING-bottom-0-0
Fra:1 Mem:94.69M (Peak 95.06M) | Time:00:00.17 | Mem:0.00M, Peak:0.00M | Scene, ViewLayer | Synchronizing object | GEO-FIXTURE-base-GEO-carrier-2m-BEARING-top-0-0
Fra:1 Mem:94.69M (Peak 95.06M) | Time:00:00.17 | Mem:0.00M, Peak:0.00M | Scene, ViewLayer | Synchronizing object | GEO-FIXTURE-base-GEO-carrier-2m-top-restraint-0-0-0.045
Fra:1 Mem:94.70M (Peak 95.06M) | Time:00:00.17 | Mem:0.00M, Peak:0.00M | Scene, ViewLayer | Synchronizing object | GEO-FIXTURE-base-GEO-carrier-2m-top-restraint-0-0-0.94
Fra:1 Mem:94.72M (Peak 95.06M) | Time:00:00.17 | Mem:0.00M, Peak:0.00M | Scene, ViewLayer | Synchronizing object | GEO-FIXTURE-base-GEO-carrier-2m-BEARING-bottom-0-1
Fra:1 Mem:94.72M (Peak 95.06M) | Time:00:00.17 | Mem:0.00M, Peak:0.00M | Scene, ViewLayer | Synchronizing object | GEO-FIXTURE-base-GEO-carrier-2m-BEARING-top-0-1
Fra:1 Mem:94.72M (Peak 95.06M) | Time:00:00.17 | Mem:0.00M, Peak:0.00M | Scene, ViewLayer | Synchronizing object | GEO-FIXTURE-base-GEO-carrier-2m-top-restraint-0-1-1.045
Fra:1 Mem:94.74M (Peak 95.06M) | Time:00:00.17 | Mem:0.00M, Peak:0.00M | Scene, ViewLayer | Synchronizing object | GEO-FIXTURE-base-GEO-carrier-2m-top-restraint-0-1-1.94
Fra:1 Mem:94.75M (Peak 95.06M) | Time:00:00.17 | Mem:0.00M, Peak:0.00M | Scene, ViewLayer | Synchronizing object | GEO-FIXTURE-base-GEO-carrier-2m-BEARING-bottom-1-0
Fra:1 Mem:94.75M (Peak 95.06M) | Time:00:00.17 | Mem:0.00M, Peak:0.00M | Scene, ViewLayer | Synchronizing object | GEO-FIXTURE-base-GEO-carrier-2m-BEARING-top-1-0
Fra:1 Mem:94.75M (Peak 95.06M) | Time:00:00.17 | Mem:0.00M, Peak:0.00M | Scene, ViewLayer | Synchronizing object | GEO-FIXTURE-base-GEO-carrier-2m-top-restraint-1-0-0.045
Fra:1 Mem:94.77M (Peak 95.06M) | Time:00:00.17 | Mem:0.00M, Peak:0.00M | Scene, ViewLayer | Synchronizing object | GEO-FIXTURE-base-GEO-carrier-2m-top-restraint-1-0-0.94
Fra:1 Mem:94.78M (Peak 95.06M) | Time:00:00.17 | Mem:0.00M, Peak:0.00M | Scene, ViewLayer | Synchronizing object | GEO-FIXTURE-base-GEO-carrier-2m-BEARING-bottom-1-1
Fra:1 Mem:94.78M (Peak 95.06M) | Time:00:00.17 | Mem:0.00M, Peak:0.00M | Scene, ViewLayer | Synchronizing object | GEO-FIXTURE-base-GEO-carrier-2m-BEARING-top-1-1
Fra:1 Mem:94.79M (Peak 95.06M) | Time:00:00.17 | Mem:0.00M, Peak:0.00M | Scene, ViewLayer | Synchronizing object | GEO-FIXTURE-base-GEO-carrier-2m-top-restraint-1-1-1.045
Fra:1 Mem:94.80M (Peak 95.06M) | Time:00:00.17 | Mem:0.00M, Peak:0.00M | Scene, ViewLayer | Synchronizing object | GEO-FIXTURE-base-GEO-carrier-2m-top-restraint-1-1-1.94
Fra:1 Mem:94.82M (Peak 95.06M) | Time:00:00.17 | Mem:0.00M, Peak:0.00M | Scene, ViewLayer | Synchronizing object | GEO-FIXTURE-base-GEO-carrier-2m-corner-post-0-0
Fra:1 Mem:94.83M (Peak 95.06M) | Time:00:00.17 | Mem:0.00M, Peak:0.00M | Scene, ViewLayer | Synchronizing object | GEO-FIXTURE-base-GEO-carrier-2m-corner-shell-0-0
Fra:1 Mem:94.85M (Peak 95.06M) | Time:00:00.18 | Mem:0.00M, Peak:0.00M | Scene, ViewLayer | Synchronizing object | GEO-FIXTURE-base-GEO-carrier-2m-corner-post-0-1.90625
Fra:1 Mem:94.86M (Peak 95.06M) | Time:00:00.18 | Mem:0.00M, Peak:0.00M | Scene, ViewLayer | Synchronizing object | GEO-FIXTURE-base-GEO-carrier-2m-corner-shell-0-1.90625
Fra:1 Mem:94.88M (Peak 95.06M) | Time:00:00.18 | Mem:0.00M, Peak:0.00M | Scene, ViewLayer | Synchronizing object | GEO-FIXTURE-base-GEO-carrier-2m-corner-post-1.90625-0
Fra:1 Mem:94.89M (Peak 95.06M) | Time:00:00.18 | Mem:0.00M, Peak:0.00M | Scene, ViewLayer | Synchronizing object | GEO-FIXTURE-base-GEO-carrier-2m-corner-shell-1.90625-0
Fra:1 Mem:94.91M (Peak 95.06M) | Time:00:00.18 | Mem:0.00M, Peak:0.00M | Scene, ViewLayer | Synchronizing object | GEO-FIXTURE-base-GEO-carrier-2m-corner-post-1.90625-1.90625
Fra:1 Mem:94.92M (Peak 95.06M) | Time:00:00.18 | Mem:0.00M, Peak:0.00M | Scene, ViewLayer | Synchronizing object | GEO-FIXTURE-base-GEO-carrier-2m-corner-shell-1.90625-1.90625
Fra:1 Mem:94.94M (Peak 95.06M) | Time:00:00.18 | Mem:0.00M, Peak:0.00M | Scene, ViewLayer | Synchronizing object | GEO-FIXTURE-base-GEO-carrier-2m-front-rail-0
Fra:1 Mem:94.95M (Peak 95.06M) | Time:00:00.18 | Mem:0.00M, Peak:0.00M | Scene, ViewLayer | Synchronizing object | GEO-FIXTURE-base-GEO-carrier-2m-latch-0.15-0
Fra:1 Mem:94.97M (Peak 95.06M) | Time:00:00.18 | Mem:0.00M, Peak:0.00M | Scene, ViewLayer | Synchronizing object | GEO-FIXTURE-base-GEO-carrier-2m-latch-grip-0.15-0
Fra:1 Mem:94.98M (Peak 95.06M) | Time:00:00.18 | Mem:0.00M, Peak:0.00M | Scene, ViewLayer | Synchronizing object | GEO-FIXTURE-base-GEO-carrier-2m-latch-1.65-0
Fra:1 Mem:95.00M (Peak 95.06M) | Time:00:00.18 | Mem:0.00M, Peak:0.00M | Scene, ViewLayer | Synchronizing object | GEO-FIXTURE-base-GEO-carrier-2m-latch-grip-1.65-0
Fra:1 Mem:95.02M (Peak 95.06M) | Time:00:00.18 | Mem:0.00M, Peak:0.00M | Scene, ViewLayer | Synchronizing object | GEO-FIXTURE-base-GEO-carrier-2m-status-0
Fra:1 Mem:95.03M (Peak 95.06M) | Time:00:00.18 | Mem:0.00M, Peak:0.00M | Scene, ViewLayer | Synchronizing object | GEO-FIXTURE-base-GEO-carrier-2m-front-rail-1.9375
Fra:1 Mem:95.05M (Peak 95.06M) | Time:00:00.18 | Mem:0.00M, Peak:0.00M | Scene, ViewLayer | Synchronizing object | GEO-FIXTURE-base-GEO-carrier-2m-latch-0.15-1.9375
Fra:1 Mem:95.06M (Peak 95.06M) | Time:00:00.18 | Mem:0.00M, Peak:0.00M | Scene, ViewLayer | Synchronizing object | GEO-FIXTURE-base-GEO-carrier-2m-latch-grip-0.15-1.9375
Fra:1 Mem:95.08M (Peak 95.08M) | Time:00:00.18 | Mem:0.00M, Peak:0.00M | Scene, ViewLayer | Synchronizing object | GEO-FIXTURE-base-GEO-carrier-2m-latch-1.65-1.9375
Fra:1 Mem:95.09M (Peak 95.09M) | Time:00:00.18 | Mem:0.00M, Peak:0.00M | Scene, ViewLayer | Synchronizing object | GEO-FIXTURE-base-GEO-carrier-2m-latch-grip-1.65-1.9375
Fra:1 Mem:95.11M (Peak 95.11M) | Time:00:00.18 | Mem:0.00M, Peak:0.00M | Scene, ViewLayer | Synchronizing object | GEO-FIXTURE-base-GEO-carrier-2m-status-1.9375
Fra:1 Mem:95.12M (Peak 95.12M) | Time:00:00.18 | Mem:0.00M, Peak:0.00M | Scene, ViewLayer | Synchronizing object | GEO-FIXTURE-base-GEO-carrier-2m-side-lower-rail-0
Fra:1 Mem:95.14M (Peak 95.14M) | Time:00:00.18 | Mem:0.00M, Peak:0.00M | Scene, ViewLayer | Synchronizing object | GEO-FIXTURE-base-GEO-carrier-2m-side-upper-rail-0
Fra:1 Mem:95.15M (Peak 95.15M) | Time:00:00.18 | Mem:0.00M, Peak:0.00M | Scene, ViewLayer | Synchronizing object | GEO-FIXTURE-base-GEO-carrier-2m-side-lower-rail-1.9375
Fra:1 Mem:95.17M (Peak 95.17M) | Time:00:00.18 | Mem:0.00M, Peak:0.00M | Scene, ViewLayer | Synchronizing object | GEO-FIXTURE-base-GEO-carrier-2m-side-upper-rail-1.9375
Fra:1 Mem:95.18M (Peak 95.18M) | Time:00:00.18 | Mem:0.00M, Peak:0.00M | Scene, ViewLayer | Synchronizing object | GEO-FIXTURE-base-GEO-carrier-2m-intermediate-post-0-0.953125
Fra:1 Mem:95.20M (Peak 95.20M) | Time:00:00.18 | Mem:0.00M, Peak:0.00M | Scene, ViewLayer | Synchronizing object | GEO-FIXTURE-base-GEO-carrier-2m-intermediate-post-1.90625-0.953
Fra:1 Mem:95.21M (Peak 95.21M) | Time:00:00.18 | Mem:0.00M, Peak:0.00M | Scene, ViewLayer | Synchronizing object | GEO-FIXTURE-base-GEO-carrier-2m-intermediate-post-0.953125-0
Fra:1 Mem:95.23M (Peak 95.23M) | Time:00:00.18 | Mem:0.00M, Peak:0.00M | Scene, ViewLayer | Synchronizing object | GEO-FIXTURE-base-GEO-carrier-2m-intermediate-post-0.953125-1.90
Fra:1 Mem:95.24M (Peak 95.24M) | Time:00:00.18 | Mem:0.00M, Peak:0.00M | Scene, ViewLayer | Synchronizing object | GEO-FIXTURE-middle-0-0-GEO-carrier-1m-lower-deck
Fra:1 Mem:95.26M (Peak 95.26M) | Time:00:00.18 | Mem:0.00M, Peak:0.00M | Scene, ViewLayer | Synchronizing object | GEO-FIXTURE-middle-0-0-GEO-carrier-1m-upper-deck
Fra:1 Mem:95.27M (Peak 95.27M) | Time:00:00.18 | Mem:0.00M, Peak:0.00M | Scene, ViewLayer | Synchronizing object | GEO-FIXTURE-middle-0-0-GEO-carrier-1m-BEARING-bottom-0-0
Fra:1 Mem:95.28M (Peak 95.28M) | Time:00:00.18 | Mem:0.00M, Peak:0.00M | Scene, ViewLayer | Synchronizing object | GEO-FIXTURE-middle-0-0-GEO-carrier-1m-BEARING-top-0-0
Fra:1 Mem:95.28M (Peak 95.28M) | Time:00:00.18 | Mem:0.00M, Peak:0.00M | Scene, ViewLayer | Synchronizing object | GEO-FIXTURE-middle-0-0-GEO-carrier-1m-top-restraint-0-0-0.045
Fra:1 Mem:95.29M (Peak 95.29M) | Time:00:00.18 | Mem:0.00M, Peak:0.00M | Scene, ViewLayer | Synchronizing object | GEO-FIXTURE-middle-0-0-GEO-carrier-1m-top-restraint-0-0-0.94
Fra:1 Mem:95.31M (Peak 95.31M) | Time:00:00.18 | Mem:0.00M, Peak:0.00M | Scene, ViewLayer | Synchronizing object | GEO-FIXTURE-middle-0-0-GEO-carrier-1m-corner-post-0-0
Fra:1 Mem:95.32M (Peak 95.32M) | Time:00:00.18 | Mem:0.00M, Peak:0.00M | Scene, ViewLayer | Synchronizing object | GEO-FIXTURE-middle-0-0-GEO-carrier-1m-corner-shell-0-0
Fra:1 Mem:95.34M (Peak 95.34M) | Time:00:00.18 | Mem:0.00M, Peak:0.00M | Scene, ViewLayer | Synchronizing object | GEO-FIXTURE-middle-0-0-GEO-carrier-1m-corner-post-0-0.90625
Fra:1 Mem:95.35M (Peak 95.35M) | Time:00:00.18 | Mem:0.00M, Peak:0.00M | Scene, ViewLayer | Synchronizing object | GEO-FIXTURE-middle-0-0-GEO-carrier-1m-corner-shell-0-0.90625
Fra:1 Mem:95.37M (Peak 95.37M) | Time:00:00.18 | Mem:0.00M, Peak:0.00M | Scene, ViewLayer | Synchronizing object | GEO-FIXTURE-middle-0-0-GEO-carrier-1m-corner-post-0.90625-0
Fra:1 Mem:95.38M (Peak 95.38M) | Time:00:00.18 | Mem:0.00M, Peak:0.00M | Scene, ViewLayer | Synchronizing object | GEO-FIXTURE-middle-0-0-GEO-carrier-1m-corner-shell-0.90625-0
Fra:1 Mem:95.40M (Peak 95.40M) | Time:00:00.18 | Mem:0.00M, Peak:0.00M | Scene, ViewLayer | Synchronizing object | GEO-FIXTURE-middle-0-0-GEO-carrier-1m-corner-post-0.90625-0.906
Fra:1 Mem:95.41M (Peak 95.41M) | Time:00:00.18 | Mem:0.00M, Peak:0.00M | Scene, ViewLayer | Synchronizing object | GEO-FIXTURE-middle-0-0-GEO-carrier-1m-corner-shell-0.90625-0.90
Fra:1 Mem:95.43M (Peak 95.43M) | Time:00:00.18 | Mem:0.00M, Peak:0.00M | Scene, ViewLayer | Synchronizing object | GEO-FIXTURE-middle-0-0-GEO-carrier-1m-front-rail-0
Fra:1 Mem:95.44M (Peak 95.44M) | Time:00:00.18 | Mem:0.00M, Peak:0.00M | Scene, ViewLayer | Synchronizing object | GEO-FIXTURE-middle-0-0-GEO-carrier-1m-latch-0.15-0
Fra:1 Mem:95.46M (Peak 95.46M) | Time:00:00.18 | Mem:0.00M, Peak:0.00M | Scene, ViewLayer | Synchronizing object | GEO-FIXTURE-middle-0-0-GEO-carrier-1m-latch-grip-0.15-0
Fra:1 Mem:95.48M (Peak 95.48M) | Time:00:00.18 | Mem:0.00M, Peak:0.00M | Scene, ViewLayer | Synchronizing object | GEO-FIXTURE-middle-0-0-GEO-carrier-1m-latch-0.65-0
Fra:1 Mem:95.51M (Peak 95.51M) | Time:00:00.18 | Mem:0.00M, Peak:0.00M | Scene, ViewLayer | Synchronizing object | GEO-FIXTURE-middle-0-0-GEO-carrier-1m-latch-grip-0.65-0
Fra:1 Mem:95.53M (Peak 95.53M) | Time:00:00.18 | Mem:0.00M, Peak:0.00M | Scene, ViewLayer | Synchronizing object | GEO-FIXTURE-middle-0-0-GEO-carrier-1m-status-0
Fra:1 Mem:95.55M (Peak 95.55M) | Time:00:00.18 | Mem:0.00M, Peak:0.00M | Scene, ViewLayer | Synchronizing object | GEO-FIXTURE-middle-0-0-GEO-carrier-1m-front-rail-0.9375
Fra:1 Mem:95.56M (Peak 95.56M) | Time:00:00.18 | Mem:0.00M, Peak:0.00M | Scene, ViewLayer | Synchronizing object | GEO-FIXTURE-middle-0-0-GEO-carrier-1m-latch-0.15-0.9375
Fra:1 Mem:95.58M (Peak 95.58M) | Time:00:00.18 | Mem:0.00M, Peak:0.00M | Scene, ViewLayer | Synchronizing object | GEO-FIXTURE-middle-0-0-GEO-carrier-1m-latch-grip-0.15-0.9375
Fra:1 Mem:95.59M (Peak 95.59M) | Time:00:00.18 | Mem:0.00M, Peak:0.00M | Scene, ViewLayer | Synchronizing object | GEO-FIXTURE-middle-0-0-GEO-carrier-1m-latch-0.65-0.9375
Fra:1 Mem:95.61M (Peak 95.61M) | Time:00:00.18 | Mem:0.00M, Peak:0.00M | Scene, ViewLayer | Synchronizing object | GEO-FIXTURE-middle-0-0-GEO-carrier-1m-latch-grip-0.65-0.9375
Fra:1 Mem:95.62M (Peak 95.62M) | Time:00:00.18 | Mem:0.00M, Peak:0.00M | Scene, ViewLayer | Synchronizing object | GEO-FIXTURE-middle-0-0-GEO-carrier-1m-status-0.9375
Fra:1 Mem:95.64M (Peak 95.64M) | Time:00:00.18 | Mem:0.00M, Peak:0.00M | Scene, ViewLayer | Synchronizing object | GEO-FIXTURE-middle-0-0-GEO-carrier-1m-side-lower-rail-0
Fra:1 Mem:95.65M (Peak 95.65M) | Time:00:00.18 | Mem:0.00M, Peak:0.00M | Scene, ViewLayer | Synchronizing object | GEO-FIXTURE-middle-0-0-GEO-carrier-1m-side-upper-rail-0
Fra:1 Mem:95.67M (Peak 95.67M) | Time:00:00.18 | Mem:0.00M, Peak:0.00M | Scene, ViewLayer | Synchronizing object | GEO-FIXTURE-middle-0-0-GEO-carrier-1m-side-lower-rail-0.9375
Fra:1 Mem:95.68M (Peak 95.68M) | Time:00:00.18 | Mem:0.00M, Peak:0.00M | Scene, ViewLayer | Synchronizing object | GEO-FIXTURE-middle-0-0-GEO-carrier-1m-side-upper-rail-0.9375
Fra:1 Mem:95.70M (Peak 95.70M) | Time:00:00.18 | Mem:0.00M, Peak:0.00M | Scene, ViewLayer | Synchronizing object | GEO-FIXTURE-middle-0-1-GEO-carrier-1m-lower-deck
Fra:1 Mem:95.71M (Peak 95.71M) | Time:00:00.18 | Mem:0.00M, Peak:0.00M | Scene, ViewLayer | Synchronizing object | GEO-FIXTURE-middle-0-1-GEO-carrier-1m-upper-deck
Fra:1 Mem:95.73M (Peak 95.73M) | Time:00:00.18 | Mem:0.00M, Peak:0.00M | Scene, ViewLayer | Synchronizing object | GEO-FIXTURE-middle-0-1-GEO-carrier-1m-BEARING-bottom-0-0
Fra:1 Mem:95.73M (Peak 95.73M) | Time:00:00.18 | Mem:0.00M, Peak:0.00M | Scene, ViewLayer | Synchronizing object | GEO-FIXTURE-middle-0-1-GEO-carrier-1m-BEARING-top-0-0
Fra:1 Mem:95.73M (Peak 95.73M) | Time:00:00.18 | Mem:0.00M, Peak:0.00M | Scene, ViewLayer | Synchronizing object | GEO-FIXTURE-middle-0-1-GEO-carrier-1m-top-restraint-0-0-0.045
Fra:1 Mem:95.74M (Peak 95.74M) | Time:00:00.18 | Mem:0.00M, Peak:0.00M | Scene, ViewLayer | Synchronizing object | GEO-FIXTURE-middle-0-1-GEO-carrier-1m-top-restraint-0-0-0.94
Fra:1 Mem:95.76M (Peak 95.76M) | Time:00:00.18 | Mem:0.00M, Peak:0.00M | Scene, ViewLayer | Synchronizing object | GEO-FIXTURE-middle-0-1-GEO-carrier-1m-corner-post-0-0
Fra:1 Mem:95.77M (Peak 95.77M) | Time:00:00.18 | Mem:0.00M, Peak:0.00M | Scene, ViewLayer | Synchronizing object | GEO-FIXTURE-middle-0-1-GEO-carrier-1m-corner-shell-0-0
Fra:1 Mem:95.79M (Peak 95.79M) | Time:00:00.18 | Mem:0.00M, Peak:0.00M | Scene, ViewLayer | Synchronizing object | GEO-FIXTURE-middle-0-1-GEO-carrier-1m-corner-post-0-0.90625
Fra:1 Mem:95.80M (Peak 95.80M) | Time:00:00.18 | Mem:0.00M, Peak:0.00M | Scene, ViewLayer | Synchronizing object | GEO-FIXTURE-middle-0-1-GEO-carrier-1m-corner-shell-0-0.90625
Fra:1 Mem:95.82M (Peak 95.82M) | Time:00:00.18 | Mem:0.00M, Peak:0.00M | Scene, ViewLayer | Synchronizing object | GEO-FIXTURE-middle-0-1-GEO-carrier-1m-corner-post-0.90625-0
Fra:1 Mem:95.83M (Peak 95.83M) | Time:00:00.18 | Mem:0.00M, Peak:0.00M | Scene, ViewLayer | Synchronizing object | PAYLOAD-top-GEO-fixed-rear-hinge-saddle.003--export
Fra:1 Mem:95.84M (Peak 95.84M) | Time:00:00.18 | Mem:0.00M, Peak:0.00M | Scene, ViewLayer | Synchronizing object | GEO-FIXTURE-middle-0-1-GEO-carrier-1m-corner-shell-0.90625-0
Fra:1 Mem:95.88M (Peak 95.88M) | Time:00:00.18 | Mem:0.00M, Peak:0.00M | Scene, ViewLayer | Synchronizing object | GEO-FIXTURE-middle-0-1-GEO-carrier-1m-corner-post-0.90625-0.906
Fra:1 Mem:95.89M (Peak 95.89M) | Time:00:00.18 | Mem:0.00M, Peak:0.00M | Scene, ViewLayer | Synchronizing object | GEO-FIXTURE-middle-0-1-GEO-carrier-1m-corner-shell-0.90625-0.90
Fra:1 Mem:95.91M (Peak 95.91M) | Time:00:00.18 | Mem:0.00M, Peak:0.00M | Scene, ViewLayer | Synchronizing object | GEO-FIXTURE-middle-0-1-GEO-carrier-1m-front-rail-0
Fra:1 Mem:95.91M (Peak 95.91M) | Time:00:00.18 | Mem:0.00M, Peak:0.00M | Scene, ViewLayer | Synchronizing object | PAYLOAD-top-GEO-fixed-rear-hinge-saddle.002--export
Fra:1 Mem:95.94M (Peak 95.94M) | Time:00:00.18 | Mem:0.00M, Peak:0.00M | Scene, ViewLayer | Synchronizing object | GEO-FIXTURE-middle-0-1-GEO-carrier-1m-latch-0.15-0
Fra:1 Mem:95.94M (Peak 95.94M) | Time:00:00.18 | Mem:0.00M, Peak:0.00M | Scene, ViewLayer | Synchronizing object | PAYLOAD-top-GEO-fixed-rear-hinge-saddle.001--export
Fra:1 Mem:95.93M (Peak 95.94M) | Time:00:00.18 | Mem:0.00M, Peak:0.00M | Scene, ViewLayer | Synchronizing object | GEO-FIXTURE-middle-0-1-GEO-carrier-1m-latch-grip-0.15-0
Fra:1 Mem:95.99M (Peak 95.99M) | Time:00:00.18 | Mem:0.00M, Peak:0.00M | Scene, ViewLayer | Synchronizing object | GEO-FIXTURE-middle-0-1-GEO-carrier-1m-latch-0.65-0
Fra:1 Mem:95.98M (Peak 95.99M) | Time:00:00.18 | Mem:0.00M, Peak:0.00M | Scene, ViewLayer | Synchronizing object | PAYLOAD-top-GEO-fixed-rear-hinge-saddle--export
Fra:1 Mem:96.01M (Peak 96.01M) | Time:00:00.18 | Mem:0.00M, Peak:0.00M | Scene, ViewLayer | Synchronizing object | GEO-FIXTURE-middle-0-1-GEO-carrier-1m-latch-grip-0.65-0
Fra:1 Mem:96.01M (Peak 96.01M) | Time:00:00.18 | Mem:0.00M, Peak:0.00M | Scene, ViewLayer | Synchronizing object | PAYLOAD-top-GEO-lid-latch-connecting-bridge.001--export
Fra:1 Mem:96.01M (Peak 96.01M) | Time:00:00.18 | Mem:0.00M, Peak:0.00M | Scene, ViewLayer | Synchronizing object | GEO-FIXTURE-middle-0-1-GEO-carrier-1m-status-0
Fra:1 Mem:96.06M (Peak 96.06M) | Time:00:00.18 | Mem:0.00M, Peak:0.00M | Scene, ViewLayer | Synchronizing object | GEO-FIXTURE-middle-0-1-GEO-carrier-1m-front-rail-0.9375
Fra:1 Mem:96.06M (Peak 96.06M) | Time:00:00.18 | Mem:0.00M, Peak:0.00M | Scene, ViewLayer | Synchronizing object | PAYLOAD-top-GEO-lid-latch-connecting-bridge--export
Fra:1 Mem:96.07M (Peak 96.07M) | Time:00:00.18 | Mem:0.00M, Peak:0.00M | Scene, ViewLayer | Synchronizing object | GEO-FIXTURE-middle-0-1-GEO-carrier-1m-latch-0.15-0.9375
Fra:1 Mem:96.10M (Peak 96.10M) | Time:00:00.18 | Mem:0.00M, Peak:0.00M | Scene, ViewLayer | Synchronizing object | PAYLOAD-top-GEO-inset-lid-gasket.003--export
Fra:1 Mem:96.09M (Peak 96.10M) | Time:00:00.18 | Mem:0.00M, Peak:0.00M | Scene, ViewLayer | Synchronizing object | GEO-FIXTURE-middle-0-1-GEO-carrier-1m-latch-grip-0.15-0.9375
Fra:1 Mem:96.13M (Peak 96.13M) | Time:00:00.18 | Mem:0.00M, Peak:0.00M | Scene, ViewLayer | Synchronizing object | GEO-FIXTURE-middle-0-1-GEO-carrier-1m-latch-0.65-0.9375
Fra:1 Mem:96.13M (Peak 96.13M) | Time:00:00.18 | Mem:0.00M, Peak:0.00M | Scene, ViewLayer | Synchronizing object | PAYLOAD-top-GEO-lid-support-ledge.003--export
Fra:1 Mem:96.16M (Peak 96.16M) | Time:00:00.18 | Mem:0.00M, Peak:0.00M | Scene, ViewLayer | Synchronizing object | GEO-FIXTURE-middle-0-1-GEO-carrier-1m-latch-grip-0.65-0.9375
Fra:1 Mem:96.17M (Peak 96.17M) | Time:00:00.18 | Mem:0.00M, Peak:0.00M | Scene, ViewLayer | Synchronizing object | PAYLOAD-top-GEO-inset-lid-gasket.002--export
Fra:1 Mem:96.16M (Peak 96.17M) | Time:00:00.18 | Mem:0.00M, Peak:0.00M | Scene, ViewLayer | Synchronizing object | GEO-FIXTURE-middle-0-1-GEO-carrier-1m-status-0.9375
Fra:1 Mem:96.21M (Peak 96.21M) | Time:00:00.18 | Mem:0.00M, Peak:0.00M | Scene, ViewLayer | Synchronizing object | GEO-FIXTURE-middle-0-1-GEO-carrier-1m-side-lower-rail-0
Fra:1 Mem:96.21M (Peak 96.21M) | Time:00:00.18 | Mem:0.00M, Peak:0.00M | Scene, ViewLayer | Synchronizing object | PAYLOAD-top-GEO-lid-support-ledge.002--export
Fra:1 Mem:96.23M (Peak 96.23M) | Time:00:00.18 | Mem:0.00M, Peak:0.00M | Scene, ViewLayer | Synchronizing object | GEO-FIXTURE-middle-0-1-GEO-carrier-1m-side-upper-rail-0
Fra:1 Mem:96.24M (Peak 96.24M) | Time:00:00.18 | Mem:0.00M, Peak:0.00M | Scene, ViewLayer | Synchronizing object | PAYLOAD-top-GEO-inset-lid-gasket.001--export
Fra:1 Mem:96.23M (Peak 96.24M) | Time:00:00.18 | Mem:0.00M, Peak:0.00M | Scene, ViewLayer | Synchronizing object | GEO-FIXTURE-middle-0-1-GEO-carrier-1m-side-lower-rail-0.9375
Fra:1 Mem:96.28M (Peak 96.28M) | Time:00:00.18 | Mem:0.00M, Peak:0.00M | Scene, ViewLayer | Synchronizing object | GEO-FIXTURE-middle-0-1-GEO-carrier-1m-side-upper-rail-0.9375
Fra:1 Mem:96.27M (Peak 96.28M) | Time:00:00.18 | Mem:0.00M, Peak:0.00M | Scene, ViewLayer | Synchronizing object | PAYLOAD-top-GEO-lid-support-ledge.001--export
Fra:1 Mem:96.30M (Peak 96.30M) | Time:00:00.18 | Mem:0.00M, Peak:0.00M | Scene, ViewLayer | Synchronizing object | GEO-FIXTURE-middle-1-0-GEO-carrier-1m-lower-deck
Fra:1 Mem:96.30M (Peak 96.30M) | Time:00:00.18 | Mem:0.00M, Peak:0.00M | Scene, ViewLayer | Synchronizing object | GEO-FIXTURE-middle-1-0-GEO-carrier-1m-upper-deck
Fra:1 Mem:96.30M (Peak 96.30M) | Time:00:00.18 | Mem:0.00M, Peak:0.00M | Scene, ViewLayer | Synchronizing object | PAYLOAD-top-GEO-inset-lid-gasket--export
Fra:1 Mem:96.34M (Peak 96.34M) | Time:00:00.18 | Mem:0.00M, Peak:0.00M | Scene, ViewLayer | Synchronizing object | GEO-FIXTURE-middle-1-0-GEO-carrier-1m-BEARING-bottom-0-0
Fra:1 Mem:96.35M (Peak 96.35M) | Time:00:00.18 | Mem:0.00M, Peak:0.00M | Scene, ViewLayer | Synchronizing object | GEO-FIXTURE-middle-1-0-GEO-carrier-1m-BEARING-top-0-0
Fra:1 Mem:96.35M (Peak 96.35M) | Time:00:00.18 | Mem:0.00M, Peak:0.00M | Scene, ViewLayer | Synchronizing object | GEO-FIXTURE-middle-1-0-GEO-carrier-1m-top-restraint-0-0-0.045
Fra:1 Mem:96.34M (Peak 96.35M) | Time:00:00.18 | Mem:0.00M, Peak:0.00M | Scene, ViewLayer | Synchronizing object | PAYLOAD-top-GEO-lid-support-ledge--export
Fra:1 Mem:96.34M (Peak 96.35M) | Time:00:00.18 | Mem:0.00M, Peak:0.00M | Scene, ViewLayer | Synchronizing object | GEO-FIXTURE-middle-1-0-GEO-carrier-1m-top-restraint-0-0-0.94
Fra:1 Mem:96.37M (Peak 96.37M) | Time:00:00.18 | Mem:0.00M, Peak:0.00M | Scene, ViewLayer | Synchronizing object | GEO-FIXTURE-middle-1-0-GEO-carrier-1m-corner-post-0-0
Fra:1 Mem:96.39M (Peak 96.39M) | Time:00:00.18 | Mem:0.00M, Peak:0.00M | Scene, ViewLayer | Synchronizing object | GEO-FIXTURE-middle-1-0-GEO-carrier-1m-corner-shell-0-0
Fra:1 Mem:96.39M (Peak 96.39M) | Time:00:00.18 | Mem:0.00M, Peak:0.00M | Scene, ViewLayer | Synchronizing object | PAYLOAD-top-GEO-fixed-top-frame.003--export
Fra:1 Mem:96.42M (Peak 96.42M) | Time:00:00.18 | Mem:0.00M, Peak:0.00M | Scene, ViewLayer | Synchronizing object | GEO-FIXTURE-middle-1-0-GEO-carrier-1m-corner-post-0-0.90625
Fra:1 Mem:96.44M (Peak 96.44M) | Time:00:00.18 | Mem:0.00M, Peak:0.00M | Scene, ViewLayer | Synchronizing object | PAYLOAD-top-GEO-fixed-top-frame.002--export
Fra:1 Mem:96.43M (Peak 96.44M) | Time:00:00.18 | Mem:0.00M, Peak:0.00M | Scene, ViewLayer | Synchronizing object | GEO-FIXTURE-middle-1-0-GEO-carrier-1m-corner-shell-0-0.90625
Fra:1 Mem:96.46M (Peak 96.46M) | Time:00:00.18 | Mem:0.00M, Peak:0.00M | Scene, ViewLayer | Synchronizing object | GEO-FIXTURE-middle-1-0-GEO-carrier-1m-corner-post-0.90625-0
Fra:1 Mem:96.49M (Peak 96.49M) | Time:00:00.18 | Mem:0.00M, Peak:0.00M | Scene, ViewLayer | Synchronizing object | GEO-FIXTURE-middle-1-0-GEO-carrier-1m-corner-shell-0.90625-0
Fra:1 Mem:96.49M (Peak 96.49M) | Time:00:00.18 | Mem:0.00M, Peak:0.00M | Scene, ViewLayer | Synchronizing object | PAYLOAD-top-GEO-fixed-top-frame.001--export
Fra:1 Mem:96.52M (Peak 96.52M) | Time:00:00.18 | Mem:0.00M, Peak:0.00M | Scene, ViewLayer | Synchronizing object | GEO-FIXTURE-middle-1-0-GEO-carrier-1m-corner-post-0.90625-0.906
Fra:1 Mem:96.51M (Peak 96.52M) | Time:00:00.18 | Mem:0.00M, Peak:0.00M | Scene, ViewLayer | Synchronizing object | GEO-FIXTURE-middle-1-0-GEO-carrier-1m-corner-shell-0.90625-0.90
Fra:1 Mem:96.52M (Peak 96.52M) | Time:00:00.18 | Mem:0.00M, Peak:0.00M | Scene, ViewLayer | Synchronizing object | PAYLOAD-top-GEO-fixed-top-frame--export
Fra:1 Mem:96.55M (Peak 96.55M) | Time:00:00.18 | Mem:0.00M, Peak:0.00M | Scene, ViewLayer | Synchronizing object | GEO-FIXTURE-middle-1-0-GEO-carrier-1m-front-rail-0
Fra:1 Mem:96.57M (Peak 96.57M) | Time:00:00.18 | Mem:0.00M, Peak:0.00M | Scene, ViewLayer | Synchronizing object | PAYLOAD-top-GEO-marking-STA / S--export
Fra:1 Mem:96.56M (Peak 96.57M) | Time:00:00.18 | Mem:0.00M, Peak:0.00M | Scene, ViewLayer | Synchronizing object | GEO-FIXTURE-middle-1-0-GEO-carrier-1m-latch-0.15-0
Fra:1 Mem:96.60M (Peak 96.60M) | Time:00:00.18 | Mem:0.00M, Peak:0.00M | Scene, ViewLayer | Synchronizing object | GEO-FIXTURE-middle-1-0-GEO-carrier-1m-latch-grip-0.15-0
Fra:1 Mem:96.81M (Peak 96.81M) | Time:00:00.18 | Mem:0.00M, Peak:0.00M | Scene, ViewLayer | Synchronizing object | GEO-FIXTURE-middle-1-0-GEO-carrier-1m-latch-0.65-0
Fra:1 Mem:96.83M (Peak 96.83M) | Time:00:00.18 | Mem:0.00M, Peak:0.00M | Scene, ViewLayer | Synchronizing object | GEO-FIXTURE-middle-1-0-GEO-carrier-1m-latch-grip-0.65-0
Fra:1 Mem:96.91M (Peak 96.91M) | Time:00:00.18 | Mem:0.00M, Peak:0.00M | Scene, ViewLayer | Synchronizing object | GEO-FIXTURE-middle-1-0-GEO-carrier-1m-status-0
Fra:1 Mem:96.92M (Peak 96.92M) | Time:00:00.18 | Mem:0.00M, Peak:0.00M | Scene, ViewLayer | Synchronizing object | GEO-FIXTURE-middle-1-0-GEO-carrier-1m-front-rail-0.9375
Fra:1 Mem:96.93M (Peak 96.93M) | Time:00:00.18 | Mem:0.00M, Peak:0.00M | Scene, ViewLayer | Synchronizing object | GEO-FIXTURE-middle-1-0-GEO-carrier-1m-latch-0.15-0.9375
Fra:1 Mem:96.95M (Peak 96.95M) | Time:00:00.18 | Mem:0.00M, Peak:0.00M | Scene, ViewLayer | Synchronizing object | GEO-FIXTURE-middle-1-0-GEO-carrier-1m-latch-grip-0.15-0.9375
Fra:1 Mem:96.96M (Peak 96.96M) | Time:00:00.18 | Mem:0.00M, Peak:0.00M | Scene, ViewLayer | Synchronizing object | GEO-FIXTURE-middle-1-0-GEO-carrier-1m-latch-0.65-0.9375
Fra:1 Mem:96.97M (Peak 96.97M) | Time:00:00.18 | Mem:0.00M, Peak:0.00M | Scene, ViewLayer | Synchronizing object | GEO-FIXTURE-middle-1-0-GEO-carrier-1m-latch-grip-0.65-0.9375
Fra:1 Mem:96.89M (Peak 96.97M) | Time:00:00.18 | Mem:0.00M, Peak:0.00M | Scene, ViewLayer | Synchronizing object | GEO-FIXTURE-middle-1-0-GEO-carrier-1m-status-0.9375
Fra:1 Mem:96.93M (Peak 96.97M) | Time:00:00.18 | Mem:0.00M, Peak:0.00M | Scene, ViewLayer | Synchronizing object | GEO-FIXTURE-middle-1-0-GEO-carrier-1m-side-lower-rail-0
Fra:1 Mem:97.05M (Peak 97.05M) | Time:00:00.18 | Mem:0.00M, Peak:0.00M | Scene, ViewLayer | Synchronizing object | GEO-FIXTURE-middle-1-0-GEO-carrier-1m-side-upper-rail-0
Fra:1 Mem:97.06M (Peak 97.06M) | Time:00:00.18 | Mem:0.00M, Peak:0.00M | Scene, ViewLayer | Synchronizing object | GEO-FIXTURE-middle-1-0-GEO-carrier-1m-side-lower-rail-0.9375
Fra:1 Mem:97.07M (Peak 97.07M) | Time:00:00.18 | Mem:0.00M, Peak:0.00M | Scene, ViewLayer | Synchronizing object | GEO-FIXTURE-middle-1-0-GEO-carrier-1m-side-upper-rail-0.9375
Fra:1 Mem:96.89M (Peak 97.07M) | Time:00:00.18 | Mem:0.00M, Peak:0.00M | Scene, ViewLayer | Synchronizing object | PAYLOAD-top-GEO-44mm-clear-stack-receiver.015--export
Fra:1 Mem:96.89M (Peak 97.07M) | Time:00:00.18 | Mem:0.00M, Peak:0.00M | Scene, ViewLayer | Synchronizing object | GEO-FIXTURE-middle-1-1-GEO-carrier-1m-lower-deck
Fra:1 Mem:96.92M (Peak 97.07M) | Time:00:00.18 | Mem:0.00M, Peak:0.00M | Scene, ViewLayer | Synchronizing object | GEO-FIXTURE-middle-1-1-GEO-carrier-1m-upper-deck
Fra:1 Mem:96.92M (Peak 97.07M) | Time:00:00.18 | Mem:0.00M, Peak:0.00M | Scene, ViewLayer | Synchronizing object | PAYLOAD-top-GEO-44mm-clear-stack-receiver.014--export
Fra:1 Mem:96.95M (Peak 97.07M) | Time:00:00.18 | Mem:0.00M, Peak:0.00M | Scene, ViewLayer | Synchronizing object | PAYLOAD-top-GEO-44mm-clear-stack-receiver.013--export
Fra:1 Mem:96.95M (Peak 97.07M) | Time:00:00.18 | Mem:0.00M, Peak:0.00M | Scene, ViewLayer | Synchronizing object | GEO-FIXTURE-middle-1-1-GEO-carrier-1m-BEARING-bottom-0-0
Fra:1 Mem:96.99M (Peak 97.07M) | Time:00:00.18 | Mem:0.00M, Peak:0.00M | Scene, ViewLayer | Synchronizing object | GEO-FIXTURE-middle-1-1-GEO-carrier-1m-BEARING-top-0-0
Fra:1 Mem:96.97M (Peak 97.07M) | Time:00:00.18 | Mem:0.00M, Peak:0.00M | Scene, ViewLayer | Synchronizing object | GEO-FIXTURE-middle-1-1-GEO-carrier-1m-top-restraint-0-0-0.045
Fra:1 Mem:96.99M (Peak 97.07M) | Time:00:00.18 | Mem:0.00M, Peak:0.00M | Scene, ViewLayer | Synchronizing object | PAYLOAD-top-GEO-44mm-clear-stack-receiver.012--export
Fra:1 Mem:97.02M (Peak 97.07M) | Time:00:00.18 | Mem:0.00M, Peak:0.00M | Scene, ViewLayer | Synchronizing object | GEO-FIXTURE-middle-1-1-GEO-carrier-1m-top-restraint-0-0-0.94
Fra:1 Mem:97.00M (Peak 97.07M) | Time:00:00.18 | Mem:0.00M, Peak:0.00M | Scene, ViewLayer | Synchronizing object | PAYLOAD-top-GEO-stack-receiver-base.003--export
Fra:1 Mem:97.03M (Peak 97.07M) | Time:00:00.18 | Mem:0.00M, Peak:0.00M | Scene, ViewLayer | Synchronizing object | PAYLOAD-top-GEO-44mm-clear-stack-receiver.011--export
Fra:1 Mem:97.03M (Peak 97.07M) | Time:00:00.18 | Mem:0.00M, Peak:0.00M | Scene, ViewLayer | Synchronizing object | GEO-FIXTURE-middle-1-1-GEO-carrier-1m-corner-post-0-0
Fra:1 Mem:97.06M (Peak 97.07M) | Time:00:00.18 | Mem:0.00M, Peak:0.00M | Scene, ViewLayer | Synchronizing object | PAYLOAD-top-GEO-44mm-clear-stack-receiver.010--export
Fra:1 Mem:97.10M (Peak 97.10M) | Time:00:00.18 | Mem:0.00M, Peak:0.00M | Scene, ViewLayer | Synchronizing object | GEO-FIXTURE-middle-1-1-GEO-carrier-1m-corner-shell-0-0
Fra:1 Mem:97.08M (Peak 97.10M) | Time:00:00.18 | Mem:0.00M, Peak:0.00M | Scene, ViewLayer | Synchronizing object | PAYLOAD-top-GEO-44mm-clear-stack-receiver.009--export
Fra:1 Mem:97.11M (Peak 97.11M) | Time:00:00.18 | Mem:0.00M, Peak:0.00M | Scene, ViewLayer | Synchronizing object | PAYLOAD-top-GEO-44mm-clear-stack-receiver.008--export
Fra:1 Mem:97.11M (Peak 97.11M) | Time:00:00.18 | Mem:0.00M, Peak:0.00M | Scene, ViewLayer | Synchronizing object | GEO-FIXTURE-middle-1-1-GEO-carrier-1m-corner-post-0-0.90625
Fra:1 Mem:97.15M (Peak 97.15M) | Time:00:00.18 | Mem:0.00M, Peak:0.00M | Scene, ViewLayer | Synchronizing object | PAYLOAD-top-GEO-stack-receiver-base.002--export
Fra:1 Mem:97.15M (Peak 97.15M) | Time:00:00.18 | Mem:0.00M, Peak:0.00M | Scene, ViewLayer | Synchronizing object | GEO-FIXTURE-middle-1-1-GEO-carrier-1m-corner-shell-0-0.90625
Fra:1 Mem:97.17M (Peak 97.17M) | Time:00:00.18 | Mem:0.00M, Peak:0.00M | Scene, ViewLayer | Synchronizing object | PAYLOAD-top-GEO-44mm-clear-stack-receiver.007--export
Fra:1 Mem:97.17M (Peak 97.17M) | Time:00:00.18 | Mem:0.00M, Peak:0.00M | Scene, ViewLayer | Synchronizing object | GEO-FIXTURE-middle-1-1-GEO-carrier-1m-corner-post-0.90625-0
Fra:1 Mem:97.22M (Peak 97.22M) | Time:00:00.18 | Mem:0.00M, Peak:0.00M | Scene, ViewLayer | Synchronizing object | GEO-FIXTURE-middle-1-1-GEO-carrier-1m-corner-shell-0.90625-0
Fra:1 Mem:97.23M (Peak 97.23M) | Time:00:00.18 | Mem:0.00M, Peak:0.00M | Scene, ViewLayer | Synchronizing object | GEO-FIXTURE-middle-1-1-GEO-carrier-1m-corner-post-0.90625-0.906
Fra:1 Mem:97.22M (Peak 97.23M) | Time:00:00.18 | Mem:0.00M, Peak:0.00M | Scene, ViewLayer | Synchronizing object | PAYLOAD-top-GEO-44mm-clear-stack-receiver.006--export
Fra:1 Mem:97.23M (Peak 97.23M) | Time:00:00.18 | Mem:0.00M, Peak:0.00M | Scene, ViewLayer | Synchronizing object | GEO-FIXTURE-middle-1-1-GEO-carrier-1m-corner-shell-0.90625-0.90
Fra:1 Mem:97.26M (Peak 97.26M) | Time:00:00.18 | Mem:0.00M, Peak:0.00M | Scene, ViewLayer | Synchronizing object | GEO-FIXTURE-middle-1-1-GEO-carrier-1m-front-rail-0
Fra:1 Mem:97.27M (Peak 97.27M) | Time:00:00.18 | Mem:0.00M, Peak:0.00M | Scene, ViewLayer | Synchronizing object | PAYLOAD-top-GEO-44mm-clear-stack-receiver.005--export
Fra:1 Mem:97.28M (Peak 97.28M) | Time:00:00.18 | Mem:0.00M, Peak:0.00M | Scene, ViewLayer | Synchronizing object | GEO-FIXTURE-middle-1-1-GEO-carrier-1m-latch-0.15-0
Fra:1 Mem:97.32M (Peak 97.32M) | Time:00:00.18 | Mem:0.00M, Peak:0.00M | Scene, ViewLayer | Synchronizing object | GEO-FIXTURE-middle-1-1-GEO-carrier-1m-latch-grip-0.15-0
Fra:1 Mem:97.32M (Peak 97.32M) | Time:00:00.18 | Mem:0.00M, Peak:0.00M | Scene, ViewLayer | Synchronizing object | PAYLOAD-top-GEO-44mm-clear-stack-receiver.004--export
Fra:1 Mem:97.32M (Peak 97.32M) | Time:00:00.18 | Mem:0.00M, Peak:0.00M | Scene, ViewLayer | Synchronizing object | GEO-FIXTURE-middle-1-1-GEO-carrier-1m-latch-0.65-0
Fra:1 Mem:97.36M (Peak 97.36M) | Time:00:00.18 | Mem:0.00M, Peak:0.00M | Scene, ViewLayer | Synchronizing object | GEO-FIXTURE-middle-1-1-GEO-carrier-1m-latch-grip-0.65-0
Fra:1 Mem:97.36M (Peak 97.36M) | Time:00:00.18 | Mem:0.00M, Peak:0.00M | Scene, ViewLayer | Synchronizing object | PAYLOAD-top-GEO-stack-receiver-base.001--export
Fra:1 Mem:97.38M (Peak 97.38M) | Time:00:00.18 | Mem:0.00M, Peak:0.00M | Scene, ViewLayer | Synchronizing object | GEO-FIXTURE-middle-1-1-GEO-carrier-1m-status-0
Fra:1 Mem:97.40M (Peak 97.40M) | Time:00:00.18 | Mem:0.00M, Peak:0.00M | Scene, ViewLayer | Synchronizing object | GEO-FIXTURE-middle-1-1-GEO-carrier-1m-front-rail-0.9375
Fra:1 Mem:97.39M (Peak 97.40M) | Time:00:00.18 | Mem:0.00M, Peak:0.00M | Scene, ViewLayer | Synchronizing object | PAYLOAD-top-GEO-44mm-clear-stack-receiver.003--export
Fra:1 Mem:97.42M (Peak 97.42M) | Time:00:00.18 | Mem:0.00M, Peak:0.00M | Scene, ViewLayer | Synchronizing object | GEO-FIXTURE-middle-1-1-GEO-carrier-1m-latch-0.15-0.9375
Fra:1 Mem:97.44M (Peak 97.44M) | Time:00:00.18 | Mem:0.00M, Peak:0.00M | Scene, ViewLayer | Synchronizing object | PAYLOAD-top-GEO-44mm-clear-stack-receiver.002--export
Fra:1 Mem:97.43M (Peak 97.44M) | Time:00:00.18 | Mem:0.00M, Peak:0.00M | Scene, ViewLayer | Synchronizing object | GEO-FIXTURE-middle-1-1-GEO-carrier-1m-latch-grip-0.15-0.9375
Fra:1 Mem:97.47M (Peak 97.47M) | Time:00:00.18 | Mem:0.00M, Peak:0.00M | Scene, ViewLayer | Synchronizing object | GEO-FIXTURE-middle-1-1-GEO-carrier-1m-latch-0.65-0.9375
Fra:1 Mem:97.47M (Peak 97.47M) | Time:00:00.18 | Mem:0.00M, Peak:0.00M | Scene, ViewLayer | Synchronizing object | PAYLOAD-top-GEO-44mm-clear-stack-receiver.001--export
Fra:1 Mem:97.49M (Peak 97.49M) | Time:00:00.18 | Mem:0.00M, Peak:0.00M | Scene, ViewLayer | Synchronizing object | GEO-FIXTURE-middle-1-1-GEO-carrier-1m-latch-grip-0.65-0.9375
Fra:1 Mem:97.52M (Peak 97.52M) | Time:00:00.18 | Mem:0.00M, Peak:0.00M | Scene, ViewLayer | Synchronizing object | PAYLOAD-top-GEO-44mm-clear-stack-receiver--export
Fra:1 Mem:97.51M (Peak 97.52M) | Time:00:00.18 | Mem:0.00M, Peak:0.00M | Scene, ViewLayer | Synchronizing object | GEO-FIXTURE-middle-1-1-GEO-carrier-1m-status-0.9375
Fra:1 Mem:97.55M (Peak 97.55M) | Time:00:00.18 | Mem:0.00M, Peak:0.00M | Scene, ViewLayer | Synchronizing object | GEO-FIXTURE-middle-1-1-GEO-carrier-1m-side-lower-rail-0
Fra:1 Mem:97.53M (Peak 97.55M) | Time:00:00.18 | Mem:0.00M, Peak:0.00M | Scene, ViewLayer | Synchronizing object | PAYLOAD-top-GEO-stack-receiver-base--export
Fra:1 Mem:97.57M (Peak 97.57M) | Time:00:00.18 | Mem:0.00M, Peak:0.00M | Scene, ViewLayer | Synchronizing object | GEO-FIXTURE-middle-1-1-GEO-carrier-1m-side-upper-rail-0
Fra:1 Mem:97.59M (Peak 97.59M) | Time:00:00.18 | Mem:0.00M, Peak:0.00M | Scene, ViewLayer | Synchronizing object | PAYLOAD-top-GEO-front-fitted-panel--export
Fra:1 Mem:97.58M (Peak 97.59M) | Time:00:00.18 | Mem:0.00M, Peak:0.00M | Scene, ViewLayer | Synchronizing object | GEO-FIXTURE-middle-1-1-GEO-carrier-1m-side-lower-rail-0.9375
Fra:1 Mem:97.63M (Peak 97.63M) | Time:00:00.18 | Mem:0.00M, Peak:0.00M | Scene, ViewLayer | Synchronizing object | GEO-FIXTURE-middle-1-1-GEO-carrier-1m-side-upper-rail-0.9375
Fra:1 Mem:97.68M (Peak 97.68M) | Time:00:00.18 | Mem:0.00M, Peak:0.00M | Scene, ViewLayer | Synchronizing object | GEO-FIXTURE-top-GEO-carrier-2m-lower-deck
Fra:1 Mem:97.66M (Peak 97.68M) | Time:00:00.18 | Mem:0.00M, Peak:0.00M | Scene, ViewLayer | Synchronizing object | PAYLOAD-top-GEO-front-inset--export
Fra:1 Mem:97.65M (Peak 97.68M) | Time:00:00.18 | Mem:0.00M, Peak:0.00M | Scene, ViewLayer | Synchronizing object | GEO-FIXTURE-top-GEO-carrier-2m-upper-deck
Fra:1 Mem:97.69M (Peak 97.69M) | Time:00:00.18 | Mem:0.00M, Peak:0.00M | Scene, ViewLayer | Synchronizing object | GEO-FIXTURE-top-GEO-carrier-2m-BEARING-bottom-0-0
Fra:1 Mem:97.71M (Peak 97.71M) | Time:00:00.18 | Mem:0.00M, Peak:0.00M | Scene, ViewLayer | Synchronizing object | GEO-FIXTURE-top-GEO-carrier-2m-BEARING-top-0-0
Fra:1 Mem:97.71M (Peak 97.71M) | Time:00:00.18 | Mem:0.00M, Peak:0.00M | Scene, ViewLayer | Synchronizing object | GEO-FIXTURE-top-GEO-carrier-2m-top-restraint-0-0-0.045
Fra:1 Mem:97.75M (Peak 97.75M) | Time:00:00.18 | Mem:0.00M, Peak:0.00M | Scene, ViewLayer | Synchronizing object | GEO-FIXTURE-top-GEO-carrier-2m-top-restraint-0-0-0.94
Fra:1 Mem:97.72M (Peak 97.75M) | Time:00:00.18 | Mem:0.00M, Peak:0.00M | Scene, ViewLayer | Synchronizing object | PAYLOAD-top-GEO-service-cartridge.001--export
Fra:1 Mem:97.74M (Peak 97.75M) | Time:00:00.18 | Mem:0.00M, Peak:0.00M | Scene, ViewLayer | Synchronizing object | GEO-FIXTURE-top-GEO-carrier-2m-BEARING-bottom-0-1
Fra:1 Mem:97.75M (Peak 97.75M) | Time:00:00.18 | Mem:0.00M, Peak:0.00M | Scene, ViewLayer | Synchronizing object | GEO-FIXTURE-top-GEO-carrier-2m-BEARING-top-0-1
Fra:1 Mem:97.74M (Peak 97.75M) | Time:00:00.18 | Mem:0.00M, Peak:0.00M | Scene, ViewLayer | Synchronizing object | GEO-FIXTURE-top-GEO-carrier-2m-top-restraint-0-1-1.045
Fra:1 Mem:97.73M (Peak 97.75M) | Time:00:00.18 | Mem:0.00M, Peak:0.00M | Scene, ViewLayer | Synchronizing object | PAYLOAD-top-GEO-glove-grip.001--export
Fra:1 Mem:97.79M (Peak 97.79M) | Time:00:00.18 | Mem:0.00M, Peak:0.00M | Scene, ViewLayer | Synchronizing object | GEO-FIXTURE-top-GEO-carrier-2m-top-restraint-0-1-1.94
Fra:1 Mem:97.81M (Peak 97.81M) | Time:00:00.18 | Mem:0.00M, Peak:0.00M | Scene, ViewLayer | Synchronizing object | PAYLOAD-top-GEO-grip-support.003--export
Fra:1 Mem:97.80M (Peak 97.81M) | Time:00:00.18 | Mem:0.00M, Peak:0.00M | Scene, ViewLayer | Synchronizing object | GEO-FIXTURE-top-GEO-carrier-2m-BEARING-bottom-1-0
Fra:1 Mem:97.83M (Peak 97.83M) | Time:00:00.18 | Mem:0.00M, Peak:0.00M | Scene, ViewLayer | Synchronizing object | GEO-FIXTURE-top-GEO-carrier-2m-BEARING-top-1-0
Fra:1 Mem:97.84M (Peak 97.84M) | Time:00:00.18 | Mem:0.00M, Peak:0.00M | Scene, ViewLayer | Synchronizing object | GEO-FIXTURE-top-GEO-carrier-2m-top-restraint-1-0-0.045
Fra:1 Mem:97.84M (Peak 97.84M) | Time:00:00.18 | Mem:0.00M, Peak:0.00M | Scene, ViewLayer | Synchronizing object | PAYLOAD-top-GEO-grip-support.002--export
Fra:1 Mem:97.83M (Peak 97.84M) | Time:00:00.18 | Mem:0.00M, Peak:0.00M | Scene, ViewLayer | Synchronizing object | GEO-FIXTURE-top-GEO-carrier-2m-top-restraint-1-0-0.94
Fra:1 Mem:97.88M (Peak 97.88M) | Time:00:00.18 | Mem:0.00M, Peak:0.00M | Scene, ViewLayer | Synchronizing object | GEO-FIXTURE-top-GEO-carrier-2m-BEARING-bottom-1-1
Fra:1 Mem:97.86M (Peak 97.88M) | Time:00:00.18 | Mem:0.00M, Peak:0.00M | Scene, ViewLayer | Synchronizing object | GEO-FIXTURE-top-GEO-carrier-2m-BEARING-top-1-1
Fra:1 Mem:97.86M (Peak 97.88M) | Time:00:00.18 | Mem:0.00M, Peak:0.00M | Scene, ViewLayer | Synchronizing object | GEO-FIXTURE-top-GEO-carrier-2m-top-restraint-1-1-1.045
Fra:1 Mem:97.90M (Peak 97.90M) | Time:00:00.18 | Mem:0.00M, Peak:0.00M | Scene, ViewLayer | Synchronizing object | GEO-FIXTURE-top-GEO-carrier-2m-top-restraint-1-1-1.94
Fra:1 Mem:97.92M (Peak 97.92M) | Time:00:00.18 | Mem:0.00M, Peak:0.00M | Scene, ViewLayer | Synchronizing object | PAYLOAD-top-GEO-fitted-side-panel.001--export
Fra:1 Mem:97.91M (Peak 97.92M) | Time:00:00.18 | Mem:0.00M, Peak:0.00M | Scene, ViewLayer | Synchronizing object | GEO-FIXTURE-top-GEO-carrier-2m-corner-post-0-0
Fra:1 Mem:97.96M (Peak 97.96M) | Time:00:00.18 | Mem:0.00M, Peak:0.00M | Scene, ViewLayer | Synchronizing object | GEO-FIXTURE-top-GEO-carrier-2m-corner-shell-0-0
Fra:1 Mem:98.01M (Peak 98.01M) | Time:00:00.18 | Mem:0.00M, Peak:0.00M | Scene, ViewLayer | Synchronizing object | GEO-FIXTURE-top-GEO-carrier-2m-corner-post-0-1.90625
Fra:1 Mem:98.00M (Peak 98.01M) | Time:00:00.18 | Mem:0.00M, Peak:0.00M | Scene, ViewLayer | Synchronizing object | GEO-FIXTURE-top-GEO-carrier-2m-corner-shell-0-1.90625
Fra:1 Mem:97.99M (Peak 98.01M) | Time:00:00.18 | Mem:0.00M, Peak:0.00M | Scene, ViewLayer | Synchronizing object | PAYLOAD-top-GEO-side-inset-backing.001--export
Fra:1 Mem:98.00M (Peak 98.01M) | Time:00:00.18 | Mem:0.00M, Peak:0.00M | Scene, ViewLayer | Synchronizing object | GEO-FIXTURE-top-GEO-carrier-2m-corner-post-1.90625-0
Fra:1 Mem:98.04M (Peak 98.04M) | Time:00:00.18 | Mem:0.00M, Peak:0.00M | Scene, ViewLayer | Synchronizing object | GEO-FIXTURE-top-GEO-carrier-2m-corner-shell-1.90625-0
Fra:1 Mem:98.09M (Peak 98.09M) | Time:00:00.18 | Mem:0.00M, Peak:0.00M | Scene, ViewLayer | Synchronizing object | GEO-FIXTURE-top-GEO-carrier-2m-corner-post-1.90625-1.90625
Fra:1 Mem:98.08M (Peak 98.09M) | Time:00:00.18 | Mem:0.00M, Peak:0.00M | Scene, ViewLayer | Synchronizing object | PAYLOAD-top-GEO-service-cartridge--export
Fra:1 Mem:98.07M (Peak 98.09M) | Time:00:00.18 | Mem:0.00M, Peak:0.00M | Scene, ViewLayer | Synchronizing object | GEO-FIXTURE-top-GEO-carrier-2m-corner-shell-1.90625-1.90625
Fra:1 Mem:98.11M (Peak 98.11M) | Time:00:00.18 | Mem:0.00M, Peak:0.00M | Scene, ViewLayer | Synchronizing object | GEO-FIXTURE-top-GEO-carrier-2m-front-rail-0
Fra:1 Mem:98.11M (Peak 98.11M) | Time:00:00.18 | Mem:0.00M, Peak:0.00M | Scene, ViewLayer | Synchronizing object | PAYLOAD-top-GEO-glove-grip--export
Fra:1 Mem:98.18M (Peak 98.18M) | Time:00:00.18 | Mem:0.00M, Peak:0.00M | Scene, ViewLayer | Synchronizing object | GEO-FIXTURE-top-GEO-carrier-2m-latch-0.15-0
Fra:1 Mem:98.16M (Peak 98.18M) | Time:00:00.18 | Mem:0.00M, Peak:0.00M | Scene, ViewLayer | Synchronizing object | GEO-FIXTURE-top-GEO-carrier-2m-latch-grip-0.15-0
Fra:1 Mem:98.17M (Peak 98.18M) | Time:00:00.18 | Mem:0.00M, Peak:0.00M | Scene, ViewLayer | Synchronizing object | GEO-FIXTURE-top-GEO-carrier-2m-latch-1.65-0
Fra:1 Mem:98.16M (Peak 98.18M) | Time:00:00.18 | Mem:0.00M, Peak:0.00M | Scene, ViewLayer | Synchronizing object | PAYLOAD-top-GEO-grip-support.001--export
Fra:1 Mem:98.20M (Peak 98.20M) | Time:00:00.18 | Mem:0.00M, Peak:0.00M | Scene, ViewLayer | Synchronizing object | GEO-FIXTURE-top-GEO-carrier-2m-latch-grip-1.65-0
Fra:1 Mem:98.21M (Peak 98.21M) | Time:00:00.18 | Mem:0.00M, Peak:0.00M | Scene, ViewLayer | Synchronizing object | PAYLOAD-top-GEO-grip-support--export
Fra:1 Mem:98.24M (Peak 98.24M) | Time:00:00.18 | Mem:0.00M, Peak:0.00M | Scene, ViewLayer | Synchronizing object | GEO-FIXTURE-top-GEO-carrier-2m-status-0
Fra:1 Mem:98.22M (Peak 98.24M) | Time:00:00.18 | Mem:0.00M, Peak:0.00M | Scene, ViewLayer | Synchronizing object | PAYLOAD-top-GEO-grip-backing--export
Fra:1 Mem:98.28M (Peak 98.28M) | Time:00:00.18 | Mem:0.00M, Peak:0.00M | Scene, ViewLayer | Synchronizing object | GEO-FIXTURE-top-GEO-carrier-2m-front-rail-1.9375
Fra:1 Mem:98.27M (Peak 98.28M) | Time:00:00.18 | Mem:0.00M, Peak:0.00M | Scene, ViewLayer | Synchronizing object | PAYLOAD-top-GEO-fitted-side-panel--export
Fra:1 Mem:98.31M (Peak 98.31M) | Time:00:00.18 | Mem:0.00M, Peak:0.00M | Scene, ViewLayer | Synchronizing object | GEO-FIXTURE-top-GEO-carrier-2m-latch-0.15-1.9375
Fra:1 Mem:98.35M (Peak 98.35M) | Time:00:00.18 | Mem:0.00M, Peak:0.00M | Scene, ViewLayer | Synchronizing object | GEO-FIXTURE-top-GEO-carrier-2m-latch-grip-0.15-1.9375
Fra:1 Mem:98.31M (Peak 98.35M) | Time:00:00.18 | Mem:0.00M, Peak:0.00M | Scene, ViewLayer | Synchronizing object | PAYLOAD-top-GEO-side-inset-backing--export
Fra:1 Mem:98.39M (Peak 98.39M) | Time:00:00.18 | Mem:0.00M, Peak:0.00M | Scene, ViewLayer | Synchronizing object | GEO-FIXTURE-top-GEO-carrier-2m-latch-1.65-1.9375
Fra:1 Mem:98.37M (Peak 98.39M) | Time:00:00.18 | Mem:0.00M, Peak:0.00M | Scene, ViewLayer | Synchronizing object | PAYLOAD-top-GEO-rear-hinge-pin.001--export
Fra:1 Mem:98.37M (Peak 98.39M) | Time:00:00.18 | Mem:0.00M, Peak:0.00M | Scene, ViewLayer | Synchronizing object | GEO-FIXTURE-top-GEO-carrier-2m-latch-grip-1.65-1.9375
Fra:1 Mem:98.46M (Peak 98.46M) | Time:00:00.18 | Mem:0.00M, Peak:0.00M | Scene, ViewLayer | Synchronizing object | GEO-FIXTURE-top-GEO-carrier-2m-status-1.9375
Fra:1 Mem:98.43M (Peak 98.46M) | Time:00:00.18 | Mem:0.00M, Peak:0.00M | Scene, ViewLayer | Synchronizing object | PAYLOAD-top-GEO-rear-hinge-pin--export
Fra:1 Mem:98.51M (Peak 98.51M) | Time:00:00.18 | Mem:0.00M, Peak:0.00M | Scene, ViewLayer | Synchronizing object | GEO-FIXTURE-top-GEO-carrier-2m-side-lower-rail-0
Fra:1 Mem:98.48M (Peak 98.51M) | Time:00:00.18 | Mem:0.00M, Peak:0.00M | Scene, ViewLayer | Synchronizing object | GEO-FIXTURE-top-GEO-carrier-2m-side-upper-rail-0
Fra:1 Mem:98.52M (Peak 98.52M) | Time:00:00.18 | Mem:0.00M, Peak:0.00M | Scene, ViewLayer | Synchronizing object | GEO-FIXTURE-top-GEO-carrier-2m-side-lower-rail-1.9375
Fra:1 Mem:98.51M (Peak 98.52M) | Time:00:00.18 | Mem:0.00M, Peak:0.00M | Scene, ViewLayer | Synchronizing object | PAYLOAD-top-GEO-lid-toggle.001--export
Fra:1 Mem:98.51M (Peak 98.52M) | Time:00:00.18 | Mem:0.00M, Peak:0.00M | Scene, ViewLayer | Synchronizing object | GEO-FIXTURE-top-GEO-carrier-2m-side-upper-rail-1.9375
Fra:1 Mem:98.54M (Peak 98.54M) | Time:00:00.18 | Mem:0.00M, Peak:0.00M | Scene, ViewLayer | Synchronizing object | GEO-FIXTURE-top-GEO-carrier-2m-intermediate-post-0-0.953125
Fra:1 Mem:98.56M (Peak 98.56M) | Time:00:00.18 | Mem:0.00M, Peak:0.00M | Scene, ViewLayer | Synchronizing object | PAYLOAD-top-GEO-lid-latch-leaf.001--export
Fra:1 Mem:98.55M (Peak 98.56M) | Time:00:00.18 | Mem:0.00M, Peak:0.00M | Scene, ViewLayer | Synchronizing object | GEO-FIXTURE-top-GEO-carrier-2m-intermediate-post-1.90625-0.9531
Fra:1 Mem:98.60M (Peak 98.60M) | Time:00:00.18 | Mem:0.00M, Peak:0.00M | Scene, ViewLayer | Synchronizing object | GEO-FIXTURE-top-GEO-carrier-2m-intermediate-post-0.953125-0
Fra:1 Mem:98.60M (Peak 98.60M) | Time:00:00.18 | Mem:0.00M, Peak:0.00M | Scene, ViewLayer | Synchronizing object | PAYLOAD-top-GEO-lid-toggle--export
Fra:1 Mem:98.59M (Peak 98.60M) | Time:00:00.18 | Mem:0.00M, Peak:0.00M | Scene, ViewLayer | Synchronizing object | GEO-FIXTURE-top-GEO-carrier-2m-intermediate-post-0.953125-1.906
Fra:1 Mem:98.62M (Peak 98.62M) | Time:00:00.18 | Mem:0.00M, Peak:0.00M | Scene, ViewLayer | Synchronizing object | PAYLOAD-base-GEO-load-skid--export
Fra:1 Mem:98.65M (Peak 98.65M) | Time:00:00.18 | Mem:0.00M, Peak:0.00M | Scene, ViewLayer | Synchronizing object | PAYLOAD-top-GEO-lid-latch-leaf--export
Fra:1 Mem:98.65M (Peak 98.65M) | Time:00:00.18 | Mem:0.00M, Peak:0.00M | Scene, ViewLayer | Synchronizing object | PAYLOAD-top-GEO-lid-cap-end-step.001--export
Fra:1 Mem:98.67M (Peak 98.67M) | Time:00:00.18 | Mem:0.00M, Peak:0.00M | Scene, ViewLayer | Synchronizing object | PAYLOAD-top-GEO-lid-cap-end-step--export
Fra:1 Mem:98.69M (Peak 98.69M) | Time:00:00.18 | Mem:0.00M, Peak:0.00M | Scene, ViewLayer | Synchronizing object | PAYLOAD-base-GEO-load-skid.001--export
Fra:1 Mem:98.69M (Peak 98.69M) | Time:00:00.18 | Mem:0.00M, Peak:0.00M | Scene, ViewLayer | Synchronizing object | PAYLOAD-top-GEO-lid-fitted-cap--export
Fra:1 Mem:98.74M (Peak 98.74M) | Time:00:00.18 | Mem:0.00M, Peak:0.00M | Scene, ViewLayer | Synchronizing object | PAYLOAD-top-GEO-lid-recess-base--export
Fra:1 Mem:98.72M (Peak 98.74M) | Time:00:00.18 | Mem:0.00M, Peak:0.00M | Scene, ViewLayer | Synchronizing object | PAYLOAD-base-GEO-crossmember--export
Fra:1 Mem:98.77M (Peak 98.77M) | Time:00:00.18 | Mem:0.00M, Peak:0.00M | Scene, ViewLayer | Synchronizing object | PAYLOAD-top-GEO-lid-shoulder-band.001--export
Fra:1 Mem:98.76M (Peak 98.77M) | Time:00:00.18 | Mem:0.00M, Peak:0.00M | Scene, ViewLayer | Synchronizing object | PAYLOAD-base-GEO-crossmember.001--export
Fra:1 Mem:98.81M (Peak 98.81M) | Time:00:00.18 | Mem:0.00M, Peak:0.00M | Scene, ViewLayer | Synchronizing object | PAYLOAD-top-GEO-lid-shoulder-band--export
Fra:1 Mem:98.82M (Peak 98.82M) | Time:00:00.18 | Mem:0.00M, Peak:0.00M | Scene, ViewLayer | Synchronizing object | PAYLOAD-base-GEO-40mm-locating-foot--export
Fra:1 Mem:98.83M (Peak 98.83M) | Time:00:00.18 | Mem:0.00M, Peak:0.00M | Scene, ViewLayer | Synchronizing object | PAYLOAD-top-GEO-opening-layered-lid--export
Fra:1 Mem:98.87M (Peak 98.87M) | Time:00:00.18 | Mem:0.00M, Peak:0.00M | Scene, ViewLayer | Synchronizing object | PAYLOAD-base-GEO-40mm-locating-foot.001--export
Fra:1 Mem:98.87M (Peak 98.87M) | Time:00:00.18 | Mem:0.00M, Peak:0.00M | Scene, ViewLayer | Synchronizing object | PAYLOAD-top-GEO-stepped-corner-armor.007--export
Fra:1 Mem:98.89M (Peak 98.89M) | Time:00:00.18 | Mem:0.00M, Peak:0.00M | Scene, ViewLayer | Synchronizing object | PAYLOAD-base-GEO-40mm-locating-foot.002--export
Fra:1 Mem:98.90M (Peak 98.90M) | Time:00:00.18 | Mem:0.00M, Peak:0.00M | Scene, ViewLayer | Synchronizing object | PAYLOAD-top-GEO-stepped-corner-armor.006--export
Fra:1 Mem:98.92M (Peak 98.92M) | Time:00:00.18 | Mem:0.00M, Peak:0.00M | Scene, ViewLayer | Synchronizing object | PAYLOAD-base-GEO-40mm-locating-foot.003--export
Fra:1 Mem:98.94M (Peak 98.94M) | Time:00:00.18 | Mem:0.00M, Peak:0.00M | Scene, ViewLayer | Synchronizing object | PAYLOAD-top-GEO-corner-load-column.003--export
Fra:1 Mem:98.97M (Peak 98.97M) | Time:00:00.18 | Mem:0.00M, Peak:0.00M | Scene, ViewLayer | Synchronizing object | PAYLOAD-top-GEO-stepped-corner-armor.005--export
Fra:1 Mem:98.97M (Peak 98.97M) | Time:00:00.18 | Mem:0.00M, Peak:0.00M | Scene, ViewLayer | Synchronizing object | PAYLOAD-base-GEO-sealed-floor--export
Fra:1 Mem:99.00M (Peak 99.00M) | Time:00:00.18 | Mem:0.00M, Peak:0.00M | Scene, ViewLayer | Synchronizing object | PAYLOAD-top-GEO-stepped-corner-armor.004--export
Fra:1 Mem:99.02M (Peak 99.02M) | Time:00:00.18 | Mem:0.00M, Peak:0.00M | Scene, ViewLayer | Synchronizing object | PAYLOAD-base-GEO-closed-side-wall--export
Fra:1 Mem:99.00M (Peak 99.02M) | Time:00:00.18 | Mem:0.00M, Peak:0.00M | Scene, ViewLayer | Synchronizing object | PAYLOAD-top-GEO-corner-load-column.002--export
Fra:1 Mem:99.05M (Peak 99.05M) | Time:00:00.18 | Mem:0.00M, Peak:0.00M | Scene, ViewLayer | Synchronizing object | PAYLOAD-base-GEO-closed-side-wall.001--export
Fra:1 Mem:99.03M (Peak 99.05M) | Time:00:00.18 | Mem:0.00M, Peak:0.00M | Scene, ViewLayer | Synchronizing object | PAYLOAD-top-GEO-stepped-corner-armor.003--export
Fra:1 Mem:99.06M (Peak 99.06M) | Time:00:00.18 | Mem:0.00M, Peak:0.00M | Scene, ViewLayer | Synchronizing object | PAYLOAD-base-GEO-closed-rear-wall--export
Fra:1 Mem:99.07M (Peak 99.07M) | Time:00:00.18 | Mem:0.00M, Peak:0.00M | Scene, ViewLayer | Synchronizing object | PAYLOAD-top-GEO-stepped-corner-armor.002--export
Fra:1 Mem:99.12M (Peak 99.12M) | Time:00:00.18 | Mem:0.00M, Peak:0.00M | Scene, ViewLayer | Synchronizing object | PAYLOAD-base-GEO-closed-front-wall--export
Fra:1 Mem:99.10M (Peak 99.12M) | Time:00:00.18 | Mem:0.00M, Peak:0.00M | Scene, ViewLayer | Synchronizing object | PAYLOAD-top-GEO-corner-load-column.001--export
Fra:1 Mem:99.16M (Peak 99.16M) | Time:00:00.18 | Mem:0.00M, Peak:0.00M | Scene, ViewLayer | Synchronizing object | PAYLOAD-base-GEO-corner-load-column--export
Fra:1 Mem:99.16M (Peak 99.16M) | Time:00:00.18 | Mem:0.00M, Peak:0.00M | Scene, ViewLayer | Synchronizing object | PAYLOAD-top-GEO-stepped-corner-armor.001--export
Fra:1 Mem:99.18M (Peak 99.18M) | Time:00:00.18 | Mem:0.00M, Peak:0.00M | Scene, ViewLayer | Synchronizing object | PAYLOAD-base-GEO-stepped-corner-armor--export
Fra:1 Mem:99.21M (Peak 99.21M) | Time:00:00.18 | Mem:0.00M, Peak:0.00M | Scene, ViewLayer | Synchronizing object | PAYLOAD-top-GEO-stepped-corner-armor--export
Fra:1 Mem:99.22M (Peak 99.22M) | Time:00:00.18 | Mem:0.00M, Peak:0.00M | Scene, ViewLayer | Synchronizing object | PAYLOAD-base-GEO-stepped-corner-armor.001--export
Fra:1 Mem:99.24M (Peak 99.24M) | Time:00:00.18 | Mem:0.00M, Peak:0.00M | Scene, ViewLayer | Synchronizing object | PAYLOAD-top-GEO-corner-load-column--export
Fra:1 Mem:99.22M (Peak 99.24M) | Time:00:00.18 | Mem:0.00M, Peak:0.00M | Scene, ViewLayer | Synchronizing object | PAYLOAD-base-GEO-corner-load-column.001--export
Fra:1 Mem:99.25M (Peak 99.25M) | Time:00:00.18 | Mem:0.00M, Peak:0.00M | Scene, ViewLayer | Synchronizing object | PAYLOAD-top-GEO-closed-front-wall--export
Fra:1 Mem:99.25M (Peak 99.25M) | Time:00:00.18 | Mem:0.00M, Peak:0.00M | Scene, ViewLayer | Synchronizing object | PAYLOAD-base-GEO-stepped-corner-armor.002--export
Fra:1 Mem:99.30M (Peak 99.30M) | Time:00:00.18 | Mem:0.00M, Peak:0.00M | Scene, ViewLayer | Synchronizing object | PAYLOAD-base-GEO-stepped-corner-armor.003--export
Fra:1 Mem:99.29M (Peak 99.30M) | Time:00:00.18 | Mem:0.00M, Peak:0.00M | Scene, ViewLayer | Synchronizing object | PAYLOAD-top-GEO-closed-rear-wall--export
Fra:1 Mem:99.34M (Peak 99.34M) | Time:00:00.18 | Mem:0.00M, Peak:0.00M | Scene, ViewLayer | Synchronizing object | PAYLOAD-top-GEO-closed-side-wall.001--export
Fra:1 Mem:99.35M (Peak 99.35M) | Time:00:00.18 | Mem:0.00M, Peak:0.00M | Scene, ViewLayer | Synchronizing object | PAYLOAD-base-GEO-corner-load-column.002--export
Fra:1 Mem:99.35M (Peak 99.35M) | Time:00:00.18 | Mem:0.00M, Peak:0.00M | Scene, ViewLayer | Synchronizing object | PAYLOAD-top-GEO-closed-side-wall--export
Fra:1 Mem:99.39M (Peak 99.39M) | Time:00:00.18 | Mem:0.00M, Peak:0.00M | Scene, ViewLayer | Synchronizing object | PAYLOAD-top-GEO-sealed-floor--export
Fra:1 Mem:99.40M (Peak 99.40M) | Time:00:00.18 | Mem:0.00M, Peak:0.00M | Scene, ViewLayer | Synchronizing object | PAYLOAD-base-GEO-stepped-corner-armor.004--export
Fra:1 Mem:99.42M (Peak 99.42M) | Time:00:00.18 | Mem:0.00M, Peak:0.00M | Scene, ViewLayer | Synchronizing object | PAYLOAD-top-GEO-40mm-locating-foot.003--export
Fra:1 Mem:99.45M (Peak 99.45M) | Time:00:00.18 | Mem:0.00M, Peak:0.00M | Scene, ViewLayer | Synchronizing object | PAYLOAD-base-GEO-stepped-corner-armor.005--export
Fra:1 Mem:99.43M (Peak 99.45M) | Time:00:00.18 | Mem:0.00M, Peak:0.00M | Scene, ViewLayer | Synchronizing object | PAYLOAD-top-GEO-40mm-locating-foot.002--export
Fra:1 Mem:99.48M (Peak 99.48M) | Time:00:00.18 | Mem:0.00M, Peak:0.00M | Scene, ViewLayer | Synchronizing object | PAYLOAD-top-GEO-40mm-locating-foot.001--export
Fra:1 Mem:99.47M (Peak 99.48M) | Time:00:00.18 | Mem:0.00M, Peak:0.00M | Scene, ViewLayer | Synchronizing object | PAYLOAD-base-GEO-corner-load-column.003--export
Fra:1 Mem:99.50M (Peak 99.50M) | Time:00:00.18 | Mem:0.00M, Peak:0.00M | Scene, ViewLayer | Synchronizing object | PAYLOAD-top-GEO-40mm-locating-foot--export
Fra:1 Mem:99.53M (Peak 99.53M) | Time:00:00.18 | Mem:0.00M, Peak:0.00M | Scene, ViewLayer | Synchronizing object | PAYLOAD-base-GEO-stepped-corner-armor.006--export
Fra:1 Mem:99.53M (Peak 99.53M) | Time:00:00.18 | Mem:0.00M, Peak:0.00M | Scene, ViewLayer | Synchronizing object | PAYLOAD-top-GEO-crossmember.001--export
Fra:1 Mem:99.56M (Peak 99.56M) | Time:00:00.18 | Mem:0.00M, Peak:0.00M | Scene, ViewLayer | Synchronizing object | PAYLOAD-base-GEO-stepped-corner-armor.007--export
Fra:1 Mem:99.56M (Peak 99.56M) | Time:00:00.18 | Mem:0.00M, Peak:0.00M | Scene, ViewLayer | Synchronizing object | PAYLOAD-top-GEO-crossmember--export
Fra:1 Mem:99.56M (Peak 99.56M) | Time:00:00.18 | Mem:0.00M, Peak:0.00M | Scene, ViewLayer | Synchronizing object | PAYLOAD-base-GEO-opening-layered-lid--export
Fra:1 Mem:99.59M (Peak 99.59M) | Time:00:00.18 | Mem:0.00M, Peak:0.00M | Scene, ViewLayer | Synchronizing object | PAYLOAD-top-GEO-load-skid.001--export
Fra:1 Mem:99.59M (Peak 99.59M) | Time:00:00.18 | Mem:0.00M, Peak:0.00M | Scene, ViewLayer | Synchronizing object | PAYLOAD-base-GEO-lid-shoulder-band--export
Fra:1 Mem:99.62M (Peak 99.62M) | Time:00:00.19 | Mem:0.00M, Peak:0.00M | Scene, ViewLayer | Synchronizing object | PAYLOAD-top-GEO-load-skid--export
Fra:1 Mem:99.64M (Peak 99.64M) | Time:00:00.19 | Mem:0.00M, Peak:0.00M | Scene, ViewLayer | Synchronizing object | PAYLOAD-middle-1-1-GEO-fixed-rear-hinge-saddle.003--export
Fra:1 Mem:99.69M (Peak 99.69M) | Time:00:00.19 | Mem:0.00M, Peak:0.00M | Scene, ViewLayer | Synchronizing object | PAYLOAD-middle-1-1-GEO-fixed-rear-hinge-saddle.002--export
Fra:1 Mem:99.67M (Peak 99.69M) | Time:00:00.19 | Mem:0.00M, Peak:0.00M | Scene, ViewLayer | Synchronizing object | PAYLOAD-base-GEO-lid-shoulder-band.001--export
Fra:1 Mem:99.72M (Peak 99.72M) | Time:00:00.19 | Mem:0.00M, Peak:0.00M | Scene, ViewLayer | Synchronizing object | PAYLOAD-middle-1-1-GEO-fixed-rear-hinge-saddle.001--export
Fra:1 Mem:99.73M (Peak 99.73M) | Time:00:00.19 | Mem:0.00M, Peak:0.00M | Scene, ViewLayer | Synchronizing object | PAYLOAD-base-GEO-lid-recess-base--export
Fra:1 Mem:99.73M (Peak 99.73M) | Time:00:00.19 | Mem:0.00M, Peak:0.00M | Scene, ViewLayer | Synchronizing object | PAYLOAD-middle-1-1-GEO-fixed-rear-hinge-saddle--export
Fra:1 Mem:99.73M (Peak 99.73M) | Time:00:00.19 | Mem:0.00M, Peak:0.00M | Scene, ViewLayer | Synchronizing object | PAYLOAD-base-GEO-lid-fitted-cap--export
Fra:1 Mem:99.79M (Peak 99.79M) | Time:00:00.19 | Mem:0.00M, Peak:0.00M | Scene, ViewLayer | Synchronizing object | PAYLOAD-base-GEO-lid-cap-end-step--export
Fra:1 Mem:99.80M (Peak 99.80M) | Time:00:00.19 | Mem:0.00M, Peak:0.00M | Scene, ViewLayer | Synchronizing object | PAYLOAD-middle-1-1-GEO-lid-latch-connecting-bridge.001--export
Fra:1 Mem:99.81M (Peak 99.81M) | Time:00:00.19 | Mem:0.00M, Peak:0.00M | Scene, ViewLayer | Synchronizing object | PAYLOAD-base-GEO-lid-cap-end-step.001--export
Fra:1 Mem:99.83M (Peak 99.83M) | Time:00:00.19 | Mem:0.00M, Peak:0.00M | Scene, ViewLayer | Synchronizing object | PAYLOAD-middle-1-1-GEO-lid-latch-connecting-bridge--export
Fra:1 Mem:99.86M (Peak 99.86M) | Time:00:00.19 | Mem:0.00M, Peak:0.00M | Scene, ViewLayer | Synchronizing object | PAYLOAD-base-GEO-lid-latch-leaf--export
Fra:1 Mem:99.84M (Peak 99.86M) | Time:00:00.19 | Mem:0.00M, Peak:0.00M | Scene, ViewLayer | Synchronizing object | PAYLOAD-middle-1-1-GEO-inset-lid-gasket.003--export
Fra:1 Mem:99.87M (Peak 99.87M) | Time:00:00.19 | Mem:0.00M, Peak:0.00M | Scene, ViewLayer | Synchronizing object | PAYLOAD-base-GEO-lid-toggle--export
Fra:1 Mem:99.87M (Peak 99.87M) | Time:00:00.19 | Mem:0.00M, Peak:0.00M | Scene, ViewLayer | Synchronizing object | PAYLOAD-middle-1-1-GEO-lid-support-ledge.003--export
Fra:1 Mem:99.91M (Peak 99.91M) | Time:00:00.19 | Mem:0.00M, Peak:0.00M | Scene, ViewLayer | Synchronizing object | PAYLOAD-base-GEO-lid-latch-leaf.001--export
Fra:1 Mem:99.90M (Peak 99.91M) | Time:00:00.19 | Mem:0.00M, Peak:0.00M | Scene, ViewLayer | Synchronizing object | PAYLOAD-middle-1-1-GEO-inset-lid-gasket.002--export
Fra:1 Mem:99.94M (Peak 99.94M) | Time:00:00.19 | Mem:0.00M, Peak:0.00M | Scene, ViewLayer | Synchronizing object | PAYLOAD-middle-1-1-GEO-lid-support-ledge.002--export
Fra:1 Mem:99.94M (Peak 99.94M) | Time:00:00.19 | Mem:0.00M, Peak:0.00M | Scene, ViewLayer | Synchronizing object | PAYLOAD-base-GEO-lid-toggle.001--export
Fra:1 Mem:100.00M (Peak 100.00M) | Time:00:00.19 | Mem:0.00M, Peak:0.00M | Scene, ViewLayer | Synchronizing object | PAYLOAD-middle-1-1-GEO-inset-lid-gasket.001--export
Fra:1 Mem:99.98M (Peak 100.00M) | Time:00:00.19 | Mem:0.00M, Peak:0.00M | Scene, ViewLayer | Synchronizing object | PAYLOAD-base-GEO-rear-hinge-pin--export
Fra:1 Mem:100.03M (Peak 100.03M) | Time:00:00.19 | Mem:0.00M, Peak:0.00M | Scene, ViewLayer | Synchronizing object | PAYLOAD-middle-1-1-GEO-lid-support-ledge.001--export
Fra:1 Mem:100.05M (Peak 100.05M) | Time:00:00.19 | Mem:0.00M, Peak:0.00M | Scene, ViewLayer | Synchronizing object | PAYLOAD-base-GEO-rear-hinge-pin.001--export
Fra:1 Mem:100.11M (Peak 100.11M) | Time:00:00.19 | Mem:0.00M, Peak:0.00M | Scene, ViewLayer | Synchronizing object | PAYLOAD-middle-1-1-GEO-inset-lid-gasket--export
Fra:1 Mem:100.13M (Peak 100.13M) | Time:00:00.19 | Mem:0.00M, Peak:0.00M | Scene, ViewLayer | Synchronizing object | PAYLOAD-middle-1-1-GEO-lid-support-ledge--export
Fra:1 Mem:100.11M (Peak 100.13M) | Time:00:00.19 | Mem:0.00M, Peak:0.00M | Scene, ViewLayer | Synchronizing object | PAYLOAD-base-GEO-side-inset-backing--export
Fra:1 Mem:100.15M (Peak 100.15M) | Time:00:00.19 | Mem:0.00M, Peak:0.00M | Scene, ViewLayer | Synchronizing object | PAYLOAD-middle-1-1-GEO-fixed-top-frame.003--export
Fra:1 Mem:100.20M (Peak 100.20M) | Time:00:00.19 | Mem:0.00M, Peak:0.00M | Scene, ViewLayer | Synchronizing object | PAYLOAD-middle-1-1-GEO-fixed-top-frame.002--export
Fra:1 Mem:100.20M (Peak 100.20M) | Time:00:00.19 | Mem:0.00M, Peak:0.00M | Scene, ViewLayer | Synchronizing object | PAYLOAD-base-GEO-fitted-side-panel--export
Fra:1 Mem:100.19M (Peak 100.20M) | Time:00:00.19 | Mem:0.00M, Peak:0.00M | Scene, ViewLayer | Synchronizing object | PAYLOAD-middle-1-1-GEO-fixed-top-frame.001--export
Fra:1 Mem:100.27M (Peak 100.27M) | Time:00:00.19 | Mem:0.00M, Peak:0.00M | Scene, ViewLayer | Synchronizing object | PAYLOAD-middle-1-1-GEO-fixed-top-frame--export
Fra:1 Mem:100.27M (Peak 100.27M) | Time:00:00.19 | Mem:0.00M, Peak:0.00M | Scene, ViewLayer | Synchronizing object | PAYLOAD-base-GEO-grip-backing--export
Fra:1 Mem:100.25M (Peak 100.27M) | Time:00:00.19 | Mem:0.00M, Peak:0.00M | Scene, ViewLayer | Synchronizing object | PAYLOAD-middle-1-1-GEO-marking-STA / S--export
Fra:1 Mem:100.49M (Peak 100.49M) | Time:00:00.19 | Mem:0.00M, Peak:0.00M | Scene, ViewLayer | Synchronizing object | PAYLOAD-base-GEO-grip-support--export
Fra:1 Mem:100.51M (Peak 100.51M) | Time:00:00.19 | Mem:0.00M, Peak:0.00M | Scene, ViewLayer | Synchronizing object | PAYLOAD-base-GEO-grip-support.001--export
Fra:1 Mem:100.61M (Peak 100.61M) | Time:00:00.19 | Mem:0.00M, Peak:0.00M | Scene, ViewLayer | Synchronizing object | PAYLOAD-base-GEO-glove-grip--export
Fra:1 Mem:100.55M (Peak 100.61M) | Time:00:00.19 | Mem:0.00M, Peak:0.00M | Scene, ViewLayer | Synchronizing object | PAYLOAD-base-GEO-service-cartridge--export
Fra:1 Mem:100.68M (Peak 100.68M) | Time:00:00.19 | Mem:0.00M, Peak:0.00M | Scene, ViewLayer | Synchronizing object | PAYLOAD-base-GEO-side-inset-backing.001--export
Fra:1 Mem:100.55M (Peak 100.68M) | Time:00:00.19 | Mem:0.00M, Peak:0.00M | Scene, ViewLayer | Synchronizing object | PAYLOAD-base-GEO-fitted-side-panel.001--export
Fra:1 Mem:100.53M (Peak 100.68M) | Time:00:00.19 | Mem:0.00M, Peak:0.00M | Scene, ViewLayer | Synchronizing object | PAYLOAD-middle-1-1-GEO-44mm-clear-stack-receiver.015--export
Fra:1 Mem:100.61M (Peak 100.68M) | Time:00:00.19 | Mem:0.00M, Peak:0.00M | Scene, ViewLayer | Synchronizing object | PAYLOAD-middle-1-1-GEO-44mm-clear-stack-receiver.014--export
Fra:1 Mem:100.60M (Peak 100.68M) | Time:00:00.19 | Mem:0.00M, Peak:0.00M | Scene, ViewLayer | Synchronizing object | PAYLOAD-base-GEO-grip-backing.001--export
Fra:1 Mem:100.63M (Peak 100.68M) | Time:00:00.19 | Mem:0.00M, Peak:0.00M | Scene, ViewLayer | Synchronizing object | PAYLOAD-middle-1-1-GEO-44mm-clear-stack-receiver.013--export
Fra:1 Mem:100.64M (Peak 100.68M) | Time:00:00.19 | Mem:0.00M, Peak:0.00M | Scene, ViewLayer | Synchronizing object | PAYLOAD-base-GEO-grip-support.002--export
Fra:1 Mem:100.67M (Peak 100.68M) | Time:00:00.19 | Mem:0.00M, Peak:0.00M | Scene, ViewLayer | Synchronizing object | PAYLOAD-middle-1-1-GEO-44mm-clear-stack-receiver.012--export
Fra:1 Mem:100.68M (Peak 100.68M) | Time:00:00.19 | Mem:0.00M, Peak:0.00M | Scene, ViewLayer | Synchronizing object | PAYLOAD-base-GEO-grip-support.003--export
Fra:1 Mem:100.70M (Peak 100.70M) | Time:00:00.19 | Mem:0.00M, Peak:0.00M | Scene, ViewLayer | Synchronizing object | PAYLOAD-middle-1-1-GEO-stack-receiver-base.003--export
Fra:1 Mem:100.71M (Peak 100.71M) | Time:00:00.19 | Mem:0.00M, Peak:0.00M | Scene, ViewLayer | Synchronizing object | PAYLOAD-base-GEO-glove-grip.001--export
Fra:1 Mem:100.77M (Peak 100.77M) | Time:00:00.19 | Mem:0.00M, Peak:0.00M | Scene, ViewLayer | Synchronizing object | PAYLOAD-middle-1-1-GEO-44mm-clear-stack-receiver.011--export
Fra:1 Mem:100.77M (Peak 100.77M) | Time:00:00.19 | Mem:0.00M, Peak:0.00M | Scene, ViewLayer | Synchronizing object | PAYLOAD-middle-1-1-GEO-44mm-clear-stack-receiver.010--export
Fra:1 Mem:100.77M (Peak 100.77M) | Time:00:00.19 | Mem:0.00M, Peak:0.00M | Scene, ViewLayer | Synchronizing object | PAYLOAD-base-GEO-service-cartridge.001--export
Fra:1 Mem:100.80M (Peak 100.80M) | Time:00:00.19 | Mem:0.00M, Peak:0.00M | Scene, ViewLayer | Synchronizing object | PAYLOAD-middle-1-1-GEO-44mm-clear-stack-receiver.009--export
Fra:1 Mem:100.81M (Peak 100.81M) | Time:00:00.19 | Mem:0.00M, Peak:0.00M | Scene, ViewLayer | Synchronizing object | PAYLOAD-base-GEO-front-inset--export
Fra:1 Mem:100.84M (Peak 100.84M) | Time:00:00.19 | Mem:0.00M, Peak:0.00M | Scene, ViewLayer | Synchronizing object | PAYLOAD-middle-1-1-GEO-44mm-clear-stack-receiver.008--export
Fra:1 Mem:100.88M (Peak 100.88M) | Time:00:00.19 | Mem:0.00M, Peak:0.00M | Scene, ViewLayer | Synchronizing object | PAYLOAD-middle-1-1-GEO-stack-receiver-base.002--export
Fra:1 Mem:100.88M (Peak 100.88M) | Time:00:00.19 | Mem:0.00M, Peak:0.00M | Scene, ViewLayer | Synchronizing object | PAYLOAD-base-GEO-front-fitted-panel--export
Fra:1 Mem:100.93M (Peak 100.93M) | Time:00:00.19 | Mem:0.00M, Peak:0.00M | Scene, ViewLayer | Synchronizing object | PAYLOAD-middle-1-1-GEO-44mm-clear-stack-receiver.007--export
Fra:1 Mem:100.96M (Peak 100.96M) | Time:00:00.19 | Mem:0.00M, Peak:0.00M | Scene, ViewLayer | Synchronizing object | PAYLOAD-middle-1-1-GEO-44mm-clear-stack-receiver.006--export
Fra:1 Mem:100.94M (Peak 100.96M) | Time:00:00.19 | Mem:0.00M, Peak:0.00M | Scene, ViewLayer | Synchronizing object | PAYLOAD-base-GEO-stack-receiver-base--export
Fra:1 Mem:100.94M (Peak 100.96M) | Time:00:00.19 | Mem:0.00M, Peak:0.00M | Scene, ViewLayer | Synchronizing object | PAYLOAD-middle-1-1-GEO-44mm-clear-stack-receiver.005--export
Fra:1 Mem:100.99M (Peak 100.99M) | Time:00:00.19 | Mem:0.00M, Peak:0.00M | Scene, ViewLayer | Synchronizing object | PAYLOAD-middle-1-1-GEO-44mm-clear-stack-receiver.004--export
Fra:1 Mem:101.01M (Peak 101.01M) | Time:00:00.19 | Mem:0.00M, Peak:0.00M | Scene, ViewLayer | Synchronizing object | PAYLOAD-base-GEO-44mm-clear-stack-receiver--export
Fra:1 Mem:101.02M (Peak 101.02M) | Time:00:00.19 | Mem:0.00M, Peak:0.00M | Scene, ViewLayer | Synchronizing object | PAYLOAD-middle-1-1-GEO-stack-receiver-base.001--export
Fra:1 Mem:101.04M (Peak 101.04M) | Time:00:00.19 | Mem:0.00M, Peak:0.00M | Scene, ViewLayer | Synchronizing object | PAYLOAD-base-GEO-44mm-clear-stack-receiver.001--export
Fra:1 Mem:101.03M (Peak 101.04M) | Time:00:00.19 | Mem:0.00M, Peak:0.00M | Scene, ViewLayer | Synchronizing object | PAYLOAD-middle-1-1-GEO-44mm-clear-stack-receiver.003--export
Fra:1 Mem:101.07M (Peak 101.07M) | Time:00:00.19 | Mem:0.00M, Peak:0.00M | Scene, ViewLayer | Synchronizing object | PAYLOAD-base-GEO-44mm-clear-stack-receiver.002--export
Fra:1 Mem:101.06M (Peak 101.07M) | Time:00:00.19 | Mem:0.00M, Peak:0.00M | Scene, ViewLayer | Synchronizing object | PAYLOAD-middle-1-1-GEO-44mm-clear-stack-receiver.002--export
Fra:1 Mem:101.11M (Peak 101.11M) | Time:00:00.19 | Mem:0.00M, Peak:0.00M | Scene, ViewLayer | Synchronizing object | PAYLOAD-base-GEO-44mm-clear-stack-receiver.003--export
Fra:1 Mem:101.09M (Peak 101.11M) | Time:00:00.19 | Mem:0.00M, Peak:0.00M | Scene, ViewLayer | Synchronizing object | PAYLOAD-middle-1-1-GEO-44mm-clear-stack-receiver.001--export
Fra:1 Mem:101.15M (Peak 101.15M) | Time:00:00.19 | Mem:0.00M, Peak:0.00M | Scene, ViewLayer | Synchronizing object | PAYLOAD-base-GEO-stack-receiver-base.001--export
Fra:1 Mem:101.16M (Peak 101.16M) | Time:00:00.19 | Mem:0.00M, Peak:0.00M | Scene, ViewLayer | Synchronizing object | PAYLOAD-middle-1-1-GEO-44mm-clear-stack-receiver--export
Fra:1 Mem:101.15M (Peak 101.16M) | Time:00:00.19 | Mem:0.00M, Peak:0.00M | Scene, ViewLayer | Synchronizing object | PAYLOAD-base-GEO-44mm-clear-stack-receiver.004--export
Fra:1 Mem:101.20M (Peak 101.20M) | Time:00:00.19 | Mem:0.00M, Peak:0.00M | Scene, ViewLayer | Synchronizing object | PAYLOAD-base-GEO-44mm-clear-stack-receiver.005--export
Fra:1 Mem:101.18M (Peak 101.20M) | Time:00:00.19 | Mem:0.00M, Peak:0.00M | Scene, ViewLayer | Synchronizing object | PAYLOAD-middle-1-1-GEO-stack-receiver-base--export
Fra:1 Mem:101.23M (Peak 101.23M) | Time:00:00.19 | Mem:0.00M, Peak:0.00M | Scene, ViewLayer | Synchronizing object | PAYLOAD-base-GEO-44mm-clear-stack-receiver.006--export
Fra:1 Mem:101.24M (Peak 101.24M) | Time:00:00.19 | Mem:0.00M, Peak:0.00M | Scene, ViewLayer | Synchronizing object | PAYLOAD-middle-1-1-GEO-front-fitted-panel--export
Fra:1 Mem:101.29M (Peak 101.29M) | Time:00:00.19 | Mem:0.00M, Peak:0.00M | Scene, ViewLayer | Synchronizing object | PAYLOAD-base-GEO-44mm-clear-stack-receiver.007--export
Fra:1 Mem:101.32M (Peak 101.32M) | Time:00:00.19 | Mem:0.00M, Peak:0.00M | Scene, ViewLayer | Synchronizing object | PAYLOAD-base-GEO-stack-receiver-base.002--export
Fra:1 Mem:101.30M (Peak 101.32M) | Time:00:00.19 | Mem:0.00M, Peak:0.00M | Scene, ViewLayer | Synchronizing object | PAYLOAD-middle-1-1-GEO-front-inset--export
Fra:1 Mem:101.35M (Peak 101.35M) | Time:00:00.19 | Mem:0.00M, Peak:0.00M | Scene, ViewLayer | Synchronizing object | PAYLOAD-base-GEO-44mm-clear-stack-receiver.008--export
Fra:1 Mem:101.39M (Peak 101.39M) | Time:00:00.19 | Mem:0.00M, Peak:0.00M | Scene, ViewLayer | Synchronizing object | PAYLOAD-base-GEO-44mm-clear-stack-receiver.009--export
Fra:1 Mem:101.37M (Peak 101.39M) | Time:00:00.19 | Mem:0.00M, Peak:0.00M | Scene, ViewLayer | Synchronizing object | PAYLOAD-middle-1-1-GEO-service-cartridge.001--export
Fra:1 Mem:101.38M (Peak 101.39M) | Time:00:00.19 | Mem:0.00M, Peak:0.00M | Scene, ViewLayer | Synchronizing object | PAYLOAD-middle-1-1-GEO-glove-grip.001--export
Fra:1 Mem:101.38M (Peak 101.39M) | Time:00:00.19 | Mem:0.00M, Peak:0.00M | Scene, ViewLayer | Synchronizing object | PAYLOAD-base-GEO-44mm-clear-stack-receiver.010--export
Fra:1 Mem:101.43M (Peak 101.43M) | Time:00:00.19 | Mem:0.00M, Peak:0.00M | Scene, ViewLayer | Synchronizing object | PAYLOAD-base-GEO-44mm-clear-stack-receiver.011--export
Fra:1 Mem:101.43M (Peak 101.43M) | Time:00:00.19 | Mem:0.00M, Peak:0.00M | Scene, ViewLayer | Synchronizing object | PAYLOAD-middle-1-1-GEO-grip-support.003--export
Fra:1 Mem:101.47M (Peak 101.47M) | Time:00:00.19 | Mem:0.00M, Peak:0.00M | Scene, ViewLayer | Synchronizing object | PAYLOAD-middle-1-1-GEO-grip-support.002--export
Fra:1 Mem:101.51M (Peak 101.51M) | Time:00:00.19 | Mem:0.00M, Peak:0.00M | Scene, ViewLayer | Synchronizing object | PAYLOAD-base-GEO-stack-receiver-base.003--export
Fra:1 Mem:101.49M (Peak 101.51M) | Time:00:00.19 | Mem:0.00M, Peak:0.00M | Scene, ViewLayer | Synchronizing object | PAYLOAD-middle-1-1-GEO-grip-backing.001--export
Fra:1 Mem:101.54M (Peak 101.54M) | Time:00:00.19 | Mem:0.00M, Peak:0.00M | Scene, ViewLayer | Synchronizing object | PAYLOAD-middle-1-1-GEO-fitted-side-panel.001--export
Fra:1 Mem:101.58M (Peak 101.58M) | Time:00:00.19 | Mem:0.00M, Peak:0.00M | Scene, ViewLayer | Synchronizing object | PAYLOAD-base-GEO-44mm-clear-stack-receiver.012--export
Fra:1 Mem:101.59M (Peak 101.59M) | Time:00:00.19 | Mem:0.00M, Peak:0.00M | Scene, ViewLayer | Synchronizing object | PAYLOAD-middle-1-1-GEO-side-inset-backing.001--export
Fra:1 Mem:101.57M (Peak 101.59M) | Time:00:00.19 | Mem:0.00M, Peak:0.00M | Scene, ViewLayer | Synchronizing object | PAYLOAD-base-GEO-44mm-clear-stack-receiver.013--export
Fra:1 Mem:101.64M (Peak 101.64M) | Time:00:00.19 | Mem:0.00M, Peak:0.00M | Scene, ViewLayer | Synchronizing object | PAYLOAD-base-GEO-44mm-clear-stack-receiver.014--export
Fra:1 Mem:101.68M (Peak 101.68M) | Time:00:00.19 | Mem:0.00M, Peak:0.00M | Scene, ViewLayer | Synchronizing object | PAYLOAD-base-GEO-44mm-clear-stack-receiver.015--export
Fra:1 Mem:101.67M (Peak 101.68M) | Time:00:00.19 | Mem:0.00M, Peak:0.00M | Scene, ViewLayer | Synchronizing object | PAYLOAD-middle-1-1-GEO-service-cartridge--export
Fra:1 Mem:101.69M (Peak 101.69M) | Time:00:00.19 | Mem:0.00M, Peak:0.00M | Scene, ViewLayer | Synchronizing object | PAYLOAD-base-GEO-marking-STA / S--export
Fra:1 Mem:101.72M (Peak 101.72M) | Time:00:00.19 | Mem:0.00M, Peak:0.00M | Scene, ViewLayer | Synchronizing object | PAYLOAD-middle-1-1-GEO-glove-grip--export
Fra:1 Mem:102.02M (Peak 102.02M) | Time:00:00.19 | Mem:0.00M, Peak:0.00M | Scene, ViewLayer | Synchronizing object | PAYLOAD-middle-1-1-GEO-grip-support.001--export
Fra:1 Mem:101.93M (Peak 102.02M) | Time:00:00.19 | Mem:0.00M, Peak:0.00M | Scene, ViewLayer | Synchronizing object | PAYLOAD-middle-1-1-GEO-grip-support--export
Fra:1 Mem:102.07M (Peak 102.07M) | Time:00:00.19 | Mem:0.00M, Peak:0.00M | Scene, ViewLayer | Synchronizing object | PAYLOAD-middle-1-1-GEO-grip-backing--export
Fra:1 Mem:102.09M (Peak 102.09M) | Time:00:00.19 | Mem:0.00M, Peak:0.00M | Scene, ViewLayer | Synchronizing object | PAYLOAD-middle-1-1-GEO-fitted-side-panel--export
Fra:1 Mem:101.97M (Peak 102.09M) | Time:00:00.19 | Mem:0.00M, Peak:0.00M | Scene, ViewLayer | Synchronizing object | PAYLOAD-base-GEO-fixed-top-frame--export
Fra:1 Mem:101.94M (Peak 102.09M) | Time:00:00.19 | Mem:0.00M, Peak:0.00M | Scene, ViewLayer | Synchronizing object | PAYLOAD-middle-1-1-GEO-side-inset-backing--export
Fra:1 Mem:102.00M (Peak 102.09M) | Time:00:00.19 | Mem:0.00M, Peak:0.00M | Scene, ViewLayer | Synchronizing object | PAYLOAD-base-GEO-fixed-top-frame.001--export
Fra:1 Mem:102.00M (Peak 102.09M) | Time:00:00.19 | Mem:0.00M, Peak:0.00M | Scene, ViewLayer | Synchronizing object | PAYLOAD-base-GEO-fixed-top-frame.002--export
Fra:1 Mem:102.00M (Peak 102.09M) | Time:00:00.19 | Mem:0.00M, Peak:0.00M | Scene, ViewLayer | Synchronizing object | PAYLOAD-middle-1-1-GEO-rear-hinge-pin.001--export
Fra:1 Mem:102.12M (Peak 102.12M) | Time:00:00.19 | Mem:0.00M, Peak:0.00M | Scene, ViewLayer | Synchronizing object | PAYLOAD-base-GEO-fixed-top-frame.003--export
Fra:1 Mem:102.11M (Peak 102.12M) | Time:00:00.19 | Mem:0.00M, Peak:0.00M | Scene, ViewLayer | Synchronizing object | PAYLOAD-base-GEO-lid-support-ledge--export
Fra:1 Mem:102.07M (Peak 102.12M) | Time:00:00.19 | Mem:0.00M, Peak:0.00M | Scene, ViewLayer | Synchronizing object | PAYLOAD-middle-1-1-GEO-rear-hinge-pin--export
Fra:1 Mem:102.16M (Peak 102.16M) | Time:00:00.19 | Mem:0.00M, Peak:0.00M | Scene, ViewLayer | Synchronizing object | PAYLOAD-base-GEO-inset-lid-gasket--export
Fra:1 Mem:102.15M (Peak 102.16M) | Time:00:00.19 | Mem:0.00M, Peak:0.00M | Scene, ViewLayer | Synchronizing object | PAYLOAD-middle-1-1-GEO-lid-toggle.001--export
Fra:1 Mem:102.16M (Peak 102.16M) | Time:00:00.19 | Mem:0.00M, Peak:0.00M | Scene, ViewLayer | Synchronizing object | PAYLOAD-middle-1-1-GEO-lid-latch-leaf.001--export
Fra:1 Mem:102.16M (Peak 102.16M) | Time:00:00.19 | Mem:0.00M, Peak:0.00M | Scene, ViewLayer | Synchronizing object | PAYLOAD-base-GEO-lid-support-ledge.001--export
Fra:1 Mem:102.19M (Peak 102.19M) | Time:00:00.19 | Mem:0.00M, Peak:0.00M | Scene, ViewLayer | Synchronizing object | PAYLOAD-middle-1-1-GEO-lid-toggle--export
Fra:1 Mem:102.21M (Peak 102.21M) | Time:00:00.19 | Mem:0.00M, Peak:0.00M | Scene, ViewLayer | Synchronizing object | PAYLOAD-base-GEO-inset-lid-gasket.001--export
Fra:1 Mem:102.24M (Peak 102.24M) | Time:00:00.19 | Mem:0.00M, Peak:0.00M | Scene, ViewLayer | Synchronizing object | PAYLOAD-middle-1-1-GEO-lid-latch-leaf--export
Fra:1 Mem:102.26M (Peak 102.26M) | Time:00:00.19 | Mem:0.00M, Peak:0.00M | Scene, ViewLayer | Synchronizing object | PAYLOAD-base-GEO-lid-support-ledge.002--export
Fra:1 Mem:102.26M (Peak 102.26M) | Time:00:00.19 | Mem:0.00M, Peak:0.00M | Scene, ViewLayer | Synchronizing object | PAYLOAD-middle-1-1-GEO-lid-cap-end-step.001--export
Fra:1 Mem:102.30M (Peak 102.30M) | Time:00:00.19 | Mem:0.00M, Peak:0.00M | Scene, ViewLayer | Synchronizing object | PAYLOAD-base-GEO-inset-lid-gasket.002--export
Fra:1 Mem:102.28M (Peak 102.30M) | Time:00:00.19 | Mem:0.00M, Peak:0.00M | Scene, ViewLayer | Synchronizing object | PAYLOAD-middle-1-1-GEO-lid-cap-end-step--export
Fra:1 Mem:102.33M (Peak 102.33M) | Time:00:00.19 | Mem:0.00M, Peak:0.00M | Scene, ViewLayer | Synchronizing object | PAYLOAD-base-GEO-lid-support-ledge.003--export
Fra:1 Mem:102.34M (Peak 102.34M) | Time:00:00.19 | Mem:0.00M, Peak:0.00M | Scene, ViewLayer | Synchronizing object | PAYLOAD-middle-1-1-GEO-lid-fitted-cap--export
Fra:1 Mem:102.36M (Peak 102.36M) | Time:00:00.19 | Mem:0.00M, Peak:0.00M | Scene, ViewLayer | Synchronizing object | PAYLOAD-base-GEO-inset-lid-gasket.003--export
Fra:1 Mem:102.38M (Peak 102.38M) | Time:00:00.19 | Mem:0.00M, Peak:0.00M | Scene, ViewLayer | Synchronizing object | PAYLOAD-middle-1-1-GEO-lid-recess-base--export
Fra:1 Mem:102.36M (Peak 102.38M) | Time:00:00.19 | Mem:0.00M, Peak:0.00M | Scene, ViewLayer | Synchronizing object | PAYLOAD-base-GEO-lid-latch-connecting-bridge--export
Fra:1 Mem:102.38M (Peak 102.38M) | Time:00:00.19 | Mem:0.00M, Peak:0.00M | Scene, ViewLayer | Synchronizing object | PAYLOAD-middle-1-1-GEO-lid-shoulder-band.001--export
Fra:1 Mem:102.40M (Peak 102.40M) | Time:00:00.19 | Mem:0.00M, Peak:0.00M | Scene, ViewLayer | Synchronizing object | PAYLOAD-middle-1-1-GEO-lid-shoulder-band--export
Fra:1 Mem:102.45M (Peak 102.45M) | Time:00:00.19 | Mem:0.00M, Peak:0.00M | Scene, ViewLayer | Synchronizing object | PAYLOAD-middle-1-1-GEO-opening-layered-lid--export
Fra:1 Mem:102.46M (Peak 102.46M) | Time:00:00.19 | Mem:0.00M, Peak:0.00M | Scene, ViewLayer | Synchronizing object | PAYLOAD-base-GEO-lid-latch-connecting-bridge.001--export
Fra:1 Mem:102.49M (Peak 102.49M) | Time:00:00.19 | Mem:0.00M, Peak:0.00M | Scene, ViewLayer | Synchronizing object | PAYLOAD-middle-1-1-GEO-stepped-corner-armor.007--export
Fra:1 Mem:102.49M (Peak 102.49M) | Time:00:00.19 | Mem:0.00M, Peak:0.00M | Scene, ViewLayer | Synchronizing object | PAYLOAD-base-GEO-fixed-rear-hinge-saddle--export
Fra:1 Mem:102.50M (Peak 102.50M) | Time:00:00.19 | Mem:0.00M, Peak:0.00M | Scene, ViewLayer | Synchronizing object | PAYLOAD-middle-1-1-GEO-stepped-corner-armor.006--export
Fra:1 Mem:102.54M (Peak 102.54M) | Time:00:00.19 | Mem:0.00M, Peak:0.00M | Scene, ViewLayer | Synchronizing object | PAYLOAD-base-GEO-fixed-rear-hinge-saddle.001--export
Fra:1 Mem:102.52M (Peak 102.54M) | Time:00:00.19 | Mem:0.00M, Peak:0.00M | Scene, ViewLayer | Synchronizing object | PAYLOAD-middle-1-1-GEO-corner-load-column.003--export
Fra:1 Mem:102.57M (Peak 102.57M) | Time:00:00.19 | Mem:0.00M, Peak:0.00M | Scene, ViewLayer | Synchronizing object | PAYLOAD-middle-1-1-GEO-stepped-corner-armor.005--export
Fra:1 Mem:102.58M (Peak 102.58M) | Time:00:00.19 | Mem:0.00M, Peak:0.00M | Scene, ViewLayer | Synchronizing object | PAYLOAD-base-GEO-fixed-rear-hinge-saddle.002--export
Fra:1 Mem:102.60M (Peak 102.60M) | Time:00:00.19 | Mem:0.00M, Peak:0.00M | Scene, ViewLayer | Synchronizing object | PAYLOAD-middle-1-1-GEO-stepped-corner-armor.004--export
Fra:1 Mem:102.62M (Peak 102.62M) | Time:00:00.19 | Mem:0.00M, Peak:0.00M | Scene, ViewLayer | Synchronizing object | PAYLOAD-base-GEO-fixed-rear-hinge-saddle.003--export
Fra:1 Mem:102.60M (Peak 102.62M) | Time:00:00.19 | Mem:0.00M, Peak:0.00M | Scene, ViewLayer | Synchronizing object | PAYLOAD-middle-1-1-GEO-corner-load-column.002--export
Fra:1 Mem:102.65M (Peak 102.65M) | Time:00:00.19 | Mem:0.00M, Peak:0.00M | Scene, ViewLayer | Synchronizing object | PAYLOAD-middle-1-1-GEO-stepped-corner-armor.003--export
Fra:1 Mem:102.64M (Peak 102.65M) | Time:00:00.19 | Mem:0.00M, Peak:0.00M | Scene, ViewLayer | Synchronizing object | PAYLOAD-middle-0-0-GEO-load-skid--export
Fra:1 Mem:102.69M (Peak 102.69M) | Time:00:00.19 | Mem:0.00M, Peak:0.00M | Scene, ViewLayer | Synchronizing object | PAYLOAD-middle-1-1-GEO-stepped-corner-armor.002--export
Fra:1 Mem:102.69M (Peak 102.69M) | Time:00:00.19 | Mem:0.00M, Peak:0.00M | Scene, ViewLayer | Synchronizing object | PAYLOAD-middle-0-0-GEO-load-skid.001--export
Fra:1 Mem:102.72M (Peak 102.72M) | Time:00:00.19 | Mem:0.00M, Peak:0.00M | Scene, ViewLayer | Synchronizing object | PAYLOAD-middle-1-1-GEO-corner-load-column.001--export
Fra:1 Mem:102.71M (Peak 102.72M) | Time:00:00.19 | Mem:0.00M, Peak:0.00M | Scene, ViewLayer | Synchronizing object | PAYLOAD-middle-0-0-GEO-crossmember--export
Fra:1 Mem:102.76M (Peak 102.76M) | Time:00:00.19 | Mem:0.00M, Peak:0.00M | Scene, ViewLayer | Synchronizing object | PAYLOAD-middle-0-0-GEO-crossmember.001--export
Fra:1 Mem:102.77M (Peak 102.77M) | Time:00:00.19 | Mem:0.00M, Peak:0.00M | Scene, ViewLayer | Synchronizing object | PAYLOAD-middle-1-1-GEO-stepped-corner-armor.001--export
Fra:1 Mem:102.78M (Peak 102.78M) | Time:00:00.19 | Mem:0.00M, Peak:0.00M | Scene, ViewLayer | Synchronizing object | PAYLOAD-middle-0-0-GEO-40mm-locating-foot--export
Fra:1 Mem:102.81M (Peak 102.81M) | Time:00:00.19 | Mem:0.00M, Peak:0.00M | Scene, ViewLayer | Synchronizing object | PAYLOAD-middle-1-1-GEO-stepped-corner-armor--export
Fra:1 Mem:102.79M (Peak 102.81M) | Time:00:00.19 | Mem:0.00M, Peak:0.00M | Scene, ViewLayer | Synchronizing object | PAYLOAD-middle-0-0-GEO-40mm-locating-foot.001--export
Fra:1 Mem:102.84M (Peak 102.84M) | Time:00:00.19 | Mem:0.00M, Peak:0.00M | Scene, ViewLayer | Synchronizing object | PAYLOAD-middle-0-0-GEO-40mm-locating-foot.002--export
Fra:1 Mem:102.85M (Peak 102.85M) | Time:00:00.19 | Mem:0.00M, Peak:0.00M | Scene, ViewLayer | Synchronizing object | PAYLOAD-middle-1-1-GEO-corner-load-column--export
Fra:1 Mem:102.86M (Peak 102.86M) | Time:00:00.19 | Mem:0.00M, Peak:0.00M | Scene, ViewLayer | Synchronizing object | PAYLOAD-middle-0-0-GEO-40mm-locating-foot.003--export
Fra:1 Mem:102.87M (Peak 102.87M) | Time:00:00.19 | Mem:0.00M, Peak:0.00M | Scene, ViewLayer | Synchronizing object | PAYLOAD-middle-1-1-GEO-closed-front-wall--export
Fra:1 Mem:102.90M (Peak 102.90M) | Time:00:00.19 | Mem:0.00M, Peak:0.00M | Scene, ViewLayer | Synchronizing object | PAYLOAD-middle-0-0-GEO-sealed-floor--export
Fra:1 Mem:102.92M (Peak 102.92M) | Time:00:00.19 | Mem:0.00M, Peak:0.00M | Scene, ViewLayer | Synchronizing object | PAYLOAD-middle-1-1-GEO-closed-rear-wall--export
Fra:1 Mem:102.94M (Peak 102.94M) | Time:00:00.19 | Mem:0.00M, Peak:0.00M | Scene, ViewLayer | Synchronizing object | PAYLOAD-middle-0-0-GEO-closed-side-wall--export
Fra:1 Mem:102.93M (Peak 102.94M) | Time:00:00.19 | Mem:0.00M, Peak:0.00M | Scene, ViewLayer | Synchronizing object | PAYLOAD-middle-1-1-GEO-closed-side-wall.001--export
Fra:1 Mem:102.98M (Peak 102.98M) | Time:00:00.19 | Mem:0.00M, Peak:0.00M | Scene, ViewLayer | Synchronizing object | PAYLOAD-middle-0-0-GEO-closed-side-wall.001--export
Fra:1 Mem:102.96M (Peak 102.98M) | Time:00:00.19 | Mem:0.00M, Peak:0.00M | Scene, ViewLayer | Synchronizing object | PAYLOAD-middle-1-1-GEO-closed-side-wall--export
Fra:1 Mem:103.01M (Peak 103.01M) | Time:00:00.19 | Mem:0.00M, Peak:0.00M | Scene, ViewLayer | Synchronizing object | PAYLOAD-middle-0-0-GEO-closed-rear-wall--export
Fra:1 Mem:103.00M (Peak 103.01M) | Time:00:00.19 | Mem:0.00M, Peak:0.00M | Scene, ViewLayer | Synchronizing object | PAYLOAD-middle-1-1-GEO-sealed-floor--export
Fra:1 Mem:103.02M (Peak 103.02M) | Time:00:00.19 | Mem:0.00M, Peak:0.00M | Scene, ViewLayer | Synchronizing object | PAYLOAD-middle-1-1-GEO-40mm-locating-foot.003--export
Fra:1 Mem:103.02M (Peak 103.02M) | Time:00:00.19 | Mem:0.00M, Peak:0.00M | Scene, ViewLayer | Synchronizing object | PAYLOAD-middle-0-0-GEO-closed-front-wall--export
Fra:1 Mem:103.08M (Peak 103.08M) | Time:00:00.19 | Mem:0.00M, Peak:0.00M | Scene, ViewLayer | Synchronizing object | PAYLOAD-middle-1-1-GEO-40mm-locating-foot.002--export
Fra:1 Mem:103.07M (Peak 103.08M) | Time:00:00.19 | Mem:0.00M, Peak:0.00M | Scene, ViewLayer | Synchronizing object | PAYLOAD-middle-0-0-GEO-corner-load-column--export
Fra:1 Mem:103.12M (Peak 103.12M) | Time:00:00.19 | Mem:0.00M, Peak:0.00M | Scene, ViewLayer | Synchronizing object | PAYLOAD-middle-1-1-GEO-40mm-locating-foot.001--export
Fra:1 Mem:103.10M (Peak 103.12M) | Time:00:00.19 | Mem:0.00M, Peak:0.00M | Scene, ViewLayer | Synchronizing object | PAYLOAD-middle-0-0-GEO-stepped-corner-armor--export
Fra:1 Mem:103.15M (Peak 103.15M) | Time:00:00.19 | Mem:0.00M, Peak:0.00M | Scene, ViewLayer | Synchronizing object | PAYLOAD-middle-1-1-GEO-40mm-locating-foot--export
Fra:1 Mem:103.14M (Peak 103.15M) | Time:00:00.19 | Mem:0.00M, Peak:0.00M | Scene, ViewLayer | Synchronizing object | PAYLOAD-middle-0-0-GEO-stepped-corner-armor.001--export
Fra:1 Mem:103.19M (Peak 103.19M) | Time:00:00.19 | Mem:0.00M, Peak:0.00M | Scene, ViewLayer | Synchronizing object | PAYLOAD-middle-1-1-GEO-crossmember.001--export
Fra:1 Mem:103.19M (Peak 103.19M) | Time:00:00.19 | Mem:0.00M, Peak:0.00M | Scene, ViewLayer | Synchronizing object | PAYLOAD-middle-0-0-GEO-corner-load-column.001--export
Fra:1 Mem:103.21M (Peak 103.21M) | Time:00:00.19 | Mem:0.00M, Peak:0.00M | Scene, ViewLayer | Synchronizing object | PAYLOAD-middle-1-1-GEO-crossmember--export
Fra:1 Mem:103.24M (Peak 103.24M) | Time:00:00.19 | Mem:0.00M, Peak:0.00M | Scene, ViewLayer | Synchronizing object | PAYLOAD-middle-1-1-GEO-load-skid.001--export
Fra:1 Mem:103.25M (Peak 103.25M) | Time:00:00.19 | Mem:0.00M, Peak:0.00M | Scene, ViewLayer | Synchronizing object | PAYLOAD-middle-0-0-GEO-stepped-corner-armor.002--export
Fra:1 Mem:103.27M (Peak 103.27M) | Time:00:00.19 | Mem:0.00M, Peak:0.00M | Scene, ViewLayer | Synchronizing object | PAYLOAD-middle-1-1-GEO-load-skid--export
Fra:1 Mem:103.29M (Peak 103.29M) | Time:00:00.19 | Mem:0.00M, Peak:0.00M | Scene, ViewLayer | Synchronizing object | PAYLOAD-middle-0-0-GEO-stepped-corner-armor.003--export
Fra:1 Mem:103.29M (Peak 103.29M) | Time:00:00.19 | Mem:0.00M, Peak:0.00M | Scene, ViewLayer | Synchronizing object | PAYLOAD-middle-1-0-GEO-fixed-rear-hinge-saddle.003--export
Fra:1 Mem:103.32M (Peak 103.32M) | Time:00:00.19 | Mem:0.00M, Peak:0.00M | Scene, ViewLayer | Synchronizing object | PAYLOAD-middle-0-0-GEO-corner-load-column.002--export
Fra:1 Mem:103.33M (Peak 103.33M) | Time:00:00.19 | Mem:0.00M, Peak:0.00M | Scene, ViewLayer | Synchronizing object | PAYLOAD-middle-1-0-GEO-fixed-rear-hinge-saddle.002--export
Fra:1 Mem:103.36M (Peak 103.36M) | Time:00:00.19 | Mem:0.00M, Peak:0.00M | Scene, ViewLayer | Synchronizing object | PAYLOAD-middle-0-0-GEO-stepped-corner-armor.004--export
Fra:1 Mem:103.34M (Peak 103.36M) | Time:00:00.19 | Mem:0.00M, Peak:0.00M | Scene, ViewLayer | Synchronizing object | PAYLOAD-middle-1-0-GEO-fixed-rear-hinge-saddle.001--export
Fra:1 Mem:103.39M (Peak 103.39M) | Time:00:00.19 | Mem:0.00M, Peak:0.00M | Scene, ViewLayer | Synchronizing object | PAYLOAD-middle-0-0-GEO-stepped-corner-armor.005--export
Fra:1 Mem:103.37M (Peak 103.39M) | Time:00:00.19 | Mem:0.00M, Peak:0.00M | Scene, ViewLayer | Synchronizing object | PAYLOAD-middle-1-0-GEO-fixed-rear-hinge-saddle--export
Fra:1 Mem:103.41M (Peak 103.41M) | Time:00:00.19 | Mem:0.00M, Peak:0.00M | Scene, ViewLayer | Synchronizing object | PAYLOAD-middle-0-0-GEO-corner-load-column.003--export
Fra:1 Mem:103.43M (Peak 103.43M) | Time:00:00.19 | Mem:0.00M, Peak:0.00M | Scene, ViewLayer | Synchronizing object | PAYLOAD-middle-1-0-GEO-lid-latch-connecting-bridge.001--export
Fra:1 Mem:103.46M (Peak 103.46M) | Time:00:00.19 | Mem:0.00M, Peak:0.00M | Scene, ViewLayer | Synchronizing object | PAYLOAD-middle-0-0-GEO-stepped-corner-armor.006--export
Fra:1 Mem:103.46M (Peak 103.46M) | Time:00:00.19 | Mem:0.00M, Peak:0.00M | Scene, ViewLayer | Synchronizing object | PAYLOAD-middle-1-0-GEO-lid-latch-connecting-bridge--export
Fra:1 Mem:103.49M (Peak 103.49M) | Time:00:00.19 | Mem:0.00M, Peak:0.00M | Scene, ViewLayer | Synchronizing object | PAYLOAD-middle-0-0-GEO-stepped-corner-armor.007--export
Fra:1 Mem:103.51M (Peak 103.51M) | Time:00:00.19 | Mem:0.00M, Peak:0.00M | Scene, ViewLayer | Synchronizing object | PAYLOAD-middle-1-0-GEO-inset-lid-gasket.003--export
Fra:1 Mem:103.52M (Peak 103.52M) | Time:00:00.19 | Mem:0.00M, Peak:0.00M | Scene, ViewLayer | Synchronizing object | PAYLOAD-middle-0-0-GEO-opening-layered-lid--export
Fra:1 Mem:103.55M (Peak 103.55M) | Time:00:00.19 | Mem:0.00M, Peak:0.00M | Scene, ViewLayer | Synchronizing object | PAYLOAD-middle-1-0-GEO-lid-support-ledge.003--export
Fra:1 Mem:103.55M (Peak 103.55M) | Time:00:00.19 | Mem:0.00M, Peak:0.00M | Scene, ViewLayer | Synchronizing object | PAYLOAD-middle-0-0-GEO-lid-shoulder-band--export
Fra:1 Mem:103.58M (Peak 103.58M) | Time:00:00.19 | Mem:0.00M, Peak:0.00M | Scene, ViewLayer | Synchronizing object | PAYLOAD-middle-1-0-GEO-inset-lid-gasket.002--export
Fra:1 Mem:103.56M (Peak 103.58M) | Time:00:00.19 | Mem:0.00M, Peak:0.00M | Scene, ViewLayer | Synchronizing object | PAYLOAD-middle-0-0-GEO-lid-shoulder-band.001--export
Fra:1 Mem:103.61M (Peak 103.61M) | Time:00:00.19 | Mem:0.00M, Peak:0.00M | Scene, ViewLayer | Synchronizing object | PAYLOAD-middle-1-0-GEO-lid-support-ledge.002--export
Fra:1 Mem:103.62M (Peak 103.62M) | Time:00:00.19 | Mem:0.00M, Peak:0.00M | Scene, ViewLayer | Synchronizing object | PAYLOAD-middle-0-0-GEO-lid-recess-base--export
Fra:1 Mem:103.65M (Peak 103.65M) | Time:00:00.19 | Mem:0.00M, Peak:0.00M | Scene, ViewLayer | Synchronizing object | PAYLOAD-middle-1-0-GEO-inset-lid-gasket.001--export
Fra:1 Mem:103.66M (Peak 103.66M) | Time:00:00.19 | Mem:0.00M, Peak:0.00M | Scene, ViewLayer | Synchronizing object | PAYLOAD-middle-0-0-GEO-lid-fitted-cap--export
Fra:1 Mem:103.65M (Peak 103.66M) | Time:00:00.19 | Mem:0.00M, Peak:0.00M | Scene, ViewLayer | Synchronizing object | PAYLOAD-middle-1-0-GEO-lid-support-ledge.001--export
Fra:1 Mem:103.69M (Peak 103.69M) | Time:00:00.19 | Mem:0.00M, Peak:0.00M | Scene, ViewLayer | Synchronizing object | PAYLOAD-middle-1-0-GEO-inset-lid-gasket--export
Fra:1 Mem:103.68M (Peak 103.69M) | Time:00:00.19 | Mem:0.00M, Peak:0.00M | Scene, ViewLayer | Synchronizing object | PAYLOAD-middle-0-0-GEO-lid-cap-end-step--export
Fra:1 Mem:103.73M (Peak 103.73M) | Time:00:00.19 | Mem:0.00M, Peak:0.00M | Scene, ViewLayer | Synchronizing object | PAYLOAD-middle-1-0-GEO-lid-support-ledge--export
Fra:1 Mem:103.75M (Peak 103.75M) | Time:00:00.19 | Mem:0.00M, Peak:0.00M | Scene, ViewLayer | Synchronizing object | PAYLOAD-middle-0-0-GEO-lid-cap-end-step.001--export
Fra:1 Mem:103.73M (Peak 103.75M) | Time:00:00.19 | Mem:0.00M, Peak:0.00M | Scene, ViewLayer | Synchronizing object | PAYLOAD-middle-1-0-GEO-fixed-top-frame.003--export
Fra:1 Mem:103.76M (Peak 103.76M) | Time:00:00.19 | Mem:0.00M, Peak:0.00M | Scene, ViewLayer | Synchronizing object | PAYLOAD-middle-1-0-GEO-fixed-top-frame.002--export
Fra:1 Mem:103.78M (Peak 103.78M) | Time:00:00.19 | Mem:0.00M, Peak:0.00M | Scene, ViewLayer | Synchronizing object | PAYLOAD-middle-0-0-GEO-lid-latch-leaf--export
Fra:1 Mem:103.78M (Peak 103.78M) | Time:00:00.19 | Mem:0.00M, Peak:0.00M | Scene, ViewLayer | Synchronizing object | PAYLOAD-middle-1-0-GEO-fixed-top-frame.001--export
Fra:1 Mem:103.84M (Peak 103.84M) | Time:00:00.19 | Mem:0.00M, Peak:0.00M | Scene, ViewLayer | Synchronizing object | PAYLOAD-middle-1-0-GEO-fixed-top-frame--export
Fra:1 Mem:103.85M (Peak 103.85M) | Time:00:00.19 | Mem:0.00M, Peak:0.00M | Scene, ViewLayer | Synchronizing object | PAYLOAD-middle-0-0-GEO-lid-toggle--export
Fra:1 Mem:103.85M (Peak 103.85M) | Time:00:00.19 | Mem:0.00M, Peak:0.00M | Scene, ViewLayer | Synchronizing object | PAYLOAD-middle-1-0-GEO-marking-STA / S--export
Fra:1 Mem:103.87M (Peak 103.87M) | Time:00:00.19 | Mem:0.00M, Peak:0.00M | Scene, ViewLayer | Synchronizing object | PAYLOAD-middle-0-0-GEO-lid-latch-leaf.001--export
Fra:1 Mem:104.10M (Peak 104.10M) | Time:00:00.19 | Mem:0.00M, Peak:0.00M | Scene, ViewLayer | Synchronizing object | PAYLOAD-middle-0-0-GEO-lid-toggle.001--export
Fra:1 Mem:104.18M (Peak 104.18M) | Time:00:00.19 | Mem:0.00M, Peak:0.00M | Scene, ViewLayer | Synchronizing object | PAYLOAD-middle-0-0-GEO-rear-hinge-pin--export
Fra:1 Mem:104.23M (Peak 104.23M) | Time:00:00.19 | Mem:0.00M, Peak:0.00M | Scene, ViewLayer | Synchronizing object | PAYLOAD-middle-0-0-GEO-rear-hinge-pin.001--export
Fra:1 Mem:104.15M (Peak 104.23M) | Time:00:00.19 | Mem:0.00M, Peak:0.00M | Scene, ViewLayer | Synchronizing object | PAYLOAD-middle-0-0-GEO-side-inset-backing--export
Fra:1 Mem:104.32M (Peak 104.32M) | Time:00:00.19 | Mem:0.00M, Peak:0.00M | Scene, ViewLayer | Synchronizing object | PAYLOAD-middle-0-0-GEO-fitted-side-panel--export
Fra:1 Mem:104.16M (Peak 104.32M) | Time:00:00.19 | Mem:0.00M, Peak:0.00M | Scene, ViewLayer | Synchronizing object | PAYLOAD-middle-1-0-GEO-44mm-clear-stack-receiver.015--export
Fra:1 Mem:104.16M (Peak 104.32M) | Time:00:00.19 | Mem:0.00M, Peak:0.00M | Scene, ViewLayer | Synchronizing object | PAYLOAD-middle-0-0-GEO-grip-backing--export
Fra:1 Mem:104.20M (Peak 104.32M) | Time:00:00.19 | Mem:0.00M, Peak:0.00M | Scene, ViewLayer | Synchronizing object | PAYLOAD-middle-0-0-GEO-grip-support--export
Fra:1 Mem:104.19M (Peak 104.32M) | Time:00:00.19 | Mem:0.00M, Peak:0.00M | Scene, ViewLayer | Synchronizing object | PAYLOAD-middle-1-0-GEO-44mm-clear-stack-receiver.014--export
Fra:1 Mem:104.25M (Peak 104.32M) | Time:00:00.19 | Mem:0.00M, Peak:0.00M | Scene, ViewLayer | Synchronizing object | PAYLOAD-middle-0-0-GEO-grip-support.001--export
Fra:1 Mem:104.23M (Peak 104.32M) | Time:00:00.19 | Mem:0.00M, Peak:0.00M | Scene, ViewLayer | Synchronizing object | PAYLOAD-middle-1-0-GEO-44mm-clear-stack-receiver.013--export
Fra:1 Mem:104.29M (Peak 104.32M) | Time:00:00.19 | Mem:0.00M, Peak:0.00M | Scene, ViewLayer | Synchronizing object | PAYLOAD-middle-0-0-GEO-glove-grip--export
Fra:1 Mem:104.27M (Peak 104.32M) | Time:00:00.19 | Mem:0.00M, Peak:0.00M | Scene, ViewLayer | Synchronizing object | PAYLOAD-middle-1-0-GEO-44mm-clear-stack-receiver.012--export
Fra:1 Mem:104.37M (Peak 104.37M) | Time:00:00.19 | Mem:0.00M, Peak:0.00M | Scene, ViewLayer | Synchronizing object | PAYLOAD-middle-1-0-GEO-stack-receiver-base.003--export
Fra:1 Mem:104.37M (Peak 104.37M) | Time:00:00.19 | Mem:0.00M, Peak:0.00M | Scene, ViewLayer | Synchronizing object | PAYLOAD-middle-1-0-GEO-44mm-clear-stack-receiver.011--export
Fra:1 Mem:104.37M (Peak 104.37M) | Time:00:00.19 | Mem:0.00M, Peak:0.00M | Scene, ViewLayer | Synchronizing object | PAYLOAD-middle-0-0-GEO-service-cartridge--export
Fra:1 Mem:104.35M (Peak 104.37M) | Time:00:00.19 | Mem:0.00M, Peak:0.00M | Scene, ViewLayer | Synchronizing object | PAYLOAD-middle-1-0-GEO-44mm-clear-stack-receiver.010--export
Fra:1 Mem:104.40M (Peak 104.40M) | Time:00:00.19 | Mem:0.00M, Peak:0.00M | Scene, ViewLayer | Synchronizing object | PAYLOAD-middle-1-0-GEO-44mm-clear-stack-receiver.009--export
Fra:1 Mem:104.39M (Peak 104.40M) | Time:00:00.19 | Mem:0.00M, Peak:0.00M | Scene, ViewLayer | Synchronizing object | PAYLOAD-middle-0-0-GEO-side-inset-backing.001--export
Fra:1 Mem:104.44M (Peak 104.44M) | Time:00:00.19 | Mem:0.00M, Peak:0.00M | Scene, ViewLayer | Synchronizing object | PAYLOAD-middle-1-0-GEO-44mm-clear-stack-receiver.008--export
Fra:1 Mem:104.46M (Peak 104.46M) | Time:00:00.19 | Mem:0.00M, Peak:0.00M | Scene, ViewLayer | Synchronizing object | PAYLOAD-middle-1-0-GEO-stack-receiver-base.002--export
Fra:1 Mem:104.45M (Peak 104.46M) | Time:00:00.19 | Mem:0.00M, Peak:0.00M | Scene, ViewLayer | Synchronizing object | PAYLOAD-middle-0-0-GEO-fitted-side-panel.001--export
Fra:1 Mem:104.52M (Peak 104.52M) | Time:00:00.19 | Mem:0.00M, Peak:0.00M | Scene, ViewLayer | Synchronizing object | PAYLOAD-middle-1-0-GEO-44mm-clear-stack-receiver.007--export
Fra:1 Mem:104.52M (Peak 104.52M) | Time:00:00.19 | Mem:0.00M, Peak:0.00M | Scene, ViewLayer | Synchronizing object | PAYLOAD-middle-0-0-GEO-grip-backing.001--export
Fra:1 Mem:104.54M (Peak 104.54M) | Time:00:00.19 | Mem:0.00M, Peak:0.00M | Scene, ViewLayer | Synchronizing object | PAYLOAD-middle-1-0-GEO-44mm-clear-stack-receiver.006--export
Fra:1 Mem:104.54M (Peak 104.54M) | Time:00:00.19 | Mem:0.00M, Peak:0.00M | Scene, ViewLayer | Synchronizing object | PAYLOAD-middle-0-0-GEO-grip-support.002--export
Fra:1 Mem:104.59M (Peak 104.59M) | Time:00:00.19 | Mem:0.00M, Peak:0.00M | Scene, ViewLayer | Synchronizing object | PAYLOAD-middle-1-0-GEO-44mm-clear-stack-receiver.005--export
Fra:1 Mem:104.57M (Peak 104.59M) | Time:00:00.19 | Mem:0.00M, Peak:0.00M | Scene, ViewLayer | Synchronizing object | PAYLOAD-middle-0-0-GEO-grip-support.003--export
Fra:1 Mem:104.60M (Peak 104.60M) | Time:00:00.19 | Mem:0.00M, Peak:0.00M | Scene, ViewLayer | Synchronizing object | PAYLOAD-middle-0-0-GEO-glove-grip.001--export
Fra:1 Mem:104.61M (Peak 104.61M) | Time:00:00.19 | Mem:0.00M, Peak:0.00M | Scene, ViewLayer | Synchronizing object | PAYLOAD-middle-1-0-GEO-44mm-clear-stack-receiver.004--export
Fra:1 Mem:104.67M (Peak 104.67M) | Time:00:00.19 | Mem:0.00M, Peak:0.00M | Scene, ViewLayer | Synchronizing object | PAYLOAD-middle-1-0-GEO-stack-receiver-base.001--export
Fra:1 Mem:104.70M (Peak 104.70M) | Time:00:00.19 | Mem:0.00M, Peak:0.00M | Scene, ViewLayer | Synchronizing object | PAYLOAD-middle-0-0-GEO-service-cartridge.001--export
Fra:1 Mem:104.70M (Peak 104.70M) | Time:00:00.19 | Mem:0.00M, Peak:0.00M | Scene, ViewLayer | Synchronizing object | PAYLOAD-middle-1-0-GEO-44mm-clear-stack-receiver.003--export
Fra:1 Mem:104.73M (Peak 104.73M) | Time:00:00.19 | Mem:0.00M, Peak:0.00M | Scene, ViewLayer | Synchronizing object | PAYLOAD-middle-0-0-GEO-front-inset--export
Fra:1 Mem:104.71M (Peak 104.73M) | Time:00:00.19 | Mem:0.00M, Peak:0.00M | Scene, ViewLayer | Synchronizing object | PAYLOAD-middle-1-0-GEO-44mm-clear-stack-receiver.002--export
Fra:1 Mem:104.80M (Peak 104.80M) | Time:00:00.19 | Mem:0.00M, Peak:0.00M | Scene, ViewLayer | Synchronizing object | PAYLOAD-middle-1-0-GEO-44mm-clear-stack-receiver.001--export
Fra:1 Mem:104.82M (Peak 104.82M) | Time:00:00.19 | Mem:0.00M, Peak:0.00M | Scene, ViewLayer | Synchronizing object | PAYLOAD-middle-1-0-GEO-44mm-clear-stack-receiver--export
Fra:1 Mem:104.80M (Peak 104.82M) | Time:00:00.19 | Mem:0.00M, Peak:0.00M | Scene, ViewLayer | Synchronizing object | PAYLOAD-middle-0-0-GEO-front-fitted-panel--export
Fra:1 Mem:104.84M (Peak 104.84M) | Time:00:00.19 | Mem:0.00M, Peak:0.00M | Scene, ViewLayer | Synchronizing object | PAYLOAD-middle-1-0-GEO-stack-receiver-base--export
Fra:1 Mem:104.86M (Peak 104.86M) | Time:00:00.19 | Mem:0.00M, Peak:0.00M | Scene, ViewLayer | Synchronizing object | PAYLOAD-middle-1-0-GEO-front-fitted-panel--export
Fra:1 Mem:104.93M (Peak 104.93M) | Time:00:00.19 | Mem:0.00M, Peak:0.00M | Scene, ViewLayer | Synchronizing object | PAYLOAD-middle-0-0-GEO-stack-receiver-base--export
Fra:1 Mem:104.89M (Peak 104.93M) | Time:00:00.19 | Mem:0.00M, Peak:0.00M | Scene, ViewLayer | Synchronizing object | PAYLOAD-middle-1-0-GEO-front-inset--export
Fra:1 Mem:104.96M (Peak 104.96M) | Time:00:00.19 | Mem:0.00M, Peak:0.00M | Scene, ViewLayer | Synchronizing object | PAYLOAD-middle-0-0-GEO-44mm-clear-stack-receiver--export
Fra:1 Mem:104.98M (Peak 104.98M) | Time:00:00.19 | Mem:0.00M, Peak:0.00M | Scene, ViewLayer | Synchronizing object | PAYLOAD-middle-0-0-GEO-44mm-clear-stack-receiver.001--export
Fra:1 Mem:104.95M (Peak 104.98M) | Time:00:00.19 | Mem:0.00M, Peak:0.00M | Scene, ViewLayer | Synchronizing object | PAYLOAD-middle-1-0-GEO-service-cartridge.001--export
Fra:1 Mem:105.01M (Peak 105.01M) | Time:00:00.19 | Mem:0.00M, Peak:0.00M | Scene, ViewLayer | Synchronizing object | PAYLOAD-middle-0-0-GEO-44mm-clear-stack-receiver.002--export
Fra:1 Mem:105.01M (Peak 105.01M) | Time:00:00.19 | Mem:0.00M, Peak:0.00M | Scene, ViewLayer | Synchronizing object | PAYLOAD-middle-1-0-GEO-glove-grip.001--export
Fra:1 Mem:105.09M (Peak 105.09M) | Time:00:00.19 | Mem:0.00M, Peak:0.00M | Scene, ViewLayer | Synchronizing object | PAYLOAD-middle-0-0-GEO-44mm-clear-stack-receiver.003--export
Fra:1 Mem:105.09M (Peak 105.09M) | Time:00:00.19 | Mem:0.00M, Peak:0.00M | Scene, ViewLayer | Synchronizing object | PAYLOAD-middle-0-0-GEO-stack-receiver-base.001--export
Fra:1 Mem:105.09M (Peak 105.09M) | Time:00:00.19 | Mem:0.00M, Peak:0.00M | Scene, ViewLayer | Synchronizing object | PAYLOAD-middle-1-0-GEO-grip-support.003--export
Fra:1 Mem:105.07M (Peak 105.09M) | Time:00:00.19 | Mem:0.00M, Peak:0.00M | Scene, ViewLayer | Synchronizing object | PAYLOAD-middle-0-0-GEO-44mm-clear-stack-receiver.004--export
Fra:1 Mem:105.13M (Peak 105.13M) | Time:00:00.19 | Mem:0.00M, Peak:0.00M | Scene, ViewLayer | Synchronizing object | PAYLOAD-middle-0-0-GEO-44mm-clear-stack-receiver.005--export
Fra:1 Mem:105.13M (Peak 105.13M) | Time:00:00.20 | Mem:0.00M, Peak:0.00M | Scene, ViewLayer | Synchronizing object | PAYLOAD-middle-1-0-GEO-grip-support.002--export
Fra:1 Mem:105.15M (Peak 105.15M) | Time:00:00.20 | Mem:0.00M, Peak:0.00M | Scene, ViewLayer | Synchronizing object | PAYLOAD-middle-0-0-GEO-44mm-clear-stack-receiver.006--export
Fra:1 Mem:105.18M (Peak 105.18M) | Time:00:00.20 | Mem:0.00M, Peak:0.00M | Scene, ViewLayer | Synchronizing object | PAYLOAD-middle-1-0-GEO-grip-backing.001--export
Fra:1 Mem:105.16M (Peak 105.18M) | Time:00:00.20 | Mem:0.00M, Peak:0.00M | Scene, ViewLayer | Synchronizing object | PAYLOAD-middle-0-0-GEO-44mm-clear-stack-receiver.007--export
Fra:1 Mem:105.21M (Peak 105.21M) | Time:00:00.20 | Mem:0.00M, Peak:0.00M | Scene, ViewLayer | Synchronizing object | PAYLOAD-middle-1-0-GEO-fitted-side-panel.001--export
Fra:1 Mem:105.19M (Peak 105.21M) | Time:00:00.20 | Mem:0.00M, Peak:0.00M | Scene, ViewLayer | Synchronizing object | PAYLOAD-middle-0-0-GEO-stack-receiver-base.002--export
Fra:1 Mem:105.25M (Peak 105.25M) | Time:00:00.20 | Mem:0.00M, Peak:0.00M | Scene, ViewLayer | Synchronizing object | PAYLOAD-middle-0-0-GEO-44mm-clear-stack-receiver.008--export
Fra:1 Mem:105.25M (Peak 105.25M) | Time:00:00.20 | Mem:0.00M, Peak:0.00M | Scene, ViewLayer | Synchronizing object | PAYLOAD-middle-1-0-GEO-side-inset-backing.001--export
Fra:1 Mem:105.26M (Peak 105.26M) | Time:00:00.20 | Mem:0.00M, Peak:0.00M | Scene, ViewLayer | Synchronizing object | PAYLOAD-middle-0-0-GEO-44mm-clear-stack-receiver.009--export
Fra:1 Mem:105.35M (Peak 105.35M) | Time:00:00.20 | Mem:0.00M, Peak:0.00M | Scene, ViewLayer | Synchronizing object | PAYLOAD-middle-0-0-GEO-44mm-clear-stack-receiver.010--export
Fra:1 Mem:105.35M (Peak 105.35M) | Time:00:00.20 | Mem:0.00M, Peak:0.00M | Scene, ViewLayer | Synchronizing object | PAYLOAD-middle-1-0-GEO-service-cartridge--export
Fra:1 Mem:105.33M (Peak 105.35M) | Time:00:00.20 | Mem:0.00M, Peak:0.00M | Scene, ViewLayer | Synchronizing object | PAYLOAD-middle-0-0-GEO-44mm-clear-stack-receiver.011--export
Fra:1 Mem:105.38M (Peak 105.38M) | Time:00:00.20 | Mem:0.00M, Peak:0.00M | Scene, ViewLayer | Synchronizing object | PAYLOAD-middle-1-0-GEO-glove-grip--export
Fra:1 Mem:105.36M (Peak 105.38M) | Time:00:00.20 | Mem:0.00M, Peak:0.00M | Scene, ViewLayer | Synchronizing object | PAYLOAD-middle-0-0-GEO-stack-receiver-base.003--export
Fra:1 Mem:105.42M (Peak 105.42M) | Time:00:00.20 | Mem:0.00M, Peak:0.00M | Scene, ViewLayer | Synchronizing object | PAYLOAD-middle-0-0-GEO-44mm-clear-stack-receiver.012--export
Fra:1 Mem:105.45M (Peak 105.45M) | Time:00:00.20 | Mem:0.00M, Peak:0.00M | Scene, ViewLayer | Synchronizing object | PAYLOAD-middle-1-0-GEO-grip-support.001--export
Fra:1 Mem:105.43M (Peak 105.45M) | Time:00:00.20 | Mem:0.00M, Peak:0.00M | Scene, ViewLayer | Synchronizing object | PAYLOAD-middle-0-0-GEO-44mm-clear-stack-receiver.013--export
Fra:1 Mem:105.49M (Peak 105.49M) | Time:00:00.20 | Mem:0.00M, Peak:0.00M | Scene, ViewLayer | Synchronizing object | PAYLOAD-middle-1-0-GEO-grip-support--export
Fra:1 Mem:105.47M (Peak 105.49M) | Time:00:00.20 | Mem:0.00M, Peak:0.00M | Scene, ViewLayer | Synchronizing object | PAYLOAD-middle-0-0-GEO-44mm-clear-stack-receiver.014--export
Fra:1 Mem:105.50M (Peak 105.50M) | Time:00:00.20 | Mem:0.00M, Peak:0.00M | Scene, ViewLayer | Synchronizing object | PAYLOAD-middle-1-0-GEO-grip-backing--export
Fra:1 Mem:105.50M (Peak 105.50M) | Time:00:00.20 | Mem:0.00M, Peak:0.00M | Scene, ViewLayer | Synchronizing object | PAYLOAD-middle-0-0-GEO-44mm-clear-stack-receiver.015--export
Fra:1 Mem:105.55M (Peak 105.55M) | Time:00:00.20 | Mem:0.00M, Peak:0.00M | Scene, ViewLayer | Synchronizing object | PAYLOAD-middle-1-0-GEO-fitted-side-panel--export
Fra:1 Mem:105.54M (Peak 105.55M) | Time:00:00.20 | Mem:0.00M, Peak:0.00M | Scene, ViewLayer | Synchronizing object | PAYLOAD-middle-0-0-GEO-marking-STA / S--export
Fra:1 Mem:105.80M (Peak 105.80M) | Time:00:00.20 | Mem:0.00M, Peak:0.00M | Scene, ViewLayer | Synchronizing object | PAYLOAD-middle-1-0-GEO-side-inset-backing--export
Fra:1 Mem:105.80M (Peak 105.80M) | Time:00:00.20 | Mem:0.00M, Peak:0.00M | Scene, ViewLayer | Synchronizing object | PAYLOAD-middle-1-0-GEO-rear-hinge-pin.001--export
Fra:1 Mem:105.97M (Peak 105.97M) | Time:00:00.20 | Mem:0.00M, Peak:0.00M | Scene, ViewLayer | Synchronizing object | PAYLOAD-middle-1-0-GEO-rear-hinge-pin--export
Fra:1 Mem:105.95M (Peak 105.97M) | Time:00:00.20 | Mem:0.00M, Peak:0.00M | Scene, ViewLayer | Synchronizing object | PAYLOAD-middle-1-0-GEO-lid-toggle.001--export
Fra:1 Mem:105.97M (Peak 105.97M) | Time:00:00.20 | Mem:0.00M, Peak:0.00M | Scene, ViewLayer | Synchronizing object | PAYLOAD-middle-1-0-GEO-lid-latch-leaf.001--export
Fra:1 Mem:105.98M (Peak 105.98M) | Time:00:00.20 | Mem:0.00M, Peak:0.00M | Scene, ViewLayer | Synchronizing object | PAYLOAD-middle-1-0-GEO-lid-toggle--export
Fra:1 Mem:106.00M (Peak 106.00M) | Time:00:00.20 | Mem:0.00M, Peak:0.00M | Scene, ViewLayer | Synchronizing object | PAYLOAD-middle-1-0-GEO-lid-latch-leaf--export
Fra:1 Mem:106.02M (Peak 106.02M) | Time:00:00.20 | Mem:0.00M, Peak:0.00M | Scene, ViewLayer | Synchronizing object | PAYLOAD-middle-1-0-GEO-lid-cap-end-step.001--export
Fra:1 Mem:106.04M (Peak 106.04M) | Time:00:00.20 | Mem:0.00M, Peak:0.00M | Scene, ViewLayer | Synchronizing object | PAYLOAD-middle-1-0-GEO-lid-cap-end-step--export
Fra:1 Mem:106.05M (Peak 106.05M) | Time:00:00.20 | Mem:0.00M, Peak:0.00M | Scene, ViewLayer | Synchronizing object | PAYLOAD-middle-1-0-GEO-lid-fitted-cap--export
Fra:1 Mem:106.07M (Peak 106.07M) | Time:00:00.20 | Mem:0.00M, Peak:0.00M | Scene, ViewLayer | Synchronizing object | PAYLOAD-middle-1-0-GEO-lid-recess-base--export
Fra:1 Mem:106.09M (Peak 106.09M) | Time:00:00.20 | Mem:0.00M, Peak:0.00M | Scene, ViewLayer | Synchronizing object | PAYLOAD-middle-1-0-GEO-lid-shoulder-band.001--export
Fra:1 Mem:106.11M (Peak 106.11M) | Time:00:00.20 | Mem:0.00M, Peak:0.00M | Scene, ViewLayer | Synchronizing object | PAYLOAD-middle-1-0-GEO-lid-shoulder-band--export
Fra:1 Mem:106.12M (Peak 106.12M) | Time:00:00.20 | Mem:0.00M, Peak:0.00M | Scene, ViewLayer | Synchronizing object | PAYLOAD-middle-1-0-GEO-opening-layered-lid--export
Fra:1 Mem:106.14M (Peak 106.14M) | Time:00:00.20 | Mem:0.00M, Peak:0.00M | Scene, ViewLayer | Synchronizing object | PAYLOAD-middle-1-0-GEO-stepped-corner-armor.007--export
Fra:1 Mem:106.16M (Peak 106.16M) | Time:00:00.20 | Mem:0.00M, Peak:0.00M | Scene, ViewLayer | Synchronizing object | PAYLOAD-middle-1-0-GEO-stepped-corner-armor.006--export
Fra:1 Mem:106.17M (Peak 106.17M) | Time:00:00.20 | Mem:0.00M, Peak:0.00M | Scene, ViewLayer | Synchronizing object | PAYLOAD-middle-1-0-GEO-corner-load-column.003--export
Fra:1 Mem:106.19M (Peak 106.19M) | Time:00:00.20 | Mem:0.00M, Peak:0.00M | Scene, ViewLayer | Synchronizing object | PAYLOAD-middle-1-0-GEO-stepped-corner-armor.005--export
Fra:1 Mem:106.21M (Peak 106.21M) | Time:00:00.20 | Mem:0.00M, Peak:0.00M | Scene, ViewLayer | Synchronizing object | PAYLOAD-middle-1-0-GEO-stepped-corner-armor.004--export
Fra:1 Mem:106.22M (Peak 106.22M) | Time:00:00.20 | Mem:0.00M, Peak:0.00M | Scene, ViewLayer | Synchronizing object | PAYLOAD-middle-1-0-GEO-corner-load-column.002--export
Fra:1 Mem:106.24M (Peak 106.24M) | Time:00:00.20 | Mem:0.00M, Peak:0.00M | Scene, ViewLayer | Synchronizing object | PAYLOAD-middle-1-0-GEO-stepped-corner-armor.003--export
Fra:1 Mem:106.26M (Peak 106.26M) | Time:00:00.20 | Mem:0.00M, Peak:0.00M | Scene, ViewLayer | Synchronizing object | PAYLOAD-middle-1-0-GEO-stepped-corner-armor.002--export
Fra:1 Mem:106.28M (Peak 106.28M) | Time:00:00.20 | Mem:0.00M, Peak:0.00M | Scene, ViewLayer | Synchronizing object | PAYLOAD-middle-1-0-GEO-corner-load-column.001--export
Fra:1 Mem:106.29M (Peak 106.29M) | Time:00:00.20 | Mem:0.00M, Peak:0.00M | Scene, ViewLayer | Synchronizing object | PAYLOAD-middle-1-0-GEO-stepped-corner-armor.001--export
Fra:1 Mem:106.31M (Peak 106.31M) | Time:00:00.20 | Mem:0.00M, Peak:0.00M | Scene, ViewLayer | Synchronizing object | PAYLOAD-middle-1-0-GEO-stepped-corner-armor--export
Fra:1 Mem:106.33M (Peak 106.33M) | Time:00:00.20 | Mem:0.00M, Peak:0.00M | Scene, ViewLayer | Synchronizing object | PAYLOAD-middle-1-0-GEO-corner-load-column--export
Fra:1 Mem:106.34M (Peak 106.34M) | Time:00:00.20 | Mem:0.00M, Peak:0.00M | Scene, ViewLayer | Synchronizing object | PAYLOAD-middle-1-0-GEO-closed-front-wall--export
Fra:1 Mem:106.36M (Peak 106.36M) | Time:00:00.20 | Mem:0.00M, Peak:0.00M | Scene, ViewLayer | Synchronizing object | PAYLOAD-middle-1-0-GEO-closed-rear-wall--export
Fra:1 Mem:106.38M (Peak 106.38M) | Time:00:00.20 | Mem:0.00M, Peak:0.00M | Scene, ViewLayer | Synchronizing object | PAYLOAD-middle-1-0-GEO-closed-side-wall.001--export
Fra:1 Mem:106.40M (Peak 106.40M) | Time:00:00.20 | Mem:0.00M, Peak:0.00M | Scene, ViewLayer | Synchronizing object | PAYLOAD-middle-1-0-GEO-closed-side-wall--export
Fra:1 Mem:106.41M (Peak 106.41M) | Time:00:00.20 | Mem:0.00M, Peak:0.00M | Scene, ViewLayer | Synchronizing object | PAYLOAD-middle-1-0-GEO-sealed-floor--export
Fra:1 Mem:106.43M (Peak 106.43M) | Time:00:00.20 | Mem:0.00M, Peak:0.00M | Scene, ViewLayer | Synchronizing object | PAYLOAD-middle-1-0-GEO-40mm-locating-foot.003--export
Fra:1 Mem:106.45M (Peak 106.45M) | Time:00:00.20 | Mem:0.00M, Peak:0.00M | Scene, ViewLayer | Synchronizing object | PAYLOAD-middle-1-0-GEO-40mm-locating-foot.002--export
Fra:1 Mem:106.46M (Peak 106.46M) | Time:00:00.20 | Mem:0.00M, Peak:0.00M | Scene, ViewLayer | Synchronizing object | PAYLOAD-middle-1-0-GEO-40mm-locating-foot.001--export
Fra:1 Mem:106.48M (Peak 106.48M) | Time:00:00.20 | Mem:0.00M, Peak:0.00M | Scene, ViewLayer | Synchronizing object | PAYLOAD-middle-1-0-GEO-40mm-locating-foot--export
Fra:1 Mem:106.50M (Peak 106.50M) | Time:00:00.20 | Mem:0.00M, Peak:0.00M | Scene, ViewLayer | Synchronizing object | PAYLOAD-middle-1-0-GEO-crossmember.001--export
Fra:1 Mem:106.52M (Peak 106.52M) | Time:00:00.20 | Mem:0.00M, Peak:0.00M | Scene, ViewLayer | Synchronizing object | PAYLOAD-middle-1-0-GEO-crossmember--export
Fra:1 Mem:106.53M (Peak 106.53M) | Time:00:00.20 | Mem:0.00M, Peak:0.00M | Scene, ViewLayer | Synchronizing object | PAYLOAD-middle-1-0-GEO-load-skid.001--export
Fra:1 Mem:106.55M (Peak 106.55M) | Time:00:00.20 | Mem:0.00M, Peak:0.00M | Scene, ViewLayer | Synchronizing object | PAYLOAD-middle-1-0-GEO-load-skid--export
Fra:1 Mem:106.57M (Peak 106.57M) | Time:00:00.20 | Mem:0.00M, Peak:0.00M | Scene, ViewLayer | Synchronizing object | PAYLOAD-middle-0-1-GEO-fixed-rear-hinge-saddle.003--export
Fra:1 Mem:106.58M (Peak 106.58M) | Time:00:00.20 | Mem:0.00M, Peak:0.00M | Scene, ViewLayer | Synchronizing object | PAYLOAD-middle-0-1-GEO-fixed-rear-hinge-saddle.002--export
Fra:1 Mem:106.60M (Peak 106.60M) | Time:00:00.20 | Mem:0.00M, Peak:0.00M | Scene, ViewLayer | Synchronizing object | PAYLOAD-middle-0-1-GEO-fixed-rear-hinge-saddle.001--export
Fra:1 Mem:106.62M (Peak 106.62M) | Time:00:00.20 | Mem:0.00M, Peak:0.00M | Scene, ViewLayer | Synchronizing object | PAYLOAD-middle-0-1-GEO-fixed-rear-hinge-saddle--export
Fra:1 Mem:106.64M (Peak 106.64M) | Time:00:00.20 | Mem:0.00M, Peak:0.00M | Scene, ViewLayer | Synchronizing object | PAYLOAD-middle-0-1-GEO-lid-latch-connecting-bridge.001--export
Fra:1 Mem:106.65M (Peak 106.65M) | Time:00:00.20 | Mem:0.00M, Peak:0.00M | Scene, ViewLayer | Synchronizing object | PAYLOAD-middle-0-1-GEO-lid-latch-connecting-bridge--export
Fra:1 Mem:106.67M (Peak 106.67M) | Time:00:00.20 | Mem:0.00M, Peak:0.00M | Scene, ViewLayer | Synchronizing object | PAYLOAD-middle-0-1-GEO-inset-lid-gasket.003--export
Fra:1 Mem:106.69M (Peak 106.69M) | Time:00:00.20 | Mem:0.00M, Peak:0.00M | Scene, ViewLayer | Synchronizing object | PAYLOAD-middle-0-1-GEO-lid-support-ledge.003--export
Fra:1 Mem:106.70M (Peak 106.70M) | Time:00:00.20 | Mem:0.00M, Peak:0.00M | Scene, ViewLayer | Synchronizing object | PAYLOAD-middle-0-1-GEO-inset-lid-gasket.002--export
Fra:1 Mem:106.72M (Peak 106.72M) | Time:00:00.20 | Mem:0.00M, Peak:0.00M | Scene, ViewLayer | Synchronizing object | PAYLOAD-middle-0-1-GEO-lid-support-ledge.002--export
Fra:1 Mem:106.74M (Peak 106.74M) | Time:00:00.20 | Mem:0.00M, Peak:0.00M | Scene, ViewLayer | Synchronizing object | PAYLOAD-middle-0-1-GEO-inset-lid-gasket.001--export
Fra:1 Mem:106.75M (Peak 106.75M) | Time:00:00.20 | Mem:0.00M, Peak:0.00M | Scene, ViewLayer | Synchronizing object | PAYLOAD-middle-0-1-GEO-lid-support-ledge.001--export
Fra:1 Mem:106.77M (Peak 106.77M) | Time:00:00.20 | Mem:0.00M, Peak:0.00M | Scene, ViewLayer | Synchronizing object | PAYLOAD-middle-0-1-GEO-inset-lid-gasket--export
Fra:1 Mem:106.79M (Peak 106.79M) | Time:00:00.20 | Mem:0.00M, Peak:0.00M | Scene, ViewLayer | Synchronizing object | PAYLOAD-middle-0-1-GEO-lid-support-ledge--export
Fra:1 Mem:106.81M (Peak 106.81M) | Time:00:00.20 | Mem:0.00M, Peak:0.00M | Scene, ViewLayer | Synchronizing object | PAYLOAD-middle-0-1-GEO-fixed-top-frame.003--export
Fra:1 Mem:106.82M (Peak 106.82M) | Time:00:00.20 | Mem:0.00M, Peak:0.00M | Scene, ViewLayer | Synchronizing object | PAYLOAD-middle-0-1-GEO-fixed-top-frame.002--export
Fra:1 Mem:106.84M (Peak 106.84M) | Time:00:00.20 | Mem:0.00M, Peak:0.00M | Scene, ViewLayer | Synchronizing object | PAYLOAD-middle-0-1-GEO-fixed-top-frame.001--export
Fra:1 Mem:106.86M (Peak 106.86M) | Time:00:00.20 | Mem:0.00M, Peak:0.00M | Scene, ViewLayer | Synchronizing object | PAYLOAD-middle-0-1-GEO-fixed-top-frame--export
Fra:1 Mem:106.87M (Peak 106.87M) | Time:00:00.20 | Mem:0.00M, Peak:0.00M | Scene, ViewLayer | Synchronizing object | PAYLOAD-middle-0-1-GEO-marking-STA / S--export
Fra:1 Mem:106.97M (Peak 106.97M) | Time:00:00.30 | Mem:0.00M, Peak:0.00M | Scene, ViewLayer | Synchronizing object | PAYLOAD-middle-0-0-GEO-fixed-top-frame--export
Fra:1 Mem:106.94M (Peak 106.97M) | Time:00:00.30 | Mem:0.00M, Peak:0.00M | Scene, ViewLayer | Synchronizing object | PAYLOAD-middle-0-0-GEO-fixed-top-frame.001--export
Fra:1 Mem:107.00M (Peak 107.00M) | Time:00:00.30 | Mem:0.00M, Peak:0.00M | Scene, ViewLayer | Synchronizing object | PAYLOAD-middle-0-0-GEO-fixed-top-frame.002--export
Fra:1 Mem:107.12M (Peak 107.12M) | Time:00:00.30 | Mem:0.00M, Peak:0.00M | Scene, ViewLayer | Synchronizing object | PAYLOAD-middle-0-0-GEO-fixed-top-frame.003--export
Fra:1 Mem:106.94M (Peak 107.12M) | Time:00:00.30 | Mem:0.00M, Peak:0.00M | Scene, ViewLayer | Synchronizing object | PAYLOAD-middle-0-0-GEO-lid-support-ledge--export
Fra:1 Mem:106.94M (Peak 107.12M) | Time:00:00.30 | Mem:0.00M, Peak:0.00M | Scene, ViewLayer | Synchronizing object | PAYLOAD-middle-0-1-GEO-44mm-clear-stack-receiver.015--export
Fra:1 Mem:107.00M (Peak 107.12M) | Time:00:00.30 | Mem:0.00M, Peak:0.00M | Scene, ViewLayer | Synchronizing object | PAYLOAD-middle-0-0-GEO-inset-lid-gasket--export
Fra:1 Mem:107.01M (Peak 107.12M) | Time:00:00.30 | Mem:0.00M, Peak:0.00M | Scene, ViewLayer | Synchronizing object | PAYLOAD-middle-0-1-GEO-44mm-clear-stack-receiver.014--export
Fra:1 Mem:107.03M (Peak 107.12M) | Time:00:00.30 | Mem:0.00M, Peak:0.00M | Scene, ViewLayer | Synchronizing object | PAYLOAD-middle-0-0-GEO-lid-support-ledge.001--export
Fra:1 Mem:107.04M (Peak 107.12M) | Time:00:00.30 | Mem:0.00M, Peak:0.00M | Scene, ViewLayer | Synchronizing object | PAYLOAD-middle-0-1-GEO-44mm-clear-stack-receiver.013--export
Fra:1 Mem:107.07M (Peak 107.12M) | Time:00:00.30 | Mem:0.00M, Peak:0.00M | Scene, ViewLayer | Synchronizing object | PAYLOAD-middle-0-0-GEO-inset-lid-gasket.001--export
Fra:1 Mem:107.08M (Peak 107.12M) | Time:00:00.30 | Mem:0.00M, Peak:0.00M | Scene, ViewLayer | Synchronizing object | PAYLOAD-middle-0-1-GEO-44mm-clear-stack-receiver.012--export
Fra:1 Mem:107.09M (Peak 107.12M) | Time:00:00.30 | Mem:0.00M, Peak:0.00M | Scene, ViewLayer | Synchronizing object | PAYLOAD-middle-0-0-GEO-lid-support-ledge.002--export
Fra:1 Mem:107.11M (Peak 107.12M) | Time:00:00.30 | Mem:0.00M, Peak:0.00M | Scene, ViewLayer | Synchronizing object | PAYLOAD-middle-0-1-GEO-stack-receiver-base.003--export
Fra:1 Mem:107.14M (Peak 107.14M) | Time:00:00.30 | Mem:0.00M, Peak:0.00M | Scene, ViewLayer | Synchronizing object | PAYLOAD-middle-0-0-GEO-inset-lid-gasket.002--export
Fra:1 Mem:107.15M (Peak 107.15M) | Time:00:00.30 | Mem:0.00M, Peak:0.00M | Scene, ViewLayer | Synchronizing object | PAYLOAD-middle-0-1-GEO-44mm-clear-stack-receiver.011--export
Fra:1 Mem:107.17M (Peak 107.17M) | Time:00:00.30 | Mem:0.00M, Peak:0.00M | Scene, ViewLayer | Synchronizing object | PAYLOAD-middle-0-0-GEO-lid-support-ledge.003--export
Fra:1 Mem:107.18M (Peak 107.18M) | Time:00:00.30 | Mem:0.00M, Peak:0.00M | Scene, ViewLayer | Synchronizing object | PAYLOAD-middle-0-1-GEO-44mm-clear-stack-receiver.010--export
Fra:1 Mem:107.19M (Peak 107.19M) | Time:00:00.30 | Mem:0.00M, Peak:0.00M | Scene, ViewLayer | Synchronizing object | PAYLOAD-middle-0-0-GEO-inset-lid-gasket.003--export
Fra:1 Mem:107.22M (Peak 107.22M) | Time:00:00.30 | Mem:0.00M, Peak:0.00M | Scene, ViewLayer | Synchronizing object | PAYLOAD-middle-0-1-GEO-44mm-clear-stack-receiver.009--export
Fra:1 Mem:107.23M (Peak 107.23M) | Time:00:00.30 | Mem:0.00M, Peak:0.00M | Scene, ViewLayer | Synchronizing object | PAYLOAD-middle-0-0-GEO-lid-latch-connecting-bridge--export
Fra:1 Mem:107.26M (Peak 107.26M) | Time:00:00.30 | Mem:0.00M, Peak:0.00M | Scene, ViewLayer | Synchronizing object | PAYLOAD-middle-0-1-GEO-44mm-clear-stack-receiver.008--export
Fra:1 Mem:107.24M (Peak 107.26M) | Time:00:00.30 | Mem:0.00M, Peak:0.00M | Scene, ViewLayer | Synchronizing object | PAYLOAD-middle-0-0-GEO-lid-latch-connecting-bridge.001--export
Fra:1 Mem:107.27M (Peak 107.27M) | Time:00:00.30 | Mem:0.00M, Peak:0.00M | Scene, ViewLayer | Synchronizing object | PAYLOAD-middle-0-1-GEO-stack-receiver-base.002--export
Fra:1 Mem:107.27M (Peak 107.27M) | Time:00:00.30 | Mem:0.00M, Peak:0.00M | Scene, ViewLayer | Synchronizing object | PAYLOAD-middle-0-0-GEO-fixed-rear-hinge-saddle--export
Fra:1 Mem:107.30M (Peak 107.30M) | Time:00:00.30 | Mem:0.00M, Peak:0.00M | Scene, ViewLayer | Synchronizing object | PAYLOAD-middle-0-1-GEO-44mm-clear-stack-receiver.007--export
Fra:1 Mem:107.30M (Peak 107.30M) | Time:00:00.30 | Mem:0.00M, Peak:0.00M | Scene, ViewLayer | Synchronizing object | PAYLOAD-middle-0-0-GEO-fixed-rear-hinge-saddle.001--export
Fra:1 Mem:107.34M (Peak 107.34M) | Time:00:00.30 | Mem:0.00M, Peak:0.00M | Scene, ViewLayer | Synchronizing object | PAYLOAD-middle-0-1-GEO-44mm-clear-stack-receiver.006--export
Fra:1 Mem:107.34M (Peak 107.34M) | Time:00:00.30 | Mem:0.00M, Peak:0.00M | Scene, ViewLayer | Synchronizing object | PAYLOAD-middle-0-0-GEO-fixed-rear-hinge-saddle.002--export
Fra:1 Mem:107.39M (Peak 107.39M) | Time:00:00.30 | Mem:0.00M, Peak:0.00M | Scene, ViewLayer | Synchronizing object | PAYLOAD-middle-0-1-GEO-44mm-clear-stack-receiver.005--export
Fra:1 Mem:107.37M (Peak 107.39M) | Time:00:00.30 | Mem:0.00M, Peak:0.00M | Scene, ViewLayer | Synchronizing object | PAYLOAD-middle-0-0-GEO-fixed-rear-hinge-saddle.003--export
Fra:1 Mem:107.42M (Peak 107.42M) | Time:00:00.30 | Mem:0.00M, Peak:0.00M | Scene, ViewLayer | Synchronizing object | PAYLOAD-middle-0-1-GEO-44mm-clear-stack-receiver.004--export
Fra:1 Mem:107.41M (Peak 107.42M) | Time:00:00.30 | Mem:0.00M, Peak:0.00M | Scene, ViewLayer | Synchronizing object | PAYLOAD-middle-0-1-GEO-load-skid--export
Fra:1 Mem:107.46M (Peak 107.46M) | Time:00:00.30 | Mem:0.00M, Peak:0.00M | Scene, ViewLayer | Synchronizing object | PAYLOAD-middle-0-1-GEO-stack-receiver-base.001--export
Fra:1 Mem:107.45M (Peak 107.46M) | Time:00:00.30 | Mem:0.00M, Peak:0.00M | Scene, ViewLayer | Synchronizing object | PAYLOAD-middle-0-1-GEO-load-skid.001--export
Fra:1 Mem:107.50M (Peak 107.50M) | Time:00:00.30 | Mem:0.00M, Peak:0.00M | Scene, ViewLayer | Synchronizing object | PAYLOAD-middle-0-1-GEO-44mm-clear-stack-receiver.003--export
Fra:1 Mem:107.48M (Peak 107.50M) | Time:00:00.30 | Mem:0.00M, Peak:0.00M | Scene, ViewLayer | Synchronizing object | PAYLOAD-middle-0-1-GEO-crossmember--export
Fra:1 Mem:107.53M (Peak 107.53M) | Time:00:00.30 | Mem:0.00M, Peak:0.00M | Scene, ViewLayer | Synchronizing object | PAYLOAD-middle-0-1-GEO-44mm-clear-stack-receiver.002--export
Fra:1 Mem:107.55M (Peak 107.55M) | Time:00:00.30 | Mem:0.00M, Peak:0.00M | Scene, ViewLayer | Synchronizing object | PAYLOAD-middle-0-1-GEO-crossmember.001--export
Fra:1 Mem:107.53M (Peak 107.55M) | Time:00:00.30 | Mem:0.00M, Peak:0.00M | Scene, ViewLayer | Synchronizing object | PAYLOAD-middle-0-1-GEO-44mm-clear-stack-receiver.001--export
Fra:1 Mem:107.56M (Peak 107.56M) | Time:00:00.30 | Mem:0.00M, Peak:0.00M | Scene, ViewLayer | Synchronizing object | PAYLOAD-middle-0-1-GEO-40mm-locating-foot--export
Fra:1 Mem:107.56M (Peak 107.56M) | Time:00:00.30 | Mem:0.00M, Peak:0.00M | Scene, ViewLayer | Synchronizing object | PAYLOAD-middle-0-1-GEO-44mm-clear-stack-receiver--export
Fra:1 Mem:107.60M (Peak 107.60M) | Time:00:00.30 | Mem:0.00M, Peak:0.00M | Scene, ViewLayer | Synchronizing object | PAYLOAD-middle-0-1-GEO-40mm-locating-foot.001--export
Fra:1 Mem:107.59M (Peak 107.60M) | Time:00:00.30 | Mem:0.00M, Peak:0.00M | Scene, ViewLayer | Synchronizing object | PAYLOAD-middle-0-1-GEO-stack-receiver-base--export
Fra:1 Mem:107.65M (Peak 107.65M) | Time:00:00.30 | Mem:0.00M, Peak:0.00M | Scene, ViewLayer | Synchronizing object | PAYLOAD-middle-0-1-GEO-40mm-locating-foot.002--export
Fra:1 Mem:107.63M (Peak 107.65M) | Time:00:00.30 | Mem:0.00M, Peak:0.00M | Scene, ViewLayer | Synchronizing object | PAYLOAD-middle-0-1-GEO-front-fitted-panel--export
Fra:1 Mem:107.71M (Peak 107.71M) | Time:00:00.30 | Mem:0.00M, Peak:0.00M | Scene, ViewLayer | Synchronizing object | PAYLOAD-middle-0-1-GEO-40mm-locating-foot.003--export
Fra:1 Mem:107.74M (Peak 107.74M) | Time:00:00.30 | Mem:0.00M, Peak:0.00M | Scene, ViewLayer | Synchronizing object | PAYLOAD-middle-0-1-GEO-sealed-floor--export
Fra:1 Mem:107.73M (Peak 107.74M) | Time:00:00.30 | Mem:0.00M, Peak:0.00M | Scene, ViewLayer | Synchronizing object | PAYLOAD-middle-0-1-GEO-front-inset--export
Fra:1 Mem:107.72M (Peak 107.74M) | Time:00:00.30 | Mem:0.00M, Peak:0.00M | Scene, ViewLayer | Synchronizing object | PAYLOAD-middle-0-1-GEO-closed-side-wall--export
Fra:1 Mem:107.81M (Peak 107.81M) | Time:00:00.30 | Mem:0.00M, Peak:0.00M | Scene, ViewLayer | Synchronizing object | PAYLOAD-middle-0-1-GEO-closed-side-wall.001--export
Fra:1 Mem:107.78M (Peak 107.81M) | Time:00:00.30 | Mem:0.00M, Peak:0.00M | Scene, ViewLayer | Synchronizing object | PAYLOAD-middle-0-1-GEO-service-cartridge.001--export
Fra:1 Mem:107.82M (Peak 107.82M) | Time:00:00.30 | Mem:0.00M, Peak:0.00M | Scene, ViewLayer | Synchronizing object | PAYLOAD-middle-0-1-GEO-closed-rear-wall--export
Fra:1 Mem:107.84M (Peak 107.84M) | Time:00:00.30 | Mem:0.00M, Peak:0.00M | Scene, ViewLayer | Synchronizing object | PAYLOAD-middle-0-1-GEO-glove-grip.001--export
Fra:1 Mem:107.82M (Peak 107.84M) | Time:00:00.30 | Mem:0.00M, Peak:0.00M | Scene, ViewLayer | Synchronizing object | PAYLOAD-middle-0-1-GEO-closed-front-wall--export
Fra:1 Mem:107.91M (Peak 107.91M) | Time:00:00.30 | Mem:0.00M, Peak:0.00M | Scene, ViewLayer | Synchronizing object | PAYLOAD-middle-0-1-GEO-corner-load-column--export
Fra:1 Mem:107.90M (Peak 107.91M) | Time:00:00.30 | Mem:0.00M, Peak:0.00M | Scene, ViewLayer | Synchronizing object | PAYLOAD-middle-0-1-GEO-grip-support.003--export
Fra:1 Mem:107.93M (Peak 107.93M) | Time:00:00.30 | Mem:0.00M, Peak:0.00M | Scene, ViewLayer | Synchronizing object | PAYLOAD-middle-0-1-GEO-stepped-corner-armor--export
Fra:1 Mem:107.94M (Peak 107.94M) | Time:00:00.30 | Mem:0.00M, Peak:0.00M | Scene, ViewLayer | Synchronizing object | PAYLOAD-middle-0-1-GEO-grip-support.002--export
Fra:1 Mem:107.94M (Peak 107.94M) | Time:00:00.30 | Mem:0.00M, Peak:0.00M | Scene, ViewLayer | Synchronizing object | PAYLOAD-middle-0-1-GEO-stepped-corner-armor.001--export
Fra:1 Mem:107.95M (Peak 107.95M) | Time:00:00.30 | Mem:0.00M, Peak:0.00M | Scene, ViewLayer | Synchronizing object | PAYLOAD-middle-0-1-GEO-corner-load-column.001--export
Fra:1 Mem:107.95M (Peak 107.95M) | Time:00:00.30 | Mem:0.00M, Peak:0.00M | Scene, ViewLayer | Synchronizing object | PAYLOAD-middle-0-1-GEO-grip-backing.001--export
Fra:1 Mem:108.00M (Peak 108.00M) | Time:00:00.30 | Mem:0.00M, Peak:0.00M | Scene, ViewLayer | Synchronizing object | PAYLOAD-middle-0-1-GEO-stepped-corner-armor.002--export
Fra:1 Mem:107.99M (Peak 108.00M) | Time:00:00.30 | Mem:0.00M, Peak:0.00M | Scene, ViewLayer | Synchronizing object | PAYLOAD-middle-0-1-GEO-fitted-side-panel.001--export
Fra:1 Mem:108.04M (Peak 108.04M) | Time:00:00.30 | Mem:0.00M, Peak:0.00M | Scene, ViewLayer | Synchronizing object | PAYLOAD-middle-0-1-GEO-stepped-corner-armor.003--export
Fra:1 Mem:108.10M (Peak 108.10M) | Time:00:00.30 | Mem:0.00M, Peak:0.00M | Scene, ViewLayer | Synchronizing object | PAYLOAD-middle-0-1-GEO-corner-load-column.002--export
Fra:1 Mem:108.06M (Peak 108.10M) | Time:00:00.30 | Mem:0.00M, Peak:0.00M | Scene, ViewLayer | Synchronizing object | PAYLOAD-middle-0-1-GEO-side-inset-backing.001--export
Fra:1 Mem:108.12M (Peak 108.12M) | Time:00:00.30 | Mem:0.00M, Peak:0.00M | Scene, ViewLayer | Synchronizing object | PAYLOAD-middle-0-1-GEO-stepped-corner-armor.004--export
Fra:1 Mem:108.15M (Peak 108.15M) | Time:00:00.30 | Mem:0.00M, Peak:0.00M | Scene, ViewLayer | Synchronizing object | PAYLOAD-middle-0-1-GEO-service-cartridge--export
Fra:1 Mem:108.13M (Peak 108.15M) | Time:00:00.30 | Mem:0.00M, Peak:0.00M | Scene, ViewLayer | Synchronizing object | PAYLOAD-middle-0-1-GEO-stepped-corner-armor.005--export
Fra:1 Mem:108.18M (Peak 108.18M) | Time:00:00.30 | Mem:0.00M, Peak:0.00M | Scene, ViewLayer | Synchronizing object | PAYLOAD-middle-0-1-GEO-glove-grip--export
Fra:1 Mem:108.16M (Peak 108.18M) | Time:00:00.30 | Mem:0.00M, Peak:0.00M | Scene, ViewLayer | Synchronizing object | PAYLOAD-middle-0-1-GEO-corner-load-column.003--export
Fra:1 Mem:108.25M (Peak 108.25M) | Time:00:00.30 | Mem:0.00M, Peak:0.00M | Scene, ViewLayer | Synchronizing object | PAYLOAD-middle-0-1-GEO-stepped-corner-armor.006--export
Fra:1 Mem:108.24M (Peak 108.25M) | Time:00:00.30 | Mem:0.00M, Peak:0.00M | Scene, ViewLayer | Synchronizing object | PAYLOAD-middle-0-1-GEO-grip-support.001--export
Fra:1 Mem:108.27M (Peak 108.27M) | Time:00:00.30 | Mem:0.00M, Peak:0.00M | Scene, ViewLayer | Synchronizing object | PAYLOAD-middle-0-1-GEO-stepped-corner-armor.007--export
Fra:1 Mem:108.27M (Peak 108.27M) | Time:00:00.30 | Mem:0.00M, Peak:0.00M | Scene, ViewLayer | Synchronizing object | PAYLOAD-middle-0-1-GEO-grip-support--export
Fra:1 Mem:108.30M (Peak 108.30M) | Time:00:00.30 | Mem:0.00M, Peak:0.00M | Scene, ViewLayer | Synchronizing object | PAYLOAD-middle-0-1-GEO-opening-layered-lid--export
Fra:1 Mem:108.31M (Peak 108.31M) | Time:00:00.30 | Mem:0.00M, Peak:0.00M | Scene, ViewLayer | Synchronizing object | PAYLOAD-middle-0-1-GEO-grip-backing--export
Fra:1 Mem:108.33M (Peak 108.33M) | Time:00:00.30 | Mem:0.00M, Peak:0.00M | Scene, ViewLayer | Synchronizing object | PAYLOAD-middle-0-1-GEO-lid-shoulder-band--export
Fra:1 Mem:108.32M (Peak 108.33M) | Time:00:00.30 | Mem:0.00M, Peak:0.00M | Scene, ViewLayer | Synchronizing object | PAYLOAD-middle-0-1-GEO-fitted-side-panel--export
Fra:1 Mem:108.37M (Peak 108.37M) | Time:00:00.30 | Mem:0.00M, Peak:0.00M | Scene, ViewLayer | Synchronizing object | PAYLOAD-middle-0-1-GEO-lid-shoulder-band.001--export
Fra:1 Mem:108.42M (Peak 108.42M) | Time:00:00.30 | Mem:0.00M, Peak:0.00M | Scene, ViewLayer | Synchronizing object | PAYLOAD-middle-0-1-GEO-lid-recess-base--export
Fra:1 Mem:108.38M (Peak 108.42M) | Time:00:00.30 | Mem:0.00M, Peak:0.00M | Scene, ViewLayer | Synchronizing object | PAYLOAD-middle-0-1-GEO-side-inset-backing--export
Fra:1 Mem:108.44M (Peak 108.44M) | Time:00:00.30 | Mem:0.00M, Peak:0.00M | Scene, ViewLayer | Synchronizing object | PAYLOAD-middle-0-1-GEO-lid-fitted-cap--export
Fra:1 Mem:108.48M (Peak 108.48M) | Time:00:00.30 | Mem:0.00M, Peak:0.00M | Scene, ViewLayer | Synchronizing object | PAYLOAD-middle-0-1-GEO-lid-cap-end-step--export
Fra:1 Mem:108.45M (Peak 108.48M) | Time:00:00.30 | Mem:0.00M, Peak:0.00M | Scene, ViewLayer | Synchronizing object | PAYLOAD-middle-0-1-GEO-rear-hinge-pin.001--export
Fra:1 Mem:108.55M (Peak 108.55M) | Time:00:00.30 | Mem:0.00M, Peak:0.00M | Scene, ViewLayer | Synchronizing object | PAYLOAD-middle-0-1-GEO-lid-cap-end-step.001--export
Fra:1 Mem:108.52M (Peak 108.55M) | Time:00:00.30 | Mem:0.00M, Peak:0.00M | Scene, ViewLayer | Synchronizing object | PAYLOAD-middle-0-1-GEO-lid-latch-leaf--export
Fra:1 Mem:108.52M (Peak 108.55M) | Time:00:00.30 | Mem:0.00M, Peak:0.00M | Scene, ViewLayer | Synchronizing object | PAYLOAD-middle-0-1-GEO-rear-hinge-pin--export
Fra:1 Mem:108.56M (Peak 108.56M) | Time:00:00.30 | Mem:0.00M, Peak:0.00M | Scene, ViewLayer | Synchronizing object | PAYLOAD-middle-0-1-GEO-lid-toggle--export
Fra:1 Mem:108.59M (Peak 108.59M) | Time:00:00.30 | Mem:0.00M, Peak:0.00M | Scene, ViewLayer | Synchronizing object | PAYLOAD-middle-0-1-GEO-lid-toggle.001--export
Fra:1 Mem:108.58M (Peak 108.59M) | Time:00:00.30 | Mem:0.00M, Peak:0.00M | Scene, ViewLayer | Synchronizing object | PAYLOAD-middle-0-1-GEO-lid-latch-leaf.001--export
Fra:1 Mem:108.62M (Peak 108.62M) | Time:00:00.30 | Mem:0.00M, Peak:0.00M | Scene, ViewLayer | Initializing
Fra:1 Mem:79.33M (Peak 108.62M) | Time:00:00.31 | Mem:0.00M, Peak:0.00M | Scene, ViewLayer | Waiting for render to start
Fra:1 Mem:79.33M (Peak 108.62M) | Time:00:00.31 | Mem:0.00M, Peak:0.00M | Scene, ViewLayer | Loading render kernels (may take a few minutes the first time)
Fra:1 Mem:79.33M (Peak 108.62M) | Time:00:00.31 | Mem:0.00M, Peak:0.00M | Scene, ViewLayer | Updating Scene
Fra:1 Mem:79.33M (Peak 108.62M) | Time:00:00.31 | Mem:0.00M, Peak:0.00M | Scene, ViewLayer | Updating Shaders
Fra:1 Mem:79.44M (Peak 108.62M) | Time:00:00.31 | Mem:0.03M, Peak:0.03M | Scene, ViewLayer | Updating Procedurals
Fra:1 Mem:79.44M (Peak 108.62M) | Time:00:00.31 | Mem:0.03M, Peak:0.03M | Scene, ViewLayer | Updating Background
Fra:1 Mem:79.44M (Peak 108.62M) | Time:00:00.31 | Mem:0.03M, Peak:0.03M | Scene, ViewLayer | Updating Camera
Fra:1 Mem:79.44M (Peak 108.62M) | Time:00:00.31 | Mem:0.03M, Peak:0.03M | Scene, ViewLayer | Updating Meshes Flags
Fra:1 Mem:79.44M (Peak 108.62M) | Time:00:00.31 | Mem:0.03M, Peak:0.03M | Scene, ViewLayer | Updating Objects
Fra:1 Mem:79.44M (Peak 108.62M) | Time:00:00.31 | Mem:0.03M, Peak:0.03M | Scene, ViewLayer | Updating Objects | Copying Transformations to device
Fra:1 Mem:79.63M (Peak 108.62M) | Time:00:00.31 | Mem:0.21M, Peak:0.21M | Scene, ViewLayer | Updating Objects | Applying Static Transformations
Fra:1 Mem:79.63M (Peak 108.62M) | Time:00:00.31 | Mem:0.21M, Peak:0.21M | Scene, ViewLayer | Updating Particle Systems
Fra:1 Mem:79.63M (Peak 108.62M) | Time:00:00.31 | Mem:0.21M, Peak:0.21M | Scene, ViewLayer | Updating Particle Systems | Copying Particles to device
Fra:1 Mem:79.63M (Peak 108.62M) | Time:00:00.31 | Mem:0.21M, Peak:0.21M | Scene, ViewLayer | Updating Meshes
Fra:1 Mem:81.05M (Peak 108.62M) | Time:00:00.31 | Mem:0.21M, Peak:0.21M | Scene, ViewLayer | Updating Mesh | Computing attributes
Fra:1 Mem:83.75M (Peak 108.62M) | Time:00:00.32 | Mem:0.26M, Peak:0.26M | Scene, ViewLayer | Updating Mesh | Copying Attributes to device
Fra:1 Mem:83.63M (Peak 108.62M) | Time:00:00.32 | Mem:2.80M, Peak:2.80M | Scene, ViewLayer | Updating Scene BVH | Building
Fra:1 Mem:83.64M (Peak 108.62M) | Time:00:00.32 | Mem:2.80M, Peak:2.80M | Scene, ViewLayer | Updating Scene BVH | Building BVH
Fra:1 Mem:83.64M (Peak 108.62M) | Time:00:00.32 | Mem:5.63M, Peak:5.63M | Scene, ViewLayer | Updating Scene BVH | Building BVH 0%
Fra:1 Mem:83.64M (Peak 108.62M) | Time:00:00.33 | Mem:9.02M, Peak:11.86M | Scene, ViewLayer | Updating Scene BVH | Copying BVH to device
Fra:1 Mem:83.64M (Peak 108.62M) | Time:00:00.33 | Mem:9.02M, Peak:11.86M | Scene, ViewLayer | Updating Mesh | Computing normals
Fra:1 Mem:92.19M (Peak 108.62M) | Time:00:00.33 | Mem:9.02M, Peak:11.86M | Scene, ViewLayer | Updating Mesh | Copying Mesh to device
Fra:1 Mem:92.19M (Peak 108.62M) | Time:00:00.33 | Mem:17.57M, Peak:17.57M | Scene, ViewLayer | Updating Objects Flags
Fra:1 Mem:92.19M (Peak 108.62M) | Time:00:00.33 | Mem:17.57M, Peak:17.57M | Scene, ViewLayer | Updating Primitive Offsets
Fra:1 Mem:92.19M (Peak 108.62M) | Time:00:00.33 | Mem:17.58M, Peak:17.58M | Scene, ViewLayer | Updating Images
Fra:1 Mem:92.19M (Peak 108.62M) | Time:00:00.33 | Mem:17.58M, Peak:17.58M | Scene, ViewLayer | Updating Camera Volume
Fra:1 Mem:92.19M (Peak 108.62M) | Time:00:00.33 | Mem:17.58M, Peak:17.58M | Scene, ViewLayer | Updating Lookup Tables
Fra:1 Mem:92.19M (Peak 108.62M) | Time:00:00.33 | Mem:17.66M, Peak:17.66M | Scene, ViewLayer | Updating Lights
Fra:1 Mem:92.19M (Peak 108.62M) | Time:00:00.33 | Mem:17.66M, Peak:17.66M | Scene, ViewLayer | Updating Lights | Computing tree
Fra:1 Mem:92.40M (Peak 108.62M) | Time:00:00.33 | Mem:17.86M, Peak:17.86M | Scene, ViewLayer | Updating Integrator
Fra:1 Mem:92.40M (Peak 108.62M) | Time:00:00.33 | Mem:17.86M, Peak:17.86M | Scene, ViewLayer | Updating Film
Fra:1 Mem:92.40M (Peak 108.62M) | Time:00:00.33 | Mem:17.78M, Peak:17.86M | Scene, ViewLayer | Updating Lookup Tables
Fra:1 Mem:92.40M (Peak 108.62M) | Time:00:00.33 | Mem:17.87M, Peak:17.87M | Scene, ViewLayer | Updating Baking
Fra:1 Mem:92.40M (Peak 108.62M) | Time:00:00.33 | Mem:17.87M, Peak:17.87M | Scene, ViewLayer | Updating Device | Writing constant memory
Fra:1 Mem:92.42M (Peak 108.62M) | Time:00:00.33 | Mem:17.87M, Peak:17.87M | Scene, ViewLayer | Sample 0/64
Fra:1 Mem:145.30M (Peak 145.30M) | Time:00:01.28 | Remaining:00:59.68 | Mem:70.74M, Peak:70.74M | Scene, ViewLayer | Sample 1/64
Fra:1 Mem:145.30M (Peak 145.30M) | Time:00:32.13 | Remaining:00:29.87 | Mem:70.74M, Peak:70.74M | Scene, ViewLayer | Sample 33/64
Fra:1 Mem:168.80M (Peak 215.79M) | Time:00:58.00 | Mem:70.74M, Peak:70.74M | Scene, ViewLayer | Sample 64/64
Fra:1 Mem:168.80M (Peak 215.79M) | Time:00:58.00 | Mem:70.74M, Peak:70.74M | Scene, ViewLayer | Finished
Saved: '/root/sidereal_spacetime/assets/art-library/designs/cargo.carrier.grid-support/revisions/r000/a003/mixed-stack.png'
Time: 00:58.25 (Saving: 00:00.25)

Fra:1 Mem:96.49M (Peak 96.49M) | Time:00:00.05 | Mem:0.00M, Peak:0.00M | Scene, ViewLayer | Synchronizing object | GEO-REVIEW-floor
Fra:1 Mem:96.51M (Peak 96.51M) | Time:00:00.05 | Mem:0.00M, Peak:0.00M | Scene, ViewLayer | Synchronizing object | GEO-REVIEW-height-gauge--0.375--0.375
Fra:1 Mem:96.53M (Peak 96.53M) | Time:00:00.05 | Mem:0.00M, Peak:0.00M | Scene, ViewLayer | Synchronizing object | GEO-REVIEW-height-gauge--0.375-2.375
Fra:1 Mem:96.54M (Peak 96.54M) | Time:00:00.05 | Mem:0.00M, Peak:0.00M | Scene, ViewLayer | Synchronizing object | GEO-REVIEW-height-gauge-2.375--0.375
Fra:1 Mem:96.56M (Peak 96.56M) | Time:00:00.05 | Mem:0.00M, Peak:0.00M | Scene, ViewLayer | Synchronizing object | GEO-REVIEW-height-gauge-2.375-2.375
Fra:1 Mem:96.57M (Peak 96.57M) | Time:00:00.05 | Mem:0.00M, Peak:0.00M | Scene, ViewLayer | Synchronizing object | GEO-REVIEW-roof-datum--0.375
Fra:1 Mem:96.57M (Peak 96.57M) | Time:00:00.05 | Mem:0.00M, Peak:0.00M | Scene, ViewLayer | Synchronizing object | GEO-REVIEW-roof-datum-2.375
Fra:1 Mem:96.58M (Peak 96.58M) | Time:00:00.05 | Mem:0.00M, Peak:0.00M | Scene, ViewLayer | Synchronizing object | GEO-FIXTURE-base-GEO-carrier-2m-lower-deck
Fra:1 Mem:96.59M (Peak 96.59M) | Time:00:00.05 | Mem:0.00M, Peak:0.00M | Scene, ViewLayer | Synchronizing object | GEO-FIXTURE-base-GEO-carrier-2m-upper-deck
Fra:1 Mem:96.61M (Peak 96.61M) | Time:00:00.05 | Mem:0.00M, Peak:0.00M | Scene, ViewLayer | Synchronizing object | GEO-FIXTURE-base-GEO-carrier-2m-BEARING-bottom-0-0
Fra:1 Mem:96.61M (Peak 96.61M) | Time:00:00.05 | Mem:0.00M, Peak:0.00M | Scene, ViewLayer | Synchronizing object | GEO-FIXTURE-base-GEO-carrier-2m-BEARING-top-0-0
Fra:1 Mem:96.61M (Peak 96.61M) | Time:00:00.05 | Mem:0.00M, Peak:0.00M | Scene, ViewLayer | Synchronizing object | GEO-FIXTURE-base-GEO-carrier-2m-top-restraint-0-0-0.045
Fra:1 Mem:96.63M (Peak 96.63M) | Time:00:00.05 | Mem:0.00M, Peak:0.00M | Scene, ViewLayer | Synchronizing object | GEO-FIXTURE-base-GEO-carrier-2m-top-restraint-0-0-0.94
Fra:1 Mem:96.64M (Peak 96.64M) | Time:00:00.05 | Mem:0.00M, Peak:0.00M | Scene, ViewLayer | Synchronizing object | GEO-FIXTURE-base-GEO-carrier-2m-BEARING-bottom-0-1
Fra:1 Mem:96.64M (Peak 96.64M) | Time:00:00.05 | Mem:0.00M, Peak:0.00M | Scene, ViewLayer | Synchronizing object | GEO-FIXTURE-base-GEO-carrier-2m-BEARING-top-0-1
Fra:1 Mem:96.65M (Peak 96.65M) | Time:00:00.05 | Mem:0.00M, Peak:0.00M | Scene, ViewLayer | Synchronizing object | GEO-FIXTURE-base-GEO-carrier-2m-top-restraint-0-1-1.045
Fra:1 Mem:96.66M (Peak 96.66M) | Time:00:00.05 | Mem:0.00M, Peak:0.00M | Scene, ViewLayer | Synchronizing object | GEO-FIXTURE-base-GEO-carrier-2m-top-restraint-0-1-1.94
Fra:1 Mem:96.68M (Peak 96.68M) | Time:00:00.05 | Mem:0.00M, Peak:0.00M | Scene, ViewLayer | Synchronizing object | GEO-FIXTURE-base-GEO-carrier-2m-BEARING-bottom-1-0
Fra:1 Mem:96.68M (Peak 96.68M) | Time:00:00.05 | Mem:0.00M, Peak:0.00M | Scene, ViewLayer | Synchronizing object | GEO-FIXTURE-base-GEO-carrier-2m-BEARING-top-1-0
Fra:1 Mem:96.68M (Peak 96.68M) | Time:00:00.05 | Mem:0.00M, Peak:0.00M | Scene, ViewLayer | Synchronizing object | GEO-FIXTURE-base-GEO-carrier-2m-top-restraint-1-0-0.045
Fra:1 Mem:96.70M (Peak 96.70M) | Time:00:00.05 | Mem:0.00M, Peak:0.00M | Scene, ViewLayer | Synchronizing object | GEO-FIXTURE-base-GEO-carrier-2m-top-restraint-1-0-0.94
Fra:1 Mem:96.71M (Peak 96.71M) | Time:00:00.05 | Mem:0.00M, Peak:0.00M | Scene, ViewLayer | Synchronizing object | GEO-FIXTURE-base-GEO-carrier-2m-BEARING-bottom-1-1
Fra:1 Mem:96.71M (Peak 96.71M) | Time:00:00.05 | Mem:0.00M, Peak:0.00M | Scene, ViewLayer | Synchronizing object | GEO-FIXTURE-base-GEO-carrier-2m-BEARING-top-1-1
Fra:1 Mem:96.71M (Peak 96.71M) | Time:00:00.05 | Mem:0.00M, Peak:0.00M | Scene, ViewLayer | Synchronizing object | GEO-FIXTURE-base-GEO-carrier-2m-top-restraint-1-1-1.045
Fra:1 Mem:96.73M (Peak 96.73M) | Time:00:00.05 | Mem:0.00M, Peak:0.00M | Scene, ViewLayer | Synchronizing object | GEO-FIXTURE-base-GEO-carrier-2m-top-restraint-1-1-1.94
Fra:1 Mem:96.74M (Peak 96.74M) | Time:00:00.05 | Mem:0.00M, Peak:0.00M | Scene, ViewLayer | Synchronizing object | GEO-FIXTURE-base-GEO-carrier-2m-corner-post-0-0
Fra:1 Mem:96.76M (Peak 96.76M) | Time:00:00.05 | Mem:0.00M, Peak:0.00M | Scene, ViewLayer | Synchronizing object | GEO-FIXTURE-base-GEO-carrier-2m-corner-shell-0-0
Fra:1 Mem:96.77M (Peak 96.77M) | Time:00:00.05 | Mem:0.00M, Peak:0.00M | Scene, ViewLayer | Synchronizing object | GEO-FIXTURE-base-GEO-carrier-2m-corner-post-0-1.90625
Fra:1 Mem:96.79M (Peak 96.79M) | Time:00:00.05 | Mem:0.00M, Peak:0.00M | Scene, ViewLayer | Synchronizing object | GEO-FIXTURE-base-GEO-carrier-2m-corner-shell-0-1.90625
Fra:1 Mem:96.80M (Peak 96.80M) | Time:00:00.05 | Mem:0.00M, Peak:0.00M | Scene, ViewLayer | Synchronizing object | GEO-FIXTURE-base-GEO-carrier-2m-corner-post-1.90625-0
Fra:1 Mem:96.82M (Peak 96.82M) | Time:00:00.05 | Mem:0.00M, Peak:0.00M | Scene, ViewLayer | Synchronizing object | GEO-FIXTURE-base-GEO-carrier-2m-corner-shell-1.90625-0
Fra:1 Mem:96.83M (Peak 96.83M) | Time:00:00.05 | Mem:0.00M, Peak:0.00M | Scene, ViewLayer | Synchronizing object | GEO-FIXTURE-base-GEO-carrier-2m-corner-post-1.90625-1.90625
Fra:1 Mem:96.85M (Peak 96.85M) | Time:00:00.05 | Mem:0.00M, Peak:0.00M | Scene, ViewLayer | Synchronizing object | GEO-FIXTURE-base-GEO-carrier-2m-corner-shell-1.90625-1.90625
Fra:1 Mem:96.86M (Peak 96.86M) | Time:00:00.05 | Mem:0.00M, Peak:0.00M | Scene, ViewLayer | Synchronizing object | GEO-FIXTURE-base-GEO-carrier-2m-front-rail-0
Fra:1 Mem:96.88M (Peak 96.88M) | Time:00:00.05 | Mem:0.00M, Peak:0.00M | Scene, ViewLayer | Synchronizing object | GEO-FIXTURE-base-GEO-carrier-2m-latch-0.15-0
Fra:1 Mem:96.90M (Peak 96.90M) | Time:00:00.05 | Mem:0.00M, Peak:0.00M | Scene, ViewLayer | Synchronizing object | GEO-FIXTURE-base-GEO-carrier-2m-latch-grip-0.15-0
Fra:1 Mem:96.91M (Peak 96.91M) | Time:00:00.05 | Mem:0.00M, Peak:0.00M | Scene, ViewLayer | Synchronizing object | GEO-FIXTURE-base-GEO-carrier-2m-latch-1.65-0
Fra:1 Mem:96.93M (Peak 96.93M) | Time:00:00.05 | Mem:0.00M, Peak:0.00M | Scene, ViewLayer | Synchronizing object | GEO-FIXTURE-base-GEO-carrier-2m-latch-grip-1.65-0
Fra:1 Mem:96.94M (Peak 96.94M) | Time:00:00.05 | Mem:0.00M, Peak:0.00M | Scene, ViewLayer | Synchronizing object | GEO-FIXTURE-base-GEO-carrier-2m-status-0
Fra:1 Mem:96.96M (Peak 96.96M) | Time:00:00.05 | Mem:0.00M, Peak:0.00M | Scene, ViewLayer | Synchronizing object | GEO-FIXTURE-base-GEO-carrier-2m-front-rail-1.9375
Fra:1 Mem:96.97M (Peak 96.97M) | Time:00:00.05 | Mem:0.00M, Peak:0.00M | Scene, ViewLayer | Synchronizing object | GEO-FIXTURE-base-GEO-carrier-2m-latch-0.15-1.9375
Fra:1 Mem:96.99M (Peak 96.99M) | Time:00:00.05 | Mem:0.00M, Peak:0.00M | Scene, ViewLayer | Synchronizing object | GEO-FIXTURE-base-GEO-carrier-2m-latch-grip-0.15-1.9375
Fra:1 Mem:97.01M (Peak 97.01M) | Time:00:00.05 | Mem:0.00M, Peak:0.00M | Scene, ViewLayer | Synchronizing object | GEO-FIXTURE-base-GEO-carrier-2m-latch-1.65-1.9375
Fra:1 Mem:97.02M (Peak 97.02M) | Time:00:00.05 | Mem:0.00M, Peak:0.00M | Scene, ViewLayer | Synchronizing object | GEO-FIXTURE-base-GEO-carrier-2m-latch-grip-1.65-1.9375
Fra:1 Mem:97.04M (Peak 97.04M) | Time:00:00.05 | Mem:0.00M, Peak:0.00M | Scene, ViewLayer | Synchronizing object | GEO-FIXTURE-base-GEO-carrier-2m-status-1.9375
Fra:1 Mem:97.05M (Peak 97.05M) | Time:00:00.05 | Mem:0.00M, Peak:0.00M | Scene, ViewLayer | Synchronizing object | GEO-FIXTURE-base-GEO-carrier-2m-side-lower-rail-0
Fra:1 Mem:97.07M (Peak 97.07M) | Time:00:00.05 | Mem:0.00M, Peak:0.00M | Scene, ViewLayer | Synchronizing object | GEO-FIXTURE-base-GEO-carrier-2m-side-upper-rail-0
Fra:1 Mem:97.08M (Peak 97.08M) | Time:00:00.05 | Mem:0.00M, Peak:0.00M | Scene, ViewLayer | Synchronizing object | GEO-FIXTURE-base-GEO-carrier-2m-side-lower-rail-1.9375
Fra:1 Mem:97.10M (Peak 97.10M) | Time:00:00.05 | Mem:0.00M, Peak:0.00M | Scene, ViewLayer | Synchronizing object | GEO-FIXTURE-base-GEO-carrier-2m-side-upper-rail-1.9375
Fra:1 Mem:97.11M (Peak 97.11M) | Time:00:00.05 | Mem:0.00M, Peak:0.00M | Scene, ViewLayer | Synchronizing object | GEO-FIXTURE-base-GEO-carrier-2m-intermediate-post-0-0.953125
Fra:1 Mem:97.13M (Peak 97.13M) | Time:00:00.05 | Mem:0.00M, Peak:0.00M | Scene, ViewLayer | Synchronizing object | GEO-FIXTURE-base-GEO-carrier-2m-intermediate-post-1.90625-0.953
Fra:1 Mem:97.14M (Peak 97.14M) | Time:00:00.05 | Mem:0.00M, Peak:0.00M | Scene, ViewLayer | Synchronizing object | GEO-FIXTURE-base-GEO-carrier-2m-intermediate-post-0.953125-0
Fra:1 Mem:97.16M (Peak 97.16M) | Time:00:00.05 | Mem:0.00M, Peak:0.00M | Scene, ViewLayer | Synchronizing object | GEO-FIXTURE-base-GEO-carrier-2m-intermediate-post-0.953125-1.90
Fra:1 Mem:97.17M (Peak 97.17M) | Time:00:00.05 | Mem:0.00M, Peak:0.00M | Scene, ViewLayer | Synchronizing object | GEO-FIXTURE-middle-0-0-GEO-carrier-1m-lower-deck
Fra:1 Mem:97.19M (Peak 97.19M) | Time:00:00.05 | Mem:0.00M, Peak:0.00M | Scene, ViewLayer | Synchronizing object | GEO-FIXTURE-middle-0-0-GEO-carrier-1m-upper-deck
Fra:1 Mem:97.20M (Peak 97.20M) | Time:00:00.05 | Mem:0.00M, Peak:0.00M | Scene, ViewLayer | Synchronizing object | GEO-FIXTURE-middle-0-0-GEO-carrier-1m-BEARING-bottom-0-0
Fra:1 Mem:97.20M (Peak 97.20M) | Time:00:00.05 | Mem:0.00M, Peak:0.00M | Scene, ViewLayer | Synchronizing object | GEO-FIXTURE-middle-0-0-GEO-carrier-1m-BEARING-top-0-0
Fra:1 Mem:97.21M (Peak 97.21M) | Time:00:00.05 | Mem:0.00M, Peak:0.00M | Scene, ViewLayer | Synchronizing object | GEO-FIXTURE-middle-0-0-GEO-carrier-1m-top-restraint-0-0-0.045
Fra:1 Mem:97.22M (Peak 97.22M) | Time:00:00.05 | Mem:0.00M, Peak:0.00M | Scene, ViewLayer | Synchronizing object | GEO-FIXTURE-middle-0-0-GEO-carrier-1m-top-restraint-0-0-0.94
Fra:1 Mem:97.24M (Peak 97.24M) | Time:00:00.05 | Mem:0.00M, Peak:0.00M | Scene, ViewLayer | Synchronizing object | GEO-FIXTURE-middle-0-0-GEO-carrier-1m-corner-post-0-0
Fra:1 Mem:97.25M (Peak 97.25M) | Time:00:00.05 | Mem:0.00M, Peak:0.00M | Scene, ViewLayer | Synchronizing object | GEO-FIXTURE-middle-0-0-GEO-carrier-1m-corner-shell-0-0
Fra:1 Mem:97.27M (Peak 97.27M) | Time:00:00.05 | Mem:0.00M, Peak:0.00M | Scene, ViewLayer | Synchronizing object | GEO-FIXTURE-middle-0-0-GEO-carrier-1m-corner-post-0-0.90625
Fra:1 Mem:97.28M (Peak 97.28M) | Time:00:00.05 | Mem:0.00M, Peak:0.00M | Scene, ViewLayer | Synchronizing object | GEO-FIXTURE-middle-0-0-GEO-carrier-1m-corner-shell-0-0.90625
Fra:1 Mem:97.30M (Peak 97.30M) | Time:00:00.05 | Mem:0.00M, Peak:0.00M | Scene, ViewLayer | Synchronizing object | GEO-FIXTURE-middle-0-0-GEO-carrier-1m-corner-post-0.90625-0
Fra:1 Mem:97.31M (Peak 97.31M) | Time:00:00.05 | Mem:0.00M, Peak:0.00M | Scene, ViewLayer | Synchronizing object | GEO-FIXTURE-middle-0-0-GEO-carrier-1m-corner-shell-0.90625-0
Fra:1 Mem:97.33M (Peak 97.33M) | Time:00:00.05 | Mem:0.00M, Peak:0.00M | Scene, ViewLayer | Synchronizing object | GEO-FIXTURE-middle-0-0-GEO-carrier-1m-corner-post-0.90625-0.906
Fra:1 Mem:97.35M (Peak 97.35M) | Time:00:00.05 | Mem:0.00M, Peak:0.00M | Scene, ViewLayer | Synchronizing object | GEO-FIXTURE-middle-0-0-GEO-carrier-1m-corner-shell-0.90625-0.90
Fra:1 Mem:97.36M (Peak 97.36M) | Time:00:00.05 | Mem:0.00M, Peak:0.00M | Scene, ViewLayer | Synchronizing object | GEO-FIXTURE-middle-0-0-GEO-carrier-1m-front-rail-0
Fra:1 Mem:97.38M (Peak 97.38M) | Time:00:00.05 | Mem:0.00M, Peak:0.00M | Scene, ViewLayer | Synchronizing object | GEO-FIXTURE-middle-0-0-GEO-carrier-1m-latch-0.15-0
Fra:1 Mem:97.40M (Peak 97.40M) | Time:00:00.05 | Mem:0.00M, Peak:0.00M | Scene, ViewLayer | Synchronizing object | GEO-FIXTURE-middle-0-0-GEO-carrier-1m-latch-grip-0.15-0
Fra:1 Mem:97.41M (Peak 97.41M) | Time:00:00.05 | Mem:0.00M, Peak:0.00M | Scene, ViewLayer | Synchronizing object | GEO-FIXTURE-middle-0-0-GEO-carrier-1m-latch-0.65-0
Fra:1 Mem:97.43M (Peak 97.43M) | Time:00:00.05 | Mem:0.00M, Peak:0.00M | Scene, ViewLayer | Synchronizing object | GEO-FIXTURE-middle-0-0-GEO-carrier-1m-latch-grip-0.65-0
Fra:1 Mem:97.44M (Peak 97.44M) | Time:00:00.05 | Mem:0.00M, Peak:0.00M | Scene, ViewLayer | Synchronizing object | GEO-FIXTURE-middle-0-0-GEO-carrier-1m-status-0
Fra:1 Mem:97.46M (Peak 97.46M) | Time:00:00.05 | Mem:0.00M, Peak:0.00M | Scene, ViewLayer | Synchronizing object | GEO-FIXTURE-middle-0-0-GEO-carrier-1m-front-rail-0.9375
Fra:1 Mem:97.47M (Peak 97.47M) | Time:00:00.05 | Mem:0.00M, Peak:0.00M | Scene, ViewLayer | Synchronizing object | GEO-FIXTURE-middle-0-0-GEO-carrier-1m-latch-0.15-0.9375
Fra:1 Mem:97.48M (Peak 97.48M) | Time:00:00.05 | Mem:0.00M, Peak:0.00M | Scene, ViewLayer | Synchronizing object | GEO-FIXTURE-middle-0-0-GEO-carrier-1m-latch-grip-0.15-0.9375
Fra:1 Mem:97.50M (Peak 97.50M) | Time:00:00.05 | Mem:0.00M, Peak:0.00M | Scene, ViewLayer | Synchronizing object | GEO-FIXTURE-middle-0-0-GEO-carrier-1m-latch-0.65-0.9375
Fra:1 Mem:97.51M (Peak 97.51M) | Time:00:00.05 | Mem:0.00M, Peak:0.00M | Scene, ViewLayer | Synchronizing object | GEO-FIXTURE-middle-0-0-GEO-carrier-1m-latch-grip-0.65-0.9375
Fra:1 Mem:97.53M (Peak 97.53M) | Time:00:00.05 | Mem:0.00M, Peak:0.00M | Scene, ViewLayer | Synchronizing object | GEO-FIXTURE-middle-0-0-GEO-carrier-1m-status-0.9375
Fra:1 Mem:97.55M (Peak 97.55M) | Time:00:00.05 | Mem:0.00M, Peak:0.00M | Scene, ViewLayer | Synchronizing object | GEO-FIXTURE-middle-0-0-GEO-carrier-1m-side-lower-rail-0
Fra:1 Mem:97.56M (Peak 97.56M) | Time:00:00.05 | Mem:0.00M, Peak:0.00M | Scene, ViewLayer | Synchronizing object | GEO-FIXTURE-middle-0-0-GEO-carrier-1m-side-upper-rail-0
Fra:1 Mem:97.58M (Peak 97.58M) | Time:00:00.05 | Mem:0.00M, Peak:0.00M | Scene, ViewLayer | Synchronizing object | GEO-FIXTURE-middle-0-0-GEO-carrier-1m-side-lower-rail-0.9375
Fra:1 Mem:97.59M (Peak 97.59M) | Time:00:00.05 | Mem:0.00M, Peak:0.00M | Scene, ViewLayer | Synchronizing object | GEO-FIXTURE-middle-0-0-GEO-carrier-1m-side-upper-rail-0.9375
Fra:1 Mem:97.61M (Peak 97.61M) | Time:00:00.05 | Mem:0.00M, Peak:0.00M | Scene, ViewLayer | Synchronizing object | GEO-FIXTURE-middle-0-1-GEO-carrier-1m-lower-deck
Fra:1 Mem:97.62M (Peak 97.62M) | Time:00:00.05 | Mem:0.00M, Peak:0.00M | Scene, ViewLayer | Synchronizing object | GEO-FIXTURE-middle-0-1-GEO-carrier-1m-upper-deck
Fra:1 Mem:97.64M (Peak 97.64M) | Time:00:00.05 | Mem:0.00M, Peak:0.00M | Scene, ViewLayer | Synchronizing object | GEO-FIXTURE-middle-0-1-GEO-carrier-1m-BEARING-bottom-0-0
Fra:1 Mem:97.64M (Peak 97.64M) | Time:00:00.05 | Mem:0.00M, Peak:0.00M | Scene, ViewLayer | Synchronizing object | GEO-FIXTURE-middle-0-1-GEO-carrier-1m-BEARING-top-0-0
Fra:1 Mem:97.64M (Peak 97.64M) | Time:00:00.05 | Mem:0.00M, Peak:0.00M | Scene, ViewLayer | Synchronizing object | GEO-FIXTURE-middle-0-1-GEO-carrier-1m-top-restraint-0-0-0.045
Fra:1 Mem:97.65M (Peak 97.65M) | Time:00:00.05 | Mem:0.00M, Peak:0.00M | Scene, ViewLayer | Synchronizing object | GEO-FIXTURE-middle-0-1-GEO-carrier-1m-top-restraint-0-0-0.94
Fra:1 Mem:97.67M (Peak 97.67M) | Time:00:00.05 | Mem:0.00M, Peak:0.00M | Scene, ViewLayer | Synchronizing object | GEO-FIXTURE-middle-0-1-GEO-carrier-1m-corner-post-0-0
Fra:1 Mem:97.68M (Peak 97.68M) | Time:00:00.05 | Mem:0.00M, Peak:0.00M | Scene, ViewLayer | Synchronizing object | GEO-FIXTURE-middle-0-1-GEO-carrier-1m-corner-shell-0-0
Fra:1 Mem:97.70M (Peak 97.70M) | Time:00:00.05 | Mem:0.00M, Peak:0.00M | Scene, ViewLayer | Synchronizing object | GEO-FIXTURE-middle-0-1-GEO-carrier-1m-corner-post-0-0.90625
Fra:1 Mem:97.71M (Peak 97.71M) | Time:00:00.05 | Mem:0.00M, Peak:0.00M | Scene, ViewLayer | Synchronizing object | GEO-FIXTURE-middle-0-1-GEO-carrier-1m-corner-shell-0-0.90625
Fra:1 Mem:97.73M (Peak 97.73M) | Time:00:00.05 | Mem:0.00M, Peak:0.00M | Scene, ViewLayer | Synchronizing object | GEO-FIXTURE-middle-0-1-GEO-carrier-1m-corner-post-0.90625-0
Fra:1 Mem:97.74M (Peak 97.74M) | Time:00:00.05 | Mem:0.00M, Peak:0.00M | Scene, ViewLayer | Synchronizing object | GEO-FIXTURE-middle-0-1-GEO-carrier-1m-corner-shell-0.90625-0
Fra:1 Mem:97.76M (Peak 97.76M) | Time:00:00.05 | Mem:0.00M, Peak:0.00M | Scene, ViewLayer | Synchronizing object | GEO-FIXTURE-middle-0-1-GEO-carrier-1m-corner-post-0.90625-0.906
Fra:1 Mem:97.77M (Peak 97.77M) | Time:00:00.05 | Mem:0.00M, Peak:0.00M | Scene, ViewLayer | Synchronizing object | GEO-FIXTURE-middle-0-1-GEO-carrier-1m-corner-shell-0.90625-0.90
Fra:1 Mem:97.79M (Peak 97.79M) | Time:00:00.05 | Mem:0.00M, Peak:0.00M | Scene, ViewLayer | Synchronizing object | GEO-FIXTURE-middle-0-1-GEO-carrier-1m-front-rail-0
Fra:1 Mem:97.80M (Peak 97.80M) | Time:00:00.05 | Mem:0.00M, Peak:0.00M | Scene, ViewLayer | Synchronizing object | GEO-FIXTURE-middle-0-1-GEO-carrier-1m-latch-0.15-0
Fra:1 Mem:97.84M (Peak 97.84M) | Time:00:00.05 | Mem:0.00M, Peak:0.00M | Scene, ViewLayer | Synchronizing object | PAYLOAD-top-GEO-fixed-rear-hinge-saddle.003--export
Fra:1 Mem:97.82M (Peak 97.84M) | Time:00:00.05 | Mem:0.00M, Peak:0.00M | Scene, ViewLayer | Synchronizing object | GEO-FIXTURE-middle-0-1-GEO-carrier-1m-latch-grip-0.15-0
Fra:1 Mem:97.86M (Peak 97.86M) | Time:00:00.05 | Mem:0.00M, Peak:0.00M | Scene, ViewLayer | Synchronizing object | GEO-FIXTURE-middle-0-1-GEO-carrier-1m-latch-0.65-0
Fra:1 Mem:97.87M (Peak 97.87M) | Time:00:00.05 | Mem:0.00M, Peak:0.00M | Scene, ViewLayer | Synchronizing object | GEO-FIXTURE-middle-0-1-GEO-carrier-1m-latch-grip-0.65-0
Fra:1 Mem:97.87M (Peak 97.87M) | Time:00:00.05 | Mem:0.00M, Peak:0.00M | Scene, ViewLayer | Synchronizing object | PAYLOAD-top-GEO-fixed-rear-hinge-saddle.002--export
Fra:1 Mem:97.90M (Peak 97.90M) | Time:00:00.05 | Mem:0.00M, Peak:0.00M | Scene, ViewLayer | Synchronizing object | GEO-FIXTURE-middle-0-1-GEO-carrier-1m-front-rail-0.9375
Fra:1 Mem:97.91M (Peak 97.91M) | Time:00:00.05 | Mem:0.00M, Peak:0.00M | Scene, ViewLayer | Synchronizing object | PAYLOAD-top-GEO-fixed-rear-hinge-saddle.001--export
Fra:1 Mem:97.91M (Peak 97.91M) | Time:00:00.05 | Mem:0.00M, Peak:0.00M | Scene, ViewLayer | Synchronizing object | GEO-FIXTURE-middle-0-1-GEO-carrier-1m-latch-0.15-0.9375
Fra:1 Mem:97.96M (Peak 97.96M) | Time:00:00.05 | Mem:0.00M, Peak:0.00M | Scene, ViewLayer | Synchronizing object | GEO-FIXTURE-middle-0-1-GEO-carrier-1m-latch-grip-0.15-0.9375
Fra:1 Mem:97.96M (Peak 97.96M) | Time:00:00.05 | Mem:0.00M, Peak:0.00M | Scene, ViewLayer | Synchronizing object | PAYLOAD-top-GEO-fixed-rear-hinge-saddle--export
Fra:1 Mem:97.98M (Peak 97.98M) | Time:00:00.05 | Mem:0.00M, Peak:0.00M | Scene, ViewLayer | Synchronizing object | GEO-FIXTURE-middle-0-1-GEO-carrier-1m-latch-0.65-0.9375
Fra:1 Mem:97.99M (Peak 97.99M) | Time:00:00.05 | Mem:0.00M, Peak:0.00M | Scene, ViewLayer | Synchronizing object | PAYLOAD-top-GEO-lid-latch-connecting-bridge.001--export
Fra:1 Mem:97.99M (Peak 97.99M) | Time:00:00.05 | Mem:0.00M, Peak:0.00M | Scene, ViewLayer | Synchronizing object | GEO-FIXTURE-middle-0-1-GEO-carrier-1m-latch-grip-0.65-0.9375
Fra:1 Mem:98.00M (Peak 98.00M) | Time:00:00.05 | Mem:0.00M, Peak:0.00M | Scene, ViewLayer | Synchronizing object | PAYLOAD-top-GEO-lid-latch-connecting-bridge--export
Fra:1 Mem:98.04M (Peak 98.04M) | Time:00:00.05 | Mem:0.00M, Peak:0.00M | Scene, ViewLayer | Synchronizing object | GEO-FIXTURE-middle-0-1-GEO-carrier-1m-status-0.9375
Fra:1 Mem:98.03M (Peak 98.04M) | Time:00:00.05 | Mem:0.00M, Peak:0.00M | Scene, ViewLayer | Synchronizing object | PAYLOAD-top-GEO-inset-lid-gasket.003--export
Fra:1 Mem:98.03M (Peak 98.04M) | Time:00:00.05 | Mem:0.00M, Peak:0.00M | Scene, ViewLayer | Synchronizing object | GEO-FIXTURE-middle-0-1-GEO-carrier-1m-side-lower-rail-0
Fra:1 Mem:98.07M (Peak 98.07M) | Time:00:00.05 | Mem:0.00M, Peak:0.00M | Scene, ViewLayer | Synchronizing object | GEO-FIXTURE-middle-0-1-GEO-carrier-1m-side-upper-rail-0
Fra:1 Mem:98.08M (Peak 98.08M) | Time:00:00.05 | Mem:0.00M, Peak:0.00M | Scene, ViewLayer | Synchronizing object | PAYLOAD-top-GEO-lid-support-ledge.003--export
Fra:1 Mem:98.11M (Peak 98.11M) | Time:00:00.05 | Mem:0.00M, Peak:0.00M | Scene, ViewLayer | Synchronizing object | GEO-FIXTURE-middle-0-1-GEO-carrier-1m-side-lower-rail-0.9375
Fra:1 Mem:98.11M (Peak 98.11M) | Time:00:00.05 | Mem:0.00M, Peak:0.00M | Scene, ViewLayer | Synchronizing object | PAYLOAD-top-GEO-inset-lid-gasket.002--export
Fra:1 Mem:98.13M (Peak 98.13M) | Time:00:00.05 | Mem:0.00M, Peak:0.00M | Scene, ViewLayer | Synchronizing object | GEO-FIXTURE-middle-0-1-GEO-carrier-1m-side-upper-rail-0.9375
Fra:1 Mem:98.13M (Peak 98.13M) | Time:00:00.05 | Mem:0.00M, Peak:0.00M | Scene, ViewLayer | Synchronizing object | GEO-FIXTURE-middle-1-0-GEO-carrier-1m-lower-deck
Fra:1 Mem:98.13M (Peak 98.13M) | Time:00:00.05 | Mem:0.00M, Peak:0.00M | Scene, ViewLayer | Synchronizing object | PAYLOAD-top-GEO-lid-support-ledge.002--export
Fra:1 Mem:98.16M (Peak 98.16M) | Time:00:00.05 | Mem:0.00M, Peak:0.00M | Scene, ViewLayer | Synchronizing object | GEO-FIXTURE-middle-1-0-GEO-carrier-1m-upper-deck
Fra:1 Mem:98.18M (Peak 98.18M) | Time:00:00.05 | Mem:0.00M, Peak:0.00M | Scene, ViewLayer | Synchronizing object | PAYLOAD-top-GEO-inset-lid-gasket.001--export
Fra:1 Mem:98.17M (Peak 98.18M) | Time:00:00.05 | Mem:0.00M, Peak:0.00M | Scene, ViewLayer | Synchronizing object | GEO-FIXTURE-middle-1-0-GEO-carrier-1m-BEARING-bottom-0-0
Fra:1 Mem:98.17M (Peak 98.18M) | Time:00:00.05 | Mem:0.00M, Peak:0.00M | Scene, ViewLayer | Synchronizing object | GEO-FIXTURE-middle-1-0-GEO-carrier-1m-BEARING-top-0-0
Fra:1 Mem:98.19M (Peak 98.19M) | Time:00:00.05 | Mem:0.00M, Peak:0.00M | Scene, ViewLayer | Synchronizing object | GEO-FIXTURE-middle-1-0-GEO-carrier-1m-top-restraint-0-0-0.045
Fra:1 Mem:98.22M (Peak 98.22M) | Time:00:00.05 | Mem:0.00M, Peak:0.00M | Scene, ViewLayer | Synchronizing object | GEO-FIXTURE-middle-1-0-GEO-carrier-1m-top-restraint-0-0-0.94
Fra:1 Mem:98.21M (Peak 98.22M) | Time:00:00.05 | Mem:0.00M, Peak:0.00M | Scene, ViewLayer | Synchronizing object | PAYLOAD-top-GEO-lid-support-ledge.001--export
Fra:1 Mem:98.24M (Peak 98.24M) | Time:00:00.05 | Mem:0.00M, Peak:0.00M | Scene, ViewLayer | Synchronizing object | GEO-FIXTURE-middle-1-0-GEO-carrier-1m-corner-post-0-0
Fra:1 Mem:98.26M (Peak 98.26M) | Time:00:00.05 | Mem:0.00M, Peak:0.00M | Scene, ViewLayer | Synchronizing object | GEO-FIXTURE-middle-1-0-GEO-carrier-1m-corner-shell-0-0
Fra:1 Mem:98.25M (Peak 98.26M) | Time:00:00.05 | Mem:0.00M, Peak:0.00M | Scene, ViewLayer | Synchronizing object | PAYLOAD-top-GEO-inset-lid-gasket--export
Fra:1 Mem:98.25M (Peak 98.26M) | Time:00:00.05 | Mem:0.00M, Peak:0.00M | Scene, ViewLayer | Synchronizing object | GEO-FIXTURE-middle-1-0-GEO-carrier-1m-corner-post-0-0.90625
Fra:1 Mem:98.28M (Peak 98.28M) | Time:00:00.05 | Mem:0.00M, Peak:0.00M | Scene, ViewLayer | Synchronizing object | GEO-FIXTURE-middle-1-0-GEO-carrier-1m-corner-shell-0-0.90625
Fra:1 Mem:98.29M (Peak 98.29M) | Time:00:00.05 | Mem:0.00M, Peak:0.00M | Scene, ViewLayer | Synchronizing object | PAYLOAD-top-GEO-lid-support-ledge--export
Fra:1 Mem:98.29M (Peak 98.29M) | Time:00:00.05 | Mem:0.00M, Peak:0.00M | Scene, ViewLayer | Synchronizing object | GEO-FIXTURE-middle-1-0-GEO-carrier-1m-corner-post-0.90625-0
Fra:1 Mem:98.32M (Peak 98.32M) | Time:00:00.05 | Mem:0.00M, Peak:0.00M | Scene, ViewLayer | Synchronizing object | GEO-FIXTURE-middle-1-0-GEO-carrier-1m-corner-shell-0.90625-0
Fra:1 Mem:98.33M (Peak 98.33M) | Time:00:00.05 | Mem:0.00M, Peak:0.00M | Scene, ViewLayer | Synchronizing object | GEO-FIXTURE-middle-1-0-GEO-carrier-1m-corner-post-0.90625-0.906
Fra:1 Mem:98.34M (Peak 98.34M) | Time:00:00.05 | Mem:0.00M, Peak:0.00M | Scene, ViewLayer | Synchronizing object | GEO-FIXTURE-middle-1-0-GEO-carrier-1m-corner-shell-0.90625-0.90
Fra:1 Mem:98.36M (Peak 98.36M) | Time:00:00.05 | Mem:0.00M, Peak:0.00M | Scene, ViewLayer | Synchronizing object | PAYLOAD-top-GEO-fixed-top-frame.003--export
Fra:1 Mem:98.36M (Peak 98.36M) | Time:00:00.05 | Mem:0.00M, Peak:0.00M | Scene, ViewLayer | Synchronizing object | GEO-FIXTURE-middle-1-0-GEO-carrier-1m-front-rail-0
Fra:1 Mem:98.37M (Peak 98.37M) | Time:00:00.05 | Mem:0.00M, Peak:0.00M | Scene, ViewLayer | Synchronizing object | GEO-FIXTURE-middle-1-0-GEO-carrier-1m-latch-0.15-0
Fra:1 Mem:98.39M (Peak 98.39M) | Time:00:00.05 | Mem:0.00M, Peak:0.00M | Scene, ViewLayer | Synchronizing object | GEO-FIXTURE-middle-1-0-GEO-carrier-1m-latch-grip-0.15-0
Fra:1 Mem:98.40M (Peak 98.40M) | Time:00:00.05 | Mem:0.00M, Peak:0.00M | Scene, ViewLayer | Synchronizing object | GEO-FIXTURE-middle-1-0-GEO-carrier-1m-latch-0.65-0
Fra:1 Mem:98.41M (Peak 98.41M) | Time:00:00.05 | Mem:0.00M, Peak:0.00M | Scene, ViewLayer | Synchronizing object | GEO-FIXTURE-middle-1-0-GEO-carrier-1m-latch-grip-0.65-0
Fra:1 Mem:98.42M (Peak 98.42M) | Time:00:00.05 | Mem:0.00M, Peak:0.00M | Scene, ViewLayer | Synchronizing object | GEO-FIXTURE-middle-1-0-GEO-carrier-1m-status-0
Fra:1 Mem:98.44M (Peak 98.44M) | Time:00:00.05 | Mem:0.00M, Peak:0.00M | Scene, ViewLayer | Synchronizing object | GEO-FIXTURE-middle-1-0-GEO-carrier-1m-front-rail-0.9375
Fra:1 Mem:98.45M (Peak 98.45M) | Time:00:00.05 | Mem:0.00M, Peak:0.00M | Scene, ViewLayer | Synchronizing object | GEO-FIXTURE-middle-1-0-GEO-carrier-1m-latch-0.15-0.9375
Fra:1 Mem:98.46M (Peak 98.46M) | Time:00:00.05 | Mem:0.00M, Peak:0.00M | Scene, ViewLayer | Synchronizing object | GEO-FIXTURE-middle-1-0-GEO-carrier-1m-latch-grip-0.15-0.9375
Fra:1 Mem:98.48M (Peak 98.48M) | Time:00:00.05 | Mem:0.00M, Peak:0.00M | Scene, ViewLayer | Synchronizing object | GEO-FIXTURE-middle-1-0-GEO-carrier-1m-latch-0.65-0.9375
Fra:1 Mem:98.49M (Peak 98.49M) | Time:00:00.05 | Mem:0.00M, Peak:0.00M | Scene, ViewLayer | Synchronizing object | GEO-FIXTURE-middle-1-0-GEO-carrier-1m-latch-grip-0.65-0.9375
Fra:1 Mem:98.50M (Peak 98.50M) | Time:00:00.05 | Mem:0.00M, Peak:0.00M | Scene, ViewLayer | Synchronizing object | GEO-FIXTURE-middle-1-0-GEO-carrier-1m-status-0.9375
Fra:1 Mem:98.51M (Peak 98.51M) | Time:00:00.05 | Mem:0.00M, Peak:0.00M | Scene, ViewLayer | Synchronizing object | GEO-FIXTURE-middle-1-0-GEO-carrier-1m-side-lower-rail-0
Fra:1 Mem:98.53M (Peak 98.53M) | Time:00:00.05 | Mem:0.00M, Peak:0.00M | Scene, ViewLayer | Synchronizing object | GEO-FIXTURE-middle-1-0-GEO-carrier-1m-side-upper-rail-0
Fra:1 Mem:98.54M (Peak 98.54M) | Time:00:00.05 | Mem:0.00M, Peak:0.00M | Scene, ViewLayer | Synchronizing object | GEO-FIXTURE-middle-1-0-GEO-carrier-1m-side-lower-rail-0.9375
Fra:1 Mem:98.55M (Peak 98.55M) | Time:00:00.05 | Mem:0.00M, Peak:0.00M | Scene, ViewLayer | Synchronizing object | GEO-FIXTURE-middle-1-0-GEO-carrier-1m-side-upper-rail-0.9375
Fra:1 Mem:98.57M (Peak 98.57M) | Time:00:00.05 | Mem:0.00M, Peak:0.00M | Scene, ViewLayer | Synchronizing object | GEO-FIXTURE-middle-1-1-GEO-carrier-1m-lower-deck
Fra:1 Mem:98.58M (Peak 98.58M) | Time:00:00.05 | Mem:0.00M, Peak:0.00M | Scene, ViewLayer | Synchronizing object | GEO-FIXTURE-middle-1-1-GEO-carrier-1m-upper-deck
Fra:1 Mem:98.59M (Peak 98.59M) | Time:00:00.05 | Mem:0.00M, Peak:0.00M | Scene, ViewLayer | Synchronizing object | GEO-FIXTURE-middle-1-1-GEO-carrier-1m-BEARING-bottom-0-0
Fra:1 Mem:98.59M (Peak 98.59M) | Time:00:00.05 | Mem:0.00M, Peak:0.00M | Scene, ViewLayer | Synchronizing object | GEO-FIXTURE-middle-1-1-GEO-carrier-1m-BEARING-top-0-0
Fra:1 Mem:98.59M (Peak 98.59M) | Time:00:00.05 | Mem:0.00M, Peak:0.00M | Scene, ViewLayer | Synchronizing object | GEO-FIXTURE-middle-1-1-GEO-carrier-1m-top-restraint-0-0-0.045
Fra:1 Mem:98.61M (Peak 98.61M) | Time:00:00.05 | Mem:0.00M, Peak:0.00M | Scene, ViewLayer | Synchronizing object | GEO-FIXTURE-middle-1-1-GEO-carrier-1m-top-restraint-0-0-0.94
Fra:1 Mem:98.62M (Peak 98.62M) | Time:00:00.05 | Mem:0.00M, Peak:0.00M | Scene, ViewLayer | Synchronizing object | GEO-FIXTURE-middle-1-1-GEO-carrier-1m-corner-post-0-0
Fra:1 Mem:98.63M (Peak 98.63M) | Time:00:00.05 | Mem:0.00M, Peak:0.00M | Scene, ViewLayer | Synchronizing object | GEO-FIXTURE-middle-1-1-GEO-carrier-1m-corner-shell-0-0
Fra:1 Mem:98.64M (Peak 98.64M) | Time:00:00.05 | Mem:0.00M, Peak:0.00M | Scene, ViewLayer | Synchronizing object | GEO-FIXTURE-middle-1-1-GEO-carrier-1m-corner-post-0-0.90625
Fra:1 Mem:98.66M (Peak 98.66M) | Time:00:00.05 | Mem:0.00M, Peak:0.00M | Scene, ViewLayer | Synchronizing object | GEO-FIXTURE-middle-1-1-GEO-carrier-1m-corner-shell-0-0.90625
Fra:1 Mem:98.67M (Peak 98.67M) | Time:00:00.05 | Mem:0.00M, Peak:0.00M | Scene, ViewLayer | Synchronizing object | GEO-FIXTURE-middle-1-1-GEO-carrier-1m-corner-post-0.90625-0
Fra:1 Mem:98.68M (Peak 98.68M) | Time:00:00.05 | Mem:0.00M, Peak:0.00M | Scene, ViewLayer | Synchronizing object | GEO-FIXTURE-middle-1-1-GEO-carrier-1m-corner-shell-0.90625-0
Fra:1 Mem:98.72M (Peak 98.72M) | Time:00:00.05 | Mem:0.00M, Peak:0.00M | Scene, ViewLayer | Synchronizing object | GEO-FIXTURE-middle-1-1-GEO-carrier-1m-corner-post-0.90625-0.906
Fra:1 Mem:98.72M (Peak 98.72M) | Time:00:00.05 | Mem:0.00M, Peak:0.00M | Scene, ViewLayer | Synchronizing object | GEO-FIXTURE-middle-1-1-GEO-carrier-1m-corner-shell-0.90625-0.90
Fra:1 Mem:98.73M (Peak 98.73M) | Time:00:00.05 | Mem:0.00M, Peak:0.00M | Scene, ViewLayer | Synchronizing object | GEO-FIXTURE-middle-1-1-GEO-carrier-1m-front-rail-0
Fra:1 Mem:98.74M (Peak 98.74M) | Time:00:00.05 | Mem:0.00M, Peak:0.00M | Scene, ViewLayer | Synchronizing object | PAYLOAD-top-GEO-fixed-top-frame.002--export
Fra:1 Mem:98.77M (Peak 98.77M) | Time:00:00.05 | Mem:0.00M, Peak:0.00M | Scene, ViewLayer | Synchronizing object | GEO-FIXTURE-middle-1-1-GEO-carrier-1m-latch-0.15-0
Fra:1 Mem:98.79M (Peak 98.79M) | Time:00:00.05 | Mem:0.00M, Peak:0.00M | Scene, ViewLayer | Synchronizing object | GEO-FIXTURE-middle-1-1-GEO-carrier-1m-latch-grip-0.15-0
Fra:1 Mem:98.79M (Peak 98.79M) | Time:00:00.05 | Mem:0.00M, Peak:0.00M | Scene, ViewLayer | Synchronizing object | PAYLOAD-top-GEO-fixed-top-frame.001--export
Fra:1 Mem:98.82M (Peak 98.82M) | Time:00:00.05 | Mem:0.00M, Peak:0.00M | Scene, ViewLayer | Synchronizing object | GEO-FIXTURE-middle-1-1-GEO-carrier-1m-latch-0.65-0
Fra:1 Mem:98.81M (Peak 98.82M) | Time:00:00.05 | Mem:0.00M, Peak:0.00M | Scene, ViewLayer | Synchronizing object | GEO-FIXTURE-middle-1-1-GEO-carrier-1m-latch-grip-0.65-0
Fra:1 Mem:98.81M (Peak 98.82M) | Time:00:00.05 | Mem:0.00M, Peak:0.00M | Scene, ViewLayer | Synchronizing object | PAYLOAD-top-GEO-fixed-top-frame--export
Fra:1 Mem:98.85M (Peak 98.85M) | Time:00:00.05 | Mem:0.00M, Peak:0.00M | Scene, ViewLayer | Synchronizing object | GEO-FIXTURE-middle-1-1-GEO-carrier-1m-status-0
Fra:1 Mem:98.87M (Peak 98.87M) | Time:00:00.05 | Mem:0.00M, Peak:0.00M | Scene, ViewLayer | Synchronizing object | PAYLOAD-top-GEO-marking-STA / S--export
Fra:1 Mem:98.85M (Peak 98.87M) | Time:00:00.05 | Mem:0.00M, Peak:0.00M | Scene, ViewLayer | Synchronizing object | GEO-FIXTURE-middle-1-1-GEO-carrier-1m-front-rail-0.9375
Fra:1 Mem:98.90M (Peak 98.90M) | Time:00:00.05 | Mem:0.00M, Peak:0.00M | Scene, ViewLayer | Synchronizing object | GEO-FIXTURE-middle-1-1-GEO-carrier-1m-latch-0.15-0.9375
Fra:1 Mem:99.12M (Peak 99.12M) | Time:00:00.05 | Mem:0.00M, Peak:0.00M | Scene, ViewLayer | Synchronizing object | GEO-FIXTURE-middle-1-1-GEO-carrier-1m-latch-grip-0.15-0.9375
Fra:1 Mem:99.19M (Peak 99.19M) | Time:00:00.05 | Mem:0.00M, Peak:0.00M | Scene, ViewLayer | Synchronizing object | GEO-FIXTURE-middle-1-1-GEO-carrier-1m-latch-0.65-0.9375
Fra:1 Mem:99.08M (Peak 99.19M) | Time:00:00.05 | Mem:0.00M, Peak:0.00M | Scene, ViewLayer | Synchronizing object | GEO-FIXTURE-middle-1-1-GEO-carrier-1m-latch-grip-0.65-0.9375
Fra:1 Mem:99.11M (Peak 99.19M) | Time:00:00.05 | Mem:0.00M, Peak:0.00M | Scene, ViewLayer | Synchronizing object | GEO-FIXTURE-middle-1-1-GEO-carrier-1m-status-0.9375
Fra:1 Mem:99.24M (Peak 99.24M) | Time:00:00.05 | Mem:0.00M, Peak:0.00M | Scene, ViewLayer | Synchronizing object | GEO-FIXTURE-middle-1-1-GEO-carrier-1m-side-lower-rail-0
Fra:1 Mem:99.25M (Peak 99.25M) | Time:00:00.05 | Mem:0.00M, Peak:0.00M | Scene, ViewLayer | Synchronizing object | GEO-FIXTURE-middle-1-1-GEO-carrier-1m-side-upper-rail-0
Fra:1 Mem:99.21M (Peak 99.25M) | Time:00:00.05 | Mem:0.00M, Peak:0.00M | Scene, ViewLayer | Synchronizing object | GEO-FIXTURE-middle-1-1-GEO-carrier-1m-side-lower-rail-0.9375
Fra:1 Mem:99.11M (Peak 99.25M) | Time:00:00.05 | Mem:0.00M, Peak:0.00M | Scene, ViewLayer | Synchronizing object | GEO-FIXTURE-middle-1-1-GEO-carrier-1m-side-upper-rail-0.9375
Fra:1 Mem:99.09M (Peak 99.25M) | Time:00:00.05 | Mem:0.00M, Peak:0.00M | Scene, ViewLayer | Synchronizing object | PAYLOAD-top-GEO-44mm-clear-stack-receiver.015--export
Fra:1 Mem:99.11M (Peak 99.25M) | Time:00:00.05 | Mem:0.00M, Peak:0.00M | Scene, ViewLayer | Synchronizing object | GEO-FIXTURE-top-GEO-carrier-2m-lower-deck
Fra:1 Mem:99.12M (Peak 99.25M) | Time:00:00.05 | Mem:0.00M, Peak:0.00M | Scene, ViewLayer | Synchronizing object | PAYLOAD-top-GEO-44mm-clear-stack-receiver.014--export
Fra:1 Mem:99.12M (Peak 99.25M) | Time:00:00.05 | Mem:0.00M, Peak:0.00M | Scene, ViewLayer | Synchronizing object | GEO-FIXTURE-top-GEO-carrier-2m-upper-deck
Fra:1 Mem:99.17M (Peak 99.25M) | Time:00:00.05 | Mem:0.00M, Peak:0.00M | Scene, ViewLayer | Synchronizing object | GEO-FIXTURE-top-GEO-carrier-2m-BEARING-bottom-0-0
Fra:1 Mem:99.17M (Peak 99.25M) | Time:00:00.05 | Mem:0.00M, Peak:0.00M | Scene, ViewLayer | Synchronizing object | GEO-FIXTURE-top-GEO-carrier-2m-BEARING-top-0-0
Fra:1 Mem:99.17M (Peak 99.25M) | Time:00:00.05 | Mem:0.00M, Peak:0.00M | Scene, ViewLayer | Synchronizing object | GEO-FIXTURE-top-GEO-carrier-2m-top-restraint-0-0-0.045
Fra:1 Mem:99.15M (Peak 99.25M) | Time:00:00.05 | Mem:0.00M, Peak:0.00M | Scene, ViewLayer | Synchronizing object | PAYLOAD-top-GEO-44mm-clear-stack-receiver.013--export
Fra:1 Mem:99.20M (Peak 99.25M) | Time:00:00.05 | Mem:0.00M, Peak:0.00M | Scene, ViewLayer | Synchronizing object | GEO-FIXTURE-top-GEO-carrier-2m-top-restraint-0-0-0.94
Fra:1 Mem:99.21M (Peak 99.25M) | Time:00:00.05 | Mem:0.00M, Peak:0.00M | Scene, ViewLayer | Synchronizing object | GEO-FIXTURE-top-GEO-carrier-2m-BEARING-bottom-0-1
Fra:1 Mem:99.21M (Peak 99.25M) | Time:00:00.05 | Mem:0.00M, Peak:0.00M | Scene, ViewLayer | Synchronizing object | GEO-FIXTURE-top-GEO-carrier-2m-BEARING-top-0-1
Fra:1 Mem:99.19M (Peak 99.25M) | Time:00:00.05 | Mem:0.00M, Peak:0.00M | Scene, ViewLayer | Synchronizing object | GEO-FIXTURE-top-GEO-carrier-2m-top-restraint-0-1-1.045
Fra:1 Mem:99.19M (Peak 99.25M) | Time:00:00.05 | Mem:0.00M, Peak:0.00M | Scene, ViewLayer | Synchronizing object | PAYLOAD-top-GEO-44mm-clear-stack-receiver.012--export
Fra:1 Mem:99.23M (Peak 99.25M) | Time:00:00.05 | Mem:0.00M, Peak:0.00M | Scene, ViewLayer | Synchronizing object | GEO-FIXTURE-top-GEO-carrier-2m-top-restraint-0-1-1.94
Fra:1 Mem:99.23M (Peak 99.25M) | Time:00:00.05 | Mem:0.00M, Peak:0.00M | Scene, ViewLayer | Synchronizing object | GEO-FIXTURE-top-GEO-carrier-2m-BEARING-bottom-1-0
Fra:1 Mem:99.23M (Peak 99.25M) | Time:00:00.05 | Mem:0.00M, Peak:0.00M | Scene, ViewLayer | Synchronizing object | GEO-FIXTURE-top-GEO-carrier-2m-BEARING-top-1-0
Fra:1 Mem:99.23M (Peak 99.25M) | Time:00:00.05 | Mem:0.00M, Peak:0.00M | Scene, ViewLayer | Synchronizing object | GEO-FIXTURE-top-GEO-carrier-2m-top-restraint-1-0-0.045
Fra:1 Mem:99.28M (Peak 99.28M) | Time:00:00.05 | Mem:0.00M, Peak:0.00M | Scene, ViewLayer | Synchronizing object | GEO-FIXTURE-top-GEO-carrier-2m-top-restraint-1-0-0.94
Fra:1 Mem:99.27M (Peak 99.28M) | Time:00:00.05 | Mem:0.00M, Peak:0.00M | Scene, ViewLayer | Synchronizing object | PAYLOAD-top-GEO-44mm-clear-stack-receiver.011--export
Fra:1 Mem:99.30M (Peak 99.30M) | Time:00:00.05 | Mem:0.00M, Peak:0.00M | Scene, ViewLayer | Synchronizing object | GEO-FIXTURE-top-GEO-carrier-2m-BEARING-bottom-1-1
Fra:1 Mem:99.31M (Peak 99.31M) | Time:00:00.05 | Mem:0.00M, Peak:0.00M | Scene, ViewLayer | Synchronizing object | GEO-FIXTURE-top-GEO-carrier-2m-BEARING-top-1-1
Fra:1 Mem:99.29M (Peak 99.31M) | Time:00:00.05 | Mem:0.00M, Peak:0.00M | Scene, ViewLayer | Synchronizing object | GEO-FIXTURE-top-GEO-carrier-2m-top-restraint-1-1-1.045
Fra:1 Mem:99.32M (Peak 99.32M) | Time:00:00.05 | Mem:0.00M, Peak:0.00M | Scene, ViewLayer | Synchronizing object | PAYLOAD-top-GEO-44mm-clear-stack-receiver.010--export
Fra:1 Mem:99.33M (Peak 99.33M) | Time:00:00.05 | Mem:0.00M, Peak:0.00M | Scene, ViewLayer | Synchronizing object | GEO-FIXTURE-top-GEO-carrier-2m-top-restraint-1-1-1.94
Fra:1 Mem:99.35M (Peak 99.35M) | Time:00:00.05 | Mem:0.00M, Peak:0.00M | Scene, ViewLayer | Synchronizing object | GEO-FIXTURE-top-GEO-carrier-2m-corner-post-0-0
Fra:1 Mem:99.33M (Peak 99.35M) | Time:00:00.05 | Mem:0.00M, Peak:0.00M | Scene, ViewLayer | Synchronizing object | PAYLOAD-top-GEO-44mm-clear-stack-receiver.009--export
Fra:1 Mem:99.36M (Peak 99.36M) | Time:00:00.05 | Mem:0.00M, Peak:0.00M | Scene, ViewLayer | Synchronizing object | GEO-FIXTURE-top-GEO-carrier-2m-corner-shell-0-0
Fra:1 Mem:99.38M (Peak 99.38M) | Time:00:00.05 | Mem:0.00M, Peak:0.00M | Scene, ViewLayer | Synchronizing object | PAYLOAD-top-GEO-44mm-clear-stack-receiver.008--export
Fra:1 Mem:99.37M (Peak 99.38M) | Time:00:00.05 | Mem:0.00M, Peak:0.00M | Scene, ViewLayer | Synchronizing object | GEO-FIXTURE-top-GEO-carrier-2m-corner-post-0-1.90625
Fra:1 Mem:99.42M (Peak 99.42M) | Time:00:00.05 | Mem:0.00M, Peak:0.00M | Scene, ViewLayer | Synchronizing object | GEO-FIXTURE-top-GEO-carrier-2m-corner-shell-0-1.90625
Fra:1 Mem:99.41M (Peak 99.42M) | Time:00:00.05 | Mem:0.00M, Peak:0.00M | Scene, ViewLayer | Synchronizing object | PAYLOAD-top-GEO-stack-receiver-base.002--export
Fra:1 Mem:99.44M (Peak 99.44M) | Time:00:00.05 | Mem:0.00M, Peak:0.00M | Scene, ViewLayer | Synchronizing object | GEO-FIXTURE-top-GEO-carrier-2m-corner-post-1.90625-0
Fra:1 Mem:99.45M (Peak 99.45M) | Time:00:00.05 | Mem:0.00M, Peak:0.00M | Scene, ViewLayer | Synchronizing object | PAYLOAD-top-GEO-44mm-clear-stack-receiver.007--export
Fra:1 Mem:99.44M (Peak 99.45M) | Time:00:00.05 | Mem:0.00M, Peak:0.00M | Scene, ViewLayer | Synchronizing object | GEO-FIXTURE-top-GEO-carrier-2m-corner-shell-1.90625-0
Fra:1 Mem:99.48M (Peak 99.48M) | Time:00:00.05 | Mem:0.00M, Peak:0.00M | Scene, ViewLayer | Synchronizing object | GEO-FIXTURE-top-GEO-carrier-2m-corner-post-1.90625-1.90625
Fra:1 Mem:99.48M (Peak 99.48M) | Time:00:00.05 | Mem:0.00M, Peak:0.00M | Scene, ViewLayer | Synchronizing object | PAYLOAD-top-GEO-44mm-clear-stack-receiver.006--export
Fra:1 Mem:99.50M (Peak 99.50M) | Time:00:00.05 | Mem:0.00M, Peak:0.00M | Scene, ViewLayer | Synchronizing object | GEO-FIXTURE-top-GEO-carrier-2m-corner-shell-1.90625-1.90625
Fra:1 Mem:99.50M (Peak 99.50M) | Time:00:00.05 | Mem:0.00M, Peak:0.00M | Scene, ViewLayer | Synchronizing object | GEO-FIXTURE-top-GEO-carrier-2m-front-rail-0
Fra:1 Mem:99.50M (Peak 99.50M) | Time:00:00.05 | Mem:0.00M, Peak:0.00M | Scene, ViewLayer | Synchronizing object | PAYLOAD-top-GEO-44mm-clear-stack-receiver.005--export
Fra:1 Mem:99.54M (Peak 99.54M) | Time:00:00.05 | Mem:0.00M, Peak:0.00M | Scene, ViewLayer | Synchronizing object | GEO-FIXTURE-top-GEO-carrier-2m-latch-0.15-0
Fra:1 Mem:99.56M (Peak 99.56M) | Time:00:00.05 | Mem:0.00M, Peak:0.00M | Scene, ViewLayer | Synchronizing object | PAYLOAD-top-GEO-44mm-clear-stack-receiver.004--export
Fra:1 Mem:99.55M (Peak 99.56M) | Time:00:00.05 | Mem:0.00M, Peak:0.00M | Scene, ViewLayer | Synchronizing object | GEO-FIXTURE-top-GEO-carrier-2m-latch-grip-0.15-0
Fra:1 Mem:99.59M (Peak 99.59M) | Time:00:00.05 | Mem:0.00M, Peak:0.00M | Scene, ViewLayer | Synchronizing object | GEO-FIXTURE-top-GEO-carrier-2m-latch-1.65-0
Fra:1 Mem:99.59M (Peak 99.59M) | Time:00:00.05 | Mem:0.00M, Peak:0.00M | Scene, ViewLayer | Synchronizing object | PAYLOAD-top-GEO-stack-receiver-base.001--export
Fra:1 Mem:99.61M (Peak 99.61M) | Time:00:00.05 | Mem:0.00M, Peak:0.00M | Scene, ViewLayer | Synchronizing object | GEO-FIXTURE-top-GEO-carrier-2m-latch-grip-1.65-0
Fra:1 Mem:99.63M (Peak 99.63M) | Time:00:00.05 | Mem:0.00M, Peak:0.00M | Scene, ViewLayer | Synchronizing object | GEO-FIXTURE-top-GEO-carrier-2m-status-0
Fra:1 Mem:99.62M (Peak 99.63M) | Time:00:00.05 | Mem:0.00M, Peak:0.00M | Scene, ViewLayer | Synchronizing object | PAYLOAD-top-GEO-44mm-clear-stack-receiver.003--export
Fra:1 Mem:99.62M (Peak 99.63M) | Time:00:00.05 | Mem:0.00M, Peak:0.00M | Scene, ViewLayer | Synchronizing object | GEO-FIXTURE-top-GEO-carrier-2m-front-rail-1.9375
Fra:1 Mem:99.67M (Peak 99.67M) | Time:00:00.05 | Mem:0.00M, Peak:0.00M | Scene, ViewLayer | Synchronizing object | GEO-FIXTURE-top-GEO-carrier-2m-latch-0.15-1.9375
Fra:1 Mem:99.65M (Peak 99.67M) | Time:00:00.05 | Mem:0.00M, Peak:0.00M | Scene, ViewLayer | Synchronizing object | PAYLOAD-top-GEO-44mm-clear-stack-receiver.002--export
Fra:1 Mem:99.70M (Peak 99.70M) | Time:00:00.05 | Mem:0.00M, Peak:0.00M | Scene, ViewLayer | Synchronizing object | GEO-FIXTURE-top-GEO-carrier-2m-latch-grip-0.15-1.9375
Fra:1 Mem:99.71M (Peak 99.71M) | Time:00:00.05 | Mem:0.00M, Peak:0.00M | Scene, ViewLayer | Synchronizing object | PAYLOAD-top-GEO-44mm-clear-stack-receiver.001--export
Fra:1 Mem:99.69M (Peak 99.71M) | Time:00:00.05 | Mem:0.00M, Peak:0.00M | Scene, ViewLayer | Synchronizing object | GEO-FIXTURE-top-GEO-carrier-2m-latch-1.65-1.9375
Fra:1 Mem:99.74M (Peak 99.74M) | Time:00:00.05 | Mem:0.00M, Peak:0.00M | Scene, ViewLayer | Synchronizing object | GEO-FIXTURE-top-GEO-carrier-2m-latch-grip-1.65-1.9375
Fra:1 Mem:99.75M (Peak 99.75M) | Time:00:00.05 | Mem:0.00M, Peak:0.00M | Scene, ViewLayer | Synchronizing object | GEO-FIXTURE-top-GEO-carrier-2m-status-1.9375
Fra:1 Mem:99.76M (Peak 99.76M) | Time:00:00.05 | Mem:0.00M, Peak:0.00M | Scene, ViewLayer | Synchronizing object | PAYLOAD-top-GEO-44mm-clear-stack-receiver--export
Fra:1 Mem:99.74M (Peak 99.76M) | Time:00:00.05 | Mem:0.00M, Peak:0.00M | Scene, ViewLayer | Synchronizing object | GEO-FIXTURE-top-GEO-carrier-2m-side-lower-rail-0
Fra:1 Mem:99.79M (Peak 99.79M) | Time:00:00.05 | Mem:0.00M, Peak:0.00M | Scene, ViewLayer | Synchronizing object | GEO-FIXTURE-top-GEO-carrier-2m-side-upper-rail-0
Fra:1 Mem:99.81M (Peak 99.81M) | Time:00:00.05 | Mem:0.00M, Peak:0.00M | Scene, ViewLayer | Synchronizing object | GEO-FIXTURE-top-GEO-carrier-2m-side-lower-rail-1.9375
Fra:1 Mem:99.79M (Peak 99.81M) | Time:00:00.05 | Mem:0.00M, Peak:0.00M | Scene, ViewLayer | Synchronizing object | PAYLOAD-top-GEO-stack-receiver-base--export
Fra:1 Mem:99.80M (Peak 99.81M) | Time:00:00.05 | Mem:0.00M, Peak:0.00M | Scene, ViewLayer | Synchronizing object | GEO-FIXTURE-top-GEO-carrier-2m-side-upper-rail-1.9375
Fra:1 Mem:99.83M (Peak 99.83M) | Time:00:00.05 | Mem:0.00M, Peak:0.00M | Scene, ViewLayer | Synchronizing object | GEO-FIXTURE-top-GEO-carrier-2m-intermediate-post-0-0.953125
Fra:1 Mem:99.85M (Peak 99.85M) | Time:00:00.05 | Mem:0.00M, Peak:0.00M | Scene, ViewLayer | Synchronizing object | PAYLOAD-top-GEO-front-fitted-panel--export
Fra:1 Mem:99.84M (Peak 99.85M) | Time:00:00.05 | Mem:0.00M, Peak:0.00M | Scene, ViewLayer | Synchronizing object | GEO-FIXTURE-top-GEO-carrier-2m-intermediate-post-1.90625-0.9531
Fra:1 Mem:99.89M (Peak 99.89M) | Time:00:00.05 | Mem:0.00M, Peak:0.00M | Scene, ViewLayer | Synchronizing object | GEO-FIXTURE-top-GEO-carrier-2m-intermediate-post-0.953125-0
Fra:1 Mem:99.93M (Peak 99.93M) | Time:00:00.05 | Mem:0.00M, Peak:0.00M | Scene, ViewLayer | Synchronizing object | GEO-FIXTURE-top-GEO-carrier-2m-intermediate-post-0.953125-1.906
Fra:1 Mem:99.91M (Peak 99.93M) | Time:00:00.05 | Mem:0.00M, Peak:0.00M | Scene, ViewLayer | Synchronizing object | PAYLOAD-base-GEO-load-skid--export
Fra:1 Mem:99.90M (Peak 99.93M) | Time:00:00.05 | Mem:0.00M, Peak:0.00M | Scene, ViewLayer | Synchronizing object | PAYLOAD-top-GEO-front-inset--export
Fra:1 Mem:99.99M (Peak 99.99M) | Time:00:00.05 | Mem:0.00M, Peak:0.00M | Scene, ViewLayer | Synchronizing object | PAYLOAD-base-GEO-load-skid.001--export
Fra:1 Mem:99.98M (Peak 99.99M) | Time:00:00.05 | Mem:0.00M, Peak:0.00M | Scene, ViewLayer | Synchronizing object | PAYLOAD-top-GEO-service-cartridge.001--export
Fra:1 Mem:99.96M (Peak 99.99M) | Time:00:00.05 | Mem:0.00M, Peak:0.00M | Scene, ViewLayer | Synchronizing object | PAYLOAD-base-GEO-crossmember--export
Fra:1 Mem:100.01M (Peak 100.01M) | Time:00:00.05 | Mem:0.00M, Peak:0.00M | Scene, ViewLayer | Synchronizing object | PAYLOAD-top-GEO-glove-grip.001--export
Fra:1 Mem:99.99M (Peak 100.01M) | Time:00:00.05 | Mem:0.00M, Peak:0.00M | Scene, ViewLayer | Synchronizing object | PAYLOAD-base-GEO-crossmember.001--export
Fra:1 Mem:100.04M (Peak 100.04M) | Time:00:00.05 | Mem:0.00M, Peak:0.00M | Scene, ViewLayer | Synchronizing object | PAYLOAD-base-GEO-40mm-locating-foot--export
Fra:1 Mem:100.05M (Peak 100.05M) | Time:00:00.05 | Mem:0.00M, Peak:0.00M | Scene, ViewLayer | Synchronizing object | PAYLOAD-base-GEO-40mm-locating-foot.001--export
Fra:1 Mem:100.04M (Peak 100.05M) | Time:00:00.05 | Mem:0.00M, Peak:0.00M | Scene, ViewLayer | Synchronizing object | PAYLOAD-top-GEO-grip-support.003--export
Fra:1 Mem:100.09M (Peak 100.09M) | Time:00:00.05 | Mem:0.00M, Peak:0.00M | Scene, ViewLayer | Synchronizing object | PAYLOAD-base-GEO-40mm-locating-foot.002--export
Fra:1 Mem:100.08M (Peak 100.09M) | Time:00:00.05 | Mem:0.00M, Peak:0.00M | Scene, ViewLayer | Synchronizing object | PAYLOAD-top-GEO-grip-support.002--export
Fra:1 Mem:100.11M (Peak 100.11M) | Time:00:00.05 | Mem:0.00M, Peak:0.00M | Scene, ViewLayer | Synchronizing object | PAYLOAD-base-GEO-40mm-locating-foot.003--export
Fra:1 Mem:100.11M (Peak 100.11M) | Time:00:00.05 | Mem:0.00M, Peak:0.00M | Scene, ViewLayer | Synchronizing object | PAYLOAD-top-GEO-grip-backing.001--export
Fra:1 Mem:100.13M (Peak 100.13M) | Time:00:00.05 | Mem:0.00M, Peak:0.00M | Scene, ViewLayer | Synchronizing object | PAYLOAD-top-GEO-fitted-side-panel.001--export
Fra:1 Mem:100.13M (Peak 100.13M) | Time:00:00.05 | Mem:0.00M, Peak:0.00M | Scene, ViewLayer | Synchronizing object | PAYLOAD-base-GEO-sealed-floor--export
Fra:1 Mem:100.20M (Peak 100.20M) | Time:00:00.05 | Mem:0.00M, Peak:0.00M | Scene, ViewLayer | Synchronizing object | PAYLOAD-base-GEO-closed-side-wall--export
Fra:1 Mem:100.18M (Peak 100.20M) | Time:00:00.05 | Mem:0.00M, Peak:0.00M | Scene, ViewLayer | Synchronizing object | PAYLOAD-top-GEO-side-inset-backing.001--export
Fra:1 Mem:100.26M (Peak 100.26M) | Time:00:00.05 | Mem:0.00M, Peak:0.00M | Scene, ViewLayer | Synchronizing object | PAYLOAD-base-GEO-closed-side-wall.001--export
Fra:1 Mem:100.25M (Peak 100.26M) | Time:00:00.05 | Mem:0.00M, Peak:0.00M | Scene, ViewLayer | Synchronizing object | PAYLOAD-top-GEO-service-cartridge--export
Fra:1 Mem:100.27M (Peak 100.27M) | Time:00:00.05 | Mem:0.00M, Peak:0.00M | Scene, ViewLayer | Synchronizing object | PAYLOAD-base-GEO-closed-rear-wall--export
Fra:1 Mem:100.24M (Peak 100.27M) | Time:00:00.05 | Mem:0.00M, Peak:0.00M | Scene, ViewLayer | Synchronizing object | PAYLOAD-top-GEO-glove-grip--export
Fra:1 Mem:100.29M (Peak 100.29M) | Time:00:00.05 | Mem:0.00M, Peak:0.00M | Scene, ViewLayer | Synchronizing object | PAYLOAD-base-GEO-closed-front-wall--export
Fra:1 Mem:100.32M (Peak 100.32M) | Time:00:00.05 | Mem:0.00M, Peak:0.00M | Scene, ViewLayer | Synchronizing object | PAYLOAD-top-GEO-grip-support.001--export
Fra:1 Mem:100.30M (Peak 100.32M) | Time:00:00.05 | Mem:0.00M, Peak:0.00M | Scene, ViewLayer | Synchronizing object | PAYLOAD-base-GEO-corner-load-column--export
Fra:1 Mem:100.33M (Peak 100.33M) | Time:00:00.05 | Mem:0.00M, Peak:0.00M | Scene, ViewLayer | Synchronizing object | PAYLOAD-top-GEO-grip-support--export
Fra:1 Mem:100.33M (Peak 100.33M) | Time:00:00.05 | Mem:0.00M, Peak:0.00M | Scene, ViewLayer | Synchronizing object | PAYLOAD-base-GEO-stepped-corner-armor--export
Fra:1 Mem:100.37M (Peak 100.37M) | Time:00:00.05 | Mem:0.00M, Peak:0.00M | Scene, ViewLayer | Synchronizing object | PAYLOAD-base-GEO-stepped-corner-armor.001--export
Fra:1 Mem:100.38M (Peak 100.38M) | Time:00:00.05 | Mem:0.00M, Peak:0.00M | Scene, ViewLayer | Synchronizing object | PAYLOAD-top-GEO-grip-backing--export
Fra:1 Mem:100.39M (Peak 100.39M) | Time:00:00.05 | Mem:0.00M, Peak:0.00M | Scene, ViewLayer | Synchronizing object | PAYLOAD-base-GEO-corner-load-column.001--export
Fra:1 Mem:100.41M (Peak 100.41M) | Time:00:00.05 | Mem:0.00M, Peak:0.00M | Scene, ViewLayer | Synchronizing object | PAYLOAD-top-GEO-fitted-side-panel--export
Fra:1 Mem:100.44M (Peak 100.44M) | Time:00:00.05 | Mem:0.00M, Peak:0.00M | Scene, ViewLayer | Synchronizing object | PAYLOAD-base-GEO-stepped-corner-armor.002--export
Fra:1 Mem:100.49M (Peak 100.49M) | Time:00:00.05 | Mem:0.00M, Peak:0.00M | Scene, ViewLayer | Synchronizing object | PAYLOAD-base-GEO-stepped-corner-armor.003--export
Fra:1 Mem:100.48M (Peak 100.49M) | Time:00:00.05 | Mem:0.00M, Peak:0.00M | Scene, ViewLayer | Synchronizing object | PAYLOAD-top-GEO-side-inset-backing--export
Fra:1 Mem:100.49M (Peak 100.49M) | Time:00:00.05 | Mem:0.00M, Peak:0.00M | Scene, ViewLayer | Synchronizing object | PAYLOAD-base-GEO-corner-load-column.002--export
Fra:1 Mem:100.51M (Peak 100.51M) | Time:00:00.05 | Mem:0.00M, Peak:0.00M | Scene, ViewLayer | Synchronizing object | PAYLOAD-base-GEO-stepped-corner-armor.004--export
Fra:1 Mem:100.50M (Peak 100.51M) | Time:00:00.05 | Mem:0.00M, Peak:0.00M | Scene, ViewLayer | Synchronizing object | PAYLOAD-top-GEO-rear-hinge-pin.001--export
Fra:1 Mem:100.60M (Peak 100.60M) | Time:00:00.05 | Mem:0.00M, Peak:0.00M | Scene, ViewLayer | Synchronizing object | PAYLOAD-base-GEO-stepped-corner-armor.005--export
Fra:1 Mem:100.56M (Peak 100.60M) | Time:00:00.05 | Mem:0.00M, Peak:0.00M | Scene, ViewLayer | Synchronizing object | PAYLOAD-base-GEO-corner-load-column.003--export
Fra:1 Mem:100.55M (Peak 100.60M) | Time:00:00.05 | Mem:0.00M, Peak:0.00M | Scene, ViewLayer | Synchronizing object | PAYLOAD-top-GEO-rear-hinge-pin--export
Fra:1 Mem:100.61M (Peak 100.61M) | Time:00:00.05 | Mem:0.00M, Peak:0.00M | Scene, ViewLayer | Synchronizing object | PAYLOAD-base-GEO-stepped-corner-armor.006--export
Fra:1 Mem:100.64M (Peak 100.64M) | Time:00:00.05 | Mem:0.00M, Peak:0.00M | Scene, ViewLayer | Synchronizing object | PAYLOAD-top-GEO-lid-toggle.001--export
Fra:1 Mem:100.64M (Peak 100.64M) | Time:00:00.05 | Mem:0.00M, Peak:0.00M | Scene, ViewLayer | Synchronizing object | PAYLOAD-base-GEO-stepped-corner-armor.007--export
Fra:1 Mem:100.66M (Peak 100.66M) | Time:00:00.05 | Mem:0.00M, Peak:0.00M | Scene, ViewLayer | Synchronizing object | PAYLOAD-top-GEO-lid-latch-leaf.001--export
Fra:1 Mem:100.67M (Peak 100.67M) | Time:00:00.05 | Mem:0.00M, Peak:0.00M | Scene, ViewLayer | Synchronizing object | PAYLOAD-base-GEO-opening-layered-lid--export
Fra:1 Mem:100.69M (Peak 100.69M) | Time:00:00.05 | Mem:0.00M, Peak:0.00M | Scene, ViewLayer | Synchronizing object | PAYLOAD-top-GEO-lid-toggle--export
Fra:1 Mem:100.69M (Peak 100.69M) | Time:00:00.05 | Mem:0.00M, Peak:0.00M | Scene, ViewLayer | Synchronizing object | PAYLOAD-base-GEO-lid-shoulder-band--export
Fra:1 Mem:100.72M (Peak 100.72M) | Time:00:00.05 | Mem:0.00M, Peak:0.00M | Scene, ViewLayer | Synchronizing object | PAYLOAD-top-GEO-lid-latch-leaf--export
Fra:1 Mem:100.70M (Peak 100.72M) | Time:00:00.05 | Mem:0.00M, Peak:0.00M | Scene, ViewLayer | Synchronizing object | PAYLOAD-base-GEO-lid-shoulder-band.001--export
Fra:1 Mem:100.74M (Peak 100.74M) | Time:00:00.05 | Mem:0.00M, Peak:0.00M | Scene, ViewLayer | Synchronizing object | PAYLOAD-base-GEO-lid-recess-base--export
Fra:1 Mem:100.75M (Peak 100.75M) | Time:00:00.05 | Mem:0.00M, Peak:0.00M | Scene, ViewLayer | Synchronizing object | PAYLOAD-top-GEO-lid-cap-end-step.001--export
Fra:1 Mem:100.77M (Peak 100.77M) | Time:00:00.05 | Mem:0.00M, Peak:0.00M | Scene, ViewLayer | Synchronizing object | PAYLOAD-base-GEO-lid-fitted-cap--export
Fra:1 Mem:100.75M (Peak 100.77M) | Time:00:00.05 | Mem:0.00M, Peak:0.00M | Scene, ViewLayer | Synchronizing object | PAYLOAD-top-GEO-lid-cap-end-step--export
Fra:1 Mem:100.81M (Peak 100.81M) | Time:00:00.05 | Mem:0.00M, Peak:0.00M | Scene, ViewLayer | Synchronizing object | PAYLOAD-top-GEO-lid-fitted-cap--export
Fra:1 Mem:100.81M (Peak 100.81M) | Time:00:00.05 | Mem:0.00M, Peak:0.00M | Scene, ViewLayer | Synchronizing object | PAYLOAD-base-GEO-lid-cap-end-step--export
Fra:1 Mem:100.84M (Peak 100.84M) | Time:00:00.05 | Mem:0.00M, Peak:0.00M | Scene, ViewLayer | Synchronizing object | PAYLOAD-top-GEO-lid-recess-base--export
Fra:1 Mem:100.85M (Peak 100.85M) | Time:00:00.05 | Mem:0.00M, Peak:0.00M | Scene, ViewLayer | Synchronizing object | PAYLOAD-base-GEO-lid-cap-end-step.001--export
Fra:1 Mem:100.85M (Peak 100.85M) | Time:00:00.05 | Mem:0.00M, Peak:0.00M | Scene, ViewLayer | Synchronizing object | PAYLOAD-top-GEO-lid-shoulder-band.001--export
Fra:1 Mem:100.86M (Peak 100.86M) | Time:00:00.05 | Mem:0.00M, Peak:0.00M | Scene, ViewLayer | Synchronizing object | PAYLOAD-base-GEO-lid-latch-leaf--export
Fra:1 Mem:100.89M (Peak 100.89M) | Time:00:00.05 | Mem:0.00M, Peak:0.00M | Scene, ViewLayer | Synchronizing object | PAYLOAD-top-GEO-lid-shoulder-band--export
Fra:1 Mem:100.87M (Peak 100.89M) | Time:00:00.05 | Mem:0.00M, Peak:0.00M | Scene, ViewLayer | Synchronizing object | PAYLOAD-base-GEO-lid-toggle--export
Fra:1 Mem:100.92M (Peak 100.92M) | Time:00:00.05 | Mem:0.00M, Peak:0.00M | Scene, ViewLayer | Synchronizing object | PAYLOAD-base-GEO-lid-latch-leaf.001--export
Fra:1 Mem:100.93M (Peak 100.93M) | Time:00:00.05 | Mem:0.00M, Peak:0.00M | Scene, ViewLayer | Synchronizing object | PAYLOAD-top-GEO-opening-layered-lid--export
Fra:1 Mem:100.93M (Peak 100.93M) | Time:00:00.05 | Mem:0.00M, Peak:0.00M | Scene, ViewLayer | Synchronizing object | PAYLOAD-base-GEO-lid-toggle.001--export
Fra:1 Mem:100.95M (Peak 100.95M) | Time:00:00.05 | Mem:0.00M, Peak:0.00M | Scene, ViewLayer | Synchronizing object | PAYLOAD-top-GEO-stepped-corner-armor.007--export
Fra:1 Mem:100.96M (Peak 100.96M) | Time:00:00.05 | Mem:0.00M, Peak:0.00M | Scene, ViewLayer | Synchronizing object | PAYLOAD-base-GEO-rear-hinge-pin--export
Fra:1 Mem:101.04M (Peak 101.04M) | Time:00:00.05 | Mem:0.00M, Peak:0.00M | Scene, ViewLayer | Synchronizing object | PAYLOAD-top-GEO-stepped-corner-armor.006--export
Fra:1 Mem:101.04M (Peak 101.04M) | Time:00:00.05 | Mem:0.00M, Peak:0.00M | Scene, ViewLayer | Synchronizing object | PAYLOAD-top-GEO-corner-load-column.003--export
Fra:1 Mem:101.03M (Peak 101.04M) | Time:00:00.05 | Mem:0.00M, Peak:0.00M | Scene, ViewLayer | Synchronizing object | PAYLOAD-base-GEO-rear-hinge-pin.001--export
Fra:1 Mem:101.05M (Peak 101.05M) | Time:00:00.05 | Mem:0.00M, Peak:0.00M | Scene, ViewLayer | Synchronizing object | PAYLOAD-top-GEO-stepped-corner-armor.005--export
Fra:1 Mem:101.08M (Peak 101.08M) | Time:00:00.05 | Mem:0.00M, Peak:0.00M | Scene, ViewLayer | Synchronizing object | PAYLOAD-base-GEO-side-inset-backing--export
Fra:1 Mem:101.06M (Peak 101.08M) | Time:00:00.05 | Mem:0.00M, Peak:0.00M | Scene, ViewLayer | Synchronizing object | PAYLOAD-top-GEO-stepped-corner-armor.004--export
Fra:1 Mem:101.14M (Peak 101.14M) | Time:00:00.05 | Mem:0.00M, Peak:0.00M | Scene, ViewLayer | Synchronizing object | PAYLOAD-top-GEO-corner-load-column.002--export
Fra:1 Mem:101.14M (Peak 101.14M) | Time:00:00.05 | Mem:0.00M, Peak:0.00M | Scene, ViewLayer | Synchronizing object | PAYLOAD-base-GEO-fitted-side-panel--export
Fra:1 Mem:101.12M (Peak 101.14M) | Time:00:00.05 | Mem:0.00M, Peak:0.00M | Scene, ViewLayer | Synchronizing object | PAYLOAD-top-GEO-stepped-corner-armor.003--export
Fra:1 Mem:101.20M (Peak 101.20M) | Time:00:00.05 | Mem:0.00M, Peak:0.00M | Scene, ViewLayer | Synchronizing object | PAYLOAD-top-GEO-stepped-corner-armor.002--export
Fra:1 Mem:101.18M (Peak 101.20M) | Time:00:00.05 | Mem:0.00M, Peak:0.00M | Scene, ViewLayer | Synchronizing object | PAYLOAD-base-GEO-grip-backing--export
Fra:1 Mem:101.20M (Peak 101.20M) | Time:00:00.05 | Mem:0.00M, Peak:0.00M | Scene, ViewLayer | Synchronizing object | PAYLOAD-top-GEO-corner-load-column.001--export
Fra:1 Mem:101.22M (Peak 101.22M) | Time:00:00.05 | Mem:0.00M, Peak:0.00M | Scene, ViewLayer | Synchronizing object | PAYLOAD-base-GEO-grip-support--export
Fra:1 Mem:101.23M (Peak 101.23M) | Time:00:00.05 | Mem:0.00M, Peak:0.00M | Scene, ViewLayer | Synchronizing object | PAYLOAD-top-GEO-stepped-corner-armor.001--export
Fra:1 Mem:101.23M (Peak 101.23M) | Time:00:00.05 | Mem:0.00M, Peak:0.00M | Scene, ViewLayer | Synchronizing object | PAYLOAD-top-GEO-stepped-corner-armor--export
Fra:1 Mem:101.23M (Peak 101.23M) | Time:00:00.05 | Mem:0.00M, Peak:0.00M | Scene, ViewLayer | Synchronizing object | PAYLOAD-base-GEO-grip-support.001--export
Fra:1 Mem:101.26M (Peak 101.26M) | Time:00:00.05 | Mem:0.00M, Peak:0.00M | Scene, ViewLayer | Synchronizing object | PAYLOAD-top-GEO-corner-load-column--export
Fra:1 Mem:101.28M (Peak 101.28M) | Time:00:00.05 | Mem:0.00M, Peak:0.00M | Scene, ViewLayer | Synchronizing object | PAYLOAD-base-GEO-glove-grip--export
Fra:1 Mem:101.34M (Peak 101.34M) | Time:00:00.05 | Mem:0.00M, Peak:0.00M | Scene, ViewLayer | Synchronizing object | PAYLOAD-top-GEO-closed-front-wall--export
Fra:1 Mem:101.36M (Peak 101.36M) | Time:00:00.05 | Mem:0.00M, Peak:0.00M | Scene, ViewLayer | Synchronizing object | PAYLOAD-top-GEO-closed-rear-wall--export
Fra:1 Mem:101.35M (Peak 101.36M) | Time:00:00.05 | Mem:0.00M, Peak:0.00M | Scene, ViewLayer | Synchronizing object | PAYLOAD-base-GEO-service-cartridge--export
Fra:1 Mem:101.32M (Peak 101.36M) | Time:00:00.05 | Mem:0.00M, Peak:0.00M | Scene, ViewLayer | Synchronizing object | PAYLOAD-top-GEO-closed-side-wall.001--export
Fra:1 Mem:101.38M (Peak 101.38M) | Time:00:00.05 | Mem:0.00M, Peak:0.00M | Scene, ViewLayer | Synchronizing object | PAYLOAD-top-GEO-closed-side-wall--export
Fra:1 Mem:101.36M (Peak 101.38M) | Time:00:00.05 | Mem:0.00M, Peak:0.00M | Scene, ViewLayer | Synchronizing object | PAYLOAD-base-GEO-side-inset-backing.001--export
Fra:1 Mem:101.42M (Peak 101.42M) | Time:00:00.05 | Mem:0.00M, Peak:0.00M | Scene, ViewLayer | Synchronizing object | PAYLOAD-top-GEO-sealed-floor--export
Fra:1 Mem:101.43M (Peak 101.43M) | Time:00:00.05 | Mem:0.00M, Peak:0.00M | Scene, ViewLayer | Synchronizing object | PAYLOAD-base-GEO-fitted-side-panel.001--export
Fra:1 Mem:101.48M (Peak 101.48M) | Time:00:00.05 | Mem:0.00M, Peak:0.00M | Scene, ViewLayer | Synchronizing object | PAYLOAD-top-GEO-40mm-locating-foot.003--export
Fra:1 Mem:101.44M (Peak 101.48M) | Time:00:00.05 | Mem:0.00M, Peak:0.00M | Scene, ViewLayer | Synchronizing object | PAYLOAD-base-GEO-grip-backing.001--export
Fra:1 Mem:101.49M (Peak 101.49M) | Time:00:00.05 | Mem:0.00M, Peak:0.00M | Scene, ViewLayer | Synchronizing object | PAYLOAD-base-GEO-grip-support.002--export
Fra:1 Mem:101.49M (Peak 101.49M) | Time:00:00.06 | Mem:0.00M, Peak:0.00M | Scene, ViewLayer | Synchronizing object | PAYLOAD-top-GEO-40mm-locating-foot.002--export
Fra:1 Mem:101.51M (Peak 101.51M) | Time:00:00.06 | Mem:0.00M, Peak:0.00M | Scene, ViewLayer | Synchronizing object | PAYLOAD-base-GEO-grip-support.003--export
Fra:1 Mem:101.53M (Peak 101.53M) | Time:00:00.06 | Mem:0.00M, Peak:0.00M | Scene, ViewLayer | Synchronizing object | PAYLOAD-top-GEO-40mm-locating-foot.001--export
Fra:1 Mem:101.51M (Peak 101.53M) | Time:00:00.06 | Mem:0.00M, Peak:0.00M | Scene, ViewLayer | Synchronizing object | PAYLOAD-base-GEO-glove-grip.001--export
Fra:1 Mem:101.60M (Peak 101.60M) | Time:00:00.06 | Mem:0.00M, Peak:0.00M | Scene, ViewLayer | Synchronizing object | PAYLOAD-top-GEO-40mm-locating-foot--export
Fra:1 Mem:101.59M (Peak 101.60M) | Time:00:00.06 | Mem:0.00M, Peak:0.00M | Scene, ViewLayer | Synchronizing object | PAYLOAD-base-GEO-service-cartridge.001--export
Fra:1 Mem:101.60M (Peak 101.60M) | Time:00:00.06 | Mem:0.00M, Peak:0.00M | Scene, ViewLayer | Synchronizing object | PAYLOAD-top-GEO-crossmember.001--export
Fra:1 Mem:101.62M (Peak 101.62M) | Time:00:00.06 | Mem:0.00M, Peak:0.00M | Scene, ViewLayer | Synchronizing object | PAYLOAD-base-GEO-front-inset--export
Fra:1 Mem:101.64M (Peak 101.64M) | Time:00:00.06 | Mem:0.00M, Peak:0.00M | Scene, ViewLayer | Synchronizing object | PAYLOAD-top-GEO-crossmember--export
Fra:1 Mem:101.68M (Peak 101.68M) | Time:00:00.06 | Mem:0.00M, Peak:0.00M | Scene, ViewLayer | Synchronizing object | PAYLOAD-top-GEO-load-skid.001--export
Fra:1 Mem:101.66M (Peak 101.68M) | Time:00:00.06 | Mem:0.00M, Peak:0.00M | Scene, ViewLayer | Synchronizing object | PAYLOAD-base-GEO-front-fitted-panel--export
Fra:1 Mem:101.71M (Peak 101.71M) | Time:00:00.06 | Mem:0.00M, Peak:0.00M | Scene, ViewLayer | Synchronizing object | PAYLOAD-top-GEO-load-skid--export
Fra:1 Mem:101.74M (Peak 101.74M) | Time:00:00.06 | Mem:0.00M, Peak:0.00M | Scene, ViewLayer | Synchronizing object | PAYLOAD-middle-1-1-GEO-fixed-rear-hinge-saddle.003--export
Fra:1 Mem:101.72M (Peak 101.74M) | Time:00:00.06 | Mem:0.00M, Peak:0.00M | Scene, ViewLayer | Synchronizing object | PAYLOAD-base-GEO-stack-receiver-base--export
Fra:1 Mem:101.75M (Peak 101.75M) | Time:00:00.06 | Mem:0.00M, Peak:0.00M | Scene, ViewLayer | Synchronizing object | PAYLOAD-middle-1-1-GEO-fixed-rear-hinge-saddle.002--export
Fra:1 Mem:101.75M (Peak 101.75M) | Time:00:00.06 | Mem:0.00M, Peak:0.00M | Scene, ViewLayer | Synchronizing object | PAYLOAD-base-GEO-44mm-clear-stack-receiver--export
Fra:1 Mem:101.78M (Peak 101.78M) | Time:00:00.06 | Mem:0.00M, Peak:0.00M | Scene, ViewLayer | Synchronizing object | PAYLOAD-middle-1-1-GEO-fixed-rear-hinge-saddle.001--export
Fra:1 Mem:101.78M (Peak 101.78M) | Time:00:00.06 | Mem:0.00M, Peak:0.00M | Scene, ViewLayer | Synchronizing object | PAYLOAD-base-GEO-44mm-clear-stack-receiver.001--export
Fra:1 Mem:101.80M (Peak 101.80M) | Time:00:00.06 | Mem:0.00M, Peak:0.00M | Scene, ViewLayer | Synchronizing object | PAYLOAD-base-GEO-44mm-clear-stack-receiver.002--export
Fra:1 Mem:101.79M (Peak 101.80M) | Time:00:00.06 | Mem:0.00M, Peak:0.00M | Scene, ViewLayer | Synchronizing object | PAYLOAD-middle-1-1-GEO-fixed-rear-hinge-saddle--export
Fra:1 Mem:101.83M (Peak 101.83M) | Time:00:00.06 | Mem:0.00M, Peak:0.00M | Scene, ViewLayer | Synchronizing object | PAYLOAD-base-GEO-44mm-clear-stack-receiver.003--export
Fra:1 Mem:101.82M (Peak 101.83M) | Time:00:00.06 | Mem:0.00M, Peak:0.00M | Scene, ViewLayer | Synchronizing object | PAYLOAD-middle-1-1-GEO-lid-latch-connecting-bridge.001--export
Fra:1 Mem:101.86M (Peak 101.86M) | Time:00:00.06 | Mem:0.00M, Peak:0.00M | Scene, ViewLayer | Synchronizing object | PAYLOAD-base-GEO-stack-receiver-base.001--export
Fra:1 Mem:101.84M (Peak 101.86M) | Time:00:00.06 | Mem:0.00M, Peak:0.00M | Scene, ViewLayer | Synchronizing object | PAYLOAD-middle-1-1-GEO-lid-latch-connecting-bridge--export
Fra:1 Mem:101.86M (Peak 101.86M) | Time:00:00.06 | Mem:0.00M, Peak:0.00M | Scene, ViewLayer | Synchronizing object | PAYLOAD-base-GEO-44mm-clear-stack-receiver.004--export
Fra:1 Mem:101.87M (Peak 101.87M) | Time:00:00.06 | Mem:0.00M, Peak:0.00M | Scene, ViewLayer | Synchronizing object | PAYLOAD-middle-1-1-GEO-inset-lid-gasket.003--export
Fra:1 Mem:101.90M (Peak 101.90M) | Time:00:00.06 | Mem:0.00M, Peak:0.00M | Scene, ViewLayer | Synchronizing object | PAYLOAD-base-GEO-44mm-clear-stack-receiver.005--export
Fra:1 Mem:101.90M (Peak 101.90M) | Time:00:00.06 | Mem:0.00M, Peak:0.00M | Scene, ViewLayer | Synchronizing object | PAYLOAD-middle-1-1-GEO-lid-support-ledge.003--export
Fra:1 Mem:101.94M (Peak 101.94M) | Time:00:00.06 | Mem:0.00M, Peak:0.00M | Scene, ViewLayer | Synchronizing object | PAYLOAD-base-GEO-44mm-clear-stack-receiver.006--export
Fra:1 Mem:101.96M (Peak 101.96M) | Time:00:00.06 | Mem:0.00M, Peak:0.00M | Scene, ViewLayer | Synchronizing object | PAYLOAD-middle-1-1-GEO-inset-lid-gasket.002--export
Fra:1 Mem:101.97M (Peak 101.97M) | Time:00:00.06 | Mem:0.00M, Peak:0.00M | Scene, ViewLayer | Synchronizing object | PAYLOAD-base-GEO-44mm-clear-stack-receiver.007--export
Fra:1 Mem:101.97M (Peak 101.97M) | Time:00:00.06 | Mem:0.00M, Peak:0.00M | Scene, ViewLayer | Synchronizing object | PAYLOAD-middle-1-1-GEO-lid-support-ledge.002--export
Fra:1 Mem:101.97M (Peak 101.97M) | Time:00:00.06 | Mem:0.00M, Peak:0.00M | Scene, ViewLayer | Synchronizing object | PAYLOAD-base-GEO-stack-receiver-base.002--export
Fra:1 Mem:102.02M (Peak 102.02M) | Time:00:00.06 | Mem:0.00M, Peak:0.00M | Scene, ViewLayer | Synchronizing object | PAYLOAD-middle-1-1-GEO-inset-lid-gasket.001--export
Fra:1 Mem:101.99M (Peak 102.02M) | Time:00:00.06 | Mem:0.00M, Peak:0.00M | Scene, ViewLayer | Synchronizing object | PAYLOAD-base-GEO-44mm-clear-stack-receiver.008--export
Fra:1 Mem:102.02M (Peak 102.02M) | Time:00:00.06 | Mem:0.00M, Peak:0.00M | Scene, ViewLayer | Synchronizing object | PAYLOAD-middle-1-1-GEO-lid-support-ledge.001--export
Fra:1 Mem:102.02M (Peak 102.02M) | Time:00:00.06 | Mem:0.00M, Peak:0.00M | Scene, ViewLayer | Synchronizing object | PAYLOAD-base-GEO-44mm-clear-stack-receiver.009--export
Fra:1 Mem:102.07M (Peak 102.07M) | Time:00:00.06 | Mem:0.00M, Peak:0.00M | Scene, ViewLayer | Synchronizing object | PAYLOAD-base-GEO-44mm-clear-stack-receiver.010--export
Fra:1 Mem:102.05M (Peak 102.07M) | Time:00:00.06 | Mem:0.00M, Peak:0.00M | Scene, ViewLayer | Synchronizing object | PAYLOAD-middle-1-1-GEO-inset-lid-gasket--export
Fra:1 Mem:102.10M (Peak 102.10M) | Time:00:00.06 | Mem:0.00M, Peak:0.00M | Scene, ViewLayer | Synchronizing object | PAYLOAD-base-GEO-44mm-clear-stack-receiver.011--export
Fra:1 Mem:102.09M (Peak 102.10M) | Time:00:00.06 | Mem:0.00M, Peak:0.00M | Scene, ViewLayer | Synchronizing object | PAYLOAD-middle-1-1-GEO-lid-support-ledge--export
Fra:1 Mem:102.13M (Peak 102.13M) | Time:00:00.06 | Mem:0.00M, Peak:0.00M | Scene, ViewLayer | Synchronizing object | PAYLOAD-base-GEO-stack-receiver-base.003--export
Fra:1 Mem:102.11M (Peak 102.13M) | Time:00:00.06 | Mem:0.00M, Peak:0.00M | Scene, ViewLayer | Synchronizing object | PAYLOAD-middle-1-1-GEO-fixed-top-frame.003--export
Fra:1 Mem:102.14M (Peak 102.14M) | Time:00:00.06 | Mem:0.00M, Peak:0.00M | Scene, ViewLayer | Synchronizing object | PAYLOAD-base-GEO-44mm-clear-stack-receiver.012--export
Fra:1 Mem:102.13M (Peak 102.14M) | Time:00:00.06 | Mem:0.00M, Peak:0.00M | Scene, ViewLayer | Synchronizing object | PAYLOAD-middle-1-1-GEO-fixed-top-frame.002--export
Fra:1 Mem:102.17M (Peak 102.17M) | Time:00:00.06 | Mem:0.00M, Peak:0.00M | Scene, ViewLayer | Synchronizing object | PAYLOAD-middle-1-1-GEO-fixed-top-frame.001--export
Fra:1 Mem:102.17M (Peak 102.17M) | Time:00:00.06 | Mem:0.00M, Peak:0.00M | Scene, ViewLayer | Synchronizing object | PAYLOAD-base-GEO-44mm-clear-stack-receiver.013--export
Fra:1 Mem:102.20M (Peak 102.20M) | Time:00:00.06 | Mem:0.00M, Peak:0.00M | Scene, ViewLayer | Synchronizing object | PAYLOAD-middle-1-1-GEO-fixed-top-frame--export
Fra:1 Mem:102.19M (Peak 102.20M) | Time:00:00.06 | Mem:0.00M, Peak:0.00M | Scene, ViewLayer | Synchronizing object | PAYLOAD-base-GEO-44mm-clear-stack-receiver.014--export
Fra:1 Mem:102.23M (Peak 102.23M) | Time:00:00.06 | Mem:0.00M, Peak:0.00M | Scene, ViewLayer | Synchronizing object | PAYLOAD-base-GEO-44mm-clear-stack-receiver.015--export
Fra:1 Mem:102.22M (Peak 102.23M) | Time:00:00.06 | Mem:0.00M, Peak:0.00M | Scene, ViewLayer | Synchronizing object | PAYLOAD-middle-1-1-GEO-marking-STA / S--export
Fra:1 Mem:102.45M (Peak 102.45M) | Time:00:00.06 | Mem:0.00M, Peak:0.00M | Scene, ViewLayer | Synchronizing object | PAYLOAD-base-GEO-marking-STA / S--export
Fra:1 Mem:102.66M (Peak 102.66M) | Time:00:00.06 | Mem:0.00M, Peak:0.00M | Scene, ViewLayer | Synchronizing object | PAYLOAD-middle-1-1-GEO-44mm-clear-stack-receiver.015--export
Fra:1 Mem:102.51M (Peak 102.66M) | Time:00:00.06 | Mem:0.00M, Peak:0.00M | Scene, ViewLayer | Synchronizing object | PAYLOAD-middle-1-1-GEO-44mm-clear-stack-receiver.014--export
Fra:1 Mem:102.48M (Peak 102.66M) | Time:00:00.06 | Mem:0.00M, Peak:0.00M | Scene, ViewLayer | Synchronizing object | PAYLOAD-base-GEO-fixed-top-frame--export
Fra:1 Mem:102.51M (Peak 102.66M) | Time:00:00.06 | Mem:0.00M, Peak:0.00M | Scene, ViewLayer | Synchronizing object | PAYLOAD-middle-1-1-GEO-44mm-clear-stack-receiver.013--export
Fra:1 Mem:102.54M (Peak 102.66M) | Time:00:00.06 | Mem:0.00M, Peak:0.00M | Scene, ViewLayer | Synchronizing object | PAYLOAD-base-GEO-fixed-top-frame.001--export
Fra:1 Mem:102.56M (Peak 102.66M) | Time:00:00.06 | Mem:0.00M, Peak:0.00M | Scene, ViewLayer | Synchronizing object | PAYLOAD-middle-1-1-GEO-44mm-clear-stack-receiver.012--export
Fra:1 Mem:102.53M (Peak 102.66M) | Time:00:00.06 | Mem:0.00M, Peak:0.00M | Scene, ViewLayer | Synchronizing object | PAYLOAD-base-GEO-fixed-top-frame.002--export
Fra:1 Mem:102.59M (Peak 102.66M) | Time:00:00.06 | Mem:0.00M, Peak:0.00M | Scene, ViewLayer | Synchronizing object | PAYLOAD-base-GEO-fixed-top-frame.003--export
Fra:1 Mem:102.57M (Peak 102.66M) | Time:00:00.06 | Mem:0.00M, Peak:0.00M | Scene, ViewLayer | Synchronizing object | PAYLOAD-middle-1-1-GEO-stack-receiver-base.003--export
Fra:1 Mem:102.62M (Peak 102.66M) | Time:00:00.06 | Mem:0.00M, Peak:0.00M | Scene, ViewLayer | Synchronizing object | PAYLOAD-base-GEO-lid-support-ledge--export
Fra:1 Mem:102.62M (Peak 102.66M) | Time:00:00.06 | Mem:0.00M, Peak:0.00M | Scene, ViewLayer | Synchronizing object | PAYLOAD-middle-1-1-GEO-44mm-clear-stack-receiver.011--export
Fra:1 Mem:102.65M (Peak 102.66M) | Time:00:00.06 | Mem:0.00M, Peak:0.00M | Scene, ViewLayer | Synchronizing object | PAYLOAD-base-GEO-inset-lid-gasket--export
Fra:1 Mem:102.65M (Peak 102.66M) | Time:00:00.06 | Mem:0.00M, Peak:0.00M | Scene, ViewLayer | Synchronizing object | PAYLOAD-middle-1-1-GEO-44mm-clear-stack-receiver.010--export
Fra:1 Mem:102.67M (Peak 102.67M) | Time:00:00.06 | Mem:0.00M, Peak:0.00M | Scene, ViewLayer | Synchronizing object | PAYLOAD-base-GEO-lid-support-ledge.001--export
Fra:1 Mem:102.68M (Peak 102.68M) | Time:00:00.06 | Mem:0.00M, Peak:0.00M | Scene, ViewLayer | Synchronizing object | PAYLOAD-middle-1-1-GEO-44mm-clear-stack-receiver.009--export
Fra:1 Mem:102.70M (Peak 102.70M) | Time:00:00.06 | Mem:0.00M, Peak:0.00M | Scene, ViewLayer | Synchronizing object | PAYLOAD-base-GEO-inset-lid-gasket.001--export
Fra:1 Mem:102.71M (Peak 102.71M) | Time:00:00.06 | Mem:0.00M, Peak:0.00M | Scene, ViewLayer | Synchronizing object | PAYLOAD-middle-1-1-GEO-44mm-clear-stack-receiver.008--export
Fra:1 Mem:102.73M (Peak 102.73M) | Time:00:00.06 | Mem:0.00M, Peak:0.00M | Scene, ViewLayer | Synchronizing object | PAYLOAD-base-GEO-lid-support-ledge.002--export
Fra:1 Mem:102.74M (Peak 102.74M) | Time:00:00.06 | Mem:0.00M, Peak:0.00M | Scene, ViewLayer | Synchronizing object | PAYLOAD-middle-1-1-GEO-stack-receiver-base.002--export
Fra:1 Mem:102.75M (Peak 102.75M) | Time:00:00.06 | Mem:0.00M, Peak:0.00M | Scene, ViewLayer | Synchronizing object | PAYLOAD-base-GEO-inset-lid-gasket.002--export
Fra:1 Mem:102.76M (Peak 102.76M) | Time:00:00.06 | Mem:0.00M, Peak:0.00M | Scene, ViewLayer | Synchronizing object | PAYLOAD-middle-1-1-GEO-44mm-clear-stack-receiver.007--export
Fra:1 Mem:102.77M (Peak 102.77M) | Time:00:00.06 | Mem:0.00M, Peak:0.00M | Scene, ViewLayer | Synchronizing object | PAYLOAD-base-GEO-lid-support-ledge.003--export
Fra:1 Mem:102.79M (Peak 102.79M) | Time:00:00.06 | Mem:0.00M, Peak:0.00M | Scene, ViewLayer | Synchronizing object | PAYLOAD-middle-1-1-GEO-44mm-clear-stack-receiver.006--export
Fra:1 Mem:102.80M (Peak 102.80M) | Time:00:00.06 | Mem:0.00M, Peak:0.00M | Scene, ViewLayer | Synchronizing object | PAYLOAD-base-GEO-inset-lid-gasket.003--export
Fra:1 Mem:102.81M (Peak 102.81M) | Time:00:00.06 | Mem:0.00M, Peak:0.00M | Scene, ViewLayer | Synchronizing object | PAYLOAD-middle-1-1-GEO-44mm-clear-stack-receiver.005--export
Fra:1 Mem:102.83M (Peak 102.83M) | Time:00:00.06 | Mem:0.00M, Peak:0.00M | Scene, ViewLayer | Synchronizing object | PAYLOAD-base-GEO-lid-latch-connecting-bridge--export
Fra:1 Mem:102.86M (Peak 102.86M) | Time:00:00.06 | Mem:0.00M, Peak:0.00M | Scene, ViewLayer | Synchronizing object | PAYLOAD-middle-1-1-GEO-44mm-clear-stack-receiver.004--export
Fra:1 Mem:102.87M (Peak 102.87M) | Time:00:00.06 | Mem:0.00M, Peak:0.00M | Scene, ViewLayer | Synchronizing object | PAYLOAD-base-GEO-lid-latch-connecting-bridge.001--export
Fra:1 Mem:102.88M (Peak 102.88M) | Time:00:00.06 | Mem:0.00M, Peak:0.00M | Scene, ViewLayer | Synchronizing object | PAYLOAD-middle-1-1-GEO-stack-receiver-base.001--export
Fra:1 Mem:102.90M (Peak 102.90M) | Time:00:00.06 | Mem:0.00M, Peak:0.00M | Scene, ViewLayer | Synchronizing object | PAYLOAD-base-GEO-fixed-rear-hinge-saddle--export
Fra:1 Mem:102.92M (Peak 102.92M) | Time:00:00.06 | Mem:0.00M, Peak:0.00M | Scene, ViewLayer | Synchronizing object | PAYLOAD-middle-1-1-GEO-44mm-clear-stack-receiver.003--export
Fra:1 Mem:102.90M (Peak 102.92M) | Time:00:00.06 | Mem:0.00M, Peak:0.00M | Scene, ViewLayer | Synchronizing object | PAYLOAD-base-GEO-fixed-rear-hinge-saddle.001--export
Fra:1 Mem:102.92M (Peak 102.92M) | Time:00:00.06 | Mem:0.00M, Peak:0.00M | Scene, ViewLayer | Synchronizing object | PAYLOAD-middle-1-1-GEO-44mm-clear-stack-receiver.002--export
Fra:1 Mem:102.92M (Peak 102.92M) | Time:00:00.06 | Mem:0.00M, Peak:0.00M | Scene, ViewLayer | Synchronizing object | PAYLOAD-base-GEO-fixed-rear-hinge-saddle.002--export
Fra:1 Mem:102.96M (Peak 102.96M) | Time:00:00.06 | Mem:0.00M, Peak:0.00M | Scene, ViewLayer | Synchronizing object | PAYLOAD-middle-1-1-GEO-44mm-clear-stack-receiver.001--export
Fra:1 Mem:102.99M (Peak 102.99M) | Time:00:00.06 | Mem:0.00M, Peak:0.00M | Scene, ViewLayer | Synchronizing object | PAYLOAD-base-GEO-fixed-rear-hinge-saddle.003--export
Fra:1 Mem:102.99M (Peak 102.99M) | Time:00:00.06 | Mem:0.00M, Peak:0.00M | Scene, ViewLayer | Synchronizing object | PAYLOAD-middle-1-1-GEO-44mm-clear-stack-receiver--export
Fra:1 Mem:103.02M (Peak 103.02M) | Time:00:00.06 | Mem:0.00M, Peak:0.00M | Scene, ViewLayer | Synchronizing object | PAYLOAD-middle-0-0-GEO-load-skid--export
Fra:1 Mem:103.02M (Peak 103.02M) | Time:00:00.06 | Mem:0.00M, Peak:0.00M | Scene, ViewLayer | Synchronizing object | PAYLOAD-middle-1-1-GEO-stack-receiver-base--export
Fra:1 Mem:103.03M (Peak 103.03M) | Time:00:00.06 | Mem:0.00M, Peak:0.00M | Scene, ViewLayer | Synchronizing object | PAYLOAD-middle-0-0-GEO-load-skid.001--export
Fra:1 Mem:103.04M (Peak 103.04M) | Time:00:00.06 | Mem:0.00M, Peak:0.00M | Scene, ViewLayer | Synchronizing object | PAYLOAD-middle-1-1-GEO-front-fitted-panel--export
Fra:1 Mem:103.09M (Peak 103.09M) | Time:00:00.06 | Mem:0.00M, Peak:0.00M | Scene, ViewLayer | Synchronizing object | PAYLOAD-middle-0-0-GEO-crossmember--export
Fra:1 Mem:103.12M (Peak 103.12M) | Time:00:00.06 | Mem:0.00M, Peak:0.00M | Scene, ViewLayer | Synchronizing object | PAYLOAD-middle-0-0-GEO-crossmember.001--export
Fra:1 Mem:103.09M (Peak 103.12M) | Time:00:00.06 | Mem:0.00M, Peak:0.00M | Scene, ViewLayer | Synchronizing object | PAYLOAD-middle-1-1-GEO-front-inset--export
Fra:1 Mem:103.09M (Peak 103.12M) | Time:00:00.06 | Mem:0.00M, Peak:0.00M | Scene, ViewLayer | Synchronizing object | PAYLOAD-middle-0-0-GEO-40mm-locating-foot--export
Fra:1 Mem:103.15M (Peak 103.15M) | Time:00:00.06 | Mem:0.00M, Peak:0.00M | Scene, ViewLayer | Synchronizing object | PAYLOAD-middle-0-0-GEO-40mm-locating-foot.001--export
Fra:1 Mem:103.15M (Peak 103.15M) | Time:00:00.06 | Mem:0.00M, Peak:0.00M | Scene, ViewLayer | Synchronizing object | PAYLOAD-middle-0-0-GEO-40mm-locating-foot.002--export
Fra:1 Mem:103.15M (Peak 103.15M) | Time:00:00.06 | Mem:0.00M, Peak:0.00M | Scene, ViewLayer | Synchronizing object | PAYLOAD-middle-1-1-GEO-service-cartridge.001--export
Fra:1 Mem:103.20M (Peak 103.20M) | Time:00:00.06 | Mem:0.00M, Peak:0.00M | Scene, ViewLayer | Synchronizing object | PAYLOAD-middle-0-0-GEO-40mm-locating-foot.003--export
Fra:1 Mem:103.21M (Peak 103.21M) | Time:00:00.06 | Mem:0.00M, Peak:0.00M | Scene, ViewLayer | Synchronizing object | PAYLOAD-middle-1-1-GEO-glove-grip.001--export
Fra:1 Mem:103.27M (Peak 103.27M) | Time:00:00.06 | Mem:0.00M, Peak:0.00M | Scene, ViewLayer | Synchronizing object | PAYLOAD-middle-0-0-GEO-sealed-floor--export
Fra:1 Mem:103.27M (Peak 103.27M) | Time:00:00.06 | Mem:0.00M, Peak:0.00M | Scene, ViewLayer | Synchronizing object | PAYLOAD-middle-0-0-GEO-closed-side-wall--export
Fra:1 Mem:103.24M (Peak 103.27M) | Time:00:00.06 | Mem:0.00M, Peak:0.00M | Scene, ViewLayer | Synchronizing object | PAYLOAD-middle-1-1-GEO-grip-support.003--export
Fra:1 Mem:103.28M (Peak 103.28M) | Time:00:00.06 | Mem:0.00M, Peak:0.00M | Scene, ViewLayer | Synchronizing object | PAYLOAD-middle-0-0-GEO-closed-side-wall.001--export
Fra:1 Mem:103.27M (Peak 103.28M) | Time:00:00.06 | Mem:0.00M, Peak:0.00M | Scene, ViewLayer | Synchronizing object | PAYLOAD-middle-1-1-GEO-grip-support.002--export
Fra:1 Mem:103.30M (Peak 103.30M) | Time:00:00.06 | Mem:0.00M, Peak:0.00M | Scene, ViewLayer | Synchronizing object | PAYLOAD-middle-0-0-GEO-closed-rear-wall--export
Fra:1 Mem:103.29M (Peak 103.30M) | Time:00:00.06 | Mem:0.00M, Peak:0.00M | Scene, ViewLayer | Synchronizing object | PAYLOAD-middle-1-1-GEO-grip-backing.001--export
Fra:1 Mem:103.34M (Peak 103.34M) | Time:00:00.06 | Mem:0.00M, Peak:0.00M | Scene, ViewLayer | Synchronizing object | PAYLOAD-middle-0-0-GEO-closed-front-wall--export
Fra:1 Mem:103.32M (Peak 103.34M) | Time:00:00.06 | Mem:0.00M, Peak:0.00M | Scene, ViewLayer | Synchronizing object | PAYLOAD-middle-1-1-GEO-fitted-side-panel.001--export
Fra:1 Mem:103.38M (Peak 103.38M) | Time:00:00.06 | Mem:0.00M, Peak:0.00M | Scene, ViewLayer | Synchronizing object | PAYLOAD-middle-0-0-GEO-corner-load-column--export
Fra:1 Mem:103.38M (Peak 103.38M) | Time:00:00.06 | Mem:0.00M, Peak:0.00M | Scene, ViewLayer | Synchronizing object | PAYLOAD-middle-1-1-GEO-side-inset-backing.001--export
Fra:1 Mem:103.38M (Peak 103.38M) | Time:00:00.06 | Mem:0.00M, Peak:0.00M | Scene, ViewLayer | Synchronizing object | PAYLOAD-middle-0-0-GEO-stepped-corner-armor--export
Fra:1 Mem:103.42M (Peak 103.42M) | Time:00:00.06 | Mem:0.00M, Peak:0.00M | Scene, ViewLayer | Synchronizing object | PAYLOAD-middle-0-0-GEO-stepped-corner-armor.001--export
Fra:1 Mem:103.42M (Peak 103.42M) | Time:00:00.06 | Mem:0.00M, Peak:0.00M | Scene, ViewLayer | Synchronizing object | PAYLOAD-middle-1-1-GEO-service-cartridge--export
Fra:1 Mem:103.45M (Peak 103.45M) | Time:00:00.06 | Mem:0.00M, Peak:0.00M | Scene, ViewLayer | Synchronizing object | PAYLOAD-middle-1-1-GEO-glove-grip--export
Fra:1 Mem:103.52M (Peak 103.52M) | Time:00:00.06 | Mem:0.00M, Peak:0.00M | Scene, ViewLayer | Synchronizing object | PAYLOAD-middle-0-0-GEO-corner-load-column.001--export
Fra:1 Mem:103.49M (Peak 103.52M) | Time:00:00.06 | Mem:0.00M, Peak:0.00M | Scene, ViewLayer | Synchronizing object | PAYLOAD-middle-1-1-GEO-grip-support.001--export
Fra:1 Mem:103.49M (Peak 103.52M) | Time:00:00.06 | Mem:0.00M, Peak:0.00M | Scene, ViewLayer | Synchronizing object | PAYLOAD-middle-0-0-GEO-stepped-corner-armor.002--export
Fra:1 Mem:103.54M (Peak 103.54M) | Time:00:00.06 | Mem:0.00M, Peak:0.00M | Scene, ViewLayer | Synchronizing object | PAYLOAD-middle-1-1-GEO-grip-support--export
Fra:1 Mem:103.52M (Peak 103.54M) | Time:00:00.06 | Mem:0.00M, Peak:0.00M | Scene, ViewLayer | Synchronizing object | PAYLOAD-middle-0-0-GEO-stepped-corner-armor.003--export
Fra:1 Mem:103.56M (Peak 103.56M) | Time:00:00.06 | Mem:0.00M, Peak:0.00M | Scene, ViewLayer | Synchronizing object | PAYLOAD-middle-1-1-GEO-grip-backing--export
Fra:1 Mem:103.55M (Peak 103.56M) | Time:00:00.06 | Mem:0.00M, Peak:0.00M | Scene, ViewLayer | Synchronizing object | PAYLOAD-middle-0-0-GEO-corner-load-column.002--export
Fra:1 Mem:103.57M (Peak 103.57M) | Time:00:00.06 | Mem:0.00M, Peak:0.00M | Scene, ViewLayer | Synchronizing object | PAYLOAD-middle-1-1-GEO-fitted-side-panel--export
Fra:1 Mem:103.58M (Peak 103.58M) | Time:00:00.06 | Mem:0.00M, Peak:0.00M | Scene, ViewLayer | Synchronizing object | PAYLOAD-middle-0-0-GEO-stepped-corner-armor.004--export
Fra:1 Mem:103.62M (Peak 103.62M) | Time:00:00.06 | Mem:0.00M, Peak:0.00M | Scene, ViewLayer | Synchronizing object | PAYLOAD-middle-0-0-GEO-stepped-corner-armor.005--export
Fra:1 Mem:103.68M (Peak 103.68M) | Time:00:00.06 | Mem:0.00M, Peak:0.00M | Scene, ViewLayer | Synchronizing object | PAYLOAD-middle-0-0-GEO-corner-load-column.003--export
Fra:1 Mem:103.67M (Peak 103.68M) | Time:00:00.06 | Mem:0.00M, Peak:0.00M | Scene, ViewLayer | Synchronizing object | PAYLOAD-middle-1-1-GEO-side-inset-backing--export
Fra:1 Mem:103.68M (Peak 103.68M) | Time:00:00.06 | Mem:0.00M, Peak:0.00M | Scene, ViewLayer | Synchronizing object | PAYLOAD-middle-0-0-GEO-stepped-corner-armor.006--export
Fra:1 Mem:103.71M (Peak 103.71M) | Time:00:00.06 | Mem:0.00M, Peak:0.00M | Scene, ViewLayer | Synchronizing object | PAYLOAD-middle-0-0-GEO-stepped-corner-armor.007--export
Fra:1 Mem:103.71M (Peak 103.71M) | Time:00:00.06 | Mem:0.00M, Peak:0.00M | Scene, ViewLayer | Synchronizing object | PAYLOAD-middle-1-1-GEO-rear-hinge-pin.001--export
Fra:1 Mem:103.79M (Peak 103.79M) | Time:00:00.06 | Mem:0.00M, Peak:0.00M | Scene, ViewLayer | Synchronizing object | PAYLOAD-middle-0-0-GEO-opening-layered-lid--export
Fra:1 Mem:103.74M (Peak 103.79M) | Time:00:00.06 | Mem:0.00M, Peak:0.00M | Scene, ViewLayer | Synchronizing object | PAYLOAD-middle-0-0-GEO-lid-shoulder-band--export
Fra:1 Mem:103.75M (Peak 103.79M) | Time:00:00.06 | Mem:0.00M, Peak:0.00M | Scene, ViewLayer | Synchronizing object | PAYLOAD-middle-1-1-GEO-rear-hinge-pin--export
Fra:1 Mem:103.80M (Peak 103.80M) | Time:00:00.06 | Mem:0.00M, Peak:0.00M | Scene, ViewLayer | Synchronizing object | PAYLOAD-middle-0-0-GEO-lid-shoulder-band.001--export
Fra:1 Mem:103.82M (Peak 103.82M) | Time:00:00.06 | Mem:0.00M, Peak:0.00M | Scene, ViewLayer | Synchronizing object | PAYLOAD-middle-1-1-GEO-lid-toggle.001--export
Fra:1 Mem:103.81M (Peak 103.82M) | Time:00:00.06 | Mem:0.00M, Peak:0.00M | Scene, ViewLayer | Synchronizing object | PAYLOAD-middle-0-0-GEO-lid-recess-base--export
Fra:1 Mem:103.86M (Peak 103.86M) | Time:00:00.06 | Mem:0.00M, Peak:0.00M | Scene, ViewLayer | Synchronizing object | PAYLOAD-middle-1-1-GEO-lid-latch-leaf.001--export
Fra:1 Mem:103.84M (Peak 103.86M) | Time:00:00.06 | Mem:0.00M, Peak:0.00M | Scene, ViewLayer | Synchronizing object | PAYLOAD-middle-0-0-GEO-lid-fitted-cap--export
Fra:1 Mem:103.86M (Peak 103.86M) | Time:00:00.06 | Mem:0.00M, Peak:0.00M | Scene, ViewLayer | Synchronizing object | PAYLOAD-middle-1-1-GEO-lid-toggle--export
Fra:1 Mem:103.86M (Peak 103.86M) | Time:00:00.06 | Mem:0.00M, Peak:0.00M | Scene, ViewLayer | Synchronizing object | PAYLOAD-middle-0-0-GEO-lid-cap-end-step--export
Fra:1 Mem:103.89M (Peak 103.89M) | Time:00:00.06 | Mem:0.00M, Peak:0.00M | Scene, ViewLayer | Synchronizing object | PAYLOAD-middle-1-1-GEO-lid-latch-leaf--export
Fra:1 Mem:103.89M (Peak 103.89M) | Time:00:00.06 | Mem:0.00M, Peak:0.00M | Scene, ViewLayer | Synchronizing object | PAYLOAD-middle-0-0-GEO-lid-cap-end-step.001--export
Fra:1 Mem:103.92M (Peak 103.92M) | Time:00:00.06 | Mem:0.00M, Peak:0.00M | Scene, ViewLayer | Synchronizing object | PAYLOAD-middle-1-1-GEO-lid-cap-end-step.001--export
Fra:1 Mem:103.92M (Peak 103.92M) | Time:00:00.06 | Mem:0.00M, Peak:0.00M | Scene, ViewLayer | Synchronizing object | PAYLOAD-middle-0-0-GEO-lid-latch-leaf--export
Fra:1 Mem:103.95M (Peak 103.95M) | Time:00:00.06 | Mem:0.00M, Peak:0.00M | Scene, ViewLayer | Synchronizing object | PAYLOAD-middle-1-1-GEO-lid-cap-end-step--export
Fra:1 Mem:103.95M (Peak 103.95M) | Time:00:00.06 | Mem:0.00M, Peak:0.00M | Scene, ViewLayer | Synchronizing object | PAYLOAD-middle-0-0-GEO-lid-toggle--export
Fra:1 Mem:104.00M (Peak 104.00M) | Time:00:00.06 | Mem:0.00M, Peak:0.00M | Scene, ViewLayer | Synchronizing object | PAYLOAD-middle-0-0-GEO-lid-latch-leaf.001--export
Fra:1 Mem:104.01M (Peak 104.01M) | Time:00:00.06 | Mem:0.00M, Peak:0.00M | Scene, ViewLayer | Synchronizing object | PAYLOAD-middle-1-1-GEO-lid-fitted-cap--export
Fra:1 Mem:104.02M (Peak 104.02M) | Time:00:00.06 | Mem:0.00M, Peak:0.00M | Scene, ViewLayer | Synchronizing object | PAYLOAD-middle-0-0-GEO-lid-toggle.001--export
Fra:1 Mem:104.04M (Peak 104.04M) | Time:00:00.06 | Mem:0.00M, Peak:0.00M | Scene, ViewLayer | Synchronizing object | PAYLOAD-middle-1-1-GEO-lid-recess-base--export
Fra:1 Mem:104.06M (Peak 104.06M) | Time:00:00.06 | Mem:0.00M, Peak:0.00M | Scene, ViewLayer | Synchronizing object | PAYLOAD-middle-0-0-GEO-rear-hinge-pin--export
Fra:1 Mem:104.04M (Peak 104.06M) | Time:00:00.06 | Mem:0.00M, Peak:0.00M | Scene, ViewLayer | Synchronizing object | PAYLOAD-middle-1-1-GEO-lid-shoulder-band.001--export
Fra:1 Mem:104.12M (Peak 104.12M) | Time:00:00.06 | Mem:0.00M, Peak:0.00M | Scene, ViewLayer | Synchronizing object | PAYLOAD-middle-1-1-GEO-lid-shoulder-band--export
Fra:1 Mem:104.10M (Peak 104.12M) | Time:00:00.06 | Mem:0.00M, Peak:0.00M | Scene, ViewLayer | Synchronizing object | PAYLOAD-middle-0-0-GEO-rear-hinge-pin.001--export
Fra:1 Mem:104.17M (Peak 104.17M) | Time:00:00.06 | Mem:0.00M, Peak:0.00M | Scene, ViewLayer | Synchronizing object | PAYLOAD-middle-1-1-GEO-opening-layered-lid--export
Fra:1 Mem:104.13M (Peak 104.17M) | Time:00:00.06 | Mem:0.00M, Peak:0.00M | Scene, ViewLayer | Synchronizing object | PAYLOAD-middle-0-0-GEO-side-inset-backing--export
Fra:1 Mem:104.14M (Peak 104.17M) | Time:00:00.06 | Mem:0.00M, Peak:0.00M | Scene, ViewLayer | Synchronizing object | PAYLOAD-middle-1-1-GEO-stepped-corner-armor.007--export
Fra:1 Mem:104.20M (Peak 104.20M) | Time:00:00.06 | Mem:0.00M, Peak:0.00M | Scene, ViewLayer | Synchronizing object | PAYLOAD-middle-1-1-GEO-stepped-corner-armor.006--export
Fra:1 Mem:104.18M (Peak 104.20M) | Time:00:00.06 | Mem:0.00M, Peak:0.00M | Scene, ViewLayer | Synchronizing object | PAYLOAD-middle-0-0-GEO-fitted-side-panel--export
Fra:1 Mem:104.26M (Peak 104.26M) | Time:00:00.06 | Mem:0.00M, Peak:0.00M | Scene, ViewLayer | Synchronizing object | PAYLOAD-middle-1-1-GEO-corner-load-column.003--export
Fra:1 Mem:104.26M (Peak 104.26M) | Time:00:00.06 | Mem:0.00M, Peak:0.00M | Scene, ViewLayer | Synchronizing object | PAYLOAD-middle-0-0-GEO-grip-backing--export
Fra:1 Mem:104.27M (Peak 104.27M) | Time:00:00.06 | Mem:0.00M, Peak:0.00M | Scene, ViewLayer | Synchronizing object | PAYLOAD-middle-1-1-GEO-stepped-corner-armor.005--export
Fra:1 Mem:104.28M (Peak 104.28M) | Time:00:00.06 | Mem:0.00M, Peak:0.00M | Scene, ViewLayer | Synchronizing object | PAYLOAD-middle-0-0-GEO-grip-support--export
Fra:1 Mem:104.28M (Peak 104.28M) | Time:00:00.06 | Mem:0.00M, Peak:0.00M | Scene, ViewLayer | Synchronizing object | PAYLOAD-middle-1-1-GEO-stepped-corner-armor.004--export
Fra:1 Mem:104.30M (Peak 104.30M) | Time:00:00.06 | Mem:0.00M, Peak:0.00M | Scene, ViewLayer | Synchronizing object | PAYLOAD-middle-0-0-GEO-grip-support.001--export
Fra:1 Mem:104.31M (Peak 104.31M) | Time:00:00.06 | Mem:0.00M, Peak:0.00M | Scene, ViewLayer | Synchronizing object | PAYLOAD-middle-1-1-GEO-corner-load-column.002--export
Fra:1 Mem:104.32M (Peak 104.32M) | Time:00:00.06 | Mem:0.00M, Peak:0.00M | Scene, ViewLayer | Synchronizing object | PAYLOAD-middle-0-0-GEO-glove-grip--export
Fra:1 Mem:104.40M (Peak 104.40M) | Time:00:00.06 | Mem:0.00M, Peak:0.00M | Scene, ViewLayer | Synchronizing object | PAYLOAD-middle-1-1-GEO-stepped-corner-armor.003--export
Fra:1 Mem:104.40M (Peak 104.40M) | Time:00:00.06 | Mem:0.00M, Peak:0.00M | Scene, ViewLayer | Synchronizing object | PAYLOAD-middle-1-1-GEO-stepped-corner-armor.002--export
Fra:1 Mem:104.37M (Peak 104.40M) | Time:00:00.06 | Mem:0.00M, Peak:0.00M | Scene, ViewLayer | Synchronizing object | PAYLOAD-middle-0-0-GEO-service-cartridge--export
Fra:1 Mem:104.41M (Peak 104.41M) | Time:00:00.06 | Mem:0.00M, Peak:0.00M | Scene, ViewLayer | Synchronizing object | PAYLOAD-middle-1-1-GEO-corner-load-column.001--export
Fra:1 Mem:104.39M (Peak 104.41M) | Time:00:00.06 | Mem:0.00M, Peak:0.00M | Scene, ViewLayer | Synchronizing object | PAYLOAD-middle-0-0-GEO-side-inset-backing.001--export
Fra:1 Mem:104.45M (Peak 104.45M) | Time:00:00.06 | Mem:0.00M, Peak:0.00M | Scene, ViewLayer | Synchronizing object | PAYLOAD-middle-1-1-GEO-stepped-corner-armor.001--export
Fra:1 Mem:104.46M (Peak 104.46M) | Time:00:00.06 | Mem:0.00M, Peak:0.00M | Scene, ViewLayer | Synchronizing object | PAYLOAD-middle-0-0-GEO-fitted-side-panel.001--export
Fra:1 Mem:104.45M (Peak 104.46M) | Time:00:00.06 | Mem:0.00M, Peak:0.00M | Scene, ViewLayer | Synchronizing object | PAYLOAD-middle-1-1-GEO-stepped-corner-armor--export
Fra:1 Mem:104.53M (Peak 104.53M) | Time:00:00.06 | Mem:0.00M, Peak:0.00M | Scene, ViewLayer | Synchronizing object | PAYLOAD-middle-1-1-GEO-corner-load-column--export
Fra:1 Mem:104.50M (Peak 104.53M) | Time:00:00.06 | Mem:0.00M, Peak:0.00M | Scene, ViewLayer | Synchronizing object | PAYLOAD-middle-0-0-GEO-grip-backing.001--export
Fra:1 Mem:104.50M (Peak 104.53M) | Time:00:00.06 | Mem:0.00M, Peak:0.00M | Scene, ViewLayer | Synchronizing object | PAYLOAD-middle-1-1-GEO-closed-front-wall--export
Fra:1 Mem:104.55M (Peak 104.55M) | Time:00:00.06 | Mem:0.00M, Peak:0.00M | Scene, ViewLayer | Synchronizing object | PAYLOAD-middle-1-1-GEO-closed-rear-wall--export
Fra:1 Mem:104.56M (Peak 104.56M) | Time:00:00.06 | Mem:0.00M, Peak:0.00M | Scene, ViewLayer | Synchronizing object | PAYLOAD-middle-0-0-GEO-grip-support.002--export
Fra:1 Mem:104.55M (Peak 104.56M) | Time:00:00.06 | Mem:0.00M, Peak:0.00M | Scene, ViewLayer | Synchronizing object | PAYLOAD-middle-1-1-GEO-closed-side-wall.001--export
Fra:1 Mem:104.60M (Peak 104.60M) | Time:00:00.06 | Mem:0.00M, Peak:0.00M | Scene, ViewLayer | Synchronizing object | PAYLOAD-middle-0-0-GEO-grip-support.003--export
Fra:1 Mem:104.58M (Peak 104.60M) | Time:00:00.06 | Mem:0.00M, Peak:0.00M | Scene, ViewLayer | Synchronizing object | PAYLOAD-middle-1-1-GEO-closed-side-wall--export
Fra:1 Mem:104.62M (Peak 104.62M) | Time:00:00.06 | Mem:0.00M, Peak:0.00M | Scene, ViewLayer | Synchronizing object | PAYLOAD-middle-0-0-GEO-glove-grip.001--export
Fra:1 Mem:104.61M (Peak 104.62M) | Time:00:00.06 | Mem:0.00M, Peak:0.00M | Scene, ViewLayer | Synchronizing object | PAYLOAD-middle-1-1-GEO-sealed-floor--export
Fra:1 Mem:104.69M (Peak 104.69M) | Time:00:00.06 | Mem:0.00M, Peak:0.00M | Scene, ViewLayer | Synchronizing object | PAYLOAD-middle-1-1-GEO-40mm-locating-foot.003--export
Fra:1 Mem:104.67M (Peak 104.69M) | Time:00:00.06 | Mem:0.00M, Peak:0.00M | Scene, ViewLayer | Synchronizing object | PAYLOAD-middle-0-0-GEO-service-cartridge.001--export
Fra:1 Mem:104.69M (Peak 104.69M) | Time:00:00.06 | Mem:0.00M, Peak:0.00M | Scene, ViewLayer | Synchronizing object | PAYLOAD-middle-0-0-GEO-front-inset--export
Fra:1 Mem:104.73M (Peak 104.73M) | Time:00:00.06 | Mem:0.00M, Peak:0.00M | Scene, ViewLayer | Synchronizing object | PAYLOAD-middle-1-1-GEO-40mm-locating-foot.002--export
Fra:1 Mem:104.74M (Peak 104.74M) | Time:00:00.06 | Mem:0.00M, Peak:0.00M | Scene, ViewLayer | Synchronizing object | PAYLOAD-middle-0-0-GEO-front-fitted-panel--export
Fra:1 Mem:104.77M (Peak 104.77M) | Time:00:00.06 | Mem:0.00M, Peak:0.00M | Scene, ViewLayer | Synchronizing object | PAYLOAD-middle-1-1-GEO-40mm-locating-foot.001--export
Fra:1 Mem:104.78M (Peak 104.78M) | Time:00:00.06 | Mem:0.00M, Peak:0.00M | Scene, ViewLayer | Synchronizing object | PAYLOAD-middle-0-0-GEO-stack-receiver-base--export
Fra:1 Mem:104.79M (Peak 104.79M) | Time:00:00.06 | Mem:0.00M, Peak:0.00M | Scene, ViewLayer | Synchronizing object | PAYLOAD-middle-1-1-GEO-40mm-locating-foot--export
Fra:1 Mem:104.79M (Peak 104.79M) | Time:00:00.06 | Mem:0.00M, Peak:0.00M | Scene, ViewLayer | Synchronizing object | PAYLOAD-middle-0-0-GEO-44mm-clear-stack-receiver--export
Fra:1 Mem:104.82M (Peak 104.82M) | Time:00:00.06 | Mem:0.00M, Peak:0.00M | Scene, ViewLayer | Synchronizing object | PAYLOAD-middle-1-1-GEO-crossmember.001--export
Fra:1 Mem:104.83M (Peak 104.83M) | Time:00:00.06 | Mem:0.00M, Peak:0.00M | Scene, ViewLayer | Synchronizing object | PAYLOAD-middle-0-0-GEO-44mm-clear-stack-receiver.001--export
Fra:1 Mem:104.85M (Peak 104.85M) | Time:00:00.06 | Mem:0.00M, Peak:0.00M | Scene, ViewLayer | Synchronizing object | PAYLOAD-middle-0-0-GEO-44mm-clear-stack-receiver.002--export
Fra:1 Mem:104.86M (Peak 104.86M) | Time:00:00.06 | Mem:0.00M, Peak:0.00M | Scene, ViewLayer | Synchronizing object | PAYLOAD-middle-1-1-GEO-crossmember--export
Fra:1 Mem:104.87M (Peak 104.87M) | Time:00:00.06 | Mem:0.00M, Peak:0.00M | Scene, ViewLayer | Synchronizing object | PAYLOAD-middle-0-0-GEO-44mm-clear-stack-receiver.003--export
Fra:1 Mem:104.88M (Peak 104.88M) | Time:00:00.06 | Mem:0.00M, Peak:0.00M | Scene, ViewLayer | Synchronizing object | PAYLOAD-middle-1-1-GEO-load-skid.001--export
Fra:1 Mem:104.89M (Peak 104.89M) | Time:00:00.06 | Mem:0.00M, Peak:0.00M | Scene, ViewLayer | Synchronizing object | PAYLOAD-middle-0-0-GEO-stack-receiver-base.001--export
Fra:1 Mem:104.91M (Peak 104.91M) | Time:00:00.06 | Mem:0.00M, Peak:0.00M | Scene, ViewLayer | Synchronizing object | PAYLOAD-middle-1-1-GEO-load-skid--export
Fra:1 Mem:104.93M (Peak 104.93M) | Time:00:00.06 | Mem:0.00M, Peak:0.00M | Scene, ViewLayer | Synchronizing object | PAYLOAD-middle-0-0-GEO-44mm-clear-stack-receiver.004--export
Fra:1 Mem:104.93M (Peak 104.93M) | Time:00:00.06 | Mem:0.00M, Peak:0.00M | Scene, ViewLayer | Synchronizing object | PAYLOAD-middle-1-0-GEO-fixed-rear-hinge-saddle.003--export
Fra:1 Mem:104.93M (Peak 104.93M) | Time:00:00.06 | Mem:0.00M, Peak:0.00M | Scene, ViewLayer | Synchronizing object | PAYLOAD-middle-0-0-GEO-44mm-clear-stack-receiver.005--export
Fra:1 Mem:104.98M (Peak 104.98M) | Time:00:00.06 | Mem:0.00M, Peak:0.00M | Scene, ViewLayer | Synchronizing object | PAYLOAD-middle-0-0-GEO-44mm-clear-stack-receiver.006--export
Fra:1 Mem:104.98M (Peak 104.98M) | Time:00:00.06 | Mem:0.00M, Peak:0.00M | Scene, ViewLayer | Synchronizing object | PAYLOAD-middle-1-0-GEO-fixed-rear-hinge-saddle.002--export
Fra:1 Mem:104.98M (Peak 104.98M) | Time:00:00.06 | Mem:0.00M, Peak:0.00M | Scene, ViewLayer | Synchronizing object | PAYLOAD-middle-0-0-GEO-44mm-clear-stack-receiver.007--export
Fra:1 Mem:105.02M (Peak 105.02M) | Time:00:00.06 | Mem:0.00M, Peak:0.00M | Scene, ViewLayer | Synchronizing object | PAYLOAD-middle-0-0-GEO-stack-receiver-base.002--export
Fra:1 Mem:105.03M (Peak 105.03M) | Time:00:00.06 | Mem:0.00M, Peak:0.00M | Scene, ViewLayer | Synchronizing object | PAYLOAD-middle-1-0-GEO-fixed-rear-hinge-saddle.001--export
Fra:1 Mem:105.03M (Peak 105.03M) | Time:00:00.06 | Mem:0.00M, Peak:0.00M | Scene, ViewLayer | Synchronizing object | PAYLOAD-middle-0-0-GEO-44mm-clear-stack-receiver.008--export
Fra:1 Mem:105.05M (Peak 105.05M) | Time:00:00.06 | Mem:0.00M, Peak:0.00M | Scene, ViewLayer | Synchronizing object | PAYLOAD-middle-1-0-GEO-fixed-rear-hinge-saddle--export
Fra:1 Mem:105.04M (Peak 105.05M) | Time:00:00.06 | Mem:0.00M, Peak:0.00M | Scene, ViewLayer | Synchronizing object | PAYLOAD-middle-0-0-GEO-44mm-clear-stack-receiver.009--export
Fra:1 Mem:105.10M (Peak 105.10M) | Time:00:00.06 | Mem:0.00M, Peak:0.00M | Scene, ViewLayer | Synchronizing object | PAYLOAD-middle-0-0-GEO-44mm-clear-stack-receiver.010--export
Fra:1 Mem:105.09M (Peak 105.10M) | Time:00:00.06 | Mem:0.00M, Peak:0.00M | Scene, ViewLayer | Synchronizing object | PAYLOAD-middle-1-0-GEO-lid-latch-connecting-bridge.001--export
Fra:1 Mem:105.09M (Peak 105.10M) | Time:00:00.06 | Mem:0.00M, Peak:0.00M | Scene, ViewLayer | Synchronizing object | PAYLOAD-middle-0-0-GEO-44mm-clear-stack-receiver.011--export
Fra:1 Mem:105.14M (Peak 105.14M) | Time:00:00.06 | Mem:0.00M, Peak:0.00M | Scene, ViewLayer | Synchronizing object | PAYLOAD-middle-0-0-GEO-stack-receiver-base.003--export
Fra:1 Mem:105.15M (Peak 105.15M) | Time:00:00.06 | Mem:0.00M, Peak:0.00M | Scene, ViewLayer | Synchronizing object | PAYLOAD-middle-1-0-GEO-lid-latch-connecting-bridge--export
Fra:1 Mem:105.13M (Peak 105.15M) | Time:00:00.06 | Mem:0.00M, Peak:0.00M | Scene, ViewLayer | Synchronizing object | PAYLOAD-middle-0-0-GEO-44mm-clear-stack-receiver.012--export
Fra:1 Mem:105.18M (Peak 105.18M) | Time:00:00.06 | Mem:0.00M, Peak:0.00M | Scene, ViewLayer | Synchronizing object | PAYLOAD-middle-0-0-GEO-44mm-clear-stack-receiver.013--export
Fra:1 Mem:105.17M (Peak 105.18M) | Time:00:00.06 | Mem:0.00M, Peak:0.00M | Scene, ViewLayer | Synchronizing object | PAYLOAD-middle-1-0-GEO-inset-lid-gasket.003--export
Fra:1 Mem:105.21M (Peak 105.21M) | Time:00:00.06 | Mem:0.00M, Peak:0.00M | Scene, ViewLayer | Synchronizing object | PAYLOAD-middle-0-0-GEO-44mm-clear-stack-receiver.014--export
Fra:1 Mem:105.21M (Peak 105.21M) | Time:00:00.06 | Mem:0.00M, Peak:0.00M | Scene, ViewLayer | Synchronizing object | PAYLOAD-middle-1-0-GEO-lid-support-ledge.003--export
Fra:1 Mem:105.20M (Peak 105.21M) | Time:00:00.06 | Mem:0.00M, Peak:0.00M | Scene, ViewLayer | Synchronizing object | PAYLOAD-middle-0-0-GEO-44mm-clear-stack-receiver.015--export
Fra:1 Mem:105.25M (Peak 105.25M) | Time:00:00.06 | Mem:0.00M, Peak:0.00M | Scene, ViewLayer | Synchronizing object | PAYLOAD-middle-0-0-GEO-marking-STA / S--export
Fra:1 Mem:105.26M (Peak 105.26M) | Time:00:00.06 | Mem:0.00M, Peak:0.00M | Scene, ViewLayer | Synchronizing object | PAYLOAD-middle-1-0-GEO-inset-lid-gasket.002--export
Fra:1 Mem:105.51M (Peak 105.51M) | Time:00:00.06 | Mem:0.00M, Peak:0.00M | Scene, ViewLayer | Synchronizing object | PAYLOAD-middle-1-0-GEO-lid-support-ledge.002--export
Fra:1 Mem:105.44M (Peak 105.51M) | Time:00:00.06 | Mem:0.00M, Peak:0.00M | Scene, ViewLayer | Synchronizing object | PAYLOAD-middle-1-0-GEO-inset-lid-gasket.001--export
Fra:1 Mem:105.58M (Peak 105.58M) | Time:00:00.06 | Mem:0.00M, Peak:0.00M | Scene, ViewLayer | Synchronizing object | PAYLOAD-middle-1-0-GEO-lid-support-ledge.001--export
Fra:1 Mem:105.43M (Peak 105.58M) | Time:00:00.06 | Mem:0.00M, Peak:0.00M | Scene, ViewLayer | Synchronizing object | PAYLOAD-middle-1-0-GEO-inset-lid-gasket--export
Fra:1 Mem:105.40M (Peak 105.58M) | Time:00:00.06 | Mem:0.00M, Peak:0.00M | Scene, ViewLayer | Synchronizing object | PAYLOAD-middle-0-0-GEO-fixed-top-frame--export
Fra:1 Mem:105.43M (Peak 105.58M) | Time:00:00.06 | Mem:0.00M, Peak:0.00M | Scene, ViewLayer | Synchronizing object | PAYLOAD-middle-0-0-GEO-fixed-top-frame.001--export
Fra:1 Mem:105.43M (Peak 105.58M) | Time:00:00.06 | Mem:0.00M, Peak:0.00M | Scene, ViewLayer | Synchronizing object | PAYLOAD-middle-1-0-GEO-lid-support-ledge--export
Fra:1 Mem:105.46M (Peak 105.58M) | Time:00:00.06 | Mem:0.00M, Peak:0.00M | Scene, ViewLayer | Synchronizing object | PAYLOAD-middle-0-0-GEO-fixed-top-frame.002--export
Fra:1 Mem:105.46M (Peak 105.58M) | Time:00:00.06 | Mem:0.00M, Peak:0.00M | Scene, ViewLayer | Synchronizing object | PAYLOAD-middle-1-0-GEO-fixed-top-frame.003--export
Fra:1 Mem:105.50M (Peak 105.58M) | Time:00:00.06 | Mem:0.00M, Peak:0.00M | Scene, ViewLayer | Synchronizing object | PAYLOAD-middle-0-0-GEO-fixed-top-frame.003--export
Fra:1 Mem:105.51M (Peak 105.58M) | Time:00:00.06 | Mem:0.00M, Peak:0.00M | Scene, ViewLayer | Synchronizing object | PAYLOAD-middle-1-0-GEO-fixed-top-frame.002--export
Fra:1 Mem:105.51M (Peak 105.58M) | Time:00:00.06 | Mem:0.00M, Peak:0.00M | Scene, ViewLayer | Synchronizing object | PAYLOAD-middle-0-0-GEO-lid-support-ledge--export
Fra:1 Mem:105.51M (Peak 105.58M) | Time:00:00.06 | Mem:0.00M, Peak:0.00M | Scene, ViewLayer | Synchronizing object | PAYLOAD-middle-1-0-GEO-fixed-top-frame.001--export
Fra:1 Mem:105.54M (Peak 105.58M) | Time:00:00.06 | Mem:0.00M, Peak:0.00M | Scene, ViewLayer | Synchronizing object | PAYLOAD-middle-1-0-GEO-fixed-top-frame--export
Fra:1 Mem:105.54M (Peak 105.58M) | Time:00:00.06 | Mem:0.00M, Peak:0.00M | Scene, ViewLayer | Synchronizing object | PAYLOAD-middle-0-0-GEO-inset-lid-gasket--export
Fra:1 Mem:105.57M (Peak 105.58M) | Time:00:00.06 | Mem:0.00M, Peak:0.00M | Scene, ViewLayer | Synchronizing object | PAYLOAD-middle-1-0-GEO-marking-STA / S--export
Fra:1 Mem:105.57M (Peak 105.58M) | Time:00:00.06 | Mem:0.00M, Peak:0.00M | Scene, ViewLayer | Synchronizing object | PAYLOAD-middle-0-0-GEO-lid-support-ledge.001--export
Fra:1 Mem:105.86M (Peak 105.86M) | Time:00:00.06 | Mem:0.00M, Peak:0.00M | Scene, ViewLayer | Synchronizing object | PAYLOAD-middle-0-0-GEO-inset-lid-gasket.001--export
Fra:1 Mem:105.76M (Peak 105.86M) | Time:00:00.06 | Mem:0.00M, Peak:0.00M | Scene, ViewLayer | Synchronizing object | PAYLOAD-middle-0-0-GEO-lid-support-ledge.002--export
Fra:1 Mem:105.81M (Peak 105.86M) | Time:00:00.06 | Mem:0.00M, Peak:0.00M | Scene, ViewLayer | Synchronizing object | PAYLOAD-middle-0-0-GEO-inset-lid-gasket.002--export
Fra:1 Mem:105.94M (Peak 105.94M) | Time:00:00.06 | Mem:0.00M, Peak:0.00M | Scene, ViewLayer | Synchronizing object | PAYLOAD-middle-0-0-GEO-lid-support-ledge.003--export
Fra:1 Mem:105.93M (Peak 105.94M) | Time:00:00.06 | Mem:0.00M, Peak:0.00M | Scene, ViewLayer | Synchronizing object | PAYLOAD-middle-0-0-GEO-inset-lid-gasket.003--export
Fra:1 Mem:105.78M (Peak 105.94M) | Time:00:00.06 | Mem:0.00M, Peak:0.00M | Scene, ViewLayer | Synchronizing object | PAYLOAD-middle-1-0-GEO-44mm-clear-stack-receiver.015--export
Fra:1 Mem:105.80M (Peak 105.94M) | Time:00:00.06 | Mem:0.00M, Peak:0.00M | Scene, ViewLayer | Synchronizing object | PAYLOAD-middle-0-0-GEO-lid-latch-connecting-bridge--export
Fra:1 Mem:105.82M (Peak 105.94M) | Time:00:00.06 | Mem:0.00M, Peak:0.00M | Scene, ViewLayer | Synchronizing object | PAYLOAD-middle-1-0-GEO-44mm-clear-stack-receiver.014--export
Fra:1 Mem:105.80M (Peak 105.94M) | Time:00:00.06 | Mem:0.00M, Peak:0.00M | Scene, ViewLayer | Synchronizing object | PAYLOAD-middle-0-0-GEO-lid-latch-connecting-bridge.001--export
Fra:1 Mem:105.84M (Peak 105.94M) | Time:00:00.06 | Mem:0.00M, Peak:0.00M | Scene, ViewLayer | Synchronizing object | PAYLOAD-middle-1-0-GEO-44mm-clear-stack-receiver.013--export
Fra:1 Mem:105.84M (Peak 105.94M) | Time:00:00.06 | Mem:0.00M, Peak:0.00M | Scene, ViewLayer | Synchronizing object | PAYLOAD-middle-0-0-GEO-fixed-rear-hinge-saddle--export
Fra:1 Mem:105.86M (Peak 105.94M) | Time:00:00.06 | Mem:0.00M, Peak:0.00M | Scene, ViewLayer | Synchronizing object | PAYLOAD-middle-1-0-GEO-44mm-clear-stack-receiver.012--export
Fra:1 Mem:105.89M (Peak 105.94M) | Time:00:00.06 | Mem:0.00M, Peak:0.00M | Scene, ViewLayer | Synchronizing object | PAYLOAD-middle-0-0-GEO-fixed-rear-hinge-saddle.001--export
Fra:1 Mem:105.91M (Peak 105.94M) | Time:00:00.06 | Mem:0.00M, Peak:0.00M | Scene, ViewLayer | Synchronizing object | PAYLOAD-middle-1-0-GEO-stack-receiver-base.003--export
Fra:1 Mem:105.88M (Peak 105.94M) | Time:00:00.06 | Mem:0.00M, Peak:0.00M | Scene, ViewLayer | Synchronizing object | PAYLOAD-middle-0-0-GEO-fixed-rear-hinge-saddle.002--export
Fra:1 Mem:105.92M (Peak 105.94M) | Time:00:00.06 | Mem:0.00M, Peak:0.00M | Scene, ViewLayer | Synchronizing object | PAYLOAD-middle-0-0-GEO-fixed-rear-hinge-saddle.003--export
Fra:1 Mem:105.92M (Peak 105.94M) | Time:00:00.06 | Mem:0.00M, Peak:0.00M | Scene, ViewLayer | Synchronizing object | PAYLOAD-middle-1-0-GEO-44mm-clear-stack-receiver.011--export
Fra:1 Mem:105.93M (Peak 105.94M) | Time:00:00.06 | Mem:0.00M, Peak:0.00M | Scene, ViewLayer | Synchronizing object | PAYLOAD-middle-0-1-GEO-load-skid--export
Fra:1 Mem:105.98M (Peak 105.98M) | Time:00:00.06 | Mem:0.00M, Peak:0.00M | Scene, ViewLayer | Synchronizing object | PAYLOAD-middle-0-1-GEO-load-skid.001--export
Fra:1 Mem:105.98M (Peak 105.98M) | Time:00:00.06 | Mem:0.00M, Peak:0.00M | Scene, ViewLayer | Synchronizing object | PAYLOAD-middle-1-0-GEO-44mm-clear-stack-receiver.010--export
Fra:1 Mem:106.00M (Peak 106.00M) | Time:00:00.06 | Mem:0.00M, Peak:0.00M | Scene, ViewLayer | Synchronizing object | PAYLOAD-middle-0-1-GEO-crossmember--export
Fra:1 Mem:106.00M (Peak 106.00M) | Time:00:00.06 | Mem:0.00M, Peak:0.00M | Scene, ViewLayer | Synchronizing object | PAYLOAD-middle-1-0-GEO-44mm-clear-stack-receiver.009--export
Fra:1 Mem:106.00M (Peak 106.00M) | Time:00:00.06 | Mem:0.00M, Peak:0.00M | Scene, ViewLayer | Synchronizing object | PAYLOAD-middle-0-1-GEO-crossmember.001--export
Fra:1 Mem:106.05M (Peak 106.05M) | Time:00:00.06 | Mem:0.00M, Peak:0.00M | Scene, ViewLayer | Synchronizing object | PAYLOAD-middle-0-1-GEO-40mm-locating-foot--export
Fra:1 Mem:106.06M (Peak 106.06M) | Time:00:00.06 | Mem:0.00M, Peak:0.00M | Scene, ViewLayer | Synchronizing object | PAYLOAD-middle-1-0-GEO-44mm-clear-stack-receiver.008--export
Fra:1 Mem:106.06M (Peak 106.06M) | Time:00:00.06 | Mem:0.00M, Peak:0.00M | Scene, ViewLayer | Synchronizing object | PAYLOAD-middle-0-1-GEO-40mm-locating-foot.001--export
Fra:1 Mem:106.09M (Peak 106.09M) | Time:00:00.06 | Mem:0.00M, Peak:0.00M | Scene, ViewLayer | Synchronizing object | PAYLOAD-middle-1-0-GEO-stack-receiver-base.002--export
Fra:1 Mem:106.07M (Peak 106.09M) | Time:00:00.06 | Mem:0.00M, Peak:0.00M | Scene, ViewLayer | Synchronizing object | PAYLOAD-middle-0-1-GEO-40mm-locating-foot.002--export
Fra:1 Mem:106.12M (Peak 106.12M) | Time:00:00.06 | Mem:0.00M, Peak:0.00M | Scene, ViewLayer | Synchronizing object | PAYLOAD-middle-0-1-GEO-40mm-locating-foot.003--export
Fra:1 Mem:106.13M (Peak 106.13M) | Time:00:00.06 | Mem:0.00M, Peak:0.00M | Scene, ViewLayer | Synchronizing object | PAYLOAD-middle-1-0-GEO-44mm-clear-stack-receiver.007--export
Fra:1 Mem:106.15M (Peak 106.15M) | Time:00:00.06 | Mem:0.00M, Peak:0.00M | Scene, ViewLayer | Synchronizing object | PAYLOAD-middle-0-1-GEO-sealed-floor--export
Fra:1 Mem:106.16M (Peak 106.16M) | Time:00:00.06 | Mem:0.00M, Peak:0.00M | Scene, ViewLayer | Synchronizing object | PAYLOAD-middle-1-0-GEO-44mm-clear-stack-receiver.006--export
Fra:1 Mem:106.14M (Peak 106.16M) | Time:00:00.06 | Mem:0.00M, Peak:0.00M | Scene, ViewLayer | Synchronizing object | PAYLOAD-middle-0-1-GEO-closed-side-wall--export
Fra:1 Mem:106.19M (Peak 106.19M) | Time:00:00.06 | Mem:0.00M, Peak:0.00M | Scene, ViewLayer | Synchronizing object | PAYLOAD-middle-0-1-GEO-closed-side-wall.001--export
Fra:1 Mem:106.21M (Peak 106.21M) | Time:00:00.06 | Mem:0.00M, Peak:0.00M | Scene, ViewLayer | Synchronizing object | PAYLOAD-middle-1-0-GEO-44mm-clear-stack-receiver.005--export
Fra:1 Mem:106.19M (Peak 106.21M) | Time:00:00.06 | Mem:0.00M, Peak:0.00M | Scene, ViewLayer | Synchronizing object | PAYLOAD-middle-0-1-GEO-closed-rear-wall--export
Fra:1 Mem:106.24M (Peak 106.24M) | Time:00:00.06 | Mem:0.00M, Peak:0.00M | Scene, ViewLayer | Synchronizing object | PAYLOAD-middle-0-1-GEO-closed-front-wall--export
Fra:1 Mem:106.24M (Peak 106.24M) | Time:00:00.06 | Mem:0.00M, Peak:0.00M | Scene, ViewLayer | Synchronizing object | PAYLOAD-middle-1-0-GEO-44mm-clear-stack-receiver.004--export
Fra:1 Mem:106.26M (Peak 106.26M) | Time:00:00.06 | Mem:0.00M, Peak:0.00M | Scene, ViewLayer | Synchronizing object | PAYLOAD-middle-0-1-GEO-corner-load-column--export
Fra:1 Mem:106.25M (Peak 106.26M) | Time:00:00.06 | Mem:0.00M, Peak:0.00M | Scene, ViewLayer | Synchronizing object | PAYLOAD-middle-1-0-GEO-stack-receiver-base.001--export
Fra:1 Mem:106.29M (Peak 106.29M) | Time:00:00.06 | Mem:0.00M, Peak:0.00M | Scene, ViewLayer | Synchronizing object | PAYLOAD-middle-0-1-GEO-stepped-corner-armor--export
Fra:1 Mem:106.27M (Peak 106.29M) | Time:00:00.06 | Mem:0.00M, Peak:0.00M | Scene, ViewLayer | Synchronizing object | PAYLOAD-middle-1-0-GEO-44mm-clear-stack-receiver.003--export
Fra:1 Mem:106.32M (Peak 106.32M) | Time:00:00.06 | Mem:0.00M, Peak:0.00M | Scene, ViewLayer | Synchronizing object | PAYLOAD-middle-0-1-GEO-stepped-corner-armor.001--export
Fra:1 Mem:106.33M (Peak 106.33M) | Time:00:00.06 | Mem:0.00M, Peak:0.00M | Scene, ViewLayer | Synchronizing object | PAYLOAD-middle-1-0-GEO-44mm-clear-stack-receiver.002--export
Fra:1 Mem:106.35M (Peak 106.35M) | Time:00:00.06 | Mem:0.00M, Peak:0.00M | Scene, ViewLayer | Synchronizing object | PAYLOAD-middle-0-1-GEO-corner-load-column.001--export
Fra:1 Mem:106.34M (Peak 106.35M) | Time:00:00.06 | Mem:0.00M, Peak:0.00M | Scene, ViewLayer | Synchronizing object | PAYLOAD-middle-1-0-GEO-44mm-clear-stack-receiver.001--export
Fra:1 Mem:106.34M (Peak 106.35M) | Time:00:00.06 | Mem:0.00M, Peak:0.00M | Scene, ViewLayer | Synchronizing object | PAYLOAD-middle-0-1-GEO-stepped-corner-armor.002--export
Fra:1 Mem:106.38M (Peak 106.38M) | Time:00:00.06 | Mem:0.00M, Peak:0.00M | Scene, ViewLayer | Synchronizing object | PAYLOAD-middle-0-1-GEO-stepped-corner-armor.003--export
Fra:1 Mem:106.38M (Peak 106.38M) | Time:00:00.06 | Mem:0.00M, Peak:0.00M | Scene, ViewLayer | Synchronizing object | PAYLOAD-middle-0-1-GEO-corner-load-column.002--export
Fra:1 Mem:106.38M (Peak 106.38M) | Time:00:00.06 | Mem:0.00M, Peak:0.00M | Scene, ViewLayer | Synchronizing object | PAYLOAD-middle-1-0-GEO-44mm-clear-stack-receiver--export
Fra:1 Mem:106.42M (Peak 106.42M) | Time:00:00.06 | Mem:0.00M, Peak:0.00M | Scene, ViewLayer | Synchronizing object | PAYLOAD-middle-0-1-GEO-stepped-corner-armor.004--export
Fra:1 Mem:106.45M (Peak 106.45M) | Time:00:00.06 | Mem:0.00M, Peak:0.00M | Scene, ViewLayer | Synchronizing object | PAYLOAD-middle-1-0-GEO-stack-receiver-base--export
Fra:1 Mem:106.45M (Peak 106.45M) | Time:00:00.07 | Mem:0.00M, Peak:0.00M | Scene, ViewLayer | Synchronizing object | PAYLOAD-middle-0-1-GEO-stepped-corner-armor.005--export
Fra:1 Mem:106.48M (Peak 106.48M) | Time:00:00.07 | Mem:0.00M, Peak:0.00M | Scene, ViewLayer | Synchronizing object | PAYLOAD-middle-0-1-GEO-corner-load-column.003--export
Fra:1 Mem:106.46M (Peak 106.48M) | Time:00:00.07 | Mem:0.00M, Peak:0.00M | Scene, ViewLayer | Synchronizing object | PAYLOAD-middle-1-0-GEO-front-fitted-panel--export
Fra:1 Mem:106.53M (Peak 106.53M) | Time:00:00.07 | Mem:0.00M, Peak:0.00M | Scene, ViewLayer | Synchronizing object | PAYLOAD-middle-0-1-GEO-stepped-corner-armor.006--export
Fra:1 Mem:106.56M (Peak 106.56M) | Time:00:00.07 | Mem:0.00M, Peak:0.00M | Scene, ViewLayer | Synchronizing object | PAYLOAD-middle-0-1-GEO-stepped-corner-armor.007--export
Fra:1 Mem:106.54M (Peak 106.56M) | Time:00:00.07 | Mem:0.00M, Peak:0.00M | Scene, ViewLayer | Synchronizing object | PAYLOAD-middle-1-0-GEO-front-inset--export
Fra:1 Mem:106.52M (Peak 106.56M) | Time:00:00.07 | Mem:0.00M, Peak:0.00M | Scene, ViewLayer | Synchronizing object | PAYLOAD-middle-0-1-GEO-opening-layered-lid--export
Fra:1 Mem:106.58M (Peak 106.58M) | Time:00:00.07 | Mem:0.00M, Peak:0.00M | Scene, ViewLayer | Synchronizing object | PAYLOAD-middle-0-1-GEO-lid-shoulder-band--export
Fra:1 Mem:106.63M (Peak 106.63M) | Time:00:00.07 | Mem:0.00M, Peak:0.00M | Scene, ViewLayer | Synchronizing object | PAYLOAD-middle-0-1-GEO-lid-shoulder-band.001--export
Fra:1 Mem:106.60M (Peak 106.63M) | Time:00:00.07 | Mem:0.00M, Peak:0.00M | Scene, ViewLayer | Synchronizing object | PAYLOAD-middle-1-0-GEO-service-cartridge.001--export
Fra:1 Mem:106.63M (Peak 106.63M) | Time:00:00.07 | Mem:0.00M, Peak:0.00M | Scene, ViewLayer | Synchronizing object | PAYLOAD-middle-0-1-GEO-lid-recess-base--export
Fra:1 Mem:106.62M (Peak 106.63M) | Time:00:00.07 | Mem:0.00M, Peak:0.00M | Scene, ViewLayer | Synchronizing object | PAYLOAD-middle-0-1-GEO-lid-fitted-cap--export
Fra:1 Mem:106.65M (Peak 106.65M) | Time:00:00.07 | Mem:0.00M, Peak:0.00M | Scene, ViewLayer | Synchronizing object | PAYLOAD-middle-1-0-GEO-glove-grip.001--export
Fra:1 Mem:106.71M (Peak 106.71M) | Time:00:00.07 | Mem:0.00M, Peak:0.00M | Scene, ViewLayer | Synchronizing object | PAYLOAD-middle-0-1-GEO-lid-cap-end-step--export
Fra:1 Mem:106.69M (Peak 106.71M) | Time:00:00.07 | Mem:0.00M, Peak:0.00M | Scene, ViewLayer | Synchronizing object | PAYLOAD-middle-0-1-GEO-lid-cap-end-step.001--export
Fra:1 Mem:106.69M (Peak 106.71M) | Time:00:00.07 | Mem:0.00M, Peak:0.00M | Scene, ViewLayer | Synchronizing object | PAYLOAD-middle-1-0-GEO-grip-support.003--export
Fra:1 Mem:106.70M (Peak 106.71M) | Time:00:00.07 | Mem:0.00M, Peak:0.00M | Scene, ViewLayer | Synchronizing object | PAYLOAD-middle-0-1-GEO-lid-latch-leaf--export
Fra:1 Mem:106.75M (Peak 106.75M) | Time:00:00.07 | Mem:0.00M, Peak:0.00M | Scene, ViewLayer | Synchronizing object | PAYLOAD-middle-0-1-GEO-lid-toggle--export
Fra:1 Mem:106.75M (Peak 106.75M) | Time:00:00.07 | Mem:0.00M, Peak:0.00M | Scene, ViewLayer | Synchronizing object | PAYLOAD-middle-1-0-GEO-grip-support.002--export
Fra:1 Mem:106.78M (Peak 106.78M) | Time:00:00.07 | Mem:0.00M, Peak:0.00M | Scene, ViewLayer | Synchronizing object | PAYLOAD-middle-0-1-GEO-lid-latch-leaf.001--export
Fra:1 Mem:106.75M (Peak 106.78M) | Time:00:00.07 | Mem:0.00M, Peak:0.00M | Scene, ViewLayer | Synchronizing object | PAYLOAD-middle-1-0-GEO-grip-backing.001--export
Fra:1 Mem:106.78M (Peak 106.78M) | Time:00:00.07 | Mem:0.00M, Peak:0.00M | Scene, ViewLayer | Synchronizing object | PAYLOAD-middle-0-1-GEO-lid-toggle.001--export
Fra:1 Mem:106.78M (Peak 106.78M) | Time:00:00.07 | Mem:0.00M, Peak:0.00M | Scene, ViewLayer | Synchronizing object | PAYLOAD-middle-1-0-GEO-fitted-side-panel.001--export
Fra:1 Mem:106.84M (Peak 106.84M) | Time:00:00.07 | Mem:0.00M, Peak:0.00M | Scene, ViewLayer | Synchronizing object | PAYLOAD-middle-0-1-GEO-rear-hinge-pin--export
Fra:1 Mem:106.90M (Peak 106.90M) | Time:00:00.07 | Mem:0.00M, Peak:0.00M | Scene, ViewLayer | Synchronizing object | PAYLOAD-middle-1-0-GEO-side-inset-backing.001--export
Fra:1 Mem:106.89M (Peak 106.90M) | Time:00:00.07 | Mem:0.00M, Peak:0.00M | Scene, ViewLayer | Synchronizing object | PAYLOAD-middle-0-1-GEO-rear-hinge-pin.001--export
Fra:1 Mem:106.92M (Peak 106.92M) | Time:00:00.07 | Mem:0.00M, Peak:0.00M | Scene, ViewLayer | Synchronizing object | PAYLOAD-middle-1-0-GEO-service-cartridge--export
Fra:1 Mem:106.91M (Peak 106.92M) | Time:00:00.07 | Mem:0.00M, Peak:0.00M | Scene, ViewLayer | Synchronizing object | PAYLOAD-middle-0-1-GEO-side-inset-backing--export
Fra:1 Mem:107.00M (Peak 107.00M) | Time:00:00.07 | Mem:0.00M, Peak:0.00M | Scene, ViewLayer | Synchronizing object | PAYLOAD-middle-1-0-GEO-glove-grip--export
Fra:1 Mem:107.03M (Peak 107.03M) | Time:00:00.07 | Mem:0.00M, Peak:0.00M | Scene, ViewLayer | Synchronizing object | PAYLOAD-middle-0-1-GEO-fitted-side-panel--export
Fra:1 Mem:107.05M (Peak 107.05M) | Time:00:00.07 | Mem:0.00M, Peak:0.00M | Scene, ViewLayer | Synchronizing object | PAYLOAD-middle-1-0-GEO-grip-support.001--export
Fra:1 Mem:107.05M (Peak 107.05M) | Time:00:00.07 | Mem:0.00M, Peak:0.00M | Scene, ViewLayer | Synchronizing object | PAYLOAD-middle-0-1-GEO-grip-backing--export
Fra:1 Mem:107.05M (Peak 107.05M) | Time:00:00.07 | Mem:0.00M, Peak:0.00M | Scene, ViewLayer | Synchronizing object | PAYLOAD-middle-1-0-GEO-grip-support--export
Fra:1 Mem:107.08M (Peak 107.08M) | Time:00:00.07 | Mem:0.00M, Peak:0.00M | Scene, ViewLayer | Synchronizing object | PAYLOAD-middle-0-1-GEO-grip-support--export
Fra:1 Mem:107.08M (Peak 107.08M) | Time:00:00.07 | Mem:0.00M, Peak:0.00M | Scene, ViewLayer | Synchronizing object | PAYLOAD-middle-1-0-GEO-grip-backing--export
Fra:1 Mem:107.10M (Peak 107.10M) | Time:00:00.07 | Mem:0.00M, Peak:0.00M | Scene, ViewLayer | Synchronizing object | PAYLOAD-middle-0-1-GEO-grip-support.001--export
Fra:1 Mem:107.11M (Peak 107.11M) | Time:00:00.07 | Mem:0.00M, Peak:0.00M | Scene, ViewLayer | Synchronizing object | PAYLOAD-middle-1-0-GEO-fitted-side-panel--export
Fra:1 Mem:107.13M (Peak 107.13M) | Time:00:00.07 | Mem:0.00M, Peak:0.00M | Scene, ViewLayer | Synchronizing object | PAYLOAD-middle-0-1-GEO-glove-grip--export
Fra:1 Mem:107.20M (Peak 107.20M) | Time:00:00.07 | Mem:0.00M, Peak:0.00M | Scene, ViewLayer | Synchronizing object | PAYLOAD-middle-1-0-GEO-side-inset-backing--export
Fra:1 Mem:107.21M (Peak 107.21M) | Time:00:00.07 | Mem:0.00M, Peak:0.00M | Scene, ViewLayer | Synchronizing object | PAYLOAD-middle-0-1-GEO-service-cartridge--export
Fra:1 Mem:107.23M (Peak 107.23M) | Time:00:00.07 | Mem:0.00M, Peak:0.00M | Scene, ViewLayer | Synchronizing object | PAYLOAD-middle-0-1-GEO-side-inset-backing.001--export
Fra:1 Mem:107.23M (Peak 107.23M) | Time:00:00.07 | Mem:0.00M, Peak:0.00M | Scene, ViewLayer | Synchronizing object | PAYLOAD-middle-1-0-GEO-rear-hinge-pin.001--export
Fra:1 Mem:107.25M (Peak 107.25M) | Time:00:00.07 | Mem:0.00M, Peak:0.00M | Scene, ViewLayer | Synchronizing object | PAYLOAD-middle-0-1-GEO-fitted-side-panel.001--export
Fra:1 Mem:107.25M (Peak 107.25M) | Time:00:00.07 | Mem:0.00M, Peak:0.00M | Scene, ViewLayer | Synchronizing object | PAYLOAD-middle-1-0-GEO-rear-hinge-pin--export
Fra:1 Mem:107.35M (Peak 107.35M) | Time:00:00.07 | Mem:0.00M, Peak:0.00M | Scene, ViewLayer | Synchronizing object | PAYLOAD-middle-1-0-GEO-lid-toggle.001--export
Fra:1 Mem:107.35M (Peak 107.35M) | Time:00:00.07 | Mem:0.00M, Peak:0.00M | Scene, ViewLayer | Synchronizing object | PAYLOAD-middle-0-1-GEO-grip-backing.001--export
Fra:1 Mem:107.32M (Peak 107.35M) | Time:00:00.07 | Mem:0.00M, Peak:0.00M | Scene, ViewLayer | Synchronizing object | PAYLOAD-middle-1-0-GEO-lid-latch-leaf.001--export
Fra:1 Mem:107.35M (Peak 107.35M) | Time:00:00.07 | Mem:0.00M, Peak:0.00M | Scene, ViewLayer | Synchronizing object | PAYLOAD-middle-0-1-GEO-grip-support.002--export
Fra:1 Mem:107.35M (Peak 107.35M) | Time:00:00.07 | Mem:0.00M, Peak:0.00M | Scene, ViewLayer | Synchronizing object | PAYLOAD-middle-1-0-GEO-lid-toggle--export
Fra:1 Mem:107.40M (Peak 107.40M) | Time:00:00.07 | Mem:0.00M, Peak:0.00M | Scene, ViewLayer | Synchronizing object | PAYLOAD-middle-0-1-GEO-grip-support.003--export
Fra:1 Mem:107.38M (Peak 107.40M) | Time:00:00.07 | Mem:0.00M, Peak:0.00M | Scene, ViewLayer | Synchronizing object | PAYLOAD-middle-1-0-GEO-lid-latch-leaf--export
Fra:1 Mem:107.43M (Peak 107.43M) | Time:00:00.07 | Mem:0.00M, Peak:0.00M | Scene, ViewLayer | Synchronizing object | PAYLOAD-middle-0-1-GEO-glove-grip.001--export
Fra:1 Mem:107.48M (Peak 107.48M) | Time:00:00.07 | Mem:0.00M, Peak:0.00M | Scene, ViewLayer | Synchronizing object | PAYLOAD-middle-1-0-GEO-lid-cap-end-step.001--export
Fra:1 Mem:107.45M (Peak 107.48M) | Time:00:00.07 | Mem:0.00M, Peak:0.00M | Scene, ViewLayer | Synchronizing object | PAYLOAD-middle-1-0-GEO-lid-cap-end-step--export
Fra:1 Mem:107.45M (Peak 107.48M) | Time:00:00.07 | Mem:0.00M, Peak:0.00M | Scene, ViewLayer | Synchronizing object | PAYLOAD-middle-0-1-GEO-service-cartridge.001--export
Fra:1 Mem:107.50M (Peak 107.50M) | Time:00:00.07 | Mem:0.00M, Peak:0.00M | Scene, ViewLayer | Synchronizing object | PAYLOAD-middle-1-0-GEO-lid-fitted-cap--export
Fra:1 Mem:107.48M (Peak 107.50M) | Time:00:00.07 | Mem:0.00M, Peak:0.00M | Scene, ViewLayer | Synchronizing object | PAYLOAD-middle-0-1-GEO-front-inset--export
Fra:1 Mem:107.54M (Peak 107.54M) | Time:00:00.07 | Mem:0.00M, Peak:0.00M | Scene, ViewLayer | Synchronizing object | PAYLOAD-middle-1-0-GEO-lid-recess-base--export
Fra:1 Mem:107.53M (Peak 107.54M) | Time:00:00.07 | Mem:0.00M, Peak:0.00M | Scene, ViewLayer | Synchronizing object | PAYLOAD-middle-0-1-GEO-front-fitted-panel--export
Fra:1 Mem:107.54M (Peak 107.54M) | Time:00:00.07 | Mem:0.00M, Peak:0.00M | Scene, ViewLayer | Synchronizing object | PAYLOAD-middle-1-0-GEO-lid-shoulder-band.001--export
Fra:1 Mem:107.63M (Peak 107.63M) | Time:00:00.07 | Mem:0.00M, Peak:0.00M | Scene, ViewLayer | Synchronizing object | PAYLOAD-middle-1-0-GEO-lid-shoulder-band--export
Fra:1 Mem:107.62M (Peak 107.63M) | Time:00:00.07 | Mem:0.00M, Peak:0.00M | Scene, ViewLayer | Synchronizing object | PAYLOAD-middle-0-1-GEO-stack-receiver-base--export
Fra:1 Mem:107.62M (Peak 107.63M) | Time:00:00.07 | Mem:0.00M, Peak:0.00M | Scene, ViewLayer | Synchronizing object | PAYLOAD-middle-1-0-GEO-opening-layered-lid--export
Fra:1 Mem:107.65M (Peak 107.65M) | Time:00:00.07 | Mem:0.00M, Peak:0.00M | Scene, ViewLayer | Synchronizing object | PAYLOAD-middle-0-1-GEO-44mm-clear-stack-receiver--export
Fra:1 Mem:107.65M (Peak 107.65M) | Time:00:00.07 | Mem:0.00M, Peak:0.00M | Scene, ViewLayer | Synchronizing object | PAYLOAD-middle-1-0-GEO-stepped-corner-armor.007--export
Fra:1 Mem:107.67M (Peak 107.67M) | Time:00:00.07 | Mem:0.00M, Peak:0.00M | Scene, ViewLayer | Synchronizing object | PAYLOAD-middle-0-1-GEO-44mm-clear-stack-receiver.001--export
Fra:1 Mem:107.68M (Peak 107.68M) | Time:00:00.07 | Mem:0.00M, Peak:0.00M | Scene, ViewLayer | Synchronizing object | PAYLOAD-middle-1-0-GEO-stepped-corner-armor.006--export
Fra:1 Mem:107.70M (Peak 107.70M) | Time:00:00.07 | Mem:0.00M, Peak:0.00M | Scene, ViewLayer | Synchronizing object | PAYLOAD-middle-0-1-GEO-44mm-clear-stack-receiver.002--export
Fra:1 Mem:107.71M (Peak 107.71M) | Time:00:00.07 | Mem:0.00M, Peak:0.00M | Scene, ViewLayer | Synchronizing object | PAYLOAD-middle-1-0-GEO-corner-load-column.003--export
Fra:1 Mem:107.73M (Peak 107.73M) | Time:00:00.07 | Mem:0.00M, Peak:0.00M | Scene, ViewLayer | Synchronizing object | PAYLOAD-middle-0-1-GEO-44mm-clear-stack-receiver.003--export
Fra:1 Mem:107.74M (Peak 107.74M) | Time:00:00.07 | Mem:0.00M, Peak:0.00M | Scene, ViewLayer | Synchronizing object | PAYLOAD-middle-1-0-GEO-stepped-corner-armor.005--export
Fra:1 Mem:107.76M (Peak 107.76M) | Time:00:00.07 | Mem:0.00M, Peak:0.00M | Scene, ViewLayer | Synchronizing object | PAYLOAD-middle-0-1-GEO-stack-receiver-base.001--export
Fra:1 Mem:107.77M (Peak 107.77M) | Time:00:00.07 | Mem:0.00M, Peak:0.00M | Scene, ViewLayer | Synchronizing object | PAYLOAD-middle-1-0-GEO-stepped-corner-armor.004--export
Fra:1 Mem:107.77M (Peak 107.77M) | Time:00:00.07 | Mem:0.00M, Peak:0.00M | Scene, ViewLayer | Synchronizing object | PAYLOAD-middle-0-1-GEO-44mm-clear-stack-receiver.004--export
Fra:1 Mem:107.79M (Peak 107.79M) | Time:00:00.07 | Mem:0.00M, Peak:0.00M | Scene, ViewLayer | Synchronizing object | PAYLOAD-middle-1-0-GEO-corner-load-column.002--export
Fra:1 Mem:107.81M (Peak 107.81M) | Time:00:00.07 | Mem:0.00M, Peak:0.00M | Scene, ViewLayer | Synchronizing object | PAYLOAD-middle-0-1-GEO-44mm-clear-stack-receiver.005--export
Fra:1 Mem:107.83M (Peak 107.83M) | Time:00:00.07 | Mem:0.00M, Peak:0.00M | Scene, ViewLayer | Synchronizing object | PAYLOAD-middle-1-0-GEO-stepped-corner-armor.003--export
Fra:1 Mem:107.83M (Peak 107.83M) | Time:00:00.07 | Mem:0.00M, Peak:0.00M | Scene, ViewLayer | Synchronizing object | PAYLOAD-middle-0-1-GEO-44mm-clear-stack-receiver.006--export
Fra:1 Mem:107.83M (Peak 107.83M) | Time:00:00.07 | Mem:0.00M, Peak:0.00M | Scene, ViewLayer | Synchronizing object | PAYLOAD-middle-0-1-GEO-44mm-clear-stack-receiver.007--export
Fra:1 Mem:107.84M (Peak 107.84M) | Time:00:00.07 | Mem:0.00M, Peak:0.00M | Scene, ViewLayer | Synchronizing object | PAYLOAD-middle-1-0-GEO-stepped-corner-armor.002--export
Fra:1 Mem:107.86M (Peak 107.86M) | Time:00:00.07 | Mem:0.00M, Peak:0.00M | Scene, ViewLayer | Synchronizing object | PAYLOAD-middle-1-0-GEO-corner-load-column.001--export
Fra:1 Mem:107.86M (Peak 107.86M) | Time:00:00.07 | Mem:0.00M, Peak:0.00M | Scene, ViewLayer | Synchronizing object | PAYLOAD-middle-0-1-GEO-stack-receiver-base.002--export
Fra:1 Mem:107.89M (Peak 107.89M) | Time:00:00.07 | Mem:0.00M, Peak:0.00M | Scene, ViewLayer | Synchronizing object | PAYLOAD-middle-0-1-GEO-44mm-clear-stack-receiver.008--export
Fra:1 Mem:107.89M (Peak 107.89M) | Time:00:00.07 | Mem:0.00M, Peak:0.00M | Scene, ViewLayer | Synchronizing object | PAYLOAD-middle-1-0-GEO-stepped-corner-armor.001--export
Fra:1 Mem:107.92M (Peak 107.92M) | Time:00:00.07 | Mem:0.00M, Peak:0.00M | Scene, ViewLayer | Synchronizing object | PAYLOAD-middle-0-1-GEO-44mm-clear-stack-receiver.009--export
Fra:1 Mem:107.92M (Peak 107.92M) | Time:00:00.07 | Mem:0.00M, Peak:0.00M | Scene, ViewLayer | Synchronizing object | PAYLOAD-middle-1-0-GEO-stepped-corner-armor--export
Fra:1 Mem:107.97M (Peak 107.97M) | Time:00:00.07 | Mem:0.00M, Peak:0.00M | Scene, ViewLayer | Synchronizing object | PAYLOAD-middle-0-1-GEO-44mm-clear-stack-receiver.010--export
Fra:1 Mem:107.97M (Peak 107.97M) | Time:00:00.07 | Mem:0.00M, Peak:0.00M | Scene, ViewLayer | Synchronizing object | PAYLOAD-middle-1-0-GEO-corner-load-column--export
Fra:1 Mem:108.00M (Peak 108.00M) | Time:00:00.07 | Mem:0.00M, Peak:0.00M | Scene, ViewLayer | Synchronizing object | PAYLOAD-middle-0-1-GEO-44mm-clear-stack-receiver.011--export
Fra:1 Mem:107.99M (Peak 108.00M) | Time:00:00.07 | Mem:0.00M, Peak:0.00M | Scene, ViewLayer | Synchronizing object | PAYLOAD-middle-1-0-GEO-closed-front-wall--export
Fra:1 Mem:107.99M (Peak 108.00M) | Time:00:00.07 | Mem:0.00M, Peak:0.00M | Scene, ViewLayer | Synchronizing object | PAYLOAD-middle-0-1-GEO-stack-receiver-base.003--export
Fra:1 Mem:108.04M (Peak 108.04M) | Time:00:00.07 | Mem:0.00M, Peak:0.00M | Scene, ViewLayer | Synchronizing object | PAYLOAD-middle-0-1-GEO-44mm-clear-stack-receiver.012--export
Fra:1 Mem:108.02M (Peak 108.04M) | Time:00:00.07 | Mem:0.00M, Peak:0.00M | Scene, ViewLayer | Synchronizing object | PAYLOAD-middle-1-0-GEO-closed-rear-wall--export
Fra:1 Mem:108.07M (Peak 108.07M) | Time:00:00.07 | Mem:0.00M, Peak:0.00M | Scene, ViewLayer | Synchronizing object | PAYLOAD-middle-0-1-GEO-44mm-clear-stack-receiver.013--export
Fra:1 Mem:108.08M (Peak 108.08M) | Time:00:00.07 | Mem:0.00M, Peak:0.00M | Scene, ViewLayer | Synchronizing object | PAYLOAD-middle-1-0-GEO-closed-side-wall.001--export
Fra:1 Mem:108.10M (Peak 108.10M) | Time:00:00.07 | Mem:0.00M, Peak:0.00M | Scene, ViewLayer | Synchronizing object | PAYLOAD-middle-0-1-GEO-44mm-clear-stack-receiver.014--export
Fra:1 Mem:108.11M (Peak 108.11M) | Time:00:00.07 | Mem:0.00M, Peak:0.00M | Scene, ViewLayer | Synchronizing object | PAYLOAD-middle-1-0-GEO-closed-side-wall--export
Fra:1 Mem:108.13M (Peak 108.13M) | Time:00:00.07 | Mem:0.00M, Peak:0.00M | Scene, ViewLayer | Synchronizing object | PAYLOAD-middle-0-1-GEO-44mm-clear-stack-receiver.015--export
Fra:1 Mem:108.14M (Peak 108.14M) | Time:00:00.07 | Mem:0.00M, Peak:0.00M | Scene, ViewLayer | Synchronizing object | PAYLOAD-middle-1-0-GEO-sealed-floor--export
Fra:1 Mem:108.14M (Peak 108.14M) | Time:00:00.07 | Mem:0.00M, Peak:0.00M | Scene, ViewLayer | Synchronizing object | PAYLOAD-middle-0-1-GEO-marking-STA / S--export
Fra:1 Mem:108.17M (Peak 108.17M) | Time:00:00.07 | Mem:0.00M, Peak:0.00M | Scene, ViewLayer | Synchronizing object | PAYLOAD-middle-1-0-GEO-40mm-locating-foot.003--export
Fra:1 Mem:108.36M (Peak 108.36M) | Time:00:00.07 | Mem:0.00M, Peak:0.00M | Scene, ViewLayer | Synchronizing object | PAYLOAD-middle-1-0-GEO-40mm-locating-foot.002--export
Fra:1 Mem:108.45M (Peak 108.45M) | Time:00:00.07 | Mem:0.00M, Peak:0.00M | Scene, ViewLayer | Synchronizing object | PAYLOAD-middle-1-0-GEO-40mm-locating-foot.001--export
Fra:1 Mem:108.36M (Peak 108.45M) | Time:00:00.07 | Mem:0.00M, Peak:0.00M | Scene, ViewLayer | Synchronizing object | PAYLOAD-middle-1-0-GEO-40mm-locating-foot--export
Fra:1 Mem:108.40M (Peak 108.45M) | Time:00:00.07 | Mem:0.00M, Peak:0.00M | Scene, ViewLayer | Synchronizing object | PAYLOAD-middle-1-0-GEO-crossmember.001--export
Fra:1 Mem:108.52M (Peak 108.52M) | Time:00:00.07 | Mem:0.00M, Peak:0.00M | Scene, ViewLayer | Synchronizing object | PAYLOAD-middle-1-0-GEO-crossmember--export
Fra:1 Mem:108.53M (Peak 108.53M) | Time:00:00.07 | Mem:0.00M, Peak:0.00M | Scene, ViewLayer | Synchronizing object | PAYLOAD-middle-1-0-GEO-load-skid.001--export
Fra:1 Mem:108.38M (Peak 108.53M) | Time:00:00.07 | Mem:0.00M, Peak:0.00M | Scene, ViewLayer | Synchronizing object | PAYLOAD-middle-1-0-GEO-load-skid--export
Fra:1 Mem:108.38M (Peak 108.53M) | Time:00:00.07 | Mem:0.00M, Peak:0.00M | Scene, ViewLayer | Synchronizing object | PAYLOAD-middle-0-1-GEO-fixed-top-frame--export
Fra:1 Mem:108.39M (Peak 108.53M) | Time:00:00.07 | Mem:0.00M, Peak:0.00M | Scene, ViewLayer | Synchronizing object | PAYLOAD-middle-0-1-GEO-fixed-rear-hinge-saddle.003--export
Fra:1 Mem:108.39M (Peak 108.53M) | Time:00:00.07 | Mem:0.00M, Peak:0.00M | Scene, ViewLayer | Synchronizing object | PAYLOAD-middle-0-1-GEO-fixed-top-frame.001--export
Fra:1 Mem:108.39M (Peak 108.53M) | Time:00:00.07 | Mem:0.00M, Peak:0.00M | Scene, ViewLayer | Synchronizing object | PAYLOAD-middle-0-1-GEO-fixed-rear-hinge-saddle.002--export
Fra:1 Mem:108.42M (Peak 108.53M) | Time:00:00.07 | Mem:0.00M, Peak:0.00M | Scene, ViewLayer | Synchronizing object | PAYLOAD-middle-0-1-GEO-fixed-rear-hinge-saddle.001--export
Fra:1 Mem:108.42M (Peak 108.53M) | Time:00:00.07 | Mem:0.00M, Peak:0.00M | Scene, ViewLayer | Synchronizing object | PAYLOAD-middle-0-1-GEO-fixed-top-frame.002--export
Fra:1 Mem:108.47M (Peak 108.53M) | Time:00:00.07 | Mem:0.00M, Peak:0.00M | Scene, ViewLayer | Synchronizing object | PAYLOAD-middle-0-1-GEO-fixed-rear-hinge-saddle--export
Fra:1 Mem:108.45M (Peak 108.53M) | Time:00:00.07 | Mem:0.00M, Peak:0.00M | Scene, ViewLayer | Synchronizing object | PAYLOAD-middle-0-1-GEO-fixed-top-frame.003--export
Fra:1 Mem:108.50M (Peak 108.53M) | Time:00:00.07 | Mem:0.00M, Peak:0.00M | Scene, ViewLayer | Synchronizing object | PAYLOAD-middle-0-1-GEO-lid-latch-connecting-bridge.001--export
Fra:1 Mem:108.48M (Peak 108.53M) | Time:00:00.07 | Mem:0.00M, Peak:0.00M | Scene, ViewLayer | Synchronizing object | PAYLOAD-middle-0-1-GEO-lid-support-ledge--export
Fra:1 Mem:108.53M (Peak 108.53M) | Time:00:00.07 | Mem:0.00M, Peak:0.00M | Scene, ViewLayer | Synchronizing object | PAYLOAD-middle-0-1-GEO-inset-lid-gasket--export
Fra:1 Mem:108.53M (Peak 108.53M) | Time:00:00.07 | Mem:0.00M, Peak:0.00M | Scene, ViewLayer | Synchronizing object | PAYLOAD-middle-0-1-GEO-lid-latch-connecting-bridge--export
Fra:1 Mem:108.55M (Peak 108.55M) | Time:00:00.07 | Mem:0.00M, Peak:0.00M | Scene, ViewLayer | Synchronizing object | PAYLOAD-middle-0-1-GEO-lid-support-ledge.001--export
Fra:1 Mem:108.57M (Peak 108.57M) | Time:00:00.07 | Mem:0.00M, Peak:0.00M | Scene, ViewLayer | Synchronizing object | PAYLOAD-middle-0-1-GEO-inset-lid-gasket.003--export
Fra:1 Mem:108.55M (Peak 108.57M) | Time:00:00.07 | Mem:0.00M, Peak:0.00M | Scene, ViewLayer | Synchronizing object | PAYLOAD-middle-0-1-GEO-inset-lid-gasket.001--export
Fra:1 Mem:108.57M (Peak 108.57M) | Time:00:00.07 | Mem:0.00M, Peak:0.00M | Scene, ViewLayer | Synchronizing object | PAYLOAD-middle-0-1-GEO-lid-support-ledge.002--export
Fra:1 Mem:108.58M (Peak 108.58M) | Time:00:00.07 | Mem:0.00M, Peak:0.00M | Scene, ViewLayer | Synchronizing object | PAYLOAD-middle-0-1-GEO-lid-support-ledge.003--export
Fra:1 Mem:108.63M (Peak 108.63M) | Time:00:00.07 | Mem:0.00M, Peak:0.00M | Scene, ViewLayer | Synchronizing object | PAYLOAD-middle-0-1-GEO-inset-lid-gasket.002--export
Fra:1 Mem:108.62M (Peak 108.63M) | Time:00:00.07 | Mem:0.00M, Peak:0.00M | Scene, ViewLayer | Initializing
Fra:1 Mem:79.33M (Peak 108.63M) | Time:00:00.08 | Mem:0.00M, Peak:0.00M | Scene, ViewLayer | Waiting for render to start
Fra:1 Mem:79.33M (Peak 108.63M) | Time:00:00.08 | Mem:0.00M, Peak:0.00M | Scene, ViewLayer | Loading render kernels (may take a few minutes the first time)
Fra:1 Mem:79.33M (Peak 108.63M) | Time:00:00.08 | Mem:0.00M, Peak:0.00M | Scene, ViewLayer | Updating Scene
Fra:1 Mem:79.33M (Peak 108.63M) | Time:00:00.08 | Mem:0.00M, Peak:0.00M | Scene, ViewLayer | Updating Shaders
Fra:1 Mem:79.44M (Peak 108.63M) | Time:00:00.08 | Mem:0.03M, Peak:0.03M | Scene, ViewLayer | Updating Procedurals
Fra:1 Mem:79.44M (Peak 108.63M) | Time:00:00.08 | Mem:0.03M, Peak:0.03M | Scene, ViewLayer | Updating Background
Fra:1 Mem:79.44M (Peak 108.63M) | Time:00:00.08 | Mem:0.03M, Peak:0.03M | Scene, ViewLayer | Updating Camera
Fra:1 Mem:79.44M (Peak 108.63M) | Time:00:00.08 | Mem:0.03M, Peak:0.03M | Scene, ViewLayer | Updating Meshes Flags
Fra:1 Mem:79.44M (Peak 108.63M) | Time:00:00.08 | Mem:0.03M, Peak:0.03M | Scene, ViewLayer | Updating Objects
Fra:1 Mem:79.44M (Peak 108.63M) | Time:00:00.08 | Mem:0.03M, Peak:0.03M | Scene, ViewLayer | Updating Objects | Copying Transformations to device
Fra:1 Mem:79.63M (Peak 108.63M) | Time:00:00.08 | Mem:0.21M, Peak:0.21M | Scene, ViewLayer | Updating Objects | Applying Static Transformations
Fra:1 Mem:79.63M (Peak 108.63M) | Time:00:00.08 | Mem:0.21M, Peak:0.21M | Scene, ViewLayer | Updating Particle Systems
Fra:1 Mem:79.63M (Peak 108.63M) | Time:00:00.08 | Mem:0.21M, Peak:0.21M | Scene, ViewLayer | Updating Particle Systems | Copying Particles to device
Fra:1 Mem:79.63M (Peak 108.63M) | Time:00:00.08 | Mem:0.21M, Peak:0.21M | Scene, ViewLayer | Updating Meshes
Fra:1 Mem:81.05M (Peak 108.63M) | Time:00:00.08 | Mem:0.21M, Peak:0.21M | Scene, ViewLayer | Updating Mesh | Computing attributes
Fra:1 Mem:83.75M (Peak 108.63M) | Time:00:00.08 | Mem:0.26M, Peak:0.26M | Scene, ViewLayer | Updating Mesh | Copying Attributes to device
Fra:1 Mem:83.63M (Peak 108.63M) | Time:00:00.08 | Mem:2.80M, Peak:2.80M | Scene, ViewLayer | Updating Scene BVH | Building
Fra:1 Mem:83.64M (Peak 108.63M) | Time:00:00.08 | Mem:2.80M, Peak:2.80M | Scene, ViewLayer | Updating Scene BVH | Building BVH
Fra:1 Mem:83.64M (Peak 108.63M) | Time:00:00.08 | Mem:5.63M, Peak:5.63M | Scene, ViewLayer | Updating Scene BVH | Building BVH 0%
Fra:1 Mem:83.64M (Peak 108.63M) | Time:00:00.09 | Mem:9.02M, Peak:11.86M | Scene, ViewLayer | Updating Scene BVH | Copying BVH to device
Fra:1 Mem:83.64M (Peak 108.63M) | Time:00:00.09 | Mem:9.02M, Peak:11.86M | Scene, ViewLayer | Updating Mesh | Computing normals
Fra:1 Mem:92.19M (Peak 108.63M) | Time:00:00.10 | Mem:9.02M, Peak:11.86M | Scene, ViewLayer | Updating Mesh | Copying Mesh to device
Fra:1 Mem:92.19M (Peak 108.63M) | Time:00:00.10 | Mem:17.57M, Peak:17.57M | Scene, ViewLayer | Updating Objects Flags
Fra:1 Mem:92.19M (Peak 108.63M) | Time:00:00.10 | Mem:17.57M, Peak:17.57M | Scene, ViewLayer | Updating Primitive Offsets
Fra:1 Mem:92.19M (Peak 108.63M) | Time:00:00.10 | Mem:17.58M, Peak:17.58M | Scene, ViewLayer | Updating Images
Fra:1 Mem:92.19M (Peak 108.63M) | Time:00:00.10 | Mem:17.58M, Peak:17.58M | Scene, ViewLayer | Updating Camera Volume
Fra:1 Mem:92.19M (Peak 108.63M) | Time:00:00.10 | Mem:17.58M, Peak:17.58M | Scene, ViewLayer | Updating Lookup Tables
Fra:1 Mem:92.19M (Peak 108.63M) | Time:00:00.10 | Mem:17.66M, Peak:17.66M | Scene, ViewLayer | Updating Lights
Fra:1 Mem:92.19M (Peak 108.63M) | Time:00:00.10 | Mem:17.66M, Peak:17.66M | Scene, ViewLayer | Updating Lights | Computing tree
Fra:1 Mem:92.40M (Peak 108.63M) | Time:00:00.10 | Mem:17.86M, Peak:17.86M | Scene, ViewLayer | Updating Integrator
Fra:1 Mem:92.40M (Peak 108.63M) | Time:00:00.10 | Mem:17.86M, Peak:17.86M | Scene, ViewLayer | Updating Film
Fra:1 Mem:92.40M (Peak 108.63M) | Time:00:00.10 | Mem:17.78M, Peak:17.86M | Scene, ViewLayer | Updating Lookup Tables
Fra:1 Mem:92.40M (Peak 108.63M) | Time:00:00.10 | Mem:17.87M, Peak:17.87M | Scene, ViewLayer | Updating Baking
Fra:1 Mem:92.40M (Peak 108.63M) | Time:00:00.10 | Mem:17.87M, Peak:17.87M | Scene, ViewLayer | Updating Device | Writing constant memory
Fra:1 Mem:92.42M (Peak 108.63M) | Time:00:00.10 | Mem:17.87M, Peak:17.87M | Scene, ViewLayer | Sample 0/64
Fra:1 Mem:145.30M (Peak 145.30M) | Time:00:01.15 | Remaining:01:06.31 | Mem:70.74M, Peak:70.74M | Scene, ViewLayer | Sample 1/64
Fra:1 Mem:145.30M (Peak 145.30M) | Time:00:30.65 | Remaining:00:28.70 | Mem:70.74M, Peak:70.74M | Scene, ViewLayer | Sample 33/64
Fra:1 Mem:168.80M (Peak 215.79M) | Time:01:00.10 | Mem:70.74M, Peak:70.74M | Scene, ViewLayer | Sample 64/64
Fra:1 Mem:168.80M (Peak 215.79M) | Time:01:00.10 | Mem:70.74M, Peak:70.74M | Scene, ViewLayer | Finished
Saved: '/root/sidereal_spacetime/assets/art-library/designs/cargo.carrier.grid-support/revisions/r000/a003/mixed-stack-top.png'
Time: 01:00.43 (Saving: 00:00.32)

Info: Saved "stack-fixture.blend"
{"carrierAssets": ["carrier-1m", "carrier-2m"], "output": "/root/sidereal_spacetime/assets/art-library/designs/cargo.carrier.grid-support/revisions/r000/a003", "device": "CPU", "threads": 2, "samples": 64}

Blender quit
