Blender 4.3.2
Read blend: "/root/sidereal_spacetime/output/playwright/planet-reference-20260914/crystal-moon-1-r008/kit.blend"
Fra:1 Mem:29.22M (Peak 29.22M) | Time:00:00.00 | Mem:0.00M, Peak:0.00M | Scene, ViewLayer | Synchronizing object | GEO-planets--crystal-moon-1-connected-crystalline-body
Fra:1 Mem:29.69M (Peak 29.69M) | Time:00:00.00 | Mem:0.00M, Peak:0.00M | Scene, ViewLayer | Synchronizing object | GEO-native-regional-fracture-2-panel-1-section-2-band-0
Fra:1 Mem:29.69M (Peak 29.69M) | Time:00:00.00 | Mem:0.00M, Peak:0.00M | Scene, ViewLayer | Synchronizing object | GEO-native-regional-fracture-2-panel-1-section-3-band-0
Fra:1 Mem:29.70M (Peak 29.70M) | Time:00:00.00 | Mem:0.00M, Peak:0.00M | Scene, ViewLayer | Synchronizing object | GEO-native-regional-fracture-2-panel-1-section-4-band-0
Fra:1 Mem:29.70M (Peak 29.70M) | Time:00:00.00 | Mem:0.00M, Peak:0.00M | Scene, ViewLayer | Synchronizing object | GEO-native-regional-fracture-2-panel-2-section-2-band-0
Fra:1 Mem:29.70M (Peak 29.70M) | Time:00:00.00 | Mem:0.00M, Peak:0.00M | Scene, ViewLayer | Synchronizing object | GEO-native-regional-fracture-2-panel-2-section-2-band-1
Fra:1 Mem:29.70M (Peak 29.70M) | Time:00:00.00 | Mem:0.00M, Peak:0.00M | Scene, ViewLayer | Synchronizing object | GEO-native-regional-fracture-2-panel-2-section-2-band-2
Fra:1 Mem:29.70M (Peak 29.70M) | Time:00:00.00 | Mem:0.00M, Peak:0.00M | Scene, ViewLayer | Synchronizing object | GEO-native-regional-fracture-2-panel-2-section-3-band-0
Fra:1 Mem:29.70M (Peak 29.70M) | Time:00:00.00 | Mem:0.00M, Peak:0.00M | Scene, ViewLayer | Synchronizing object | GEO-native-regional-fracture-2-panel-2-section-3-band-1
Fra:1 Mem:29.71M (Peak 29.71M) | Time:00:00.00 | Mem:0.00M, Peak:0.00M | Scene, ViewLayer | Synchronizing object | GEO-native-regional-fracture-2-panel-2-section-3-band-2
Fra:1 Mem:29.71M (Peak 29.71M) | Time:00:00.00 | Mem:0.00M, Peak:0.00M | Scene, ViewLayer | Synchronizing object | GEO-native-regional-fracture-2-panel-2-section-4-band-0
Fra:1 Mem:29.71M (Peak 29.71M) | Time:00:00.00 | Mem:0.00M, Peak:0.00M | Scene, ViewLayer | Synchronizing object | GEO-native-regional-fracture-2-panel-2-section-4-band-1
Fra:1 Mem:29.71M (Peak 29.71M) | Time:00:00.00 | Mem:0.00M, Peak:0.00M | Scene, ViewLayer | Synchronizing object | GEO-native-regional-fracture-2-panel-2-section-5-band-0
Fra:1 Mem:29.72M (Peak 29.72M) | Time:00:00.00 | Mem:0.00M, Peak:0.00M | Scene, ViewLayer | Synchronizing object | GEO-native-regional-fracture-2-panel-2-section-5-band-1
Fra:1 Mem:29.72M (Peak 29.72M) | Time:00:00.00 | Mem:0.00M, Peak:0.00M | Scene, ViewLayer | Synchronizing object | GEO-native-regional-fracture-2-panel-2-section-6-band-0
Fra:1 Mem:29.72M (Peak 29.72M) | Time:00:00.00 | Mem:0.00M, Peak:0.00M | Scene, ViewLayer | Synchronizing object | GEO-native-regional-fracture-2-panel-2-section-6-band-1
Fra:1 Mem:29.72M (Peak 29.72M) | Time:00:00.00 | Mem:0.00M, Peak:0.00M | Scene, ViewLayer | Synchronizing object | GEO-native-regional-fracture-2-panel-3-section-3-band-1
Fra:1 Mem:29.72M (Peak 29.72M) | Time:00:00.00 | Mem:0.00M, Peak:0.00M | Scene, ViewLayer | Synchronizing object | GEO-native-regional-fracture-2-panel-3-section-3-band-2
Fra:1 Mem:29.72M (Peak 29.72M) | Time:00:00.00 | Mem:0.00M, Peak:0.00M | Scene, ViewLayer | Synchronizing object | GEO-native-regional-fracture-2-panel-3-section-4-band-2
Fra:1 Mem:29.73M (Peak 29.73M) | Time:00:00.00 | Mem:0.00M, Peak:0.00M | Scene, ViewLayer | Synchronizing object | GEO-native-regional-fracture-2-panel-3-section-5-band-1
Fra:1 Mem:29.73M (Peak 29.73M) | Time:00:00.00 | Mem:0.00M, Peak:0.00M | Scene, ViewLayer | Synchronizing object | GEO-native-regional-fracture-2-panel-3-section-5-band-2
Fra:1 Mem:29.73M (Peak 29.73M) | Time:00:00.00 | Mem:0.00M, Peak:0.00M | Scene, ViewLayer | Synchronizing object | GEO-native-regional-fracture-2-panel-5-section-4-band-0
Fra:1 Mem:29.74M (Peak 29.74M) | Time:00:00.00 | Mem:0.00M, Peak:0.00M | Scene, ViewLayer | Synchronizing object | GEO-native-regional-fracture-2-panel-5-section-5-band-0
Fra:1 Mem:29.74M (Peak 29.74M) | Time:00:00.00 | Mem:0.00M, Peak:0.00M | Scene, ViewLayer | Synchronizing object | GEO-native-regional-fracture-2-panel-5-section-6-band-0
Fra:1 Mem:29.74M (Peak 29.74M) | Time:00:00.00 | Mem:0.00M, Peak:0.00M | Scene, ViewLayer | Synchronizing object | GEO-native-regional-fracture-2-panel-5-section-7-band-0
Fra:1 Mem:29.74M (Peak 29.74M) | Time:00:00.00 | Mem:0.00M, Peak:0.00M | Scene, ViewLayer | Synchronizing object | GEO-native-regional-fracture-2-panel-5-section-8-band-0
Fra:1 Mem:29.74M (Peak 29.74M) | Time:00:00.00 | Mem:0.00M, Peak:0.00M | Scene, ViewLayer | Synchronizing object | GEO-native-regional-fracture-2-panel-5-section-9-band-0
Fra:1 Mem:29.75M (Peak 29.75M) | Time:00:00.00 | Mem:0.00M, Peak:0.00M | Scene, ViewLayer | Synchronizing object | GEO-native-regional-fracture-2-panel-7-section-4-band-2
Fra:1 Mem:29.75M (Peak 29.75M) | Time:00:00.00 | Mem:0.00M, Peak:0.00M | Scene, ViewLayer | Synchronizing object | GEO-native-regional-fracture-2-panel-7-section-5-band-1
Fra:1 Mem:29.75M (Peak 29.75M) | Time:00:00.00 | Mem:0.00M, Peak:0.00M | Scene, ViewLayer | Synchronizing object | GEO-native-regional-fracture-2-panel-7-section-5-band-2
Fra:1 Mem:29.75M (Peak 29.75M) | Time:00:00.00 | Mem:0.00M, Peak:0.00M | Scene, ViewLayer | Synchronizing object | GEO-native-regional-fracture-2-panel-7-section-6-band-1
Fra:1 Mem:29.75M (Peak 29.75M) | Time:00:00.00 | Mem:0.00M, Peak:0.00M | Scene, ViewLayer | Synchronizing object | GEO-native-regional-fracture-2-panel-7-section-6-band-2
Fra:1 Mem:29.76M (Peak 29.76M) | Time:00:00.00 | Mem:0.00M, Peak:0.00M | Scene, ViewLayer | Synchronizing object | GEO-native-regional-fracture-2-panel-7-section-7-band-2
Fra:1 Mem:29.76M (Peak 29.76M) | Time:00:00.00 | Mem:0.00M, Peak:0.00M | Scene, ViewLayer | Synchronizing object | GEO-native-regional-fracture-2-panel-8-section-7-band-0
Fra:1 Mem:29.76M (Peak 29.76M) | Time:00:00.00 | Mem:0.00M, Peak:0.00M | Scene, ViewLayer | Synchronizing object | GEO-native-regional-fracture-2-panel-8-section-7-band-1
Fra:1 Mem:29.76M (Peak 29.76M) | Time:00:00.00 | Mem:0.00M, Peak:0.00M | Scene, ViewLayer | Synchronizing object | GEO-native-regional-fracture-2-panel-8-section-7-band-2
Fra:1 Mem:29.76M (Peak 29.76M) | Time:00:00.00 | Mem:0.00M, Peak:0.00M | Scene, ViewLayer | Synchronizing object | GEO-native-regional-fracture-2-panel-8-section-8-band-0
Fra:1 Mem:29.77M (Peak 29.77M) | Time:00:00.00 | Mem:0.00M, Peak:0.00M | Scene, ViewLayer | Synchronizing object | GEO-native-regional-fracture-2-panel-8-section-8-band-1
Fra:1 Mem:29.77M (Peak 29.77M) | Time:00:00.00 | Mem:0.00M, Peak:0.00M | Scene, ViewLayer | Synchronizing object | GEO-native-regional-fracture-2-panel-8-section-8-band-2
Fra:1 Mem:29.77M (Peak 29.77M) | Time:00:00.00 | Mem:0.00M, Peak:0.00M | Scene, ViewLayer | Synchronizing object | GEO-native-regional-fracture-2-panel-8-section-9-band-0
Fra:1 Mem:29.77M (Peak 29.77M) | Time:00:00.00 | Mem:0.00M, Peak:0.00M | Scene, ViewLayer | Synchronizing object | GEO-native-regional-fracture-2-panel-8-section-9-band-1
Fra:1 Mem:29.78M (Peak 29.78M) | Time:00:00.00 | Mem:0.00M, Peak:0.00M | Scene, ViewLayer | Synchronizing object | GEO-native-regional-fracture-2-panel-8-section-9-band-2
Fra:1 Mem:29.78M (Peak 29.78M) | Time:00:00.00 | Mem:0.00M, Peak:0.00M | Scene, ViewLayer | Synchronizing object | GEO-native-regional-fracture-2-panel-8-section-10-band-0
Fra:1 Mem:29.78M (Peak 29.78M) | Time:00:00.00 | Mem:0.00M, Peak:0.00M | Scene, ViewLayer | Synchronizing object | GEO-native-regional-fracture-2-panel-8-section-10-band-1
Fra:1 Mem:29.78M (Peak 29.78M) | Time:00:00.00 | Mem:0.00M, Peak:0.00M | Scene, ViewLayer | Synchronizing object | GEO-native-regional-fracture-2-panel-8-section-10-band-2
Fra:1 Mem:29.79M (Peak 29.79M) | Time:00:00.00 | Mem:0.00M, Peak:0.00M | Scene, ViewLayer | Synchronizing object | GEO-native-regional-fracture-1-panel-10-section-0-band-1
Fra:1 Mem:29.79M (Peak 29.79M) | Time:00:00.00 | Mem:0.00M, Peak:0.00M | Scene, ViewLayer | Synchronizing object | GEO-native-regional-fracture-1-panel-10-section-0-band-2
Fra:1 Mem:29.79M (Peak 29.79M) | Time:00:00.00 | Mem:0.00M, Peak:0.00M | Scene, ViewLayer | Synchronizing object | GEO-native-regional-fracture-1-panel-10-section-1-band-0
Fra:1 Mem:29.79M (Peak 29.79M) | Time:00:00.00 | Mem:0.00M, Peak:0.00M | Scene, ViewLayer | Synchronizing object | GEO-native-regional-fracture-1-panel-10-section-1-band-1
Fra:1 Mem:29.79M (Peak 29.79M) | Time:00:00.00 | Mem:0.00M, Peak:0.00M | Scene, ViewLayer | Synchronizing object | GEO-native-regional-fracture-1-panel-10-section-1-band-2
Fra:1 Mem:29.79M (Peak 29.79M) | Time:00:00.00 | Mem:0.00M, Peak:0.00M | Scene, ViewLayer | Synchronizing object | GEO-native-regional-fracture-1-panel-11-section-1-band-0
Fra:1 Mem:29.80M (Peak 29.80M) | Time:00:00.00 | Mem:0.00M, Peak:0.00M | Scene, ViewLayer | Synchronizing object | GEO-native-regional-fracture-1-panel-11-section-2-band-0
Fra:1 Mem:29.80M (Peak 29.80M) | Time:00:00.00 | Mem:0.00M, Peak:0.00M | Scene, ViewLayer | Synchronizing object | GEO-native-regional-fracture-1-panel-11-section-2-band-1
Fra:1 Mem:29.80M (Peak 29.80M) | Time:00:00.00 | Mem:0.00M, Peak:0.00M | Scene, ViewLayer | Synchronizing object | GEO-native-regional-fracture-1-panel-11-section-2-band-2
Fra:1 Mem:29.80M (Peak 29.80M) | Time:00:00.00 | Mem:0.00M, Peak:0.00M | Scene, ViewLayer | Synchronizing object | GEO-native-regional-fracture-2-panel-12-section-9-band-0
Fra:1 Mem:29.81M (Peak 29.81M) | Time:00:00.00 | Mem:0.00M, Peak:0.00M | Scene, ViewLayer | Synchronizing object | GEO-native-regional-fracture-2-panel-12-section-10-band-0
Fra:1 Mem:29.81M (Peak 29.81M) | Time:00:00.00 | Mem:0.00M, Peak:0.00M | Scene, ViewLayer | Synchronizing object | GEO-native-regional-fracture-2-panel-12-section-11-band-0
Fra:1 Mem:29.81M (Peak 29.81M) | Time:00:00.00 | Mem:0.00M, Peak:0.00M | Scene, ViewLayer | Synchronizing object | GEO-native-regional-fracture-2-panel-13-section-10-band-0
Fra:1 Mem:29.82M (Peak 29.82M) | Time:00:00.00 | Mem:0.00M, Peak:0.00M | Scene, ViewLayer | Synchronizing object | GEO-native-regional-fracture-2-panel-13-section-11-band-0
Fra:1 Mem:29.82M (Peak 29.82M) | Time:00:00.00 | Mem:0.00M, Peak:0.00M | Scene, ViewLayer | Synchronizing object | GEO-native-regional-fracture-2-panel-13-section-11-band-1
Fra:1 Mem:29.82M (Peak 29.82M) | Time:00:00.00 | Mem:0.00M, Peak:0.00M | Scene, ViewLayer | Synchronizing object | GEO-native-regional-fracture-1-panel-22-section-11-band-0
Fra:1 Mem:29.82M (Peak 29.82M) | Time:00:00.00 | Mem:0.00M, Peak:0.00M | Scene, ViewLayer | Synchronizing object | GEO-native-regional-fracture-1-panel-22-section-11-band-1
Fra:1 Mem:29.82M (Peak 29.82M) | Time:00:00.00 | Mem:0.00M, Peak:0.00M | Scene, ViewLayer | Synchronizing object | GEO-native-regional-fracture-0-panel-85-section-11-band-2
Fra:1 Mem:29.82M (Peak 29.82M) | Time:00:00.00 | Mem:0.00M, Peak:0.00M | Scene, ViewLayer | Synchronizing object | GEO-native-regional-fracture-1-panel-22-section-11-band-2
Fra:1 Mem:29.83M (Peak 29.83M) | Time:00:00.00 | Mem:0.00M, Peak:0.00M | Scene, ViewLayer | Synchronizing object | GEO-native-regional-fracture-0-panel-23-section-2-band-2
Fra:1 Mem:29.83M (Peak 29.83M) | Time:00:00.00 | Mem:0.00M, Peak:0.00M | Scene, ViewLayer | Synchronizing object | GEO-native-regional-fracture-0-panel-23-section-3-band-1
Fra:1 Mem:29.83M (Peak 29.83M) | Time:00:00.00 | Mem:0.00M, Peak:0.00M | Scene, ViewLayer | Synchronizing object | GEO-native-regional-fracture-0-panel-85-section-11-band-1
Fra:1 Mem:29.83M (Peak 29.83M) | Time:00:00.00 | Mem:0.00M, Peak:0.00M | Scene, ViewLayer | Synchronizing object | GEO-native-regional-fracture-0-panel-23-section-3-band-2
Fra:1 Mem:29.85M (Peak 29.85M) | Time:00:00.00 | Mem:0.00M, Peak:0.00M | Scene, ViewLayer | Synchronizing object | GEO-native-regional-fracture-0-panel-85-section-10-band-1
Fra:1 Mem:29.85M (Peak 29.85M) | Time:00:00.00 | Mem:0.00M, Peak:0.00M | Scene, ViewLayer | Synchronizing object | GEO-native-regional-fracture-0-panel-23-section-4-band-2
Fra:1 Mem:29.84M (Peak 29.85M) | Time:00:00.00 | Mem:0.00M, Peak:0.00M | Scene, ViewLayer | Synchronizing object | GEO-native-regional-fracture-0-panel-85-section-10-band-0
Fra:1 Mem:29.84M (Peak 29.85M) | Time:00:00.00 | Mem:0.00M, Peak:0.00M | Scene, ViewLayer | Synchronizing object | GEO-native-regional-fracture-0-panel-23-section-5-band-1
Fra:1 Mem:29.84M (Peak 29.85M) | Time:00:00.00 | Mem:0.00M, Peak:0.00M | Scene, ViewLayer | Synchronizing object | GEO-native-regional-fracture-1-panel-84-section-10-band-2
Fra:1 Mem:29.84M (Peak 29.85M) | Time:00:00.00 | Mem:0.00M, Peak:0.00M | Scene, ViewLayer | Synchronizing object | GEO-native-regional-fracture-0-panel-23-section-5-band-2
Fra:1 Mem:29.84M (Peak 29.85M) | Time:00:00.00 | Mem:0.00M, Peak:0.00M | Scene, ViewLayer | Synchronizing object | GEO-native-regional-fracture-1-panel-84-section-10-band-1
Fra:1 Mem:29.84M (Peak 29.85M) | Time:00:00.00 | Mem:0.00M, Peak:0.00M | Scene, ViewLayer | Synchronizing object | GEO-native-regional-fracture-0-panel-23-section-6-band-1
Fra:1 Mem:29.84M (Peak 29.85M) | Time:00:00.00 | Mem:0.00M, Peak:0.00M | Scene, ViewLayer | Synchronizing object | GEO-native-regional-fracture-1-panel-84-section-10-band-0
Fra:1 Mem:29.85M (Peak 29.85M) | Time:00:00.00 | Mem:0.00M, Peak:0.00M | Scene, ViewLayer | Synchronizing object | GEO-native-regional-fracture-0-panel-23-section-6-band-2
Fra:1 Mem:29.85M (Peak 29.85M) | Time:00:00.00 | Mem:0.00M, Peak:0.00M | Scene, ViewLayer | Synchronizing object | GEO-native-regional-fracture-1-panel-83-section-11-band-0
Fra:1 Mem:29.85M (Peak 29.85M) | Time:00:00.00 | Mem:0.00M, Peak:0.00M | Scene, ViewLayer | Synchronizing object | GEO-native-regional-fracture-1-panel-24-section-10-band-0
Fra:1 Mem:29.85M (Peak 29.85M) | Time:00:00.00 | Mem:0.00M, Peak:0.00M | Scene, ViewLayer | Synchronizing object | GEO-native-regional-fracture-1-panel-83-section-10-band-0
Fra:1 Mem:29.85M (Peak 29.85M) | Time:00:00.00 | Mem:0.00M, Peak:0.00M | Scene, ViewLayer | Synchronizing object | GEO-native-regional-fracture-1-panel-24-section-10-band-1
Fra:1 Mem:29.86M (Peak 29.86M) | Time:00:00.00 | Mem:0.00M, Peak:0.00M | Scene, ViewLayer | Synchronizing object | GEO-native-regional-fracture-0-panel-81-section-11-band-2
Fra:1 Mem:29.86M (Peak 29.86M) | Time:00:00.00 | Mem:0.00M, Peak:0.00M | Scene, ViewLayer | Synchronizing object | GEO-native-regional-fracture-1-panel-24-section-10-band-2
Fra:1 Mem:29.86M (Peak 29.86M) | Time:00:00.00 | Mem:0.00M, Peak:0.00M | Scene, ViewLayer | Synchronizing object | GEO-native-regional-fracture-0-panel-81-section-11-band-1
Fra:1 Mem:29.86M (Peak 29.86M) | Time:00:00.00 | Mem:0.00M, Peak:0.00M | Scene, ViewLayer | Synchronizing object | GEO-native-regional-fracture-1-panel-24-section-11-band-0
Fra:1 Mem:29.86M (Peak 29.86M) | Time:00:00.00 | Mem:0.00M, Peak:0.00M | Scene, ViewLayer | Synchronizing object | GEO-native-regional-fracture-0-panel-81-section-11-band-0
Fra:1 Mem:29.86M (Peak 29.86M) | Time:00:00.00 | Mem:0.00M, Peak:0.00M | Scene, ViewLayer | Synchronizing object | GEO-native-regional-fracture-1-panel-24-section-11-band-1
Fra:1 Mem:29.87M (Peak 29.87M) | Time:00:00.00 | Mem:0.00M, Peak:0.00M | Scene, ViewLayer | Synchronizing object | GEO-native-regional-fracture-1-panel-80-section-8-band-2
Fra:1 Mem:29.87M (Peak 29.87M) | Time:00:00.00 | Mem:0.00M, Peak:0.00M | Scene, ViewLayer | Synchronizing object | GEO-native-regional-fracture-1-panel-24-section-11-band-2
Fra:1 Mem:29.87M (Peak 29.87M) | Time:00:00.00 | Mem:0.00M, Peak:0.00M | Scene, ViewLayer | Synchronizing object | GEO-native-regional-fracture-1-panel-80-section-7-band-2
Fra:1 Mem:29.87M (Peak 29.87M) | Time:00:00.00 | Mem:0.00M, Peak:0.00M | Scene, ViewLayer | Synchronizing object | GEO-native-regional-fracture-1-panel-25-section-10-band-2
Fra:1 Mem:29.87M (Peak 29.87M) | Time:00:00.00 | Mem:0.00M, Peak:0.00M | Scene, ViewLayer | Synchronizing object | GEO-native-regional-fracture-1-panel-80-section-6-band-2
Fra:1 Mem:29.87M (Peak 29.87M) | Time:00:00.00 | Mem:0.00M, Peak:0.00M | Scene, ViewLayer | Synchronizing object | GEO-native-regional-fracture-1-panel-25-section-11-band-2
Fra:1 Mem:29.87M (Peak 29.87M) | Time:00:00.00 | Mem:0.00M, Peak:0.00M | Scene, ViewLayer | Synchronizing object | GEO-native-regional-fracture-1-panel-80-section-6-band-1
Fra:1 Mem:29.88M (Peak 29.88M) | Time:00:00.00 | Mem:0.00M, Peak:0.00M | Scene, ViewLayer | Synchronizing object | GEO-native-regional-fracture-0-panel-26-section-6-band-0
Fra:1 Mem:29.88M (Peak 29.88M) | Time:00:00.00 | Mem:0.00M, Peak:0.00M | Scene, ViewLayer | Synchronizing object | GEO-native-regional-fracture-1-panel-80-section-5-band-2
Fra:1 Mem:29.88M (Peak 29.88M) | Time:00:00.00 | Mem:0.00M, Peak:0.00M | Scene, ViewLayer | Synchronizing object | GEO-native-regional-fracture-0-panel-26-section-6-band-1
Fra:1 Mem:29.88M (Peak 29.88M) | Time:00:00.00 | Mem:0.00M, Peak:0.00M | Scene, ViewLayer | Synchronizing object | GEO-native-regional-fracture-1-panel-80-section-5-band-1
Fra:1 Mem:29.88M (Peak 29.88M) | Time:00:00.00 | Mem:0.00M, Peak:0.00M | Scene, ViewLayer | Synchronizing object | GEO-native-regional-fracture-0-panel-26-section-6-band-2
Fra:1 Mem:29.88M (Peak 29.88M) | Time:00:00.00 | Mem:0.00M, Peak:0.00M | Scene, ViewLayer | Synchronizing object | GEO-native-regional-fracture-1-panel-79-section-8-band-2
Fra:1 Mem:29.89M (Peak 29.89M) | Time:00:00.00 | Mem:0.00M, Peak:0.00M | Scene, ViewLayer | Synchronizing object | GEO-native-regional-fracture-0-panel-26-section-7-band-1
Fra:1 Mem:29.90M (Peak 29.90M) | Time:00:00.00 | Mem:0.00M, Peak:0.00M | Scene, ViewLayer | Synchronizing object | GEO-native-regional-fracture-1-panel-79-section-8-band-1
Fra:1 Mem:29.89M (Peak 29.90M) | Time:00:00.00 | Mem:0.00M, Peak:0.00M | Scene, ViewLayer | Synchronizing object | GEO-native-regional-fracture-0-panel-26-section-7-band-2
Fra:1 Mem:29.89M (Peak 29.90M) | Time:00:00.00 | Mem:0.00M, Peak:0.00M | Scene, ViewLayer | Synchronizing object | GEO-native-regional-fracture-1-panel-79-section-8-band-0
Fra:1 Mem:29.89M (Peak 29.90M) | Time:00:00.00 | Mem:0.00M, Peak:0.00M | Scene, ViewLayer | Synchronizing object | GEO-native-regional-fracture-0-panel-26-section-8-band-1
Fra:1 Mem:29.89M (Peak 29.90M) | Time:00:00.00 | Mem:0.00M, Peak:0.00M | Scene, ViewLayer | Synchronizing object | GEO-native-regional-fracture-1-panel-79-section-7-band-2
Fra:1 Mem:29.90M (Peak 29.90M) | Time:00:00.00 | Mem:0.00M, Peak:0.00M | Scene, ViewLayer | Synchronizing object | GEO-native-regional-fracture-0-panel-26-section-8-band-2
Fra:1 Mem:29.90M (Peak 29.90M) | Time:00:00.00 | Mem:0.00M, Peak:0.00M | Scene, ViewLayer | Synchronizing object | GEO-native-regional-fracture-1-panel-79-section-7-band-1
Fra:1 Mem:29.90M (Peak 29.90M) | Time:00:00.00 | Mem:0.00M, Peak:0.00M | Scene, ViewLayer | Synchronizing object | GEO-native-regional-fracture-0-panel-26-section-9-band-2
Fra:1 Mem:29.90M (Peak 29.90M) | Time:00:00.00 | Mem:0.00M, Peak:0.00M | Scene, ViewLayer | Synchronizing object | GEO-native-regional-fracture-1-panel-79-section-7-band-0
Fra:1 Mem:29.90M (Peak 29.90M) | Time:00:00.00 | Mem:0.00M, Peak:0.00M | Scene, ViewLayer | Synchronizing object | GEO-native-regional-fracture-0-panel-26-section-10-band-1
Fra:1 Mem:29.90M (Peak 29.90M) | Time:00:00.00 | Mem:0.00M, Peak:0.00M | Scene, ViewLayer | Synchronizing object | GEO-native-regional-fracture-1-panel-79-section-6-band-1
Fra:1 Mem:29.90M (Peak 29.90M) | Time:00:00.00 | Mem:0.00M, Peak:0.00M | Scene, ViewLayer | Synchronizing object | GEO-native-regional-fracture-0-panel-26-section-10-band-2
Fra:1 Mem:29.90M (Peak 29.90M) | Time:00:00.00 | Mem:0.00M, Peak:0.00M | Scene, ViewLayer | Synchronizing object | GEO-native-regional-fracture-1-panel-79-section-6-band-0
Fra:1 Mem:29.91M (Peak 29.91M) | Time:00:00.00 | Mem:0.00M, Peak:0.00M | Scene, ViewLayer | Synchronizing object | GEO-native-regional-fracture-0-panel-27-section-2-band-0
Fra:1 Mem:29.91M (Peak 29.91M) | Time:00:00.00 | Mem:0.00M, Peak:0.00M | Scene, ViewLayer | Synchronizing object | GEO-native-regional-fracture-1-panel-79-section-5-band-1
Fra:1 Mem:29.91M (Peak 29.91M) | Time:00:00.00 | Mem:0.00M, Peak:0.00M | Scene, ViewLayer | Synchronizing object | GEO-native-regional-fracture-0-panel-27-section-2-band-1
Fra:1 Mem:29.91M (Peak 29.91M) | Time:00:00.00 | Mem:0.00M, Peak:0.00M | Scene, ViewLayer | Synchronizing object | GEO-native-regional-fracture-1-panel-79-section-5-band-0
Fra:1 Mem:29.91M (Peak 29.91M) | Time:00:00.00 | Mem:0.00M, Peak:0.00M | Scene, ViewLayer | Synchronizing object | GEO-native-regional-fracture-0-panel-27-section-3-band-0
Fra:1 Mem:29.93M (Peak 29.93M) | Time:00:00.00 | Mem:0.00M, Peak:0.00M | Scene, ViewLayer | Synchronizing object | GEO-native-regional-fracture-0-panel-78-section-11-band-2
Fra:1 Mem:29.92M (Peak 29.93M) | Time:00:00.00 | Mem:0.00M, Peak:0.00M | Scene, ViewLayer | Synchronizing object | GEO-native-regional-fracture-0-panel-27-section-3-band-1
Fra:1 Mem:29.92M (Peak 29.93M) | Time:00:00.00 | Mem:0.00M, Peak:0.00M | Scene, ViewLayer | Synchronizing object | GEO-native-regional-fracture-0-panel-78-section-11-band-1
Fra:1 Mem:29.92M (Peak 29.93M) | Time:00:00.00 | Mem:0.00M, Peak:0.00M | Scene, ViewLayer | Synchronizing object | GEO-native-regional-fracture-0-panel-27-section-4-band-1
Fra:1 Mem:29.92M (Peak 29.93M) | Time:00:00.00 | Mem:0.00M, Peak:0.00M | Scene, ViewLayer | Synchronizing object | GEO-native-regional-fracture-0-panel-78-section-11-band-0
Fra:1 Mem:29.92M (Peak 29.93M) | Time:00:00.00 | Mem:0.00M, Peak:0.00M | Scene, ViewLayer | Synchronizing object | GEO-native-regional-fracture-0-panel-27-section-4-band-2
Fra:1 Mem:29.92M (Peak 29.93M) | Time:00:00.00 | Mem:0.00M, Peak:0.00M | Scene, ViewLayer | Synchronizing object | GEO-native-regional-fracture-1-panel-76-section-5-band-1
Fra:1 Mem:29.93M (Peak 29.93M) | Time:00:00.01 | Mem:0.00M, Peak:0.00M | Scene, ViewLayer | Synchronizing object | GEO-native-regional-fracture-0-panel-27-section-5-band-1
Fra:1 Mem:29.93M (Peak 29.93M) | Time:00:00.01 | Mem:0.00M, Peak:0.00M | Scene, ViewLayer | Synchronizing object | GEO-native-regional-fracture-1-panel-76-section-5-band-0
Fra:1 Mem:29.94M (Peak 29.94M) | Time:00:00.01 | Mem:0.00M, Peak:0.00M | Scene, ViewLayer | Synchronizing object | GEO-native-regional-fracture-0-panel-27-section-6-band-0
Fra:1 Mem:29.93M (Peak 29.94M) | Time:00:00.01 | Mem:0.00M, Peak:0.00M | Scene, ViewLayer | Synchronizing object | GEO-native-regional-fracture-1-panel-76-section-4-band-2
Fra:1 Mem:29.93M (Peak 29.94M) | Time:00:00.01 | Mem:0.00M, Peak:0.00M | Scene, ViewLayer | Synchronizing object | GEO-native-regional-fracture-0-panel-27-section-6-band-1
Fra:1 Mem:29.93M (Peak 29.94M) | Time:00:00.01 | Mem:0.00M, Peak:0.00M | Scene, ViewLayer | Synchronizing object | GEO-native-regional-fracture-1-panel-76-section-4-band-1
Fra:1 Mem:29.93M (Peak 29.94M) | Time:00:00.01 | Mem:0.00M, Peak:0.00M | Scene, ViewLayer | Synchronizing object | GEO-native-regional-fracture-2-panel-29-section-1-band-0
Fra:1 Mem:29.94M (Peak 29.94M) | Time:00:00.01 | Mem:0.00M, Peak:0.00M | Scene, ViewLayer | Synchronizing object | GEO-native-regional-fracture-1-panel-76-section-4-band-0
Fra:1 Mem:29.94M (Peak 29.94M) | Time:00:00.01 | Mem:0.00M, Peak:0.00M | Scene, ViewLayer | Synchronizing object | GEO-native-regional-fracture-2-panel-29-section-2-band-0
Fra:1 Mem:29.94M (Peak 29.94M) | Time:00:00.01 | Mem:0.00M, Peak:0.00M | Scene, ViewLayer | Synchronizing object | GEO-native-regional-fracture-1-panel-76-section-3-band-1
Fra:1 Mem:29.94M (Peak 29.94M) | Time:00:00.01 | Mem:0.00M, Peak:0.00M | Scene, ViewLayer | Synchronizing object | GEO-native-regional-fracture-2-panel-29-section-2-band-1
Fra:1 Mem:29.94M (Peak 29.94M) | Time:00:00.01 | Mem:0.00M, Peak:0.00M | Scene, ViewLayer | Synchronizing object | GEO-native-regional-fracture-1-panel-76-section-3-band-0
Fra:1 Mem:29.94M (Peak 29.94M) | Time:00:00.01 | Mem:0.00M, Peak:0.00M | Scene, ViewLayer | Synchronizing object | GEO-native-regional-fracture-2-panel-30-section-1-band-0
Fra:1 Mem:29.94M (Peak 29.94M) | Time:00:00.01 | Mem:0.00M, Peak:0.00M | Scene, ViewLayer | Synchronizing object | GEO-native-regional-fracture-1-panel-75-section-6-band-0
Fra:1 Mem:29.95M (Peak 29.95M) | Time:00:00.01 | Mem:0.00M, Peak:0.00M | Scene, ViewLayer | Synchronizing object | GEO-native-regional-fracture-2-panel-30-section-1-band-1
Fra:1 Mem:29.95M (Peak 29.95M) | Time:00:00.01 | Mem:0.00M, Peak:0.00M | Scene, ViewLayer | Synchronizing object | GEO-native-regional-fracture-1-panel-75-section-5-band-0
Fra:1 Mem:29.95M (Peak 29.95M) | Time:00:00.01 | Mem:0.00M, Peak:0.00M | Scene, ViewLayer | Synchronizing object | GEO-native-regional-fracture-2-panel-30-section-1-band-2
Fra:1 Mem:29.95M (Peak 29.95M) | Time:00:00.01 | Mem:0.00M, Peak:0.00M | Scene, ViewLayer | Synchronizing object | GEO-native-regional-fracture-1-panel-75-section-4-band-0
Fra:1 Mem:29.97M (Peak 29.97M) | Time:00:00.01 | Mem:0.00M, Peak:0.00M | Scene, ViewLayer | Synchronizing object | GEO-native-regional-fracture-2-panel-30-section-2-band-0
Fra:1 Mem:29.95M (Peak 29.97M) | Time:00:00.01 | Mem:0.00M, Peak:0.00M | Scene, ViewLayer | Synchronizing object | GEO-native-regional-fracture-1-panel-75-section-3-band-0
Fra:1 Mem:29.95M (Peak 29.97M) | Time:00:00.01 | Mem:0.00M, Peak:0.00M | Scene, ViewLayer | Synchronizing object | GEO-native-regional-fracture-2-panel-30-section-2-band-1
Fra:1 Mem:29.95M (Peak 29.97M) | Time:00:00.01 | Mem:0.00M, Peak:0.00M | Scene, ViewLayer | Synchronizing object | GEO-native-regional-fracture-0-panel-74-section-11-band-2
Fra:1 Mem:29.96M (Peak 29.97M) | Time:00:00.01 | Mem:0.00M, Peak:0.00M | Scene, ViewLayer | Synchronizing object | GEO-native-regional-fracture-2-panel-30-section-2-band-2
Fra:1 Mem:29.96M (Peak 29.97M) | Time:00:00.01 | Mem:0.00M, Peak:0.00M | Scene, ViewLayer | Synchronizing object | GEO-native-regional-fracture-0-panel-74-section-11-band-1
Fra:1 Mem:29.96M (Peak 29.97M) | Time:00:00.01 | Mem:0.00M, Peak:0.00M | Scene, ViewLayer | Synchronizing object | GEO-native-regional-fracture-2-panel-30-section-3-band-2
Fra:1 Mem:29.96M (Peak 29.97M) | Time:00:00.01 | Mem:0.00M, Peak:0.00M | Scene, ViewLayer | Synchronizing object | GEO-native-regional-fracture-0-panel-74-section-10-band-2
Fra:1 Mem:29.96M (Peak 29.97M) | Time:00:00.01 | Mem:0.00M, Peak:0.00M | Scene, ViewLayer | Synchronizing object | GEO-native-regional-fracture-2-panel-32-section-0-band-0
Fra:1 Mem:29.96M (Peak 29.97M) | Time:00:00.01 | Mem:0.00M, Peak:0.00M | Scene, ViewLayer | Synchronizing object | GEO-native-regional-fracture-1-panel-73-section-3-band-1
Fra:1 Mem:29.97M (Peak 29.97M) | Time:00:00.01 | Mem:0.00M, Peak:0.00M | Scene, ViewLayer | Synchronizing object | GEO-native-regional-fracture-2-panel-32-section-1-band-0
Fra:1 Mem:29.98M (Peak 29.98M) | Time:00:00.01 | Mem:0.00M, Peak:0.00M | Scene, ViewLayer | Synchronizing object | GEO-native-regional-fracture-1-panel-73-section-3-band-0
Fra:1 Mem:29.97M (Peak 29.98M) | Time:00:00.01 | Mem:0.00M, Peak:0.00M | Scene, ViewLayer | Synchronizing object | GEO-native-regional-fracture-2-panel-33-section-0-band-0
Fra:1 Mem:29.97M (Peak 29.98M) | Time:00:00.01 | Mem:0.00M, Peak:0.00M | Scene, ViewLayer | Synchronizing object | GEO-native-regional-fracture-1-panel-73-section-2-band-1
Fra:1 Mem:29.97M (Peak 29.98M) | Time:00:00.01 | Mem:0.00M, Peak:0.00M | Scene, ViewLayer | Synchronizing object | GEO-native-regional-fracture-2-panel-33-section-0-band-1
Fra:1 Mem:29.97M (Peak 29.98M) | Time:00:00.01 | Mem:0.00M, Peak:0.00M | Scene, ViewLayer | Synchronizing object | GEO-native-regional-fracture-1-panel-73-section-2-band-0
Fra:1 Mem:29.97M (Peak 29.98M) | Time:00:00.01 | Mem:0.00M, Peak:0.00M | Scene, ViewLayer | Synchronizing object | GEO-native-regional-fracture-2-panel-33-section-0-band-2
Fra:1 Mem:29.98M (Peak 29.98M) | Time:00:00.01 | Mem:0.00M, Peak:0.00M | Scene, ViewLayer | Synchronizing object | GEO-native-regional-fracture-0-panel-71-section-2-band-2
Fra:1 Mem:29.98M (Peak 29.98M) | Time:00:00.01 | Mem:0.00M, Peak:0.00M | Scene, ViewLayer | Synchronizing object | GEO-native-regional-fracture-2-panel-33-section-1-band-0
Fra:1 Mem:29.98M (Peak 29.98M) | Time:00:00.01 | Mem:0.00M, Peak:0.00M | Scene, ViewLayer | Synchronizing object | GEO-native-regional-fracture-0-panel-71-section-1-band-2
Fra:1 Mem:29.98M (Peak 29.98M) | Time:00:00.01 | Mem:0.00M, Peak:0.00M | Scene, ViewLayer | Synchronizing object | GEO-native-regional-fracture-2-panel-33-section-1-band-1
Fra:1 Mem:29.98M (Peak 29.98M) | Time:00:00.01 | Mem:0.00M, Peak:0.00M | Scene, ViewLayer | Synchronizing object | GEO-native-regional-fracture-0-panel-71-section-1-band-1
Fra:1 Mem:29.98M (Peak 29.98M) | Time:00:00.01 | Mem:0.00M, Peak:0.00M | Scene, ViewLayer | Synchronizing object | GEO-native-regional-fracture-2-panel-33-section-1-band-2
Fra:1 Mem:30.00M (Peak 30.00M) | Time:00:00.01 | Mem:0.00M, Peak:0.00M | Scene, ViewLayer | Synchronizing object | GEO-native-regional-fracture-0-panel-70-section-3-band-0
Fra:1 Mem:29.99M (Peak 30.00M) | Time:00:00.01 | Mem:0.00M, Peak:0.00M | Scene, ViewLayer | Synchronizing object | GEO-native-regional-fracture-2-panel-33-section-2-band-2
Fra:1 Mem:29.99M (Peak 30.00M) | Time:00:00.01 | Mem:0.00M, Peak:0.00M | Scene, ViewLayer | Synchronizing object | GEO-native-regional-fracture-0-panel-70-section-2-band-0
Fra:1 Mem:29.99M (Peak 30.00M) | Time:00:00.01 | Mem:0.00M, Peak:0.00M | Scene, ViewLayer | Synchronizing object | GEO-native-regional-fracture-2-panel-34-section-1-band-2
Fra:1 Mem:29.99M (Peak 30.00M) | Time:00:00.01 | Mem:0.00M, Peak:0.00M | Scene, ViewLayer | Synchronizing object | GEO-native-regional-fracture-1-panel-69-section-5-band-2
Fra:1 Mem:29.99M (Peak 30.00M) | Time:00:00.01 | Mem:0.00M, Peak:0.00M | Scene, ViewLayer | Synchronizing object | GEO-native-regional-fracture-2-panel-34-section-2-band-2
Fra:1 Mem:30.01M (Peak 30.01M) | Time:00:00.01 | Mem:0.00M, Peak:0.00M | Scene, ViewLayer | Synchronizing object | GEO-native-regional-fracture-1-panel-69-section-5-band-1
Fra:1 Mem:30.00M (Peak 30.01M) | Time:00:00.01 | Mem:0.00M, Peak:0.00M | Scene, ViewLayer | Synchronizing object | GEO-native-regional-fracture-2-panel-34-section-3-band-2
Fra:1 Mem:30.00M (Peak 30.01M) | Time:00:00.01 | Mem:0.00M, Peak:0.00M | Scene, ViewLayer | Synchronizing object | GEO-native-regional-fracture-1-panel-69-section-4-band-2
Fra:1 Mem:30.00M (Peak 30.01M) | Time:00:00.01 | Mem:0.00M, Peak:0.00M | Scene, ViewLayer | Synchronizing object | GEO-native-regional-fracture-2-panel-34-section-4-band-2
Fra:1 Mem:30.00M (Peak 30.01M) | Time:00:00.01 | Mem:0.00M, Peak:0.00M | Scene, ViewLayer | Synchronizing object | GEO-native-regional-fracture-1-panel-69-section-4-band-1
Fra:1 Mem:30.01M (Peak 30.01M) | Time:00:00.01 | Mem:0.00M, Peak:0.00M | Scene, ViewLayer | Synchronizing object | GEO-native-regional-fracture-1-panel-41-section-11-band-0
Fra:1 Mem:30.01M (Peak 30.01M) | Time:00:00.01 | Mem:0.00M, Peak:0.00M | Scene, ViewLayer | Synchronizing object | GEO-native-regional-fracture-1-panel-69-section-3-band-2
Fra:1 Mem:30.01M (Peak 30.01M) | Time:00:00.01 | Mem:0.00M, Peak:0.00M | Scene, ViewLayer | Synchronizing object | GEO-native-regional-fracture-1-panel-41-section-11-band-1
Fra:1 Mem:30.03M (Peak 30.03M) | Time:00:00.01 | Mem:0.00M, Peak:0.00M | Scene, ViewLayer | Synchronizing object | GEO-native-regional-fracture-1-panel-69-section-3-band-1
Fra:1 Mem:30.01M (Peak 30.03M) | Time:00:00.01 | Mem:0.00M, Peak:0.00M | Scene, ViewLayer | Synchronizing object | GEO-native-regional-fracture-1-panel-41-section-11-band-2
Fra:1 Mem:30.01M (Peak 30.03M) | Time:00:00.01 | Mem:0.00M, Peak:0.00M | Scene, ViewLayer | Synchronizing object | GEO-native-regional-fracture-1-panel-69-section-2-band-2
Fra:1 Mem:30.02M (Peak 30.03M) | Time:00:00.01 | Mem:0.00M, Peak:0.00M | Scene, ViewLayer | Synchronizing object | GEO-native-regional-fracture-2-panel-43-section-11-band-1
Fra:1 Mem:30.02M (Peak 30.03M) | Time:00:00.01 | Mem:0.00M, Peak:0.00M | Scene, ViewLayer | Synchronizing object | GEO-native-regional-fracture-1-panel-69-section-2-band-1
Fra:1 Mem:30.02M (Peak 30.03M) | Time:00:00.01 | Mem:0.00M, Peak:0.00M | Scene, ViewLayer | Synchronizing object | GEO-native-regional-fracture-2-panel-43-section-11-band-2
Fra:1 Mem:30.04M (Peak 30.04M) | Time:00:00.01 | Mem:0.00M, Peak:0.00M | Scene, ViewLayer | Synchronizing object | GEO-native-regional-fracture-0-panel-68-section-3-band-1
Fra:1 Mem:30.03M (Peak 30.04M) | Time:00:00.01 | Mem:0.00M, Peak:0.00M | Scene, ViewLayer | Synchronizing object | GEO-native-regional-fracture-2-panel-44-section-11-band-0
Fra:1 Mem:30.03M (Peak 30.04M) | Time:00:00.01 | Mem:0.00M, Peak:0.00M | Scene, ViewLayer | Synchronizing object | GEO-native-regional-fracture-0-panel-68-section-3-band-0
Fra:1 Mem:30.03M (Peak 30.04M) | Time:00:00.01 | Mem:0.00M, Peak:0.00M | Scene, ViewLayer | Synchronizing object | GEO-native-regional-fracture-2-panel-44-section-11-band-1
Fra:1 Mem:30.03M (Peak 30.04M) | Time:00:00.01 | Mem:0.00M, Peak:0.00M | Scene, ViewLayer | Synchronizing object | GEO-native-regional-fracture-0-panel-68-section-2-band-2
Fra:1 Mem:30.03M (Peak 30.04M) | Time:00:00.01 | Mem:0.00M, Peak:0.00M | Scene, ViewLayer | Synchronizing object | GEO-native-regional-fracture-2-panel-44-section-11-band-2
Fra:1 Mem:30.03M (Peak 30.04M) | Time:00:00.01 | Mem:0.00M, Peak:0.00M | Scene, ViewLayer | Synchronizing object | GEO-native-regional-fracture-0-panel-68-section-2-band-1
Fra:1 Mem:30.05M (Peak 30.05M) | Time:00:00.01 | Mem:0.00M, Peak:0.00M | Scene, ViewLayer | Synchronizing object | GEO-native-regional-fracture-2-panel-47-section-10-band-2
Fra:1 Mem:30.03M (Peak 30.05M) | Time:00:00.01 | Mem:0.00M, Peak:0.00M | Scene, ViewLayer | Synchronizing object | GEO-native-regional-fracture-0-panel-68-section-2-band-0
Fra:1 Mem:30.05M (Peak 30.05M) | Time:00:00.01 | Mem:0.00M, Peak:0.00M | Scene, ViewLayer | Synchronizing object | GEO-native-regional-fracture-2-panel-47-section-11-band-1
Fra:1 Mem:30.04M (Peak 30.05M) | Time:00:00.01 | Mem:0.00M, Peak:0.00M | Scene, ViewLayer | Synchronizing object | GEO-native-regional-fracture-0-panel-68-section-1-band-0
Fra:1 Mem:30.04M (Peak 30.05M) | Time:00:00.01 | Mem:0.00M, Peak:0.00M | Scene, ViewLayer | Synchronizing object | GEO-native-regional-fracture-2-panel-47-section-11-band-2
Fra:1 Mem:30.04M (Peak 30.05M) | Time:00:00.01 | Mem:0.00M, Peak:0.00M | Scene, ViewLayer | Synchronizing object | GEO-native-regional-fracture-0-panel-65-section-2-band-0
Fra:1 Mem:30.04M (Peak 30.05M) | Time:00:00.01 | Mem:0.00M, Peak:0.00M | Scene, ViewLayer | Synchronizing object | GEO-native-regional-fracture-0-panel-65-section-1-band-0
Fra:1 Mem:30.05M (Peak 30.05M) | Time:00:00.01 | Mem:0.00M, Peak:0.00M | Scene, ViewLayer | Synchronizing object | GEO-native-regional-fracture-0-panel-65-section-0-band-0
Fra:1 Mem:30.05M (Peak 30.05M) | Time:00:00.01 | Mem:0.00M, Peak:0.00M | Scene, ViewLayer | Synchronizing object | GEO-native-regional-fracture-0-panel-59-section-10-band-1
Fra:1 Mem:30.05M (Peak 30.05M) | Time:00:00.01 | Mem:0.00M, Peak:0.00M | Scene, ViewLayer | Synchronizing object | GEO-native-regional-fracture-0-panel-48-section-2-band-0
Fra:1 Mem:30.05M (Peak 30.05M) | Time:00:00.01 | Mem:0.00M, Peak:0.00M | Scene, ViewLayer | Synchronizing object | GEO-native-regional-fracture-0-panel-59-section-10-band-0
Fra:1 Mem:30.05M (Peak 30.05M) | Time:00:00.01 | Mem:0.00M, Peak:0.00M | Scene, ViewLayer | Synchronizing object | GEO-native-regional-fracture-0-panel-57-section-8-band-1
Fra:1 Mem:30.05M (Peak 30.05M) | Time:00:00.01 | Mem:0.00M, Peak:0.00M | Scene, ViewLayer | Synchronizing object | GEO-native-regional-fracture-0-panel-57-section-8-band-0
Fra:1 Mem:30.05M (Peak 30.05M) | Time:00:00.01 | Mem:0.00M, Peak:0.00M | Scene, ViewLayer | Synchronizing object | GEO-native-regional-fracture-0-panel-57-section-7-band-1
Fra:1 Mem:30.06M (Peak 30.06M) | Time:00:00.01 | Mem:0.00M, Peak:0.00M | Scene, ViewLayer | Synchronizing object | GEO-native-regional-fracture-0-panel-57-section-7-band-0
Fra:1 Mem:30.06M (Peak 30.06M) | Time:00:00.01 | Mem:0.00M, Peak:0.00M | Scene, ViewLayer | Synchronizing object | GEO-native-regional-fracture-0-panel-48-section-4-band-0
Fra:1 Mem:30.06M (Peak 30.06M) | Time:00:00.01 | Mem:0.00M, Peak:0.00M | Scene, ViewLayer | Synchronizing object | GEO-native-regional-fracture-0-panel-57-section-6-band-0
Fra:1 Mem:30.06M (Peak 30.06M) | Time:00:00.01 | Mem:0.00M, Peak:0.00M | Scene, ViewLayer | Synchronizing object | GEO-native-regional-fracture-0-panel-48-section-4-band-1
Fra:1 Mem:30.06M (Peak 30.06M) | Time:00:00.01 | Mem:0.00M, Peak:0.00M | Scene, ViewLayer | Synchronizing object | GEO-native-regional-fracture-0-panel-56-section-6-band-0
Fra:1 Mem:30.07M (Peak 30.07M) | Time:00:00.01 | Mem:0.00M, Peak:0.00M | Scene, ViewLayer | Synchronizing object | GEO-native-regional-fracture-1-panel-52-section-5-band-2
Fra:1 Mem:30.07M (Peak 30.07M) | Time:00:00.01 | Mem:0.00M, Peak:0.00M | Scene, ViewLayer | Synchronizing object | GEO-native-regional-fracture-0-panel-56-section-5-band-0
Fra:1 Mem:30.07M (Peak 30.07M) | Time:00:00.01 | Mem:0.00M, Peak:0.00M | Scene, ViewLayer | Synchronizing object | GEO-native-regional-fracture-1-panel-52-section-6-band-2
Fra:1 Mem:30.07M (Peak 30.07M) | Time:00:00.01 | Mem:0.00M, Peak:0.00M | Scene, ViewLayer | Synchronizing object | GEO-native-regional-fracture-0-panel-56-section-4-band-1
Fra:1 Mem:30.07M (Peak 30.07M) | Time:00:00.01 | Mem:0.00M, Peak:0.00M | Scene, ViewLayer | Synchronizing object | GEO-native-regional-fracture-1-panel-52-section-7-band-2
Fra:1 Mem:30.07M (Peak 30.07M) | Time:00:00.01 | Mem:0.00M, Peak:0.00M | Scene, ViewLayer | Synchronizing object | GEO-native-regional-fracture-0-panel-56-section-4-band-0
Fra:1 Mem:30.08M (Peak 30.08M) | Time:00:00.01 | Mem:0.00M, Peak:0.00M | Scene, ViewLayer | Synchronizing object | GEO-native-regional-fracture-0-panel-53-section-3-band-0
Fra:1 Mem:30.08M (Peak 30.08M) | Time:00:00.01 | Mem:0.00M, Peak:0.00M | Scene, ViewLayer | Synchronizing object | GEO-native-regional-fracture-0-panel-55-section-11-band-0
Fra:1 Mem:30.08M (Peak 30.08M) | Time:00:00.01 | Mem:0.00M, Peak:0.00M | Scene, ViewLayer | Synchronizing object | GEO-native-regional-fracture-0-panel-53-section-4-band-0
Fra:1 Mem:30.08M (Peak 30.08M) | Time:00:00.01 | Mem:0.00M, Peak:0.00M | Scene, ViewLayer | Synchronizing object | GEO-native-regional-fracture-0-panel-55-section-10-band-0
Fra:1 Mem:30.08M (Peak 30.08M) | Time:00:00.01 | Mem:0.00M, Peak:0.00M | Scene, ViewLayer | Synchronizing object | GEO-native-regional-fracture-0-panel-53-section-5-band-0
Fra:1 Mem:30.10M (Peak 30.10M) | Time:00:00.01 | Mem:0.00M, Peak:0.00M | Scene, ViewLayer | Synchronizing object | GEO-native-regional-fracture-0-panel-54-section-10-band-1
Fra:1 Mem:30.08M (Peak 30.10M) | Time:00:00.01 | Mem:0.00M, Peak:0.00M | Scene, ViewLayer | Synchronizing object | GEO-native-regional-fracture-0-panel-53-section-6-band-0
Fra:1 Mem:30.09M (Peak 30.10M) | Time:00:00.01 | Mem:0.00M, Peak:0.00M | Scene, ViewLayer | Synchronizing object | GEO-native-regional-fracture-0-panel-54-section-10-band-0
Fra:1 Mem:30.09M (Peak 30.10M) | Time:00:00.01 | Mem:0.00M, Peak:0.00M | Scene, ViewLayer | Synchronizing object | GEO-native-regional-fracture-0-panel-54-section-6-band-0
Fra:1 Mem:30.09M (Peak 30.10M) | Time:00:00.01 | Mem:0.00M, Peak:0.00M | Scene, ViewLayer | Synchronizing object | GEO-native-regional-fracture-0-panel-54-section-9-band-1
Fra:1 Mem:30.09M (Peak 30.10M) | Time:00:00.01 | Mem:0.00M, Peak:0.00M | Scene, ViewLayer | Synchronizing object | GEO-native-regional-fracture-0-panel-54-section-7-band-0
Fra:1 Mem:30.09M (Peak 30.10M) | Time:00:00.01 | Mem:0.00M, Peak:0.00M | Scene, ViewLayer | Synchronizing object | GEO-native-regional-fracture-0-panel-54-section-9-band-0
Fra:1 Mem:30.09M (Peak 30.10M) | Time:00:00.01 | Mem:0.00M, Peak:0.00M | Scene, ViewLayer | Synchronizing object | GEO-native-regional-fracture-0-panel-54-section-8-band-0
Fra:1 Mem:30.10M (Peak 30.10M) | Time:00:00.01 | Mem:0.00M, Peak:0.00M | Scene, ViewLayer | Synchronizing object | GEO-native-regional-fracture-0-panel-54-section-8-band-1
Fra:1 Mem:30.10M (Peak 30.10M) | Time:00:00.01 | Mem:0.00M, Peak:0.00M | Scene, ViewLayer | Initializing
Fra:1 Mem:29.16M (Peak 30.10M) | Time:00:00.01 | Mem:0.00M, Peak:0.00M | Scene, ViewLayer | Updating Images | Loading Crystal9-material-0
Fra:1 Mem:29.16M (Peak 30.10M) | Time:00:00.01 | Mem:0.00M, Peak:0.00M | Scene, ViewLayer | Updating Images | Loading Crystal9-material-7
Fra:1 Mem:29.67M (Peak 30.10M) | Time:00:00.01 | Mem:0.25M, Peak:0.25M | Scene, ViewLayer | Updating Images | Loading Crystal9-material-6
Fra:1 Mem:29.92M (Peak 30.10M) | Time:00:00.01 | Mem:0.50M, Peak:0.50M | Scene, ViewLayer | Updating Images | Loading Crystal9-roughness-0
Fra:1 Mem:30.17M (Peak 30.17M) | Time:00:00.01 | Mem:0.75M, Peak:0.75M | Scene, ViewLayer | Updating Images | Loading Crystal9-material-5
Fra:1 Mem:30.42M (Peak 30.42M) | Time:00:00.01 | Mem:1.00M, Peak:1.00M | Scene, ViewLayer | Updating Images | Loading Crystal9-material-1
Fra:1 Mem:30.67M (Peak 30.67M) | Time:00:00.01 | Mem:1.25M, Peak:1.25M | Scene, ViewLayer | Updating Images | Loading Crystal9-material-4
Fra:1 Mem:30.92M (Peak 30.92M) | Time:00:00.01 | Mem:1.50M, Peak:1.50M | Scene, ViewLayer | Updating Images | Loading Crystal9-material-3
Fra:1 Mem:31.17M (Peak 31.17M) | Time:00:00.01 | Mem:1.75M, Peak:1.75M | Scene, ViewLayer | Updating Images | Loading Crystal9-roughness-1
Fra:1 Mem:31.42M (Peak 31.42M) | Time:00:00.01 | Mem:2.00M, Peak:2.00M | Scene, ViewLayer | Updating Images | Loading Crystal9-roughness-2
Fra:1 Mem:31.67M (Peak 31.67M) | Time:00:00.01 | Mem:2.25M, Peak:2.25M | Scene, ViewLayer | Updating Images | Loading Crystal9-material-2
Fra:1 Mem:24.73M (Peak 31.67M) | Time:00:00.02 | Mem:2.75M, Peak:2.75M | Scene, ViewLayer | Waiting for render to start
Fra:1 Mem:24.73M (Peak 31.67M) | Time:00:00.02 | Mem:2.75M, Peak:2.75M | Scene, ViewLayer | Loading render kernels (may take a few minutes the first time)
Fra:1 Mem:24.73M (Peak 31.67M) | Time:00:00.02 | Mem:2.75M, Peak:2.75M | Scene, ViewLayer | Updating Scene
Fra:1 Mem:24.73M (Peak 31.67M) | Time:00:00.02 | Mem:2.75M, Peak:2.75M | Scene, ViewLayer | Updating Shaders
Fra:1 Mem:24.82M (Peak 31.67M) | Time:00:00.02 | Mem:2.76M, Peak:2.76M | Scene, ViewLayer | Updating Procedurals
Fra:1 Mem:24.82M (Peak 31.67M) | Time:00:00.02 | Mem:2.76M, Peak:2.76M | Scene, ViewLayer | Updating Background
Fra:1 Mem:24.82M (Peak 31.67M) | Time:00:00.02 | Mem:2.76M, Peak:2.76M | Scene, ViewLayer | Updating Camera
Fra:1 Mem:24.82M (Peak 31.67M) | Time:00:00.02 | Mem:2.76M, Peak:2.76M | Scene, ViewLayer | Updating Meshes Flags
Fra:1 Mem:24.82M (Peak 31.67M) | Time:00:00.02 | Mem:2.76M, Peak:2.76M | Scene, ViewLayer | Updating Objects
Fra:1 Mem:24.82M (Peak 31.67M) | Time:00:00.02 | Mem:2.76M, Peak:2.76M | Scene, ViewLayer | Updating Objects | Copying Transformations to device
Fra:1 Mem:24.87M (Peak 31.67M) | Time:00:00.02 | Mem:2.81M, Peak:2.81M | Scene, ViewLayer | Updating Objects | Applying Static Transformations
Fra:1 Mem:24.87M (Peak 31.67M) | Time:00:00.02 | Mem:2.81M, Peak:2.81M | Scene, ViewLayer | Updating Particle Systems
Fra:1 Mem:24.87M (Peak 31.67M) | Time:00:00.02 | Mem:2.81M, Peak:2.81M | Scene, ViewLayer | Updating Particle Systems | Copying Particles to device
Fra:1 Mem:24.87M (Peak 31.67M) | Time:00:00.02 | Mem:2.81M, Peak:2.81M | Scene, ViewLayer | Updating Meshes
Fra:1 Mem:24.95M (Peak 31.67M) | Time:00:00.02 | Mem:2.81M, Peak:2.81M | Scene, ViewLayer | Updating Mesh | Computing attributes
Fra:1 Mem:25.22M (Peak 31.67M) | Time:00:00.02 | Mem:2.83M, Peak:2.83M | Scene, ViewLayer | Updating Mesh | Copying Attributes to device
Fra:1 Mem:25.17M (Peak 31.67M) | Time:00:00.02 | Mem:3.04M, Peak:3.04M | Scene, ViewLayer | Updating Scene BVH | Building
Fra:1 Mem:25.17M (Peak 31.67M) | Time:00:00.02 | Mem:3.04M, Peak:3.04M | Scene, ViewLayer | Updating Scene BVH | Building BVH
Fra:1 Mem:25.17M (Peak 31.67M) | Time:00:00.02 | Mem:3.18M, Peak:3.18M | Scene, ViewLayer | Updating Scene BVH | Building BVH 0%
Fra:1 Mem:25.17M (Peak 31.67M) | Time:00:00.02 | Mem:3.33M, Peak:3.48M | Scene, ViewLayer | Updating Scene BVH | Copying BVH to device
Fra:1 Mem:25.17M (Peak 31.67M) | Time:00:00.02 | Mem:3.33M, Peak:3.48M | Scene, ViewLayer | Updating Mesh | Computing normals
Fra:1 Mem:25.52M (Peak 31.67M) | Time:00:00.02 | Mem:3.33M, Peak:3.48M | Scene, ViewLayer | Updating Mesh | Copying Mesh to device
Fra:1 Mem:25.52M (Peak 31.67M) | Time:00:00.02 | Mem:3.67M, Peak:3.67M | Scene, ViewLayer | Updating Objects Flags
Fra:1 Mem:25.52M (Peak 31.67M) | Time:00:00.02 | Mem:3.68M, Peak:3.68M | Scene, ViewLayer | Updating Primitive Offsets
Fra:1 Mem:25.52M (Peak 31.67M) | Time:00:00.02 | Mem:3.68M, Peak:3.68M | Scene, ViewLayer | Updating Images
Fra:1 Mem:25.52M (Peak 31.67M) | Time:00:00.02 | Mem:3.68M, Peak:3.68M | Scene, ViewLayer | Updating Camera Volume
Fra:1 Mem:25.52M (Peak 31.67M) | Time:00:00.02 | Mem:3.68M, Peak:3.68M | Scene, ViewLayer | Updating Lookup Tables
Fra:1 Mem:25.52M (Peak 31.67M) | Time:00:00.02 | Mem:3.76M, Peak:3.76M | Scene, ViewLayer | Updating Lights
Fra:1 Mem:25.52M (Peak 31.67M) | Time:00:00.02 | Mem:3.76M, Peak:3.76M | Scene, ViewLayer | Updating Lights | Computing tree
Fra:1 Mem:25.65M (Peak 31.67M) | Time:00:00.02 | Mem:3.89M, Peak:3.89M | Scene, ViewLayer | Updating Integrator
Fra:1 Mem:25.65M (Peak 31.67M) | Time:00:00.02 | Mem:3.89M, Peak:3.89M | Scene, ViewLayer | Updating Film
Fra:1 Mem:25.65M (Peak 31.67M) | Time:00:00.02 | Mem:3.81M, Peak:3.89M | Scene, ViewLayer | Updating Lookup Tables
Fra:1 Mem:25.65M (Peak 31.67M) | Time:00:00.02 | Mem:3.89M, Peak:3.89M | Scene, ViewLayer | Updating Baking
Fra:1 Mem:25.65M (Peak 31.67M) | Time:00:00.02 | Mem:3.89M, Peak:3.89M | Scene, ViewLayer | Updating Device | Writing constant memory
Fra:1 Mem:25.66M (Peak 31.67M) | Time:00:00.02 | Mem:3.89M, Peak:3.89M | Scene, ViewLayer | Sample 0/32
Fra:1 Mem:53.47M (Peak 53.47M) | Time:00:00.47 | Remaining:00:13.93 | Mem:31.71M, Peak:31.71M | Scene, ViewLayer | Sample 1/32
Fra:1 Mem:65.83M (Peak 90.55M) | Time:00:12.52 | Mem:31.71M, Peak:31.71M | Scene, ViewLayer | Sample 32/32
Fra:1 Mem:65.83M (Peak 90.55M) | Time:00:12.52 | Mem:31.71M, Peak:31.71M | Scene, ViewLayer | Finished
Saved: '/root/sidereal_spacetime/output/playwright/planet-reference-20260914/crystal-moons-r008-parity/moon-1-native-two-sided-matched-angle2.png'
Time: 00:12.68 (Saving: 00:00.15)

Fra:1 Mem:29.49M (Peak 29.49M) | Time:00:00.00 | Mem:0.00M, Peak:0.00M | Scene, ViewLayer | Synchronizing object | GEO-planets--crystal-moon-1-connected-crystalline-body
Fra:1 Mem:29.82M (Peak 29.82M) | Time:00:00.00 | Mem:0.00M, Peak:0.00M | Scene, ViewLayer | Synchronizing object | GEO-native-regional-fracture-2-panel-1-section-2-band-0
Fra:1 Mem:29.82M (Peak 29.82M) | Time:00:00.00 | Mem:0.00M, Peak:0.00M | Scene, ViewLayer | Synchronizing object | GEO-native-regional-fracture-2-panel-1-section-3-band-0
Fra:1 Mem:29.82M (Peak 29.82M) | Time:00:00.00 | Mem:0.00M, Peak:0.00M | Scene, ViewLayer | Synchronizing object | GEO-native-regional-fracture-2-panel-1-section-4-band-0
Fra:1 Mem:29.82M (Peak 29.82M) | Time:00:00.00 | Mem:0.00M, Peak:0.00M | Scene, ViewLayer | Synchronizing object | GEO-native-regional-fracture-2-panel-2-section-2-band-0
Fra:1 Mem:29.83M (Peak 29.83M) | Time:00:00.00 | Mem:0.00M, Peak:0.00M | Scene, ViewLayer | Synchronizing object | GEO-native-regional-fracture-2-panel-2-section-2-band-1
Fra:1 Mem:29.83M (Peak 29.83M) | Time:00:00.00 | Mem:0.00M, Peak:0.00M | Scene, ViewLayer | Synchronizing object | GEO-native-regional-fracture-2-panel-2-section-2-band-2
Fra:1 Mem:29.83M (Peak 29.83M) | Time:00:00.00 | Mem:0.00M, Peak:0.00M | Scene, ViewLayer | Synchronizing object | GEO-native-regional-fracture-2-panel-2-section-3-band-0
Fra:1 Mem:29.83M (Peak 29.83M) | Time:00:00.00 | Mem:0.00M, Peak:0.00M | Scene, ViewLayer | Synchronizing object | GEO-native-regional-fracture-2-panel-2-section-3-band-1
Fra:1 Mem:29.83M (Peak 29.83M) | Time:00:00.00 | Mem:0.00M, Peak:0.00M | Scene, ViewLayer | Synchronizing object | GEO-native-regional-fracture-2-panel-2-section-3-band-2
Fra:1 Mem:29.83M (Peak 29.83M) | Time:00:00.00 | Mem:0.00M, Peak:0.00M | Scene, ViewLayer | Synchronizing object | GEO-native-regional-fracture-2-panel-2-section-4-band-0
Fra:1 Mem:29.83M (Peak 29.83M) | Time:00:00.00 | Mem:0.00M, Peak:0.00M | Scene, ViewLayer | Synchronizing object | GEO-native-regional-fracture-2-panel-2-section-4-band-1
Fra:1 Mem:29.84M (Peak 29.84M) | Time:00:00.00 | Mem:0.00M, Peak:0.00M | Scene, ViewLayer | Synchronizing object | GEO-native-regional-fracture-2-panel-2-section-5-band-0
Fra:1 Mem:29.84M (Peak 29.84M) | Time:00:00.00 | Mem:0.00M, Peak:0.00M | Scene, ViewLayer | Synchronizing object | GEO-native-regional-fracture-2-panel-2-section-5-band-1
Fra:1 Mem:29.84M (Peak 29.84M) | Time:00:00.00 | Mem:0.00M, Peak:0.00M | Scene, ViewLayer | Synchronizing object | GEO-native-regional-fracture-2-panel-2-section-6-band-0
Fra:1 Mem:29.84M (Peak 29.84M) | Time:00:00.00 | Mem:0.00M, Peak:0.00M | Scene, ViewLayer | Synchronizing object | GEO-native-regional-fracture-2-panel-2-section-6-band-1
Fra:1 Mem:29.84M (Peak 29.84M) | Time:00:00.00 | Mem:0.00M, Peak:0.00M | Scene, ViewLayer | Synchronizing object | GEO-native-regional-fracture-2-panel-3-section-3-band-1
Fra:1 Mem:29.84M (Peak 29.84M) | Time:00:00.00 | Mem:0.00M, Peak:0.00M | Scene, ViewLayer | Synchronizing object | GEO-native-regional-fracture-2-panel-3-section-3-band-2
Fra:1 Mem:29.84M (Peak 29.84M) | Time:00:00.00 | Mem:0.00M, Peak:0.00M | Scene, ViewLayer | Synchronizing object | GEO-native-regional-fracture-2-panel-3-section-4-band-2
Fra:1 Mem:29.85M (Peak 29.85M) | Time:00:00.00 | Mem:0.00M, Peak:0.00M | Scene, ViewLayer | Synchronizing object | GEO-native-regional-fracture-2-panel-3-section-5-band-1
Fra:1 Mem:29.85M (Peak 29.85M) | Time:00:00.00 | Mem:0.00M, Peak:0.00M | Scene, ViewLayer | Synchronizing object | GEO-native-regional-fracture-2-panel-3-section-5-band-2
Fra:1 Mem:29.85M (Peak 29.85M) | Time:00:00.00 | Mem:0.00M, Peak:0.00M | Scene, ViewLayer | Synchronizing object | GEO-native-regional-fracture-2-panel-5-section-4-band-0
Fra:1 Mem:29.85M (Peak 29.85M) | Time:00:00.01 | Mem:0.00M, Peak:0.00M | Scene, ViewLayer | Synchronizing object | GEO-native-regional-fracture-2-panel-5-section-5-band-0
Fra:1 Mem:29.85M (Peak 29.85M) | Time:00:00.01 | Mem:0.00M, Peak:0.00M | Scene, ViewLayer | Synchronizing object | GEO-native-regional-fracture-2-panel-5-section-6-band-0
Fra:1 Mem:29.85M (Peak 29.85M) | Time:00:00.01 | Mem:0.00M, Peak:0.00M | Scene, ViewLayer | Synchronizing object | GEO-native-regional-fracture-2-panel-5-section-7-band-0
Fra:1 Mem:29.85M (Peak 29.85M) | Time:00:00.01 | Mem:0.00M, Peak:0.00M | Scene, ViewLayer | Synchronizing object | GEO-native-regional-fracture-2-panel-5-section-8-band-0
Fra:1 Mem:29.86M (Peak 29.86M) | Time:00:00.01 | Mem:0.00M, Peak:0.00M | Scene, ViewLayer | Synchronizing object | GEO-native-regional-fracture-2-panel-5-section-9-band-0
Fra:1 Mem:29.86M (Peak 29.86M) | Time:00:00.01 | Mem:0.00M, Peak:0.00M | Scene, ViewLayer | Synchronizing object | GEO-native-regional-fracture-2-panel-7-section-4-band-2
Fra:1 Mem:29.86M (Peak 29.86M) | Time:00:00.01 | Mem:0.00M, Peak:0.00M | Scene, ViewLayer | Synchronizing object | GEO-native-regional-fracture-2-panel-7-section-5-band-1
Fra:1 Mem:29.86M (Peak 29.86M) | Time:00:00.01 | Mem:0.00M, Peak:0.00M | Scene, ViewLayer | Synchronizing object | GEO-native-regional-fracture-2-panel-7-section-5-band-2
Fra:1 Mem:29.86M (Peak 29.86M) | Time:00:00.01 | Mem:0.00M, Peak:0.00M | Scene, ViewLayer | Synchronizing object | GEO-native-regional-fracture-2-panel-7-section-6-band-1
Fra:1 Mem:29.86M (Peak 29.86M) | Time:00:00.01 | Mem:0.00M, Peak:0.00M | Scene, ViewLayer | Synchronizing object | GEO-native-regional-fracture-2-panel-7-section-6-band-2
Fra:1 Mem:29.86M (Peak 29.86M) | Time:00:00.01 | Mem:0.00M, Peak:0.00M | Scene, ViewLayer | Synchronizing object | GEO-native-regional-fracture-2-panel-7-section-7-band-2
Fra:1 Mem:29.86M (Peak 29.86M) | Time:00:00.01 | Mem:0.00M, Peak:0.00M | Scene, ViewLayer | Synchronizing object | GEO-native-regional-fracture-2-panel-8-section-7-band-0
Fra:1 Mem:29.86M (Peak 29.86M) | Time:00:00.01 | Mem:0.00M, Peak:0.00M | Scene, ViewLayer | Synchronizing object | GEO-native-regional-fracture-2-panel-8-section-7-band-1
Fra:1 Mem:29.87M (Peak 29.87M) | Time:00:00.01 | Mem:0.00M, Peak:0.00M | Scene, ViewLayer | Synchronizing object | GEO-native-regional-fracture-2-panel-8-section-7-band-2
Fra:1 Mem:29.87M (Peak 29.87M) | Time:00:00.01 | Mem:0.00M, Peak:0.00M | Scene, ViewLayer | Synchronizing object | GEO-native-regional-fracture-2-panel-8-section-8-band-0
Fra:1 Mem:29.87M (Peak 29.87M) | Time:00:00.01 | Mem:0.00M, Peak:0.00M | Scene, ViewLayer | Synchronizing object | GEO-native-regional-fracture-2-panel-8-section-8-band-1
Fra:1 Mem:29.87M (Peak 29.87M) | Time:00:00.01 | Mem:0.00M, Peak:0.00M | Scene, ViewLayer | Synchronizing object | GEO-native-regional-fracture-2-panel-8-section-8-band-2
Fra:1 Mem:29.87M (Peak 29.87M) | Time:00:00.01 | Mem:0.00M, Peak:0.00M | Scene, ViewLayer | Synchronizing object | GEO-native-regional-fracture-2-panel-8-section-9-band-0
Fra:1 Mem:29.87M (Peak 29.87M) | Time:00:00.01 | Mem:0.00M, Peak:0.00M | Scene, ViewLayer | Synchronizing object | GEO-native-regional-fracture-2-panel-8-section-9-band-1
Fra:1 Mem:29.87M (Peak 29.87M) | Time:00:00.01 | Mem:0.00M, Peak:0.00M | Scene, ViewLayer | Synchronizing object | GEO-native-regional-fracture-2-panel-8-section-9-band-2
Fra:1 Mem:29.88M (Peak 29.88M) | Time:00:00.01 | Mem:0.00M, Peak:0.00M | Scene, ViewLayer | Synchronizing object | GEO-native-regional-fracture-2-panel-8-section-10-band-0
Fra:1 Mem:29.88M (Peak 29.88M) | Time:00:00.01 | Mem:0.00M, Peak:0.00M | Scene, ViewLayer | Synchronizing object | GEO-native-regional-fracture-2-panel-8-section-10-band-1
Fra:1 Mem:29.88M (Peak 29.88M) | Time:00:00.01 | Mem:0.00M, Peak:0.00M | Scene, ViewLayer | Synchronizing object | GEO-native-regional-fracture-2-panel-8-section-10-band-2
Fra:1 Mem:29.88M (Peak 29.88M) | Time:00:00.01 | Mem:0.00M, Peak:0.00M | Scene, ViewLayer | Synchronizing object | GEO-native-regional-fracture-1-panel-10-section-0-band-1
Fra:1 Mem:29.88M (Peak 29.88M) | Time:00:00.01 | Mem:0.00M, Peak:0.00M | Scene, ViewLayer | Synchronizing object | GEO-native-regional-fracture-1-panel-10-section-0-band-2
Fra:1 Mem:29.89M (Peak 29.89M) | Time:00:00.01 | Mem:0.00M, Peak:0.00M | Scene, ViewLayer | Synchronizing object | GEO-native-regional-fracture-1-panel-10-section-1-band-0
Fra:1 Mem:29.89M (Peak 29.89M) | Time:00:00.01 | Mem:0.00M, Peak:0.00M | Scene, ViewLayer | Synchronizing object | GEO-native-regional-fracture-1-panel-10-section-1-band-1
Fra:1 Mem:29.89M (Peak 29.89M) | Time:00:00.01 | Mem:0.00M, Peak:0.00M | Scene, ViewLayer | Synchronizing object | GEO-native-regional-fracture-1-panel-10-section-1-band-2
Fra:1 Mem:29.89M (Peak 29.89M) | Time:00:00.01 | Mem:0.00M, Peak:0.00M | Scene, ViewLayer | Synchronizing object | GEO-native-regional-fracture-1-panel-11-section-1-band-0
Fra:1 Mem:29.89M (Peak 29.89M) | Time:00:00.01 | Mem:0.00M, Peak:0.00M | Scene, ViewLayer | Synchronizing object | GEO-native-regional-fracture-1-panel-11-section-2-band-0
Fra:1 Mem:29.89M (Peak 29.89M) | Time:00:00.01 | Mem:0.00M, Peak:0.00M | Scene, ViewLayer | Synchronizing object | GEO-native-regional-fracture-1-panel-11-section-2-band-1
Fra:1 Mem:29.89M (Peak 29.89M) | Time:00:00.01 | Mem:0.00M, Peak:0.00M | Scene, ViewLayer | Synchronizing object | GEO-native-regional-fracture-1-panel-11-section-2-band-2
Fra:1 Mem:29.90M (Peak 29.90M) | Time:00:00.01 | Mem:0.00M, Peak:0.00M | Scene, ViewLayer | Synchronizing object | GEO-native-regional-fracture-2-panel-12-section-9-band-0
Fra:1 Mem:29.90M (Peak 29.90M) | Time:00:00.01 | Mem:0.00M, Peak:0.00M | Scene, ViewLayer | Synchronizing object | GEO-native-regional-fracture-2-panel-12-section-10-band-0
Fra:1 Mem:29.90M (Peak 29.90M) | Time:00:00.01 | Mem:0.00M, Peak:0.00M | Scene, ViewLayer | Synchronizing object | GEO-native-regional-fracture-2-panel-12-section-11-band-0
Fra:1 Mem:29.90M (Peak 29.90M) | Time:00:00.01 | Mem:0.00M, Peak:0.00M | Scene, ViewLayer | Synchronizing object | GEO-native-regional-fracture-2-panel-13-section-10-band-0
Fra:1 Mem:29.90M (Peak 29.90M) | Time:00:00.01 | Mem:0.00M, Peak:0.00M | Scene, ViewLayer | Synchronizing object | GEO-native-regional-fracture-2-panel-13-section-11-band-0
Fra:1 Mem:29.90M (Peak 29.90M) | Time:00:00.01 | Mem:0.00M, Peak:0.00M | Scene, ViewLayer | Synchronizing object | GEO-native-regional-fracture-2-panel-13-section-11-band-1
Fra:1 Mem:29.91M (Peak 29.91M) | Time:00:00.01 | Mem:0.00M, Peak:0.00M | Scene, ViewLayer | Synchronizing object | GEO-native-regional-fracture-1-panel-22-section-11-band-0
Fra:1 Mem:29.91M (Peak 29.91M) | Time:00:00.01 | Mem:0.00M, Peak:0.00M | Scene, ViewLayer | Synchronizing object | GEO-native-regional-fracture-1-panel-22-section-11-band-1
Fra:1 Mem:29.91M (Peak 29.91M) | Time:00:00.01 | Mem:0.00M, Peak:0.00M | Scene, ViewLayer | Synchronizing object | GEO-native-regional-fracture-1-panel-22-section-11-band-2
Fra:1 Mem:29.91M (Peak 29.91M) | Time:00:00.01 | Mem:0.00M, Peak:0.00M | Scene, ViewLayer | Synchronizing object | GEO-native-regional-fracture-0-panel-23-section-2-band-2
Fra:1 Mem:29.91M (Peak 29.91M) | Time:00:00.01 | Mem:0.00M, Peak:0.00M | Scene, ViewLayer | Synchronizing object | GEO-native-regional-fracture-0-panel-23-section-3-band-1
Fra:1 Mem:29.91M (Peak 29.91M) | Time:00:00.01 | Mem:0.00M, Peak:0.00M | Scene, ViewLayer | Synchronizing object | GEO-native-regional-fracture-0-panel-23-section-3-band-2
Fra:1 Mem:29.91M (Peak 29.91M) | Time:00:00.01 | Mem:0.00M, Peak:0.00M | Scene, ViewLayer | Synchronizing object | GEO-native-regional-fracture-0-panel-23-section-4-band-2
Fra:1 Mem:29.92M (Peak 29.92M) | Time:00:00.01 | Mem:0.00M, Peak:0.00M | Scene, ViewLayer | Synchronizing object | GEO-native-regional-fracture-0-panel-23-section-5-band-1
Fra:1 Mem:29.92M (Peak 29.92M) | Time:00:00.01 | Mem:0.00M, Peak:0.00M | Scene, ViewLayer | Synchronizing object | GEO-native-regional-fracture-0-panel-23-section-5-band-2
Fra:1 Mem:29.92M (Peak 29.92M) | Time:00:00.01 | Mem:0.00M, Peak:0.00M | Scene, ViewLayer | Synchronizing object | GEO-native-regional-fracture-0-panel-23-section-6-band-1
Fra:1 Mem:29.92M (Peak 29.92M) | Time:00:00.01 | Mem:0.00M, Peak:0.00M | Scene, ViewLayer | Synchronizing object | GEO-native-regional-fracture-0-panel-23-section-6-band-2
Fra:1 Mem:29.92M (Peak 29.92M) | Time:00:00.01 | Mem:0.00M, Peak:0.00M | Scene, ViewLayer | Synchronizing object | GEO-native-regional-fracture-1-panel-24-section-10-band-0
Fra:1 Mem:29.92M (Peak 29.92M) | Time:00:00.01 | Mem:0.00M, Peak:0.00M | Scene, ViewLayer | Synchronizing object | GEO-native-regional-fracture-1-panel-24-section-10-band-1
Fra:1 Mem:29.92M (Peak 29.92M) | Time:00:00.01 | Mem:0.00M, Peak:0.00M | Scene, ViewLayer | Synchronizing object | GEO-native-regional-fracture-1-panel-24-section-10-band-2
Fra:1 Mem:29.92M (Peak 29.92M) | Time:00:00.01 | Mem:0.00M, Peak:0.00M | Scene, ViewLayer | Synchronizing object | GEO-native-regional-fracture-1-panel-24-section-11-band-0
Fra:1 Mem:29.93M (Peak 29.93M) | Time:00:00.01 | Mem:0.00M, Peak:0.00M | Scene, ViewLayer | Synchronizing object | GEO-native-regional-fracture-1-panel-24-section-11-band-1
Fra:1 Mem:29.93M (Peak 29.93M) | Time:00:00.01 | Mem:0.00M, Peak:0.00M | Scene, ViewLayer | Synchronizing object | GEO-native-regional-fracture-1-panel-24-section-11-band-2
Fra:1 Mem:29.93M (Peak 29.93M) | Time:00:00.01 | Mem:0.00M, Peak:0.00M | Scene, ViewLayer | Synchronizing object | GEO-native-regional-fracture-1-panel-25-section-10-band-2
Fra:1 Mem:29.93M (Peak 29.93M) | Time:00:00.01 | Mem:0.00M, Peak:0.00M | Scene, ViewLayer | Synchronizing object | GEO-native-regional-fracture-1-panel-25-section-11-band-2
Fra:1 Mem:29.93M (Peak 29.93M) | Time:00:00.01 | Mem:0.00M, Peak:0.00M | Scene, ViewLayer | Synchronizing object | GEO-native-regional-fracture-0-panel-26-section-6-band-0
Fra:1 Mem:29.93M (Peak 29.93M) | Time:00:00.01 | Mem:0.00M, Peak:0.00M | Scene, ViewLayer | Synchronizing object | GEO-native-regional-fracture-0-panel-26-section-6-band-1
Fra:1 Mem:29.93M (Peak 29.93M) | Time:00:00.01 | Mem:0.00M, Peak:0.00M | Scene, ViewLayer | Synchronizing object | GEO-native-regional-fracture-0-panel-26-section-6-band-2
Fra:1 Mem:29.94M (Peak 29.94M) | Time:00:00.01 | Mem:0.00M, Peak:0.00M | Scene, ViewLayer | Synchronizing object | GEO-native-regional-fracture-0-panel-26-section-7-band-1
Fra:1 Mem:29.94M (Peak 29.94M) | Time:00:00.01 | Mem:0.00M, Peak:0.00M | Scene, ViewLayer | Synchronizing object | GEO-native-regional-fracture-0-panel-26-section-7-band-2
Fra:1 Mem:29.94M (Peak 29.94M) | Time:00:00.01 | Mem:0.00M, Peak:0.00M | Scene, ViewLayer | Synchronizing object | GEO-native-regional-fracture-0-panel-26-section-8-band-1
Fra:1 Mem:29.94M (Peak 29.94M) | Time:00:00.01 | Mem:0.00M, Peak:0.00M | Scene, ViewLayer | Synchronizing object | GEO-native-regional-fracture-0-panel-26-section-8-band-2
Fra:1 Mem:29.94M (Peak 29.94M) | Time:00:00.01 | Mem:0.00M, Peak:0.00M | Scene, ViewLayer | Synchronizing object | GEO-native-regional-fracture-0-panel-26-section-9-band-2
Fra:1 Mem:29.94M (Peak 29.94M) | Time:00:00.01 | Mem:0.00M, Peak:0.00M | Scene, ViewLayer | Synchronizing object | GEO-native-regional-fracture-0-panel-26-section-10-band-1
Fra:1 Mem:29.94M (Peak 29.94M) | Time:00:00.01 | Mem:0.00M, Peak:0.00M | Scene, ViewLayer | Synchronizing object | GEO-native-regional-fracture-0-panel-26-section-10-band-2
Fra:1 Mem:29.95M (Peak 29.95M) | Time:00:00.01 | Mem:0.00M, Peak:0.00M | Scene, ViewLayer | Synchronizing object | GEO-native-regional-fracture-0-panel-27-section-2-band-0
Fra:1 Mem:29.95M (Peak 29.95M) | Time:00:00.01 | Mem:0.00M, Peak:0.00M | Scene, ViewLayer | Synchronizing object | GEO-native-regional-fracture-0-panel-27-section-2-band-1
Fra:1 Mem:29.95M (Peak 29.95M) | Time:00:00.01 | Mem:0.00M, Peak:0.00M | Scene, ViewLayer | Synchronizing object | GEO-native-regional-fracture-0-panel-27-section-3-band-0
Fra:1 Mem:29.95M (Peak 29.95M) | Time:00:00.01 | Mem:0.00M, Peak:0.00M | Scene, ViewLayer | Synchronizing object | GEO-native-regional-fracture-0-panel-27-section-3-band-1
Fra:1 Mem:29.95M (Peak 29.95M) | Time:00:00.01 | Mem:0.00M, Peak:0.00M | Scene, ViewLayer | Synchronizing object | GEO-native-regional-fracture-0-panel-27-section-4-band-1
Fra:1 Mem:29.95M (Peak 29.95M) | Time:00:00.01 | Mem:0.00M, Peak:0.00M | Scene, ViewLayer | Synchronizing object | GEO-native-regional-fracture-0-panel-27-section-4-band-2
Fra:1 Mem:29.95M (Peak 29.95M) | Time:00:00.01 | Mem:0.00M, Peak:0.00M | Scene, ViewLayer | Synchronizing object | GEO-native-regional-fracture-0-panel-27-section-5-band-1
Fra:1 Mem:29.95M (Peak 29.95M) | Time:00:00.01 | Mem:0.00M, Peak:0.00M | Scene, ViewLayer | Synchronizing object | GEO-native-regional-fracture-0-panel-27-section-6-band-0
Fra:1 Mem:29.96M (Peak 29.96M) | Time:00:00.01 | Mem:0.00M, Peak:0.00M | Scene, ViewLayer | Synchronizing object | GEO-native-regional-fracture-0-panel-27-section-6-band-1
Fra:1 Mem:29.96M (Peak 29.96M) | Time:00:00.01 | Mem:0.00M, Peak:0.00M | Scene, ViewLayer | Synchronizing object | GEO-native-regional-fracture-2-panel-29-section-1-band-0
Fra:1 Mem:29.96M (Peak 29.96M) | Time:00:00.01 | Mem:0.00M, Peak:0.00M | Scene, ViewLayer | Synchronizing object | GEO-native-regional-fracture-2-panel-29-section-2-band-0
Fra:1 Mem:29.96M (Peak 29.96M) | Time:00:00.01 | Mem:0.00M, Peak:0.00M | Scene, ViewLayer | Synchronizing object | GEO-native-regional-fracture-2-panel-29-section-2-band-1
Fra:1 Mem:29.96M (Peak 29.96M) | Time:00:00.01 | Mem:0.00M, Peak:0.00M | Scene, ViewLayer | Synchronizing object | GEO-native-regional-fracture-2-panel-30-section-1-band-0
Fra:1 Mem:29.96M (Peak 29.96M) | Time:00:00.01 | Mem:0.00M, Peak:0.00M | Scene, ViewLayer | Synchronizing object | GEO-native-regional-fracture-2-panel-30-section-1-band-1
Fra:1 Mem:29.96M (Peak 29.96M) | Time:00:00.01 | Mem:0.00M, Peak:0.00M | Scene, ViewLayer | Synchronizing object | GEO-native-regional-fracture-2-panel-30-section-1-band-2
Fra:1 Mem:29.96M (Peak 29.96M) | Time:00:00.01 | Mem:0.00M, Peak:0.00M | Scene, ViewLayer | Synchronizing object | GEO-native-regional-fracture-2-panel-30-section-2-band-0
Fra:1 Mem:29.96M (Peak 29.96M) | Time:00:00.01 | Mem:0.00M, Peak:0.00M | Scene, ViewLayer | Synchronizing object | GEO-native-regional-fracture-2-panel-30-section-2-band-1
Fra:1 Mem:29.97M (Peak 29.97M) | Time:00:00.01 | Mem:0.00M, Peak:0.00M | Scene, ViewLayer | Synchronizing object | GEO-native-regional-fracture-2-panel-30-section-2-band-2
Fra:1 Mem:29.97M (Peak 29.97M) | Time:00:00.01 | Mem:0.00M, Peak:0.00M | Scene, ViewLayer | Synchronizing object | GEO-native-regional-fracture-2-panel-30-section-3-band-2
Fra:1 Mem:29.97M (Peak 29.97M) | Time:00:00.01 | Mem:0.00M, Peak:0.00M | Scene, ViewLayer | Synchronizing object | GEO-native-regional-fracture-2-panel-32-section-0-band-0
Fra:1 Mem:29.97M (Peak 29.97M) | Time:00:00.01 | Mem:0.00M, Peak:0.00M | Scene, ViewLayer | Synchronizing object | GEO-native-regional-fracture-2-panel-32-section-1-band-0
Fra:1 Mem:29.97M (Peak 29.97M) | Time:00:00.01 | Mem:0.00M, Peak:0.00M | Scene, ViewLayer | Synchronizing object | GEO-native-regional-fracture-2-panel-33-section-0-band-0
Fra:1 Mem:29.97M (Peak 29.97M) | Time:00:00.01 | Mem:0.00M, Peak:0.00M | Scene, ViewLayer | Synchronizing object | GEO-native-regional-fracture-2-panel-33-section-0-band-1
Fra:1 Mem:29.97M (Peak 29.97M) | Time:00:00.01 | Mem:0.00M, Peak:0.00M | Scene, ViewLayer | Synchronizing object | GEO-native-regional-fracture-2-panel-33-section-0-band-2
Fra:1 Mem:29.97M (Peak 29.97M) | Time:00:00.01 | Mem:0.00M, Peak:0.00M | Scene, ViewLayer | Synchronizing object | GEO-native-regional-fracture-0-panel-85-section-11-band-2
Fra:1 Mem:29.97M (Peak 29.97M) | Time:00:00.01 | Mem:0.00M, Peak:0.00M | Scene, ViewLayer | Synchronizing object | GEO-native-regional-fracture-2-panel-33-section-1-band-0
Fra:1 Mem:29.98M (Peak 29.98M) | Time:00:00.01 | Mem:0.00M, Peak:0.00M | Scene, ViewLayer | Synchronizing object | GEO-native-regional-fracture-2-panel-33-section-1-band-1
Fra:1 Mem:29.98M (Peak 29.98M) | Time:00:00.01 | Mem:0.00M, Peak:0.00M | Scene, ViewLayer | Synchronizing object | GEO-native-regional-fracture-0-panel-85-section-11-band-1
Fra:1 Mem:29.98M (Peak 29.98M) | Time:00:00.01 | Mem:0.00M, Peak:0.00M | Scene, ViewLayer | Synchronizing object | GEO-native-regional-fracture-2-panel-33-section-1-band-2
Fra:1 Mem:29.98M (Peak 29.98M) | Time:00:00.01 | Mem:0.00M, Peak:0.00M | Scene, ViewLayer | Synchronizing object | GEO-native-regional-fracture-0-panel-85-section-10-band-1
Fra:1 Mem:29.98M (Peak 29.98M) | Time:00:00.01 | Mem:0.00M, Peak:0.00M | Scene, ViewLayer | Synchronizing object | GEO-native-regional-fracture-2-panel-33-section-2-band-2
Fra:1 Mem:29.98M (Peak 29.98M) | Time:00:00.01 | Mem:0.00M, Peak:0.00M | Scene, ViewLayer | Synchronizing object | GEO-native-regional-fracture-0-panel-85-section-10-band-0
Fra:1 Mem:29.98M (Peak 29.98M) | Time:00:00.01 | Mem:0.00M, Peak:0.00M | Scene, ViewLayer | Synchronizing object | GEO-native-regional-fracture-2-panel-34-section-1-band-2
Fra:1 Mem:29.98M (Peak 29.98M) | Time:00:00.01 | Mem:0.00M, Peak:0.00M | Scene, ViewLayer | Synchronizing object | GEO-native-regional-fracture-1-panel-84-section-10-band-2
Fra:1 Mem:29.98M (Peak 29.98M) | Time:00:00.01 | Mem:0.00M, Peak:0.00M | Scene, ViewLayer | Synchronizing object | GEO-native-regional-fracture-2-panel-34-section-2-band-2
Fra:1 Mem:29.98M (Peak 29.98M) | Time:00:00.01 | Mem:0.00M, Peak:0.00M | Scene, ViewLayer | Synchronizing object | GEO-native-regional-fracture-1-panel-84-section-10-band-1
Fra:1 Mem:29.99M (Peak 29.99M) | Time:00:00.01 | Mem:0.00M, Peak:0.00M | Scene, ViewLayer | Synchronizing object | GEO-native-regional-fracture-2-panel-34-section-3-band-2
Fra:1 Mem:29.99M (Peak 29.99M) | Time:00:00.01 | Mem:0.00M, Peak:0.00M | Scene, ViewLayer | Synchronizing object | GEO-native-regional-fracture-1-panel-84-section-10-band-0
Fra:1 Mem:29.99M (Peak 29.99M) | Time:00:00.01 | Mem:0.00M, Peak:0.00M | Scene, ViewLayer | Synchronizing object | GEO-native-regional-fracture-2-panel-34-section-4-band-2
Fra:1 Mem:29.99M (Peak 29.99M) | Time:00:00.01 | Mem:0.00M, Peak:0.00M | Scene, ViewLayer | Synchronizing object | GEO-native-regional-fracture-1-panel-83-section-11-band-0
Fra:1 Mem:29.99M (Peak 29.99M) | Time:00:00.01 | Mem:0.00M, Peak:0.00M | Scene, ViewLayer | Synchronizing object | GEO-native-regional-fracture-1-panel-41-section-11-band-0
Fra:1 Mem:29.99M (Peak 29.99M) | Time:00:00.01 | Mem:0.00M, Peak:0.00M | Scene, ViewLayer | Synchronizing object | GEO-native-regional-fracture-1-panel-83-section-10-band-0
Fra:1 Mem:29.99M (Peak 29.99M) | Time:00:00.01 | Mem:0.00M, Peak:0.00M | Scene, ViewLayer | Synchronizing object | GEO-native-regional-fracture-1-panel-41-section-11-band-1
Fra:1 Mem:29.99M (Peak 29.99M) | Time:00:00.01 | Mem:0.00M, Peak:0.00M | Scene, ViewLayer | Synchronizing object | GEO-native-regional-fracture-0-panel-81-section-11-band-2
Fra:1 Mem:30.00M (Peak 30.00M) | Time:00:00.01 | Mem:0.00M, Peak:0.00M | Scene, ViewLayer | Synchronizing object | GEO-native-regional-fracture-1-panel-41-section-11-band-2
Fra:1 Mem:30.00M (Peak 30.00M) | Time:00:00.01 | Mem:0.00M, Peak:0.00M | Scene, ViewLayer | Synchronizing object | GEO-native-regional-fracture-0-panel-81-section-11-band-1
Fra:1 Mem:30.00M (Peak 30.00M) | Time:00:00.01 | Mem:0.00M, Peak:0.00M | Scene, ViewLayer | Synchronizing object | GEO-native-regional-fracture-2-panel-43-section-11-band-1
Fra:1 Mem:30.00M (Peak 30.00M) | Time:00:00.01 | Mem:0.00M, Peak:0.00M | Scene, ViewLayer | Synchronizing object | GEO-native-regional-fracture-0-panel-81-section-11-band-0
Fra:1 Mem:30.00M (Peak 30.00M) | Time:00:00.01 | Mem:0.00M, Peak:0.00M | Scene, ViewLayer | Synchronizing object | GEO-native-regional-fracture-2-panel-43-section-11-band-2
Fra:1 Mem:30.00M (Peak 30.00M) | Time:00:00.01 | Mem:0.00M, Peak:0.00M | Scene, ViewLayer | Synchronizing object | GEO-native-regional-fracture-1-panel-80-section-8-band-2
Fra:1 Mem:30.00M (Peak 30.00M) | Time:00:00.01 | Mem:0.00M, Peak:0.00M | Scene, ViewLayer | Synchronizing object | GEO-native-regional-fracture-2-panel-44-section-11-band-0
Fra:1 Mem:30.01M (Peak 30.01M) | Time:00:00.01 | Mem:0.00M, Peak:0.00M | Scene, ViewLayer | Synchronizing object | GEO-native-regional-fracture-1-panel-80-section-7-band-2
Fra:1 Mem:30.01M (Peak 30.01M) | Time:00:00.01 | Mem:0.00M, Peak:0.00M | Scene, ViewLayer | Synchronizing object | GEO-native-regional-fracture-2-panel-44-section-11-band-1
Fra:1 Mem:30.01M (Peak 30.01M) | Time:00:00.01 | Mem:0.00M, Peak:0.00M | Scene, ViewLayer | Synchronizing object | GEO-native-regional-fracture-1-panel-80-section-6-band-2
Fra:1 Mem:30.01M (Peak 30.01M) | Time:00:00.01 | Mem:0.00M, Peak:0.00M | Scene, ViewLayer | Synchronizing object | GEO-native-regional-fracture-2-panel-44-section-11-band-2
Fra:1 Mem:30.01M (Peak 30.01M) | Time:00:00.01 | Mem:0.00M, Peak:0.00M | Scene, ViewLayer | Synchronizing object | GEO-native-regional-fracture-1-panel-80-section-6-band-1
Fra:1 Mem:30.01M (Peak 30.01M) | Time:00:00.01 | Mem:0.00M, Peak:0.00M | Scene, ViewLayer | Synchronizing object | GEO-native-regional-fracture-2-panel-47-section-10-band-2
Fra:1 Mem:30.01M (Peak 30.01M) | Time:00:00.01 | Mem:0.00M, Peak:0.00M | Scene, ViewLayer | Synchronizing object | GEO-native-regional-fracture-1-panel-80-section-5-band-2
Fra:1 Mem:30.01M (Peak 30.01M) | Time:00:00.01 | Mem:0.00M, Peak:0.00M | Scene, ViewLayer | Synchronizing object | GEO-native-regional-fracture-2-panel-47-section-11-band-1
Fra:1 Mem:30.01M (Peak 30.01M) | Time:00:00.01 | Mem:0.00M, Peak:0.00M | Scene, ViewLayer | Synchronizing object | GEO-native-regional-fracture-1-panel-80-section-5-band-1
Fra:1 Mem:30.01M (Peak 30.01M) | Time:00:00.01 | Mem:0.00M, Peak:0.00M | Scene, ViewLayer | Synchronizing object | GEO-native-regional-fracture-2-panel-47-section-11-band-2
Fra:1 Mem:30.01M (Peak 30.01M) | Time:00:00.01 | Mem:0.00M, Peak:0.00M | Scene, ViewLayer | Synchronizing object | GEO-native-regional-fracture-1-panel-79-section-8-band-2
Fra:1 Mem:30.02M (Peak 30.02M) | Time:00:00.01 | Mem:0.00M, Peak:0.00M | Scene, ViewLayer | Synchronizing object | GEO-native-regional-fracture-0-panel-48-section-2-band-0
Fra:1 Mem:30.02M (Peak 30.02M) | Time:00:00.01 | Mem:0.00M, Peak:0.00M | Scene, ViewLayer | Synchronizing object | GEO-native-regional-fracture-1-panel-79-section-8-band-1
Fra:1 Mem:30.02M (Peak 30.02M) | Time:00:00.01 | Mem:0.00M, Peak:0.00M | Scene, ViewLayer | Synchronizing object | GEO-native-regional-fracture-0-panel-48-section-3-band-0
Fra:1 Mem:30.02M (Peak 30.02M) | Time:00:00.01 | Mem:0.00M, Peak:0.00M | Scene, ViewLayer | Synchronizing object | GEO-native-regional-fracture-1-panel-79-section-8-band-0
Fra:1 Mem:30.02M (Peak 30.02M) | Time:00:00.01 | Mem:0.00M, Peak:0.00M | Scene, ViewLayer | Synchronizing object | GEO-native-regional-fracture-0-panel-48-section-4-band-0
Fra:1 Mem:30.02M (Peak 30.02M) | Time:00:00.01 | Mem:0.00M, Peak:0.00M | Scene, ViewLayer | Synchronizing object | GEO-native-regional-fracture-1-panel-79-section-7-band-2
Fra:1 Mem:30.02M (Peak 30.02M) | Time:00:00.01 | Mem:0.00M, Peak:0.00M | Scene, ViewLayer | Synchronizing object | GEO-native-regional-fracture-0-panel-48-section-4-band-1
Fra:1 Mem:30.02M (Peak 30.02M) | Time:00:00.01 | Mem:0.00M, Peak:0.00M | Scene, ViewLayer | Synchronizing object | GEO-native-regional-fracture-1-panel-79-section-7-band-1
Fra:1 Mem:30.02M (Peak 30.02M) | Time:00:00.01 | Mem:0.00M, Peak:0.00M | Scene, ViewLayer | Synchronizing object | GEO-native-regional-fracture-1-panel-52-section-5-band-2
Fra:1 Mem:30.02M (Peak 30.02M) | Time:00:00.01 | Mem:0.00M, Peak:0.00M | Scene, ViewLayer | Synchronizing object | GEO-native-regional-fracture-1-panel-79-section-7-band-0
Fra:1 Mem:30.03M (Peak 30.03M) | Time:00:00.01 | Mem:0.00M, Peak:0.00M | Scene, ViewLayer | Synchronizing object | GEO-native-regional-fracture-1-panel-52-section-6-band-2
Fra:1 Mem:30.03M (Peak 30.03M) | Time:00:00.01 | Mem:0.00M, Peak:0.00M | Scene, ViewLayer | Synchronizing object | GEO-native-regional-fracture-1-panel-79-section-6-band-1
Fra:1 Mem:30.03M (Peak 30.03M) | Time:00:00.01 | Mem:0.00M, Peak:0.00M | Scene, ViewLayer | Synchronizing object | GEO-native-regional-fracture-1-panel-52-section-7-band-2
Fra:1 Mem:30.03M (Peak 30.03M) | Time:00:00.01 | Mem:0.00M, Peak:0.00M | Scene, ViewLayer | Synchronizing object | GEO-native-regional-fracture-1-panel-79-section-6-band-0
Fra:1 Mem:30.03M (Peak 30.03M) | Time:00:00.01 | Mem:0.00M, Peak:0.00M | Scene, ViewLayer | Synchronizing object | GEO-native-regional-fracture-0-panel-53-section-3-band-0
Fra:1 Mem:30.03M (Peak 30.03M) | Time:00:00.01 | Mem:0.00M, Peak:0.00M | Scene, ViewLayer | Synchronizing object | GEO-native-regional-fracture-1-panel-79-section-5-band-1
Fra:1 Mem:30.03M (Peak 30.03M) | Time:00:00.01 | Mem:0.00M, Peak:0.00M | Scene, ViewLayer | Synchronizing object | GEO-native-regional-fracture-0-panel-53-section-4-band-0
Fra:1 Mem:30.03M (Peak 30.03M) | Time:00:00.01 | Mem:0.00M, Peak:0.00M | Scene, ViewLayer | Synchronizing object | GEO-native-regional-fracture-1-panel-79-section-5-band-0
Fra:1 Mem:30.03M (Peak 30.03M) | Time:00:00.01 | Mem:0.00M, Peak:0.00M | Scene, ViewLayer | Synchronizing object | GEO-native-regional-fracture-0-panel-53-section-5-band-0
Fra:1 Mem:30.03M (Peak 30.03M) | Time:00:00.01 | Mem:0.00M, Peak:0.00M | Scene, ViewLayer | Synchronizing object | GEO-native-regional-fracture-0-panel-78-section-11-band-2
Fra:1 Mem:30.04M (Peak 30.04M) | Time:00:00.01 | Mem:0.00M, Peak:0.00M | Scene, ViewLayer | Synchronizing object | GEO-native-regional-fracture-0-panel-53-section-6-band-0
Fra:1 Mem:30.04M (Peak 30.04M) | Time:00:00.01 | Mem:0.00M, Peak:0.00M | Scene, ViewLayer | Synchronizing object | GEO-native-regional-fracture-0-panel-78-section-11-band-1
Fra:1 Mem:30.04M (Peak 30.04M) | Time:00:00.01 | Mem:0.00M, Peak:0.00M | Scene, ViewLayer | Synchronizing object | GEO-native-regional-fracture-0-panel-54-section-6-band-0
Fra:1 Mem:30.04M (Peak 30.04M) | Time:00:00.01 | Mem:0.00M, Peak:0.00M | Scene, ViewLayer | Synchronizing object | GEO-native-regional-fracture-0-panel-78-section-11-band-0
Fra:1 Mem:30.04M (Peak 30.04M) | Time:00:00.01 | Mem:0.00M, Peak:0.00M | Scene, ViewLayer | Synchronizing object | GEO-native-regional-fracture-0-panel-54-section-7-band-0
Fra:1 Mem:30.04M (Peak 30.04M) | Time:00:00.01 | Mem:0.00M, Peak:0.00M | Scene, ViewLayer | Synchronizing object | GEO-native-regional-fracture-1-panel-76-section-5-band-1
Fra:1 Mem:30.04M (Peak 30.04M) | Time:00:00.01 | Mem:0.00M, Peak:0.00M | Scene, ViewLayer | Synchronizing object | GEO-native-regional-fracture-0-panel-54-section-8-band-0
Fra:1 Mem:30.04M (Peak 30.04M) | Time:00:00.01 | Mem:0.00M, Peak:0.00M | Scene, ViewLayer | Synchronizing object | GEO-native-regional-fracture-1-panel-76-section-5-band-0
Fra:1 Mem:30.04M (Peak 30.04M) | Time:00:00.01 | Mem:0.00M, Peak:0.00M | Scene, ViewLayer | Synchronizing object | GEO-native-regional-fracture-0-panel-54-section-8-band-1
Fra:1 Mem:30.05M (Peak 30.05M) | Time:00:00.01 | Mem:0.00M, Peak:0.00M | Scene, ViewLayer | Synchronizing object | GEO-native-regional-fracture-1-panel-76-section-4-band-2
Fra:1 Mem:30.05M (Peak 30.05M) | Time:00:00.01 | Mem:0.00M, Peak:0.00M | Scene, ViewLayer | Synchronizing object | GEO-native-regional-fracture-0-panel-54-section-9-band-0
Fra:1 Mem:30.05M (Peak 30.05M) | Time:00:00.01 | Mem:0.00M, Peak:0.00M | Scene, ViewLayer | Synchronizing object | GEO-native-regional-fracture-1-panel-76-section-4-band-1
Fra:1 Mem:30.05M (Peak 30.05M) | Time:00:00.01 | Mem:0.00M, Peak:0.00M | Scene, ViewLayer | Synchronizing object | GEO-native-regional-fracture-0-panel-54-section-9-band-1
Fra:1 Mem:30.05M (Peak 30.05M) | Time:00:00.01 | Mem:0.00M, Peak:0.00M | Scene, ViewLayer | Synchronizing object | GEO-native-regional-fracture-1-panel-76-section-4-band-0
Fra:1 Mem:30.05M (Peak 30.05M) | Time:00:00.01 | Mem:0.00M, Peak:0.00M | Scene, ViewLayer | Synchronizing object | GEO-native-regional-fracture-0-panel-54-section-10-band-0
Fra:1 Mem:30.05M (Peak 30.05M) | Time:00:00.01 | Mem:0.00M, Peak:0.00M | Scene, ViewLayer | Synchronizing object | GEO-native-regional-fracture-1-panel-76-section-3-band-1
Fra:1 Mem:30.05M (Peak 30.05M) | Time:00:00.01 | Mem:0.00M, Peak:0.00M | Scene, ViewLayer | Synchronizing object | GEO-native-regional-fracture-0-panel-54-section-10-band-1
Fra:1 Mem:30.05M (Peak 30.05M) | Time:00:00.01 | Mem:0.00M, Peak:0.00M | Scene, ViewLayer | Synchronizing object | GEO-native-regional-fracture-1-panel-76-section-3-band-0
Fra:1 Mem:30.05M (Peak 30.05M) | Time:00:00.01 | Mem:0.00M, Peak:0.00M | Scene, ViewLayer | Synchronizing object | GEO-native-regional-fracture-0-panel-55-section-10-band-0
Fra:1 Mem:30.05M (Peak 30.05M) | Time:00:00.01 | Mem:0.00M, Peak:0.00M | Scene, ViewLayer | Synchronizing object | GEO-native-regional-fracture-1-panel-75-section-6-band-0
Fra:1 Mem:30.06M (Peak 30.06M) | Time:00:00.01 | Mem:0.00M, Peak:0.00M | Scene, ViewLayer | Synchronizing object | GEO-native-regional-fracture-0-panel-55-section-11-band-0
Fra:1 Mem:30.06M (Peak 30.06M) | Time:00:00.01 | Mem:0.00M, Peak:0.00M | Scene, ViewLayer | Synchronizing object | GEO-native-regional-fracture-1-panel-75-section-5-band-0
Fra:1 Mem:30.06M (Peak 30.06M) | Time:00:00.01 | Mem:0.00M, Peak:0.00M | Scene, ViewLayer | Synchronizing object | GEO-native-regional-fracture-0-panel-56-section-4-band-0
Fra:1 Mem:30.06M (Peak 30.06M) | Time:00:00.01 | Mem:0.00M, Peak:0.00M | Scene, ViewLayer | Synchronizing object | GEO-native-regional-fracture-1-panel-75-section-4-band-0
Fra:1 Mem:30.06M (Peak 30.06M) | Time:00:00.01 | Mem:0.00M, Peak:0.00M | Scene, ViewLayer | Synchronizing object | GEO-native-regional-fracture-0-panel-56-section-4-band-1
Fra:1 Mem:30.06M (Peak 30.06M) | Time:00:00.01 | Mem:0.00M, Peak:0.00M | Scene, ViewLayer | Synchronizing object | GEO-native-regional-fracture-1-panel-75-section-3-band-0
Fra:1 Mem:30.06M (Peak 30.06M) | Time:00:00.01 | Mem:0.00M, Peak:0.00M | Scene, ViewLayer | Synchronizing object | GEO-native-regional-fracture-0-panel-56-section-5-band-0
Fra:1 Mem:30.06M (Peak 30.06M) | Time:00:00.01 | Mem:0.00M, Peak:0.00M | Scene, ViewLayer | Synchronizing object | GEO-native-regional-fracture-0-panel-74-section-11-band-2
Fra:1 Mem:30.06M (Peak 30.06M) | Time:00:00.01 | Mem:0.00M, Peak:0.00M | Scene, ViewLayer | Synchronizing object | GEO-native-regional-fracture-0-panel-56-section-6-band-0
Fra:1 Mem:30.06M (Peak 30.06M) | Time:00:00.01 | Mem:0.00M, Peak:0.00M | Scene, ViewLayer | Synchronizing object | GEO-native-regional-fracture-0-panel-74-section-11-band-1
Fra:1 Mem:30.07M (Peak 30.07M) | Time:00:00.01 | Mem:0.00M, Peak:0.00M | Scene, ViewLayer | Synchronizing object | GEO-native-regional-fracture-0-panel-57-section-6-band-0
Fra:1 Mem:30.07M (Peak 30.07M) | Time:00:00.01 | Mem:0.00M, Peak:0.00M | Scene, ViewLayer | Synchronizing object | GEO-native-regional-fracture-0-panel-74-section-10-band-2
Fra:1 Mem:30.07M (Peak 30.07M) | Time:00:00.01 | Mem:0.00M, Peak:0.00M | Scene, ViewLayer | Synchronizing object | GEO-native-regional-fracture-0-panel-57-section-7-band-0
Fra:1 Mem:30.07M (Peak 30.07M) | Time:00:00.01 | Mem:0.00M, Peak:0.00M | Scene, ViewLayer | Synchronizing object | GEO-native-regional-fracture-1-panel-73-section-3-band-1
Fra:1 Mem:30.07M (Peak 30.07M) | Time:00:00.01 | Mem:0.00M, Peak:0.00M | Scene, ViewLayer | Synchronizing object | GEO-native-regional-fracture-0-panel-57-section-7-band-1
Fra:1 Mem:30.07M (Peak 30.07M) | Time:00:00.01 | Mem:0.00M, Peak:0.00M | Scene, ViewLayer | Synchronizing object | GEO-native-regional-fracture-1-panel-73-section-3-band-0
Fra:1 Mem:30.07M (Peak 30.07M) | Time:00:00.01 | Mem:0.00M, Peak:0.00M | Scene, ViewLayer | Synchronizing object | GEO-native-regional-fracture-0-panel-57-section-8-band-0
Fra:1 Mem:30.07M (Peak 30.07M) | Time:00:00.01 | Mem:0.00M, Peak:0.00M | Scene, ViewLayer | Synchronizing object | GEO-native-regional-fracture-1-panel-73-section-2-band-1
Fra:1 Mem:30.07M (Peak 30.07M) | Time:00:00.01 | Mem:0.00M, Peak:0.00M | Scene, ViewLayer | Synchronizing object | GEO-native-regional-fracture-0-panel-57-section-8-band-1
Fra:1 Mem:30.07M (Peak 30.07M) | Time:00:00.01 | Mem:0.00M, Peak:0.00M | Scene, ViewLayer | Synchronizing object | GEO-native-regional-fracture-1-panel-73-section-2-band-0
Fra:1 Mem:30.07M (Peak 30.07M) | Time:00:00.01 | Mem:0.00M, Peak:0.00M | Scene, ViewLayer | Synchronizing object | GEO-native-regional-fracture-0-panel-59-section-10-band-0
Fra:1 Mem:30.08M (Peak 30.08M) | Time:00:00.01 | Mem:0.00M, Peak:0.00M | Scene, ViewLayer | Synchronizing object | GEO-native-regional-fracture-0-panel-71-section-2-band-2
Fra:1 Mem:30.08M (Peak 30.08M) | Time:00:00.01 | Mem:0.00M, Peak:0.00M | Scene, ViewLayer | Synchronizing object | GEO-native-regional-fracture-0-panel-59-section-10-band-1
Fra:1 Mem:30.08M (Peak 30.08M) | Time:00:00.01 | Mem:0.00M, Peak:0.00M | Scene, ViewLayer | Synchronizing object | GEO-native-regional-fracture-0-panel-71-section-1-band-2
Fra:1 Mem:30.08M (Peak 30.08M) | Time:00:00.01 | Mem:0.00M, Peak:0.00M | Scene, ViewLayer | Synchronizing object | GEO-native-regional-fracture-0-panel-65-section-0-band-0
Fra:1 Mem:30.08M (Peak 30.08M) | Time:00:00.01 | Mem:0.00M, Peak:0.00M | Scene, ViewLayer | Synchronizing object | GEO-native-regional-fracture-0-panel-71-section-1-band-1
Fra:1 Mem:30.08M (Peak 30.08M) | Time:00:00.01 | Mem:0.00M, Peak:0.00M | Scene, ViewLayer | Synchronizing object | GEO-native-regional-fracture-0-panel-65-section-1-band-0
Fra:1 Mem:30.08M (Peak 30.08M) | Time:00:00.01 | Mem:0.00M, Peak:0.00M | Scene, ViewLayer | Synchronizing object | GEO-native-regional-fracture-0-panel-70-section-3-band-0
Fra:1 Mem:30.08M (Peak 30.08M) | Time:00:00.01 | Mem:0.00M, Peak:0.00M | Scene, ViewLayer | Synchronizing object | GEO-native-regional-fracture-0-panel-65-section-2-band-0
Fra:1 Mem:30.08M (Peak 30.08M) | Time:00:00.01 | Mem:0.00M, Peak:0.00M | Scene, ViewLayer | Synchronizing object | GEO-native-regional-fracture-0-panel-70-section-2-band-0
Fra:1 Mem:30.08M (Peak 30.08M) | Time:00:00.01 | Mem:0.00M, Peak:0.00M | Scene, ViewLayer | Synchronizing object | GEO-native-regional-fracture-0-panel-68-section-1-band-0
Fra:1 Mem:30.09M (Peak 30.09M) | Time:00:00.01 | Mem:0.00M, Peak:0.00M | Scene, ViewLayer | Synchronizing object | GEO-native-regional-fracture-1-panel-69-section-5-band-2
Fra:1 Mem:30.09M (Peak 30.09M) | Time:00:00.01 | Mem:0.00M, Peak:0.00M | Scene, ViewLayer | Synchronizing object | GEO-native-regional-fracture-0-panel-68-section-2-band-0
Fra:1 Mem:30.09M (Peak 30.09M) | Time:00:00.01 | Mem:0.00M, Peak:0.00M | Scene, ViewLayer | Synchronizing object | GEO-native-regional-fracture-1-panel-69-section-5-band-1
Fra:1 Mem:30.09M (Peak 30.09M) | Time:00:00.01 | Mem:0.00M, Peak:0.00M | Scene, ViewLayer | Synchronizing object | GEO-native-regional-fracture-0-panel-68-section-2-band-1
Fra:1 Mem:30.09M (Peak 30.09M) | Time:00:00.01 | Mem:0.00M, Peak:0.00M | Scene, ViewLayer | Synchronizing object | GEO-native-regional-fracture-1-panel-69-section-4-band-2
Fra:1 Mem:30.09M (Peak 30.09M) | Time:00:00.01 | Mem:0.00M, Peak:0.00M | Scene, ViewLayer | Synchronizing object | GEO-native-regional-fracture-0-panel-68-section-2-band-2
Fra:1 Mem:30.09M (Peak 30.09M) | Time:00:00.01 | Mem:0.00M, Peak:0.00M | Scene, ViewLayer | Synchronizing object | GEO-native-regional-fracture-1-panel-69-section-4-band-1
Fra:1 Mem:30.09M (Peak 30.09M) | Time:00:00.01 | Mem:0.00M, Peak:0.00M | Scene, ViewLayer | Synchronizing object | GEO-native-regional-fracture-0-panel-68-section-3-band-0
Fra:1 Mem:30.09M (Peak 30.09M) | Time:00:00.01 | Mem:0.00M, Peak:0.00M | Scene, ViewLayer | Synchronizing object | GEO-native-regional-fracture-1-panel-69-section-3-band-2
Fra:1 Mem:30.09M (Peak 30.09M) | Time:00:00.01 | Mem:0.00M, Peak:0.00M | Scene, ViewLayer | Synchronizing object | GEO-native-regional-fracture-0-panel-68-section-3-band-1
Fra:1 Mem:30.10M (Peak 30.10M) | Time:00:00.01 | Mem:0.00M, Peak:0.00M | Scene, ViewLayer | Synchronizing object | GEO-native-regional-fracture-1-panel-69-section-3-band-1
Fra:1 Mem:30.10M (Peak 30.10M) | Time:00:00.01 | Mem:0.00M, Peak:0.00M | Scene, ViewLayer | Synchronizing object | GEO-native-regional-fracture-1-panel-69-section-2-band-1
Fra:1 Mem:30.10M (Peak 30.10M) | Time:00:00.01 | Mem:0.00M, Peak:0.00M | Scene, ViewLayer | Synchronizing object | GEO-native-regional-fracture-1-panel-69-section-2-band-2
Fra:1 Mem:30.10M (Peak 30.10M) | Time:00:00.01 | Mem:0.00M, Peak:0.00M | Scene, ViewLayer | Initializing
Fra:1 Mem:29.16M (Peak 30.10M) | Time:00:00.01 | Mem:0.00M, Peak:0.00M | Scene, ViewLayer | Updating Images | Loading Crystal9-material-0
Fra:1 Mem:29.16M (Peak 30.10M) | Time:00:00.01 | Mem:0.00M, Peak:0.00M | Scene, ViewLayer | Updating Images | Loading Crystal9-material-7
Fra:1 Mem:29.67M (Peak 30.10M) | Time:00:00.01 | Mem:0.25M, Peak:0.25M | Scene, ViewLayer | Updating Images | Loading Crystal9-material-6
Fra:1 Mem:29.92M (Peak 30.10M) | Time:00:00.01 | Mem:0.50M, Peak:0.50M | Scene, ViewLayer | Updating Images | Loading Crystal9-roughness-0
Fra:1 Mem:30.17M (Peak 30.17M) | Time:00:00.01 | Mem:0.75M, Peak:0.75M | Scene, ViewLayer | Updating Images | Loading Crystal9-material-5
Fra:1 Mem:30.42M (Peak 30.42M) | Time:00:00.01 | Mem:1.00M, Peak:1.00M | Scene, ViewLayer | Updating Images | Loading Crystal9-material-1
Fra:1 Mem:30.67M (Peak 30.67M) | Time:00:00.01 | Mem:1.25M, Peak:1.25M | Scene, ViewLayer | Updating Images | Loading Crystal9-material-4
Fra:1 Mem:30.92M (Peak 30.92M) | Time:00:00.01 | Mem:1.50M, Peak:1.50M | Scene, ViewLayer | Updating Images | Loading Crystal9-roughness-1
Fra:1 Mem:31.17M (Peak 31.17M) | Time:00:00.01 | Mem:1.75M, Peak:1.75M | Scene, ViewLayer | Updating Images | Loading Crystal9-material-3
Fra:1 Mem:31.42M (Peak 31.42M) | Time:00:00.01 | Mem:2.00M, Peak:2.00M | Scene, ViewLayer | Updating Images | Loading Crystal9-material-2
Fra:1 Mem:31.67M (Peak 31.67M) | Time:00:00.01 | Mem:2.25M, Peak:2.25M | Scene, ViewLayer | Updating Images | Loading Crystal9-roughness-2
Fra:1 Mem:24.73M (Peak 31.67M) | Time:00:00.01 | Mem:2.75M, Peak:2.75M | Scene, ViewLayer | Waiting for render to start
Fra:1 Mem:24.73M (Peak 31.67M) | Time:00:00.01 | Mem:2.75M, Peak:2.75M | Scene, ViewLayer | Loading render kernels (may take a few minutes the first time)
Fra:1 Mem:24.73M (Peak 31.67M) | Time:00:00.01 | Mem:2.75M, Peak:2.75M | Scene, ViewLayer | Updating Scene
Fra:1 Mem:24.73M (Peak 31.67M) | Time:00:00.01 | Mem:2.75M, Peak:2.75M | Scene, ViewLayer | Updating Shaders
Fra:1 Mem:24.82M (Peak 31.67M) | Time:00:00.01 | Mem:2.76M, Peak:2.76M | Scene, ViewLayer | Updating Procedurals
Fra:1 Mem:24.82M (Peak 31.67M) | Time:00:00.01 | Mem:2.76M, Peak:2.76M | Scene, ViewLayer | Updating Background
Fra:1 Mem:24.82M (Peak 31.67M) | Time:00:00.01 | Mem:2.76M, Peak:2.76M | Scene, ViewLayer | Updating Camera
Fra:1 Mem:24.82M (Peak 31.67M) | Time:00:00.01 | Mem:2.76M, Peak:2.76M | Scene, ViewLayer | Updating Meshes Flags
Fra:1 Mem:24.82M (Peak 31.67M) | Time:00:00.01 | Mem:2.76M, Peak:2.76M | Scene, ViewLayer | Updating Objects
Fra:1 Mem:24.82M (Peak 31.67M) | Time:00:00.01 | Mem:2.76M, Peak:2.76M | Scene, ViewLayer | Updating Objects | Copying Transformations to device
Fra:1 Mem:24.87M (Peak 31.67M) | Time:00:00.01 | Mem:2.81M, Peak:2.81M | Scene, ViewLayer | Updating Objects | Applying Static Transformations
Fra:1 Mem:24.87M (Peak 31.67M) | Time:00:00.01 | Mem:2.81M, Peak:2.81M | Scene, ViewLayer | Updating Particle Systems
Fra:1 Mem:24.87M (Peak 31.67M) | Time:00:00.01 | Mem:2.81M, Peak:2.81M | Scene, ViewLayer | Updating Particle Systems | Copying Particles to device
Fra:1 Mem:24.87M (Peak 31.67M) | Time:00:00.01 | Mem:2.81M, Peak:2.81M | Scene, ViewLayer | Updating Meshes
Fra:1 Mem:24.95M (Peak 31.67M) | Time:00:00.01 | Mem:2.81M, Peak:2.81M | Scene, ViewLayer | Updating Mesh | Computing attributes
Fra:1 Mem:25.22M (Peak 31.67M) | Time:00:00.01 | Mem:2.83M, Peak:2.83M | Scene, ViewLayer | Updating Mesh | Copying Attributes to device
Fra:1 Mem:25.17M (Peak 31.67M) | Time:00:00.01 | Mem:3.04M, Peak:3.04M | Scene, ViewLayer | Updating Scene BVH | Building
Fra:1 Mem:25.18M (Peak 31.67M) | Time:00:00.01 | Mem:3.04M, Peak:3.04M | Scene, ViewLayer | Updating Scene BVH | Building BVH
Fra:1 Mem:25.18M (Peak 31.67M) | Time:00:00.01 | Mem:3.18M, Peak:3.18M | Scene, ViewLayer | Updating Scene BVH | Building BVH 0%
Fra:1 Mem:25.18M (Peak 31.67M) | Time:00:00.02 | Mem:3.33M, Peak:3.48M | Scene, ViewLayer | Updating Scene BVH | Copying BVH to device
Fra:1 Mem:25.18M (Peak 31.67M) | Time:00:00.02 | Mem:3.33M, Peak:3.48M | Scene, ViewLayer | Updating Mesh | Computing normals
Fra:1 Mem:25.52M (Peak 31.67M) | Time:00:00.02 | Mem:3.33M, Peak:3.48M | Scene, ViewLayer | Updating Mesh | Copying Mesh to device
Fra:1 Mem:25.52M (Peak 31.67M) | Time:00:00.02 | Mem:3.67M, Peak:3.67M | Scene, ViewLayer | Updating Objects Flags
Fra:1 Mem:25.52M (Peak 31.67M) | Time:00:00.02 | Mem:3.68M, Peak:3.68M | Scene, ViewLayer | Updating Primitive Offsets
Fra:1 Mem:25.52M (Peak 31.67M) | Time:00:00.02 | Mem:3.68M, Peak:3.68M | Scene, ViewLayer | Updating Images
Fra:1 Mem:25.52M (Peak 31.67M) | Time:00:00.02 | Mem:3.68M, Peak:3.68M | Scene, ViewLayer | Updating Camera Volume
Fra:1 Mem:25.52M (Peak 31.67M) | Time:00:00.02 | Mem:3.68M, Peak:3.68M | Scene, ViewLayer | Updating Lookup Tables
Fra:1 Mem:25.52M (Peak 31.67M) | Time:00:00.02 | Mem:3.76M, Peak:3.76M | Scene, ViewLayer | Updating Lights
Fra:1 Mem:25.52M (Peak 31.67M) | Time:00:00.02 | Mem:3.76M, Peak:3.76M | Scene, ViewLayer | Updating Lights | Computing tree
Fra:1 Mem:25.65M (Peak 31.67M) | Time:00:00.02 | Mem:3.89M, Peak:3.89M | Scene, ViewLayer | Updating Integrator
Fra:1 Mem:25.65M (Peak 31.67M) | Time:00:00.02 | Mem:3.89M, Peak:3.89M | Scene, ViewLayer | Updating Film
Fra:1 Mem:25.65M (Peak 31.67M) | Time:00:00.02 | Mem:3.81M, Peak:3.89M | Scene, ViewLayer | Updating Lookup Tables
Fra:1 Mem:25.65M (Peak 31.67M) | Time:00:00.02 | Mem:3.89M, Peak:3.89M | Scene, ViewLayer | Updating Baking
Fra:1 Mem:25.65M (Peak 31.67M) | Time:00:00.02 | Mem:3.89M, Peak:3.89M | Scene, ViewLayer | Updating Device | Writing constant memory
Fra:1 Mem:25.66M (Peak 31.67M) | Time:00:00.02 | Mem:3.89M, Peak:3.89M | Scene, ViewLayer | Sample 0/32
Fra:1 Mem:25.87M (Peak 31.67M) | Time:00:00.02 | Remaining:00:00.11 | Mem:4.11M, Peak:4.11M | Scene, ViewLayer | Sample 1/32
Fra:1 Mem:25.97M (Peak 31.67M) | Time:00:00.12 | Mem:4.11M, Peak:4.11M | Scene, ViewLayer | Sample 32/32
Fra:1 Mem:25.97M (Peak 31.67M) | Time:00:00.12 | Mem:4.11M, Peak:4.11M | Scene, ViewLayer | Finished
Saved: '/root/sidereal_spacetime/output/playwright/planet-reference-20260914/crystal-moons-r008-parity/moon-1-native-two-sided-reference-scale.png'
Time: 00:00.12 (Saving: 00:00.00)

Fra:1 Mem:29.98M (Peak 29.98M) | Time:00:00.00 | Mem:0.00M, Peak:0.00M | Scene, ViewLayer | Synchronizing object | GEO-planets--crystal-moon-1-connected-crystalline-body
Fra:1 Mem:30.31M (Peak 30.31M) | Time:00:00.00 | Mem:0.00M, Peak:0.00M | Scene, ViewLayer | Synchronizing object | GEO-native-regional-fracture-2-panel-1-section-2-band-0
Fra:1 Mem:30.32M (Peak 30.32M) | Time:00:00.00 | Mem:0.00M, Peak:0.00M | Scene, ViewLayer | Synchronizing object | GEO-native-regional-fracture-2-panel-1-section-3-band-0
Fra:1 Mem:30.32M (Peak 30.32M) | Time:00:00.00 | Mem:0.00M, Peak:0.00M | Scene, ViewLayer | Synchronizing object | GEO-native-regional-fracture-2-panel-1-section-4-band-0
Fra:1 Mem:30.32M (Peak 30.32M) | Time:00:00.00 | Mem:0.00M, Peak:0.00M | Scene, ViewLayer | Synchronizing object | GEO-native-regional-fracture-2-panel-2-section-2-band-0
Fra:1 Mem:30.32M (Peak 30.32M) | Time:00:00.00 | Mem:0.00M, Peak:0.00M | Scene, ViewLayer | Synchronizing object | GEO-native-regional-fracture-2-panel-2-section-2-band-1
Fra:1 Mem:30.32M (Peak 30.32M) | Time:00:00.00 | Mem:0.00M, Peak:0.00M | Scene, ViewLayer | Synchronizing object | GEO-native-regional-fracture-2-panel-2-section-2-band-2
Fra:1 Mem:30.32M (Peak 30.32M) | Time:00:00.00 | Mem:0.00M, Peak:0.00M | Scene, ViewLayer | Synchronizing object | GEO-native-regional-fracture-2-panel-2-section-3-band-0
Fra:1 Mem:30.33M (Peak 30.33M) | Time:00:00.00 | Mem:0.00M, Peak:0.00M | Scene, ViewLayer | Synchronizing object | GEO-native-regional-fracture-2-panel-2-section-3-band-1
Fra:1 Mem:30.33M (Peak 30.33M) | Time:00:00.00 | Mem:0.00M, Peak:0.00M | Scene, ViewLayer | Synchronizing object | GEO-native-regional-fracture-2-panel-2-section-3-band-2
Fra:1 Mem:30.33M (Peak 30.33M) | Time:00:00.00 | Mem:0.00M, Peak:0.00M | Scene, ViewLayer | Synchronizing object | GEO-native-regional-fracture-2-panel-2-section-4-band-0
Fra:1 Mem:30.33M (Peak 30.33M) | Time:00:00.00 | Mem:0.00M, Peak:0.00M | Scene, ViewLayer | Synchronizing object | GEO-native-regional-fracture-2-panel-2-section-4-band-1
Fra:1 Mem:30.33M (Peak 30.33M) | Time:00:00.00 | Mem:0.00M, Peak:0.00M | Scene, ViewLayer | Synchronizing object | GEO-native-regional-fracture-2-panel-2-section-5-band-0
Fra:1 Mem:30.33M (Peak 30.33M) | Time:00:00.00 | Mem:0.00M, Peak:0.00M | Scene, ViewLayer | Synchronizing object | GEO-native-regional-fracture-2-panel-2-section-5-band-1
Fra:1 Mem:30.33M (Peak 30.33M) | Time:00:00.00 | Mem:0.00M, Peak:0.00M | Scene, ViewLayer | Synchronizing object | GEO-native-regional-fracture-2-panel-2-section-6-band-0
Fra:1 Mem:30.34M (Peak 30.34M) | Time:00:00.00 | Mem:0.00M, Peak:0.00M | Scene, ViewLayer | Synchronizing object | GEO-native-regional-fracture-2-panel-2-section-6-band-1
Fra:1 Mem:30.34M (Peak 30.34M) | Time:00:00.00 | Mem:0.00M, Peak:0.00M | Scene, ViewLayer | Synchronizing object | GEO-native-regional-fracture-2-panel-3-section-3-band-1
Fra:1 Mem:30.34M (Peak 30.34M) | Time:00:00.00 | Mem:0.00M, Peak:0.00M | Scene, ViewLayer | Synchronizing object | GEO-native-regional-fracture-2-panel-3-section-3-band-2
Fra:1 Mem:30.34M (Peak 30.34M) | Time:00:00.00 | Mem:0.00M, Peak:0.00M | Scene, ViewLayer | Synchronizing object | GEO-native-regional-fracture-2-panel-3-section-4-band-2
Fra:1 Mem:30.34M (Peak 30.34M) | Time:00:00.00 | Mem:0.00M, Peak:0.00M | Scene, ViewLayer | Synchronizing object | GEO-native-regional-fracture-2-panel-3-section-5-band-1
Fra:1 Mem:30.34M (Peak 30.34M) | Time:00:00.00 | Mem:0.00M, Peak:0.00M | Scene, ViewLayer | Synchronizing object | GEO-native-regional-fracture-2-panel-3-section-5-band-2
Fra:1 Mem:30.34M (Peak 30.34M) | Time:00:00.00 | Mem:0.00M, Peak:0.00M | Scene, ViewLayer | Synchronizing object | GEO-native-regional-fracture-2-panel-5-section-4-band-0
Fra:1 Mem:30.35M (Peak 30.35M) | Time:00:00.00 | Mem:0.00M, Peak:0.00M | Scene, ViewLayer | Synchronizing object | GEO-native-regional-fracture-2-panel-5-section-5-band-0
Fra:1 Mem:30.35M (Peak 30.35M) | Time:00:00.00 | Mem:0.00M, Peak:0.00M | Scene, ViewLayer | Synchronizing object | GEO-native-regional-fracture-2-panel-5-section-6-band-0
Fra:1 Mem:30.35M (Peak 30.35M) | Time:00:00.00 | Mem:0.00M, Peak:0.00M | Scene, ViewLayer | Synchronizing object | GEO-native-regional-fracture-2-panel-5-section-7-band-0
Fra:1 Mem:30.35M (Peak 30.35M) | Time:00:00.00 | Mem:0.00M, Peak:0.00M | Scene, ViewLayer | Synchronizing object | GEO-native-regional-fracture-2-panel-5-section-8-band-0
Fra:1 Mem:30.35M (Peak 30.35M) | Time:00:00.00 | Mem:0.00M, Peak:0.00M | Scene, ViewLayer | Synchronizing object | GEO-native-regional-fracture-2-panel-5-section-9-band-0
Fra:1 Mem:30.35M (Peak 30.35M) | Time:00:00.00 | Mem:0.00M, Peak:0.00M | Scene, ViewLayer | Synchronizing object | GEO-native-regional-fracture-2-panel-7-section-4-band-2
Fra:1 Mem:30.35M (Peak 30.35M) | Time:00:00.00 | Mem:0.00M, Peak:0.00M | Scene, ViewLayer | Synchronizing object | GEO-native-regional-fracture-2-panel-7-section-5-band-1
Fra:1 Mem:30.35M (Peak 30.35M) | Time:00:00.00 | Mem:0.00M, Peak:0.00M | Scene, ViewLayer | Synchronizing object | GEO-native-regional-fracture-2-panel-7-section-5-band-2
Fra:1 Mem:30.36M (Peak 30.36M) | Time:00:00.00 | Mem:0.00M, Peak:0.00M | Scene, ViewLayer | Synchronizing object | GEO-native-regional-fracture-2-panel-7-section-6-band-1
Fra:1 Mem:30.36M (Peak 30.36M) | Time:00:00.00 | Mem:0.00M, Peak:0.00M | Scene, ViewLayer | Synchronizing object | GEO-native-regional-fracture-2-panel-7-section-6-band-2
Fra:1 Mem:30.36M (Peak 30.36M) | Time:00:00.00 | Mem:0.00M, Peak:0.00M | Scene, ViewLayer | Synchronizing object | GEO-native-regional-fracture-2-panel-7-section-7-band-2
Fra:1 Mem:30.36M (Peak 30.36M) | Time:00:00.00 | Mem:0.00M, Peak:0.00M | Scene, ViewLayer | Synchronizing object | GEO-native-regional-fracture-2-panel-8-section-7-band-0
Fra:1 Mem:30.36M (Peak 30.36M) | Time:00:00.00 | Mem:0.00M, Peak:0.00M | Scene, ViewLayer | Synchronizing object | GEO-native-regional-fracture-2-panel-8-section-7-band-1
Fra:1 Mem:30.36M (Peak 30.36M) | Time:00:00.00 | Mem:0.00M, Peak:0.00M | Scene, ViewLayer | Synchronizing object | GEO-native-regional-fracture-2-panel-8-section-7-band-2
Fra:1 Mem:30.37M (Peak 30.37M) | Time:00:00.00 | Mem:0.00M, Peak:0.00M | Scene, ViewLayer | Synchronizing object | GEO-native-regional-fracture-2-panel-8-section-8-band-0
Fra:1 Mem:30.37M (Peak 30.37M) | Time:00:00.00 | Mem:0.00M, Peak:0.00M | Scene, ViewLayer | Synchronizing object | GEO-native-regional-fracture-2-panel-8-section-8-band-1
Fra:1 Mem:30.37M (Peak 30.37M) | Time:00:00.00 | Mem:0.00M, Peak:0.00M | Scene, ViewLayer | Synchronizing object | GEO-native-regional-fracture-2-panel-8-section-8-band-2
Fra:1 Mem:30.37M (Peak 30.37M) | Time:00:00.00 | Mem:0.00M, Peak:0.00M | Scene, ViewLayer | Synchronizing object | GEO-native-regional-fracture-2-panel-8-section-9-band-0
Fra:1 Mem:30.37M (Peak 30.37M) | Time:00:00.00 | Mem:0.00M, Peak:0.00M | Scene, ViewLayer | Synchronizing object | GEO-native-regional-fracture-2-panel-8-section-9-band-1
Fra:1 Mem:30.37M (Peak 30.37M) | Time:00:00.00 | Mem:0.00M, Peak:0.00M | Scene, ViewLayer | Synchronizing object | GEO-native-regional-fracture-2-panel-8-section-9-band-2
Fra:1 Mem:30.38M (Peak 30.38M) | Time:00:00.00 | Mem:0.00M, Peak:0.00M | Scene, ViewLayer | Synchronizing object | GEO-native-regional-fracture-2-panel-8-section-10-band-0
Fra:1 Mem:30.38M (Peak 30.38M) | Time:00:00.00 | Mem:0.00M, Peak:0.00M | Scene, ViewLayer | Synchronizing object | GEO-native-regional-fracture-2-panel-8-section-10-band-1
Fra:1 Mem:30.38M (Peak 30.38M) | Time:00:00.00 | Mem:0.00M, Peak:0.00M | Scene, ViewLayer | Synchronizing object | GEO-native-regional-fracture-2-panel-8-section-10-band-2
Fra:1 Mem:30.38M (Peak 30.38M) | Time:00:00.00 | Mem:0.00M, Peak:0.00M | Scene, ViewLayer | Synchronizing object | GEO-native-regional-fracture-1-panel-10-section-0-band-1
Fra:1 Mem:30.38M (Peak 30.38M) | Time:00:00.00 | Mem:0.00M, Peak:0.00M | Scene, ViewLayer | Synchronizing object | GEO-native-regional-fracture-1-panel-10-section-0-band-2
Fra:1 Mem:30.38M (Peak 30.38M) | Time:00:00.00 | Mem:0.00M, Peak:0.00M | Scene, ViewLayer | Synchronizing object | GEO-native-regional-fracture-1-panel-10-section-1-band-0
Fra:1 Mem:30.38M (Peak 30.38M) | Time:00:00.00 | Mem:0.00M, Peak:0.00M | Scene, ViewLayer | Synchronizing object | GEO-native-regional-fracture-1-panel-10-section-1-band-1
Fra:1 Mem:30.39M (Peak 30.39M) | Time:00:00.00 | Mem:0.00M, Peak:0.00M | Scene, ViewLayer | Synchronizing object | GEO-native-regional-fracture-1-panel-10-section-1-band-2
Fra:1 Mem:30.39M (Peak 30.39M) | Time:00:00.00 | Mem:0.00M, Peak:0.00M | Scene, ViewLayer | Synchronizing object | GEO-native-regional-fracture-1-panel-11-section-1-band-0
Fra:1 Mem:30.39M (Peak 30.39M) | Time:00:00.00 | Mem:0.00M, Peak:0.00M | Scene, ViewLayer | Synchronizing object | GEO-native-regional-fracture-1-panel-11-section-2-band-0
Fra:1 Mem:30.39M (Peak 30.39M) | Time:00:00.00 | Mem:0.00M, Peak:0.00M | Scene, ViewLayer | Synchronizing object | GEO-native-regional-fracture-1-panel-11-section-2-band-1
Fra:1 Mem:30.39M (Peak 30.39M) | Time:00:00.00 | Mem:0.00M, Peak:0.00M | Scene, ViewLayer | Synchronizing object | GEO-native-regional-fracture-1-panel-11-section-2-band-2
Fra:1 Mem:30.39M (Peak 30.39M) | Time:00:00.00 | Mem:0.00M, Peak:0.00M | Scene, ViewLayer | Synchronizing object | GEO-native-regional-fracture-2-panel-12-section-9-band-0
Fra:1 Mem:30.39M (Peak 30.39M) | Time:00:00.00 | Mem:0.00M, Peak:0.00M | Scene, ViewLayer | Synchronizing object | GEO-native-regional-fracture-2-panel-12-section-10-band-0
Fra:1 Mem:30.40M (Peak 30.40M) | Time:00:00.00 | Mem:0.00M, Peak:0.00M | Scene, ViewLayer | Synchronizing object | GEO-native-regional-fracture-2-panel-12-section-11-band-0
Fra:1 Mem:30.40M (Peak 30.40M) | Time:00:00.00 | Mem:0.00M, Peak:0.00M | Scene, ViewLayer | Synchronizing object | GEO-native-regional-fracture-2-panel-13-section-10-band-0
Fra:1 Mem:30.40M (Peak 30.40M) | Time:00:00.00 | Mem:0.00M, Peak:0.00M | Scene, ViewLayer | Synchronizing object | GEO-native-regional-fracture-2-panel-13-section-11-band-0
Fra:1 Mem:30.40M (Peak 30.40M) | Time:00:00.00 | Mem:0.00M, Peak:0.00M | Scene, ViewLayer | Synchronizing object | GEO-native-regional-fracture-2-panel-13-section-11-band-1
Fra:1 Mem:30.40M (Peak 30.40M) | Time:00:00.00 | Mem:0.00M, Peak:0.00M | Scene, ViewLayer | Synchronizing object | GEO-native-regional-fracture-1-panel-22-section-11-band-0
Fra:1 Mem:30.40M (Peak 30.40M) | Time:00:00.00 | Mem:0.00M, Peak:0.00M | Scene, ViewLayer | Synchronizing object | GEO-native-regional-fracture-1-panel-22-section-11-band-1
Fra:1 Mem:30.41M (Peak 30.41M) | Time:00:00.00 | Mem:0.00M, Peak:0.00M | Scene, ViewLayer | Synchronizing object | GEO-native-regional-fracture-1-panel-22-section-11-band-2
Fra:1 Mem:30.41M (Peak 30.41M) | Time:00:00.00 | Mem:0.00M, Peak:0.00M | Scene, ViewLayer | Synchronizing object | GEO-native-regional-fracture-0-panel-23-section-2-band-2
Fra:1 Mem:30.41M (Peak 30.41M) | Time:00:00.01 | Mem:0.00M, Peak:0.00M | Scene, ViewLayer | Synchronizing object | GEO-native-regional-fracture-0-panel-23-section-3-band-1
Fra:1 Mem:30.41M (Peak 30.41M) | Time:00:00.01 | Mem:0.00M, Peak:0.00M | Scene, ViewLayer | Synchronizing object | GEO-native-regional-fracture-0-panel-23-section-3-band-2
Fra:1 Mem:30.41M (Peak 30.41M) | Time:00:00.01 | Mem:0.00M, Peak:0.00M | Scene, ViewLayer | Synchronizing object | GEO-native-regional-fracture-0-panel-23-section-4-band-2
Fra:1 Mem:30.41M (Peak 30.41M) | Time:00:00.01 | Mem:0.00M, Peak:0.00M | Scene, ViewLayer | Synchronizing object | GEO-native-regional-fracture-0-panel-23-section-5-band-1
Fra:1 Mem:30.42M (Peak 30.42M) | Time:00:00.01 | Mem:0.00M, Peak:0.00M | Scene, ViewLayer | Synchronizing object | GEO-native-regional-fracture-0-panel-23-section-5-band-2
Fra:1 Mem:30.42M (Peak 30.42M) | Time:00:00.01 | Mem:0.00M, Peak:0.00M | Scene, ViewLayer | Synchronizing object | GEO-native-regional-fracture-0-panel-23-section-6-band-1
Fra:1 Mem:30.42M (Peak 30.42M) | Time:00:00.01 | Mem:0.00M, Peak:0.00M | Scene, ViewLayer | Synchronizing object | GEO-native-regional-fracture-0-panel-23-section-6-band-2
Fra:1 Mem:30.42M (Peak 30.42M) | Time:00:00.01 | Mem:0.00M, Peak:0.00M | Scene, ViewLayer | Synchronizing object | GEO-native-regional-fracture-1-panel-24-section-10-band-0
Fra:1 Mem:30.42M (Peak 30.42M) | Time:00:00.01 | Mem:0.00M, Peak:0.00M | Scene, ViewLayer | Synchronizing object | GEO-native-regional-fracture-1-panel-24-section-10-band-1
Fra:1 Mem:30.42M (Peak 30.42M) | Time:00:00.01 | Mem:0.00M, Peak:0.00M | Scene, ViewLayer | Synchronizing object | GEO-native-regional-fracture-1-panel-24-section-10-band-2
Fra:1 Mem:30.42M (Peak 30.42M) | Time:00:00.01 | Mem:0.00M, Peak:0.00M | Scene, ViewLayer | Synchronizing object | GEO-native-regional-fracture-1-panel-24-section-11-band-0
Fra:1 Mem:30.43M (Peak 30.43M) | Time:00:00.01 | Mem:0.00M, Peak:0.00M | Scene, ViewLayer | Synchronizing object | GEO-native-regional-fracture-1-panel-24-section-11-band-1
Fra:1 Mem:30.43M (Peak 30.43M) | Time:00:00.01 | Mem:0.00M, Peak:0.00M | Scene, ViewLayer | Synchronizing object | GEO-native-regional-fracture-1-panel-24-section-11-band-2
Fra:1 Mem:30.43M (Peak 30.43M) | Time:00:00.01 | Mem:0.00M, Peak:0.00M | Scene, ViewLayer | Synchronizing object | GEO-native-regional-fracture-1-panel-25-section-10-band-2
Fra:1 Mem:30.43M (Peak 30.43M) | Time:00:00.01 | Mem:0.00M, Peak:0.00M | Scene, ViewLayer | Synchronizing object | GEO-native-regional-fracture-1-panel-25-section-11-band-2
Fra:1 Mem:30.43M (Peak 30.43M) | Time:00:00.01 | Mem:0.00M, Peak:0.00M | Scene, ViewLayer | Synchronizing object | GEO-native-regional-fracture-0-panel-26-section-6-band-0
Fra:1 Mem:30.43M (Peak 30.43M) | Time:00:00.01 | Mem:0.00M, Peak:0.00M | Scene, ViewLayer | Synchronizing object | GEO-native-regional-fracture-0-panel-26-section-6-band-1
Fra:1 Mem:30.43M (Peak 30.43M) | Time:00:00.01 | Mem:0.00M, Peak:0.00M | Scene, ViewLayer | Synchronizing object | GEO-native-regional-fracture-0-panel-26-section-6-band-2
Fra:1 Mem:30.44M (Peak 30.44M) | Time:00:00.01 | Mem:0.00M, Peak:0.00M | Scene, ViewLayer | Synchronizing object | GEO-native-regional-fracture-0-panel-26-section-7-band-1
Fra:1 Mem:30.44M (Peak 30.44M) | Time:00:00.01 | Mem:0.00M, Peak:0.00M | Scene, ViewLayer | Synchronizing object | GEO-native-regional-fracture-0-panel-26-section-7-band-2
Fra:1 Mem:30.44M (Peak 30.44M) | Time:00:00.01 | Mem:0.00M, Peak:0.00M | Scene, ViewLayer | Synchronizing object | GEO-native-regional-fracture-0-panel-26-section-8-band-1
Fra:1 Mem:30.44M (Peak 30.44M) | Time:00:00.01 | Mem:0.00M, Peak:0.00M | Scene, ViewLayer | Synchronizing object | GEO-native-regional-fracture-0-panel-26-section-8-band-2
Fra:1 Mem:30.44M (Peak 30.44M) | Time:00:00.01 | Mem:0.00M, Peak:0.00M | Scene, ViewLayer | Synchronizing object | GEO-native-regional-fracture-0-panel-26-section-9-band-2
Fra:1 Mem:30.44M (Peak 30.44M) | Time:00:00.01 | Mem:0.00M, Peak:0.00M | Scene, ViewLayer | Synchronizing object | GEO-native-regional-fracture-0-panel-26-section-10-band-1
Fra:1 Mem:30.45M (Peak 30.45M) | Time:00:00.01 | Mem:0.00M, Peak:0.00M | Scene, ViewLayer | Synchronizing object | GEO-native-regional-fracture-0-panel-85-section-11-band-2
Fra:1 Mem:30.45M (Peak 30.45M) | Time:00:00.01 | Mem:0.00M, Peak:0.00M | Scene, ViewLayer | Synchronizing object | GEO-native-regional-fracture-0-panel-26-section-10-band-2
Fra:1 Mem:30.45M (Peak 30.45M) | Time:00:00.01 | Mem:0.00M, Peak:0.00M | Scene, ViewLayer | Synchronizing object | GEO-native-regional-fracture-0-panel-27-section-2-band-0
Fra:1 Mem:30.45M (Peak 30.45M) | Time:00:00.01 | Mem:0.00M, Peak:0.00M | Scene, ViewLayer | Synchronizing object | GEO-native-regional-fracture-0-panel-85-section-11-band-1
Fra:1 Mem:30.45M (Peak 30.45M) | Time:00:00.01 | Mem:0.00M, Peak:0.00M | Scene, ViewLayer | Synchronizing object | GEO-native-regional-fracture-0-panel-27-section-2-band-1
Fra:1 Mem:30.45M (Peak 30.45M) | Time:00:00.01 | Mem:0.00M, Peak:0.00M | Scene, ViewLayer | Synchronizing object | GEO-native-regional-fracture-0-panel-85-section-10-band-1
Fra:1 Mem:30.45M (Peak 30.45M) | Time:00:00.01 | Mem:0.00M, Peak:0.00M | Scene, ViewLayer | Synchronizing object | GEO-native-regional-fracture-0-panel-27-section-3-band-0
Fra:1 Mem:30.45M (Peak 30.45M) | Time:00:00.01 | Mem:0.00M, Peak:0.00M | Scene, ViewLayer | Synchronizing object | GEO-native-regional-fracture-0-panel-85-section-10-band-0
Fra:1 Mem:30.45M (Peak 30.45M) | Time:00:00.01 | Mem:0.00M, Peak:0.00M | Scene, ViewLayer | Synchronizing object | GEO-native-regional-fracture-0-panel-27-section-3-band-1
Fra:1 Mem:30.45M (Peak 30.45M) | Time:00:00.01 | Mem:0.00M, Peak:0.00M | Scene, ViewLayer | Synchronizing object | GEO-native-regional-fracture-1-panel-84-section-10-band-2
Fra:1 Mem:30.45M (Peak 30.45M) | Time:00:00.01 | Mem:0.00M, Peak:0.00M | Scene, ViewLayer | Synchronizing object | GEO-native-regional-fracture-0-panel-27-section-4-band-1
Fra:1 Mem:30.45M (Peak 30.45M) | Time:00:00.01 | Mem:0.00M, Peak:0.00M | Scene, ViewLayer | Synchronizing object | GEO-native-regional-fracture-1-panel-84-section-10-band-1
Fra:1 Mem:30.46M (Peak 30.46M) | Time:00:00.01 | Mem:0.00M, Peak:0.00M | Scene, ViewLayer | Synchronizing object | GEO-native-regional-fracture-0-panel-27-section-4-band-2
Fra:1 Mem:30.46M (Peak 30.46M) | Time:00:00.01 | Mem:0.00M, Peak:0.00M | Scene, ViewLayer | Synchronizing object | GEO-native-regional-fracture-1-panel-84-section-10-band-0
Fra:1 Mem:30.46M (Peak 30.46M) | Time:00:00.01 | Mem:0.00M, Peak:0.00M | Scene, ViewLayer | Synchronizing object | GEO-native-regional-fracture-0-panel-27-section-5-band-1
Fra:1 Mem:30.46M (Peak 30.46M) | Time:00:00.01 | Mem:0.00M, Peak:0.00M | Scene, ViewLayer | Synchronizing object | GEO-native-regional-fracture-1-panel-83-section-11-band-0
Fra:1 Mem:30.46M (Peak 30.46M) | Time:00:00.01 | Mem:0.00M, Peak:0.00M | Scene, ViewLayer | Synchronizing object | GEO-native-regional-fracture-0-panel-27-section-6-band-0
Fra:1 Mem:30.46M (Peak 30.46M) | Time:00:00.01 | Mem:0.00M, Peak:0.00M | Scene, ViewLayer | Synchronizing object | GEO-native-regional-fracture-1-panel-83-section-10-band-0
Fra:1 Mem:30.46M (Peak 30.46M) | Time:00:00.01 | Mem:0.00M, Peak:0.00M | Scene, ViewLayer | Synchronizing object | GEO-native-regional-fracture-0-panel-27-section-6-band-1
Fra:1 Mem:30.46M (Peak 30.46M) | Time:00:00.01 | Mem:0.00M, Peak:0.00M | Scene, ViewLayer | Synchronizing object | GEO-native-regional-fracture-0-panel-81-section-11-band-2
Fra:1 Mem:30.46M (Peak 30.46M) | Time:00:00.01 | Mem:0.00M, Peak:0.00M | Scene, ViewLayer | Synchronizing object | GEO-native-regional-fracture-2-panel-29-section-1-band-0
Fra:1 Mem:30.46M (Peak 30.46M) | Time:00:00.01 | Mem:0.00M, Peak:0.00M | Scene, ViewLayer | Synchronizing object | GEO-native-regional-fracture-0-panel-81-section-11-band-1
Fra:1 Mem:30.47M (Peak 30.47M) | Time:00:00.01 | Mem:0.00M, Peak:0.00M | Scene, ViewLayer | Synchronizing object | GEO-native-regional-fracture-2-panel-29-section-2-band-0
Fra:1 Mem:30.47M (Peak 30.47M) | Time:00:00.01 | Mem:0.00M, Peak:0.00M | Scene, ViewLayer | Synchronizing object | GEO-native-regional-fracture-0-panel-81-section-11-band-0
Fra:1 Mem:30.47M (Peak 30.47M) | Time:00:00.01 | Mem:0.00M, Peak:0.00M | Scene, ViewLayer | Synchronizing object | GEO-native-regional-fracture-2-panel-29-section-2-band-1
Fra:1 Mem:30.47M (Peak 30.47M) | Time:00:00.01 | Mem:0.00M, Peak:0.00M | Scene, ViewLayer | Synchronizing object | GEO-native-regional-fracture-1-panel-80-section-8-band-2
Fra:1 Mem:30.47M (Peak 30.47M) | Time:00:00.01 | Mem:0.00M, Peak:0.00M | Scene, ViewLayer | Synchronizing object | GEO-native-regional-fracture-2-panel-30-section-1-band-0
Fra:1 Mem:30.47M (Peak 30.47M) | Time:00:00.01 | Mem:0.00M, Peak:0.00M | Scene, ViewLayer | Synchronizing object | GEO-native-regional-fracture-1-panel-80-section-7-band-2
Fra:1 Mem:30.47M (Peak 30.47M) | Time:00:00.01 | Mem:0.00M, Peak:0.00M | Scene, ViewLayer | Synchronizing object | GEO-native-regional-fracture-2-panel-30-section-1-band-1
Fra:1 Mem:30.47M (Peak 30.47M) | Time:00:00.01 | Mem:0.00M, Peak:0.00M | Scene, ViewLayer | Synchronizing object | GEO-native-regional-fracture-1-panel-80-section-6-band-2
Fra:1 Mem:30.47M (Peak 30.47M) | Time:00:00.01 | Mem:0.00M, Peak:0.00M | Scene, ViewLayer | Synchronizing object | GEO-native-regional-fracture-2-panel-30-section-1-band-2
Fra:1 Mem:30.47M (Peak 30.47M) | Time:00:00.01 | Mem:0.00M, Peak:0.00M | Scene, ViewLayer | Synchronizing object | GEO-native-regional-fracture-1-panel-80-section-6-band-1
Fra:1 Mem:30.48M (Peak 30.48M) | Time:00:00.01 | Mem:0.00M, Peak:0.00M | Scene, ViewLayer | Synchronizing object | GEO-native-regional-fracture-2-panel-30-section-2-band-0
Fra:1 Mem:30.48M (Peak 30.48M) | Time:00:00.01 | Mem:0.00M, Peak:0.00M | Scene, ViewLayer | Synchronizing object | GEO-native-regional-fracture-1-panel-80-section-5-band-2
Fra:1 Mem:30.48M (Peak 30.48M) | Time:00:00.01 | Mem:0.00M, Peak:0.00M | Scene, ViewLayer | Synchronizing object | GEO-native-regional-fracture-2-panel-30-section-2-band-1
Fra:1 Mem:30.48M (Peak 30.48M) | Time:00:00.01 | Mem:0.00M, Peak:0.00M | Scene, ViewLayer | Synchronizing object | GEO-native-regional-fracture-1-panel-80-section-5-band-1
Fra:1 Mem:30.48M (Peak 30.48M) | Time:00:00.01 | Mem:0.00M, Peak:0.00M | Scene, ViewLayer | Synchronizing object | GEO-native-regional-fracture-2-panel-30-section-2-band-2
Fra:1 Mem:30.48M (Peak 30.48M) | Time:00:00.01 | Mem:0.00M, Peak:0.00M | Scene, ViewLayer | Synchronizing object | GEO-native-regional-fracture-1-panel-79-section-8-band-2
Fra:1 Mem:30.48M (Peak 30.48M) | Time:00:00.01 | Mem:0.00M, Peak:0.00M | Scene, ViewLayer | Synchronizing object | GEO-native-regional-fracture-2-panel-30-section-3-band-2
Fra:1 Mem:30.48M (Peak 30.48M) | Time:00:00.01 | Mem:0.00M, Peak:0.00M | Scene, ViewLayer | Synchronizing object | GEO-native-regional-fracture-1-panel-79-section-8-band-1
Fra:1 Mem:30.48M (Peak 30.48M) | Time:00:00.01 | Mem:0.00M, Peak:0.00M | Scene, ViewLayer | Synchronizing object | GEO-native-regional-fracture-2-panel-32-section-0-band-0
Fra:1 Mem:30.48M (Peak 30.48M) | Time:00:00.01 | Mem:0.00M, Peak:0.00M | Scene, ViewLayer | Synchronizing object | GEO-native-regional-fracture-1-panel-79-section-8-band-0
Fra:1 Mem:30.48M (Peak 30.48M) | Time:00:00.01 | Mem:0.00M, Peak:0.00M | Scene, ViewLayer | Synchronizing object | GEO-native-regional-fracture-2-panel-32-section-1-band-0
Fra:1 Mem:30.48M (Peak 30.48M) | Time:00:00.01 | Mem:0.00M, Peak:0.00M | Scene, ViewLayer | Synchronizing object | GEO-native-regional-fracture-1-panel-79-section-7-band-2
Fra:1 Mem:30.49M (Peak 30.49M) | Time:00:00.01 | Mem:0.00M, Peak:0.00M | Scene, ViewLayer | Synchronizing object | GEO-native-regional-fracture-2-panel-33-section-0-band-0
Fra:1 Mem:30.49M (Peak 30.49M) | Time:00:00.01 | Mem:0.00M, Peak:0.00M | Scene, ViewLayer | Synchronizing object | GEO-native-regional-fracture-1-panel-79-section-7-band-1
Fra:1 Mem:30.49M (Peak 30.49M) | Time:00:00.01 | Mem:0.00M, Peak:0.00M | Scene, ViewLayer | Synchronizing object | GEO-native-regional-fracture-2-panel-33-section-0-band-1
Fra:1 Mem:30.49M (Peak 30.49M) | Time:00:00.01 | Mem:0.00M, Peak:0.00M | Scene, ViewLayer | Synchronizing object | GEO-native-regional-fracture-1-panel-79-section-7-band-0
Fra:1 Mem:30.49M (Peak 30.49M) | Time:00:00.01 | Mem:0.00M, Peak:0.00M | Scene, ViewLayer | Synchronizing object | GEO-native-regional-fracture-2-panel-33-section-0-band-2
Fra:1 Mem:30.49M (Peak 30.49M) | Time:00:00.01 | Mem:0.00M, Peak:0.00M | Scene, ViewLayer | Synchronizing object | GEO-native-regional-fracture-1-panel-79-section-6-band-1
Fra:1 Mem:30.49M (Peak 30.49M) | Time:00:00.01 | Mem:0.00M, Peak:0.00M | Scene, ViewLayer | Synchronizing object | GEO-native-regional-fracture-2-panel-33-section-1-band-0
Fra:1 Mem:30.49M (Peak 30.49M) | Time:00:00.01 | Mem:0.00M, Peak:0.00M | Scene, ViewLayer | Synchronizing object | GEO-native-regional-fracture-1-panel-79-section-6-band-0
Fra:1 Mem:30.49M (Peak 30.49M) | Time:00:00.01 | Mem:0.00M, Peak:0.00M | Scene, ViewLayer | Synchronizing object | GEO-native-regional-fracture-2-panel-33-section-1-band-1
Fra:1 Mem:30.49M (Peak 30.49M) | Time:00:00.01 | Mem:0.00M, Peak:0.00M | Scene, ViewLayer | Synchronizing object | GEO-native-regional-fracture-1-panel-79-section-5-band-1
Fra:1 Mem:30.49M (Peak 30.49M) | Time:00:00.01 | Mem:0.00M, Peak:0.00M | Scene, ViewLayer | Synchronizing object | GEO-native-regional-fracture-2-panel-33-section-1-band-2
Fra:1 Mem:30.49M (Peak 30.49M) | Time:00:00.01 | Mem:0.00M, Peak:0.00M | Scene, ViewLayer | Synchronizing object | GEO-native-regional-fracture-1-panel-79-section-5-band-0
Fra:1 Mem:30.50M (Peak 30.50M) | Time:00:00.01 | Mem:0.00M, Peak:0.00M | Scene, ViewLayer | Synchronizing object | GEO-native-regional-fracture-2-panel-33-section-2-band-2
Fra:1 Mem:30.50M (Peak 30.50M) | Time:00:00.01 | Mem:0.00M, Peak:0.00M | Scene, ViewLayer | Synchronizing object | GEO-native-regional-fracture-0-panel-78-section-11-band-2
Fra:1 Mem:30.50M (Peak 30.50M) | Time:00:00.01 | Mem:0.00M, Peak:0.00M | Scene, ViewLayer | Synchronizing object | GEO-native-regional-fracture-2-panel-34-section-1-band-2
Fra:1 Mem:30.50M (Peak 30.50M) | Time:00:00.01 | Mem:0.00M, Peak:0.00M | Scene, ViewLayer | Synchronizing object | GEO-native-regional-fracture-0-panel-78-section-11-band-1
Fra:1 Mem:30.50M (Peak 30.50M) | Time:00:00.01 | Mem:0.00M, Peak:0.00M | Scene, ViewLayer | Synchronizing object | GEO-native-regional-fracture-2-panel-34-section-2-band-2
Fra:1 Mem:30.50M (Peak 30.50M) | Time:00:00.01 | Mem:0.00M, Peak:0.00M | Scene, ViewLayer | Synchronizing object | GEO-native-regional-fracture-0-panel-78-section-11-band-0
Fra:1 Mem:30.50M (Peak 30.50M) | Time:00:00.01 | Mem:0.00M, Peak:0.00M | Scene, ViewLayer | Synchronizing object | GEO-native-regional-fracture-2-panel-34-section-3-band-2
Fra:1 Mem:30.50M (Peak 30.50M) | Time:00:00.01 | Mem:0.00M, Peak:0.00M | Scene, ViewLayer | Synchronizing object | GEO-native-regional-fracture-1-panel-76-section-5-band-1
Fra:1 Mem:30.51M (Peak 30.51M) | Time:00:00.01 | Mem:0.00M, Peak:0.00M | Scene, ViewLayer | Synchronizing object | GEO-native-regional-fracture-2-panel-34-section-4-band-2
Fra:1 Mem:30.51M (Peak 30.51M) | Time:00:00.01 | Mem:0.00M, Peak:0.00M | Scene, ViewLayer | Synchronizing object | GEO-native-regional-fracture-1-panel-76-section-5-band-0
Fra:1 Mem:30.51M (Peak 30.51M) | Time:00:00.01 | Mem:0.00M, Peak:0.00M | Scene, ViewLayer | Synchronizing object | GEO-native-regional-fracture-1-panel-41-section-11-band-0
Fra:1 Mem:30.51M (Peak 30.51M) | Time:00:00.01 | Mem:0.00M, Peak:0.00M | Scene, ViewLayer | Synchronizing object | GEO-native-regional-fracture-1-panel-76-section-4-band-2
Fra:1 Mem:30.51M (Peak 30.51M) | Time:00:00.01 | Mem:0.00M, Peak:0.00M | Scene, ViewLayer | Synchronizing object | GEO-native-regional-fracture-1-panel-41-section-11-band-1
Fra:1 Mem:30.51M (Peak 30.51M) | Time:00:00.01 | Mem:0.00M, Peak:0.00M | Scene, ViewLayer | Synchronizing object | GEO-native-regional-fracture-1-panel-76-section-4-band-1
Fra:1 Mem:30.51M (Peak 30.51M) | Time:00:00.01 | Mem:0.00M, Peak:0.00M | Scene, ViewLayer | Synchronizing object | GEO-native-regional-fracture-1-panel-41-section-11-band-2
Fra:1 Mem:30.52M (Peak 30.52M) | Time:00:00.01 | Mem:0.00M, Peak:0.00M | Scene, ViewLayer | Synchronizing object | GEO-native-regional-fracture-1-panel-76-section-4-band-0
Fra:1 Mem:30.52M (Peak 30.52M) | Time:00:00.01 | Mem:0.00M, Peak:0.00M | Scene, ViewLayer | Synchronizing object | GEO-native-regional-fracture-2-panel-43-section-11-band-1
Fra:1 Mem:30.52M (Peak 30.52M) | Time:00:00.01 | Mem:0.00M, Peak:0.00M | Scene, ViewLayer | Synchronizing object | GEO-native-regional-fracture-1-panel-76-section-3-band-1
Fra:1 Mem:30.52M (Peak 30.52M) | Time:00:00.01 | Mem:0.00M, Peak:0.00M | Scene, ViewLayer | Synchronizing object | GEO-native-regional-fracture-2-panel-43-section-11-band-2
Fra:1 Mem:30.52M (Peak 30.52M) | Time:00:00.01 | Mem:0.00M, Peak:0.00M | Scene, ViewLayer | Synchronizing object | GEO-native-regional-fracture-1-panel-76-section-3-band-0
Fra:1 Mem:30.52M (Peak 30.52M) | Time:00:00.01 | Mem:0.00M, Peak:0.00M | Scene, ViewLayer | Synchronizing object | GEO-native-regional-fracture-2-panel-44-section-11-band-0
Fra:1 Mem:30.52M (Peak 30.52M) | Time:00:00.01 | Mem:0.00M, Peak:0.00M | Scene, ViewLayer | Synchronizing object | GEO-native-regional-fracture-1-panel-75-section-6-band-0
Fra:1 Mem:30.52M (Peak 30.52M) | Time:00:00.01 | Mem:0.00M, Peak:0.00M | Scene, ViewLayer | Synchronizing object | GEO-native-regional-fracture-2-panel-44-section-11-band-1
Fra:1 Mem:30.52M (Peak 30.52M) | Time:00:00.01 | Mem:0.00M, Peak:0.00M | Scene, ViewLayer | Synchronizing object | GEO-native-regional-fracture-1-panel-75-section-5-band-0
Fra:1 Mem:30.52M (Peak 30.52M) | Time:00:00.01 | Mem:0.00M, Peak:0.00M | Scene, ViewLayer | Synchronizing object | GEO-native-regional-fracture-2-panel-44-section-11-band-2
Fra:1 Mem:30.53M (Peak 30.53M) | Time:00:00.01 | Mem:0.00M, Peak:0.00M | Scene, ViewLayer | Synchronizing object | GEO-native-regional-fracture-1-panel-75-section-4-band-0
Fra:1 Mem:30.53M (Peak 30.53M) | Time:00:00.01 | Mem:0.00M, Peak:0.00M | Scene, ViewLayer | Synchronizing object | GEO-native-regional-fracture-2-panel-47-section-10-band-2
Fra:1 Mem:30.53M (Peak 30.53M) | Time:00:00.01 | Mem:0.00M, Peak:0.00M | Scene, ViewLayer | Synchronizing object | GEO-native-regional-fracture-1-panel-75-section-3-band-0
Fra:1 Mem:30.53M (Peak 30.53M) | Time:00:00.01 | Mem:0.00M, Peak:0.00M | Scene, ViewLayer | Synchronizing object | GEO-native-regional-fracture-2-panel-47-section-11-band-1
Fra:1 Mem:30.53M (Peak 30.53M) | Time:00:00.01 | Mem:0.00M, Peak:0.00M | Scene, ViewLayer | Synchronizing object | GEO-native-regional-fracture-0-panel-74-section-11-band-2
Fra:1 Mem:30.53M (Peak 30.53M) | Time:00:00.01 | Mem:0.00M, Peak:0.00M | Scene, ViewLayer | Synchronizing object | GEO-native-regional-fracture-2-panel-47-section-11-band-2
Fra:1 Mem:30.53M (Peak 30.53M) | Time:00:00.01 | Mem:0.00M, Peak:0.00M | Scene, ViewLayer | Synchronizing object | GEO-native-regional-fracture-0-panel-74-section-11-band-1
Fra:1 Mem:30.53M (Peak 30.53M) | Time:00:00.01 | Mem:0.00M, Peak:0.00M | Scene, ViewLayer | Synchronizing object | GEO-native-regional-fracture-0-panel-48-section-2-band-0
Fra:1 Mem:30.53M (Peak 30.53M) | Time:00:00.01 | Mem:0.00M, Peak:0.00M | Scene, ViewLayer | Synchronizing object | GEO-native-regional-fracture-0-panel-74-section-10-band-2
Fra:1 Mem:30.53M (Peak 30.53M) | Time:00:00.01 | Mem:0.00M, Peak:0.00M | Scene, ViewLayer | Synchronizing object | GEO-native-regional-fracture-0-panel-48-section-3-band-0
Fra:1 Mem:30.53M (Peak 30.53M) | Time:00:00.01 | Mem:0.00M, Peak:0.00M | Scene, ViewLayer | Synchronizing object | GEO-native-regional-fracture-1-panel-73-section-3-band-1
Fra:1 Mem:30.54M (Peak 30.54M) | Time:00:00.01 | Mem:0.00M, Peak:0.00M | Scene, ViewLayer | Synchronizing object | GEO-native-regional-fracture-0-panel-48-section-4-band-0
Fra:1 Mem:30.54M (Peak 30.54M) | Time:00:00.01 | Mem:0.00M, Peak:0.00M | Scene, ViewLayer | Synchronizing object | GEO-native-regional-fracture-1-panel-73-section-3-band-0
Fra:1 Mem:30.54M (Peak 30.54M) | Time:00:00.01 | Mem:0.00M, Peak:0.00M | Scene, ViewLayer | Synchronizing object | GEO-native-regional-fracture-0-panel-48-section-4-band-1
Fra:1 Mem:30.54M (Peak 30.54M) | Time:00:00.01 | Mem:0.00M, Peak:0.00M | Scene, ViewLayer | Synchronizing object | GEO-native-regional-fracture-1-panel-73-section-2-band-1
Fra:1 Mem:30.54M (Peak 30.54M) | Time:00:00.01 | Mem:0.00M, Peak:0.00M | Scene, ViewLayer | Synchronizing object | GEO-native-regional-fracture-1-panel-52-section-5-band-2
Fra:1 Mem:30.54M (Peak 30.54M) | Time:00:00.01 | Mem:0.00M, Peak:0.00M | Scene, ViewLayer | Synchronizing object | GEO-native-regional-fracture-1-panel-73-section-2-band-0
Fra:1 Mem:30.54M (Peak 30.54M) | Time:00:00.01 | Mem:0.00M, Peak:0.00M | Scene, ViewLayer | Synchronizing object | GEO-native-regional-fracture-1-panel-52-section-6-band-2
Fra:1 Mem:30.54M (Peak 30.54M) | Time:00:00.01 | Mem:0.00M, Peak:0.00M | Scene, ViewLayer | Synchronizing object | GEO-native-regional-fracture-0-panel-71-section-2-band-2
Fra:1 Mem:30.55M (Peak 30.55M) | Time:00:00.01 | Mem:0.00M, Peak:0.00M | Scene, ViewLayer | Synchronizing object | GEO-native-regional-fracture-1-panel-52-section-7-band-2
Fra:1 Mem:30.55M (Peak 30.55M) | Time:00:00.01 | Mem:0.00M, Peak:0.00M | Scene, ViewLayer | Synchronizing object | GEO-native-regional-fracture-0-panel-71-section-1-band-2
Fra:1 Mem:30.55M (Peak 30.55M) | Time:00:00.01 | Mem:0.00M, Peak:0.00M | Scene, ViewLayer | Synchronizing object | GEO-native-regional-fracture-0-panel-53-section-3-band-0
Fra:1 Mem:30.55M (Peak 30.55M) | Time:00:00.01 | Mem:0.00M, Peak:0.00M | Scene, ViewLayer | Synchronizing object | GEO-native-regional-fracture-0-panel-71-section-1-band-1
Fra:1 Mem:30.55M (Peak 30.55M) | Time:00:00.01 | Mem:0.00M, Peak:0.00M | Scene, ViewLayer | Synchronizing object | GEO-native-regional-fracture-0-panel-53-section-4-band-0
Fra:1 Mem:30.55M (Peak 30.55M) | Time:00:00.01 | Mem:0.00M, Peak:0.00M | Scene, ViewLayer | Synchronizing object | GEO-native-regional-fracture-0-panel-70-section-3-band-0
Fra:1 Mem:30.55M (Peak 30.55M) | Time:00:00.01 | Mem:0.00M, Peak:0.00M | Scene, ViewLayer | Synchronizing object | GEO-native-regional-fracture-0-panel-53-section-5-band-0
Fra:1 Mem:30.55M (Peak 30.55M) | Time:00:00.01 | Mem:0.00M, Peak:0.00M | Scene, ViewLayer | Synchronizing object | GEO-native-regional-fracture-0-panel-70-section-2-band-0
Fra:1 Mem:30.55M (Peak 30.55M) | Time:00:00.01 | Mem:0.00M, Peak:0.00M | Scene, ViewLayer | Synchronizing object | GEO-native-regional-fracture-0-panel-53-section-6-band-0
Fra:1 Mem:30.55M (Peak 30.55M) | Time:00:00.01 | Mem:0.00M, Peak:0.00M | Scene, ViewLayer | Synchronizing object | GEO-native-regional-fracture-1-panel-69-section-5-band-2
Fra:1 Mem:30.56M (Peak 30.56M) | Time:00:00.01 | Mem:0.00M, Peak:0.00M | Scene, ViewLayer | Synchronizing object | GEO-native-regional-fracture-0-panel-54-section-6-band-0
Fra:1 Mem:30.56M (Peak 30.56M) | Time:00:00.01 | Mem:0.00M, Peak:0.00M | Scene, ViewLayer | Synchronizing object | GEO-native-regional-fracture-1-panel-69-section-5-band-1
Fra:1 Mem:30.56M (Peak 30.56M) | Time:00:00.01 | Mem:0.00M, Peak:0.00M | Scene, ViewLayer | Synchronizing object | GEO-native-regional-fracture-0-panel-54-section-7-band-0
Fra:1 Mem:30.56M (Peak 30.56M) | Time:00:00.01 | Mem:0.00M, Peak:0.00M | Scene, ViewLayer | Synchronizing object | GEO-native-regional-fracture-1-panel-69-section-4-band-2
Fra:1 Mem:30.56M (Peak 30.56M) | Time:00:00.01 | Mem:0.00M, Peak:0.00M | Scene, ViewLayer | Synchronizing object | GEO-native-regional-fracture-0-panel-54-section-8-band-0
Fra:1 Mem:30.56M (Peak 30.56M) | Time:00:00.01 | Mem:0.00M, Peak:0.00M | Scene, ViewLayer | Synchronizing object | GEO-native-regional-fracture-1-panel-69-section-4-band-1
Fra:1 Mem:30.56M (Peak 30.56M) | Time:00:00.01 | Mem:0.00M, Peak:0.00M | Scene, ViewLayer | Synchronizing object | GEO-native-regional-fracture-0-panel-54-section-8-band-1
Fra:1 Mem:30.56M (Peak 30.56M) | Time:00:00.01 | Mem:0.00M, Peak:0.00M | Scene, ViewLayer | Synchronizing object | GEO-native-regional-fracture-1-panel-69-section-3-band-2
Fra:1 Mem:30.56M (Peak 30.56M) | Time:00:00.01 | Mem:0.00M, Peak:0.00M | Scene, ViewLayer | Synchronizing object | GEO-native-regional-fracture-0-panel-54-section-9-band-0
Fra:1 Mem:30.57M (Peak 30.57M) | Time:00:00.01 | Mem:0.00M, Peak:0.00M | Scene, ViewLayer | Synchronizing object | GEO-native-regional-fracture-1-panel-69-section-3-band-1
Fra:1 Mem:30.57M (Peak 30.57M) | Time:00:00.01 | Mem:0.00M, Peak:0.00M | Scene, ViewLayer | Synchronizing object | GEO-native-regional-fracture-0-panel-54-section-9-band-1
Fra:1 Mem:30.57M (Peak 30.57M) | Time:00:00.01 | Mem:0.00M, Peak:0.00M | Scene, ViewLayer | Synchronizing object | GEO-native-regional-fracture-1-panel-69-section-2-band-2
Fra:1 Mem:30.57M (Peak 30.57M) | Time:00:00.01 | Mem:0.00M, Peak:0.00M | Scene, ViewLayer | Synchronizing object | GEO-native-regional-fracture-0-panel-54-section-10-band-0
Fra:1 Mem:30.57M (Peak 30.57M) | Time:00:00.01 | Mem:0.00M, Peak:0.00M | Scene, ViewLayer | Synchronizing object | GEO-native-regional-fracture-1-panel-69-section-2-band-1
Fra:1 Mem:30.57M (Peak 30.57M) | Time:00:00.01 | Mem:0.00M, Peak:0.00M | Scene, ViewLayer | Synchronizing object | GEO-native-regional-fracture-0-panel-54-section-10-band-1
Fra:1 Mem:30.57M (Peak 30.57M) | Time:00:00.01 | Mem:0.00M, Peak:0.00M | Scene, ViewLayer | Synchronizing object | GEO-native-regional-fracture-0-panel-68-section-3-band-1
Fra:1 Mem:30.57M (Peak 30.57M) | Time:00:00.01 | Mem:0.00M, Peak:0.00M | Scene, ViewLayer | Synchronizing object | GEO-native-regional-fracture-0-panel-55-section-10-band-0
Fra:1 Mem:30.57M (Peak 30.57M) | Time:00:00.01 | Mem:0.00M, Peak:0.00M | Scene, ViewLayer | Synchronizing object | GEO-native-regional-fracture-0-panel-68-section-3-band-0
Fra:1 Mem:30.57M (Peak 30.57M) | Time:00:00.01 | Mem:0.00M, Peak:0.00M | Scene, ViewLayer | Synchronizing object | GEO-native-regional-fracture-0-panel-55-section-11-band-0
Fra:1 Mem:30.57M (Peak 30.57M) | Time:00:00.01 | Mem:0.00M, Peak:0.00M | Scene, ViewLayer | Synchronizing object | GEO-native-regional-fracture-0-panel-68-section-2-band-2
Fra:1 Mem:30.57M (Peak 30.57M) | Time:00:00.01 | Mem:0.00M, Peak:0.00M | Scene, ViewLayer | Synchronizing object | GEO-native-regional-fracture-0-panel-56-section-4-band-0
Fra:1 Mem:30.58M (Peak 30.58M) | Time:00:00.01 | Mem:0.00M, Peak:0.00M | Scene, ViewLayer | Synchronizing object | GEO-native-regional-fracture-0-panel-68-section-2-band-1
Fra:1 Mem:30.58M (Peak 30.58M) | Time:00:00.01 | Mem:0.00M, Peak:0.00M | Scene, ViewLayer | Synchronizing object | GEO-native-regional-fracture-0-panel-56-section-4-band-1
Fra:1 Mem:30.58M (Peak 30.58M) | Time:00:00.01 | Mem:0.00M, Peak:0.00M | Scene, ViewLayer | Synchronizing object | GEO-native-regional-fracture-0-panel-68-section-2-band-0
Fra:1 Mem:30.58M (Peak 30.58M) | Time:00:00.01 | Mem:0.00M, Peak:0.00M | Scene, ViewLayer | Synchronizing object | GEO-native-regional-fracture-0-panel-56-section-5-band-0
Fra:1 Mem:30.58M (Peak 30.58M) | Time:00:00.01 | Mem:0.00M, Peak:0.00M | Scene, ViewLayer | Synchronizing object | GEO-native-regional-fracture-0-panel-68-section-1-band-0
Fra:1 Mem:30.58M (Peak 30.58M) | Time:00:00.01 | Mem:0.00M, Peak:0.00M | Scene, ViewLayer | Synchronizing object | GEO-native-regional-fracture-0-panel-56-section-6-band-0
Fra:1 Mem:30.58M (Peak 30.58M) | Time:00:00.01 | Mem:0.00M, Peak:0.00M | Scene, ViewLayer | Synchronizing object | GEO-native-regional-fracture-0-panel-65-section-2-band-0
Fra:1 Mem:30.58M (Peak 30.58M) | Time:00:00.01 | Mem:0.00M, Peak:0.00M | Scene, ViewLayer | Synchronizing object | GEO-native-regional-fracture-0-panel-57-section-6-band-0
Fra:1 Mem:30.59M (Peak 30.59M) | Time:00:00.01 | Mem:0.00M, Peak:0.00M | Scene, ViewLayer | Synchronizing object | GEO-native-regional-fracture-0-panel-65-section-1-band-0
Fra:1 Mem:30.59M (Peak 30.59M) | Time:00:00.01 | Mem:0.00M, Peak:0.00M | Scene, ViewLayer | Synchronizing object | GEO-native-regional-fracture-0-panel-57-section-7-band-0
Fra:1 Mem:30.59M (Peak 30.59M) | Time:00:00.01 | Mem:0.00M, Peak:0.00M | Scene, ViewLayer | Synchronizing object | GEO-native-regional-fracture-0-panel-65-section-0-band-0
Fra:1 Mem:30.59M (Peak 30.59M) | Time:00:00.01 | Mem:0.00M, Peak:0.00M | Scene, ViewLayer | Synchronizing object | GEO-native-regional-fracture-0-panel-57-section-7-band-1
Fra:1 Mem:30.59M (Peak 30.59M) | Time:00:00.01 | Mem:0.00M, Peak:0.00M | Scene, ViewLayer | Synchronizing object | GEO-native-regional-fracture-0-panel-59-section-10-band-1
Fra:1 Mem:30.59M (Peak 30.59M) | Time:00:00.01 | Mem:0.00M, Peak:0.00M | Scene, ViewLayer | Synchronizing object | GEO-native-regional-fracture-0-panel-57-section-8-band-0
Fra:1 Mem:30.59M (Peak 30.59M) | Time:00:00.01 | Mem:0.00M, Peak:0.00M | Scene, ViewLayer | Synchronizing object | GEO-native-regional-fracture-0-panel-59-section-10-band-0
Fra:1 Mem:30.59M (Peak 30.59M) | Time:00:00.01 | Mem:0.00M, Peak:0.00M | Scene, ViewLayer | Synchronizing object | GEO-native-regional-fracture-0-panel-57-section-8-band-1
Fra:1 Mem:30.59M (Peak 30.59M) | Time:00:00.01 | Mem:0.00M, Peak:0.00M | Scene, ViewLayer | Initializing
Fra:1 Mem:29.65M (Peak 30.59M) | Time:00:00.01 | Mem:0.00M, Peak:0.00M | Scene, ViewLayer | Updating Images | Loading Crystal9-material-7
Fra:1 Mem:30.16M (Peak 30.59M) | Time:00:00.01 | Mem:0.25M, Peak:0.25M | Scene, ViewLayer | Updating Images | Loading Crystal9-material-6
Fra:1 Mem:30.41M (Peak 30.59M) | Time:00:00.01 | Mem:0.50M, Peak:0.50M | Scene, ViewLayer | Updating Images | Loading Crystal9-roughness-0
Fra:1 Mem:30.66M (Peak 30.66M) | Time:00:00.01 | Mem:0.75M, Peak:0.75M | Scene, ViewLayer | Updating Images | Loading Crystal9-material-5
Fra:1 Mem:30.91M (Peak 30.91M) | Time:00:00.01 | Mem:1.00M, Peak:1.00M | Scene, ViewLayer | Updating Images | Loading Crystal9-material-1
Fra:1 Mem:31.16M (Peak 31.16M) | Time:00:00.01 | Mem:1.25M, Peak:1.25M | Scene, ViewLayer | Updating Images | Loading Crystal9-material-4
Fra:1 Mem:31.41M (Peak 31.41M) | Time:00:00.01 | Mem:1.50M, Peak:1.50M | Scene, ViewLayer | Updating Images | Loading Crystal9-roughness-1
Fra:1 Mem:31.67M (Peak 31.67M) | Time:00:00.01 | Mem:1.75M, Peak:1.75M | Scene, ViewLayer | Updating Images | Loading Crystal9-material-3
Fra:1 Mem:31.92M (Peak 31.92M) | Time:00:00.01 | Mem:2.00M, Peak:2.00M | Scene, ViewLayer | Updating Images | Loading Crystal9-material-2
Fra:1 Mem:32.17M (Peak 32.17M) | Time:00:00.01 | Mem:2.25M, Peak:2.25M | Scene, ViewLayer | Updating Images | Loading Crystal9-roughness-2
Fra:1 Mem:25.06M (Peak 32.17M) | Time:00:00.02 | Mem:2.75M, Peak:2.75M | Scene, ViewLayer | Waiting for render to start
Fra:1 Mem:25.06M (Peak 32.17M) | Time:00:00.02 | Mem:2.75M, Peak:2.75M | Scene, ViewLayer | Loading render kernels (may take a few minutes the first time)
Fra:1 Mem:25.06M (Peak 32.17M) | Time:00:00.02 | Mem:2.75M, Peak:2.75M | Scene, ViewLayer | Updating Scene
Fra:1 Mem:25.06M (Peak 32.17M) | Time:00:00.02 | Mem:2.75M, Peak:2.75M | Scene, ViewLayer | Updating Shaders
Fra:1 Mem:25.15M (Peak 32.17M) | Time:00:00.02 | Mem:2.76M, Peak:2.76M | Scene, ViewLayer | Updating Procedurals
Fra:1 Mem:25.15M (Peak 32.17M) | Time:00:00.02 | Mem:2.76M, Peak:2.76M | Scene, ViewLayer | Updating Background
Fra:1 Mem:25.15M (Peak 32.17M) | Time:00:00.02 | Mem:2.76M, Peak:2.76M | Scene, ViewLayer | Updating Camera
Fra:1 Mem:25.15M (Peak 32.17M) | Time:00:00.02 | Mem:2.76M, Peak:2.76M | Scene, ViewLayer | Updating Meshes Flags
Fra:1 Mem:25.15M (Peak 32.17M) | Time:00:00.02 | Mem:2.76M, Peak:2.76M | Scene, ViewLayer | Updating Objects
Fra:1 Mem:25.15M (Peak 32.17M) | Time:00:00.02 | Mem:2.76M, Peak:2.76M | Scene, ViewLayer | Updating Objects | Copying Transformations to device
Fra:1 Mem:25.21M (Peak 32.17M) | Time:00:00.02 | Mem:2.81M, Peak:2.81M | Scene, ViewLayer | Updating Objects | Applying Static Transformations
Fra:1 Mem:25.21M (Peak 32.17M) | Time:00:00.02 | Mem:2.81M, Peak:2.81M | Scene, ViewLayer | Updating Particle Systems
Fra:1 Mem:25.21M (Peak 32.17M) | Time:00:00.02 | Mem:2.81M, Peak:2.81M | Scene, ViewLayer | Updating Particle Systems | Copying Particles to device
Fra:1 Mem:25.21M (Peak 32.17M) | Time:00:00.02 | Mem:2.81M, Peak:2.81M | Scene, ViewLayer | Updating Meshes
Fra:1 Mem:25.28M (Peak 32.17M) | Time:00:00.02 | Mem:2.81M, Peak:2.81M | Scene, ViewLayer | Updating Mesh | Computing attributes
Fra:1 Mem:25.56M (Peak 32.17M) | Time:00:00.02 | Mem:2.83M, Peak:2.83M | Scene, ViewLayer | Updating Mesh | Copying Attributes to device
Fra:1 Mem:25.51M (Peak 32.17M) | Time:00:00.02 | Mem:3.04M, Peak:3.04M | Scene, ViewLayer | Updating Scene BVH | Building
Fra:1 Mem:25.51M (Peak 32.17M) | Time:00:00.02 | Mem:3.04M, Peak:3.04M | Scene, ViewLayer | Updating Scene BVH | Building BVH
Fra:1 Mem:25.51M (Peak 32.17M) | Time:00:00.02 | Mem:3.33M, Peak:3.48M | Scene, ViewLayer | Updating Scene BVH | Copying BVH to device
Fra:1 Mem:25.51M (Peak 32.17M) | Time:00:00.02 | Mem:3.33M, Peak:3.48M | Scene, ViewLayer | Updating Mesh | Computing normals
Fra:1 Mem:25.85M (Peak 32.17M) | Time:00:00.02 | Mem:3.33M, Peak:3.48M | Scene, ViewLayer | Updating Mesh | Copying Mesh to device
Fra:1 Mem:25.85M (Peak 32.17M) | Time:00:00.02 | Mem:3.68M, Peak:3.68M | Scene, ViewLayer | Updating Objects Flags
Fra:1 Mem:25.85M (Peak 32.17M) | Time:00:00.02 | Mem:3.68M, Peak:3.68M | Scene, ViewLayer | Updating Primitive Offsets
Fra:1 Mem:25.86M (Peak 32.17M) | Time:00:00.02 | Mem:3.68M, Peak:3.68M | Scene, ViewLayer | Updating Images
Fra:1 Mem:25.86M (Peak 32.17M) | Time:00:00.02 | Mem:3.68M, Peak:3.68M | Scene, ViewLayer | Updating Camera Volume
Fra:1 Mem:25.86M (Peak 32.17M) | Time:00:00.02 | Mem:3.68M, Peak:3.68M | Scene, ViewLayer | Updating Lookup Tables
Fra:1 Mem:25.86M (Peak 32.17M) | Time:00:00.02 | Mem:3.76M, Peak:3.76M | Scene, ViewLayer | Updating Lights
Fra:1 Mem:25.86M (Peak 32.17M) | Time:00:00.02 | Mem:3.76M, Peak:3.76M | Scene, ViewLayer | Updating Lights | Computing tree
Fra:1 Mem:25.99M (Peak 32.17M) | Time:00:00.02 | Mem:3.89M, Peak:3.89M | Scene, ViewLayer | Updating Integrator
Fra:1 Mem:25.99M (Peak 32.17M) | Time:00:00.02 | Mem:3.89M, Peak:3.89M | Scene, ViewLayer | Updating Film
Fra:1 Mem:25.99M (Peak 32.17M) | Time:00:00.02 | Mem:3.81M, Peak:3.89M | Scene, ViewLayer | Updating Lookup Tables
Fra:1 Mem:25.99M (Peak 32.17M) | Time:00:00.02 | Mem:3.89M, Peak:3.89M | Scene, ViewLayer | Updating Baking
Fra:1 Mem:25.99M (Peak 32.17M) | Time:00:00.02 | Mem:3.89M, Peak:3.89M | Scene, ViewLayer | Updating Device | Writing constant memory
Fra:1 Mem:25.99M (Peak 32.17M) | Time:00:00.02 | Mem:3.89M, Peak:3.89M | Scene, ViewLayer | Sample 0/32
Fra:1 Mem:53.81M (Peak 53.81M) | Time:00:00.48 | Remaining:00:14.20 | Mem:31.72M, Peak:31.72M | Scene, ViewLayer | Sample 1/32
Fra:1 Mem:66.17M (Peak 90.89M) | Time:00:13.22 | Mem:31.72M, Peak:31.72M | Scene, ViewLayer | Sample 32/32
Fra:1 Mem:66.17M (Peak 90.89M) | Time:00:13.22 | Mem:31.72M, Peak:31.72M | Scene, ViewLayer | Finished
Saved: '/root/sidereal_spacetime/output/playwright/planet-reference-20260914/crystal-moons-r008-parity/moon-1-gltf-front-faces-only-matched-angle2.png'
Time: 00:13.28 (Saving: 00:00.05)

Fra:1 Mem:30.03M (Peak 30.03M) | Time:00:00.01 | Mem:0.00M, Peak:0.00M | Scene, ViewLayer | Synchronizing object | GEO-native-regional-fracture-0-panel-85-section-11-band-2
Fra:1 Mem:30.03M (Peak 30.03M) | Time:00:00.01 | Mem:0.00M, Peak:0.00M | Scene, ViewLayer | Synchronizing object | GEO-native-regional-fracture-0-panel-85-section-11-band-1
Fra:1 Mem:30.03M (Peak 30.03M) | Time:00:00.01 | Mem:0.00M, Peak:0.00M | Scene, ViewLayer | Synchronizing object | GEO-native-regional-fracture-0-panel-85-section-10-band-1
Fra:1 Mem:30.03M (Peak 30.03M) | Time:00:00.01 | Mem:0.00M, Peak:0.00M | Scene, ViewLayer | Synchronizing object | GEO-native-regional-fracture-0-panel-85-section-10-band-0
Fra:1 Mem:30.03M (Peak 30.03M) | Time:00:00.01 | Mem:0.00M, Peak:0.00M | Scene, ViewLayer | Synchronizing object | GEO-native-regional-fracture-1-panel-84-section-10-band-2
Fra:1 Mem:30.03M (Peak 30.03M) | Time:00:00.01 | Mem:0.00M, Peak:0.00M | Scene, ViewLayer | Synchronizing object | GEO-native-regional-fracture-1-panel-84-section-10-band-1
Fra:1 Mem:30.04M (Peak 30.04M) | Time:00:00.01 | Mem:0.00M, Peak:0.00M | Scene, ViewLayer | Synchronizing object | GEO-native-regional-fracture-1-panel-84-section-10-band-0
Fra:1 Mem:30.04M (Peak 30.04M) | Time:00:00.01 | Mem:0.00M, Peak:0.00M | Scene, ViewLayer | Synchronizing object | GEO-native-regional-fracture-1-panel-83-section-11-band-0
Fra:1 Mem:30.04M (Peak 30.04M) | Time:00:00.01 | Mem:0.00M, Peak:0.00M | Scene, ViewLayer | Synchronizing object | GEO-native-regional-fracture-1-panel-83-section-10-band-0
Fra:1 Mem:30.04M (Peak 30.04M) | Time:00:00.01 | Mem:0.00M, Peak:0.00M | Scene, ViewLayer | Synchronizing object | GEO-native-regional-fracture-0-panel-81-section-11-band-2
Fra:1 Mem:30.04M (Peak 30.04M) | Time:00:00.01 | Mem:0.00M, Peak:0.00M | Scene, ViewLayer | Synchronizing object | GEO-native-regional-fracture-0-panel-81-section-11-band-1
Fra:1 Mem:30.04M (Peak 30.04M) | Time:00:00.01 | Mem:0.00M, Peak:0.00M | Scene, ViewLayer | Synchronizing object | GEO-native-regional-fracture-0-panel-81-section-11-band-0
Fra:1 Mem:30.04M (Peak 30.04M) | Time:00:00.01 | Mem:0.00M, Peak:0.00M | Scene, ViewLayer | Synchronizing object | GEO-native-regional-fracture-1-panel-80-section-8-band-2
Fra:1 Mem:30.04M (Peak 30.04M) | Time:00:00.01 | Mem:0.00M, Peak:0.00M | Scene, ViewLayer | Synchronizing object | GEO-native-regional-fracture-1-panel-80-section-7-band-2
Fra:1 Mem:30.04M (Peak 30.04M) | Time:00:00.01 | Mem:0.00M, Peak:0.00M | Scene, ViewLayer | Synchronizing object | GEO-native-regional-fracture-1-panel-80-section-6-band-2
Fra:1 Mem:30.05M (Peak 30.05M) | Time:00:00.01 | Mem:0.00M, Peak:0.00M | Scene, ViewLayer | Synchronizing object | GEO-native-regional-fracture-1-panel-80-section-6-band-1
Fra:1 Mem:30.05M (Peak 30.05M) | Time:00:00.01 | Mem:0.00M, Peak:0.00M | Scene, ViewLayer | Synchronizing object | GEO-native-regional-fracture-1-panel-80-section-5-band-2
Fra:1 Mem:30.05M (Peak 30.05M) | Time:00:00.01 | Mem:0.00M, Peak:0.00M | Scene, ViewLayer | Synchronizing object | GEO-native-regional-fracture-1-panel-80-section-5-band-1
Fra:1 Mem:30.05M (Peak 30.05M) | Time:00:00.01 | Mem:0.00M, Peak:0.00M | Scene, ViewLayer | Synchronizing object | GEO-native-regional-fracture-1-panel-79-section-8-band-2
Fra:1 Mem:30.05M (Peak 30.05M) | Time:00:00.01 | Mem:0.00M, Peak:0.00M | Scene, ViewLayer | Synchronizing object | GEO-native-regional-fracture-1-panel-79-section-8-band-1
Fra:1 Mem:30.05M (Peak 30.05M) | Time:00:00.01 | Mem:0.00M, Peak:0.00M | Scene, ViewLayer | Synchronizing object | GEO-native-regional-fracture-1-panel-79-section-8-band-0
Fra:1 Mem:30.05M (Peak 30.05M) | Time:00:00.01 | Mem:0.00M, Peak:0.00M | Scene, ViewLayer | Synchronizing object | GEO-native-regional-fracture-1-panel-79-section-7-band-2
Fra:1 Mem:30.05M (Peak 30.05M) | Time:00:00.01 | Mem:0.00M, Peak:0.00M | Scene, ViewLayer | Synchronizing object | GEO-native-regional-fracture-1-panel-79-section-7-band-1
Fra:1 Mem:30.05M (Peak 30.05M) | Time:00:00.01 | Mem:0.00M, Peak:0.00M | Scene, ViewLayer | Synchronizing object | GEO-native-regional-fracture-1-panel-79-section-7-band-0
Fra:1 Mem:30.05M (Peak 30.05M) | Time:00:00.01 | Mem:0.00M, Peak:0.00M | Scene, ViewLayer | Synchronizing object | GEO-native-regional-fracture-1-panel-79-section-6-band-1
Fra:1 Mem:30.05M (Peak 30.05M) | Time:00:00.01 | Mem:0.00M, Peak:0.00M | Scene, ViewLayer | Synchronizing object | GEO-native-regional-fracture-1-panel-79-section-6-band-0
Fra:1 Mem:30.06M (Peak 30.06M) | Time:00:00.01 | Mem:0.00M, Peak:0.00M | Scene, ViewLayer | Synchronizing object | GEO-native-regional-fracture-1-panel-79-section-5-band-1
Fra:1 Mem:30.06M (Peak 30.06M) | Time:00:00.01 | Mem:0.00M, Peak:0.00M | Scene, ViewLayer | Synchronizing object | GEO-native-regional-fracture-1-panel-79-section-5-band-0
Fra:1 Mem:30.06M (Peak 30.06M) | Time:00:00.01 | Mem:0.00M, Peak:0.00M | Scene, ViewLayer | Synchronizing object | GEO-native-regional-fracture-0-panel-78-section-11-band-2
Fra:1 Mem:30.06M (Peak 30.06M) | Time:00:00.01 | Mem:0.00M, Peak:0.00M | Scene, ViewLayer | Synchronizing object | GEO-native-regional-fracture-0-panel-78-section-11-band-1
Fra:1 Mem:30.06M (Peak 30.06M) | Time:00:00.01 | Mem:0.00M, Peak:0.00M | Scene, ViewLayer | Synchronizing object | GEO-native-regional-fracture-0-panel-78-section-11-band-0
Fra:1 Mem:30.06M (Peak 30.06M) | Time:00:00.01 | Mem:0.00M, Peak:0.00M | Scene, ViewLayer | Synchronizing object | GEO-native-regional-fracture-1-panel-76-section-5-band-1
Fra:1 Mem:30.06M (Peak 30.06M) | Time:00:00.01 | Mem:0.00M, Peak:0.00M | Scene, ViewLayer | Synchronizing object | GEO-native-regional-fracture-1-panel-76-section-5-band-0
Fra:1 Mem:30.06M (Peak 30.06M) | Time:00:00.01 | Mem:0.00M, Peak:0.00M | Scene, ViewLayer | Synchronizing object | GEO-native-regional-fracture-1-panel-76-section-4-band-2
Fra:1 Mem:30.06M (Peak 30.06M) | Time:00:00.01 | Mem:0.00M, Peak:0.00M | Scene, ViewLayer | Synchronizing object | GEO-native-regional-fracture-1-panel-76-section-4-band-1
Fra:1 Mem:30.06M (Peak 30.06M) | Time:00:00.01 | Mem:0.00M, Peak:0.00M | Scene, ViewLayer | Synchronizing object | GEO-native-regional-fracture-1-panel-76-section-4-band-0
Fra:1 Mem:30.07M (Peak 30.07M) | Time:00:00.01 | Mem:0.00M, Peak:0.00M | Scene, ViewLayer | Synchronizing object | GEO-native-regional-fracture-1-panel-76-section-3-band-1
Fra:1 Mem:30.07M (Peak 30.07M) | Time:00:00.01 | Mem:0.00M, Peak:0.00M | Scene, ViewLayer | Synchronizing object | GEO-native-regional-fracture-1-panel-76-section-3-band-0
Fra:1 Mem:30.07M (Peak 30.07M) | Time:00:00.01 | Mem:0.00M, Peak:0.00M | Scene, ViewLayer | Synchronizing object | GEO-native-regional-fracture-1-panel-75-section-6-band-0
Fra:1 Mem:30.07M (Peak 30.07M) | Time:00:00.01 | Mem:0.00M, Peak:0.00M | Scene, ViewLayer | Synchronizing object | GEO-native-regional-fracture-1-panel-75-section-5-band-0
Fra:1 Mem:30.07M (Peak 30.07M) | Time:00:00.01 | Mem:0.00M, Peak:0.00M | Scene, ViewLayer | Synchronizing object | GEO-native-regional-fracture-1-panel-75-section-4-band-0
Fra:1 Mem:30.07M (Peak 30.07M) | Time:00:00.01 | Mem:0.00M, Peak:0.00M | Scene, ViewLayer | Synchronizing object | GEO-native-regional-fracture-1-panel-75-section-3-band-0
Fra:1 Mem:30.07M (Peak 30.07M) | Time:00:00.01 | Mem:0.00M, Peak:0.00M | Scene, ViewLayer | Synchronizing object | GEO-native-regional-fracture-0-panel-74-section-11-band-2
Fra:1 Mem:30.07M (Peak 30.07M) | Time:00:00.01 | Mem:0.00M, Peak:0.00M | Scene, ViewLayer | Synchronizing object | GEO-native-regional-fracture-0-panel-74-section-11-band-1
Fra:1 Mem:30.07M (Peak 30.07M) | Time:00:00.01 | Mem:0.00M, Peak:0.00M | Scene, ViewLayer | Synchronizing object | GEO-native-regional-fracture-0-panel-74-section-10-band-2
Fra:1 Mem:30.07M (Peak 30.07M) | Time:00:00.01 | Mem:0.00M, Peak:0.00M | Scene, ViewLayer | Synchronizing object | GEO-native-regional-fracture-1-panel-73-section-3-band-1
Fra:1 Mem:30.07M (Peak 30.07M) | Time:00:00.01 | Mem:0.00M, Peak:0.00M | Scene, ViewLayer | Synchronizing object | GEO-native-regional-fracture-1-panel-73-section-3-band-0
Fra:1 Mem:30.08M (Peak 30.08M) | Time:00:00.01 | Mem:0.00M, Peak:0.00M | Scene, ViewLayer | Synchronizing object | GEO-native-regional-fracture-1-panel-73-section-2-band-1
Fra:1 Mem:30.08M (Peak 30.08M) | Time:00:00.01 | Mem:0.00M, Peak:0.00M | Scene, ViewLayer | Synchronizing object | GEO-native-regional-fracture-1-panel-73-section-2-band-0
Fra:1 Mem:30.08M (Peak 30.08M) | Time:00:00.01 | Mem:0.00M, Peak:0.00M | Scene, ViewLayer | Synchronizing object | GEO-native-regional-fracture-0-panel-71-section-2-band-2
Fra:1 Mem:30.08M (Peak 30.08M) | Time:00:00.01 | Mem:0.00M, Peak:0.00M | Scene, ViewLayer | Synchronizing object | GEO-native-regional-fracture-0-panel-71-section-1-band-2
Fra:1 Mem:30.08M (Peak 30.08M) | Time:00:00.01 | Mem:0.00M, Peak:0.00M | Scene, ViewLayer | Synchronizing object | GEO-native-regional-fracture-0-panel-71-section-1-band-1
Fra:1 Mem:30.08M (Peak 30.08M) | Time:00:00.01 | Mem:0.00M, Peak:0.00M | Scene, ViewLayer | Synchronizing object | GEO-native-regional-fracture-0-panel-70-section-3-band-0
Fra:1 Mem:30.08M (Peak 30.08M) | Time:00:00.01 | Mem:0.00M, Peak:0.00M | Scene, ViewLayer | Synchronizing object | GEO-native-regional-fracture-0-panel-70-section-2-band-0
Fra:1 Mem:30.08M (Peak 30.08M) | Time:00:00.01 | Mem:0.00M, Peak:0.00M | Scene, ViewLayer | Synchronizing object | GEO-native-regional-fracture-1-panel-69-section-5-band-2
Fra:1 Mem:30.08M (Peak 30.08M) | Time:00:00.01 | Mem:0.00M, Peak:0.00M | Scene, ViewLayer | Synchronizing object | GEO-native-regional-fracture-1-panel-69-section-5-band-1
Fra:1 Mem:30.08M (Peak 30.08M) | Time:00:00.01 | Mem:0.00M, Peak:0.00M | Scene, ViewLayer | Synchronizing object | GEO-native-regional-fracture-1-panel-69-section-4-band-2
Fra:1 Mem:30.09M (Peak 30.09M) | Time:00:00.01 | Mem:0.00M, Peak:0.00M | Scene, ViewLayer | Synchronizing object | GEO-native-regional-fracture-1-panel-69-section-4-band-1
Fra:1 Mem:30.09M (Peak 30.09M) | Time:00:00.01 | Mem:0.00M, Peak:0.00M | Scene, ViewLayer | Synchronizing object | GEO-native-regional-fracture-1-panel-69-section-3-band-2
Fra:1 Mem:30.09M (Peak 30.09M) | Time:00:00.01 | Mem:0.00M, Peak:0.00M | Scene, ViewLayer | Synchronizing object | GEO-native-regional-fracture-1-panel-69-section-3-band-1
Fra:1 Mem:30.09M (Peak 30.09M) | Time:00:00.01 | Mem:0.00M, Peak:0.00M | Scene, ViewLayer | Synchronizing object | GEO-native-regional-fracture-1-panel-69-section-2-band-2
Fra:1 Mem:30.09M (Peak 30.09M) | Time:00:00.01 | Mem:0.00M, Peak:0.00M | Scene, ViewLayer | Synchronizing object | GEO-native-regional-fracture-1-panel-69-section-2-band-1
Fra:1 Mem:30.09M (Peak 30.09M) | Time:00:00.01 | Mem:0.00M, Peak:0.00M | Scene, ViewLayer | Synchronizing object | GEO-native-regional-fracture-0-panel-68-section-3-band-1
Fra:1 Mem:30.09M (Peak 30.09M) | Time:00:00.01 | Mem:0.00M, Peak:0.00M | Scene, ViewLayer | Synchronizing object | GEO-native-regional-fracture-0-panel-68-section-3-band-0
Fra:1 Mem:30.09M (Peak 30.09M) | Time:00:00.01 | Mem:0.00M, Peak:0.00M | Scene, ViewLayer | Synchronizing object | GEO-native-regional-fracture-0-panel-68-section-2-band-2
Fra:1 Mem:30.09M (Peak 30.09M) | Time:00:00.01 | Mem:0.00M, Peak:0.00M | Scene, ViewLayer | Synchronizing object | GEO-native-regional-fracture-0-panel-68-section-2-band-1
Fra:1 Mem:30.09M (Peak 30.09M) | Time:00:00.01 | Mem:0.00M, Peak:0.00M | Scene, ViewLayer | Synchronizing object | GEO-native-regional-fracture-0-panel-68-section-2-band-0
Fra:1 Mem:30.10M (Peak 30.10M) | Time:00:00.01 | Mem:0.00M, Peak:0.00M | Scene, ViewLayer | Synchronizing object | GEO-native-regional-fracture-0-panel-68-section-1-band-0
Fra:1 Mem:30.10M (Peak 30.10M) | Time:00:00.01 | Mem:0.00M, Peak:0.00M | Scene, ViewLayer | Synchronizing object | GEO-native-regional-fracture-0-panel-65-section-2-band-0
Fra:1 Mem:30.10M (Peak 30.10M) | Time:00:00.01 | Mem:0.00M, Peak:0.00M | Scene, ViewLayer | Synchronizing object | GEO-native-regional-fracture-0-panel-65-section-1-band-0
Fra:1 Mem:30.10M (Peak 30.10M) | Time:00:00.01 | Mem:0.00M, Peak:0.00M | Scene, ViewLayer | Synchronizing object | GEO-native-regional-fracture-0-panel-65-section-0-band-0
Fra:1 Mem:30.10M (Peak 30.10M) | Time:00:00.01 | Mem:0.00M, Peak:0.00M | Scene, ViewLayer | Synchronizing object | GEO-native-regional-fracture-0-panel-59-section-10-band-1
Fra:1 Mem:30.10M (Peak 30.10M) | Time:00:00.01 | Mem:0.00M, Peak:0.00M | Scene, ViewLayer | Synchronizing object | GEO-native-regional-fracture-0-panel-59-section-10-band-0
Fra:1 Mem:30.10M (Peak 30.10M) | Time:00:00.01 | Mem:0.00M, Peak:0.00M | Scene, ViewLayer | Synchronizing object | GEO-native-regional-fracture-0-panel-57-section-8-band-1
Fra:1 Mem:30.10M (Peak 30.10M) | Time:00:00.01 | Mem:0.00M, Peak:0.00M | Scene, ViewLayer | Synchronizing object | GEO-native-regional-fracture-0-panel-57-section-8-band-0
Fra:1 Mem:30.10M (Peak 30.10M) | Time:00:00.01 | Mem:0.00M, Peak:0.00M | Scene, ViewLayer | Synchronizing object | GEO-native-regional-fracture-0-panel-57-section-7-band-1
Fra:1 Mem:30.10M (Peak 30.10M) | Time:00:00.01 | Mem:0.00M, Peak:0.00M | Scene, ViewLayer | Synchronizing object | GEO-native-regional-fracture-0-panel-57-section-7-band-0
Fra:1 Mem:30.10M (Peak 30.10M) | Time:00:00.01 | Mem:0.00M, Peak:0.00M | Scene, ViewLayer | Synchronizing object | GEO-native-regional-fracture-0-panel-57-section-6-band-0
Fra:1 Mem:30.11M (Peak 30.11M) | Time:00:00.01 | Mem:0.00M, Peak:0.00M | Scene, ViewLayer | Synchronizing object | GEO-native-regional-fracture-0-panel-56-section-6-band-0
Fra:1 Mem:30.11M (Peak 30.11M) | Time:00:00.01 | Mem:0.00M, Peak:0.00M | Scene, ViewLayer | Synchronizing object | GEO-native-regional-fracture-0-panel-56-section-5-band-0
Fra:1 Mem:30.11M (Peak 30.11M) | Time:00:00.01 | Mem:0.00M, Peak:0.00M | Scene, ViewLayer | Synchronizing object | GEO-native-regional-fracture-0-panel-56-section-4-band-1
Fra:1 Mem:30.11M (Peak 30.11M) | Time:00:00.01 | Mem:0.00M, Peak:0.00M | Scene, ViewLayer | Synchronizing object | GEO-native-regional-fracture-0-panel-56-section-4-band-0
Fra:1 Mem:30.11M (Peak 30.11M) | Time:00:00.01 | Mem:0.00M, Peak:0.00M | Scene, ViewLayer | Synchronizing object | GEO-native-regional-fracture-0-panel-55-section-11-band-0
Fra:1 Mem:30.11M (Peak 30.11M) | Time:00:00.01 | Mem:0.00M, Peak:0.00M | Scene, ViewLayer | Synchronizing object | GEO-native-regional-fracture-0-panel-55-section-10-band-0
Fra:1 Mem:30.11M (Peak 30.11M) | Time:00:00.01 | Mem:0.00M, Peak:0.00M | Scene, ViewLayer | Synchronizing object | GEO-native-regional-fracture-0-panel-54-section-10-band-1
Fra:1 Mem:30.11M (Peak 30.11M) | Time:00:00.01 | Mem:0.00M, Peak:0.00M | Scene, ViewLayer | Synchronizing object | GEO-native-regional-fracture-0-panel-54-section-10-band-0
Fra:1 Mem:30.11M (Peak 30.11M) | Time:00:00.01 | Mem:0.00M, Peak:0.00M | Scene, ViewLayer | Synchronizing object | GEO-native-regional-fracture-0-panel-54-section-9-band-1
Fra:1 Mem:30.11M (Peak 30.11M) | Time:00:00.01 | Mem:0.00M, Peak:0.00M | Scene, ViewLayer | Synchronizing object | GEO-native-regional-fracture-0-panel-54-section-9-band-0
Fra:1 Mem:30.12M (Peak 30.12M) | Time:00:00.01 | Mem:0.00M, Peak:0.00M | Scene, ViewLayer | Synchronizing object | GEO-native-regional-fracture-0-panel-54-section-8-band-1
Fra:1 Mem:30.12M (Peak 30.12M) | Time:00:00.01 | Mem:0.00M, Peak:0.00M | Scene, ViewLayer | Synchronizing object | GEO-native-regional-fracture-0-panel-54-section-8-band-0
Fra:1 Mem:30.12M (Peak 30.12M) | Time:00:00.01 | Mem:0.00M, Peak:0.00M | Scene, ViewLayer | Synchronizing object | GEO-native-regional-fracture-0-panel-54-section-7-band-0
Fra:1 Mem:30.12M (Peak 30.12M) | Time:00:00.01 | Mem:0.00M, Peak:0.00M | Scene, ViewLayer | Synchronizing object | GEO-native-regional-fracture-0-panel-54-section-6-band-0
Fra:1 Mem:30.12M (Peak 30.12M) | Time:00:00.01 | Mem:0.00M, Peak:0.00M | Scene, ViewLayer | Synchronizing object | GEO-native-regional-fracture-0-panel-53-section-6-band-0
Fra:1 Mem:30.12M (Peak 30.12M) | Time:00:00.01 | Mem:0.00M, Peak:0.00M | Scene, ViewLayer | Synchronizing object | GEO-native-regional-fracture-0-panel-53-section-5-band-0
Fra:1 Mem:30.12M (Peak 30.12M) | Time:00:00.01 | Mem:0.00M, Peak:0.00M | Scene, ViewLayer | Synchronizing object | GEO-native-regional-fracture-0-panel-53-section-4-band-0
Fra:1 Mem:30.12M (Peak 30.12M) | Time:00:00.01 | Mem:0.00M, Peak:0.00M | Scene, ViewLayer | Synchronizing object | GEO-native-regional-fracture-0-panel-53-section-3-band-0
Fra:1 Mem:30.12M (Peak 30.12M) | Time:00:00.01 | Mem:0.00M, Peak:0.00M | Scene, ViewLayer | Synchronizing object | GEO-native-regional-fracture-1-panel-52-section-7-band-2
Fra:1 Mem:30.13M (Peak 30.13M) | Time:00:00.01 | Mem:0.00M, Peak:0.00M | Scene, ViewLayer | Synchronizing object | GEO-native-regional-fracture-1-panel-52-section-6-band-2
Fra:1 Mem:30.13M (Peak 30.13M) | Time:00:00.01 | Mem:0.00M, Peak:0.00M | Scene, ViewLayer | Synchronizing object | GEO-native-regional-fracture-1-panel-52-section-5-band-2
Fra:1 Mem:30.13M (Peak 30.13M) | Time:00:00.01 | Mem:0.00M, Peak:0.00M | Scene, ViewLayer | Synchronizing object | GEO-native-regional-fracture-0-panel-48-section-4-band-1
Fra:1 Mem:30.13M (Peak 30.13M) | Time:00:00.01 | Mem:0.00M, Peak:0.00M | Scene, ViewLayer | Synchronizing object | GEO-native-regional-fracture-0-panel-48-section-4-band-0
Fra:1 Mem:30.13M (Peak 30.13M) | Time:00:00.01 | Mem:0.00M, Peak:0.00M | Scene, ViewLayer | Synchronizing object | GEO-native-regional-fracture-0-panel-48-section-3-band-0
Fra:1 Mem:30.13M (Peak 30.13M) | Time:00:00.01 | Mem:0.00M, Peak:0.00M | Scene, ViewLayer | Synchronizing object | GEO-native-regional-fracture-0-panel-48-section-2-band-0
Fra:1 Mem:30.13M (Peak 30.13M) | Time:00:00.01 | Mem:0.00M, Peak:0.00M | Scene, ViewLayer | Synchronizing object | GEO-native-regional-fracture-2-panel-47-section-11-band-2
Fra:1 Mem:30.13M (Peak 30.13M) | Time:00:00.01 | Mem:0.00M, Peak:0.00M | Scene, ViewLayer | Synchronizing object | GEO-native-regional-fracture-2-panel-47-section-11-band-1
Fra:1 Mem:30.13M (Peak 30.13M) | Time:00:00.01 | Mem:0.00M, Peak:0.00M | Scene, ViewLayer | Synchronizing object | GEO-native-regional-fracture-2-panel-47-section-10-band-2
Fra:1 Mem:30.14M (Peak 30.14M) | Time:00:00.01 | Mem:0.00M, Peak:0.00M | Scene, ViewLayer | Synchronizing object | GEO-native-regional-fracture-2-panel-44-section-11-band-2
Fra:1 Mem:30.14M (Peak 30.14M) | Time:00:00.01 | Mem:0.00M, Peak:0.00M | Scene, ViewLayer | Synchronizing object | GEO-native-regional-fracture-2-panel-44-section-11-band-1
Fra:1 Mem:30.14M (Peak 30.14M) | Time:00:00.01 | Mem:0.00M, Peak:0.00M | Scene, ViewLayer | Synchronizing object | GEO-native-regional-fracture-2-panel-44-section-11-band-0
Fra:1 Mem:30.14M (Peak 30.14M) | Time:00:00.01 | Mem:0.00M, Peak:0.00M | Scene, ViewLayer | Synchronizing object | GEO-native-regional-fracture-2-panel-43-section-11-band-2
Fra:1 Mem:30.14M (Peak 30.14M) | Time:00:00.01 | Mem:0.00M, Peak:0.00M | Scene, ViewLayer | Synchronizing object | GEO-native-regional-fracture-2-panel-43-section-11-band-1
Fra:1 Mem:30.14M (Peak 30.14M) | Time:00:00.01 | Mem:0.00M, Peak:0.00M | Scene, ViewLayer | Synchronizing object | GEO-native-regional-fracture-1-panel-41-section-11-band-2
Fra:1 Mem:30.14M (Peak 30.14M) | Time:00:00.01 | Mem:0.00M, Peak:0.00M | Scene, ViewLayer | Synchronizing object | GEO-native-regional-fracture-1-panel-41-section-11-band-1
Fra:1 Mem:30.14M (Peak 30.14M) | Time:00:00.01 | Mem:0.00M, Peak:0.00M | Scene, ViewLayer | Synchronizing object | GEO-native-regional-fracture-1-panel-41-section-11-band-0
Fra:1 Mem:30.15M (Peak 30.15M) | Time:00:00.01 | Mem:0.00M, Peak:0.00M | Scene, ViewLayer | Synchronizing object | GEO-native-regional-fracture-2-panel-34-section-4-band-2
Fra:1 Mem:30.15M (Peak 30.15M) | Time:00:00.01 | Mem:0.00M, Peak:0.00M | Scene, ViewLayer | Synchronizing object | GEO-native-regional-fracture-2-panel-34-section-3-band-2
Fra:1 Mem:30.15M (Peak 30.15M) | Time:00:00.01 | Mem:0.00M, Peak:0.00M | Scene, ViewLayer | Synchronizing object | GEO-native-regional-fracture-2-panel-34-section-2-band-2
Fra:1 Mem:30.15M (Peak 30.15M) | Time:00:00.01 | Mem:0.00M, Peak:0.00M | Scene, ViewLayer | Synchronizing object | GEO-native-regional-fracture-2-panel-34-section-1-band-2
Fra:1 Mem:30.15M (Peak 30.15M) | Time:00:00.01 | Mem:0.00M, Peak:0.00M | Scene, ViewLayer | Synchronizing object | GEO-native-regional-fracture-2-panel-33-section-2-band-2
Fra:1 Mem:30.15M (Peak 30.15M) | Time:00:00.01 | Mem:0.00M, Peak:0.00M | Scene, ViewLayer | Synchronizing object | GEO-native-regional-fracture-2-panel-33-section-1-band-2
Fra:1 Mem:30.15M (Peak 30.15M) | Time:00:00.01 | Mem:0.00M, Peak:0.00M | Scene, ViewLayer | Synchronizing object | GEO-native-regional-fracture-2-panel-33-section-1-band-1
Fra:1 Mem:30.15M (Peak 30.15M) | Time:00:00.01 | Mem:0.00M, Peak:0.00M | Scene, ViewLayer | Synchronizing object | GEO-native-regional-fracture-2-panel-33-section-1-band-0
Fra:1 Mem:30.16M (Peak 30.16M) | Time:00:00.01 | Mem:0.00M, Peak:0.00M | Scene, ViewLayer | Synchronizing object | GEO-native-regional-fracture-2-panel-33-section-0-band-2
Fra:1 Mem:30.16M (Peak 30.16M) | Time:00:00.01 | Mem:0.00M, Peak:0.00M | Scene, ViewLayer | Synchronizing object | GEO-native-regional-fracture-2-panel-33-section-0-band-1
Fra:1 Mem:30.16M (Peak 30.16M) | Time:00:00.01 | Mem:0.00M, Peak:0.00M | Scene, ViewLayer | Synchronizing object | GEO-native-regional-fracture-2-panel-33-section-0-band-0
Fra:1 Mem:30.16M (Peak 30.16M) | Time:00:00.01 | Mem:0.00M, Peak:0.00M | Scene, ViewLayer | Synchronizing object | GEO-native-regional-fracture-2-panel-32-section-1-band-0
Fra:1 Mem:30.16M (Peak 30.16M) | Time:00:00.01 | Mem:0.00M, Peak:0.00M | Scene, ViewLayer | Synchronizing object | GEO-native-regional-fracture-2-panel-32-section-0-band-0
Fra:1 Mem:30.16M (Peak 30.16M) | Time:00:00.01 | Mem:0.00M, Peak:0.00M | Scene, ViewLayer | Synchronizing object | GEO-native-regional-fracture-2-panel-30-section-3-band-2
Fra:1 Mem:30.16M (Peak 30.16M) | Time:00:00.01 | Mem:0.00M, Peak:0.00M | Scene, ViewLayer | Synchronizing object | GEO-native-regional-fracture-2-panel-30-section-2-band-2
Fra:1 Mem:30.16M (Peak 30.16M) | Time:00:00.01 | Mem:0.00M, Peak:0.00M | Scene, ViewLayer | Synchronizing object | GEO-native-regional-fracture-2-panel-30-section-2-band-1
Fra:1 Mem:30.16M (Peak 30.16M) | Time:00:00.01 | Mem:0.00M, Peak:0.00M | Scene, ViewLayer | Synchronizing object | GEO-native-regional-fracture-2-panel-30-section-2-band-0
Fra:1 Mem:30.16M (Peak 30.16M) | Time:00:00.01 | Mem:0.00M, Peak:0.00M | Scene, ViewLayer | Synchronizing object | GEO-native-regional-fracture-2-panel-30-section-1-band-2
Fra:1 Mem:30.16M (Peak 30.16M) | Time:00:00.01 | Mem:0.00M, Peak:0.00M | Scene, ViewLayer | Synchronizing object | GEO-native-regional-fracture-2-panel-30-section-1-band-1
Fra:1 Mem:30.16M (Peak 30.16M) | Time:00:00.01 | Mem:0.00M, Peak:0.00M | Scene, ViewLayer | Synchronizing object | GEO-native-regional-fracture-2-panel-30-section-1-band-0
Fra:1 Mem:30.17M (Peak 30.17M) | Time:00:00.01 | Mem:0.00M, Peak:0.00M | Scene, ViewLayer | Synchronizing object | GEO-native-regional-fracture-2-panel-29-section-2-band-1
Fra:1 Mem:30.17M (Peak 30.17M) | Time:00:00.01 | Mem:0.00M, Peak:0.00M | Scene, ViewLayer | Synchronizing object | GEO-native-regional-fracture-2-panel-29-section-2-band-0
Fra:1 Mem:30.17M (Peak 30.17M) | Time:00:00.01 | Mem:0.00M, Peak:0.00M | Scene, ViewLayer | Synchronizing object | GEO-native-regional-fracture-2-panel-29-section-1-band-0
Fra:1 Mem:30.17M (Peak 30.17M) | Time:00:00.01 | Mem:0.00M, Peak:0.00M | Scene, ViewLayer | Synchronizing object | GEO-native-regional-fracture-0-panel-27-section-6-band-1
Fra:1 Mem:30.17M (Peak 30.17M) | Time:00:00.01 | Mem:0.00M, Peak:0.00M | Scene, ViewLayer | Synchronizing object | GEO-native-regional-fracture-0-panel-27-section-6-band-0
Fra:1 Mem:30.17M (Peak 30.17M) | Time:00:00.01 | Mem:0.00M, Peak:0.00M | Scene, ViewLayer | Synchronizing object | GEO-native-regional-fracture-0-panel-27-section-5-band-1
Fra:1 Mem:30.17M (Peak 30.17M) | Time:00:00.01 | Mem:0.00M, Peak:0.00M | Scene, ViewLayer | Synchronizing object | GEO-native-regional-fracture-0-panel-27-section-4-band-2
Fra:1 Mem:30.17M (Peak 30.17M) | Time:00:00.01 | Mem:0.00M, Peak:0.00M | Scene, ViewLayer | Synchronizing object | GEO-native-regional-fracture-0-panel-27-section-4-band-1
Fra:1 Mem:30.17M (Peak 30.17M) | Time:00:00.01 | Mem:0.00M, Peak:0.00M | Scene, ViewLayer | Synchronizing object | GEO-native-regional-fracture-0-panel-27-section-3-band-1
Fra:1 Mem:30.17M (Peak 30.17M) | Time:00:00.01 | Mem:0.00M, Peak:0.00M | Scene, ViewLayer | Synchronizing object | GEO-native-regional-fracture-0-panel-27-section-3-band-0
Fra:1 Mem:30.18M (Peak 30.18M) | Time:00:00.01 | Mem:0.00M, Peak:0.00M | Scene, ViewLayer | Synchronizing object | GEO-native-regional-fracture-0-panel-27-section-2-band-1
Fra:1 Mem:30.18M (Peak 30.18M) | Time:00:00.01 | Mem:0.00M, Peak:0.00M | Scene, ViewLayer | Synchronizing object | GEO-native-regional-fracture-0-panel-27-section-2-band-0
Fra:1 Mem:30.18M (Peak 30.18M) | Time:00:00.01 | Mem:0.00M, Peak:0.00M | Scene, ViewLayer | Synchronizing object | GEO-native-regional-fracture-0-panel-26-section-10-band-2
Fra:1 Mem:30.18M (Peak 30.18M) | Time:00:00.01 | Mem:0.00M, Peak:0.00M | Scene, ViewLayer | Synchronizing object | GEO-native-regional-fracture-0-panel-26-section-10-band-1
Fra:1 Mem:30.18M (Peak 30.18M) | Time:00:00.01 | Mem:0.00M, Peak:0.00M | Scene, ViewLayer | Synchronizing object | GEO-native-regional-fracture-0-panel-26-section-9-band-2
Fra:1 Mem:30.18M (Peak 30.18M) | Time:00:00.01 | Mem:0.00M, Peak:0.00M | Scene, ViewLayer | Synchronizing object | GEO-native-regional-fracture-0-panel-26-section-8-band-2
Fra:1 Mem:30.18M (Peak 30.18M) | Time:00:00.01 | Mem:0.00M, Peak:0.00M | Scene, ViewLayer | Synchronizing object | GEO-native-regional-fracture-0-panel-26-section-8-band-1
Fra:1 Mem:30.18M (Peak 30.18M) | Time:00:00.01 | Mem:0.00M, Peak:0.00M | Scene, ViewLayer | Synchronizing object | GEO-native-regional-fracture-0-panel-26-section-7-band-2
Fra:1 Mem:30.18M (Peak 30.18M) | Time:00:00.01 | Mem:0.00M, Peak:0.00M | Scene, ViewLayer | Synchronizing object | GEO-native-regional-fracture-0-panel-26-section-7-band-1
Fra:1 Mem:30.18M (Peak 30.18M) | Time:00:00.01 | Mem:0.00M, Peak:0.00M | Scene, ViewLayer | Synchronizing object | GEO-native-regional-fracture-0-panel-26-section-6-band-2
Fra:1 Mem:30.18M (Peak 30.18M) | Time:00:00.01 | Mem:0.00M, Peak:0.00M | Scene, ViewLayer | Synchronizing object | GEO-native-regional-fracture-0-panel-26-section-6-band-1
Fra:1 Mem:30.19M (Peak 30.19M) | Time:00:00.01 | Mem:0.00M, Peak:0.00M | Scene, ViewLayer | Synchronizing object | GEO-native-regional-fracture-0-panel-26-section-6-band-0
Fra:1 Mem:30.19M (Peak 30.19M) | Time:00:00.01 | Mem:0.00M, Peak:0.00M | Scene, ViewLayer | Synchronizing object | GEO-native-regional-fracture-1-panel-25-section-11-band-2
Fra:1 Mem:30.19M (Peak 30.19M) | Time:00:00.01 | Mem:0.00M, Peak:0.00M | Scene, ViewLayer | Synchronizing object | GEO-native-regional-fracture-1-panel-25-section-10-band-2
Fra:1 Mem:30.19M (Peak 30.19M) | Time:00:00.01 | Mem:0.00M, Peak:0.00M | Scene, ViewLayer | Synchronizing object | GEO-native-regional-fracture-1-panel-24-section-11-band-2
Fra:1 Mem:30.19M (Peak 30.19M) | Time:00:00.01 | Mem:0.00M, Peak:0.00M | Scene, ViewLayer | Synchronizing object | GEO-native-regional-fracture-1-panel-24-section-11-band-1
Fra:1 Mem:30.19M (Peak 30.19M) | Time:00:00.01 | Mem:0.00M, Peak:0.00M | Scene, ViewLayer | Synchronizing object | GEO-native-regional-fracture-1-panel-24-section-11-band-0
Fra:1 Mem:30.19M (Peak 30.19M) | Time:00:00.01 | Mem:0.00M, Peak:0.00M | Scene, ViewLayer | Synchronizing object | GEO-native-regional-fracture-1-panel-24-section-10-band-2
Fra:1 Mem:30.19M (Peak 30.19M) | Time:00:00.01 | Mem:0.00M, Peak:0.00M | Scene, ViewLayer | Synchronizing object | GEO-native-regional-fracture-1-panel-24-section-10-band-1
Fra:1 Mem:30.19M (Peak 30.19M) | Time:00:00.01 | Mem:0.00M, Peak:0.00M | Scene, ViewLayer | Synchronizing object | GEO-native-regional-fracture-1-panel-24-section-10-band-0
Fra:1 Mem:30.20M (Peak 30.20M) | Time:00:00.01 | Mem:0.00M, Peak:0.00M | Scene, ViewLayer | Synchronizing object | GEO-native-regional-fracture-0-panel-23-section-6-band-2
Fra:1 Mem:30.20M (Peak 30.20M) | Time:00:00.01 | Mem:0.00M, Peak:0.00M | Scene, ViewLayer | Synchronizing object | GEO-native-regional-fracture-0-panel-23-section-6-band-1
Fra:1 Mem:30.20M (Peak 30.20M) | Time:00:00.01 | Mem:0.00M, Peak:0.00M | Scene, ViewLayer | Synchronizing object | GEO-native-regional-fracture-0-panel-23-section-5-band-2
Fra:1 Mem:30.20M (Peak 30.20M) | Time:00:00.01 | Mem:0.00M, Peak:0.00M | Scene, ViewLayer | Synchronizing object | GEO-native-regional-fracture-0-panel-23-section-5-band-1
Fra:1 Mem:30.20M (Peak 30.20M) | Time:00:00.01 | Mem:0.00M, Peak:0.00M | Scene, ViewLayer | Synchronizing object | GEO-native-regional-fracture-0-panel-23-section-4-band-2
Fra:1 Mem:30.20M (Peak 30.20M) | Time:00:00.01 | Mem:0.00M, Peak:0.00M | Scene, ViewLayer | Synchronizing object | GEO-native-regional-fracture-0-panel-23-section-3-band-2
Fra:1 Mem:30.20M (Peak 30.20M) | Time:00:00.01 | Mem:0.00M, Peak:0.00M | Scene, ViewLayer | Synchronizing object | GEO-native-regional-fracture-0-panel-23-section-3-band-1
Fra:1 Mem:30.20M (Peak 30.20M) | Time:00:00.01 | Mem:0.00M, Peak:0.00M | Scene, ViewLayer | Synchronizing object | GEO-native-regional-fracture-0-panel-23-section-2-band-2
Fra:1 Mem:30.20M (Peak 30.20M) | Time:00:00.01 | Mem:0.00M, Peak:0.00M | Scene, ViewLayer | Synchronizing object | GEO-native-regional-fracture-1-panel-22-section-11-band-2
Fra:1 Mem:30.21M (Peak 30.21M) | Time:00:00.01 | Mem:0.00M, Peak:0.00M | Scene, ViewLayer | Synchronizing object | GEO-native-regional-fracture-1-panel-22-section-11-band-1
Fra:1 Mem:30.21M (Peak 30.21M) | Time:00:00.01 | Mem:0.00M, Peak:0.00M | Scene, ViewLayer | Synchronizing object | GEO-native-regional-fracture-1-panel-22-section-11-band-0
Fra:1 Mem:30.21M (Peak 30.21M) | Time:00:00.01 | Mem:0.00M, Peak:0.00M | Scene, ViewLayer | Synchronizing object | GEO-native-regional-fracture-2-panel-13-section-11-band-1
Fra:1 Mem:30.21M (Peak 30.21M) | Time:00:00.01 | Mem:0.00M, Peak:0.00M | Scene, ViewLayer | Synchronizing object | GEO-native-regional-fracture-2-panel-13-section-11-band-0
Fra:1 Mem:30.21M (Peak 30.21M) | Time:00:00.01 | Mem:0.00M, Peak:0.00M | Scene, ViewLayer | Synchronizing object | GEO-native-regional-fracture-2-panel-13-section-10-band-0
Fra:1 Mem:30.21M (Peak 30.21M) | Time:00:00.01 | Mem:0.00M, Peak:0.00M | Scene, ViewLayer | Synchronizing object | GEO-native-regional-fracture-2-panel-12-section-11-band-0
Fra:1 Mem:30.21M (Peak 30.21M) | Time:00:00.01 | Mem:0.00M, Peak:0.00M | Scene, ViewLayer | Synchronizing object | GEO-native-regional-fracture-2-panel-12-section-10-band-0
Fra:1 Mem:30.21M (Peak 30.21M) | Time:00:00.01 | Mem:0.00M, Peak:0.00M | Scene, ViewLayer | Synchronizing object | GEO-native-regional-fracture-2-panel-12-section-9-band-0
Fra:1 Mem:30.21M (Peak 30.21M) | Time:00:00.01 | Mem:0.00M, Peak:0.00M | Scene, ViewLayer | Synchronizing object | GEO-native-regional-fracture-1-panel-11-section-2-band-2
Fra:1 Mem:30.21M (Peak 30.21M) | Time:00:00.01 | Mem:0.00M, Peak:0.00M | Scene, ViewLayer | Synchronizing object | GEO-native-regional-fracture-1-panel-11-section-2-band-1
Fra:1 Mem:30.22M (Peak 30.22M) | Time:00:00.01 | Mem:0.00M, Peak:0.00M | Scene, ViewLayer | Synchronizing object | GEO-native-regional-fracture-1-panel-11-section-2-band-0
Fra:1 Mem:30.22M (Peak 30.22M) | Time:00:00.01 | Mem:0.00M, Peak:0.00M | Scene, ViewLayer | Synchronizing object | GEO-native-regional-fracture-1-panel-11-section-1-band-0
Fra:1 Mem:30.22M (Peak 30.22M) | Time:00:00.01 | Mem:0.00M, Peak:0.00M | Scene, ViewLayer | Synchronizing object | GEO-native-regional-fracture-1-panel-10-section-1-band-2
Fra:1 Mem:30.22M (Peak 30.22M) | Time:00:00.01 | Mem:0.00M, Peak:0.00M | Scene, ViewLayer | Synchronizing object | GEO-native-regional-fracture-1-panel-10-section-1-band-1
Fra:1 Mem:30.22M (Peak 30.22M) | Time:00:00.01 | Mem:0.00M, Peak:0.00M | Scene, ViewLayer | Synchronizing object | GEO-native-regional-fracture-1-panel-10-section-1-band-0
Fra:1 Mem:30.22M (Peak 30.22M) | Time:00:00.01 | Mem:0.00M, Peak:0.00M | Scene, ViewLayer | Synchronizing object | GEO-native-regional-fracture-1-panel-10-section-0-band-2
Fra:1 Mem:30.22M (Peak 30.22M) | Time:00:00.01 | Mem:0.00M, Peak:0.00M | Scene, ViewLayer | Synchronizing object | GEO-native-regional-fracture-1-panel-10-section-0-band-1
Fra:1 Mem:30.22M (Peak 30.22M) | Time:00:00.01 | Mem:0.00M, Peak:0.00M | Scene, ViewLayer | Synchronizing object | GEO-native-regional-fracture-2-panel-8-section-10-band-2
Fra:1 Mem:30.22M (Peak 30.22M) | Time:00:00.01 | Mem:0.00M, Peak:0.00M | Scene, ViewLayer | Synchronizing object | GEO-native-regional-fracture-2-panel-8-section-10-band-1
Fra:1 Mem:30.23M (Peak 30.23M) | Time:00:00.01 | Mem:0.00M, Peak:0.00M | Scene, ViewLayer | Synchronizing object | GEO-native-regional-fracture-2-panel-8-section-10-band-0
Fra:1 Mem:30.23M (Peak 30.23M) | Time:00:00.01 | Mem:0.00M, Peak:0.00M | Scene, ViewLayer | Synchronizing object | GEO-native-regional-fracture-2-panel-8-section-9-band-2
Fra:1 Mem:30.23M (Peak 30.23M) | Time:00:00.01 | Mem:0.00M, Peak:0.00M | Scene, ViewLayer | Synchronizing object | GEO-native-regional-fracture-2-panel-8-section-9-band-1
Fra:1 Mem:30.23M (Peak 30.23M) | Time:00:00.01 | Mem:0.00M, Peak:0.00M | Scene, ViewLayer | Synchronizing object | GEO-native-regional-fracture-2-panel-8-section-9-band-0
Fra:1 Mem:30.23M (Peak 30.23M) | Time:00:00.01 | Mem:0.00M, Peak:0.00M | Scene, ViewLayer | Synchronizing object | GEO-native-regional-fracture-2-panel-8-section-8-band-2
Fra:1 Mem:30.23M (Peak 30.23M) | Time:00:00.01 | Mem:0.00M, Peak:0.00M | Scene, ViewLayer | Synchronizing object | GEO-native-regional-fracture-2-panel-8-section-8-band-1
Fra:1 Mem:30.23M (Peak 30.23M) | Time:00:00.01 | Mem:0.00M, Peak:0.00M | Scene, ViewLayer | Synchronizing object | GEO-native-regional-fracture-2-panel-8-section-8-band-0
Fra:1 Mem:30.23M (Peak 30.23M) | Time:00:00.01 | Mem:0.00M, Peak:0.00M | Scene, ViewLayer | Synchronizing object | GEO-native-regional-fracture-2-panel-8-section-7-band-2
Fra:1 Mem:30.24M (Peak 30.24M) | Time:00:00.01 | Mem:0.00M, Peak:0.00M | Scene, ViewLayer | Synchronizing object | GEO-native-regional-fracture-2-panel-8-section-7-band-1
Fra:1 Mem:30.24M (Peak 30.24M) | Time:00:00.01 | Mem:0.00M, Peak:0.00M | Scene, ViewLayer | Synchronizing object | GEO-native-regional-fracture-2-panel-8-section-7-band-0
Fra:1 Mem:30.24M (Peak 30.24M) | Time:00:00.01 | Mem:0.00M, Peak:0.00M | Scene, ViewLayer | Synchronizing object | GEO-native-regional-fracture-2-panel-7-section-7-band-2
Fra:1 Mem:30.24M (Peak 30.24M) | Time:00:00.01 | Mem:0.00M, Peak:0.00M | Scene, ViewLayer | Synchronizing object | GEO-native-regional-fracture-2-panel-7-section-6-band-2
Fra:1 Mem:30.24M (Peak 30.24M) | Time:00:00.01 | Mem:0.00M, Peak:0.00M | Scene, ViewLayer | Synchronizing object | GEO-native-regional-fracture-2-panel-7-section-6-band-1
Fra:1 Mem:30.24M (Peak 30.24M) | Time:00:00.01 | Mem:0.00M, Peak:0.00M | Scene, ViewLayer | Synchronizing object | GEO-native-regional-fracture-2-panel-7-section-5-band-2
Fra:1 Mem:30.24M (Peak 30.24M) | Time:00:00.01 | Mem:0.00M, Peak:0.00M | Scene, ViewLayer | Synchronizing object | GEO-native-regional-fracture-2-panel-7-section-5-band-1
Fra:1 Mem:30.24M (Peak 30.24M) | Time:00:00.01 | Mem:0.00M, Peak:0.00M | Scene, ViewLayer | Synchronizing object | GEO-native-regional-fracture-2-panel-7-section-4-band-2
Fra:1 Mem:30.24M (Peak 30.24M) | Time:00:00.01 | Mem:0.00M, Peak:0.00M | Scene, ViewLayer | Synchronizing object | GEO-native-regional-fracture-2-panel-5-section-9-band-0
Fra:1 Mem:30.24M (Peak 30.24M) | Time:00:00.01 | Mem:0.00M, Peak:0.00M | Scene, ViewLayer | Synchronizing object | GEO-native-regional-fracture-2-panel-5-section-8-band-0
Fra:1 Mem:30.24M (Peak 30.24M) | Time:00:00.01 | Mem:0.00M, Peak:0.00M | Scene, ViewLayer | Synchronizing object | GEO-native-regional-fracture-2-panel-5-section-7-band-0
Fra:1 Mem:30.25M (Peak 30.25M) | Time:00:00.01 | Mem:0.00M, Peak:0.00M | Scene, ViewLayer | Synchronizing object | GEO-native-regional-fracture-2-panel-5-section-6-band-0
Fra:1 Mem:30.25M (Peak 30.25M) | Time:00:00.01 | Mem:0.00M, Peak:0.00M | Scene, ViewLayer | Synchronizing object | GEO-native-regional-fracture-2-panel-5-section-5-band-0
Fra:1 Mem:30.25M (Peak 30.25M) | Time:00:00.01 | Mem:0.00M, Peak:0.00M | Scene, ViewLayer | Synchronizing object | GEO-native-regional-fracture-2-panel-5-section-4-band-0
Fra:1 Mem:30.25M (Peak 30.25M) | Time:00:00.01 | Mem:0.00M, Peak:0.00M | Scene, ViewLayer | Synchronizing object | GEO-native-regional-fracture-2-panel-3-section-5-band-2
Fra:1 Mem:30.25M (Peak 30.25M) | Time:00:00.01 | Mem:0.00M, Peak:0.00M | Scene, ViewLayer | Synchronizing object | GEO-native-regional-fracture-2-panel-3-section-5-band-1
Fra:1 Mem:30.25M (Peak 30.25M) | Time:00:00.01 | Mem:0.00M, Peak:0.00M | Scene, ViewLayer | Synchronizing object | GEO-native-regional-fracture-2-panel-3-section-4-band-2
Fra:1 Mem:30.25M (Peak 30.25M) | Time:00:00.01 | Mem:0.00M, Peak:0.00M | Scene, ViewLayer | Synchronizing object | GEO-native-regional-fracture-2-panel-3-section-3-band-2
Fra:1 Mem:30.25M (Peak 30.25M) | Time:00:00.01 | Mem:0.00M, Peak:0.00M | Scene, ViewLayer | Synchronizing object | GEO-native-regional-fracture-2-panel-3-section-3-band-1
Fra:1 Mem:30.25M (Peak 30.25M) | Time:00:00.01 | Mem:0.00M, Peak:0.00M | Scene, ViewLayer | Synchronizing object | GEO-native-regional-fracture-2-panel-2-section-6-band-1
Fra:1 Mem:30.25M (Peak 30.25M) | Time:00:00.01 | Mem:0.00M, Peak:0.00M | Scene, ViewLayer | Synchronizing object | GEO-native-regional-fracture-2-panel-2-section-6-band-0
Fra:1 Mem:30.26M (Peak 30.26M) | Time:00:00.01 | Mem:0.00M, Peak:0.00M | Scene, ViewLayer | Synchronizing object | GEO-native-regional-fracture-2-panel-2-section-5-band-1
Fra:1 Mem:30.26M (Peak 30.26M) | Time:00:00.01 | Mem:0.00M, Peak:0.00M | Scene, ViewLayer | Synchronizing object | GEO-native-regional-fracture-2-panel-2-section-5-band-0
Fra:1 Mem:30.26M (Peak 30.26M) | Time:00:00.01 | Mem:0.00M, Peak:0.00M | Scene, ViewLayer | Synchronizing object | GEO-native-regional-fracture-2-panel-2-section-4-band-1
Fra:1 Mem:30.26M (Peak 30.26M) | Time:00:00.01 | Mem:0.00M, Peak:0.00M | Scene, ViewLayer | Synchronizing object | GEO-native-regional-fracture-2-panel-2-section-4-band-0
Fra:1 Mem:30.26M (Peak 30.26M) | Time:00:00.01 | Mem:0.00M, Peak:0.00M | Scene, ViewLayer | Synchronizing object | GEO-native-regional-fracture-2-panel-2-section-3-band-2
Fra:1 Mem:30.26M (Peak 30.26M) | Time:00:00.01 | Mem:0.00M, Peak:0.00M | Scene, ViewLayer | Synchronizing object | GEO-native-regional-fracture-2-panel-2-section-3-band-1
Fra:1 Mem:30.26M (Peak 30.26M) | Time:00:00.01 | Mem:0.00M, Peak:0.00M | Scene, ViewLayer | Synchronizing object | GEO-native-regional-fracture-2-panel-2-section-3-band-0
Fra:1 Mem:30.26M (Peak 30.26M) | Time:00:00.01 | Mem:0.00M, Peak:0.00M | Scene, ViewLayer | Synchronizing object | GEO-native-regional-fracture-2-panel-2-section-2-band-2
Fra:1 Mem:30.26M (Peak 30.26M) | Time:00:00.01 | Mem:0.00M, Peak:0.00M | Scene, ViewLayer | Synchronizing object | GEO-native-regional-fracture-2-panel-2-section-2-band-1
Fra:1 Mem:30.26M (Peak 30.26M) | Time:00:00.01 | Mem:0.00M, Peak:0.00M | Scene, ViewLayer | Synchronizing object | GEO-native-regional-fracture-2-panel-2-section-2-band-0
Fra:1 Mem:30.26M (Peak 30.26M) | Time:00:00.01 | Mem:0.00M, Peak:0.00M | Scene, ViewLayer | Synchronizing object | GEO-native-regional-fracture-2-panel-1-section-4-band-0
Fra:1 Mem:30.27M (Peak 30.27M) | Time:00:00.01 | Mem:0.00M, Peak:0.00M | Scene, ViewLayer | Synchronizing object | GEO-native-regional-fracture-2-panel-1-section-3-band-0
Fra:1 Mem:30.27M (Peak 30.27M) | Time:00:00.01 | Mem:0.00M, Peak:0.00M | Scene, ViewLayer | Synchronizing object | GEO-native-regional-fracture-2-panel-1-section-2-band-0
Fra:1 Mem:30.27M (Peak 30.27M) | Time:00:00.01 | Mem:0.00M, Peak:0.00M | Scene, ViewLayer | Synchronizing object | GEO-planets--crystal-moon-1-connected-crystalline-body
Fra:1 Mem:30.59M (Peak 30.59M) | Time:00:00.01 | Mem:0.00M, Peak:0.00M | Scene, ViewLayer | Initializing
Fra:1 Mem:29.65M (Peak 30.59M) | Time:00:00.01 | Mem:0.00M, Peak:0.00M | Scene, ViewLayer | Updating Images | Loading Crystal9-material-7
Fra:1 Mem:29.90M (Peak 30.59M) | Time:00:00.01 | Mem:0.00M, Peak:0.00M | Scene, ViewLayer | Updating Images | Loading Crystal9-material-0
Fra:1 Mem:30.16M (Peak 30.59M) | Time:00:00.01 | Mem:0.25M, Peak:0.25M | Scene, ViewLayer | Updating Images | Loading Crystal9-roughness-0
Fra:1 Mem:30.41M (Peak 30.59M) | Time:00:00.01 | Mem:0.50M, Peak:0.50M | Scene, ViewLayer | Updating Images | Loading Crystal9-material-1
Fra:1 Mem:30.66M (Peak 30.66M) | Time:00:00.01 | Mem:0.75M, Peak:0.75M | Scene, ViewLayer | Updating Images | Loading Crystal9-roughness-1
Fra:1 Mem:30.91M (Peak 30.91M) | Time:00:00.01 | Mem:1.00M, Peak:1.00M | Scene, ViewLayer | Updating Images | Loading Crystal9-material-2
Fra:1 Mem:31.16M (Peak 31.16M) | Time:00:00.01 | Mem:1.25M, Peak:1.25M | Scene, ViewLayer | Updating Images | Loading Crystal9-material-6
Fra:1 Mem:31.41M (Peak 31.41M) | Time:00:00.02 | Mem:1.50M, Peak:1.50M | Scene, ViewLayer | Updating Images | Loading Crystal9-roughness-2
Fra:1 Mem:31.66M (Peak 31.66M) | Time:00:00.02 | Mem:1.75M, Peak:1.75M | Scene, ViewLayer | Updating Images | Loading Crystal9-material-5
Fra:1 Mem:31.91M (Peak 31.91M) | Time:00:00.02 | Mem:2.00M, Peak:2.00M | Scene, ViewLayer | Updating Images | Loading Crystal9-material-3
Fra:1 Mem:32.16M (Peak 32.16M) | Time:00:00.02 | Mem:2.25M, Peak:2.25M | Scene, ViewLayer | Updating Images | Loading Crystal9-material-4
Fra:1 Mem:25.06M (Peak 32.16M) | Time:00:00.02 | Mem:2.75M, Peak:2.75M | Scene, ViewLayer | Waiting for render to start
Fra:1 Mem:25.06M (Peak 32.16M) | Time:00:00.02 | Mem:2.75M, Peak:2.75M | Scene, ViewLayer | Loading render kernels (may take a few minutes the first time)
Fra:1 Mem:25.06M (Peak 32.16M) | Time:00:00.02 | Mem:2.75M, Peak:2.75M | Scene, ViewLayer | Updating Scene
Fra:1 Mem:25.06M (Peak 32.16M) | Time:00:00.02 | Mem:2.75M, Peak:2.75M | Scene, ViewLayer | Updating Shaders
Fra:1 Mem:25.15M (Peak 32.16M) | Time:00:00.02 | Mem:2.76M, Peak:2.76M | Scene, ViewLayer | Updating Procedurals
Fra:1 Mem:25.15M (Peak 32.16M) | Time:00:00.02 | Mem:2.76M, Peak:2.76M | Scene, ViewLayer | Updating Background
Fra:1 Mem:25.15M (Peak 32.16M) | Time:00:00.02 | Mem:2.76M, Peak:2.76M | Scene, ViewLayer | Updating Camera
Fra:1 Mem:25.15M (Peak 32.16M) | Time:00:00.02 | Mem:2.76M, Peak:2.76M | Scene, ViewLayer | Updating Meshes Flags
Fra:1 Mem:25.15M (Peak 32.16M) | Time:00:00.02 | Mem:2.76M, Peak:2.76M | Scene, ViewLayer | Updating Objects
Fra:1 Mem:25.15M (Peak 32.16M) | Time:00:00.02 | Mem:2.76M, Peak:2.76M | Scene, ViewLayer | Updating Objects | Copying Transformations to device
Fra:1 Mem:25.21M (Peak 32.16M) | Time:00:00.02 | Mem:2.81M, Peak:2.81M | Scene, ViewLayer | Updating Objects | Applying Static Transformations
Fra:1 Mem:25.21M (Peak 32.16M) | Time:00:00.02 | Mem:2.81M, Peak:2.81M | Scene, ViewLayer | Updating Particle Systems
Fra:1 Mem:25.21M (Peak 32.16M) | Time:00:00.02 | Mem:2.81M, Peak:2.81M | Scene, ViewLayer | Updating Particle Systems | Copying Particles to device
Fra:1 Mem:25.21M (Peak 32.16M) | Time:00:00.02 | Mem:2.81M, Peak:2.81M | Scene, ViewLayer | Updating Meshes
Fra:1 Mem:25.28M (Peak 32.16M) | Time:00:00.02 | Mem:2.81M, Peak:2.81M | Scene, ViewLayer | Updating Mesh | Computing attributes
Fra:1 Mem:25.56M (Peak 32.16M) | Time:00:00.02 | Mem:2.83M, Peak:2.83M | Scene, ViewLayer | Updating Mesh | Copying Attributes to device
Fra:1 Mem:25.51M (Peak 32.16M) | Time:00:00.02 | Mem:3.04M, Peak:3.04M | Scene, ViewLayer | Updating Scene BVH | Building
Fra:1 Mem:25.51M (Peak 32.16M) | Time:00:00.02 | Mem:3.04M, Peak:3.04M | Scene, ViewLayer | Updating Scene BVH | Building BVH
Fra:1 Mem:25.51M (Peak 32.16M) | Time:00:00.02 | Mem:3.19M, Peak:3.19M | Scene, ViewLayer | Updating Scene BVH | Building BVH 0%
Fra:1 Mem:25.51M (Peak 32.16M) | Time:00:00.02 | Mem:3.33M, Peak:3.48M | Scene, ViewLayer | Updating Scene BVH | Copying BVH to device
Fra:1 Mem:25.51M (Peak 32.16M) | Time:00:00.02 | Mem:3.33M, Peak:3.48M | Scene, ViewLayer | Updating Mesh | Computing normals
Fra:1 Mem:25.85M (Peak 32.16M) | Time:00:00.02 | Mem:3.33M, Peak:3.48M | Scene, ViewLayer | Updating Mesh | Copying Mesh to device
Fra:1 Mem:25.85M (Peak 32.16M) | Time:00:00.02 | Mem:3.68M, Peak:3.68M | Scene, ViewLayer | Updating Objects Flags
Fra:1 Mem:25.85M (Peak 32.16M) | Time:00:00.02 | Mem:3.68M, Peak:3.68M | Scene, ViewLayer | Updating Primitive Offsets
Fra:1 Mem:25.85M (Peak 32.16M) | Time:00:00.02 | Mem:3.68M, Peak:3.68M | Scene, ViewLayer | Updating Images
Fra:1 Mem:25.85M (Peak 32.16M) | Time:00:00.02 | Mem:3.68M, Peak:3.68M | Scene, ViewLayer | Updating Camera Volume
Fra:1 Mem:25.85M (Peak 32.16M) | Time:00:00.02 | Mem:3.68M, Peak:3.68M | Scene, ViewLayer | Updating Lookup Tables
Fra:1 Mem:25.85M (Peak 32.16M) | Time:00:00.02 | Mem:3.76M, Peak:3.76M | Scene, ViewLayer | Updating Lights
Fra:1 Mem:25.86M (Peak 32.16M) | Time:00:00.02 | Mem:3.76M, Peak:3.76M | Scene, ViewLayer | Updating Lights | Computing tree
Fra:1 Mem:25.99M (Peak 32.16M) | Time:00:00.02 | Mem:3.89M, Peak:3.89M | Scene, ViewLayer | Updating Integrator
Fra:1 Mem:25.99M (Peak 32.16M) | Time:00:00.02 | Mem:3.89M, Peak:3.89M | Scene, ViewLayer | Updating Film
Fra:1 Mem:25.99M (Peak 32.16M) | Time:00:00.02 | Mem:3.81M, Peak:3.89M | Scene, ViewLayer | Updating Lookup Tables
Fra:1 Mem:25.99M (Peak 32.16M) | Time:00:00.02 | Mem:3.89M, Peak:3.89M | Scene, ViewLayer | Updating Baking
Fra:1 Mem:25.99M (Peak 32.16M) | Time:00:00.02 | Mem:3.89M, Peak:3.89M | Scene, ViewLayer | Updating Device | Writing constant memory
Fra:1 Mem:25.99M (Peak 32.16M) | Time:00:00.02 | Mem:3.89M, Peak:3.89M | Scene, ViewLayer | Sample 0/32
Fra:1 Mem:26.21M (Peak 32.16M) | Time:00:00.03 | Remaining:00:00.12 | Mem:4.11M, Peak:4.11M | Scene, ViewLayer | Sample 1/32
Fra:1 Mem:26.30M (Peak 32.16M) | Time:00:00.13 | Mem:4.11M, Peak:4.11M | Scene, ViewLayer | Sample 32/32
Fra:1 Mem:26.30M (Peak 32.16M) | Time:00:00.13 | Mem:4.11M, Peak:4.11M | Scene, ViewLayer | Finished
Saved: '/root/sidereal_spacetime/output/playwright/planet-reference-20260914/crystal-moons-r008-parity/moon-1-gltf-front-faces-only-reference-scale.png'
Time: 00:00.13 (Saving: 00:00.00)

Read blend: "/root/sidereal_spacetime/output/playwright/planet-reference-20260914/crystal-moon-2-r008/kit.blend"
Fra:1 Mem:21.43M (Peak 21.43M) | Time:00:00.00 | Mem:0.00M, Peak:0.00M | Scene, ViewLayer | Synchronizing object | GEO-planets--crystal-moon-2-connected-crystalline-body
Fra:1 Mem:21.57M (Peak 21.57M) | Time:00:00.00 | Mem:0.00M, Peak:0.00M | Scene, ViewLayer | Synchronizing object | GEO-native-regional-fracture-2-panel-1-section-5-band-2
Fra:1 Mem:21.58M (Peak 21.58M) | Time:00:00.00 | Mem:0.00M, Peak:0.00M | Scene, ViewLayer | Synchronizing object | GEO-native-regional-fracture-2-panel-1-section-6-band-0
Fra:1 Mem:21.58M (Peak 21.58M) | Time:00:00.00 | Mem:0.00M, Peak:0.00M | Scene, ViewLayer | Synchronizing object | GEO-native-regional-fracture-2-panel-1-section-6-band-1
Fra:1 Mem:21.58M (Peak 21.58M) | Time:00:00.00 | Mem:0.00M, Peak:0.00M | Scene, ViewLayer | Synchronizing object | GEO-native-regional-fracture-2-panel-1-section-6-band-2
Fra:1 Mem:21.58M (Peak 21.58M) | Time:00:00.00 | Mem:0.00M, Peak:0.00M | Scene, ViewLayer | Synchronizing object | GEO-native-regional-fracture-2-panel-1-section-7-band-0
Fra:1 Mem:21.59M (Peak 21.59M) | Time:00:00.00 | Mem:0.00M, Peak:0.00M | Scene, ViewLayer | Synchronizing object | GEO-native-regional-fracture-2-panel-1-section-7-band-1
Fra:1 Mem:21.59M (Peak 21.59M) | Time:00:00.00 | Mem:0.00M, Peak:0.00M | Scene, ViewLayer | Synchronizing object | GEO-native-regional-fracture-2-panel-1-section-7-band-2
Fra:1 Mem:21.59M (Peak 21.59M) | Time:00:00.00 | Mem:0.00M, Peak:0.00M | Scene, ViewLayer | Synchronizing object | GEO-native-regional-fracture-2-panel-1-section-8-band-0
Fra:1 Mem:21.59M (Peak 21.59M) | Time:00:00.00 | Mem:0.00M, Peak:0.00M | Scene, ViewLayer | Synchronizing object | GEO-native-regional-fracture-2-panel-1-section-8-band-1
Fra:1 Mem:21.59M (Peak 21.59M) | Time:00:00.00 | Mem:0.00M, Peak:0.00M | Scene, ViewLayer | Synchronizing object | GEO-native-regional-fracture-2-panel-1-section-8-band-2
Fra:1 Mem:21.60M (Peak 21.60M) | Time:00:00.00 | Mem:0.00M, Peak:0.00M | Scene, ViewLayer | Synchronizing object | GEO-native-regional-fracture-1-panel-2-section-0-band-1
Fra:1 Mem:21.60M (Peak 21.60M) | Time:00:00.00 | Mem:0.00M, Peak:0.00M | Scene, ViewLayer | Synchronizing object | GEO-native-regional-fracture-1-panel-2-section-0-band-2
Fra:1 Mem:21.60M (Peak 21.60M) | Time:00:00.00 | Mem:0.00M, Peak:0.00M | Scene, ViewLayer | Synchronizing object | GEO-native-regional-fracture-1-panel-2-section-1-band-0
Fra:1 Mem:21.60M (Peak 21.60M) | Time:00:00.00 | Mem:0.00M, Peak:0.00M | Scene, ViewLayer | Synchronizing object | GEO-native-regional-fracture-1-panel-2-section-1-band-1
Fra:1 Mem:21.60M (Peak 21.60M) | Time:00:00.00 | Mem:0.00M, Peak:0.00M | Scene, ViewLayer | Synchronizing object | GEO-native-regional-fracture-1-panel-2-section-1-band-2
Fra:1 Mem:21.61M (Peak 21.61M) | Time:00:00.00 | Mem:0.00M, Peak:0.00M | Scene, ViewLayer | Synchronizing object | GEO-native-regional-fracture-1-panel-2-section-2-band-0
Fra:1 Mem:21.61M (Peak 21.61M) | Time:00:00.00 | Mem:0.00M, Peak:0.00M | Scene, ViewLayer | Synchronizing object | GEO-native-regional-fracture-1-panel-2-section-2-band-1
Fra:1 Mem:21.61M (Peak 21.61M) | Time:00:00.00 | Mem:0.00M, Peak:0.00M | Scene, ViewLayer | Synchronizing object | GEO-native-regional-fracture-1-panel-2-section-2-band-2
Fra:1 Mem:21.61M (Peak 21.61M) | Time:00:00.00 | Mem:0.00M, Peak:0.00M | Scene, ViewLayer | Synchronizing object | GEO-native-regional-fracture-1-panel-2-section-3-band-0
Fra:1 Mem:21.61M (Peak 21.61M) | Time:00:00.00 | Mem:0.00M, Peak:0.00M | Scene, ViewLayer | Synchronizing object | GEO-native-regional-fracture-1-panel-2-section-3-band-1
Fra:1 Mem:21.62M (Peak 21.62M) | Time:00:00.00 | Mem:0.00M, Peak:0.00M | Scene, ViewLayer | Synchronizing object | GEO-native-regional-fracture-1-panel-2-section-3-band-2
Fra:1 Mem:21.62M (Peak 21.62M) | Time:00:00.00 | Mem:0.00M, Peak:0.00M | Scene, ViewLayer | Synchronizing object | GEO-native-regional-fracture-1-panel-2-section-4-band-0
Fra:1 Mem:21.62M (Peak 21.62M) | Time:00:00.00 | Mem:0.00M, Peak:0.00M | Scene, ViewLayer | Synchronizing object | GEO-native-regional-fracture-1-panel-2-section-4-band-1
Fra:1 Mem:21.62M (Peak 21.62M) | Time:00:00.00 | Mem:0.00M, Peak:0.00M | Scene, ViewLayer | Synchronizing object | GEO-native-regional-fracture-1-panel-2-section-4-band-2
Fra:1 Mem:21.62M (Peak 21.62M) | Time:00:00.00 | Mem:0.00M, Peak:0.00M | Scene, ViewLayer | Synchronizing object | GEO-native-regional-fracture-1-panel-4-section-11-band-0
Fra:1 Mem:21.63M (Peak 21.63M) | Time:00:00.00 | Mem:0.00M, Peak:0.00M | Scene, ViewLayer | Synchronizing object | GEO-native-regional-fracture-1-panel-4-section-11-band-1
Fra:1 Mem:21.63M (Peak 21.63M) | Time:00:00.00 | Mem:0.00M, Peak:0.00M | Scene, ViewLayer | Synchronizing object | GEO-native-regional-fracture-1-panel-4-section-11-band-2
Fra:1 Mem:21.63M (Peak 21.63M) | Time:00:00.00 | Mem:0.00M, Peak:0.00M | Scene, ViewLayer | Synchronizing object | GEO-native-regional-fracture-0-panel-5-section-1-band-0
Fra:1 Mem:21.63M (Peak 21.63M) | Time:00:00.00 | Mem:0.00M, Peak:0.00M | Scene, ViewLayer | Synchronizing object | GEO-native-regional-fracture-0-panel-5-section-1-band-1
Fra:1 Mem:21.63M (Peak 21.63M) | Time:00:00.00 | Mem:0.00M, Peak:0.00M | Scene, ViewLayer | Synchronizing object | GEO-native-regional-fracture-0-panel-5-section-2-band-0
Fra:1 Mem:21.64M (Peak 21.64M) | Time:00:00.00 | Mem:0.00M, Peak:0.00M | Scene, ViewLayer | Synchronizing object | GEO-native-regional-fracture-0-panel-5-section-2-band-1
Fra:1 Mem:21.64M (Peak 21.64M) | Time:00:00.00 | Mem:0.00M, Peak:0.00M | Scene, ViewLayer | Synchronizing object | GEO-native-regional-fracture-0-panel-5-section-2-band-2
Fra:1 Mem:21.64M (Peak 21.64M) | Time:00:00.00 | Mem:0.00M, Peak:0.00M | Scene, ViewLayer | Synchronizing object | GEO-native-regional-fracture-0-panel-5-section-3-band-0
Fra:1 Mem:21.64M (Peak 21.64M) | Time:00:00.00 | Mem:0.00M, Peak:0.00M | Scene, ViewLayer | Synchronizing object | GEO-native-regional-fracture-0-panel-5-section-3-band-1
Fra:1 Mem:21.64M (Peak 21.64M) | Time:00:00.00 | Mem:0.00M, Peak:0.00M | Scene, ViewLayer | Synchronizing object | GEO-native-regional-fracture-0-panel-5-section-3-band-2
Fra:1 Mem:21.65M (Peak 21.65M) | Time:00:00.00 | Mem:0.00M, Peak:0.00M | Scene, ViewLayer | Synchronizing object | GEO-native-regional-fracture-0-panel-5-section-4-band-1
Fra:1 Mem:21.65M (Peak 21.65M) | Time:00:00.00 | Mem:0.00M, Peak:0.00M | Scene, ViewLayer | Synchronizing object | GEO-native-regional-fracture-0-panel-5-section-4-band-2
Fra:1 Mem:21.65M (Peak 21.65M) | Time:00:00.00 | Mem:0.00M, Peak:0.00M | Scene, ViewLayer | Synchronizing object | GEO-native-regional-fracture-0-panel-5-section-5-band-1
Fra:1 Mem:21.65M (Peak 21.65M) | Time:00:00.00 | Mem:0.00M, Peak:0.00M | Scene, ViewLayer | Synchronizing object | GEO-native-regional-fracture-1-panel-6-section-10-band-0
Fra:1 Mem:21.65M (Peak 21.65M) | Time:00:00.00 | Mem:0.00M, Peak:0.00M | Scene, ViewLayer | Synchronizing object | GEO-native-regional-fracture-1-panel-6-section-11-band-0
Fra:1 Mem:21.66M (Peak 21.66M) | Time:00:00.00 | Mem:0.00M, Peak:0.00M | Scene, ViewLayer | Synchronizing object | GEO-native-regional-fracture-1-panel-6-section-11-band-1
Fra:1 Mem:21.66M (Peak 21.66M) | Time:00:00.00 | Mem:0.00M, Peak:0.00M | Scene, ViewLayer | Synchronizing object | GEO-native-regional-fracture-0-panel-25-section-11-band-2
Fra:1 Mem:21.66M (Peak 21.66M) | Time:00:00.00 | Mem:0.00M, Peak:0.00M | Scene, ViewLayer | Synchronizing object | GEO-native-regional-fracture-1-panel-6-section-11-band-2
Fra:1 Mem:21.66M (Peak 21.66M) | Time:00:00.00 | Mem:0.00M, Peak:0.00M | Scene, ViewLayer | Synchronizing object | GEO-native-regional-fracture-0-panel-7-section-4-band-2
Fra:1 Mem:21.66M (Peak 21.66M) | Time:00:00.00 | Mem:0.00M, Peak:0.00M | Scene, ViewLayer | Synchronizing object | GEO-native-regional-fracture-0-panel-7-section-5-band-1
Fra:1 Mem:21.67M (Peak 21.67M) | Time:00:00.00 | Mem:0.00M, Peak:0.00M | Scene, ViewLayer | Synchronizing object | GEO-native-regional-fracture-0-panel-7-section-5-band-2
Fra:1 Mem:21.67M (Peak 21.67M) | Time:00:00.00 | Mem:0.00M, Peak:0.00M | Scene, ViewLayer | Synchronizing object | GEO-native-regional-fracture-0-panel-25-section-10-band-2
Fra:1 Mem:21.67M (Peak 21.67M) | Time:00:00.00 | Mem:0.00M, Peak:0.00M | Scene, ViewLayer | Synchronizing object | GEO-native-regional-fracture-0-panel-7-section-6-band-1
Fra:1 Mem:21.67M (Peak 21.67M) | Time:00:00.00 | Mem:0.00M, Peak:0.00M | Scene, ViewLayer | Synchronizing object | GEO-native-regional-fracture-0-panel-23-section-11-band-2
Fra:1 Mem:21.67M (Peak 21.67M) | Time:00:00.00 | Mem:0.00M, Peak:0.00M | Scene, ViewLayer | Synchronizing object | GEO-native-regional-fracture-0-panel-7-section-6-band-2
Fra:1 Mem:21.67M (Peak 21.67M) | Time:00:00.00 | Mem:0.00M, Peak:0.00M | Scene, ViewLayer | Synchronizing object | GEO-native-regional-fracture-0-panel-23-section-11-band-1
Fra:1 Mem:21.67M (Peak 21.67M) | Time:00:00.00 | Mem:0.00M, Peak:0.00M | Scene, ViewLayer | Synchronizing object | GEO-native-regional-fracture-0-panel-7-section-7-band-2
Fra:1 Mem:21.68M (Peak 21.68M) | Time:00:00.00 | Mem:0.00M, Peak:0.00M | Scene, ViewLayer | Synchronizing object | GEO-native-regional-fracture-0-panel-23-section-11-band-0
Fra:1 Mem:21.68M (Peak 21.68M) | Time:00:00.00 | Mem:0.00M, Peak:0.00M | Scene, ViewLayer | Synchronizing object | GEO-native-regional-fracture-0-panel-7-section-8-band-1
Fra:1 Mem:21.68M (Peak 21.68M) | Time:00:00.00 | Mem:0.00M, Peak:0.00M | Scene, ViewLayer | Synchronizing object | GEO-native-regional-fracture-0-panel-23-section-10-band-0
Fra:1 Mem:21.68M (Peak 21.68M) | Time:00:00.00 | Mem:0.00M, Peak:0.00M | Scene, ViewLayer | Synchronizing object | GEO-native-regional-fracture-0-panel-7-section-8-band-2
Fra:1 Mem:21.68M (Peak 21.68M) | Time:00:00.00 | Mem:0.00M, Peak:0.00M | Scene, ViewLayer | Synchronizing object | GEO-native-regional-fracture-2-panel-22-section-10-band-0
Fra:1 Mem:21.69M (Peak 21.69M) | Time:00:00.00 | Mem:0.00M, Peak:0.00M | Scene, ViewLayer | Synchronizing object | GEO-native-regional-fracture-2-panel-8-section-2-band-0
Fra:1 Mem:21.69M (Peak 21.69M) | Time:00:00.00 | Mem:0.00M, Peak:0.00M | Scene, ViewLayer | Synchronizing object | GEO-native-regional-fracture-2-panel-22-section-9-band-0
Fra:1 Mem:21.70M (Peak 21.70M) | Time:00:00.00 | Mem:0.00M, Peak:0.00M | Scene, ViewLayer | Synchronizing object | GEO-native-regional-fracture-2-panel-8-section-2-band-1
Fra:1 Mem:21.69M (Peak 21.70M) | Time:00:00.00 | Mem:0.00M, Peak:0.00M | Scene, ViewLayer | Synchronizing object | GEO-native-regional-fracture-2-panel-22-section-8-band-0
Fra:1 Mem:21.69M (Peak 21.70M) | Time:00:00.00 | Mem:0.00M, Peak:0.00M | Scene, ViewLayer | Synchronizing object | GEO-native-regional-fracture-2-panel-8-section-2-band-2
Fra:1 Mem:21.69M (Peak 21.70M) | Time:00:00.00 | Mem:0.00M, Peak:0.00M | Scene, ViewLayer | Synchronizing object | GEO-native-regional-fracture-2-panel-22-section-7-band-0
Fra:1 Mem:21.70M (Peak 21.70M) | Time:00:00.00 | Mem:0.00M, Peak:0.00M | Scene, ViewLayer | Synchronizing object | GEO-native-regional-fracture-1-panel-10-section-1-band-2
Fra:1 Mem:21.70M (Peak 21.70M) | Time:00:00.00 | Mem:0.00M, Peak:0.00M | Scene, ViewLayer | Synchronizing object | GEO-native-regional-fracture-0-panel-21-section-11-band-2
Fra:1 Mem:21.70M (Peak 21.70M) | Time:00:00.00 | Mem:0.00M, Peak:0.00M | Scene, ViewLayer | Synchronizing object | GEO-native-regional-fracture-1-panel-10-section-2-band-2
Fra:1 Mem:21.70M (Peak 21.70M) | Time:00:00.00 | Mem:0.00M, Peak:0.00M | Scene, ViewLayer | Synchronizing object | GEO-native-regional-fracture-0-panel-21-section-10-band-2
Fra:1 Mem:21.70M (Peak 21.70M) | Time:00:00.00 | Mem:0.00M, Peak:0.00M | Scene, ViewLayer | Synchronizing object | GEO-native-regional-fracture-1-panel-10-section-3-band-1
Fra:1 Mem:21.70M (Peak 21.70M) | Time:00:00.00 | Mem:0.00M, Peak:0.00M | Scene, ViewLayer | Synchronizing object | GEO-native-regional-fracture-0-panel-21-section-10-band-1
Fra:1 Mem:21.70M (Peak 21.70M) | Time:00:00.00 | Mem:0.00M, Peak:0.00M | Scene, ViewLayer | Synchronizing object | GEO-native-regional-fracture-1-panel-10-section-3-band-2
Fra:1 Mem:21.71M (Peak 21.71M) | Time:00:00.00 | Mem:0.00M, Peak:0.00M | Scene, ViewLayer | Synchronizing object | GEO-native-regional-fracture-0-panel-21-section-10-band-0
Fra:1 Mem:21.71M (Peak 21.71M) | Time:00:00.00 | Mem:0.00M, Peak:0.00M | Scene, ViewLayer | Synchronizing object | GEO-native-regional-fracture-1-panel-10-section-4-band-2
Fra:1 Mem:21.71M (Peak 21.71M) | Time:00:00.00 | Mem:0.00M, Peak:0.00M | Scene, ViewLayer | Synchronizing object | GEO-native-regional-fracture-0-panel-21-section-9-band-2
Fra:1 Mem:21.71M (Peak 21.71M) | Time:00:00.00 | Mem:0.00M, Peak:0.00M | Scene, ViewLayer | Synchronizing object | GEO-native-regional-fracture-1-panel-10-section-5-band-1
Fra:1 Mem:21.71M (Peak 21.71M) | Time:00:00.00 | Mem:0.00M, Peak:0.00M | Scene, ViewLayer | Synchronizing object | GEO-native-regional-fracture-0-panel-21-section-9-band-1
Fra:1 Mem:21.72M (Peak 21.72M) | Time:00:00.00 | Mem:0.00M, Peak:0.00M | Scene, ViewLayer | Synchronizing object | GEO-native-regional-fracture-1-panel-10-section-5-band-2
Fra:1 Mem:21.72M (Peak 21.72M) | Time:00:00.00 | Mem:0.00M, Peak:0.00M | Scene, ViewLayer | Synchronizing object | GEO-native-regional-fracture-0-panel-21-section-9-band-0
Fra:1 Mem:21.72M (Peak 21.72M) | Time:00:00.00 | Mem:0.00M, Peak:0.00M | Scene, ViewLayer | Synchronizing object | GEO-native-regional-fracture-1-panel-10-section-6-band-1
Fra:1 Mem:21.72M (Peak 21.72M) | Time:00:00.00 | Mem:0.00M, Peak:0.00M | Scene, ViewLayer | Synchronizing object | GEO-native-regional-fracture-0-panel-21-section-8-band-2
Fra:1 Mem:21.72M (Peak 21.72M) | Time:00:00.00 | Mem:0.00M, Peak:0.00M | Scene, ViewLayer | Synchronizing object | GEO-native-regional-fracture-1-panel-10-section-6-band-2
Fra:1 Mem:21.72M (Peak 21.72M) | Time:00:00.00 | Mem:0.00M, Peak:0.00M | Scene, ViewLayer | Synchronizing object | GEO-native-regional-fracture-0-panel-21-section-8-band-1
Fra:1 Mem:21.72M (Peak 21.72M) | Time:00:00.00 | Mem:0.00M, Peak:0.00M | Scene, ViewLayer | Synchronizing object | GEO-native-regional-fracture-1-panel-10-section-7-band-2
Fra:1 Mem:21.72M (Peak 21.72M) | Time:00:00.00 | Mem:0.00M, Peak:0.00M | Scene, ViewLayer | Synchronizing object | GEO-native-regional-fracture-0-panel-21-section-8-band-0
Fra:1 Mem:21.73M (Peak 21.73M) | Time:00:00.00 | Mem:0.00M, Peak:0.00M | Scene, ViewLayer | Synchronizing object | GEO-native-regional-fracture-2-panel-11-section-2-band-0
Fra:1 Mem:21.73M (Peak 21.73M) | Time:00:00.00 | Mem:0.00M, Peak:0.00M | Scene, ViewLayer | Synchronizing object | GEO-native-regional-fracture-2-panel-17-section-6-band-2
Fra:1 Mem:21.73M (Peak 21.73M) | Time:00:00.00 | Mem:0.00M, Peak:0.00M | Scene, ViewLayer | Synchronizing object | GEO-native-regional-fracture-2-panel-11-section-2-band-1
Fra:1 Mem:21.73M (Peak 21.73M) | Time:00:00.00 | Mem:0.00M, Peak:0.00M | Scene, ViewLayer | Synchronizing object | GEO-native-regional-fracture-2-panel-17-section-5-band-2
Fra:1 Mem:21.73M (Peak 21.73M) | Time:00:00.00 | Mem:0.00M, Peak:0.00M | Scene, ViewLayer | Synchronizing object | GEO-native-regional-fracture-2-panel-11-section-2-band-2
Fra:1 Mem:21.73M (Peak 21.73M) | Time:00:00.00 | Mem:0.00M, Peak:0.00M | Scene, ViewLayer | Synchronizing object | GEO-native-regional-fracture-2-panel-17-section-4-band-2
Fra:1 Mem:21.74M (Peak 21.74M) | Time:00:00.00 | Mem:0.00M, Peak:0.00M | Scene, ViewLayer | Synchronizing object | GEO-native-regional-fracture-2-panel-11-section-3-band-0
Fra:1 Mem:21.74M (Peak 21.74M) | Time:00:00.00 | Mem:0.00M, Peak:0.00M | Scene, ViewLayer | Synchronizing object | GEO-native-regional-fracture-2-panel-17-section-4-band-1
Fra:1 Mem:21.74M (Peak 21.74M) | Time:00:00.00 | Mem:0.00M, Peak:0.00M | Scene, ViewLayer | Synchronizing object | GEO-native-regional-fracture-2-panel-11-section-3-band-1
Fra:1 Mem:21.74M (Peak 21.74M) | Time:00:00.00 | Mem:0.00M, Peak:0.00M | Scene, ViewLayer | Synchronizing object | GEO-native-regional-fracture-2-panel-17-section-4-band-0
Fra:1 Mem:21.74M (Peak 21.74M) | Time:00:00.00 | Mem:0.00M, Peak:0.00M | Scene, ViewLayer | Synchronizing object | GEO-native-regional-fracture-2-panel-11-section-3-band-2
Fra:1 Mem:21.74M (Peak 21.74M) | Time:00:00.00 | Mem:0.00M, Peak:0.00M | Scene, ViewLayer | Synchronizing object | GEO-native-regional-fracture-2-panel-17-section-3-band-2
Fra:1 Mem:21.74M (Peak 21.74M) | Time:00:00.00 | Mem:0.00M, Peak:0.00M | Scene, ViewLayer | Synchronizing object | GEO-native-regional-fracture-2-panel-11-section-4-band-2
Fra:1 Mem:21.76M (Peak 21.76M) | Time:00:00.00 | Mem:0.00M, Peak:0.00M | Scene, ViewLayer | Synchronizing object | GEO-native-regional-fracture-2-panel-17-section-3-band-1
Fra:1 Mem:21.75M (Peak 21.76M) | Time:00:00.00 | Mem:0.00M, Peak:0.00M | Scene, ViewLayer | Synchronizing object | GEO-native-regional-fracture-2-panel-11-section-5-band-2
Fra:1 Mem:21.75M (Peak 21.76M) | Time:00:00.00 | Mem:0.00M, Peak:0.00M | Scene, ViewLayer | Synchronizing object | GEO-native-regional-fracture-2-panel-17-section-3-band-0
Fra:1 Mem:21.75M (Peak 21.76M) | Time:00:00.00 | Mem:0.00M, Peak:0.00M | Scene, ViewLayer | Synchronizing object | GEO-native-regional-fracture-2-panel-14-section-2-band-0
Fra:1 Mem:21.75M (Peak 21.76M) | Time:00:00.00 | Mem:0.00M, Peak:0.00M | Scene, ViewLayer | Synchronizing object | GEO-native-regional-fracture-2-panel-17-section-2-band-1
Fra:1 Mem:21.75M (Peak 21.76M) | Time:00:00.00 | Mem:0.00M, Peak:0.00M | Scene, ViewLayer | Synchronizing object | GEO-native-regional-fracture-2-panel-14-section-3-band-0
Fra:1 Mem:21.75M (Peak 21.76M) | Time:00:00.00 | Mem:0.00M, Peak:0.00M | Scene, ViewLayer | Synchronizing object | GEO-native-regional-fracture-2-panel-17-section-2-band-0
Fra:1 Mem:21.76M (Peak 21.76M) | Time:00:00.00 | Mem:0.00M, Peak:0.00M | Scene, ViewLayer | Synchronizing object | GEO-native-regional-fracture-2-panel-14-section-4-band-0
Fra:1 Mem:21.77M (Peak 21.77M) | Time:00:00.00 | Mem:0.00M, Peak:0.00M | Scene, ViewLayer | Synchronizing object | GEO-native-regional-fracture-0-panel-16-section-5-band-1
Fra:1 Mem:21.76M (Peak 21.77M) | Time:00:00.00 | Mem:0.00M, Peak:0.00M | Scene, ViewLayer | Synchronizing object | GEO-native-regional-fracture-2-panel-14-section-4-band-1
Fra:1 Mem:21.76M (Peak 21.77M) | Time:00:00.00 | Mem:0.00M, Peak:0.00M | Scene, ViewLayer | Synchronizing object | GEO-native-regional-fracture-0-panel-16-section-5-band-0
Fra:1 Mem:21.76M (Peak 21.77M) | Time:00:00.00 | Mem:0.00M, Peak:0.00M | Scene, ViewLayer | Synchronizing object | GEO-native-regional-fracture-2-panel-14-section-4-band-2
Fra:1 Mem:21.76M (Peak 21.77M) | Time:00:00.00 | Mem:0.00M, Peak:0.00M | Scene, ViewLayer | Synchronizing object | GEO-native-regional-fracture-0-panel-16-section-4-band-1
Fra:1 Mem:21.77M (Peak 21.77M) | Time:00:00.00 | Mem:0.00M, Peak:0.00M | Scene, ViewLayer | Synchronizing object | GEO-native-regional-fracture-2-panel-14-section-5-band-0
Fra:1 Mem:21.77M (Peak 21.77M) | Time:00:00.00 | Mem:0.00M, Peak:0.00M | Scene, ViewLayer | Synchronizing object | GEO-native-regional-fracture-0-panel-16-section-4-band-0
Fra:1 Mem:21.77M (Peak 21.77M) | Time:00:00.00 | Mem:0.00M, Peak:0.00M | Scene, ViewLayer | Synchronizing object | GEO-native-regional-fracture-2-panel-14-section-5-band-1
Fra:1 Mem:21.77M (Peak 21.77M) | Time:00:00.00 | Mem:0.00M, Peak:0.00M | Scene, ViewLayer | Synchronizing object | GEO-native-regional-fracture-0-panel-16-section-3-band-1
Fra:1 Mem:21.77M (Peak 21.77M) | Time:00:00.00 | Mem:0.00M, Peak:0.00M | Scene, ViewLayer | Synchronizing object | GEO-native-regional-fracture-2-panel-14-section-5-band-2
Fra:1 Mem:21.77M (Peak 21.77M) | Time:00:00.00 | Mem:0.00M, Peak:0.00M | Scene, ViewLayer | Synchronizing object | GEO-native-regional-fracture-0-panel-16-section-3-band-0
Fra:1 Mem:21.77M (Peak 21.77M) | Time:00:00.00 | Mem:0.00M, Peak:0.00M | Scene, ViewLayer | Synchronizing object | GEO-native-regional-fracture-2-panel-14-section-6-band-0
Fra:1 Mem:21.78M (Peak 21.78M) | Time:00:00.00 | Mem:0.00M, Peak:0.00M | Scene, ViewLayer | Synchronizing object | GEO-native-regional-fracture-0-panel-16-section-2-band-0
Fra:1 Mem:21.78M (Peak 21.78M) | Time:00:00.00 | Mem:0.00M, Peak:0.00M | Scene, ViewLayer | Synchronizing object | GEO-native-regional-fracture-2-panel-14-section-6-band-1
Fra:1 Mem:21.78M (Peak 21.78M) | Time:00:00.00 | Mem:0.00M, Peak:0.00M | Scene, ViewLayer | Synchronizing object | GEO-native-regional-fracture-1-panel-15-section-10-band-2
Fra:1 Mem:21.78M (Peak 21.78M) | Time:00:00.00 | Mem:0.00M, Peak:0.00M | Scene, ViewLayer | Synchronizing object | GEO-native-regional-fracture-2-panel-14-section-6-band-2
Fra:1 Mem:21.78M (Peak 21.78M) | Time:00:00.00 | Mem:0.00M, Peak:0.00M | Scene, ViewLayer | Synchronizing object | GEO-native-regional-fracture-1-panel-15-section-9-band-2
Fra:1 Mem:21.78M (Peak 21.78M) | Time:00:00.00 | Mem:0.00M, Peak:0.00M | Scene, ViewLayer | Synchronizing object | GEO-native-regional-fracture-1-panel-15-section-2-band-2
Fra:1 Mem:21.78M (Peak 21.78M) | Time:00:00.00 | Mem:0.00M, Peak:0.00M | Scene, ViewLayer | Synchronizing object | GEO-native-regional-fracture-1-panel-15-section-8-band-2
Fra:1 Mem:21.78M (Peak 21.78M) | Time:00:00.00 | Mem:0.00M, Peak:0.00M | Scene, ViewLayer | Synchronizing object | GEO-native-regional-fracture-1-panel-15-section-3-band-2
Fra:1 Mem:21.79M (Peak 21.79M) | Time:00:00.00 | Mem:0.00M, Peak:0.00M | Scene, ViewLayer | Synchronizing object | GEO-native-regional-fracture-1-panel-15-section-7-band-2
Fra:1 Mem:21.79M (Peak 21.79M) | Time:00:00.00 | Mem:0.00M, Peak:0.00M | Scene, ViewLayer | Synchronizing object | GEO-native-regional-fracture-1-panel-15-section-4-band-2
Fra:1 Mem:21.79M (Peak 21.79M) | Time:00:00.00 | Mem:0.00M, Peak:0.00M | Scene, ViewLayer | Synchronizing object | GEO-native-regional-fracture-1-panel-15-section-6-band-2
Fra:1 Mem:21.79M (Peak 21.79M) | Time:00:00.00 | Mem:0.00M, Peak:0.00M | Scene, ViewLayer | Synchronizing object | GEO-native-regional-fracture-1-panel-15-section-5-band-2
Fra:1 Mem:21.79M (Peak 21.79M) | Time:00:00.00 | Mem:0.00M, Peak:0.00M | Scene, ViewLayer | Initializing
Fra:1 Mem:21.27M (Peak 21.79M) | Time:00:00.00 | Mem:0.00M, Peak:0.00M | Scene, ViewLayer | Updating Images | Loading Crystal9-material-0
Fra:1 Mem:21.79M (Peak 21.79M) | Time:00:00.00 | Mem:0.25M, Peak:0.25M | Scene, ViewLayer | Updating Images | Loading Crystal9-material-6
Fra:1 Mem:22.04M (Peak 22.04M) | Time:00:00.00 | Mem:0.50M, Peak:0.50M | Scene, ViewLayer | Updating Images | Loading Crystal9-roughness-0
Fra:1 Mem:22.29M (Peak 22.29M) | Time:00:00.00 | Mem:0.75M, Peak:0.75M | Scene, ViewLayer | Updating Images | Loading Crystal9-material-5
Fra:1 Mem:22.54M (Peak 22.54M) | Time:00:00.00 | Mem:1.00M, Peak:1.00M | Scene, ViewLayer | Updating Images | Loading Crystal9-material-1
Fra:1 Mem:22.79M (Peak 22.79M) | Time:00:00.00 | Mem:1.25M, Peak:1.25M | Scene, ViewLayer | Updating Images | Loading Crystal9-material-4
Fra:1 Mem:23.04M (Peak 23.04M) | Time:00:00.00 | Mem:1.50M, Peak:1.50M | Scene, ViewLayer | Updating Images | Loading Crystal9-roughness-1
Fra:1 Mem:23.29M (Peak 23.29M) | Time:00:00.00 | Mem:1.75M, Peak:1.75M | Scene, ViewLayer | Updating Images | Loading Crystal9-material-3
Fra:1 Mem:23.54M (Peak 23.54M) | Time:00:00.01 | Mem:2.00M, Peak:2.00M | Scene, ViewLayer | Updating Images | Loading Crystal9-material-2
Fra:1 Mem:23.79M (Peak 23.79M) | Time:00:00.01 | Mem:2.25M, Peak:2.25M | Scene, ViewLayer | Updating Images | Loading Crystal9-roughness-2
Fra:1 Mem:19.78M (Peak 23.79M) | Time:00:00.01 | Mem:2.75M, Peak:2.75M | Scene, ViewLayer | Waiting for render to start
Fra:1 Mem:19.78M (Peak 23.79M) | Time:00:00.01 | Mem:2.75M, Peak:2.75M | Scene, ViewLayer | Loading render kernels (may take a few minutes the first time)
Fra:1 Mem:19.78M (Peak 23.79M) | Time:00:00.01 | Mem:2.75M, Peak:2.75M | Scene, ViewLayer | Updating Scene
Fra:1 Mem:19.78M (Peak 23.79M) | Time:00:00.01 | Mem:2.75M, Peak:2.75M | Scene, ViewLayer | Updating Shaders
Fra:1 Mem:19.87M (Peak 23.79M) | Time:00:00.01 | Mem:2.76M, Peak:2.76M | Scene, ViewLayer | Updating Procedurals
Fra:1 Mem:19.87M (Peak 23.79M) | Time:00:00.01 | Mem:2.76M, Peak:2.76M | Scene, ViewLayer | Updating Background
Fra:1 Mem:19.87M (Peak 23.79M) | Time:00:00.01 | Mem:2.76M, Peak:2.76M | Scene, ViewLayer | Updating Camera
Fra:1 Mem:19.87M (Peak 23.79M) | Time:00:00.01 | Mem:2.76M, Peak:2.76M | Scene, ViewLayer | Updating Meshes Flags
Fra:1 Mem:19.87M (Peak 23.79M) | Time:00:00.01 | Mem:2.76M, Peak:2.76M | Scene, ViewLayer | Updating Objects
Fra:1 Mem:19.87M (Peak 23.79M) | Time:00:00.01 | Mem:2.76M, Peak:2.76M | Scene, ViewLayer | Updating Objects | Copying Transformations to device
Fra:1 Mem:19.90M (Peak 23.79M) | Time:00:00.01 | Mem:2.79M, Peak:2.79M | Scene, ViewLayer | Updating Objects | Applying Static Transformations
Fra:1 Mem:19.90M (Peak 23.79M) | Time:00:00.01 | Mem:2.79M, Peak:2.79M | Scene, ViewLayer | Updating Particle Systems
Fra:1 Mem:19.90M (Peak 23.79M) | Time:00:00.01 | Mem:2.79M, Peak:2.79M | Scene, ViewLayer | Updating Particle Systems | Copying Particles to device
Fra:1 Mem:19.90M (Peak 23.79M) | Time:00:00.01 | Mem:2.79M, Peak:2.79M | Scene, ViewLayer | Updating Meshes
Fra:1 Mem:19.94M (Peak 23.79M) | Time:00:00.01 | Mem:2.79M, Peak:2.79M | Scene, ViewLayer | Updating Mesh | Computing attributes
Fra:1 Mem:20.06M (Peak 23.79M) | Time:00:00.01 | Mem:2.80M, Peak:2.80M | Scene, ViewLayer | Updating Mesh | Copying Attributes to device
Fra:1 Mem:20.03M (Peak 23.79M) | Time:00:00.01 | Mem:2.88M, Peak:2.88M | Scene, ViewLayer | Updating Scene BVH | Building
Fra:1 Mem:20.03M (Peak 23.79M) | Time:00:00.01 | Mem:2.88M, Peak:2.88M | Scene, ViewLayer | Updating Scene BVH | Building BVH
Fra:1 Mem:20.03M (Peak 23.79M) | Time:00:00.01 | Mem:3.02M, Peak:3.08M | Scene, ViewLayer | Updating Scene BVH | Copying BVH to device
Fra:1 Mem:20.03M (Peak 23.79M) | Time:00:00.01 | Mem:3.02M, Peak:3.08M | Scene, ViewLayer | Updating Mesh | Computing normals
Fra:1 Mem:20.17M (Peak 23.79M) | Time:00:00.01 | Mem:3.02M, Peak:3.08M | Scene, ViewLayer | Updating Mesh | Copying Mesh to device
Fra:1 Mem:20.17M (Peak 23.79M) | Time:00:00.01 | Mem:3.15M, Peak:3.15M | Scene, ViewLayer | Updating Objects Flags
Fra:1 Mem:20.17M (Peak 23.79M) | Time:00:00.01 | Mem:3.15M, Peak:3.15M | Scene, ViewLayer | Updating Primitive Offsets
Fra:1 Mem:20.17M (Peak 23.79M) | Time:00:00.01 | Mem:3.15M, Peak:3.15M | Scene, ViewLayer | Updating Images
Fra:1 Mem:20.17M (Peak 23.79M) | Time:00:00.01 | Mem:3.15M, Peak:3.15M | Scene, ViewLayer | Updating Camera Volume
Fra:1 Mem:20.17M (Peak 23.79M) | Time:00:00.01 | Mem:3.15M, Peak:3.15M | Scene, ViewLayer | Updating Lookup Tables
Fra:1 Mem:20.17M (Peak 23.79M) | Time:00:00.01 | Mem:3.23M, Peak:3.23M | Scene, ViewLayer | Updating Lights
Fra:1 Mem:20.17M (Peak 23.79M) | Time:00:00.01 | Mem:3.23M, Peak:3.23M | Scene, ViewLayer | Updating Lights | Computing tree
Fra:1 Mem:20.22M (Peak 23.79M) | Time:00:00.01 | Mem:3.29M, Peak:3.29M | Scene, ViewLayer | Updating Integrator
Fra:1 Mem:20.22M (Peak 23.79M) | Time:00:00.01 | Mem:3.29M, Peak:3.29M | Scene, ViewLayer | Updating Film
Fra:1 Mem:20.23M (Peak 23.79M) | Time:00:00.01 | Mem:3.21M, Peak:3.29M | Scene, ViewLayer | Updating Lookup Tables
Fra:1 Mem:20.23M (Peak 23.79M) | Time:00:00.01 | Mem:3.30M, Peak:3.30M | Scene, ViewLayer | Updating Baking
Fra:1 Mem:20.23M (Peak 23.79M) | Time:00:00.01 | Mem:3.30M, Peak:3.30M | Scene, ViewLayer | Updating Device | Writing constant memory
Fra:1 Mem:20.23M (Peak 23.79M) | Time:00:00.01 | Mem:3.30M, Peak:3.30M | Scene, ViewLayer | Sample 0/32
Fra:1 Mem:48.05M (Peak 48.05M) | Time:00:00.35 | Remaining:00:10.66 | Mem:31.12M, Peak:31.12M | Scene, ViewLayer | Sample 1/32
Fra:1 Mem:60.41M (Peak 85.13M) | Time:00:09.91 | Mem:31.12M, Peak:31.12M | Scene, ViewLayer | Sample 32/32
Fra:1 Mem:60.41M (Peak 85.13M) | Time:00:09.91 | Mem:31.12M, Peak:31.12M | Scene, ViewLayer | Finished
Saved: '/root/sidereal_spacetime/output/playwright/planet-reference-20260914/crystal-moons-r008-parity/moon-2-native-two-sided-matched-angle2.png'
Time: 00:09.97 (Saving: 00:00.05)

Fra:1 Mem:21.54M (Peak 21.54M) | Time:00:00.01 | Mem:0.00M, Peak:0.00M | Scene, ViewLayer | Synchronizing object | GEO-planets--crystal-moon-2-connected-crystalline-body
Fra:1 Mem:21.64M (Peak 21.64M) | Time:00:00.01 | Mem:0.00M, Peak:0.00M | Scene, ViewLayer | Synchronizing object | GEO-native-regional-fracture-2-panel-1-section-5-band-2
Fra:1 Mem:21.65M (Peak 21.65M) | Time:00:00.01 | Mem:0.00M, Peak:0.00M | Scene, ViewLayer | Synchronizing object | GEO-native-regional-fracture-2-panel-1-section-6-band-0
Fra:1 Mem:21.65M (Peak 21.65M) | Time:00:00.01 | Mem:0.00M, Peak:0.00M | Scene, ViewLayer | Synchronizing object | GEO-native-regional-fracture-2-panel-1-section-6-band-1
Fra:1 Mem:21.65M (Peak 21.65M) | Time:00:00.01 | Mem:0.00M, Peak:0.00M | Scene, ViewLayer | Synchronizing object | GEO-native-regional-fracture-2-panel-1-section-6-band-2
Fra:1 Mem:21.65M (Peak 21.65M) | Time:00:00.01 | Mem:0.00M, Peak:0.00M | Scene, ViewLayer | Synchronizing object | GEO-native-regional-fracture-2-panel-1-section-7-band-0
Fra:1 Mem:21.65M (Peak 21.65M) | Time:00:00.01 | Mem:0.00M, Peak:0.00M | Scene, ViewLayer | Synchronizing object | GEO-native-regional-fracture-2-panel-1-section-7-band-1
Fra:1 Mem:21.65M (Peak 21.65M) | Time:00:00.01 | Mem:0.00M, Peak:0.00M | Scene, ViewLayer | Synchronizing object | GEO-native-regional-fracture-2-panel-1-section-7-band-2
Fra:1 Mem:21.66M (Peak 21.66M) | Time:00:00.01 | Mem:0.00M, Peak:0.00M | Scene, ViewLayer | Synchronizing object | GEO-native-regional-fracture-2-panel-1-section-8-band-0
Fra:1 Mem:21.66M (Peak 21.66M) | Time:00:00.01 | Mem:0.00M, Peak:0.00M | Scene, ViewLayer | Synchronizing object | GEO-native-regional-fracture-2-panel-1-section-8-band-1
Fra:1 Mem:21.66M (Peak 21.66M) | Time:00:00.01 | Mem:0.00M, Peak:0.00M | Scene, ViewLayer | Synchronizing object | GEO-native-regional-fracture-2-panel-1-section-8-band-2
Fra:1 Mem:21.66M (Peak 21.66M) | Time:00:00.01 | Mem:0.00M, Peak:0.00M | Scene, ViewLayer | Synchronizing object | GEO-native-regional-fracture-1-panel-2-section-0-band-1
Fra:1 Mem:21.66M (Peak 21.66M) | Time:00:00.01 | Mem:0.00M, Peak:0.00M | Scene, ViewLayer | Synchronizing object | GEO-native-regional-fracture-1-panel-2-section-0-band-2
Fra:1 Mem:21.66M (Peak 21.66M) | Time:00:00.01 | Mem:0.00M, Peak:0.00M | Scene, ViewLayer | Synchronizing object | GEO-native-regional-fracture-1-panel-2-section-1-band-0
Fra:1 Mem:21.66M (Peak 21.66M) | Time:00:00.01 | Mem:0.00M, Peak:0.00M | Scene, ViewLayer | Synchronizing object | GEO-native-regional-fracture-1-panel-2-section-1-band-1
Fra:1 Mem:21.66M (Peak 21.66M) | Time:00:00.01 | Mem:0.00M, Peak:0.00M | Scene, ViewLayer | Synchronizing object | GEO-native-regional-fracture-1-panel-2-section-1-band-2
Fra:1 Mem:21.67M (Peak 21.67M) | Time:00:00.01 | Mem:0.00M, Peak:0.00M | Scene, ViewLayer | Synchronizing object | GEO-native-regional-fracture-1-panel-2-section-2-band-0
Fra:1 Mem:21.67M (Peak 21.67M) | Time:00:00.01 | Mem:0.00M, Peak:0.00M | Scene, ViewLayer | Synchronizing object | GEO-native-regional-fracture-1-panel-2-section-2-band-1
Fra:1 Mem:21.67M (Peak 21.67M) | Time:00:00.01 | Mem:0.00M, Peak:0.00M | Scene, ViewLayer | Synchronizing object | GEO-native-regional-fracture-1-panel-2-section-2-band-2
Fra:1 Mem:21.67M (Peak 21.67M) | Time:00:00.01 | Mem:0.00M, Peak:0.00M | Scene, ViewLayer | Synchronizing object | GEO-native-regional-fracture-1-panel-2-section-3-band-0
Fra:1 Mem:21.67M (Peak 21.67M) | Time:00:00.01 | Mem:0.00M, Peak:0.00M | Scene, ViewLayer | Synchronizing object | GEO-native-regional-fracture-1-panel-2-section-3-band-1
Fra:1 Mem:21.67M (Peak 21.67M) | Time:00:00.01 | Mem:0.00M, Peak:0.00M | Scene, ViewLayer | Synchronizing object | GEO-native-regional-fracture-1-panel-2-section-3-band-2
Fra:1 Mem:21.68M (Peak 21.68M) | Time:00:00.01 | Mem:0.00M, Peak:0.00M | Scene, ViewLayer | Synchronizing object | GEO-native-regional-fracture-1-panel-2-section-4-band-0
Fra:1 Mem:21.68M (Peak 21.68M) | Time:00:00.01 | Mem:0.00M, Peak:0.00M | Scene, ViewLayer | Synchronizing object | GEO-native-regional-fracture-1-panel-2-section-4-band-1
Fra:1 Mem:21.68M (Peak 21.68M) | Time:00:00.01 | Mem:0.00M, Peak:0.00M | Scene, ViewLayer | Synchronizing object | GEO-native-regional-fracture-1-panel-2-section-4-band-2
Fra:1 Mem:21.68M (Peak 21.68M) | Time:00:00.01 | Mem:0.00M, Peak:0.00M | Scene, ViewLayer | Synchronizing object | GEO-native-regional-fracture-1-panel-4-section-11-band-0
Fra:1 Mem:21.68M (Peak 21.68M) | Time:00:00.01 | Mem:0.00M, Peak:0.00M | Scene, ViewLayer | Synchronizing object | GEO-native-regional-fracture-1-panel-4-section-11-band-1
Fra:1 Mem:21.68M (Peak 21.68M) | Time:00:00.01 | Mem:0.00M, Peak:0.00M | Scene, ViewLayer | Synchronizing object | GEO-native-regional-fracture-1-panel-4-section-11-band-2
Fra:1 Mem:21.68M (Peak 21.68M) | Time:00:00.01 | Mem:0.00M, Peak:0.00M | Scene, ViewLayer | Synchronizing object | GEO-native-regional-fracture-0-panel-5-section-1-band-0
Fra:1 Mem:21.69M (Peak 21.69M) | Time:00:00.01 | Mem:0.00M, Peak:0.00M | Scene, ViewLayer | Synchronizing object | GEO-native-regional-fracture-0-panel-5-section-1-band-1
Fra:1 Mem:21.69M (Peak 21.69M) | Time:00:00.01 | Mem:0.00M, Peak:0.00M | Scene, ViewLayer | Synchronizing object | GEO-native-regional-fracture-0-panel-5-section-2-band-0
Fra:1 Mem:21.69M (Peak 21.69M) | Time:00:00.01 | Mem:0.00M, Peak:0.00M | Scene, ViewLayer | Synchronizing object | GEO-native-regional-fracture-0-panel-5-section-2-band-1
Fra:1 Mem:21.69M (Peak 21.69M) | Time:00:00.01 | Mem:0.00M, Peak:0.00M | Scene, ViewLayer | Synchronizing object | GEO-native-regional-fracture-0-panel-5-section-2-band-2
Fra:1 Mem:21.69M (Peak 21.69M) | Time:00:00.01 | Mem:0.00M, Peak:0.00M | Scene, ViewLayer | Synchronizing object | GEO-native-regional-fracture-0-panel-5-section-3-band-0
Fra:1 Mem:21.69M (Peak 21.69M) | Time:00:00.01 | Mem:0.00M, Peak:0.00M | Scene, ViewLayer | Synchronizing object | GEO-native-regional-fracture-0-panel-5-section-3-band-1
Fra:1 Mem:21.69M (Peak 21.69M) | Time:00:00.01 | Mem:0.00M, Peak:0.00M | Scene, ViewLayer | Synchronizing object | GEO-native-regional-fracture-0-panel-5-section-3-band-2
Fra:1 Mem:21.70M (Peak 21.70M) | Time:00:00.01 | Mem:0.00M, Peak:0.00M | Scene, ViewLayer | Synchronizing object | GEO-native-regional-fracture-0-panel-5-section-4-band-1
Fra:1 Mem:21.70M (Peak 21.70M) | Time:00:00.01 | Mem:0.00M, Peak:0.00M | Scene, ViewLayer | Synchronizing object | GEO-native-regional-fracture-0-panel-5-section-4-band-2
Fra:1 Mem:21.70M (Peak 21.70M) | Time:00:00.01 | Mem:0.00M, Peak:0.00M | Scene, ViewLayer | Synchronizing object | GEO-native-regional-fracture-0-panel-5-section-5-band-1
Fra:1 Mem:21.70M (Peak 21.70M) | Time:00:00.01 | Mem:0.00M, Peak:0.00M | Scene, ViewLayer | Synchronizing object | GEO-native-regional-fracture-1-panel-6-section-10-band-0
Fra:1 Mem:21.70M (Peak 21.70M) | Time:00:00.01 | Mem:0.00M, Peak:0.00M | Scene, ViewLayer | Synchronizing object | GEO-native-regional-fracture-1-panel-6-section-11-band-0
Fra:1 Mem:21.70M (Peak 21.70M) | Time:00:00.01 | Mem:0.00M, Peak:0.00M | Scene, ViewLayer | Synchronizing object | GEO-native-regional-fracture-1-panel-6-section-11-band-1
Fra:1 Mem:21.70M (Peak 21.70M) | Time:00:00.01 | Mem:0.00M, Peak:0.00M | Scene, ViewLayer | Synchronizing object | GEO-native-regional-fracture-1-panel-6-section-11-band-2
Fra:1 Mem:21.71M (Peak 21.71M) | Time:00:00.01 | Mem:0.00M, Peak:0.00M | Scene, ViewLayer | Synchronizing object | GEO-native-regional-fracture-0-panel-7-section-4-band-2
Fra:1 Mem:21.71M (Peak 21.71M) | Time:00:00.01 | Mem:0.00M, Peak:0.00M | Scene, ViewLayer | Synchronizing object | GEO-native-regional-fracture-0-panel-7-section-5-band-1
Fra:1 Mem:21.71M (Peak 21.71M) | Time:00:00.01 | Mem:0.00M, Peak:0.00M | Scene, ViewLayer | Synchronizing object | GEO-native-regional-fracture-0-panel-7-section-5-band-2
Fra:1 Mem:21.71M (Peak 21.71M) | Time:00:00.01 | Mem:0.00M, Peak:0.00M | Scene, ViewLayer | Synchronizing object | GEO-native-regional-fracture-0-panel-7-section-6-band-1
Fra:1 Mem:21.71M (Peak 21.71M) | Time:00:00.01 | Mem:0.00M, Peak:0.00M | Scene, ViewLayer | Synchronizing object | GEO-native-regional-fracture-0-panel-7-section-6-band-2
Fra:1 Mem:21.71M (Peak 21.71M) | Time:00:00.01 | Mem:0.00M, Peak:0.00M | Scene, ViewLayer | Synchronizing object | GEO-native-regional-fracture-0-panel-7-section-7-band-2
Fra:1 Mem:21.71M (Peak 21.71M) | Time:00:00.01 | Mem:0.00M, Peak:0.00M | Scene, ViewLayer | Synchronizing object | GEO-native-regional-fracture-0-panel-7-section-8-band-1
Fra:1 Mem:21.72M (Peak 21.72M) | Time:00:00.01 | Mem:0.00M, Peak:0.00M | Scene, ViewLayer | Synchronizing object | GEO-native-regional-fracture-0-panel-7-section-8-band-2
Fra:1 Mem:21.72M (Peak 21.72M) | Time:00:00.01 | Mem:0.00M, Peak:0.00M | Scene, ViewLayer | Synchronizing object | GEO-native-regional-fracture-0-panel-25-section-11-band-2
Fra:1 Mem:21.72M (Peak 21.72M) | Time:00:00.01 | Mem:0.00M, Peak:0.00M | Scene, ViewLayer | Synchronizing object | GEO-native-regional-fracture-2-panel-8-section-2-band-0
Fra:1 Mem:21.72M (Peak 21.72M) | Time:00:00.01 | Mem:0.00M, Peak:0.00M | Scene, ViewLayer | Synchronizing object | GEO-native-regional-fracture-2-panel-8-section-2-band-1
Fra:1 Mem:21.72M (Peak 21.72M) | Time:00:00.01 | Mem:0.00M, Peak:0.00M | Scene, ViewLayer | Synchronizing object | GEO-native-regional-fracture-2-panel-8-section-2-band-2
Fra:1 Mem:21.72M (Peak 21.72M) | Time:00:00.01 | Mem:0.00M, Peak:0.00M | Scene, ViewLayer | Synchronizing object | GEO-native-regional-fracture-0-panel-25-section-10-band-2
Fra:1 Mem:21.72M (Peak 21.72M) | Time:00:00.01 | Mem:0.00M, Peak:0.00M | Scene, ViewLayer | Synchronizing object | GEO-native-regional-fracture-0-panel-23-section-11-band-2
Fra:1 Mem:21.72M (Peak 21.72M) | Time:00:00.01 | Mem:0.00M, Peak:0.00M | Scene, ViewLayer | Synchronizing object | GEO-native-regional-fracture-0-panel-23-section-11-band-1
Fra:1 Mem:21.72M (Peak 21.72M) | Time:00:00.01 | Mem:0.00M, Peak:0.00M | Scene, ViewLayer | Synchronizing object | GEO-native-regional-fracture-0-panel-23-section-11-band-0
Fra:1 Mem:21.73M (Peak 21.73M) | Time:00:00.01 | Mem:0.00M, Peak:0.00M | Scene, ViewLayer | Synchronizing object | GEO-native-regional-fracture-0-panel-23-section-10-band-0
Fra:1 Mem:21.73M (Peak 21.73M) | Time:00:00.01 | Mem:0.00M, Peak:0.00M | Scene, ViewLayer | Synchronizing object | GEO-native-regional-fracture-2-panel-22-section-10-band-0
Fra:1 Mem:21.73M (Peak 21.73M) | Time:00:00.01 | Mem:0.00M, Peak:0.00M | Scene, ViewLayer | Synchronizing object | GEO-native-regional-fracture-2-panel-22-section-9-band-0
Fra:1 Mem:21.73M (Peak 21.73M) | Time:00:00.01 | Mem:0.00M, Peak:0.00M | Scene, ViewLayer | Synchronizing object | GEO-native-regional-fracture-2-panel-22-section-8-band-0
Fra:1 Mem:21.73M (Peak 21.73M) | Time:00:00.01 | Mem:0.00M, Peak:0.00M | Scene, ViewLayer | Synchronizing object | GEO-native-regional-fracture-2-panel-22-section-7-band-0
Fra:1 Mem:21.73M (Peak 21.73M) | Time:00:00.01 | Mem:0.00M, Peak:0.00M | Scene, ViewLayer | Synchronizing object | GEO-native-regional-fracture-0-panel-21-section-11-band-2
Fra:1 Mem:21.73M (Peak 21.73M) | Time:00:00.01 | Mem:0.00M, Peak:0.00M | Scene, ViewLayer | Synchronizing object | GEO-native-regional-fracture-0-panel-21-section-10-band-2
Fra:1 Mem:21.73M (Peak 21.73M) | Time:00:00.01 | Mem:0.00M, Peak:0.00M | Scene, ViewLayer | Synchronizing object | GEO-native-regional-fracture-0-panel-21-section-10-band-1
Fra:1 Mem:21.73M (Peak 21.73M) | Time:00:00.01 | Mem:0.00M, Peak:0.00M | Scene, ViewLayer | Synchronizing object | GEO-native-regional-fracture-0-panel-21-section-10-band-0
Fra:1 Mem:21.74M (Peak 21.74M) | Time:00:00.01 | Mem:0.00M, Peak:0.00M | Scene, ViewLayer | Synchronizing object | GEO-native-regional-fracture-0-panel-21-section-9-band-2
Fra:1 Mem:21.74M (Peak 21.74M) | Time:00:00.01 | Mem:0.00M, Peak:0.00M | Scene, ViewLayer | Synchronizing object | GEO-native-regional-fracture-0-panel-21-section-9-band-1
Fra:1 Mem:21.74M (Peak 21.74M) | Time:00:00.01 | Mem:0.00M, Peak:0.00M | Scene, ViewLayer | Synchronizing object | GEO-native-regional-fracture-0-panel-21-section-9-band-0
Fra:1 Mem:21.74M (Peak 21.74M) | Time:00:00.01 | Mem:0.00M, Peak:0.00M | Scene, ViewLayer | Synchronizing object | GEO-native-regional-fracture-0-panel-21-section-8-band-2
Fra:1 Mem:21.74M (Peak 21.74M) | Time:00:00.01 | Mem:0.00M, Peak:0.00M | Scene, ViewLayer | Synchronizing object | GEO-native-regional-fracture-0-panel-21-section-8-band-1
Fra:1 Mem:21.74M (Peak 21.74M) | Time:00:00.01 | Mem:0.00M, Peak:0.00M | Scene, ViewLayer | Synchronizing object | GEO-native-regional-fracture-0-panel-21-section-8-band-0
Fra:1 Mem:21.74M (Peak 21.74M) | Time:00:00.01 | Mem:0.00M, Peak:0.00M | Scene, ViewLayer | Synchronizing object | GEO-native-regional-fracture-2-panel-17-section-6-band-2
Fra:1 Mem:21.74M (Peak 21.74M) | Time:00:00.01 | Mem:0.00M, Peak:0.00M | Scene, ViewLayer | Synchronizing object | GEO-native-regional-fracture-2-panel-17-section-5-band-2
Fra:1 Mem:21.74M (Peak 21.74M) | Time:00:00.01 | Mem:0.00M, Peak:0.00M | Scene, ViewLayer | Synchronizing object | GEO-native-regional-fracture-2-panel-17-section-4-band-2
Fra:1 Mem:21.75M (Peak 21.75M) | Time:00:00.01 | Mem:0.00M, Peak:0.00M | Scene, ViewLayer | Synchronizing object | GEO-native-regional-fracture-2-panel-17-section-4-band-1
Fra:1 Mem:21.75M (Peak 21.75M) | Time:00:00.01 | Mem:0.00M, Peak:0.00M | Scene, ViewLayer | Synchronizing object | GEO-native-regional-fracture-2-panel-17-section-4-band-0
Fra:1 Mem:21.75M (Peak 21.75M) | Time:00:00.01 | Mem:0.00M, Peak:0.00M | Scene, ViewLayer | Synchronizing object | GEO-native-regional-fracture-2-panel-17-section-3-band-2
Fra:1 Mem:21.75M (Peak 21.75M) | Time:00:00.01 | Mem:0.00M, Peak:0.00M | Scene, ViewLayer | Synchronizing object | GEO-native-regional-fracture-2-panel-17-section-3-band-1
Fra:1 Mem:21.75M (Peak 21.75M) | Time:00:00.01 | Mem:0.00M, Peak:0.00M | Scene, ViewLayer | Synchronizing object | GEO-native-regional-fracture-2-panel-17-section-3-band-0
Fra:1 Mem:21.75M (Peak 21.75M) | Time:00:00.01 | Mem:0.00M, Peak:0.00M | Scene, ViewLayer | Synchronizing object | GEO-native-regional-fracture-2-panel-17-section-2-band-1
Fra:1 Mem:21.75M (Peak 21.75M) | Time:00:00.01 | Mem:0.00M, Peak:0.00M | Scene, ViewLayer | Synchronizing object | GEO-native-regional-fracture-2-panel-17-section-2-band-0
Fra:1 Mem:21.75M (Peak 21.75M) | Time:00:00.01 | Mem:0.00M, Peak:0.00M | Scene, ViewLayer | Synchronizing object | GEO-native-regional-fracture-0-panel-16-section-5-band-1
Fra:1 Mem:21.75M (Peak 21.75M) | Time:00:00.01 | Mem:0.00M, Peak:0.00M | Scene, ViewLayer | Synchronizing object | GEO-native-regional-fracture-0-panel-16-section-5-band-0
Fra:1 Mem:21.75M (Peak 21.75M) | Time:00:00.01 | Mem:0.00M, Peak:0.00M | Scene, ViewLayer | Synchronizing object | GEO-native-regional-fracture-0-panel-16-section-4-band-1
Fra:1 Mem:21.75M (Peak 21.75M) | Time:00:00.01 | Mem:0.00M, Peak:0.00M | Scene, ViewLayer | Synchronizing object | GEO-native-regional-fracture-0-panel-16-section-4-band-0
Fra:1 Mem:21.76M (Peak 21.76M) | Time:00:00.01 | Mem:0.00M, Peak:0.00M | Scene, ViewLayer | Synchronizing object | GEO-native-regional-fracture-0-panel-16-section-3-band-1
Fra:1 Mem:21.76M (Peak 21.76M) | Time:00:00.01 | Mem:0.00M, Peak:0.00M | Scene, ViewLayer | Synchronizing object | GEO-native-regional-fracture-0-panel-16-section-3-band-0
Fra:1 Mem:21.76M (Peak 21.76M) | Time:00:00.01 | Mem:0.00M, Peak:0.00M | Scene, ViewLayer | Synchronizing object | GEO-native-regional-fracture-0-panel-16-section-2-band-0
Fra:1 Mem:21.76M (Peak 21.76M) | Time:00:00.01 | Mem:0.00M, Peak:0.00M | Scene, ViewLayer | Synchronizing object | GEO-native-regional-fracture-1-panel-15-section-10-band-2
Fra:1 Mem:21.76M (Peak 21.76M) | Time:00:00.01 | Mem:0.00M, Peak:0.00M | Scene, ViewLayer | Synchronizing object | GEO-native-regional-fracture-1-panel-15-section-9-band-2
Fra:1 Mem:21.76M (Peak 21.76M) | Time:00:00.01 | Mem:0.00M, Peak:0.00M | Scene, ViewLayer | Synchronizing object | GEO-native-regional-fracture-1-panel-15-section-8-band-2
Fra:1 Mem:21.76M (Peak 21.76M) | Time:00:00.01 | Mem:0.00M, Peak:0.00M | Scene, ViewLayer | Synchronizing object | GEO-native-regional-fracture-1-panel-15-section-7-band-2
Fra:1 Mem:21.76M (Peak 21.76M) | Time:00:00.01 | Mem:0.00M, Peak:0.00M | Scene, ViewLayer | Synchronizing object | GEO-native-regional-fracture-1-panel-15-section-6-band-2
Fra:1 Mem:21.76M (Peak 21.76M) | Time:00:00.01 | Mem:0.00M, Peak:0.00M | Scene, ViewLayer | Synchronizing object | GEO-native-regional-fracture-1-panel-15-section-5-band-2
Fra:1 Mem:21.76M (Peak 21.76M) | Time:00:00.01 | Mem:0.00M, Peak:0.00M | Scene, ViewLayer | Synchronizing object | GEO-native-regional-fracture-1-panel-15-section-4-band-2
Fra:1 Mem:21.76M (Peak 21.76M) | Time:00:00.01 | Mem:0.00M, Peak:0.00M | Scene, ViewLayer | Synchronizing object | GEO-native-regional-fracture-1-panel-15-section-3-band-2
Fra:1 Mem:21.77M (Peak 21.77M) | Time:00:00.01 | Mem:0.00M, Peak:0.00M | Scene, ViewLayer | Synchronizing object | GEO-native-regional-fracture-1-panel-15-section-2-band-2
Fra:1 Mem:21.77M (Peak 21.77M) | Time:00:00.01 | Mem:0.00M, Peak:0.00M | Scene, ViewLayer | Synchronizing object | GEO-native-regional-fracture-2-panel-14-section-6-band-2
Fra:1 Mem:21.77M (Peak 21.77M) | Time:00:00.01 | Mem:0.00M, Peak:0.00M | Scene, ViewLayer | Synchronizing object | GEO-native-regional-fracture-2-panel-14-section-6-band-1
Fra:1 Mem:21.77M (Peak 21.77M) | Time:00:00.01 | Mem:0.00M, Peak:0.00M | Scene, ViewLayer | Synchronizing object | GEO-native-regional-fracture-2-panel-14-section-6-band-0
Fra:1 Mem:21.77M (Peak 21.77M) | Time:00:00.01 | Mem:0.00M, Peak:0.00M | Scene, ViewLayer | Synchronizing object | GEO-native-regional-fracture-2-panel-14-section-5-band-2
Fra:1 Mem:21.77M (Peak 21.77M) | Time:00:00.01 | Mem:0.00M, Peak:0.00M | Scene, ViewLayer | Synchronizing object | GEO-native-regional-fracture-2-panel-14-section-5-band-1
Fra:1 Mem:21.77M (Peak 21.77M) | Time:00:00.01 | Mem:0.00M, Peak:0.00M | Scene, ViewLayer | Synchronizing object | GEO-native-regional-fracture-2-panel-14-section-5-band-0
Fra:1 Mem:21.77M (Peak 21.77M) | Time:00:00.01 | Mem:0.00M, Peak:0.00M | Scene, ViewLayer | Synchronizing object | GEO-native-regional-fracture-2-panel-14-section-4-band-2
Fra:1 Mem:21.77M (Peak 21.77M) | Time:00:00.01 | Mem:0.00M, Peak:0.00M | Scene, ViewLayer | Synchronizing object | GEO-native-regional-fracture-2-panel-14-section-4-band-1
Fra:1 Mem:21.77M (Peak 21.77M) | Time:00:00.01 | Mem:0.00M, Peak:0.00M | Scene, ViewLayer | Synchronizing object | GEO-native-regional-fracture-2-panel-14-section-4-band-0
Fra:1 Mem:21.77M (Peak 21.77M) | Time:00:00.01 | Mem:0.00M, Peak:0.00M | Scene, ViewLayer | Synchronizing object | GEO-native-regional-fracture-2-panel-14-section-3-band-0
Fra:1 Mem:21.78M (Peak 21.78M) | Time:00:00.01 | Mem:0.00M, Peak:0.00M | Scene, ViewLayer | Synchronizing object | GEO-native-regional-fracture-2-panel-14-section-2-band-0
Fra:1 Mem:21.78M (Peak 21.78M) | Time:00:00.01 | Mem:0.00M, Peak:0.00M | Scene, ViewLayer | Synchronizing object | GEO-native-regional-fracture-2-panel-11-section-5-band-2
Fra:1 Mem:21.78M (Peak 21.78M) | Time:00:00.01 | Mem:0.00M, Peak:0.00M | Scene, ViewLayer | Synchronizing object | GEO-native-regional-fracture-2-panel-11-section-4-band-2
Fra:1 Mem:21.78M (Peak 21.78M) | Time:00:00.01 | Mem:0.00M, Peak:0.00M | Scene, ViewLayer | Synchronizing object | GEO-native-regional-fracture-2-panel-11-section-3-band-2
Fra:1 Mem:21.78M (Peak 21.78M) | Time:00:00.01 | Mem:0.00M, Peak:0.00M | Scene, ViewLayer | Synchronizing object | GEO-native-regional-fracture-2-panel-11-section-3-band-1
Fra:1 Mem:21.78M (Peak 21.78M) | Time:00:00.01 | Mem:0.00M, Peak:0.00M | Scene, ViewLayer | Synchronizing object | GEO-native-regional-fracture-2-panel-11-section-3-band-0
Fra:1 Mem:21.78M (Peak 21.78M) | Time:00:00.01 | Mem:0.00M, Peak:0.00M | Scene, ViewLayer | Synchronizing object | GEO-native-regional-fracture-2-panel-11-section-2-band-2
Fra:1 Mem:21.78M (Peak 21.78M) | Time:00:00.01 | Mem:0.00M, Peak:0.00M | Scene, ViewLayer | Synchronizing object | GEO-native-regional-fracture-2-panel-11-section-2-band-1
Fra:1 Mem:21.78M (Peak 21.78M) | Time:00:00.01 | Mem:0.00M, Peak:0.00M | Scene, ViewLayer | Synchronizing object | GEO-native-regional-fracture-2-panel-11-section-2-band-0
Fra:1 Mem:21.78M (Peak 21.78M) | Time:00:00.01 | Mem:0.00M, Peak:0.00M | Scene, ViewLayer | Synchronizing object | GEO-native-regional-fracture-1-panel-10-section-7-band-2
Fra:1 Mem:21.78M (Peak 21.78M) | Time:00:00.01 | Mem:0.00M, Peak:0.00M | Scene, ViewLayer | Synchronizing object | GEO-native-regional-fracture-1-panel-10-section-6-band-2
Fra:1 Mem:21.79M (Peak 21.79M) | Time:00:00.01 | Mem:0.00M, Peak:0.00M | Scene, ViewLayer | Synchronizing object | GEO-native-regional-fracture-1-panel-10-section-6-band-1
Fra:1 Mem:21.79M (Peak 21.79M) | Time:00:00.01 | Mem:0.00M, Peak:0.00M | Scene, ViewLayer | Synchronizing object | GEO-native-regional-fracture-1-panel-10-section-5-band-2
Fra:1 Mem:21.79M (Peak 21.79M) | Time:00:00.01 | Mem:0.00M, Peak:0.00M | Scene, ViewLayer | Synchronizing object | GEO-native-regional-fracture-1-panel-10-section-5-band-1
Fra:1 Mem:21.79M (Peak 21.79M) | Time:00:00.01 | Mem:0.00M, Peak:0.00M | Scene, ViewLayer | Synchronizing object | GEO-native-regional-fracture-1-panel-10-section-4-band-2
Fra:1 Mem:21.79M (Peak 21.79M) | Time:00:00.01 | Mem:0.00M, Peak:0.00M | Scene, ViewLayer | Synchronizing object | GEO-native-regional-fracture-1-panel-10-section-3-band-2
Fra:1 Mem:21.79M (Peak 21.79M) | Time:00:00.01 | Mem:0.00M, Peak:0.00M | Scene, ViewLayer | Synchronizing object | GEO-native-regional-fracture-1-panel-10-section-3-band-1
Fra:1 Mem:21.79M (Peak 21.79M) | Time:00:00.01 | Mem:0.00M, Peak:0.00M | Scene, ViewLayer | Synchronizing object | GEO-native-regional-fracture-1-panel-10-section-2-band-2
Fra:1 Mem:21.79M (Peak 21.79M) | Time:00:00.01 | Mem:0.00M, Peak:0.00M | Scene, ViewLayer | Synchronizing object | GEO-native-regional-fracture-1-panel-10-section-1-band-2
Fra:1 Mem:21.79M (Peak 21.79M) | Time:00:00.01 | Mem:0.00M, Peak:0.00M | Scene, ViewLayer | Initializing
Fra:1 Mem:21.28M (Peak 21.79M) | Time:00:00.02 | Mem:0.00M, Peak:0.00M | Scene, ViewLayer | Updating Images | Loading Crystal9-material-7
Fra:1 Mem:21.28M (Peak 21.79M) | Time:00:00.02 | Mem:0.00M, Peak:0.00M | Scene, ViewLayer | Updating Images | Loading Crystal9-material-0
Fra:1 Mem:21.79M (Peak 21.79M) | Time:00:00.02 | Mem:0.25M, Peak:0.25M | Scene, ViewLayer | Updating Images | Loading Crystal9-material-6
Fra:1 Mem:22.04M (Peak 22.04M) | Time:00:00.02 | Mem:0.50M, Peak:0.50M | Scene, ViewLayer | Updating Images | Loading Crystal9-roughness-0
Fra:1 Mem:22.29M (Peak 22.29M) | Time:00:00.02 | Mem:0.75M, Peak:0.75M | Scene, ViewLayer | Updating Images | Loading Crystal9-material-5
Fra:1 Mem:22.54M (Peak 22.54M) | Time:00:00.02 | Mem:1.00M, Peak:1.00M | Scene, ViewLayer | Updating Images | Loading Crystal9-material-1
Fra:1 Mem:22.79M (Peak 22.79M) | Time:00:00.02 | Mem:1.25M, Peak:1.25M | Scene, ViewLayer | Updating Images | Loading Crystal9-material-4
Fra:1 Mem:23.55M (Peak 23.55M) | Time:00:00.02 | Mem:1.50M, Peak:1.50M | Scene, ViewLayer | Updating Images | Loading Crystal9-roughness-1
Fra:1 Mem:23.29M (Peak 23.55M) | Time:00:00.02 | Mem:1.75M, Peak:1.75M | Scene, ViewLayer | Updating Images | Loading Crystal9-material-3
Fra:1 Mem:23.54M (Peak 23.55M) | Time:00:00.02 | Mem:2.00M, Peak:2.00M | Scene, ViewLayer | Updating Images | Loading Crystal9-material-2
Fra:1 Mem:23.54M (Peak 23.55M) | Time:00:00.02 | Mem:2.25M, Peak:2.25M | Scene, ViewLayer | Updating Images | Loading Crystal9-roughness-2
Fra:1 Mem:19.78M (Peak 23.55M) | Time:00:00.02 | Mem:2.75M, Peak:2.75M | Scene, ViewLayer | Waiting for render to start
Fra:1 Mem:19.79M (Peak 23.55M) | Time:00:00.02 | Mem:2.75M, Peak:2.75M | Scene, ViewLayer | Loading render kernels (may take a few minutes the first time)
Fra:1 Mem:19.79M (Peak 23.55M) | Time:00:00.02 | Mem:2.75M, Peak:2.75M | Scene, ViewLayer | Updating Scene
Fra:1 Mem:19.79M (Peak 23.55M) | Time:00:00.02 | Mem:2.75M, Peak:2.75M | Scene, ViewLayer | Updating Shaders
Fra:1 Mem:19.87M (Peak 23.55M) | Time:00:00.02 | Mem:2.76M, Peak:2.76M | Scene, ViewLayer | Updating Procedurals
Fra:1 Mem:19.87M (Peak 23.55M) | Time:00:00.02 | Mem:2.76M, Peak:2.76M | Scene, ViewLayer | Updating Background
Fra:1 Mem:19.87M (Peak 23.55M) | Time:00:00.02 | Mem:2.76M, Peak:2.76M | Scene, ViewLayer | Updating Camera
Fra:1 Mem:19.87M (Peak 23.55M) | Time:00:00.02 | Mem:2.76M, Peak:2.76M | Scene, ViewLayer | Updating Meshes Flags
Fra:1 Mem:19.87M (Peak 23.55M) | Time:00:00.02 | Mem:2.76M, Peak:2.76M | Scene, ViewLayer | Updating Objects
Fra:1 Mem:19.87M (Peak 23.55M) | Time:00:00.02 | Mem:2.76M, Peak:2.76M | Scene, ViewLayer | Updating Objects | Copying Transformations to device
Fra:1 Mem:19.90M (Peak 23.55M) | Time:00:00.02 | Mem:2.79M, Peak:2.79M | Scene, ViewLayer | Updating Objects | Applying Static Transformations
Fra:1 Mem:19.90M (Peak 23.55M) | Time:00:00.02 | Mem:2.79M, Peak:2.79M | Scene, ViewLayer | Updating Particle Systems
Fra:1 Mem:19.90M (Peak 23.55M) | Time:00:00.02 | Mem:2.79M, Peak:2.79M | Scene, ViewLayer | Updating Particle Systems | Copying Particles to device
Fra:1 Mem:19.90M (Peak 23.55M) | Time:00:00.02 | Mem:2.79M, Peak:2.79M | Scene, ViewLayer | Updating Meshes
Fra:1 Mem:19.94M (Peak 23.55M) | Time:00:00.02 | Mem:2.79M, Peak:2.79M | Scene, ViewLayer | Updating Mesh | Computing attributes
Fra:1 Mem:20.06M (Peak 23.55M) | Time:00:00.02 | Mem:2.80M, Peak:2.80M | Scene, ViewLayer | Updating Mesh | Copying Attributes to device
Fra:1 Mem:20.03M (Peak 23.55M) | Time:00:00.02 | Mem:2.88M, Peak:2.88M | Scene, ViewLayer | Updating Scene BVH | Building
Fra:1 Mem:20.03M (Peak 23.55M) | Time:00:00.02 | Mem:2.88M, Peak:2.88M | Scene, ViewLayer | Updating Scene BVH | Building BVH
Fra:1 Mem:20.03M (Peak 23.55M) | Time:00:00.02 | Mem:2.95M, Peak:2.95M | Scene, ViewLayer | Updating Scene BVH | Building BVH 0%
Fra:1 Mem:20.03M (Peak 23.55M) | Time:00:00.02 | Mem:3.02M, Peak:3.08M | Scene, ViewLayer | Updating Scene BVH | Copying BVH to device
Fra:1 Mem:20.03M (Peak 23.55M) | Time:00:00.02 | Mem:3.02M, Peak:3.08M | Scene, ViewLayer | Updating Mesh | Computing normals
Fra:1 Mem:20.17M (Peak 23.55M) | Time:00:00.02 | Mem:3.02M, Peak:3.08M | Scene, ViewLayer | Updating Mesh | Copying Mesh to device
Fra:1 Mem:20.17M (Peak 23.55M) | Time:00:00.02 | Mem:3.15M, Peak:3.15M | Scene, ViewLayer | Updating Objects Flags
Fra:1 Mem:20.17M (Peak 23.55M) | Time:00:00.02 | Mem:3.15M, Peak:3.15M | Scene, ViewLayer | Updating Primitive Offsets
Fra:1 Mem:20.17M (Peak 23.55M) | Time:00:00.02 | Mem:3.15M, Peak:3.15M | Scene, ViewLayer | Updating Images
Fra:1 Mem:20.17M (Peak 23.55M) | Time:00:00.02 | Mem:3.15M, Peak:3.15M | Scene, ViewLayer | Updating Camera Volume
Fra:1 Mem:20.17M (Peak 23.55M) | Time:00:00.02 | Mem:3.15M, Peak:3.15M | Scene, ViewLayer | Updating Lookup Tables
Fra:1 Mem:20.17M (Peak 23.55M) | Time:00:00.02 | Mem:3.23M, Peak:3.23M | Scene, ViewLayer | Updating Lights
Fra:1 Mem:20.17M (Peak 23.55M) | Time:00:00.02 | Mem:3.23M, Peak:3.23M | Scene, ViewLayer | Updating Lights | Computing tree
Fra:1 Mem:20.22M (Peak 23.55M) | Time:00:00.02 | Mem:3.29M, Peak:3.29M | Scene, ViewLayer | Updating Integrator
Fra:1 Mem:20.22M (Peak 23.55M) | Time:00:00.02 | Mem:3.29M, Peak:3.29M | Scene, ViewLayer | Updating Film
Fra:1 Mem:20.23M (Peak 23.55M) | Time:00:00.02 | Mem:3.21M, Peak:3.29M | Scene, ViewLayer | Updating Lookup Tables
Fra:1 Mem:20.23M (Peak 23.55M) | Time:00:00.02 | Mem:3.30M, Peak:3.30M | Scene, ViewLayer | Updating Baking
Fra:1 Mem:20.23M (Peak 23.55M) | Time:00:00.02 | Mem:3.30M, Peak:3.30M | Scene, ViewLayer | Updating Device | Writing constant memory
Fra:1 Mem:20.23M (Peak 23.55M) | Time:00:00.02 | Mem:3.30M, Peak:3.30M | Scene, ViewLayer | Sample 0/32
Fra:1 Mem:20.38M (Peak 23.55M) | Time:00:00.03 | Remaining:00:00.06 | Mem:3.45M, Peak:3.45M | Scene, ViewLayer | Sample 1/32
Fra:1 Mem:20.45M (Peak 23.55M) | Time:00:00.08 | Mem:3.45M, Peak:3.45M | Scene, ViewLayer | Sample 32/32
Fra:1 Mem:20.45M (Peak 23.55M) | Time:00:00.08 | Mem:3.45M, Peak:3.45M | Scene, ViewLayer | Finished
Saved: '/root/sidereal_spacetime/output/playwright/planet-reference-20260914/crystal-moons-r008-parity/moon-2-native-two-sided-reference-scale.png'
Time: 00:00.08 (Saving: 00:00.00)

Fra:1 Mem:22.07M (Peak 22.07M) | Time:00:00.00 | Mem:0.00M, Peak:0.00M | Scene, ViewLayer | Synchronizing object | GEO-native-regional-fracture-0-panel-25-section-11-band-2
Fra:1 Mem:22.07M (Peak 22.07M) | Time:00:00.00 | Mem:0.00M, Peak:0.00M | Scene, ViewLayer | Synchronizing object | GEO-native-regional-fracture-0-panel-25-section-10-band-2
Fra:1 Mem:22.07M (Peak 22.07M) | Time:00:00.00 | Mem:0.00M, Peak:0.00M | Scene, ViewLayer | Synchronizing object | GEO-native-regional-fracture-0-panel-23-section-11-band-2
Fra:1 Mem:22.07M (Peak 22.07M) | Time:00:00.00 | Mem:0.00M, Peak:0.00M | Scene, ViewLayer | Synchronizing object | GEO-native-regional-fracture-0-panel-23-section-11-band-1
Fra:1 Mem:22.07M (Peak 22.07M) | Time:00:00.00 | Mem:0.00M, Peak:0.00M | Scene, ViewLayer | Synchronizing object | GEO-native-regional-fracture-0-panel-23-section-11-band-0
Fra:1 Mem:22.07M (Peak 22.07M) | Time:00:00.00 | Mem:0.00M, Peak:0.00M | Scene, ViewLayer | Synchronizing object | GEO-native-regional-fracture-0-panel-23-section-10-band-0
Fra:1 Mem:22.07M (Peak 22.07M) | Time:00:00.00 | Mem:0.00M, Peak:0.00M | Scene, ViewLayer | Synchronizing object | GEO-native-regional-fracture-2-panel-22-section-10-band-0
Fra:1 Mem:22.07M (Peak 22.07M) | Time:00:00.00 | Mem:0.00M, Peak:0.00M | Scene, ViewLayer | Synchronizing object | GEO-native-regional-fracture-2-panel-22-section-9-band-0
Fra:1 Mem:22.08M (Peak 22.08M) | Time:00:00.00 | Mem:0.00M, Peak:0.00M | Scene, ViewLayer | Synchronizing object | GEO-native-regional-fracture-2-panel-22-section-8-band-0
Fra:1 Mem:22.08M (Peak 22.08M) | Time:00:00.00 | Mem:0.00M, Peak:0.00M | Scene, ViewLayer | Synchronizing object | GEO-native-regional-fracture-2-panel-22-section-7-band-0
Fra:1 Mem:22.08M (Peak 22.08M) | Time:00:00.00 | Mem:0.00M, Peak:0.00M | Scene, ViewLayer | Synchronizing object | GEO-native-regional-fracture-0-panel-21-section-11-band-2
Fra:1 Mem:22.08M (Peak 22.08M) | Time:00:00.00 | Mem:0.00M, Peak:0.00M | Scene, ViewLayer | Synchronizing object | GEO-native-regional-fracture-0-panel-21-section-10-band-2
Fra:1 Mem:22.08M (Peak 22.08M) | Time:00:00.00 | Mem:0.00M, Peak:0.00M | Scene, ViewLayer | Synchronizing object | GEO-native-regional-fracture-0-panel-21-section-10-band-1
Fra:1 Mem:22.08M (Peak 22.08M) | Time:00:00.00 | Mem:0.00M, Peak:0.00M | Scene, ViewLayer | Synchronizing object | GEO-native-regional-fracture-0-panel-21-section-10-band-0
Fra:1 Mem:22.08M (Peak 22.08M) | Time:00:00.00 | Mem:0.00M, Peak:0.00M | Scene, ViewLayer | Synchronizing object | GEO-native-regional-fracture-0-panel-21-section-9-band-2
Fra:1 Mem:22.08M (Peak 22.08M) | Time:00:00.00 | Mem:0.00M, Peak:0.00M | Scene, ViewLayer | Synchronizing object | GEO-native-regional-fracture-0-panel-21-section-9-band-1
Fra:1 Mem:22.09M (Peak 22.09M) | Time:00:00.00 | Mem:0.00M, Peak:0.00M | Scene, ViewLayer | Synchronizing object | GEO-native-regional-fracture-0-panel-21-section-9-band-0
Fra:1 Mem:22.09M (Peak 22.09M) | Time:00:00.00 | Mem:0.00M, Peak:0.00M | Scene, ViewLayer | Synchronizing object | GEO-native-regional-fracture-0-panel-21-section-8-band-2
Fra:1 Mem:22.09M (Peak 22.09M) | Time:00:00.00 | Mem:0.00M, Peak:0.00M | Scene, ViewLayer | Synchronizing object | GEO-native-regional-fracture-0-panel-21-section-8-band-1
Fra:1 Mem:22.09M (Peak 22.09M) | Time:00:00.00 | Mem:0.00M, Peak:0.00M | Scene, ViewLayer | Synchronizing object | GEO-native-regional-fracture-0-panel-21-section-8-band-0
Fra:1 Mem:22.09M (Peak 22.09M) | Time:00:00.00 | Mem:0.00M, Peak:0.00M | Scene, ViewLayer | Synchronizing object | GEO-native-regional-fracture-2-panel-17-section-6-band-2
Fra:1 Mem:22.09M (Peak 22.09M) | Time:00:00.00 | Mem:0.00M, Peak:0.00M | Scene, ViewLayer | Synchronizing object | GEO-native-regional-fracture-2-panel-17-section-5-band-2
Fra:1 Mem:22.09M (Peak 22.09M) | Time:00:00.00 | Mem:0.00M, Peak:0.00M | Scene, ViewLayer | Synchronizing object | GEO-native-regional-fracture-2-panel-17-section-4-band-2
Fra:1 Mem:22.09M (Peak 22.09M) | Time:00:00.00 | Mem:0.00M, Peak:0.00M | Scene, ViewLayer | Synchronizing object | GEO-native-regional-fracture-2-panel-17-section-4-band-1
Fra:1 Mem:22.09M (Peak 22.09M) | Time:00:00.00 | Mem:0.00M, Peak:0.00M | Scene, ViewLayer | Synchronizing object | GEO-native-regional-fracture-2-panel-17-section-4-band-0
Fra:1 Mem:22.09M (Peak 22.09M) | Time:00:00.00 | Mem:0.00M, Peak:0.00M | Scene, ViewLayer | Synchronizing object | GEO-native-regional-fracture-2-panel-17-section-3-band-2
Fra:1 Mem:22.09M (Peak 22.09M) | Time:00:00.00 | Mem:0.00M, Peak:0.00M | Scene, ViewLayer | Synchronizing object | GEO-native-regional-fracture-2-panel-17-section-3-band-1
Fra:1 Mem:22.10M (Peak 22.10M) | Time:00:00.00 | Mem:0.00M, Peak:0.00M | Scene, ViewLayer | Synchronizing object | GEO-native-regional-fracture-2-panel-17-section-3-band-0
Fra:1 Mem:22.10M (Peak 22.10M) | Time:00:00.00 | Mem:0.00M, Peak:0.00M | Scene, ViewLayer | Synchronizing object | GEO-native-regional-fracture-2-panel-17-section-2-band-1
Fra:1 Mem:22.10M (Peak 22.10M) | Time:00:00.00 | Mem:0.00M, Peak:0.00M | Scene, ViewLayer | Synchronizing object | GEO-native-regional-fracture-2-panel-17-section-2-band-0
Fra:1 Mem:22.10M (Peak 22.10M) | Time:00:00.00 | Mem:0.00M, Peak:0.00M | Scene, ViewLayer | Synchronizing object | GEO-native-regional-fracture-0-panel-16-section-5-band-1
Fra:1 Mem:22.10M (Peak 22.10M) | Time:00:00.00 | Mem:0.00M, Peak:0.00M | Scene, ViewLayer | Synchronizing object | GEO-native-regional-fracture-0-panel-16-section-5-band-0
Fra:1 Mem:22.10M (Peak 22.10M) | Time:00:00.00 | Mem:0.00M, Peak:0.00M | Scene, ViewLayer | Synchronizing object | GEO-native-regional-fracture-0-panel-16-section-4-band-1
Fra:1 Mem:22.10M (Peak 22.10M) | Time:00:00.00 | Mem:0.00M, Peak:0.00M | Scene, ViewLayer | Synchronizing object | GEO-native-regional-fracture-0-panel-16-section-4-band-0
Fra:1 Mem:22.10M (Peak 22.10M) | Time:00:00.00 | Mem:0.00M, Peak:0.00M | Scene, ViewLayer | Synchronizing object | GEO-native-regional-fracture-0-panel-16-section-3-band-1
Fra:1 Mem:22.10M (Peak 22.10M) | Time:00:00.00 | Mem:0.00M, Peak:0.00M | Scene, ViewLayer | Synchronizing object | GEO-native-regional-fracture-0-panel-16-section-3-band-0
Fra:1 Mem:22.10M (Peak 22.10M) | Time:00:00.00 | Mem:0.00M, Peak:0.00M | Scene, ViewLayer | Synchronizing object | GEO-native-regional-fracture-0-panel-16-section-2-band-0
Fra:1 Mem:22.10M (Peak 22.10M) | Time:00:00.00 | Mem:0.00M, Peak:0.00M | Scene, ViewLayer | Synchronizing object | GEO-native-regional-fracture-1-panel-15-section-10-band-2
Fra:1 Mem:22.11M (Peak 22.11M) | Time:00:00.00 | Mem:0.00M, Peak:0.00M | Scene, ViewLayer | Synchronizing object | GEO-native-regional-fracture-1-panel-15-section-9-band-2
Fra:1 Mem:22.11M (Peak 22.11M) | Time:00:00.00 | Mem:0.00M, Peak:0.00M | Scene, ViewLayer | Synchronizing object | GEO-native-regional-fracture-1-panel-15-section-8-band-2
Fra:1 Mem:22.11M (Peak 22.11M) | Time:00:00.00 | Mem:0.00M, Peak:0.00M | Scene, ViewLayer | Synchronizing object | GEO-native-regional-fracture-1-panel-15-section-7-band-2
Fra:1 Mem:22.11M (Peak 22.11M) | Time:00:00.00 | Mem:0.00M, Peak:0.00M | Scene, ViewLayer | Synchronizing object | GEO-native-regional-fracture-1-panel-15-section-6-band-2
Fra:1 Mem:22.11M (Peak 22.11M) | Time:00:00.00 | Mem:0.00M, Peak:0.00M | Scene, ViewLayer | Synchronizing object | GEO-native-regional-fracture-1-panel-15-section-5-band-2
Fra:1 Mem:22.11M (Peak 22.11M) | Time:00:00.00 | Mem:0.00M, Peak:0.00M | Scene, ViewLayer | Synchronizing object | GEO-native-regional-fracture-1-panel-15-section-4-band-2
Fra:1 Mem:22.11M (Peak 22.11M) | Time:00:00.00 | Mem:0.00M, Peak:0.00M | Scene, ViewLayer | Synchronizing object | GEO-native-regional-fracture-1-panel-15-section-3-band-2
Fra:1 Mem:22.11M (Peak 22.11M) | Time:00:00.00 | Mem:0.00M, Peak:0.00M | Scene, ViewLayer | Synchronizing object | GEO-native-regional-fracture-1-panel-15-section-2-band-2
Fra:1 Mem:22.11M (Peak 22.11M) | Time:00:00.00 | Mem:0.00M, Peak:0.00M | Scene, ViewLayer | Synchronizing object | GEO-native-regional-fracture-2-panel-14-section-6-band-2
Fra:1 Mem:22.11M (Peak 22.11M) | Time:00:00.00 | Mem:0.00M, Peak:0.00M | Scene, ViewLayer | Synchronizing object | GEO-native-regional-fracture-2-panel-14-section-6-band-1
Fra:1 Mem:22.11M (Peak 22.11M) | Time:00:00.00 | Mem:0.00M, Peak:0.00M | Scene, ViewLayer | Synchronizing object | GEO-native-regional-fracture-2-panel-14-section-6-band-0
Fra:1 Mem:22.12M (Peak 22.12M) | Time:00:00.00 | Mem:0.00M, Peak:0.00M | Scene, ViewLayer | Synchronizing object | GEO-native-regional-fracture-2-panel-14-section-5-band-2
Fra:1 Mem:22.12M (Peak 22.12M) | Time:00:00.00 | Mem:0.00M, Peak:0.00M | Scene, ViewLayer | Synchronizing object | GEO-native-regional-fracture-2-panel-14-section-5-band-1
Fra:1 Mem:22.12M (Peak 22.12M) | Time:00:00.00 | Mem:0.00M, Peak:0.00M | Scene, ViewLayer | Synchronizing object | GEO-native-regional-fracture-2-panel-14-section-5-band-0
Fra:1 Mem:22.12M (Peak 22.12M) | Time:00:00.00 | Mem:0.00M, Peak:0.00M | Scene, ViewLayer | Synchronizing object | GEO-native-regional-fracture-2-panel-14-section-4-band-2
Fra:1 Mem:22.12M (Peak 22.12M) | Time:00:00.00 | Mem:0.00M, Peak:0.00M | Scene, ViewLayer | Synchronizing object | GEO-native-regional-fracture-2-panel-14-section-4-band-1
Fra:1 Mem:22.12M (Peak 22.12M) | Time:00:00.00 | Mem:0.00M, Peak:0.00M | Scene, ViewLayer | Synchronizing object | GEO-native-regional-fracture-2-panel-14-section-4-band-0
Fra:1 Mem:22.12M (Peak 22.12M) | Time:00:00.00 | Mem:0.00M, Peak:0.00M | Scene, ViewLayer | Synchronizing object | GEO-native-regional-fracture-2-panel-14-section-3-band-0
Fra:1 Mem:22.12M (Peak 22.12M) | Time:00:00.00 | Mem:0.00M, Peak:0.00M | Scene, ViewLayer | Synchronizing object | GEO-native-regional-fracture-2-panel-14-section-2-band-0
Fra:1 Mem:22.12M (Peak 22.12M) | Time:00:00.00 | Mem:0.00M, Peak:0.00M | Scene, ViewLayer | Synchronizing object | GEO-native-regional-fracture-2-panel-11-section-5-band-2
Fra:1 Mem:22.12M (Peak 22.12M) | Time:00:00.00 | Mem:0.00M, Peak:0.00M | Scene, ViewLayer | Synchronizing object | GEO-native-regional-fracture-2-panel-11-section-4-band-2
Fra:1 Mem:22.13M (Peak 22.13M) | Time:00:00.00 | Mem:0.00M, Peak:0.00M | Scene, ViewLayer | Synchronizing object | GEO-native-regional-fracture-2-panel-11-section-3-band-2
Fra:1 Mem:22.13M (Peak 22.13M) | Time:00:00.00 | Mem:0.00M, Peak:0.00M | Scene, ViewLayer | Synchronizing object | GEO-native-regional-fracture-2-panel-11-section-3-band-1
Fra:1 Mem:22.13M (Peak 22.13M) | Time:00:00.00 | Mem:0.00M, Peak:0.00M | Scene, ViewLayer | Synchronizing object | GEO-native-regional-fracture-2-panel-11-section-3-band-0
Fra:1 Mem:22.13M (Peak 22.13M) | Time:00:00.00 | Mem:0.00M, Peak:0.00M | Scene, ViewLayer | Synchronizing object | GEO-native-regional-fracture-2-panel-11-section-2-band-2
Fra:1 Mem:22.13M (Peak 22.13M) | Time:00:00.00 | Mem:0.00M, Peak:0.00M | Scene, ViewLayer | Synchronizing object | GEO-native-regional-fracture-2-panel-11-section-2-band-1
Fra:1 Mem:22.13M (Peak 22.13M) | Time:00:00.00 | Mem:0.00M, Peak:0.00M | Scene, ViewLayer | Synchronizing object | GEO-native-regional-fracture-2-panel-11-section-2-band-0
Fra:1 Mem:22.13M (Peak 22.13M) | Time:00:00.00 | Mem:0.00M, Peak:0.00M | Scene, ViewLayer | Synchronizing object | GEO-native-regional-fracture-1-panel-10-section-7-band-2
Fra:1 Mem:22.13M (Peak 22.13M) | Time:00:00.00 | Mem:0.00M, Peak:0.00M | Scene, ViewLayer | Synchronizing object | GEO-native-regional-fracture-1-panel-10-section-6-band-2
Fra:1 Mem:22.13M (Peak 22.13M) | Time:00:00.00 | Mem:0.00M, Peak:0.00M | Scene, ViewLayer | Synchronizing object | GEO-native-regional-fracture-1-panel-10-section-6-band-1
Fra:1 Mem:22.13M (Peak 22.13M) | Time:00:00.00 | Mem:0.00M, Peak:0.00M | Scene, ViewLayer | Synchronizing object | GEO-native-regional-fracture-1-panel-10-section-5-band-2
Fra:1 Mem:22.13M (Peak 22.13M) | Time:00:00.00 | Mem:0.00M, Peak:0.00M | Scene, ViewLayer | Synchronizing object | GEO-native-regional-fracture-1-panel-10-section-5-band-1
Fra:1 Mem:22.14M (Peak 22.14M) | Time:00:00.00 | Mem:0.00M, Peak:0.00M | Scene, ViewLayer | Synchronizing object | GEO-native-regional-fracture-1-panel-10-section-4-band-2
Fra:1 Mem:22.14M (Peak 22.14M) | Time:00:00.00 | Mem:0.00M, Peak:0.00M | Scene, ViewLayer | Synchronizing object | GEO-native-regional-fracture-1-panel-10-section-3-band-2
Fra:1 Mem:22.14M (Peak 22.14M) | Time:00:00.00 | Mem:0.00M, Peak:0.00M | Scene, ViewLayer | Synchronizing object | GEO-native-regional-fracture-1-panel-10-section-3-band-1
Fra:1 Mem:22.14M (Peak 22.14M) | Time:00:00.00 | Mem:0.00M, Peak:0.00M | Scene, ViewLayer | Synchronizing object | GEO-native-regional-fracture-1-panel-10-section-2-band-2
Fra:1 Mem:22.14M (Peak 22.14M) | Time:00:00.00 | Mem:0.00M, Peak:0.00M | Scene, ViewLayer | Synchronizing object | GEO-native-regional-fracture-1-panel-10-section-1-band-2
Fra:1 Mem:22.14M (Peak 22.14M) | Time:00:00.00 | Mem:0.00M, Peak:0.00M | Scene, ViewLayer | Synchronizing object | GEO-native-regional-fracture-2-panel-8-section-2-band-2
Fra:1 Mem:22.14M (Peak 22.14M) | Time:00:00.00 | Mem:0.00M, Peak:0.00M | Scene, ViewLayer | Synchronizing object | GEO-native-regional-fracture-2-panel-8-section-2-band-1
Fra:1 Mem:22.14M (Peak 22.14M) | Time:00:00.00 | Mem:0.00M, Peak:0.00M | Scene, ViewLayer | Synchronizing object | GEO-native-regional-fracture-2-panel-8-section-2-band-0
Fra:1 Mem:22.14M (Peak 22.14M) | Time:00:00.00 | Mem:0.00M, Peak:0.00M | Scene, ViewLayer | Synchronizing object | GEO-native-regional-fracture-0-panel-7-section-8-band-2
Fra:1 Mem:22.14M (Peak 22.14M) | Time:00:00.00 | Mem:0.00M, Peak:0.00M | Scene, ViewLayer | Synchronizing object | GEO-native-regional-fracture-0-panel-7-section-8-band-1
Fra:1 Mem:22.14M (Peak 22.14M) | Time:00:00.00 | Mem:0.00M, Peak:0.00M | Scene, ViewLayer | Synchronizing object | GEO-native-regional-fracture-0-panel-7-section-7-band-2
Fra:1 Mem:22.15M (Peak 22.15M) | Time:00:00.00 | Mem:0.00M, Peak:0.00M | Scene, ViewLayer | Synchronizing object | GEO-native-regional-fracture-0-panel-7-section-6-band-2
Fra:1 Mem:22.15M (Peak 22.15M) | Time:00:00.00 | Mem:0.00M, Peak:0.00M | Scene, ViewLayer | Synchronizing object | GEO-native-regional-fracture-0-panel-7-section-6-band-1
Fra:1 Mem:22.15M (Peak 22.15M) | Time:00:00.00 | Mem:0.00M, Peak:0.00M | Scene, ViewLayer | Synchronizing object | GEO-native-regional-fracture-0-panel-7-section-5-band-2
Fra:1 Mem:22.15M (Peak 22.15M) | Time:00:00.00 | Mem:0.00M, Peak:0.00M | Scene, ViewLayer | Synchronizing object | GEO-native-regional-fracture-0-panel-7-section-5-band-1
Fra:1 Mem:22.15M (Peak 22.15M) | Time:00:00.00 | Mem:0.00M, Peak:0.00M | Scene, ViewLayer | Synchronizing object | GEO-native-regional-fracture-0-panel-7-section-4-band-2
Fra:1 Mem:22.15M (Peak 22.15M) | Time:00:00.00 | Mem:0.00M, Peak:0.00M | Scene, ViewLayer | Synchronizing object | GEO-native-regional-fracture-1-panel-6-section-11-band-2
Fra:1 Mem:22.15M (Peak 22.15M) | Time:00:00.00 | Mem:0.00M, Peak:0.00M | Scene, ViewLayer | Synchronizing object | GEO-native-regional-fracture-1-panel-6-section-11-band-1
Fra:1 Mem:22.15M (Peak 22.15M) | Time:00:00.00 | Mem:0.00M, Peak:0.00M | Scene, ViewLayer | Synchronizing object | GEO-native-regional-fracture-1-panel-6-section-11-band-0
Fra:1 Mem:22.15M (Peak 22.15M) | Time:00:00.00 | Mem:0.00M, Peak:0.00M | Scene, ViewLayer | Synchronizing object | GEO-native-regional-fracture-1-panel-6-section-10-band-0
Fra:1 Mem:22.15M (Peak 22.15M) | Time:00:00.00 | Mem:0.00M, Peak:0.00M | Scene, ViewLayer | Synchronizing object | GEO-native-regional-fracture-0-panel-5-section-5-band-1
Fra:1 Mem:22.15M (Peak 22.15M) | Time:00:00.00 | Mem:0.00M, Peak:0.00M | Scene, ViewLayer | Synchronizing object | GEO-native-regional-fracture-0-panel-5-section-4-band-2
Fra:1 Mem:22.16M (Peak 22.16M) | Time:00:00.00 | Mem:0.00M, Peak:0.00M | Scene, ViewLayer | Synchronizing object | GEO-native-regional-fracture-0-panel-5-section-4-band-1
Fra:1 Mem:22.16M (Peak 22.16M) | Time:00:00.00 | Mem:0.00M, Peak:0.00M | Scene, ViewLayer | Synchronizing object | GEO-native-regional-fracture-0-panel-5-section-3-band-2
Fra:1 Mem:22.16M (Peak 22.16M) | Time:00:00.00 | Mem:0.00M, Peak:0.00M | Scene, ViewLayer | Synchronizing object | GEO-native-regional-fracture-0-panel-5-section-3-band-1
Fra:1 Mem:22.16M (Peak 22.16M) | Time:00:00.00 | Mem:0.00M, Peak:0.00M | Scene, ViewLayer | Synchronizing object | GEO-native-regional-fracture-0-panel-5-section-3-band-0
Fra:1 Mem:22.16M (Peak 22.16M) | Time:00:00.00 | Mem:0.00M, Peak:0.00M | Scene, ViewLayer | Synchronizing object | GEO-native-regional-fracture-0-panel-5-section-2-band-2
Fra:1 Mem:22.16M (Peak 22.16M) | Time:00:00.00 | Mem:0.00M, Peak:0.00M | Scene, ViewLayer | Synchronizing object | GEO-native-regional-fracture-0-panel-5-section-2-band-1
Fra:1 Mem:22.16M (Peak 22.16M) | Time:00:00.00 | Mem:0.00M, Peak:0.00M | Scene, ViewLayer | Synchronizing object | GEO-native-regional-fracture-0-panel-5-section-2-band-0
Fra:1 Mem:22.16M (Peak 22.16M) | Time:00:00.00 | Mem:0.00M, Peak:0.00M | Scene, ViewLayer | Synchronizing object | GEO-native-regional-fracture-0-panel-5-section-1-band-1
Fra:1 Mem:22.16M (Peak 22.16M) | Time:00:00.00 | Mem:0.00M, Peak:0.00M | Scene, ViewLayer | Synchronizing object | GEO-native-regional-fracture-0-panel-5-section-1-band-0
Fra:1 Mem:22.16M (Peak 22.16M) | Time:00:00.00 | Mem:0.00M, Peak:0.00M | Scene, ViewLayer | Synchronizing object | GEO-native-regional-fracture-1-panel-4-section-11-band-2
Fra:1 Mem:22.16M (Peak 22.16M) | Time:00:00.00 | Mem:0.00M, Peak:0.00M | Scene, ViewLayer | Synchronizing object | GEO-native-regional-fracture-1-panel-4-section-11-band-1
Fra:1 Mem:22.17M (Peak 22.17M) | Time:00:00.00 | Mem:0.00M, Peak:0.00M | Scene, ViewLayer | Synchronizing object | GEO-native-regional-fracture-1-panel-4-section-11-band-0
Fra:1 Mem:22.17M (Peak 22.17M) | Time:00:00.00 | Mem:0.00M, Peak:0.00M | Scene, ViewLayer | Synchronizing object | GEO-native-regional-fracture-1-panel-2-section-4-band-2
Fra:1 Mem:22.17M (Peak 22.17M) | Time:00:00.00 | Mem:0.00M, Peak:0.00M | Scene, ViewLayer | Synchronizing object | GEO-native-regional-fracture-1-panel-2-section-4-band-1
Fra:1 Mem:22.17M (Peak 22.17M) | Time:00:00.00 | Mem:0.00M, Peak:0.00M | Scene, ViewLayer | Synchronizing object | GEO-native-regional-fracture-1-panel-2-section-4-band-0
Fra:1 Mem:22.17M (Peak 22.17M) | Time:00:00.00 | Mem:0.00M, Peak:0.00M | Scene, ViewLayer | Synchronizing object | GEO-native-regional-fracture-1-panel-2-section-3-band-2
Fra:1 Mem:22.17M (Peak 22.17M) | Time:00:00.00 | Mem:0.00M, Peak:0.00M | Scene, ViewLayer | Synchronizing object | GEO-native-regional-fracture-1-panel-2-section-3-band-1
Fra:1 Mem:22.17M (Peak 22.17M) | Time:00:00.00 | Mem:0.00M, Peak:0.00M | Scene, ViewLayer | Synchronizing object | GEO-native-regional-fracture-1-panel-2-section-3-band-0
Fra:1 Mem:22.17M (Peak 22.17M) | Time:00:00.00 | Mem:0.00M, Peak:0.00M | Scene, ViewLayer | Synchronizing object | GEO-native-regional-fracture-1-panel-2-section-2-band-2
Fra:1 Mem:22.17M (Peak 22.17M) | Time:00:00.00 | Mem:0.00M, Peak:0.00M | Scene, ViewLayer | Synchronizing object | GEO-native-regional-fracture-1-panel-2-section-2-band-1
Fra:1 Mem:22.17M (Peak 22.17M) | Time:00:00.00 | Mem:0.00M, Peak:0.00M | Scene, ViewLayer | Synchronizing object | GEO-native-regional-fracture-1-panel-2-section-2-band-0
Fra:1 Mem:22.18M (Peak 22.18M) | Time:00:00.00 | Mem:0.00M, Peak:0.00M | Scene, ViewLayer | Synchronizing object | GEO-native-regional-fracture-1-panel-2-section-1-band-2
Fra:1 Mem:22.18M (Peak 22.18M) | Time:00:00.00 | Mem:0.00M, Peak:0.00M | Scene, ViewLayer | Synchronizing object | GEO-native-regional-fracture-1-panel-2-section-1-band-1
Fra:1 Mem:22.18M (Peak 22.18M) | Time:00:00.00 | Mem:0.00M, Peak:0.00M | Scene, ViewLayer | Synchronizing object | GEO-native-regional-fracture-1-panel-2-section-1-band-0
Fra:1 Mem:22.18M (Peak 22.18M) | Time:00:00.00 | Mem:0.00M, Peak:0.00M | Scene, ViewLayer | Synchronizing object | GEO-native-regional-fracture-1-panel-2-section-0-band-2
Fra:1 Mem:22.18M (Peak 22.18M) | Time:00:00.00 | Mem:0.00M, Peak:0.00M | Scene, ViewLayer | Synchronizing object | GEO-native-regional-fracture-1-panel-2-section-0-band-1
Fra:1 Mem:22.18M (Peak 22.18M) | Time:00:00.00 | Mem:0.00M, Peak:0.00M | Scene, ViewLayer | Synchronizing object | GEO-native-regional-fracture-2-panel-1-section-8-band-2
Fra:1 Mem:22.18M (Peak 22.18M) | Time:00:00.00 | Mem:0.00M, Peak:0.00M | Scene, ViewLayer | Synchronizing object | GEO-native-regional-fracture-2-panel-1-section-8-band-1
Fra:1 Mem:22.18M (Peak 22.18M) | Time:00:00.00 | Mem:0.00M, Peak:0.00M | Scene, ViewLayer | Synchronizing object | GEO-native-regional-fracture-2-panel-1-section-8-band-0
Fra:1 Mem:22.18M (Peak 22.18M) | Time:00:00.00 | Mem:0.00M, Peak:0.00M | Scene, ViewLayer | Synchronizing object | GEO-native-regional-fracture-2-panel-1-section-7-band-2
Fra:1 Mem:22.18M (Peak 22.18M) | Time:00:00.00 | Mem:0.00M, Peak:0.00M | Scene, ViewLayer | Synchronizing object | GEO-native-regional-fracture-2-panel-1-section-7-band-1
Fra:1 Mem:22.18M (Peak 22.18M) | Time:00:00.00 | Mem:0.00M, Peak:0.00M | Scene, ViewLayer | Synchronizing object | GEO-native-regional-fracture-2-panel-1-section-7-band-0
Fra:1 Mem:22.19M (Peak 22.19M) | Time:00:00.00 | Mem:0.00M, Peak:0.00M | Scene, ViewLayer | Synchronizing object | GEO-native-regional-fracture-2-panel-1-section-6-band-2
Fra:1 Mem:22.19M (Peak 22.19M) | Time:00:00.00 | Mem:0.00M, Peak:0.00M | Scene, ViewLayer | Synchronizing object | GEO-native-regional-fracture-2-panel-1-section-6-band-1
Fra:1 Mem:22.19M (Peak 22.19M) | Time:00:00.00 | Mem:0.00M, Peak:0.00M | Scene, ViewLayer | Synchronizing object | GEO-native-regional-fracture-2-panel-1-section-6-band-0
Fra:1 Mem:22.19M (Peak 22.19M) | Time:00:00.00 | Mem:0.00M, Peak:0.00M | Scene, ViewLayer | Synchronizing object | GEO-native-regional-fracture-2-panel-1-section-5-band-2
Fra:1 Mem:22.19M (Peak 22.19M) | Time:00:00.00 | Mem:0.00M, Peak:0.00M | Scene, ViewLayer | Synchronizing object | GEO-planets--crystal-moon-2-connected-crystalline-body
Fra:1 Mem:22.29M (Peak 22.29M) | Time:00:00.00 | Mem:0.00M, Peak:0.00M | Scene, ViewLayer | Initializing
Fra:1 Mem:21.77M (Peak 22.29M) | Time:00:00.00 | Mem:0.00M, Peak:0.00M | Scene, ViewLayer | Updating Images | Loading Crystal9-material-7
Fra:1 Mem:22.03M (Peak 22.29M) | Time:00:00.00 | Mem:0.25M, Peak:0.25M | Scene, ViewLayer | Updating Images | Loading Crystal9-material-6
Fra:1 Mem:22.28M (Peak 22.29M) | Time:00:00.00 | Mem:0.25M, Peak:0.25M | Scene, ViewLayer | Updating Images | Loading Crystal9-material-0
Fra:1 Mem:22.53M (Peak 22.53M) | Time:00:00.00 | Mem:0.50M, Peak:0.50M | Scene, ViewLayer | Updating Images | Loading Crystal9-roughness-0
Fra:1 Mem:22.78M (Peak 22.78M) | Time:00:00.00 | Mem:0.75M, Peak:0.75M | Scene, ViewLayer | Updating Images | Loading Crystal9-material-1
Fra:1 Mem:23.03M (Peak 23.03M) | Time:00:00.01 | Mem:1.00M, Peak:1.00M | Scene, ViewLayer | Updating Images | Loading Crystal9-roughness-1
Fra:1 Mem:23.28M (Peak 23.28M) | Time:00:00.01 | Mem:1.25M, Peak:1.25M | Scene, ViewLayer | Updating Images | Loading Crystal9-material-5
Fra:1 Mem:23.53M (Peak 23.53M) | Time:00:00.01 | Mem:1.50M, Peak:1.50M | Scene, ViewLayer | Updating Images | Loading Crystal9-material-4
Fra:1 Mem:23.78M (Peak 23.78M) | Time:00:00.01 | Mem:1.75M, Peak:1.75M | Scene, ViewLayer | Updating Images | Loading Crystal9-material-3
Fra:1 Mem:24.03M (Peak 24.03M) | Time:00:00.01 | Mem:2.00M, Peak:2.00M | Scene, ViewLayer | Updating Images | Loading Crystal9-roughness-2
Fra:1 Mem:24.28M (Peak 24.28M) | Time:00:00.01 | Mem:2.25M, Peak:2.25M | Scene, ViewLayer | Updating Images | Loading Crystal9-material-2
Fra:1 Mem:20.12M (Peak 24.28M) | Time:00:00.01 | Mem:2.75M, Peak:2.75M | Scene, ViewLayer | Waiting for render to start
Fra:1 Mem:20.12M (Peak 24.28M) | Time:00:00.01 | Mem:2.75M, Peak:2.75M | Scene, ViewLayer | Loading render kernels (may take a few minutes the first time)
Fra:1 Mem:20.12M (Peak 24.28M) | Time:00:00.01 | Mem:2.75M, Peak:2.75M | Scene, ViewLayer | Updating Scene
Fra:1 Mem:20.12M (Peak 24.28M) | Time:00:00.01 | Mem:2.75M, Peak:2.75M | Scene, ViewLayer | Updating Shaders
Fra:1 Mem:20.21M (Peak 24.28M) | Time:00:00.01 | Mem:2.76M, Peak:2.76M | Scene, ViewLayer | Updating Procedurals
Fra:1 Mem:20.21M (Peak 24.28M) | Time:00:00.01 | Mem:2.76M, Peak:2.76M | Scene, ViewLayer | Updating Background
Fra:1 Mem:20.21M (Peak 24.28M) | Time:00:00.01 | Mem:2.76M, Peak:2.76M | Scene, ViewLayer | Updating Camera
Fra:1 Mem:20.21M (Peak 24.28M) | Time:00:00.01 | Mem:2.76M, Peak:2.76M | Scene, ViewLayer | Updating Meshes Flags
Fra:1 Mem:20.21M (Peak 24.28M) | Time:00:00.01 | Mem:2.76M, Peak:2.76M | Scene, ViewLayer | Updating Objects
Fra:1 Mem:20.21M (Peak 24.28M) | Time:00:00.01 | Mem:2.76M, Peak:2.76M | Scene, ViewLayer | Updating Objects | Copying Transformations to device
Fra:1 Mem:20.24M (Peak 24.28M) | Time:00:00.01 | Mem:2.79M, Peak:2.79M | Scene, ViewLayer | Updating Objects | Applying Static Transformations
Fra:1 Mem:20.24M (Peak 24.28M) | Time:00:00.01 | Mem:2.79M, Peak:2.79M | Scene, ViewLayer | Updating Particle Systems
Fra:1 Mem:20.24M (Peak 24.28M) | Time:00:00.01 | Mem:2.79M, Peak:2.79M | Scene, ViewLayer | Updating Particle Systems | Copying Particles to device
Fra:1 Mem:20.24M (Peak 24.28M) | Time:00:00.01 | Mem:2.79M, Peak:2.79M | Scene, ViewLayer | Updating Meshes
Fra:1 Mem:20.27M (Peak 24.28M) | Time:00:00.01 | Mem:2.79M, Peak:2.79M | Scene, ViewLayer | Updating Mesh | Computing attributes
Fra:1 Mem:20.40M (Peak 24.28M) | Time:00:00.01 | Mem:2.80M, Peak:2.80M | Scene, ViewLayer | Updating Mesh | Copying Attributes to device
Fra:1 Mem:20.37M (Peak 24.28M) | Time:00:00.01 | Mem:2.88M, Peak:2.88M | Scene, ViewLayer | Updating Scene BVH | Building
Fra:1 Mem:20.37M (Peak 24.28M) | Time:00:00.01 | Mem:2.88M, Peak:2.88M | Scene, ViewLayer | Updating Scene BVH | Building BVH
Fra:1 Mem:20.37M (Peak 24.28M) | Time:00:00.01 | Mem:3.02M, Peak:3.08M | Scene, ViewLayer | Updating Scene BVH | Copying BVH to device
Fra:1 Mem:20.37M (Peak 24.28M) | Time:00:00.01 | Mem:3.02M, Peak:3.08M | Scene, ViewLayer | Updating Mesh | Computing normals
Fra:1 Mem:20.50M (Peak 24.28M) | Time:00:00.01 | Mem:3.02M, Peak:3.08M | Scene, ViewLayer | Updating Mesh | Copying Mesh to device
Fra:1 Mem:20.50M (Peak 24.28M) | Time:00:00.01 | Mem:3.15M, Peak:3.15M | Scene, ViewLayer | Updating Objects Flags
Fra:1 Mem:20.50M (Peak 24.28M) | Time:00:00.01 | Mem:3.15M, Peak:3.15M | Scene, ViewLayer | Updating Primitive Offsets
Fra:1 Mem:20.50M (Peak 24.28M) | Time:00:00.01 | Mem:3.15M, Peak:3.15M | Scene, ViewLayer | Updating Images
Fra:1 Mem:20.50M (Peak 24.28M) | Time:00:00.01 | Mem:3.15M, Peak:3.15M | Scene, ViewLayer | Updating Camera Volume
Fra:1 Mem:20.50M (Peak 24.28M) | Time:00:00.01 | Mem:3.15M, Peak:3.15M | Scene, ViewLayer | Updating Lookup Tables
Fra:1 Mem:20.50M (Peak 24.28M) | Time:00:00.01 | Mem:3.23M, Peak:3.23M | Scene, ViewLayer | Updating Lights
Fra:1 Mem:20.50M (Peak 24.28M) | Time:00:00.01 | Mem:3.23M, Peak:3.23M | Scene, ViewLayer | Updating Lights | Computing tree
Fra:1 Mem:20.56M (Peak 24.28M) | Time:00:00.01 | Mem:3.29M, Peak:3.29M | Scene, ViewLayer | Updating Integrator
Fra:1 Mem:20.56M (Peak 24.28M) | Time:00:00.01 | Mem:3.29M, Peak:3.29M | Scene, ViewLayer | Updating Film
Fra:1 Mem:20.57M (Peak 24.28M) | Time:00:00.01 | Mem:3.21M, Peak:3.29M | Scene, ViewLayer | Updating Lookup Tables
Fra:1 Mem:20.57M (Peak 24.28M) | Time:00:00.01 | Mem:3.30M, Peak:3.30M | Scene, ViewLayer | Updating Baking
Fra:1 Mem:20.57M (Peak 24.28M) | Time:00:00.01 | Mem:3.30M, Peak:3.30M | Scene, ViewLayer | Updating Device | Writing constant memory
Fra:1 Mem:20.57M (Peak 24.28M) | Time:00:00.01 | Mem:3.30M, Peak:3.30M | Scene, ViewLayer | Sample 0/32
Fra:1 Mem:48.39M (Peak 48.39M) | Time:00:00.39 | Remaining:00:11.78 | Mem:31.12M, Peak:31.12M | Scene, ViewLayer | Sample 1/32
Fra:1 Mem:60.75M (Peak 85.47M) | Time:00:10.45 | Mem:31.12M, Peak:31.12M | Scene, ViewLayer | Sample 32/32
Fra:1 Mem:60.75M (Peak 85.47M) | Time:00:10.45 | Mem:31.12M, Peak:31.12M | Scene, ViewLayer | Finished
Saved: '/root/sidereal_spacetime/output/playwright/planet-reference-20260914/crystal-moons-r008-parity/moon-2-gltf-front-faces-only-matched-angle2.png'
Time: 00:10.51 (Saving: 00:00.05)

Fra:1 Mem:22.04M (Peak 22.04M) | Time:00:00.00 | Mem:0.00M, Peak:0.00M | Scene, ViewLayer | Synchronizing object | GEO-planets--crystal-moon-2-connected-crystalline-body
Fra:1 Mem:22.14M (Peak 22.14M) | Time:00:00.00 | Mem:0.00M, Peak:0.00M | Scene, ViewLayer | Synchronizing object | GEO-native-regional-fracture-2-panel-1-section-5-band-2
Fra:1 Mem:22.14M (Peak 22.14M) | Time:00:00.00 | Mem:0.00M, Peak:0.00M | Scene, ViewLayer | Synchronizing object | GEO-native-regional-fracture-2-panel-1-section-6-band-0
Fra:1 Mem:22.14M (Peak 22.14M) | Time:00:00.00 | Mem:0.00M, Peak:0.00M | Scene, ViewLayer | Synchronizing object | GEO-native-regional-fracture-2-panel-1-section-6-band-1
Fra:1 Mem:22.14M (Peak 22.14M) | Time:00:00.00 | Mem:0.00M, Peak:0.00M | Scene, ViewLayer | Synchronizing object | GEO-native-regional-fracture-2-panel-1-section-6-band-2
Fra:1 Mem:22.15M (Peak 22.15M) | Time:00:00.00 | Mem:0.00M, Peak:0.00M | Scene, ViewLayer | Synchronizing object | GEO-native-regional-fracture-2-panel-1-section-7-band-0
Fra:1 Mem:22.15M (Peak 22.15M) | Time:00:00.00 | Mem:0.00M, Peak:0.00M | Scene, ViewLayer | Synchronizing object | GEO-native-regional-fracture-2-panel-1-section-7-band-1
Fra:1 Mem:22.15M (Peak 22.15M) | Time:00:00.00 | Mem:0.00M, Peak:0.00M | Scene, ViewLayer | Synchronizing object | GEO-native-regional-fracture-2-panel-1-section-7-band-2
Fra:1 Mem:22.15M (Peak 22.15M) | Time:00:00.00 | Mem:0.00M, Peak:0.00M | Scene, ViewLayer | Synchronizing object | GEO-native-regional-fracture-2-panel-1-section-8-band-0
Fra:1 Mem:22.15M (Peak 22.15M) | Time:00:00.00 | Mem:0.00M, Peak:0.00M | Scene, ViewLayer | Synchronizing object | GEO-native-regional-fracture-2-panel-1-section-8-band-1
Fra:1 Mem:22.15M (Peak 22.15M) | Time:00:00.00 | Mem:0.00M, Peak:0.00M | Scene, ViewLayer | Synchronizing object | GEO-native-regional-fracture-2-panel-1-section-8-band-2
Fra:1 Mem:22.15M (Peak 22.15M) | Time:00:00.00 | Mem:0.00M, Peak:0.00M | Scene, ViewLayer | Synchronizing object | GEO-native-regional-fracture-1-panel-2-section-0-band-1
Fra:1 Mem:22.15M (Peak 22.15M) | Time:00:00.00 | Mem:0.00M, Peak:0.00M | Scene, ViewLayer | Synchronizing object | GEO-native-regional-fracture-1-panel-2-section-0-band-2
Fra:1 Mem:22.16M (Peak 22.16M) | Time:00:00.00 | Mem:0.00M, Peak:0.00M | Scene, ViewLayer | Synchronizing object | GEO-native-regional-fracture-1-panel-2-section-1-band-0
Fra:1 Mem:22.16M (Peak 22.16M) | Time:00:00.00 | Mem:0.00M, Peak:0.00M | Scene, ViewLayer | Synchronizing object | GEO-native-regional-fracture-1-panel-2-section-1-band-1
Fra:1 Mem:22.16M (Peak 22.16M) | Time:00:00.00 | Mem:0.00M, Peak:0.00M | Scene, ViewLayer | Synchronizing object | GEO-native-regional-fracture-1-panel-2-section-1-band-2
Fra:1 Mem:22.16M (Peak 22.16M) | Time:00:00.00 | Mem:0.00M, Peak:0.00M | Scene, ViewLayer | Synchronizing object | GEO-native-regional-fracture-1-panel-2-section-2-band-0
Fra:1 Mem:22.16M (Peak 22.16M) | Time:00:00.00 | Mem:0.00M, Peak:0.00M | Scene, ViewLayer | Synchronizing object | GEO-native-regional-fracture-1-panel-2-section-2-band-1
Fra:1 Mem:22.16M (Peak 22.16M) | Time:00:00.00 | Mem:0.00M, Peak:0.00M | Scene, ViewLayer | Synchronizing object | GEO-native-regional-fracture-1-panel-2-section-2-band-2
Fra:1 Mem:22.16M (Peak 22.16M) | Time:00:00.00 | Mem:0.00M, Peak:0.00M | Scene, ViewLayer | Synchronizing object | GEO-native-regional-fracture-1-panel-2-section-3-band-0
Fra:1 Mem:22.17M (Peak 22.17M) | Time:00:00.00 | Mem:0.00M, Peak:0.00M | Scene, ViewLayer | Synchronizing object | GEO-native-regional-fracture-1-panel-2-section-3-band-1
Fra:1 Mem:22.17M (Peak 22.17M) | Time:00:00.00 | Mem:0.00M, Peak:0.00M | Scene, ViewLayer | Synchronizing object | GEO-native-regional-fracture-1-panel-2-section-3-band-2
Fra:1 Mem:22.17M (Peak 22.17M) | Time:00:00.00 | Mem:0.00M, Peak:0.00M | Scene, ViewLayer | Synchronizing object | GEO-native-regional-fracture-1-panel-2-section-4-band-0
Fra:1 Mem:22.17M (Peak 22.17M) | Time:00:00.00 | Mem:0.00M, Peak:0.00M | Scene, ViewLayer | Synchronizing object | GEO-native-regional-fracture-1-panel-2-section-4-band-1
Fra:1 Mem:22.17M (Peak 22.17M) | Time:00:00.00 | Mem:0.00M, Peak:0.00M | Scene, ViewLayer | Synchronizing object | GEO-native-regional-fracture-1-panel-2-section-4-band-2
Fra:1 Mem:22.17M (Peak 22.17M) | Time:00:00.00 | Mem:0.00M, Peak:0.00M | Scene, ViewLayer | Synchronizing object | GEO-native-regional-fracture-1-panel-4-section-11-band-0
Fra:1 Mem:22.18M (Peak 22.18M) | Time:00:00.00 | Mem:0.00M, Peak:0.00M | Scene, ViewLayer | Synchronizing object | GEO-native-regional-fracture-1-panel-4-section-11-band-1
Fra:1 Mem:22.18M (Peak 22.18M) | Time:00:00.00 | Mem:0.00M, Peak:0.00M | Scene, ViewLayer | Synchronizing object | GEO-native-regional-fracture-1-panel-4-section-11-band-2
Fra:1 Mem:22.18M (Peak 22.18M) | Time:00:00.00 | Mem:0.00M, Peak:0.00M | Scene, ViewLayer | Synchronizing object | GEO-native-regional-fracture-0-panel-5-section-1-band-0
Fra:1 Mem:22.18M (Peak 22.18M) | Time:00:00.00 | Mem:0.00M, Peak:0.00M | Scene, ViewLayer | Synchronizing object | GEO-native-regional-fracture-0-panel-5-section-1-band-1
Fra:1 Mem:22.18M (Peak 22.18M) | Time:00:00.00 | Mem:0.00M, Peak:0.00M | Scene, ViewLayer | Synchronizing object | GEO-native-regional-fracture-0-panel-5-section-2-band-0
Fra:1 Mem:22.18M (Peak 22.18M) | Time:00:00.00 | Mem:0.00M, Peak:0.00M | Scene, ViewLayer | Synchronizing object | GEO-native-regional-fracture-0-panel-5-section-2-band-1
Fra:1 Mem:22.18M (Peak 22.18M) | Time:00:00.00 | Mem:0.00M, Peak:0.00M | Scene, ViewLayer | Synchronizing object | GEO-native-regional-fracture-0-panel-5-section-2-band-2
Fra:1 Mem:22.18M (Peak 22.18M) | Time:00:00.00 | Mem:0.00M, Peak:0.00M | Scene, ViewLayer | Synchronizing object | GEO-native-regional-fracture-0-panel-5-section-3-band-0
Fra:1 Mem:22.19M (Peak 22.19M) | Time:00:00.00 | Mem:0.00M, Peak:0.00M | Scene, ViewLayer | Synchronizing object | GEO-native-regional-fracture-0-panel-5-section-3-band-1
Fra:1 Mem:22.19M (Peak 22.19M) | Time:00:00.00 | Mem:0.00M, Peak:0.00M | Scene, ViewLayer | Synchronizing object | GEO-native-regional-fracture-0-panel-5-section-3-band-2
Fra:1 Mem:22.19M (Peak 22.19M) | Time:00:00.00 | Mem:0.00M, Peak:0.00M | Scene, ViewLayer | Synchronizing object | GEO-native-regional-fracture-0-panel-5-section-4-band-1
Fra:1 Mem:22.19M (Peak 22.19M) | Time:00:00.00 | Mem:0.00M, Peak:0.00M | Scene, ViewLayer | Synchronizing object | GEO-native-regional-fracture-0-panel-5-section-4-band-2
Fra:1 Mem:22.19M (Peak 22.19M) | Time:00:00.00 | Mem:0.00M, Peak:0.00M | Scene, ViewLayer | Synchronizing object | GEO-native-regional-fracture-0-panel-5-section-5-band-1
Fra:1 Mem:22.19M (Peak 22.19M) | Time:00:00.00 | Mem:0.00M, Peak:0.00M | Scene, ViewLayer | Synchronizing object | GEO-native-regional-fracture-1-panel-6-section-10-band-0
Fra:1 Mem:22.19M (Peak 22.19M) | Time:00:00.00 | Mem:0.00M, Peak:0.00M | Scene, ViewLayer | Synchronizing object | GEO-native-regional-fracture-1-panel-6-section-11-band-0
Fra:1 Mem:22.20M (Peak 22.20M) | Time:00:00.00 | Mem:0.00M, Peak:0.00M | Scene, ViewLayer | Synchronizing object | GEO-native-regional-fracture-1-panel-6-section-11-band-1
Fra:1 Mem:22.20M (Peak 22.20M) | Time:00:00.00 | Mem:0.00M, Peak:0.00M | Scene, ViewLayer | Synchronizing object | GEO-native-regional-fracture-1-panel-6-section-11-band-2
Fra:1 Mem:22.20M (Peak 22.20M) | Time:00:00.00 | Mem:0.00M, Peak:0.00M | Scene, ViewLayer | Synchronizing object | GEO-native-regional-fracture-0-panel-7-section-4-band-2
Fra:1 Mem:22.20M (Peak 22.20M) | Time:00:00.00 | Mem:0.00M, Peak:0.00M | Scene, ViewLayer | Synchronizing object | GEO-native-regional-fracture-0-panel-7-section-5-band-1
Fra:1 Mem:22.20M (Peak 22.20M) | Time:00:00.00 | Mem:0.00M, Peak:0.00M | Scene, ViewLayer | Synchronizing object | GEO-native-regional-fracture-0-panel-7-section-5-band-2
Fra:1 Mem:22.20M (Peak 22.20M) | Time:00:00.00 | Mem:0.00M, Peak:0.00M | Scene, ViewLayer | Synchronizing object | GEO-native-regional-fracture-0-panel-7-section-6-band-1
Fra:1 Mem:22.20M (Peak 22.20M) | Time:00:00.00 | Mem:0.00M, Peak:0.00M | Scene, ViewLayer | Synchronizing object | GEO-native-regional-fracture-0-panel-7-section-6-band-2
Fra:1 Mem:22.20M (Peak 22.20M) | Time:00:00.00 | Mem:0.00M, Peak:0.00M | Scene, ViewLayer | Synchronizing object | GEO-native-regional-fracture-0-panel-7-section-7-band-2
Fra:1 Mem:22.21M (Peak 22.21M) | Time:00:00.00 | Mem:0.00M, Peak:0.00M | Scene, ViewLayer | Synchronizing object | GEO-native-regional-fracture-0-panel-7-section-8-band-1
Fra:1 Mem:22.21M (Peak 22.21M) | Time:00:00.00 | Mem:0.00M, Peak:0.00M | Scene, ViewLayer | Synchronizing object | GEO-native-regional-fracture-0-panel-7-section-8-band-2
Fra:1 Mem:22.21M (Peak 22.21M) | Time:00:00.00 | Mem:0.00M, Peak:0.00M | Scene, ViewLayer | Synchronizing object | GEO-native-regional-fracture-2-panel-8-section-2-band-0
Fra:1 Mem:22.21M (Peak 22.21M) | Time:00:00.00 | Mem:0.00M, Peak:0.00M | Scene, ViewLayer | Synchronizing object | GEO-native-regional-fracture-0-panel-25-section-11-band-2
Fra:1 Mem:22.21M (Peak 22.21M) | Time:00:00.00 | Mem:0.00M, Peak:0.00M | Scene, ViewLayer | Synchronizing object | GEO-native-regional-fracture-2-panel-8-section-2-band-1
Fra:1 Mem:22.21M (Peak 22.21M) | Time:00:00.00 | Mem:0.00M, Peak:0.00M | Scene, ViewLayer | Synchronizing object | GEO-native-regional-fracture-2-panel-8-section-2-band-2
Fra:1 Mem:22.22M (Peak 22.22M) | Time:00:00.00 | Mem:0.00M, Peak:0.00M | Scene, ViewLayer | Synchronizing object | GEO-native-regional-fracture-0-panel-25-section-10-band-2
Fra:1 Mem:22.22M (Peak 22.22M) | Time:00:00.00 | Mem:0.00M, Peak:0.00M | Scene, ViewLayer | Synchronizing object | GEO-native-regional-fracture-1-panel-10-section-1-band-2
Fra:1 Mem:22.22M (Peak 22.22M) | Time:00:00.00 | Mem:0.00M, Peak:0.00M | Scene, ViewLayer | Synchronizing object | GEO-native-regional-fracture-0-panel-23-section-11-band-2
Fra:1 Mem:22.22M (Peak 22.22M) | Time:00:00.00 | Mem:0.00M, Peak:0.00M | Scene, ViewLayer | Synchronizing object | GEO-native-regional-fracture-1-panel-10-section-2-band-2
Fra:1 Mem:22.22M (Peak 22.22M) | Time:00:00.00 | Mem:0.00M, Peak:0.00M | Scene, ViewLayer | Synchronizing object | GEO-native-regional-fracture-0-panel-23-section-11-band-1
Fra:1 Mem:22.22M (Peak 22.22M) | Time:00:00.00 | Mem:0.00M, Peak:0.00M | Scene, ViewLayer | Synchronizing object | GEO-native-regional-fracture-1-panel-10-section-3-band-1
Fra:1 Mem:22.22M (Peak 22.22M) | Time:00:00.00 | Mem:0.00M, Peak:0.00M | Scene, ViewLayer | Synchronizing object | GEO-native-regional-fracture-0-panel-23-section-11-band-0
Fra:1 Mem:22.22M (Peak 22.22M) | Time:00:00.00 | Mem:0.00M, Peak:0.00M | Scene, ViewLayer | Synchronizing object | GEO-native-regional-fracture-1-panel-10-section-3-band-2
Fra:1 Mem:22.22M (Peak 22.22M) | Time:00:00.00 | Mem:0.00M, Peak:0.00M | Scene, ViewLayer | Synchronizing object | GEO-native-regional-fracture-0-panel-23-section-10-band-0
Fra:1 Mem:22.22M (Peak 22.22M) | Time:00:00.00 | Mem:0.00M, Peak:0.00M | Scene, ViewLayer | Synchronizing object | GEO-native-regional-fracture-1-panel-10-section-4-band-2
Fra:1 Mem:22.23M (Peak 22.23M) | Time:00:00.00 | Mem:0.00M, Peak:0.00M | Scene, ViewLayer | Synchronizing object | GEO-native-regional-fracture-2-panel-22-section-10-band-0
Fra:1 Mem:22.23M (Peak 22.23M) | Time:00:00.00 | Mem:0.00M, Peak:0.00M | Scene, ViewLayer | Synchronizing object | GEO-native-regional-fracture-2-panel-22-section-9-band-0
Fra:1 Mem:22.23M (Peak 22.23M) | Time:00:00.00 | Mem:0.00M, Peak:0.00M | Scene, ViewLayer | Synchronizing object | GEO-native-regional-fracture-2-panel-22-section-8-band-0
Fra:1 Mem:22.23M (Peak 22.23M) | Time:00:00.00 | Mem:0.00M, Peak:0.00M | Scene, ViewLayer | Synchronizing object | GEO-native-regional-fracture-1-panel-10-section-5-band-2
Fra:1 Mem:22.23M (Peak 22.23M) | Time:00:00.00 | Mem:0.00M, Peak:0.00M | Scene, ViewLayer | Synchronizing object | GEO-native-regional-fracture-2-panel-22-section-7-band-0
Fra:1 Mem:22.23M (Peak 22.23M) | Time:00:00.00 | Mem:0.00M, Peak:0.00M | Scene, ViewLayer | Synchronizing object | GEO-native-regional-fracture-1-panel-10-section-6-band-1
Fra:1 Mem:22.23M (Peak 22.23M) | Time:00:00.00 | Mem:0.00M, Peak:0.00M | Scene, ViewLayer | Synchronizing object | GEO-native-regional-fracture-0-panel-21-section-11-band-2
Fra:1 Mem:22.23M (Peak 22.23M) | Time:00:00.00 | Mem:0.00M, Peak:0.00M | Scene, ViewLayer | Synchronizing object | GEO-native-regional-fracture-1-panel-10-section-6-band-2
Fra:1 Mem:22.23M (Peak 22.23M) | Time:00:00.00 | Mem:0.00M, Peak:0.00M | Scene, ViewLayer | Synchronizing object | GEO-native-regional-fracture-0-panel-21-section-10-band-2
Fra:1 Mem:22.23M (Peak 22.23M) | Time:00:00.00 | Mem:0.00M, Peak:0.00M | Scene, ViewLayer | Synchronizing object | GEO-native-regional-fracture-1-panel-10-section-7-band-2
Fra:1 Mem:22.24M (Peak 22.24M) | Time:00:00.00 | Mem:0.00M, Peak:0.00M | Scene, ViewLayer | Synchronizing object | GEO-native-regional-fracture-0-panel-21-section-10-band-1
Fra:1 Mem:22.24M (Peak 22.24M) | Time:00:00.00 | Mem:0.00M, Peak:0.00M | Scene, ViewLayer | Synchronizing object | GEO-native-regional-fracture-2-panel-11-section-2-band-0
Fra:1 Mem:22.24M (Peak 22.24M) | Time:00:00.00 | Mem:0.00M, Peak:0.00M | Scene, ViewLayer | Synchronizing object | GEO-native-regional-fracture-0-panel-21-section-10-band-0
Fra:1 Mem:22.24M (Peak 22.24M) | Time:00:00.00 | Mem:0.00M, Peak:0.00M | Scene, ViewLayer | Synchronizing object | GEO-native-regional-fracture-2-panel-11-section-2-band-1
Fra:1 Mem:22.24M (Peak 22.24M) | Time:00:00.00 | Mem:0.00M, Peak:0.00M | Scene, ViewLayer | Synchronizing object | GEO-native-regional-fracture-0-panel-21-section-9-band-2
Fra:1 Mem:22.24M (Peak 22.24M) | Time:00:00.00 | Mem:0.00M, Peak:0.00M | Scene, ViewLayer | Synchronizing object | GEO-native-regional-fracture-2-panel-11-section-2-band-2
Fra:1 Mem:22.24M (Peak 22.24M) | Time:00:00.00 | Mem:0.00M, Peak:0.00M | Scene, ViewLayer | Synchronizing object | GEO-native-regional-fracture-0-panel-21-section-9-band-1
Fra:1 Mem:22.24M (Peak 22.24M) | Time:00:00.00 | Mem:0.00M, Peak:0.00M | Scene, ViewLayer | Synchronizing object | GEO-native-regional-fracture-2-panel-11-section-3-band-0
Fra:1 Mem:22.24M (Peak 22.24M) | Time:00:00.00 | Mem:0.00M, Peak:0.00M | Scene, ViewLayer | Synchronizing object | GEO-native-regional-fracture-0-panel-21-section-9-band-0
Fra:1 Mem:22.25M (Peak 22.25M) | Time:00:00.00 | Mem:0.00M, Peak:0.00M | Scene, ViewLayer | Synchronizing object | GEO-native-regional-fracture-2-panel-11-section-3-band-1
Fra:1 Mem:22.25M (Peak 22.25M) | Time:00:00.00 | Mem:0.00M, Peak:0.00M | Scene, ViewLayer | Synchronizing object | GEO-native-regional-fracture-0-panel-21-section-8-band-2
Fra:1 Mem:22.25M (Peak 22.25M) | Time:00:00.00 | Mem:0.00M, Peak:0.00M | Scene, ViewLayer | Synchronizing object | GEO-native-regional-fracture-2-panel-11-section-3-band-2
Fra:1 Mem:22.25M (Peak 22.25M) | Time:00:00.00 | Mem:0.00M, Peak:0.00M | Scene, ViewLayer | Synchronizing object | GEO-native-regional-fracture-0-panel-21-section-8-band-1
Fra:1 Mem:22.25M (Peak 22.25M) | Time:00:00.00 | Mem:0.00M, Peak:0.00M | Scene, ViewLayer | Synchronizing object | GEO-native-regional-fracture-2-panel-11-section-4-band-2
Fra:1 Mem:22.25M (Peak 22.25M) | Time:00:00.00 | Mem:0.00M, Peak:0.00M | Scene, ViewLayer | Synchronizing object | GEO-native-regional-fracture-0-panel-21-section-8-band-0
Fra:1 Mem:22.25M (Peak 22.25M) | Time:00:00.00 | Mem:0.00M, Peak:0.00M | Scene, ViewLayer | Synchronizing object | GEO-native-regional-fracture-2-panel-11-section-5-band-2
Fra:1 Mem:22.25M (Peak 22.25M) | Time:00:00.00 | Mem:0.00M, Peak:0.00M | Scene, ViewLayer | Synchronizing object | GEO-native-regional-fracture-2-panel-17-section-6-band-2
Fra:1 Mem:22.25M (Peak 22.25M) | Time:00:00.00 | Mem:0.00M, Peak:0.00M | Scene, ViewLayer | Synchronizing object | GEO-native-regional-fracture-2-panel-14-section-2-band-0
Fra:1 Mem:22.25M (Peak 22.25M) | Time:00:00.00 | Mem:0.00M, Peak:0.00M | Scene, ViewLayer | Synchronizing object | GEO-native-regional-fracture-2-panel-17-section-5-band-2
Fra:1 Mem:22.25M (Peak 22.25M) | Time:00:00.00 | Mem:0.00M, Peak:0.00M | Scene, ViewLayer | Synchronizing object | GEO-native-regional-fracture-2-panel-14-section-3-band-0
Fra:1 Mem:22.26M (Peak 22.26M) | Time:00:00.00 | Mem:0.00M, Peak:0.00M | Scene, ViewLayer | Synchronizing object | GEO-native-regional-fracture-2-panel-17-section-4-band-2
Fra:1 Mem:22.26M (Peak 22.26M) | Time:00:00.00 | Mem:0.00M, Peak:0.00M | Scene, ViewLayer | Synchronizing object | GEO-native-regional-fracture-2-panel-14-section-4-band-0
Fra:1 Mem:22.26M (Peak 22.26M) | Time:00:00.00 | Mem:0.00M, Peak:0.00M | Scene, ViewLayer | Synchronizing object | GEO-native-regional-fracture-2-panel-17-section-4-band-1
Fra:1 Mem:22.26M (Peak 22.26M) | Time:00:00.00 | Mem:0.00M, Peak:0.00M | Scene, ViewLayer | Synchronizing object | GEO-native-regional-fracture-2-panel-14-section-4-band-1
Fra:1 Mem:22.26M (Peak 22.26M) | Time:00:00.00 | Mem:0.00M, Peak:0.00M | Scene, ViewLayer | Synchronizing object | GEO-native-regional-fracture-2-panel-17-section-4-band-0
Fra:1 Mem:22.26M (Peak 22.26M) | Time:00:00.00 | Mem:0.00M, Peak:0.00M | Scene, ViewLayer | Synchronizing object | GEO-native-regional-fracture-2-panel-14-section-4-band-2
Fra:1 Mem:22.26M (Peak 22.26M) | Time:00:00.00 | Mem:0.00M, Peak:0.00M | Scene, ViewLayer | Synchronizing object | GEO-native-regional-fracture-2-panel-17-section-3-band-2
Fra:1 Mem:22.26M (Peak 22.26M) | Time:00:00.00 | Mem:0.00M, Peak:0.00M | Scene, ViewLayer | Synchronizing object | GEO-native-regional-fracture-2-panel-14-section-5-band-0
Fra:1 Mem:22.26M (Peak 22.26M) | Time:00:00.00 | Mem:0.00M, Peak:0.00M | Scene, ViewLayer | Synchronizing object | GEO-native-regional-fracture-2-panel-17-section-3-band-1
Fra:1 Mem:22.26M (Peak 22.26M) | Time:00:00.00 | Mem:0.00M, Peak:0.00M | Scene, ViewLayer | Synchronizing object | GEO-native-regional-fracture-2-panel-14-section-5-band-1
Fra:1 Mem:22.27M (Peak 22.27M) | Time:00:00.00 | Mem:0.00M, Peak:0.00M | Scene, ViewLayer | Synchronizing object | GEO-native-regional-fracture-2-panel-17-section-3-band-0
Fra:1 Mem:22.27M (Peak 22.27M) | Time:00:00.00 | Mem:0.00M, Peak:0.00M | Scene, ViewLayer | Synchronizing object | GEO-native-regional-fracture-2-panel-14-section-5-band-2
Fra:1 Mem:22.27M (Peak 22.27M) | Time:00:00.00 | Mem:0.00M, Peak:0.00M | Scene, ViewLayer | Synchronizing object | GEO-native-regional-fracture-2-panel-17-section-2-band-1
Fra:1 Mem:22.27M (Peak 22.27M) | Time:00:00.00 | Mem:0.00M, Peak:0.00M | Scene, ViewLayer | Synchronizing object | GEO-native-regional-fracture-2-panel-14-section-6-band-0
Fra:1 Mem:22.27M (Peak 22.27M) | Time:00:00.00 | Mem:0.00M, Peak:0.00M | Scene, ViewLayer | Synchronizing object | GEO-native-regional-fracture-2-panel-17-section-2-band-0
Fra:1 Mem:22.27M (Peak 22.27M) | Time:00:00.00 | Mem:0.00M, Peak:0.00M | Scene, ViewLayer | Synchronizing object | GEO-native-regional-fracture-2-panel-14-section-6-band-1
Fra:1 Mem:22.27M (Peak 22.27M) | Time:00:00.00 | Mem:0.00M, Peak:0.00M | Scene, ViewLayer | Synchronizing object | GEO-native-regional-fracture-0-panel-16-section-5-band-1
Fra:1 Mem:22.27M (Peak 22.27M) | Time:00:00.00 | Mem:0.00M, Peak:0.00M | Scene, ViewLayer | Synchronizing object | GEO-native-regional-fracture-2-panel-14-section-6-band-2
Fra:1 Mem:22.27M (Peak 22.27M) | Time:00:00.00 | Mem:0.00M, Peak:0.00M | Scene, ViewLayer | Synchronizing object | GEO-native-regional-fracture-0-panel-16-section-5-band-0
Fra:1 Mem:22.27M (Peak 22.27M) | Time:00:00.00 | Mem:0.00M, Peak:0.00M | Scene, ViewLayer | Synchronizing object | GEO-native-regional-fracture-1-panel-15-section-2-band-2
Fra:1 Mem:22.27M (Peak 22.27M) | Time:00:00.00 | Mem:0.00M, Peak:0.00M | Scene, ViewLayer | Synchronizing object | GEO-native-regional-fracture-0-panel-16-section-4-band-1
Fra:1 Mem:22.28M (Peak 22.28M) | Time:00:00.00 | Mem:0.00M, Peak:0.00M | Scene, ViewLayer | Synchronizing object | GEO-native-regional-fracture-1-panel-15-section-3-band-2
Fra:1 Mem:22.28M (Peak 22.28M) | Time:00:00.00 | Mem:0.00M, Peak:0.00M | Scene, ViewLayer | Synchronizing object | GEO-native-regional-fracture-0-panel-16-section-4-band-0
Fra:1 Mem:22.28M (Peak 22.28M) | Time:00:00.00 | Mem:0.00M, Peak:0.00M | Scene, ViewLayer | Synchronizing object | GEO-native-regional-fracture-1-panel-15-section-4-band-2
Fra:1 Mem:22.28M (Peak 22.28M) | Time:00:00.00 | Mem:0.00M, Peak:0.00M | Scene, ViewLayer | Synchronizing object | GEO-native-regional-fracture-0-panel-16-section-3-band-1
Fra:1 Mem:22.28M (Peak 22.28M) | Time:00:00.00 | Mem:0.00M, Peak:0.00M | Scene, ViewLayer | Synchronizing object | GEO-native-regional-fracture-1-panel-15-section-5-band-2
Fra:1 Mem:22.28M (Peak 22.28M) | Time:00:00.00 | Mem:0.00M, Peak:0.00M | Scene, ViewLayer | Synchronizing object | GEO-native-regional-fracture-0-panel-16-section-3-band-0
Fra:1 Mem:22.28M (Peak 22.28M) | Time:00:00.00 | Mem:0.00M, Peak:0.00M | Scene, ViewLayer | Synchronizing object | GEO-native-regional-fracture-1-panel-15-section-6-band-2
Fra:1 Mem:22.28M (Peak 22.28M) | Time:00:00.00 | Mem:0.00M, Peak:0.00M | Scene, ViewLayer | Synchronizing object | GEO-native-regional-fracture-0-panel-16-section-2-band-0
Fra:1 Mem:22.28M (Peak 22.28M) | Time:00:00.00 | Mem:0.00M, Peak:0.00M | Scene, ViewLayer | Synchronizing object | GEO-native-regional-fracture-1-panel-15-section-7-band-2
Fra:1 Mem:22.28M (Peak 22.28M) | Time:00:00.00 | Mem:0.00M, Peak:0.00M | Scene, ViewLayer | Synchronizing object | GEO-native-regional-fracture-1-panel-15-section-10-band-2
Fra:1 Mem:22.29M (Peak 22.29M) | Time:00:00.00 | Mem:0.00M, Peak:0.00M | Scene, ViewLayer | Synchronizing object | GEO-native-regional-fracture-1-panel-15-section-8-band-2
Fra:1 Mem:22.29M (Peak 22.29M) | Time:00:00.00 | Mem:0.00M, Peak:0.00M | Scene, ViewLayer | Synchronizing object | GEO-native-regional-fracture-1-panel-15-section-9-band-2
Fra:1 Mem:22.29M (Peak 22.29M) | Time:00:00.00 | Mem:0.00M, Peak:0.00M | Scene, ViewLayer | Initializing
Fra:1 Mem:21.77M (Peak 22.29M) | Time:00:00.00 | Mem:0.00M, Peak:0.00M | Scene, ViewLayer | Updating Images | Loading Crystal9-material-0
Fra:1 Mem:21.77M (Peak 22.29M) | Time:00:00.00 | Mem:0.00M, Peak:0.00M | Scene, ViewLayer | Updating Images | Loading Crystal9-material-7
Fra:1 Mem:22.28M (Peak 22.29M) | Time:00:00.00 | Mem:0.25M, Peak:0.25M | Scene, ViewLayer | Updating Images | Loading Crystal9-material-6
Fra:1 Mem:22.53M (Peak 22.53M) | Time:00:00.00 | Mem:0.50M, Peak:0.50M | Scene, ViewLayer | Updating Images | Loading Crystal9-roughness-0
Fra:1 Mem:22.78M (Peak 22.78M) | Time:00:00.00 | Mem:0.75M, Peak:0.75M | Scene, ViewLayer | Updating Images | Loading Crystal9-material-5
Fra:1 Mem:23.03M (Peak 23.03M) | Time:00:00.00 | Mem:1.00M, Peak:1.00M | Scene, ViewLayer | Updating Images | Loading Crystal9-material-1
Fra:1 Mem:23.28M (Peak 23.28M) | Time:00:00.01 | Mem:1.25M, Peak:1.25M | Scene, ViewLayer | Updating Images | Loading Crystal9-material-4
Fra:1 Mem:23.53M (Peak 23.53M) | Time:00:00.01 | Mem:1.50M, Peak:1.50M | Scene, ViewLayer | Updating Images | Loading Crystal9-roughness-1
Fra:1 Mem:23.78M (Peak 23.78M) | Time:00:00.01 | Mem:1.75M, Peak:1.75M | Scene, ViewLayer | Updating Images | Loading Crystal9-material-3
Fra:1 Mem:24.03M (Peak 24.03M) | Time:00:00.01 | Mem:2.00M, Peak:2.00M | Scene, ViewLayer | Updating Images | Loading Crystal9-material-2
Fra:1 Mem:24.28M (Peak 24.28M) | Time:00:00.01 | Mem:2.25M, Peak:2.25M | Scene, ViewLayer | Updating Images | Loading Crystal9-roughness-2
Fra:1 Mem:20.12M (Peak 24.28M) | Time:00:00.01 | Mem:2.75M, Peak:2.75M | Scene, ViewLayer | Waiting for render to start
Fra:1 Mem:20.12M (Peak 24.28M) | Time:00:00.01 | Mem:2.75M, Peak:2.75M | Scene, ViewLayer | Loading render kernels (may take a few minutes the first time)
Fra:1 Mem:20.12M (Peak 24.28M) | Time:00:00.01 | Mem:2.75M, Peak:2.75M | Scene, ViewLayer | Updating Scene
Fra:1 Mem:20.12M (Peak 24.28M) | Time:00:00.01 | Mem:2.75M, Peak:2.75M | Scene, ViewLayer | Updating Shaders
Fra:1 Mem:20.21M (Peak 24.28M) | Time:00:00.01 | Mem:2.76M, Peak:2.76M | Scene, ViewLayer | Updating Procedurals
Fra:1 Mem:20.21M (Peak 24.28M) | Time:00:00.01 | Mem:2.76M, Peak:2.76M | Scene, ViewLayer | Updating Background
Fra:1 Mem:20.21M (Peak 24.28M) | Time:00:00.01 | Mem:2.76M, Peak:2.76M | Scene, ViewLayer | Updating Camera
Fra:1 Mem:20.21M (Peak 24.28M) | Time:00:00.01 | Mem:2.76M, Peak:2.76M | Scene, ViewLayer | Updating Meshes Flags
Fra:1 Mem:20.21M (Peak 24.28M) | Time:00:00.01 | Mem:2.76M, Peak:2.76M | Scene, ViewLayer | Updating Objects
Fra:1 Mem:20.21M (Peak 24.28M) | Time:00:00.01 | Mem:2.76M, Peak:2.76M | Scene, ViewLayer | Updating Objects | Copying Transformations to device
Fra:1 Mem:20.24M (Peak 24.28M) | Time:00:00.01 | Mem:2.79M, Peak:2.79M | Scene, ViewLayer | Updating Objects | Applying Static Transformations
Fra:1 Mem:20.24M (Peak 24.28M) | Time:00:00.01 | Mem:2.79M, Peak:2.79M | Scene, ViewLayer | Updating Particle Systems
Fra:1 Mem:20.24M (Peak 24.28M) | Time:00:00.01 | Mem:2.79M, Peak:2.79M | Scene, ViewLayer | Updating Particle Systems | Copying Particles to device
Fra:1 Mem:20.24M (Peak 24.28M) | Time:00:00.01 | Mem:2.79M, Peak:2.79M | Scene, ViewLayer | Updating Meshes
Fra:1 Mem:20.27M (Peak 24.28M) | Time:00:00.01 | Mem:2.79M, Peak:2.79M | Scene, ViewLayer | Updating Mesh | Computing attributes
Fra:1 Mem:20.40M (Peak 24.28M) | Time:00:00.01 | Mem:2.80M, Peak:2.80M | Scene, ViewLayer | Updating Mesh | Copying Attributes to device
Fra:1 Mem:20.37M (Peak 24.28M) | Time:00:00.01 | Mem:2.88M, Peak:2.88M | Scene, ViewLayer | Updating Scene BVH | Building
Fra:1 Mem:20.37M (Peak 24.28M) | Time:00:00.01 | Mem:2.88M, Peak:2.88M | Scene, ViewLayer | Updating Scene BVH | Building BVH
Fra:1 Mem:20.37M (Peak 24.28M) | Time:00:00.01 | Mem:2.95M, Peak:2.95M | Scene, ViewLayer | Updating Scene BVH | Building BVH 0%
Fra:1 Mem:20.37M (Peak 24.28M) | Time:00:00.01 | Mem:3.02M, Peak:3.08M | Scene, ViewLayer | Updating Scene BVH | Copying BVH to device
Fra:1 Mem:20.37M (Peak 24.28M) | Time:00:00.01 | Mem:3.02M, Peak:3.08M | Scene, ViewLayer | Updating Mesh | Computing normals
Fra:1 Mem:20.50M (Peak 24.28M) | Time:00:00.01 | Mem:3.02M, Peak:3.08M | Scene, ViewLayer | Updating Mesh | Copying Mesh to device
Fra:1 Mem:20.50M (Peak 24.28M) | Time:00:00.01 | Mem:3.15M, Peak:3.15M | Scene, ViewLayer | Updating Objects Flags
Fra:1 Mem:20.50M (Peak 24.28M) | Time:00:00.01 | Mem:3.15M, Peak:3.15M | Scene, ViewLayer | Updating Primitive Offsets
Fra:1 Mem:20.50M (Peak 24.28M) | Time:00:00.01 | Mem:3.15M, Peak:3.15M | Scene, ViewLayer | Updating Images
Fra:1 Mem:20.50M (Peak 24.28M) | Time:00:00.01 | Mem:3.15M, Peak:3.15M | Scene, ViewLayer | Updating Camera Volume
Fra:1 Mem:20.50M (Peak 24.28M) | Time:00:00.01 | Mem:3.15M, Peak:3.15M | Scene, ViewLayer | Updating Lookup Tables
Fra:1 Mem:20.50M (Peak 24.28M) | Time:00:00.01 | Mem:3.23M, Peak:3.23M | Scene, ViewLayer | Updating Lights
Fra:1 Mem:20.50M (Peak 24.28M) | Time:00:00.01 | Mem:3.23M, Peak:3.23M | Scene, ViewLayer | Updating Lights | Computing tree
Fra:1 Mem:20.56M (Peak 24.28M) | Time:00:00.01 | Mem:3.29M, Peak:3.29M | Scene, ViewLayer | Updating Integrator
Fra:1 Mem:20.56M (Peak 24.28M) | Time:00:00.01 | Mem:3.29M, Peak:3.29M | Scene, ViewLayer | Updating Film
Fra:1 Mem:20.57M (Peak 24.28M) | Time:00:00.01 | Mem:3.21M, Peak:3.29M | Scene, ViewLayer | Updating Lookup Tables
Fra:1 Mem:20.57M (Peak 24.28M) | Time:00:00.01 | Mem:3.30M, Peak:3.30M | Scene, ViewLayer | Updating Baking
Fra:1 Mem:20.57M (Peak 24.28M) | Time:00:00.01 | Mem:3.30M, Peak:3.30M | Scene, ViewLayer | Updating Device | Writing constant memory
Fra:1 Mem:20.57M (Peak 24.28M) | Time:00:00.01 | Mem:3.30M, Peak:3.30M | Scene, ViewLayer | Sample 0/32
Fra:1 Mem:20.72M (Peak 24.28M) | Time:00:00.01 | Remaining:00:00.07 | Mem:3.45M, Peak:3.45M | Scene, ViewLayer | Sample 1/32
Fra:1 Mem:20.79M (Peak 24.28M) | Time:00:00.08 | Mem:3.45M, Peak:3.45M | Scene, ViewLayer | Sample 32/32
Fra:1 Mem:20.79M (Peak 24.28M) | Time:00:00.08 | Mem:3.45M, Peak:3.45M | Scene, ViewLayer | Finished
Saved: '/root/sidereal_spacetime/output/playwright/planet-reference-20260914/crystal-moons-r008-parity/moon-2-gltf-front-faces-only-reference-scale.png'
Time: 00:00.08 (Saving: 00:00.00)


Blender quit
