[art/planet-reference-alignment-20260914 4392ead0] R14: preserve native planet reference candidates and selective Ice26 glass
 6417 files changed, 410807 insertions(+), 2 deletions(-)
 create mode 100644 assets/art-library/assets/planets--crystal-moon-1/revisions/r000/reference.png
 create mode 100644 assets/art-library/assets/planets--crystal-moon-2/revisions/r000/reference.png
 create mode 100644 assets/art-library/assets/planets--crystal-world/revisions/r000/reference.png
 create mode 100644 assets/art-library/assets/planets--desert-mesa-relief/revisions/r000/reference.png
 create mode 100644 assets/art-library/assets/planets--desert-moon-1/revisions/r000/reference.png
 create mode 100644 assets/art-library/assets/planets--desert-moon-2/revisions/r000/reference.png
 create mode 100644 assets/art-library/assets/planets--desert-world/revisions/r000/reference.png
 create mode 100644 assets/art-library/assets/planets--detached-crystal-spire/revisions/r000/reference.png
 create mode 100644 assets/art-library/assets/planets--gas-giant-moon-1/revisions/r000/reference.png
 create mode 100644 assets/art-library/assets/planets--gas-giant-moon-2/revisions/r000/reference.png
 create mode 100644 assets/art-library/assets/planets--gas-giant-moon-3/revisions/r000/reference.png
 create mode 100644 assets/art-library/assets/planets--ice-moon-1/revisions/r000/reference.png
 create mode 100644 assets/art-library/assets/planets--ice-moon-2/revisions/r000/reference.png
 create mode 100644 assets/art-library/assets/planets--ice-world/revisions/r000/reference.png
 create mode 100644 assets/art-library/assets/planets--ocean-moon-1/revisions/r000/reference.png
 create mode 100644 assets/art-library/assets/planets--ocean-moon-2/revisions/r000/reference.png
 create mode 100644 assets/art-library/assets/planets--ocean-world/revisions/r000/reference.png
 create mode 100644 assets/art-library/assets/planets--planetary-rings-material-study/revisions/r000/reference.png
 create mode 100644 assets/art-library/assets/planets--ringed-gas-giant/revisions/r000/reference.png
 create mode 100644 assets/art-library/assets/planets--rocky-moon-1/revisions/r000/reference.png
 create mode 100644 assets/art-library/assets/planets--rocky-moon-2/revisions/r000/reference.png
 create mode 100644 assets/art-library/assets/planets--rocky-orbital-fragment-cluster/revisions/r000/reference.png
 create mode 100644 assets/art-library/assets/planets--rocky-world/revisions/r000/reference.png
 create mode 100644 assets/art-library/assets/planets--source-identity-wordmark/revisions/r000/reference.png
 create mode 100644 assets/art-library/assets/planets--temperate-cloud-shelf/revisions/r000/reference.png
 create mode 100644 assets/art-library/assets/planets--temperate-moon-1/revisions/r000/reference.png
 create mode 100644 assets/art-library/assets/planets--temperate-moon-2/revisions/r000/reference.png
 create mode 100644 assets/art-library/assets/planets--temperate-tree-canopy/revisions/r000/reference.png
 create mode 100644 assets/art-library/assets/planets--temperate-world/revisions/r000/reference.png
 create mode 100644 assets/art-library/assets/planets--toxic-moon-1/revisions/r000/reference.png
 create mode 100644 assets/art-library/assets/planets--toxic-moon-2/revisions/r000/reference.png
 create mode 100644 assets/art-library/assets/planets--toxic-world/revisions/r000/reference.png
 create mode 100644 assets/art-library/assets/planets--volcanic-moon-1/revisions/r000/reference.png
 create mode 100644 assets/art-library/assets/planets--volcanic-moon-2/revisions/r000/reference.png
 create mode 100644 assets/art-library/assets/planets--volcanic-world/revisions/r000/reference.png
 create mode 100644 assets/art-library/designs/environment.planet.crystal/DESIGN.html
 create mode 100644 assets/art-library/designs/environment.planet.crystal/DESIGN.md
 create mode 100644 assets/art-library/designs/environment.planet.crystal/design.json
 create mode 100644 assets/art-library/designs/environment.planet.crystal/revisions/r002/artifacts/colossal-cluster.glb
 create mode 100644 assets/art-library/designs/environment.planet.crystal/revisions/r002/artifacts/composition-r002.ts
 create mode 100644 assets/art-library/designs/environment.planet.crystal/revisions/r002/artifacts/crystal-battered-region-a.glb
 create mode 100644 assets/art-library/designs/environment.planet.crystal/revisions/r002/artifacts/crystal-battered-region-b.glb
 create mode 100644 assets/art-library/designs/environment.planet.crystal/revisions/r002/artifacts/fracture-cliffs.glb
 create mode 100644 assets/art-library/designs/environment.planet.crystal/revisions/r002/artifacts/generator.py
 create mode 100644 assets/art-library/designs/environment.planet.crystal/revisions/r002/artifacts/ground-sphere-low.glb
 create mode 100644 assets/art-library/designs/environment.planet.crystal/revisions/r002/artifacts/ground-sphere-medium.glb
 create mode 100644 assets/art-library/designs/environment.planet.crystal/revisions/r002/artifacts/ground-sphere.glb
 create mode 100644 assets/art-library/designs/environment.planet.crystal/revisions/r002/artifacts/kit-preview.png
 create mode 100644 assets/art-library/designs/environment.planet.crystal/revisions/r002/artifacts/kit.blend
 create mode 100644 assets/art-library/designs/environment.planet.crystal/revisions/r002/artifacts/kit.json
 create mode 100644 assets/art-library/designs/environment.planet.crystal/revisions/r002/artifacts/leaning-colossal-cluster.glb
 create mode 100644 assets/art-library/designs/environment.planet.crystal/revisions/r002/artifacts/low-fractured-shelf.glb
 create mode 100644 assets/art-library/designs/environment.planet.crystal/revisions/r002/artifacts/medium-cluster.glb
 create mode 100644 assets/art-library/designs/environment.planet.crystal/revisions/r002/artifacts/native_deformation_normals.ts
 create mode 100644 assets/art-library/designs/environment.planet.crystal/revisions/r002/artifacts/revision-notes.md
 create mode 100644 assets/art-library/designs/environment.planet.crystal/revisions/r002/artifacts/single-crystal.glb
 create mode 100644 assets/art-library/designs/environment.planet.crystal/revisions/r002/artifacts/validation.json
 create mode 100644 assets/art-library/designs/environment.planet.crystal/revisions/r003/artifacts/colossal-cluster.glb
 create mode 100644 assets/art-library/designs/environment.planet.crystal/revisions/r003/artifacts/crystal-battered-region-a.glb
 create mode 100644 assets/art-library/designs/environment.planet.crystal/revisions/r003/artifacts/crystal-battered-region-b.glb
 create mode 100644 assets/art-library/designs/environment.planet.crystal/revisions/r003/artifacts/fracture-cliffs.glb
 create mode 100644 assets/art-library/designs/environment.planet.crystal/revisions/r003/artifacts/ground-sphere-low.glb
 create mode 100644 assets/art-library/designs/environment.planet.crystal/revisions/r003/artifacts/ground-sphere-medium.glb
 create mode 100644 assets/art-library/designs/environment.planet.crystal/revisions/r003/artifacts/ground-sphere.glb
 create mode 100644 assets/art-library/designs/environment.planet.crystal/revisions/r003/artifacts/ior-preservation.json
 create mode 100644 assets/art-library/designs/environment.planet.crystal/revisions/r003/artifacts/kit-preview.png
 create mode 100644 assets/art-library/designs/environment.planet.crystal/revisions/r003/artifacts/kit.blend
 create mode 100644 assets/art-library/designs/environment.planet.crystal/revisions/r003/artifacts/kit.json
 create mode 100644 assets/art-library/designs/environment.planet.crystal/revisions/r003/artifacts/leaning-colossal-cluster.glb
 create mode 100644 assets/art-library/designs/environment.planet.crystal/revisions/r003/artifacts/low-fractured-shelf.glb
 create mode 100644 assets/art-library/designs/environment.planet.crystal/revisions/r003/artifacts/medium-cluster.glb
 create mode 100644 assets/art-library/designs/environment.planet.crystal/revisions/r003/artifacts/planet-seed38-angle2-glow.png
 create mode 100644 assets/art-library/designs/environment.planet.crystal/revisions/r003/artifacts/planet-seed38-angle2.png
 create mode 100644 assets/art-library/designs/environment.planet.crystal/revisions/r003/artifacts/planet-seed38-glow.png
 create mode 100644 assets/art-library/designs/environment.planet.crystal/revisions/r003/artifacts/planet-seed38.png
 create mode 100644 assets/art-library/designs/environment.planet.crystal/revisions/r003/artifacts/preserve_native_kit_ior.py
 create mode 100644 assets/art-library/designs/environment.planet.crystal/revisions/r003/artifacts/revision-notes.md
 create mode 100644 assets/art-library/designs/environment.planet.crystal/revisions/r003/artifacts/single-crystal.glb
 create mode 100644 assets/art-library/designs/environment.planet.crystal/revisions/r003/artifacts/test_preserve_native_kit_ior.py
 create mode 100644 assets/art-library/designs/environment.planet.crystal/revisions/r004/artifacts/composition-r004.ts
 create mode 100644 assets/art-library/designs/environment.planet.crystal/revisions/r004/artifacts/kit.json
 create mode 100644 assets/art-library/designs/environment.planet.crystal/revisions/r004/artifacts/planet-seed38-angle2.png
 create mode 100644 assets/art-library/designs/environment.planet.crystal/revisions/r004/artifacts/planet-seed38.png
 create mode 100644 assets/art-library/designs/environment.planet.crystal/revisions/r005/artifacts/build_crystal_native_kit_r005.py
 create mode 100644 assets/art-library/designs/environment.planet.crystal/revisions/r005/artifacts/colossal-cluster.glb
 create mode 100644 assets/art-library/designs/environment.planet.crystal/revisions/r005/artifacts/composition-tests.log
 create mode 100644 assets/art-library/designs/environment.planet.crystal/revisions/r005/artifacts/crystal-battered-region-a.glb
 create mode 100644 assets/art-library/designs/environment.planet.crystal/revisions/r005/artifacts/crystal-battered-region-b.glb
 create mode 100644 assets/art-library/designs/environment.planet.crystal/revisions/r005/artifacts/crystal_reference_composition_r005.test.ts
 create mode 100644 assets/art-library/designs/environment.planet.crystal/revisions/r005/artifacts/crystal_reference_composition_r005.ts
 create mode 100644 assets/art-library/designs/environment.planet.crystal/revisions/r005/artifacts/crystal_reference_r005.tsconfig.json
 create mode 100644 assets/art-library/designs/environment.planet.crystal/revisions/r005/artifacts/crystal_reference_r005.vitest.config.ts
 create mode 100644 assets/art-library/designs/environment.planet.crystal/revisions/r005/artifacts/emission-texture-validation.json
 create mode 100644 assets/art-library/designs/environment.planet.crystal/revisions/r005/artifacts/fracture-cliffs.glb
 create mode 100644 assets/art-library/designs/environment.planet.crystal/revisions/r005/artifacts/ground-sphere-low.glb
 create mode 100644 assets/art-library/designs/environment.planet.crystal/revisions/r005/artifacts/ground-sphere-medium.glb
 create mode 100644 assets/art-library/designs/environment.planet.crystal/revisions/r005/artifacts/ground-sphere.glb
 create mode 100644 assets/art-library/designs/environment.planet.crystal/revisions/r005/artifacts/kit-preview.png
 create mode 100644 assets/art-library/designs/environment.planet.crystal/revisions/r005/artifacts/kit.blend
 create mode 100644 assets/art-library/designs/environment.planet.crystal/revisions/r005/artifacts/kit.json
 create mode 100644 assets/art-library/designs/environment.planet.crystal/revisions/r005/artifacts/leaning-colossal-cluster.glb
 create mode 100644 assets/art-library/designs/environment.planet.crystal/revisions/r005/artifacts/local-pbr-seed38-angle2.png
 create mode 100644 assets/art-library/designs/environment.planet.crystal/revisions/r005/artifacts/local-pbr-seed38-capture.log
 create mode 100644 assets/art-library/designs/environment.planet.crystal/revisions/r005/artifacts/local-pbr-seed38-reference-scale.png
 create mode 100644 assets/art-library/designs/environment.planet.crystal/revisions/r005/artifacts/local-pbr-seed38.json
 create mode 100644 assets/art-library/designs/environment.planet.crystal/revisions/r005/artifacts/local-pbr-seed38.png
 create mode 100644 assets/art-library/designs/environment.planet.crystal/revisions/r005/artifacts/low-fractured-shelf.glb
 create mode 100644 assets/art-library/designs/environment.planet.crystal/revisions/r005/artifacts/material-0-albedo.png
 create mode 100644 assets/art-library/designs/environment.planet.crystal/revisions/r005/artifacts/material-0-orm.png
 create mode 100644 assets/art-library/designs/environment.planet.crystal/revisions/r005/artifacts/material-1-albedo.png
 create mode 100644 assets/art-library/designs/environment.planet.crystal/revisions/r005/artifacts/material-1-orm.png
 create mode 100644 assets/art-library/designs/environment.planet.crystal/revisions/r005/artifacts/material-2-albedo.png
 create mode 100644 assets/art-library/designs/environment.planet.crystal/revisions/r005/artifacts/material-2-orm.png
 create mode 100644 assets/art-library/designs/environment.planet.crystal/revisions/r005/artifacts/material-3-albedo.png
 create mode 100644 assets/art-library/designs/environment.planet.crystal/revisions/r005/artifacts/material-4-albedo.png
 create mode 100644 assets/art-library/designs/environment.planet.crystal/revisions/r005/artifacts/material-5-albedo.png
 create mode 100644 assets/art-library/designs/environment.planet.crystal/revisions/r005/artifacts/material-6-albedo.png
 create mode 100644 assets/art-library/designs/environment.planet.crystal/revisions/r005/artifacts/material-7-albedo.png
 create mode 100644 assets/art-library/designs/environment.planet.crystal/revisions/r005/artifacts/medium-cluster.glb
 create mode 100644 assets/art-library/designs/environment.planet.crystal/revisions/r005/artifacts/planet-seed38-angle2-shadows.png
 create mode 100644 assets/art-library/designs/environment.planet.crystal/revisions/r005/artifacts/planet-seed38-shadows.png
 create mode 100644 assets/art-library/designs/environment.planet.crystal/revisions/r005/artifacts/revision-notes.md
 create mode 100644 assets/art-library/designs/environment.planet.crystal/revisions/r005/artifacts/single-crystal.glb
 create mode 100644 assets/art-library/designs/environment.planet.crystal/revisions/r005/artifacts/validation.json
 create mode 100644 assets/art-library/designs/environment.planet.crystal/revisions/r006/artifacts/colossal-cluster.glb
 create mode 100644 assets/art-library/designs/environment.planet.crystal/revisions/r006/artifacts/corrected-seed38-angle2.png
 create mode 100644 assets/art-library/designs/environment.planet.crystal/revisions/r006/artifacts/corrected-seed38-capture.log
 create mode 100644 assets/art-library/designs/environment.planet.crystal/revisions/r006/artifacts/corrected-seed38-reference-scale.png
 create mode 100644 assets/art-library/designs/environment.planet.crystal/revisions/r006/artifacts/corrected-seed38.json
 create mode 100644 assets/art-library/designs/environment.planet.crystal/revisions/r006/artifacts/corrected-seed38.png
 create mode 100644 assets/art-library/designs/environment.planet.crystal/revisions/r006/artifacts/crystal-battered-region-a.glb
 create mode 100644 assets/art-library/designs/environment.planet.crystal/revisions/r006/artifacts/crystal-battered-region-b.glb
 create mode 100644 assets/art-library/designs/environment.planet.crystal/revisions/r006/artifacts/fracture-cliffs.glb
 create mode 100644 assets/art-library/designs/environment.planet.crystal/revisions/r006/artifacts/ground-sphere-low.glb
 create mode 100644 assets/art-library/designs/environment.planet.crystal/revisions/r006/artifacts/ground-sphere-medium.glb
 create mode 100644 assets/art-library/designs/environment.planet.crystal/revisions/r006/artifacts/ground-sphere.glb
 create mode 100644 assets/art-library/designs/environment.planet.crystal/revisions/r006/artifacts/kit-preview.png
 create mode 100644 assets/art-library/designs/environment.planet.crystal/revisions/r006/artifacts/kit.blend
 create mode 100644 assets/art-library/designs/environment.planet.crystal/revisions/r006/artifacts/kit.json
 create mode 100644 assets/art-library/designs/environment.planet.crystal/revisions/r006/artifacts/leaning-colossal-cluster.glb
 create mode 100644 assets/art-library/designs/environment.planet.crystal/revisions/r006/artifacts/low-fractured-shelf.glb
 create mode 100644 assets/art-library/designs/environment.planet.crystal/revisions/r006/artifacts/material-0-albedo.png
 create mode 100644 assets/art-library/designs/environment.planet.crystal/revisions/r006/artifacts/material-0-orm.png
 create mode 100644 assets/art-library/designs/environment.planet.crystal/revisions/r006/artifacts/material-1-albedo.png
 create mode 100644 assets/art-library/designs/environment.planet.crystal/revisions/r006/artifacts/material-1-orm.png
 create mode 100644 assets/art-library/designs/environment.planet.crystal/revisions/r006/artifacts/material-2-albedo.png
 create mode 100644 assets/art-library/designs/environment.planet.crystal/revisions/r006/artifacts/material-2-orm.png
 create mode 100644 assets/art-library/designs/environment.planet.crystal/revisions/r006/artifacts/material-3-albedo.png
 create mode 100644 assets/art-library/designs/environment.planet.crystal/revisions/r006/artifacts/material-4-albedo.png
 create mode 100644 assets/art-library/designs/environment.planet.crystal/revisions/r006/artifacts/material-5-albedo.png
 create mode 100644 assets/art-library/designs/environment.planet.crystal/revisions/r006/artifacts/material-6-albedo.png
 create mode 100644 assets/art-library/designs/environment.planet.crystal/revisions/r006/artifacts/material-7-albedo.png
 create mode 100644 assets/art-library/designs/environment.planet.crystal/revisions/r006/artifacts/medium-cluster.glb
 create mode 100644 assets/art-library/designs/environment.planet.crystal/revisions/r006/artifacts/single-crystal.glb
 create mode 100644 assets/art-library/designs/environment.planet.crystal/revisions/r006/artifacts/validation.json
 create mode 100644 assets/art-library/designs/environment.planet.crystal/revisions/r007/artifacts/colossal-cluster.glb
 create mode 100644 assets/art-library/designs/environment.planet.crystal/revisions/r007/artifacts/corrected-seed38-capture.log
 create mode 100644 assets/art-library/designs/environment.planet.crystal/revisions/r007/artifacts/failure.md
 create mode 100644 assets/art-library/designs/environment.planet.crystal/revisions/r007/artifacts/fracture-cliffs.glb
 create mode 100644 assets/art-library/designs/environment.planet.crystal/revisions/r007/artifacts/leaning-colossal-cluster.glb
 create mode 100644 assets/art-library/designs/environment.planet.crystal/revisions/r007/artifacts/low-fractured-shelf.glb
 create mode 100644 assets/art-library/designs/environment.planet.crystal/revisions/r007/artifacts/material-0-albedo.png
 create mode 100644 assets/art-library/designs/environment.planet.crystal/revisions/r007/artifacts/material-0-orm.png
 create mode 100644 assets/art-library/designs/environment.planet.crystal/revisions/r007/artifacts/material-1-albedo.png
 create mode 100644 assets/art-library/designs/environment.planet.crystal/revisions/r007/artifacts/material-1-orm.png
 create mode 100644 assets/art-library/designs/environment.planet.crystal/revisions/r007/artifacts/material-2-albedo.png
 create mode 100644 assets/art-library/designs/environment.planet.crystal/revisions/r007/artifacts/material-2-orm.png
 create mode 100644 assets/art-library/designs/environment.planet.crystal/revisions/r007/artifacts/material-3-albedo.png
 create mode 100644 assets/art-library/designs/environment.planet.crystal/revisions/r007/artifacts/material-4-albedo.png
 create mode 100644 assets/art-library/designs/environment.planet.crystal/revisions/r007/artifacts/material-5-albedo.png
 create mode 100644 assets/art-library/designs/environment.planet.crystal/revisions/r007/artifacts/material-6-albedo.png
 create mode 100644 assets/art-library/designs/environment.planet.crystal/revisions/r007/artifacts/material-7-albedo.png
 create mode 100644 assets/art-library/designs/environment.planet.crystal/revisions/r007/artifacts/medium-cluster.glb
 create mode 100644 assets/art-library/designs/environment.planet.crystal/revisions/r007/artifacts/single-crystal.glb
 create mode 100644 assets/art-library/designs/environment.planet.crystal/revisions/r008/artifacts/colossal-cluster.glb
 create mode 100644 assets/art-library/designs/environment.planet.crystal/revisions/r008/artifacts/failure.md
 create mode 100644 assets/art-library/designs/environment.planet.crystal/revisions/r008/artifacts/fracture-cliffs.glb
 create mode 100644 assets/art-library/designs/environment.planet.crystal/revisions/r008/artifacts/leaning-colossal-cluster.glb
 create mode 100644 assets/art-library/designs/environment.planet.crystal/revisions/r008/artifacts/low-fractured-shelf.glb
 create mode 100644 assets/art-library/designs/environment.planet.crystal/revisions/r008/artifacts/material-0-albedo.png
 create mode 100644 assets/art-library/designs/environment.planet.crystal/revisions/r008/artifacts/material-0-orm.png
 create mode 100644 assets/art-library/designs/environment.planet.crystal/revisions/r008/artifacts/material-1-albedo.png
 create mode 100644 assets/art-library/designs/environment.planet.crystal/revisions/r008/artifacts/material-1-orm.png
 create mode 100644 assets/art-library/designs/environment.planet.crystal/revisions/r008/artifacts/material-2-albedo.png
 create mode 100644 assets/art-library/designs/environment.planet.crystal/revisions/r008/artifacts/material-2-orm.png
 create mode 100644 assets/art-library/designs/environment.planet.crystal/revisions/r008/artifacts/material-3-albedo.png
 create mode 100644 assets/art-library/designs/environment.planet.crystal/revisions/r008/artifacts/material-4-albedo.png
 create mode 100644 assets/art-library/designs/environment.planet.crystal/revisions/r008/artifacts/material-5-albedo.png
 create mode 100644 assets/art-library/designs/environment.planet.crystal/revisions/r008/artifacts/material-6-albedo.png
 create mode 100644 assets/art-library/designs/environment.planet.crystal/revisions/r008/artifacts/material-7-albedo.png
 create mode 100644 assets/art-library/designs/environment.planet.crystal/revisions/r008/artifacts/medium-cluster.glb
 create mode 100644 assets/art-library/designs/environment.planet.crystal/revisions/r008/artifacts/single-crystal.glb
 create mode 100644 assets/art-library/designs/environment.planet.crystal/revisions/r009/artifacts/colossal-cluster.glb
 create mode 100644 assets/art-library/designs/environment.planet.crystal/revisions/r009/artifacts/corrected-seed38-angle2.png
 create mode 100644 assets/art-library/designs/environment.planet.crystal/revisions/r009/artifacts/corrected-seed38-capture.log
 create mode 100644 assets/art-library/designs/environment.planet.crystal/revisions/r009/artifacts/corrected-seed38-reference-scale.png
 create mode 100644 assets/art-library/designs/environment.planet.crystal/revisions/r009/artifacts/corrected-seed38.json
 create mode 100644 assets/art-library/designs/environment.planet.crystal/revisions/r009/artifacts/corrected-seed38.png
 create mode 100644 assets/art-library/designs/environment.planet.crystal/revisions/r009/artifacts/crystal-battered-region-a.glb
 create mode 100644 assets/art-library/designs/environment.planet.crystal/revisions/r009/artifacts/crystal-battered-region-b.glb
 create mode 100644 assets/art-library/designs/environment.planet.crystal/revisions/r009/artifacts/fracture-cliffs.glb
 create mode 100644 assets/art-library/designs/environment.planet.crystal/revisions/r009/artifacts/ground-sphere-low.glb
 create mode 100644 assets/art-library/designs/environment.planet.crystal/revisions/r009/artifacts/ground-sphere-medium.glb
 create mode 100644 assets/art-library/designs/environment.planet.crystal/revisions/r009/artifacts/ground-sphere.glb
 create mode 100644 assets/art-library/designs/environment.planet.crystal/revisions/r009/artifacts/kit-preview.png
 create mode 100644 assets/art-library/designs/environment.planet.crystal/revisions/r009/artifacts/kit.blend
 create mode 100644 assets/art-library/designs/environment.planet.crystal/revisions/r009/artifacts/kit.json
 create mode 100644 assets/art-library/designs/environment.planet.crystal/revisions/r009/artifacts/leaning-colossal-cluster.glb
 create mode 100644 assets/art-library/designs/environment.planet.crystal/revisions/r009/artifacts/low-fractured-shelf.glb
 create mode 100644 assets/art-library/designs/environment.planet.crystal/revisions/r009/artifacts/material-0-albedo.png
 create mode 100644 assets/art-library/designs/environment.planet.crystal/revisions/r009/artifacts/material-0-orm.png
 create mode 100644 assets/art-library/designs/environment.planet.crystal/revisions/r009/artifacts/material-1-albedo.png
 create mode 100644 assets/art-library/designs/environment.planet.crystal/revisions/r009/artifacts/material-1-orm.png
 create mode 100644 assets/art-library/designs/environment.planet.crystal/revisions/r009/artifacts/material-2-albedo.png
 create mode 100644 assets/art-library/designs/environment.planet.crystal/revisions/r009/artifacts/material-2-orm.png
 create mode 100644 assets/art-library/designs/environment.planet.crystal/revisions/r009/artifacts/material-3-albedo.png
 create mode 100644 assets/art-library/designs/environment.planet.crystal/revisions/r009/artifacts/material-4-albedo.png
 create mode 100644 assets/art-library/designs/environment.planet.crystal/revisions/r009/artifacts/material-5-albedo.png
 create mode 100644 assets/art-library/designs/environment.planet.crystal/revisions/r009/artifacts/material-6-albedo.png
 create mode 100644 assets/art-library/designs/environment.planet.crystal/revisions/r009/artifacts/material-7-albedo.png
 create mode 100644 assets/art-library/designs/environment.planet.crystal/revisions/r009/artifacts/medium-cluster.glb
 create mode 100644 assets/art-library/designs/environment.planet.crystal/revisions/r009/artifacts/single-crystal.glb
 create mode 100644 assets/art-library/designs/environment.planet.crystal/revisions/r009/artifacts/validation.json
 create mode 100644 assets/art-library/designs/environment.planet.crystal/revisions/r010/artifacts/colossal-cluster.glb
 create mode 100644 assets/art-library/designs/environment.planet.crystal/revisions/r010/artifacts/corrected-seed38-angle2.png
 create mode 100644 assets/art-library/designs/environment.planet.crystal/revisions/r010/artifacts/corrected-seed38-capture.log
 create mode 100644 assets/art-library/designs/environment.planet.crystal/revisions/r010/artifacts/corrected-seed38.png
 create mode 100644 assets/art-library/designs/environment.planet.crystal/revisions/r010/artifacts/crystal-battered-region-a.glb
 create mode 100644 assets/art-library/designs/environment.planet.crystal/revisions/r010/artifacts/crystal-battered-region-b.glb
 create mode 100644 assets/art-library/designs/environment.planet.crystal/revisions/r010/artifacts/crystal_reference_composition_r010.ts
 create mode 100644 assets/art-library/designs/environment.planet.crystal/revisions/r010/artifacts/fracture-cliffs.glb
 create mode 100644 assets/art-library/designs/environment.planet.crystal/revisions/r010/artifacts/ground-sphere-low.glb
 create mode 100644 assets/art-library/designs/environment.planet.crystal/revisions/r010/artifacts/ground-sphere-medium.glb
 create mode 100644 assets/art-library/designs/environment.planet.crystal/revisions/r010/artifacts/ground-sphere.glb
 create mode 100644 assets/art-library/designs/environment.planet.crystal/revisions/r010/artifacts/interrupted-capture.md
 create mode 100644 assets/art-library/designs/environment.planet.crystal/revisions/r010/artifacts/kit-preview.png
 create mode 100644 assets/art-library/designs/environment.planet.crystal/revisions/r010/artifacts/kit.blend
 create mode 100644 assets/art-library/designs/environment.planet.crystal/revisions/r010/artifacts/kit.json
 create mode 100644 assets/art-library/designs/environment.planet.crystal/revisions/r010/artifacts/leaning-colossal-cluster.glb
 create mode 100644 assets/art-library/designs/environment.planet.crystal/revisions/r010/artifacts/low-fractured-shelf.glb
 create mode 100644 assets/art-library/designs/environment.planet.crystal/revisions/r010/artifacts/material-0-albedo.png
 create mode 100644 assets/art-library/designs/environment.planet.crystal/revisions/r010/artifacts/material-0-orm.png
 create mode 100644 assets/art-library/designs/environment.planet.crystal/revisions/r010/artifacts/material-1-albedo.png
 create mode 100644 assets/art-library/designs/environment.planet.crystal/revisions/r010/artifacts/material-1-orm.png
 create mode 100644 assets/art-library/designs/environment.planet.crystal/revisions/r010/artifacts/material-2-albedo.png
 create mode 100644 assets/art-library/designs/environment.planet.crystal/revisions/r010/artifacts/material-2-orm.png
 create mode 100644 assets/art-library/designs/environment.planet.crystal/revisions/r010/artifacts/material-3-albedo.png
 create mode 100644 assets/art-library/designs/environment.planet.crystal/revisions/r010/artifacts/material-4-albedo.png
 create mode 100644 assets/art-library/designs/environment.planet.crystal/revisions/r010/artifacts/material-5-albedo.png
 create mode 100644 assets/art-library/designs/environment.planet.crystal/revisions/r010/artifacts/material-6-albedo.png
 create mode 100644 assets/art-library/designs/environment.planet.crystal/revisions/r010/artifacts/material-7-albedo.png
 create mode 100644 assets/art-library/designs/environment.planet.crystal/revisions/r010/artifacts/medium-cluster.glb
 create mode 100644 assets/art-library/designs/environment.planet.crystal/revisions/r010/artifacts/retry-seed38-angle2.png
 create mode 100644 assets/art-library/designs/environment.planet.crystal/revisions/r010/artifacts/retry-seed38-capture.log
 create mode 100644 assets/art-library/designs/environment.planet.crystal/revisions/r010/artifacts/retry-seed38-reference-scale.png
 create mode 100644 assets/art-library/designs/environment.planet.crystal/revisions/r010/artifacts/retry-seed38.json
 create mode 100644 assets/art-library/designs/environment.planet.crystal/revisions/r010/artifacts/retry-seed38.png
 create mode 100644 assets/art-library/designs/environment.planet.crystal/revisions/r010/artifacts/revision-notes.md
 create mode 100644 assets/art-library/designs/environment.planet.crystal/revisions/r010/artifacts/single-crystal.glb
 create mode 100644 assets/art-library/designs/environment.planet.crystal/revisions/r010/artifacts/source-preservation.json
 create mode 100644 assets/art-library/designs/environment.planet.crystal/revisions/r011/artifacts/colossal-cluster.glb
 create mode 100644 assets/art-library/designs/environment.planet.crystal/revisions/r011/artifacts/corrected-seed38-angle2.png
 create mode 100644 assets/art-library/designs/environment.planet.crystal/revisions/r011/artifacts/corrected-seed38-capture.log
 create mode 100644 assets/art-library/designs/environment.planet.crystal/revisions/r011/artifacts/corrected-seed38-reference-scale.png
 create mode 100644 assets/art-library/designs/environment.planet.crystal/revisions/r011/artifacts/corrected-seed38.json
 create mode 100644 assets/art-library/designs/environment.planet.crystal/revisions/r011/artifacts/corrected-seed38.png
 create mode 100644 assets/art-library/designs/environment.planet.crystal/revisions/r011/artifacts/crystal-battered-region-a.glb
 create mode 100644 assets/art-library/designs/environment.planet.crystal/revisions/r011/artifacts/crystal-battered-region-b.glb
 create mode 100644 assets/art-library/designs/environment.planet.crystal/revisions/r011/artifacts/crystal_reference_composition_r011.ts
 create mode 100644 assets/art-library/designs/environment.planet.crystal/revisions/r011/artifacts/fracture-cliffs.glb
 create mode 100644 assets/art-library/designs/environment.planet.crystal/revisions/r011/artifacts/ground-sphere-low.glb
 create mode 100644 assets/art-library/designs/environment.planet.crystal/revisions/r011/artifacts/ground-sphere-medium.glb
 create mode 100644 assets/art-library/designs/environment.planet.crystal/revisions/r011/artifacts/ground-sphere.glb
 create mode 100644 assets/art-library/designs/environment.planet.crystal/revisions/r011/artifacts/kit-preview.png
 create mode 100644 assets/art-library/designs/environment.planet.crystal/revisions/r011/artifacts/kit.blend
 create mode 100644 assets/art-library/designs/environment.planet.crystal/revisions/r011/artifacts/kit.json
 create mode 100644 assets/art-library/designs/environment.planet.crystal/revisions/r011/artifacts/leaning-colossal-cluster.glb
 create mode 100644 assets/art-library/designs/environment.planet.crystal/revisions/r011/artifacts/low-fractured-shelf.glb
 create mode 100644 assets/art-library/designs/environment.planet.crystal/revisions/r011/artifacts/material-0-albedo.png
 create mode 100644 assets/art-library/designs/environment.planet.crystal/revisions/r011/artifacts/material-0-orm.png
 create mode 100644 assets/art-library/designs/environment.planet.crystal/revisions/r011/artifacts/material-1-albedo.png
 create mode 100644 assets/art-library/designs/environment.planet.crystal/revisions/r011/artifacts/material-1-orm.png
 create mode 100644 assets/art-library/designs/environment.planet.crystal/revisions/r011/artifacts/material-2-albedo.png
 create mode 100644 assets/art-library/designs/environment.planet.crystal/revisions/r011/artifacts/material-2-orm.png
 create mode 100644 assets/art-library/designs/environment.planet.crystal/revisions/r011/artifacts/material-3-albedo.png
 create mode 100644 assets/art-library/designs/environment.planet.crystal/revisions/r011/artifacts/material-4-albedo.png
 create mode 100644 assets/art-library/designs/environment.planet.crystal/revisions/r011/artifacts/material-5-albedo.png
 create mode 100644 assets/art-library/designs/environment.planet.crystal/revisions/r011/artifacts/material-6-albedo.png
 create mode 100644 assets/art-library/designs/environment.planet.crystal/revisions/r011/artifacts/material-7-albedo.png
 create mode 100644 assets/art-library/designs/environment.planet.crystal/revisions/r011/artifacts/medium-cluster.glb
 create mode 100644 assets/art-library/designs/environment.planet.crystal/revisions/r011/artifacts/revision-notes.md
 create mode 100644 assets/art-library/designs/environment.planet.crystal/revisions/r011/artifacts/single-crystal.glb
 create mode 100644 assets/art-library/designs/environment.planet.crystal/revisions/r012/artifacts/bridge-directions.json
 create mode 100644 assets/art-library/designs/environment.planet.crystal/revisions/r012/artifacts/colossal-cluster.glb
 create mode 100644 assets/art-library/designs/environment.planet.crystal/revisions/r012/artifacts/corrected-seed38-angle2.png
 create mode 100644 assets/art-library/designs/environment.planet.crystal/revisions/r012/artifacts/corrected-seed38-capture.log
 create mode 100644 assets/art-library/designs/environment.planet.crystal/revisions/r012/artifacts/corrected-seed38-reference-scale.png
 create mode 100644 assets/art-library/designs/environment.planet.crystal/revisions/r012/artifacts/corrected-seed38.json
 create mode 100644 assets/art-library/designs/environment.planet.crystal/revisions/r012/artifacts/corrected-seed38.png
 create mode 100644 assets/art-library/designs/environment.planet.crystal/revisions/r012/artifacts/crystal-battered-region-a.glb
 create mode 100644 assets/art-library/designs/environment.planet.crystal/revisions/r012/artifacts/crystal-battered-region-b.glb
 create mode 100644 assets/art-library/designs/environment.planet.crystal/revisions/r012/artifacts/fracture-cliffs.glb
 create mode 100644 assets/art-library/designs/environment.planet.crystal/revisions/r012/artifacts/ground-sphere-low.glb
 create mode 100644 assets/art-library/designs/environment.planet.crystal/revisions/r012/artifacts/ground-sphere-medium.glb
 create mode 100644 assets/art-library/designs/environment.planet.crystal/revisions/r012/artifacts/ground-sphere.glb
 create mode 100644 assets/art-library/designs/environment.planet.crystal/revisions/r012/artifacts/kit-preview.png
 create mode 100644 assets/art-library/designs/environment.planet.crystal/revisions/r012/artifacts/kit.blend
 create mode 100644 assets/art-library/designs/environment.planet.crystal/revisions/r012/artifacts/kit.json
 create mode 100644 assets/art-library/designs/environment.planet.crystal/revisions/r012/artifacts/leaning-colossal-cluster.glb
 create mode 100644 assets/art-library/designs/environment.planet.crystal/revisions/r012/artifacts/low-fractured-shelf.glb
 create mode 100644 assets/art-library/designs/environment.planet.crystal/revisions/r012/artifacts/material-0-albedo.png
 create mode 100644 assets/art-library/designs/environment.planet.crystal/revisions/r012/artifacts/material-0-orm.png
 create mode 100644 assets/art-library/designs/environment.planet.crystal/revisions/r012/artifacts/material-1-albedo.png
 create mode 100644 assets/art-library/designs/environment.planet.crystal/revisions/r012/artifacts/material-1-orm.png
 create mode 100644 assets/art-library/designs/environment.planet.crystal/revisions/r012/artifacts/material-2-albedo.png
 create mode 100644 assets/art-library/designs/environment.planet.crystal/revisions/r012/artifacts/material-2-orm.png
 create mode 100644 assets/art-library/designs/environment.planet.crystal/revisions/r012/artifacts/material-3-albedo.png
 create mode 100644 assets/art-library/designs/environment.planet.crystal/revisions/r012/artifacts/material-4-albedo.png
 create mode 100644 assets/art-library/designs/environment.planet.crystal/revisions/r012/artifacts/material-5-albedo.png
 create mode 100644 assets/art-library/designs/environment.planet.crystal/revisions/r012/artifacts/material-6-albedo.png
 create mode 100644 assets/art-library/designs/environment.planet.crystal/revisions/r012/artifacts/material-7-albedo.png
 create mode 100644 assets/art-library/designs/environment.planet.crystal/revisions/r012/artifacts/medium-cluster.glb
 create mode 100644 assets/art-library/designs/environment.planet.crystal/revisions/r012/artifacts/revision-notes.md
 create mode 100644 assets/art-library/designs/environment.planet.crystal/revisions/r012/artifacts/single-crystal.glb
 create mode 100644 assets/art-library/designs/environment.planet.crystal/revisions/r013/artifacts/colossal-cluster.glb
 create mode 100644 assets/art-library/designs/environment.planet.crystal/revisions/r013/artifacts/composition-r013.test.ts
 create mode 100644 assets/art-library/designs/environment.planet.crystal/revisions/r013/artifacts/composition-r013.ts
 create mode 100644 assets/art-library/designs/environment.planet.crystal/revisions/r013/artifacts/corrected-seed38-angle2.png
 create mode 100644 assets/art-library/designs/environment.planet.crystal/revisions/r013/artifacts/corrected-seed38-capture.log
 create mode 100644 assets/art-library/designs/environment.planet.crystal/revisions/r013/artifacts/corrected-seed38-reference-scale.png
 create mode 100644 assets/art-library/designs/environment.planet.crystal/revisions/r013/artifacts/corrected-seed38.json
 create mode 100644 assets/art-library/designs/environment.planet.crystal/revisions/r013/artifacts/corrected-seed38.png
 create mode 100644 assets/art-library/designs/environment.planet.crystal/revisions/r013/artifacts/coverage.json
 create mode 100644 assets/art-library/designs/environment.planet.crystal/revisions/r013/artifacts/crystal-battered-region-a.glb
 create mode 100644 assets/art-library/designs/environment.planet.crystal/revisions/r013/artifacts/crystal-battered-region-b.glb
 create mode 100644 assets/art-library/designs/environment.planet.crystal/revisions/r013/artifacts/fracture-cliffs.glb
 create mode 100644 assets/art-library/designs/environment.planet.crystal/revisions/r013/artifacts/ground-sphere-low.glb
 create mode 100644 assets/art-library/designs/environment.planet.crystal/revisions/r013/artifacts/ground-sphere-medium.glb
 create mode 100644 assets/art-library/designs/environment.planet.crystal/revisions/r013/artifacts/ground-sphere.glb
 create mode 100644 assets/art-library/designs/environment.planet.crystal/revisions/r013/artifacts/kit-preview.png
 create mode 100644 assets/art-library/designs/environment.planet.crystal/revisions/r013/artifacts/kit.blend
 create mode 100644 assets/art-library/designs/environment.planet.crystal/revisions/r013/artifacts/kit.json
 create mode 100644 assets/art-library/designs/environment.planet.crystal/revisions/r013/artifacts/leaning-colossal-cluster.glb
 create mode 100644 assets/art-library/designs/environment.planet.crystal/revisions/r013/artifacts/low-fractured-shelf.glb
 create mode 100644 assets/art-library/designs/environment.planet.crystal/revisions/r013/artifacts/material-0-albedo.png
 create mode 100644 assets/art-library/designs/environment.planet.crystal/revisions/r013/artifacts/material-0-orm.png
 create mode 100644 assets/art-library/designs/environment.planet.crystal/revisions/r013/artifacts/material-1-albedo.png
 create mode 100644 assets/art-library/designs/environment.planet.crystal/revisions/r013/artifacts/material-1-orm.png
 create mode 100644 assets/art-library/designs/environment.planet.crystal/revisions/r013/artifacts/material-2-albedo.png
 create mode 100644 assets/art-library/designs/environment.planet.crystal/revisions/r013/artifacts/material-2-orm.png
 create mode 100644 assets/art-library/designs/environment.planet.crystal/revisions/r013/artifacts/material-3-albedo.png
 create mode 100644 assets/art-library/designs/environment.planet.crystal/revisions/r013/artifacts/material-4-albedo.png
 create mode 100644 assets/art-library/designs/environment.planet.crystal/revisions/r013/artifacts/material-5-albedo.png
 create mode 100644 assets/art-library/designs/environment.planet.crystal/revisions/r013/artifacts/material-6-albedo.png
 create mode 100644 assets/art-library/designs/environment.planet.crystal/revisions/r013/artifacts/material-7-albedo.png
 create mode 100644 assets/art-library/designs/environment.planet.crystal/revisions/r013/artifacts/medium-cluster.glb
 create mode 100644 assets/art-library/designs/environment.planet.crystal/revisions/r013/artifacts/native_radial_surface.ts
 create mode 100644 assets/art-library/designs/environment.planet.crystal/revisions/r013/artifacts/notes.md
 create mode 100644 assets/art-library/designs/environment.planet.crystal/revisions/r013/artifacts/single-crystal.glb
 create mode 100644 assets/art-library/designs/environment.planet.crystal/revisions/r013/artifacts/source-hashes.json
 create mode 100644 assets/art-library/designs/environment.planet.crystal/revisions/r014/crystal-moon-1/source-r001/build_exotic_moon_native_variants_r001.py
 create mode 100644 assets/art-library/designs/environment.planet.crystal/revisions/r014/crystal-moon-1/source-r001/colossal-cluster.glb
 create mode 100644 assets/art-library/designs/environment.planet.crystal/revisions/r014/crystal-moon-1/source-r001/corrected-run.log
 create mode 100644 assets/art-library/designs/environment.planet.crystal/revisions/r014/crystal-moon-1/source-r001/corrected-seed38-angle2.png
 create mode 100644 assets/art-library/designs/environment.planet.crystal/revisions/r014/crystal-moon-1/source-r001/corrected-seed38-capture.log
 create mode 100644 assets/art-library/designs/environment.planet.crystal/revisions/r014/crystal-moon-1/source-r001/corrected-seed38-reference-scale.png
 create mode 100644 assets/art-library/designs/environment.planet.crystal/revisions/r014/crystal-moon-1/source-r001/corrected-seed38.json
 create mode 100644 assets/art-library/designs/environment.planet.crystal/revisions/r014/crystal-moon-1/source-r001/corrected-seed38.png
 create mode 100644 assets/art-library/designs/environment.planet.crystal/revisions/r014/crystal-moon-1/source-r001/crystal-battered-region-a.glb
 create mode 100644 assets/art-library/designs/environment.planet.crystal/revisions/r014/crystal-moon-1/source-r001/crystal-battered-region-b.glb
 create mode 100644 assets/art-library/designs/environment.planet.crystal/revisions/r014/crystal-moon-1/source-r001/crystal_moon_reference_composition_r001.test.ts
 create mode 100644 assets/art-library/designs/environment.planet.crystal/revisions/r014/crystal-moon-1/source-r001/crystal_moon_reference_composition_r001.ts
 create mode 100644 assets/art-library/designs/environment.planet.crystal/revisions/r014/crystal-moon-1/source-r001/crystal_moon_reference_r001.tsconfig.json
 create mode 100644 assets/art-library/designs/environment.planet.crystal/revisions/r014/crystal-moon-1/source-r001/crystal_moon_reference_r001.vitest.config.ts
 create mode 100644 assets/art-library/designs/environment.planet.crystal/revisions/r014/crystal-moon-1/source-r001/exact-reference.png
 create mode 100644 assets/art-library/designs/environment.planet.crystal/revisions/r014/crystal-moon-1/source-r001/foundation-source.py
 create mode 100644 assets/art-library/designs/environment.planet.crystal/revisions/r014/crystal-moon-1/source-r001/fracture-cliffs.glb
 create mode 100644 assets/art-library/designs/environment.planet.crystal/revisions/r014/crystal-moon-1/source-r001/generator.py
 create mode 100644 assets/art-library/designs/environment.planet.crystal/revisions/r014/crystal-moon-1/source-r001/ground-sphere-low.glb
 create mode 100644 assets/art-library/designs/environment.planet.crystal/revisions/r014/crystal-moon-1/source-r001/ground-sphere-medium.glb
 create mode 100644 assets/art-library/designs/environment.planet.crystal/revisions/r014/crystal-moon-1/source-r001/ground-sphere.glb
 create mode 100644 assets/art-library/designs/environment.planet.crystal/revisions/r014/crystal-moon-1/source-r001/kit-preview.png
 create mode 100644 assets/art-library/designs/environment.planet.crystal/revisions/r014/crystal-moon-1/source-r001/kit.blend
 create mode 100644 assets/art-library/designs/environment.planet.crystal/revisions/r014/crystal-moon-1/source-r001/kit.json
 create mode 100644 assets/art-library/designs/environment.planet.crystal/revisions/r014/crystal-moon-1/source-r001/leaning-colossal-cluster.glb
 create mode 100644 assets/art-library/designs/environment.planet.crystal/revisions/r014/crystal-moon-1/source-r001/low-fractured-shelf.glb
 create mode 100644 assets/art-library/designs/environment.planet.crystal/revisions/r014/crystal-moon-1/source-r001/material-0-albedo.png
 create mode 100644 assets/art-library/designs/environment.planet.crystal/revisions/r014/crystal-moon-1/source-r001/material-0-orm.png
 create mode 100644 assets/art-library/designs/environment.planet.crystal/revisions/r014/crystal-moon-1/source-r001/material-1-albedo.png
 create mode 100644 assets/art-library/designs/environment.planet.crystal/revisions/r014/crystal-moon-1/source-r001/material-1-orm.png
 create mode 100644 assets/art-library/designs/environment.planet.crystal/revisions/r014/crystal-moon-1/source-r001/material-2-albedo.png
 create mode 100644 assets/art-library/designs/environment.planet.crystal/revisions/r014/crystal-moon-1/source-r001/material-2-orm.png
 create mode 100644 assets/art-library/designs/environment.planet.crystal/revisions/r014/crystal-moon-1/source-r001/material-3-albedo.png
 create mode 100644 assets/art-library/designs/environment.planet.crystal/revisions/r014/crystal-moon-1/source-r001/material-4-albedo.png
 create mode 100644 assets/art-library/designs/environment.planet.crystal/revisions/r014/crystal-moon-1/source-r001/material-5-albedo.png
 create mode 100644 assets/art-library/designs/environment.planet.crystal/revisions/r014/crystal-moon-1/source-r001/material-6-albedo.png
 create mode 100644 assets/art-library/designs/environment.planet.crystal/revisions/r014/crystal-moon-1/source-r001/material-7-albedo.png
 create mode 100644 assets/art-library/designs/environment.planet.crystal/revisions/r014/crystal-moon-1/source-r001/medium-cluster.glb
 create mode 100644 assets/art-library/designs/environment.planet.crystal/revisions/r014/crystal-moon-1/source-r001/revision-notes.md
 create mode 100644 assets/art-library/designs/environment.planet.crystal/revisions/r014/crystal-moon-1/source-r001/single-crystal.glb
 create mode 100644 assets/art-library/designs/environment.planet.crystal/revisions/r014/crystal-moon-1/source-r001/validation.json
 create mode 100644 assets/art-library/designs/environment.planet.crystal/revisions/r014/crystal-moon-1/source-r001/variant-recipe.json
 create mode 100644 assets/art-library/designs/environment.planet.crystal/revisions/r014/crystal-moon-1/source-r002/angular-crystal-district.glb
 create mode 100644 assets/art-library/designs/environment.planet.crystal/revisions/r014/crystal-moon-1/source-r002/build_crystal_moon_native_variants_r002.py
 create mode 100644 assets/art-library/designs/environment.planet.crystal/revisions/r014/crystal-moon-1/source-r002/colossal-cluster.glb
 create mode 100644 assets/art-library/designs/environment.planet.crystal/revisions/r014/crystal-moon-1/source-r002/composition-metrics.json
 create mode 100644 assets/art-library/designs/environment.planet.crystal/revisions/r014/crystal-moon-1/source-r002/corrected-seed38-angle2.png
 create mode 100644 assets/art-library/designs/environment.planet.crystal/revisions/r014/crystal-moon-1/source-r002/corrected-seed38-capture.log
 create mode 100644 assets/art-library/designs/environment.planet.crystal/revisions/r014/crystal-moon-1/source-r002/corrected-seed38-reference-scale.png
 create mode 100644 assets/art-library/designs/environment.planet.crystal/revisions/r014/crystal-moon-1/source-r002/corrected-seed38.json
 create mode 100644 assets/art-library/designs/environment.planet.crystal/revisions/r014/crystal-moon-1/source-r002/corrected-seed38.png
 create mode 100644 assets/art-library/designs/environment.planet.crystal/revisions/r014/crystal-moon-1/source-r002/crystal-battered-region-a.glb
 create mode 100644 assets/art-library/designs/environment.planet.crystal/revisions/r014/crystal-moon-1/source-r002/crystal-battered-region-b.glb
 create mode 100644 assets/art-library/designs/environment.planet.crystal/revisions/r014/crystal-moon-1/source-r002/crystal_moon_reference_composition_r002.test.ts
 create mode 100644 assets/art-library/designs/environment.planet.crystal/revisions/r014/crystal-moon-1/source-r002/crystal_moon_reference_composition_r002.ts
 create mode 100644 assets/art-library/designs/environment.planet.crystal/revisions/r014/crystal-moon-1/source-r002/crystal_moon_reference_r002.tsconfig.json
 create mode 100644 assets/art-library/designs/environment.planet.crystal/revisions/r014/crystal-moon-1/source-r002/crystal_moon_reference_r002.vitest.config.ts
 create mode 100644 assets/art-library/designs/environment.planet.crystal/revisions/r014/crystal-moon-1/source-r002/exact-reference.png
 create mode 100644 assets/art-library/designs/environment.planet.crystal/revisions/r014/crystal-moon-1/source-r002/foundation-source.py
 create mode 100644 assets/art-library/designs/environment.planet.crystal/revisions/r014/crystal-moon-1/source-r002/fracture-cliffs.glb
 create mode 100644 assets/art-library/designs/environment.planet.crystal/revisions/r014/crystal-moon-1/source-r002/generator.py
 create mode 100644 assets/art-library/designs/environment.planet.crystal/revisions/r014/crystal-moon-1/source-r002/ground-sphere-low.glb
 create mode 100644 assets/art-library/designs/environment.planet.crystal/revisions/r014/crystal-moon-1/source-r002/ground-sphere-medium.glb
 create mode 100644 assets/art-library/designs/environment.planet.crystal/revisions/r014/crystal-moon-1/source-r002/ground-sphere.glb
 create mode 100644 assets/art-library/designs/environment.planet.crystal/revisions/r014/crystal-moon-1/source-r002/kit-preview.png
 create mode 100644 assets/art-library/designs/environment.planet.crystal/revisions/r014/crystal-moon-1/source-r002/kit.blend
 create mode 100644 assets/art-library/designs/environment.planet.crystal/revisions/r014/crystal-moon-1/source-r002/kit.json
 create mode 100644 assets/art-library/designs/environment.planet.crystal/revisions/r014/crystal-moon-1/source-r002/leaning-colossal-cluster.glb
 create mode 100644 assets/art-library/designs/environment.planet.crystal/revisions/r014/crystal-moon-1/source-r002/low-fractured-shelf.glb
 create mode 100644 assets/art-library/designs/environment.planet.crystal/revisions/r014/crystal-moon-1/source-r002/material-0-albedo.png
 create mode 100644 assets/art-library/designs/environment.planet.crystal/revisions/r014/crystal-moon-1/source-r002/material-0-orm.png
 create mode 100644 assets/art-library/designs/environment.planet.crystal/revisions/r014/crystal-moon-1/source-r002/material-1-albedo.png
 create mode 100644 assets/art-library/designs/environment.planet.crystal/revisions/r014/crystal-moon-1/source-r002/material-1-orm.png
 create mode 100644 assets/art-library/designs/environment.planet.crystal/revisions/r014/crystal-moon-1/source-r002/material-2-albedo.png
 create mode 100644 assets/art-library/designs/environment.planet.crystal/revisions/r014/crystal-moon-1/source-r002/material-2-orm.png
 create mode 100644 assets/art-library/designs/environment.planet.crystal/revisions/r014/crystal-moon-1/source-r002/material-3-albedo.png
 create mode 100644 assets/art-library/designs/environment.planet.crystal/revisions/r014/crystal-moon-1/source-r002/material-4-albedo.png
 create mode 100644 assets/art-library/designs/environment.planet.crystal/revisions/r014/crystal-moon-1/source-r002/material-5-albedo.png
 create mode 100644 assets/art-library/designs/environment.planet.crystal/revisions/r014/crystal-moon-1/source-r002/material-6-albedo.png
 create mode 100644 assets/art-library/designs/environment.planet.crystal/revisions/r014/crystal-moon-1/source-r002/material-7-albedo.png
 create mode 100644 assets/art-library/designs/environment.planet.crystal/revisions/r014/crystal-moon-1/source-r002/medium-cluster.glb
 create mode 100644 assets/art-library/designs/environment.planet.crystal/revisions/r014/crystal-moon-1/source-r002/native-district-preview.png
 create mode 100644 assets/art-library/designs/environment.planet.crystal/revisions/r014/crystal-moon-1/source-r002/render-native-district-preview.py
 create mode 100644 assets/art-library/designs/environment.planet.crystal/revisions/r014/crystal-moon-1/source-r002/revision-notes.md
 create mode 100644 assets/art-library/designs/environment.planet.crystal/revisions/r014/crystal-moon-1/source-r002/single-crystal.glb
 create mode 100644 assets/art-library/designs/environment.planet.crystal/revisions/r014/crystal-moon-1/source-r002/squat-crystal-district.glb
 create mode 100644 assets/art-library/designs/environment.planet.crystal/revisions/r014/crystal-moon-1/source-r002/validation.json
 create mode 100644 assets/art-library/designs/environment.planet.crystal/revisions/r014/crystal-moon-1/source-r002/variant-recipe.json
 create mode 100644 assets/art-library/designs/environment.planet.crystal/revisions/r014/crystal-moon-2/source-r001/build_exotic_moon_native_variants_r001.py
 create mode 100644 assets/art-library/designs/environment.planet.crystal/revisions/r014/crystal-moon-2/source-r001/colossal-cluster.glb
 create mode 100644 assets/art-library/designs/environment.planet.crystal/revisions/r014/crystal-moon-2/source-r001/corrected-run.log
 create mode 100644 assets/art-library/designs/environment.planet.crystal/revisions/r014/crystal-moon-2/source-r001/corrected-seed38-angle2.png
 create mode 100644 assets/art-library/designs/environment.planet.crystal/revisions/r014/crystal-moon-2/source-r001/corrected-seed38-capture.log
 create mode 100644 assets/art-library/designs/environment.planet.crystal/revisions/r014/crystal-moon-2/source-r001/corrected-seed38-reference-scale.png
 create mode 100644 assets/art-library/designs/environment.planet.crystal/revisions/r014/crystal-moon-2/source-r001/corrected-seed38.json
 create mode 100644 assets/art-library/designs/environment.planet.crystal/revisions/r014/crystal-moon-2/source-r001/corrected-seed38.png
 create mode 100644 assets/art-library/designs/environment.planet.crystal/revisions/r014/crystal-moon-2/source-r001/crystal-battered-region-a.glb
 create mode 100644 assets/art-library/designs/environment.planet.crystal/revisions/r014/crystal-moon-2/source-r001/crystal-battered-region-b.glb
 create mode 100644 assets/art-library/designs/environment.planet.crystal/revisions/r014/crystal-moon-2/source-r001/crystal_moon_reference_composition_r001.test.ts
 create mode 100644 assets/art-library/designs/environment.planet.crystal/revisions/r014/crystal-moon-2/source-r001/crystal_moon_reference_composition_r001.ts
 create mode 100644 assets/art-library/designs/environment.planet.crystal/revisions/r014/crystal-moon-2/source-r001/crystal_moon_reference_r001.tsconfig.json
 create mode 100644 assets/art-library/designs/environment.planet.crystal/revisions/r014/crystal-moon-2/source-r001/crystal_moon_reference_r001.vitest.config.ts
 create mode 100644 assets/art-library/designs/environment.planet.crystal/revisions/r014/crystal-moon-2/source-r001/exact-reference.png
 create mode 100644 assets/art-library/designs/environment.planet.crystal/revisions/r014/crystal-moon-2/source-r001/foundation-source.py
 create mode 100644 assets/art-library/designs/environment.planet.crystal/revisions/r014/crystal-moon-2/source-r001/fracture-cliffs.glb
 create mode 100644 assets/art-library/designs/environment.planet.crystal/revisions/r014/crystal-moon-2/source-r001/generator.py
 create mode 100644 assets/art-library/designs/environment.planet.crystal/revisions/r014/crystal-moon-2/source-r001/ground-sphere-low.glb
 create mode 100644 assets/art-library/designs/environment.planet.crystal/revisions/r014/crystal-moon-2/source-r001/ground-sphere-medium.glb
 create mode 100644 assets/art-library/designs/environment.planet.crystal/revisions/r014/crystal-moon-2/source-r001/ground-sphere.glb
 create mode 100644 assets/art-library/designs/environment.planet.crystal/revisions/r014/crystal-moon-2/source-r001/kit-preview.png
 create mode 100644 assets/art-library/designs/environment.planet.crystal/revisions/r014/crystal-moon-2/source-r001/kit.blend
 create mode 100644 assets/art-library/designs/environment.planet.crystal/revisions/r014/crystal-moon-2/source-r001/kit.json
 create mode 100644 assets/art-library/designs/environment.planet.crystal/revisions/r014/crystal-moon-2/source-r001/leaning-colossal-cluster.glb
 create mode 100644 assets/art-library/designs/environment.planet.crystal/revisions/r014/crystal-moon-2/source-r001/low-fractured-shelf.glb
 create mode 100644 assets/art-library/designs/environment.planet.crystal/revisions/r014/crystal-moon-2/source-r001/material-0-albedo.png
 create mode 100644 assets/art-library/designs/environment.planet.crystal/revisions/r014/crystal-moon-2/source-r001/material-0-orm.png
 create mode 100644 assets/art-library/designs/environment.planet.crystal/revisions/r014/crystal-moon-2/source-r001/material-1-albedo.png
 create mode 100644 assets/art-library/designs/environment.planet.crystal/revisions/r014/crystal-moon-2/source-r001/material-1-orm.png
 create mode 100644 assets/art-library/designs/environment.planet.crystal/revisions/r014/crystal-moon-2/source-r001/material-2-albedo.png
 create mode 100644 assets/art-library/designs/environment.planet.crystal/revisions/r014/crystal-moon-2/source-r001/material-2-orm.png
 create mode 100644 assets/art-library/designs/environment.planet.crystal/revisions/r014/crystal-moon-2/source-r001/material-3-albedo.png
 create mode 100644 assets/art-library/designs/environment.planet.crystal/revisions/r014/crystal-moon-2/source-r001/material-4-albedo.png
 create mode 100644 assets/art-library/designs/environment.planet.crystal/revisions/r014/crystal-moon-2/source-r001/material-5-albedo.png
 create mode 100644 assets/art-library/designs/environment.planet.crystal/revisions/r014/crystal-moon-2/source-r001/material-6-albedo.png
 create mode 100644 assets/art-library/designs/environment.planet.crystal/revisions/r014/crystal-moon-2/source-r001/material-7-albedo.png
 create mode 100644 assets/art-library/designs/environment.planet.crystal/revisions/r014/crystal-moon-2/source-r001/medium-cluster.glb
 create mode 100644 assets/art-library/designs/environment.planet.crystal/revisions/r014/crystal-moon-2/source-r001/revision-notes.md
 create mode 100644 assets/art-library/designs/environment.planet.crystal/revisions/r014/crystal-moon-2/source-r001/single-crystal.glb
 create mode 100644 assets/art-library/designs/environment.planet.crystal/revisions/r014/crystal-moon-2/source-r001/validation.json
 create mode 100644 assets/art-library/designs/environment.planet.crystal/revisions/r014/crystal-moon-2/source-r001/variant-recipe.json
 create mode 100644 assets/art-library/designs/environment.planet.crystal/revisions/r014/crystal-moon-2/source-r002/angular-crystal-district.glb
 create mode 100644 assets/art-library/designs/environment.planet.crystal/revisions/r014/crystal-moon-2/source-r002/build_crystal_moon_native_variants_r002.py
 create mode 100644 assets/art-library/designs/environment.planet.crystal/revisions/r014/crystal-moon-2/source-r002/colossal-cluster.glb
 create mode 100644 assets/art-library/designs/environment.planet.crystal/revisions/r014/crystal-moon-2/source-r002/composition-metrics.json
 create mode 100644 assets/art-library/designs/environment.planet.crystal/revisions/r014/crystal-moon-2/source-r002/corrected-seed38-angle2.png
 create mode 100644 assets/art-library/designs/environment.planet.crystal/revisions/r014/crystal-moon-2/source-r002/corrected-seed38-capture.log
 create mode 100644 assets/art-library/designs/environment.planet.crystal/revisions/r014/crystal-moon-2/source-r002/corrected-seed38-reference-scale.png
 create mode 100644 assets/art-library/designs/environment.planet.crystal/revisions/r014/crystal-moon-2/source-r002/corrected-seed38.json
 create mode 100644 assets/art-library/designs/environment.planet.crystal/revisions/r014/crystal-moon-2/source-r002/corrected-seed38.png
 create mode 100644 assets/art-library/designs/environment.planet.crystal/revisions/r014/crystal-moon-2/source-r002/crystal-battered-region-a.glb
 create mode 100644 assets/art-library/designs/environment.planet.crystal/revisions/r014/crystal-moon-2/source-r002/crystal-battered-region-b.glb
 create mode 100644 assets/art-library/designs/environment.planet.crystal/revisions/r014/crystal-moon-2/source-r002/crystal_moon_reference_composition_r002.test.ts
 create mode 100644 assets/art-library/designs/environment.planet.crystal/revisions/r014/crystal-moon-2/source-r002/crystal_moon_reference_composition_r002.ts
 create mode 100644 assets/art-library/designs/environment.planet.crystal/revisions/r014/crystal-moon-2/source-r002/crystal_moon_reference_r002.tsconfig.json
 create mode 100644 assets/art-library/designs/environment.planet.crystal/revisions/r014/crystal-moon-2/source-r002/crystal_moon_reference_r002.vitest.config.ts
 create mode 100644 assets/art-library/designs/environment.planet.crystal/revisions/r014/crystal-moon-2/source-r002/exact-reference.png
 create mode 100644 assets/art-library/designs/environment.planet.crystal/revisions/r014/crystal-moon-2/source-r002/foundation-source.py
 create mode 100644 assets/art-library/designs/environment.planet.crystal/revisions/r014/crystal-moon-2/source-r002/fracture-cliffs.glb
 create mode 100644 assets/art-library/designs/environment.planet.crystal/revisions/r014/crystal-moon-2/source-r002/generator.py
 create mode 100644 assets/art-library/designs/environment.planet.crystal/revisions/r014/crystal-moon-2/source-r002/ground-sphere-low.glb
 create mode 100644 assets/art-library/designs/environment.planet.crystal/revisions/r014/crystal-moon-2/source-r002/ground-sphere-medium.glb
 create mode 100644 assets/art-library/designs/environment.planet.crystal/revisions/r014/crystal-moon-2/source-r002/ground-sphere.glb
 create mode 100644 assets/art-library/designs/environment.planet.crystal/revisions/r014/crystal-moon-2/source-r002/kit-preview.png
 create mode 100644 assets/art-library/designs/environment.planet.crystal/revisions/r014/crystal-moon-2/source-r002/kit.blend
 create mode 100644 assets/art-library/designs/environment.planet.crystal/revisions/r014/crystal-moon-2/source-r002/kit.json
 create mode 100644 assets/art-library/designs/environment.planet.crystal/revisions/r014/crystal-moon-2/source-r002/leaning-colossal-cluster.glb
 create mode 100644 assets/art-library/designs/environment.planet.crystal/revisions/r014/crystal-moon-2/source-r002/low-fractured-shelf.glb
 create mode 100644 assets/art-library/designs/environment.planet.crystal/revisions/r014/crystal-moon-2/source-r002/material-0-albedo.png
 create mode 100644 assets/art-library/designs/environment.planet.crystal/revisions/r014/crystal-moon-2/source-r002/material-0-orm.png
 create mode 100644 assets/art-library/designs/environment.planet.crystal/revisions/r014/crystal-moon-2/source-r002/material-1-albedo.png
 create mode 100644 assets/art-library/designs/environment.planet.crystal/revisions/r014/crystal-moon-2/source-r002/material-1-orm.png
 create mode 100644 assets/art-library/designs/environment.planet.crystal/revisions/r014/crystal-moon-2/source-r002/material-2-albedo.png
 create mode 100644 assets/art-library/designs/environment.planet.crystal/revisions/r014/crystal-moon-2/source-r002/material-2-orm.png
 create mode 100644 assets/art-library/designs/environment.planet.crystal/revisions/r014/crystal-moon-2/source-r002/material-3-albedo.png
 create mode 100644 assets/art-library/designs/environment.planet.crystal/revisions/r014/crystal-moon-2/source-r002/material-4-albedo.png
 create mode 100644 assets/art-library/designs/environment.planet.crystal/revisions/r014/crystal-moon-2/source-r002/material-5-albedo.png
 create mode 100644 assets/art-library/designs/environment.planet.crystal/revisions/r014/crystal-moon-2/source-r002/material-6-albedo.png
 create mode 100644 assets/art-library/designs/environment.planet.crystal/revisions/r014/crystal-moon-2/source-r002/material-7-albedo.png
 create mode 100644 assets/art-library/designs/environment.planet.crystal/revisions/r014/crystal-moon-2/source-r002/medium-cluster.glb
 create mode 100644 assets/art-library/designs/environment.planet.crystal/revisions/r014/crystal-moon-2/source-r002/native-district-preview.png
 create mode 100644 assets/art-library/designs/environment.planet.crystal/revisions/r014/crystal-moon-2/source-r002/render-native-district-preview.py
 create mode 100644 assets/art-library/designs/environment.planet.crystal/revisions/r014/crystal-moon-2/source-r002/revision-notes.md
 create mode 100644 assets/art-library/designs/environment.planet.crystal/revisions/r014/crystal-moon-2/source-r002/single-crystal.glb
 create mode 100644 assets/art-library/designs/environment.planet.crystal/revisions/r014/crystal-moon-2/source-r002/squat-crystal-district.glb
 create mode 100644 assets/art-library/designs/environment.planet.crystal/revisions/r014/crystal-moon-2/source-r002/validation.json
 create mode 100644 assets/art-library/designs/environment.planet.crystal/revisions/r014/crystal-moon-2/source-r002/variant-recipe.json
 create mode 100644 assets/art-library/designs/environment.planet.crystal/revisions/r014/manifest.json
 create mode 100644 assets/art-library/designs/environment.planet.crystal/revisions/r014/pre-checkpoint-design.json
 create mode 100644 assets/art-library/designs/environment.planet.crystal/revisions/r014/reviews/crystal-moons-r002.md
 create mode 100644 assets/art-library/designs/environment.planet.crystal/revisions/r014/reviews/exotic-moons-r001-gas-reflection.md
 create mode 100644 assets/art-library/designs/environment.planet.desert/DESIGN.html
 create mode 100644 assets/art-library/designs/environment.planet.desert/DESIGN.md
 create mode 100644 assets/art-library/designs/environment.planet.desert/design.json
 create mode 100644 assets/art-library/designs/environment.planet.desert/revisions/r001/blender-source.blend
 create mode 100644 assets/art-library/designs/environment.planet.desert/revisions/r001/runtime-close.png
 create mode 100644 assets/art-library/designs/environment.planet.desert/revisions/r002/blender-source.blend
 create mode 100644 assets/art-library/designs/environment.planet.desert/revisions/r002/runtime-close.png
 create mode 100644 assets/art-library/designs/environment.planet.desert/revisions/r003/blender-source.blend
 create mode 100644 assets/art-library/designs/environment.planet.desert/revisions/r003/runtime-close.png
 create mode 100644 assets/art-library/designs/environment.planet.desert/revisions/r004/blender-source.blend
 create mode 100644 assets/art-library/designs/environment.planet.desert/revisions/r004/runtime-close.png
 create mode 100644 assets/art-library/designs/environment.planet.desert/revisions/r005/blender-source.blend
 create mode 100644 assets/art-library/designs/environment.planet.desert/revisions/r005/runtime-close.png
 create mode 100644 assets/art-library/designs/environment.planet.desert/revisions/r010/runtime-close.png
 create mode 100644 assets/art-library/designs/environment.planet.desert/revisions/r011/runtime-close.png
 create mode 100644 assets/art-library/designs/environment.planet.desert/revisions/r012/runtime-close.png
 create mode 100644 assets/art-library/designs/environment.planet.desert/revisions/r013/runtime-close.png
 create mode 100644 assets/art-library/designs/environment.planet.desert/revisions/r014/runtime-close.png
 create mode 100644 assets/art-library/designs/environment.planet.desert/revisions/r015/desert-moon-1/source-r001/angular-outcrops.glb
 create mode 100644 assets/art-library/designs/environment.planet.desert/revisions/r015/desert-moon-1/source-r001/battered-region-a.glb
 create mode 100644 assets/art-library/designs/environment.planet.desert/revisions/r015/desert-moon-1/source-r001/battered-region-b.glb
 create mode 100644 assets/art-library/designs/environment.planet.desert/revisions/r015/desert-moon-1/source-r001/build_solid_moon_native_variants_r001.py
 create mode 100644 assets/art-library/designs/environment.planet.desert/revisions/r015/desert-moon-1/source-r001/corrected-seed38-angle2.png
 create mode 100644 assets/art-library/designs/environment.planet.desert/revisions/r015/desert-moon-1/source-r001/corrected-seed38-capture.log
 create mode 100644 assets/art-library/designs/environment.planet.desert/revisions/r015/desert-moon-1/source-r001/corrected-seed38-reference-scale.png
 create mode 100644 assets/art-library/designs/environment.planet.desert/revisions/r015/desert-moon-1/source-r001/corrected-seed38.json
 create mode 100644 assets/art-library/designs/environment.planet.desert/revisions/r015/desert-moon-1/source-r001/corrected-seed38.png
 create mode 100644 assets/art-library/designs/environment.planet.desert/revisions/r015/desert-moon-1/source-r001/crater-broken.glb
 create mode 100644 assets/art-library/designs/environment.planet.desert/revisions/r015/desert-moon-1/source-r001/crater-large.glb
 create mode 100644 assets/art-library/designs/environment.planet.desert/revisions/r015/desert-moon-1/source-r001/crater-small.glb
 create mode 100644 assets/art-library/designs/environment.planet.desert/revisions/r015/desert-moon-1/source-r001/exact-reference.png
 create mode 100644 assets/art-library/designs/environment.planet.desert/revisions/r015/desert-moon-1/source-r001/foundation-source.py
 create mode 100644 assets/art-library/designs/environment.planet.desert/revisions/r015/desert-moon-1/source-r001/fractured-shelf.glb
 create mode 100644 assets/art-library/designs/environment.planet.desert/revisions/r015/desert-moon-1/source-r001/generator.py
 create mode 100644 assets/art-library/designs/environment.planet.desert/revisions/r015/desert-moon-1/source-r001/ground-sphere-low.glb
 create mode 100644 assets/art-library/designs/environment.planet.desert/revisions/r015/desert-moon-1/source-r001/ground-sphere-medium.glb
 create mode 100644 assets/art-library/designs/environment.planet.desert/revisions/r015/desert-moon-1/source-r001/ground-sphere.glb
 create mode 100644 assets/art-library/designs/environment.planet.desert/revisions/r015/desert-moon-1/source-r001/kit-preview.png
 create mode 100644 assets/art-library/designs/environment.planet.desert/revisions/r015/desert-moon-1/source-r001/kit.blend
 create mode 100644 assets/art-library/designs/environment.planet.desert/revisions/r015/desert-moon-1/source-r001/kit.json
 create mode 100644 assets/art-library/designs/environment.planet.desert/revisions/r015/desert-moon-1/source-r001/mineral-seam.glb
 create mode 100644 assets/art-library/designs/environment.planet.desert/revisions/r015/desert-moon-1/source-r001/revision-notes.md
 create mode 100644 assets/art-library/designs/environment.planet.desert/revisions/r015/desert-moon-1/source-r001/rocky-0-albedo.png
 create mode 100644 assets/art-library/designs/environment.planet.desert/revisions/r015/desert-moon-1/source-r001/rocky-0-orm.png
 create mode 100644 assets/art-library/designs/environment.planet.desert/revisions/r015/desert-moon-1/source-r001/rocky-1-albedo.png
 create mode 100644 assets/art-library/designs/environment.planet.desert/revisions/r015/desert-moon-1/source-r001/rocky-1-orm.png
 create mode 100644 assets/art-library/designs/environment.planet.desert/revisions/r015/desert-moon-1/source-r001/rocky-2-albedo.png
 create mode 100644 assets/art-library/designs/environment.planet.desert/revisions/r015/desert-moon-1/source-r001/rocky-2-orm.png
 create mode 100644 assets/art-library/designs/environment.planet.desert/revisions/r015/desert-moon-1/source-r001/rocky-3-albedo.png
 create mode 100644 assets/art-library/designs/environment.planet.desert/revisions/r015/desert-moon-1/source-r001/rocky-3-orm.png
 create mode 100644 assets/art-library/designs/environment.planet.desert/revisions/r015/desert-moon-1/source-r001/rocky-4-albedo.png
 create mode 100644 assets/art-library/designs/environment.planet.desert/revisions/r015/desert-moon-1/source-r001/rocky-4-orm.png
 create mode 100644 assets/art-library/designs/environment.planet.desert/revisions/r015/desert-moon-1/source-r001/rocky-5-albedo.png
 create mode 100644 assets/art-library/designs/environment.planet.desert/revisions/r015/desert-moon-1/source-r001/rocky-5-orm.png
 create mode 100644 assets/art-library/designs/environment.planet.desert/revisions/r015/desert-moon-1/source-r001/solid_moon_reference_composition_r001.test.ts
 create mode 100644 assets/art-library/designs/environment.planet.desert/revisions/r015/desert-moon-1/source-r001/solid_moon_reference_composition_r001.ts
 create mode 100644 assets/art-library/designs/environment.planet.desert/revisions/r015/desert-moon-1/source-r001/solid_moon_reference_r001.tsconfig.json
 create mode 100644 assets/art-library/designs/environment.planet.desert/revisions/r015/desert-moon-1/source-r001/solid_moon_reference_r001.vitest.config.ts
 create mode 100644 assets/art-library/designs/environment.planet.desert/revisions/r015/desert-moon-1/source-r001/validation.json
 create mode 100644 assets/art-library/designs/environment.planet.desert/revisions/r015/desert-moon-1/source-r001/variant-recipe.json
 create mode 100644 assets/art-library/designs/environment.planet.desert/revisions/r015/desert-moon-2/source-r001/angular-outcrops.glb
 create mode 100644 assets/art-library/designs/environment.planet.desert/revisions/r015/desert-moon-2/source-r001/battered-region-a.glb
 create mode 100644 assets/art-library/designs/environment.planet.desert/revisions/r015/desert-moon-2/source-r001/battered-region-b.glb
 create mode 100644 assets/art-library/designs/environment.planet.desert/revisions/r015/desert-moon-2/source-r001/build_solid_moon_native_variants_r001.py
 create mode 100644 assets/art-library/designs/environment.planet.desert/revisions/r015/desert-moon-2/source-r001/corrected-seed38-angle2.png
 create mode 100644 assets/art-library/designs/environment.planet.desert/revisions/r015/desert-moon-2/source-r001/corrected-seed38-capture.log
 create mode 100644 assets/art-library/designs/environment.planet.desert/revisions/r015/desert-moon-2/source-r001/corrected-seed38-reference-scale.png
 create mode 100644 assets/art-library/designs/environment.planet.desert/revisions/r015/desert-moon-2/source-r001/corrected-seed38.json
 create mode 100644 assets/art-library/designs/environment.planet.desert/revisions/r015/desert-moon-2/source-r001/corrected-seed38.png
 create mode 100644 assets/art-library/designs/environment.planet.desert/revisions/r015/desert-moon-2/source-r001/crater-broken.glb
 create mode 100644 assets/art-library/designs/environment.planet.desert/revisions/r015/desert-moon-2/source-r001/crater-large.glb
 create mode 100644 assets/art-library/designs/environment.planet.desert/revisions/r015/desert-moon-2/source-r001/crater-small.glb
 create mode 100644 assets/art-library/designs/environment.planet.desert/revisions/r015/desert-moon-2/source-r001/exact-reference.png
 create mode 100644 assets/art-library/designs/environment.planet.desert/revisions/r015/desert-moon-2/source-r001/foundation-source.py
 create mode 100644 assets/art-library/designs/environment.planet.desert/revisions/r015/desert-moon-2/source-r001/fractured-shelf.glb
 create mode 100644 assets/art-library/designs/environment.planet.desert/revisions/r015/desert-moon-2/source-r001/generator.py
 create mode 100644 assets/art-library/designs/environment.planet.desert/revisions/r015/desert-moon-2/source-r001/ground-sphere-low.glb
 create mode 100644 assets/art-library/designs/environment.planet.desert/revisions/r015/desert-moon-2/source-r001/ground-sphere-medium.glb
 create mode 100644 assets/art-library/designs/environment.planet.desert/revisions/r015/desert-moon-2/source-r001/ground-sphere.glb
 create mode 100644 assets/art-library/designs/environment.planet.desert/revisions/r015/desert-moon-2/source-r001/kit-preview.png
 create mode 100644 assets/art-library/designs/environment.planet.desert/revisions/r015/desert-moon-2/source-r001/kit.blend
 create mode 100644 assets/art-library/designs/environment.planet.desert/revisions/r015/desert-moon-2/source-r001/kit.json
 create mode 100644 assets/art-library/designs/environment.planet.desert/revisions/r015/desert-moon-2/source-r001/mineral-seam.glb
 create mode 100644 assets/art-library/designs/environment.planet.desert/revisions/r015/desert-moon-2/source-r001/revision-notes.md
 create mode 100644 assets/art-library/designs/environment.planet.desert/revisions/r015/desert-moon-2/source-r001/rocky-0-albedo.png
 create mode 100644 assets/art-library/designs/environment.planet.desert/revisions/r015/desert-moon-2/source-r001/rocky-0-orm.png
 create mode 100644 assets/art-library/designs/environment.planet.desert/revisions/r015/desert-moon-2/source-r001/rocky-1-albedo.png
 create mode 100644 assets/art-library/designs/environment.planet.desert/revisions/r015/desert-moon-2/source-r001/rocky-1-orm.png
 create mode 100644 assets/art-library/designs/environment.planet.desert/revisions/r015/desert-moon-2/source-r001/rocky-2-albedo.png
 create mode 100644 assets/art-library/designs/environment.planet.desert/revisions/r015/desert-moon-2/source-r001/rocky-2-orm.png
 create mode 100644 assets/art-library/designs/environment.planet.desert/revisions/r015/desert-moon-2/source-r001/rocky-3-albedo.png
 create mode 100644 assets/art-library/designs/environment.planet.desert/revisions/r015/desert-moon-2/source-r001/rocky-3-orm.png
 create mode 100644 assets/art-library/designs/environment.planet.desert/revisions/r015/desert-moon-2/source-r001/rocky-4-albedo.png
 create mode 100644 assets/art-library/designs/environment.planet.desert/revisions/r015/desert-moon-2/source-r001/rocky-4-orm.png
 create mode 100644 assets/art-library/designs/environment.planet.desert/revisions/r015/desert-moon-2/source-r001/rocky-5-albedo.png
 create mode 100644 assets/art-library/designs/environment.planet.desert/revisions/r015/desert-moon-2/source-r001/rocky-5-orm.png
 create mode 100644 assets/art-library/designs/environment.planet.desert/revisions/r015/desert-moon-2/source-r001/solid_moon_reference_composition_r001.test.ts
 create mode 100644 assets/art-library/designs/environment.planet.desert/revisions/r015/desert-moon-2/source-r001/solid_moon_reference_composition_r001.ts
 create mode 100644 assets/art-library/designs/environment.planet.desert/revisions/r015/desert-moon-2/source-r001/solid_moon_reference_r001.tsconfig.json
 create mode 100644 assets/art-library/designs/environment.planet.desert/revisions/r015/desert-moon-2/source-r001/solid_moon_reference_r001.vitest.config.ts
 create mode 100644 assets/art-library/designs/environment.planet.desert/revisions/r015/desert-moon-2/source-r001/validation.json
 create mode 100644 assets/art-library/designs/environment.planet.desert/revisions/r015/desert-moon-2/source-r001/variant-recipe.json
 create mode 100644 assets/art-library/designs/environment.planet.desert/revisions/r015/manifest.json
 create mode 100644 assets/art-library/designs/environment.planet.desert/revisions/r015/pre-checkpoint-design.json
 create mode 100644 assets/art-library/designs/environment.planet.desert/revisions/r015/reviews/six-solid-moon-variants-r001.md
 create mode 100644 assets/art-library/designs/environment.planet.gas-giant/DESIGN.html
 create mode 100644 assets/art-library/designs/environment.planet.gas-giant/DESIGN.md
 create mode 100644 assets/art-library/designs/environment.planet.gas-giant/design.json
 create mode 100644 assets/art-library/designs/environment.planet.gas-giant/revisions/r001/artifacts/gas-albedo.png
 create mode 100644 assets/art-library/designs/environment.planet.gas-giant/revisions/r001/artifacts/gas-body.glb
 create mode 100644 assets/art-library/designs/environment.planet.gas-giant/revisions/r001/artifacts/kit-preview.png
 create mode 100644 assets/art-library/designs/environment.planet.gas-giant/revisions/r001/artifacts/kit.blend
 create mode 100644 assets/art-library/designs/environment.planet.gas-giant/revisions/r001/artifacts/kit.json
 create mode 100644 assets/art-library/designs/environment.planet.gas-giant/revisions/r001/artifacts/planet-seed38-angle2.png
 create mode 100644 assets/art-library/designs/environment.planet.gas-giant/revisions/r001/artifacts/planet-seed38.png
 create mode 100644 assets/art-library/designs/environment.planet.gas-giant/revisions/r001/artifacts/ring-dust-0.glb
 create mode 100644 assets/art-library/designs/environment.planet.gas-giant/revisions/r001/artifacts/ring-dust-1.glb
 create mode 100644 assets/art-library/designs/environment.planet.gas-giant/revisions/r001/artifacts/ring-dust-2.glb
 create mode 100644 assets/art-library/designs/environment.planet.gas-giant/revisions/r001/artifacts/ring-dust.png
 create mode 100644 assets/art-library/designs/environment.planet.gas-giant/revisions/r001/artifacts/ring-rocks.glb
 create mode 100644 assets/art-library/designs/environment.planet.gas-giant/revisions/r001/artifacts/validation.json
 create mode 100644 assets/art-library/designs/environment.planet.gas-giant/revisions/r002/artifacts/gas-albedo-generated.png
 create mode 100644 assets/art-library/designs/environment.planet.gas-giant/revisions/r002/artifacts/gas-body.glb
 create mode 100644 assets/art-library/designs/environment.planet.gas-giant/revisions/r002/artifacts/image-generation.json
 create mode 100644 assets/art-library/designs/environment.planet.gas-giant/revisions/r002/artifacts/kit-preview-storm.png
 create mode 100644 assets/art-library/designs/environment.planet.gas-giant/revisions/r002/artifacts/kit-preview.png
 create mode 100644 assets/art-library/designs/environment.planet.gas-giant/revisions/r002/artifacts/kit.blend
 create mode 100644 assets/art-library/designs/environment.planet.gas-giant/revisions/r002/artifacts/kit.json
 create mode 100644 assets/art-library/designs/environment.planet.gas-giant/revisions/r002/artifacts/planet-seed38-angle2.png
 create mode 100644 assets/art-library/designs/environment.planet.gas-giant/revisions/r002/artifacts/planet-seed38.png
 create mode 100644 assets/art-library/designs/environment.planet.gas-giant/revisions/r002/artifacts/render-storm-preview.py
 create mode 100644 assets/art-library/designs/environment.planet.gas-giant/revisions/r002/artifacts/ring-dust-0.glb
 create mode 100644 assets/art-library/designs/environment.planet.gas-giant/revisions/r002/artifacts/ring-dust-1.glb
 create mode 100644 assets/art-library/designs/environment.planet.gas-giant/revisions/r002/artifacts/ring-dust-2.glb
 create mode 100644 assets/art-library/designs/environment.planet.gas-giant/revisions/r002/artifacts/ring-dust.png
 create mode 100644 assets/art-library/designs/environment.planet.gas-giant/revisions/r002/artifacts/ring-rocks.glb
 create mode 100644 assets/art-library/designs/environment.planet.gas-giant/revisions/r002/artifacts/validation.json
 create mode 100644 assets/art-library/designs/environment.planet.gas-giant/revisions/r003/artifacts/build_gas_native_kit_r003.py
 create mode 100644 assets/art-library/designs/environment.planet.gas-giant/revisions/r003/artifacts/gas-albedo-generated.png
 create mode 100644 assets/art-library/designs/environment.planet.gas-giant/revisions/r003/artifacts/gas-body.glb
 create mode 100644 assets/art-library/designs/environment.planet.gas-giant/revisions/r003/artifacts/glb-validation.json
 create mode 100644 assets/art-library/designs/environment.planet.gas-giant/revisions/r003/artifacts/kit-preview-storm.png
 create mode 100644 assets/art-library/designs/environment.planet.gas-giant/revisions/r003/artifacts/kit-preview.png
 create mode 100644 assets/art-library/designs/environment.planet.gas-giant/revisions/r003/artifacts/kit.blend
 create mode 100644 assets/art-library/designs/environment.planet.gas-giant/revisions/r003/artifacts/kit.json
 create mode 100644 assets/art-library/designs/environment.planet.gas-giant/revisions/r003/artifacts/planet-seed38-angle2.png
 create mode 100644 assets/art-library/designs/environment.planet.gas-giant/revisions/r003/artifacts/planet-seed38.png
 create mode 100644 assets/art-library/designs/environment.planet.gas-giant/revisions/r003/artifacts/render-storm-preview.py
 create mode 100644 assets/art-library/designs/environment.planet.gas-giant/revisions/r003/artifacts/ring-dust-0.glb
 create mode 100644 assets/art-library/designs/environment.planet.gas-giant/revisions/r003/artifacts/ring-dust-0.png
 create mode 100644 assets/art-library/designs/environment.planet.gas-giant/revisions/r003/artifacts/ring-dust-1.glb
 create mode 100644 assets/art-library/designs/environment.planet.gas-giant/revisions/r003/artifacts/ring-dust-1.png
 create mode 100644 assets/art-library/designs/environment.planet.gas-giant/revisions/r003/artifacts/ring-dust-2.glb
 create mode 100644 assets/art-library/designs/environment.planet.gas-giant/revisions/r003/artifacts/ring-dust-2.png
 create mode 100644 assets/art-library/designs/environment.planet.gas-giant/revisions/r003/artifacts/ring-rocks.glb
 create mode 100644 assets/art-library/designs/environment.planet.gas-giant/revisions/r003/artifacts/validation.json
 create mode 100644 assets/art-library/designs/environment.planet.gas-giant/revisions/r004/artifacts/gas-albedo-generated.png
 create mode 100644 assets/art-library/designs/environment.planet.gas-giant/revisions/r004/artifacts/gas-body.glb
 create mode 100644 assets/art-library/designs/environment.planet.gas-giant/revisions/r004/artifacts/generator.py
 create mode 100644 assets/art-library/designs/environment.planet.gas-giant/revisions/r004/artifacts/kit-preview.png
 create mode 100644 assets/art-library/designs/environment.planet.gas-giant/revisions/r004/artifacts/kit.blend
 create mode 100644 assets/art-library/designs/environment.planet.gas-giant/revisions/r004/artifacts/kit.json
 create mode 100644 assets/art-library/designs/environment.planet.gas-giant/revisions/r004/artifacts/material-preservation.test.py
 create mode 100644 assets/art-library/designs/environment.planet.gas-giant/revisions/r004/artifacts/material-validation.json
 create mode 100644 assets/art-library/designs/environment.planet.gas-giant/revisions/r004/artifacts/planet-corrected-angle2.png
 create mode 100644 assets/art-library/designs/environment.planet.gas-giant/revisions/r004/artifacts/planet-corrected.png
 create mode 100644 assets/art-library/designs/environment.planet.gas-giant/revisions/r004/artifacts/planet-seed38-angle2.png
 create mode 100644 assets/art-library/designs/environment.planet.gas-giant/revisions/r004/artifacts/planet-seed38.png
 create mode 100644 assets/art-library/designs/environment.planet.gas-giant/revisions/r004/artifacts/planet-shadows-off.png
 create mode 100644 assets/art-library/designs/environment.planet.gas-giant/revisions/r004/artifacts/planet-two-sided-diagnostic.png
 create mode 100644 assets/art-library/designs/environment.planet.gas-giant/revisions/r004/artifacts/revision-notes.md
 create mode 100644 assets/art-library/designs/environment.planet.gas-giant/revisions/r004/artifacts/ring-dust-0.glb
 create mode 100644 assets/art-library/designs/environment.planet.gas-giant/revisions/r004/artifacts/ring-dust-0.png
 create mode 100644 assets/art-library/designs/environment.planet.gas-giant/revisions/r004/artifacts/ring-dust-1.glb
 create mode 100644 assets/art-library/designs/environment.planet.gas-giant/revisions/r004/artifacts/ring-dust-1.png
 create mode 100644 assets/art-library/designs/environment.planet.gas-giant/revisions/r004/artifacts/ring-dust-2.glb
 create mode 100644 assets/art-library/designs/environment.planet.gas-giant/revisions/r004/artifacts/ring-dust-2.png
 create mode 100644 assets/art-library/designs/environment.planet.gas-giant/revisions/r004/artifacts/ring-dust-generated-black.png
 create mode 100644 assets/art-library/designs/environment.planet.gas-giant/revisions/r004/artifacts/ring-dust-rejected-checkerboard.png
 create mode 100644 assets/art-library/designs/environment.planet.gas-giant/revisions/r004/artifacts/ring-rocks.glb
 create mode 100644 assets/art-library/designs/environment.planet.gas-giant/revisions/r004/artifacts/validation.json
 create mode 100644 assets/art-library/designs/environment.planet.gas-giant/revisions/r005/artifacts/gas-albedo-generated.png
 create mode 100644 assets/art-library/designs/environment.planet.gas-giant/revisions/r005/artifacts/gas-body.glb
 create mode 100644 assets/art-library/designs/environment.planet.gas-giant/revisions/r005/artifacts/kit-preview.png
 create mode 100644 assets/art-library/designs/environment.planet.gas-giant/revisions/r005/artifacts/kit.blend
 create mode 100644 assets/art-library/designs/environment.planet.gas-giant/revisions/r005/artifacts/kit.json
 create mode 100644 assets/art-library/designs/environment.planet.gas-giant/revisions/r005/artifacts/low-sun-shadow-corrected.png
 create mode 100644 assets/art-library/designs/environment.planet.gas-giant/revisions/r005/artifacts/low-sun-shadow.png
 create mode 100644 assets/art-library/designs/environment.planet.gas-giant/revisions/r005/artifacts/low-sun-shadows-off-corrected.png
 create mode 100644 assets/art-library/designs/environment.planet.gas-giant/revisions/r005/artifacts/low-sun-shadows-off.png
 create mode 100644 assets/art-library/designs/environment.planet.gas-giant/revisions/r005/artifacts/planet-seed38-angle2.png
 create mode 100644 assets/art-library/designs/environment.planet.gas-giant/revisions/r005/artifacts/planet-seed38.png
 create mode 100644 assets/art-library/designs/environment.planet.gas-giant/revisions/r005/artifacts/revision-notes.md
 create mode 100644 assets/art-library/designs/environment.planet.gas-giant/revisions/r005/artifacts/ring-dust-0.glb
 create mode 100644 assets/art-library/designs/environment.planet.gas-giant/revisions/r005/artifacts/ring-dust-0.png
 create mode 100644 assets/art-library/designs/environment.planet.gas-giant/revisions/r005/artifacts/ring-dust-1.glb
 create mode 100644 assets/art-library/designs/environment.planet.gas-giant/revisions/r005/artifacts/ring-dust-1.png
 create mode 100644 assets/art-library/designs/environment.planet.gas-giant/revisions/r005/artifacts/ring-dust-2.glb
 create mode 100644 assets/art-library/designs/environment.planet.gas-giant/revisions/r005/artifacts/ring-dust-2.png
 create mode 100644 assets/art-library/designs/environment.planet.gas-giant/revisions/r005/artifacts/ring-rocks.glb
 create mode 100644 assets/art-library/designs/environment.planet.gas-giant/revisions/r006/gas-giant-moon-1/source-r001/angular-outcrops.glb
 create mode 100644 assets/art-library/designs/environment.planet.gas-giant/revisions/r006/gas-giant-moon-1/source-r001/battered-region-a.glb
 create mode 100644 assets/art-library/designs/environment.planet.gas-giant/revisions/r006/gas-giant-moon-1/source-r001/battered-region-b.glb
 create mode 100644 assets/art-library/designs/environment.planet.gas-giant/revisions/r006/gas-giant-moon-1/source-r001/build_solid_moon_native_variants_r001.py
 create mode 100644 assets/art-library/designs/environment.planet.gas-giant/revisions/r006/gas-giant-moon-1/source-r001/corrected-seed38-angle2.png
 create mode 100644 assets/art-library/designs/environment.planet.gas-giant/revisions/r006/gas-giant-moon-1/source-r001/corrected-seed38-capture.log
 create mode 100644 assets/art-library/designs/environment.planet.gas-giant/revisions/r006/gas-giant-moon-1/source-r001/corrected-seed38-reference-scale.png
 create mode 100644 assets/art-library/designs/environment.planet.gas-giant/revisions/r006/gas-giant-moon-1/source-r001/corrected-seed38.json
 create mode 100644 assets/art-library/designs/environment.planet.gas-giant/revisions/r006/gas-giant-moon-1/source-r001/corrected-seed38.png
 create mode 100644 assets/art-library/designs/environment.planet.gas-giant/revisions/r006/gas-giant-moon-1/source-r001/crater-broken.glb
 create mode 100644 assets/art-library/designs/environment.planet.gas-giant/revisions/r006/gas-giant-moon-1/source-r001/crater-large.glb
 create mode 100644 assets/art-library/designs/environment.planet.gas-giant/revisions/r006/gas-giant-moon-1/source-r001/crater-small.glb
 create mode 100644 assets/art-library/designs/environment.planet.gas-giant/revisions/r006/gas-giant-moon-1/source-r001/exact-reference.png
 create mode 100644 assets/art-library/designs/environment.planet.gas-giant/revisions/r006/gas-giant-moon-1/source-r001/foundation-source.py
 create mode 100644 assets/art-library/designs/environment.planet.gas-giant/revisions/r006/gas-giant-moon-1/source-r001/fractured-shelf.glb
 create mode 100644 assets/art-library/designs/environment.planet.gas-giant/revisions/r006/gas-giant-moon-1/source-r001/generator.py
 create mode 100644 assets/art-library/designs/environment.planet.gas-giant/revisions/r006/gas-giant-moon-1/source-r001/ground-sphere-low.glb
 create mode 100644 assets/art-library/designs/environment.planet.gas-giant/revisions/r006/gas-giant-moon-1/source-r001/ground-sphere-medium.glb
 create mode 100644 assets/art-library/designs/environment.planet.gas-giant/revisions/r006/gas-giant-moon-1/source-r001/ground-sphere.glb
 create mode 100644 assets/art-library/designs/environment.planet.gas-giant/revisions/r006/gas-giant-moon-1/source-r001/kit-preview.png
 create mode 100644 assets/art-library/designs/environment.planet.gas-giant/revisions/r006/gas-giant-moon-1/source-r001/kit.blend
 create mode 100644 assets/art-library/designs/environment.planet.gas-giant/revisions/r006/gas-giant-moon-1/source-r001/kit.json
 create mode 100644 assets/art-library/designs/environment.planet.gas-giant/revisions/r006/gas-giant-moon-1/source-r001/mineral-seam.glb
 create mode 100644 assets/art-library/designs/environment.planet.gas-giant/revisions/r006/gas-giant-moon-1/source-r001/parent-light-diagnostic-angle1.png
 create mode 100644 assets/art-library/designs/environment.planet.gas-giant/revisions/r006/gas-giant-moon-1/source-r001/parent-light-diagnostic-angle2.png
 create mode 100644 assets/art-library/designs/environment.planet.gas-giant/revisions/r006/gas-giant-moon-1/source-r001/parent-light-diagnostic-fs-deny.log
 create mode 100644 assets/art-library/designs/environment.planet.gas-giant/revisions/r006/gas-giant-moon-1/source-r001/parent-light-diagnostic-reference-scale.png
 create mode 100644 assets/art-library/designs/environment.planet.gas-giant/revisions/r006/gas-giant-moon-1/source-r001/parent-light-diagnostic-route-failure.log
 create mode 100644 assets/art-library/designs/environment.planet.gas-giant/revisions/r006/gas-giant-moon-1/source-r001/parent-light-diagnostic.json
 create mode 100644 assets/art-library/designs/environment.planet.gas-giant/revisions/r006/gas-giant-moon-1/source-r001/parent-light-diagnostic.log
 create mode 100644 assets/art-library/designs/environment.planet.gas-giant/revisions/r006/gas-giant-moon-1/source-r001/revision-notes.md
 create mode 100644 assets/art-library/designs/environment.planet.gas-giant/revisions/r006/gas-giant-moon-1/source-r001/rocky-0-albedo.png
 create mode 100644 assets/art-library/designs/environment.planet.gas-giant/revisions/r006/gas-giant-moon-1/source-r001/rocky-0-orm.png
 create mode 100644 assets/art-library/designs/environment.planet.gas-giant/revisions/r006/gas-giant-moon-1/source-r001/rocky-1-albedo.png
 create mode 100644 assets/art-library/designs/environment.planet.gas-giant/revisions/r006/gas-giant-moon-1/source-r001/rocky-1-orm.png
 create mode 100644 assets/art-library/designs/environment.planet.gas-giant/revisions/r006/gas-giant-moon-1/source-r001/rocky-2-albedo.png
 create mode 100644 assets/art-library/designs/environment.planet.gas-giant/revisions/r006/gas-giant-moon-1/source-r001/rocky-2-orm.png
 create mode 100644 assets/art-library/designs/environment.planet.gas-giant/revisions/r006/gas-giant-moon-1/source-r001/rocky-3-albedo.png
 create mode 100644 assets/art-library/designs/environment.planet.gas-giant/revisions/r006/gas-giant-moon-1/source-r001/rocky-3-orm.png
 create mode 100644 assets/art-library/designs/environment.planet.gas-giant/revisions/r006/gas-giant-moon-1/source-r001/rocky-4-albedo.png
 create mode 100644 assets/art-library/designs/environment.planet.gas-giant/revisions/r006/gas-giant-moon-1/source-r001/rocky-4-orm.png
 create mode 100644 assets/art-library/designs/environment.planet.gas-giant/revisions/r006/gas-giant-moon-1/source-r001/rocky-5-albedo.png
 create mode 100644 assets/art-library/designs/environment.planet.gas-giant/revisions/r006/gas-giant-moon-1/source-r001/rocky-5-orm.png
 create mode 100644 assets/art-library/designs/environment.planet.gas-giant/revisions/r006/gas-giant-moon-1/source-r001/solid_moon_reference_composition_r001.test.ts
 create mode 100644 assets/art-library/designs/environment.planet.gas-giant/revisions/r006/gas-giant-moon-1/source-r001/solid_moon_reference_composition_r001.ts
 create mode 100644 assets/art-library/designs/environment.planet.gas-giant/revisions/r006/gas-giant-moon-1/source-r001/solid_moon_reference_r001.tsconfig.json
 create mode 100644 assets/art-library/designs/environment.planet.gas-giant/revisions/r006/gas-giant-moon-1/source-r001/solid_moon_reference_r001.vitest.config.ts
 create mode 100644 assets/art-library/designs/environment.planet.gas-giant/revisions/r006/gas-giant-moon-1/source-r001/validation.json
 create mode 100644 assets/art-library/designs/environment.planet.gas-giant/revisions/r006/gas-giant-moon-1/source-r001/variant-recipe.json
 create mode 100644 assets/art-library/designs/environment.planet.gas-giant/revisions/r006/gas-giant-moon-1/source-r002/angular-outcrops.glb
 create mode 100644 assets/art-library/designs/environment.planet.gas-giant/revisions/r006/gas-giant-moon-1/source-r002/battered-region-a.glb
 create mode 100644 assets/art-library/designs/environment.planet.gas-giant/revisions/r006/gas-giant-moon-1/source-r002/battered-region-b.glb
 create mode 100644 assets/art-library/designs/environment.planet.gas-giant/revisions/r006/gas-giant-moon-1/source-r002/corrected-run.log
 create mode 100644 assets/art-library/designs/environment.planet.gas-giant/revisions/r006/gas-giant-moon-1/source-r002/corrected-seed38-angle2.png
 create mode 100644 assets/art-library/designs/environment.planet.gas-giant/revisions/r006/gas-giant-moon-1/source-r002/corrected-seed38-capture.log
 create mode 100644 assets/art-library/designs/environment.planet.gas-giant/revisions/r006/gas-giant-moon-1/source-r002/corrected-seed38-reference-scale.png
 create mode 100644 assets/art-library/designs/environment.planet.gas-giant/revisions/r006/gas-giant-moon-1/source-r002/corrected-seed38.json
 create mode 100644 assets/art-library/designs/environment.planet.gas-giant/revisions/r006/gas-giant-moon-1/source-r002/corrected-seed38.png
 create mode 100644 assets/art-library/designs/environment.planet.gas-giant/revisions/r006/gas-giant-moon-1/source-r002/crater-broken.glb
 create mode 100644 assets/art-library/designs/environment.planet.gas-giant/revisions/r006/gas-giant-moon-1/source-r002/crater-large.glb
 create mode 100644 assets/art-library/designs/environment.planet.gas-giant/revisions/r006/gas-giant-moon-1/source-r002/crater-small.glb
 create mode 100644 assets/art-library/designs/environment.planet.gas-giant/revisions/r006/gas-giant-moon-1/source-r002/fractured-shelf.glb
 create mode 100644 assets/art-library/designs/environment.planet.gas-giant/revisions/r006/gas-giant-moon-1/source-r002/generator.py
 create mode 100644 assets/art-library/designs/environment.planet.gas-giant/revisions/r006/gas-giant-moon-1/source-r002/geometry-parity.json
 create mode 100644 assets/art-library/designs/environment.planet.gas-giant/revisions/r006/gas-giant-moon-1/source-r002/ground-sphere-low.glb
 create mode 100644 assets/art-library/designs/environment.planet.gas-giant/revisions/r006/gas-giant-moon-1/source-r002/ground-sphere-medium.glb
 create mode 100644 assets/art-library/designs/environment.planet.gas-giant/revisions/r006/gas-giant-moon-1/source-r002/ground-sphere.glb
 create mode 100644 assets/art-library/designs/environment.planet.gas-giant/revisions/r006/gas-giant-moon-1/source-r002/interpretation.json
 create mode 100644 assets/art-library/designs/environment.planet.gas-giant/revisions/r006/gas-giant-moon-1/source-r002/kit-preview.png
 create mode 100644 assets/art-library/designs/environment.planet.gas-giant/revisions/r006/gas-giant-moon-1/source-r002/kit.blend
 create mode 100644 assets/art-library/designs/environment.planet.gas-giant/revisions/r006/gas-giant-moon-1/source-r002/kit.json
 create mode 100644 assets/art-library/designs/environment.planet.gas-giant/revisions/r006/gas-giant-moon-1/source-r002/mineral-seam.glb
 create mode 100644 assets/art-library/designs/environment.planet.gas-giant/revisions/r006/gas-giant-moon-1/source-r002/reflection-angle-run.log
 create mode 100644 assets/art-library/designs/environment.planet.gas-giant/revisions/r006/gas-giant-moon-1/source-r002/reflection-angle-seed38-angle2.png
 create mode 100644 assets/art-library/designs/environment.planet.gas-giant/revisions/r006/gas-giant-moon-1/source-r002/reflection-angle-seed38-capture.log
 create mode 100644 assets/art-library/designs/environment.planet.gas-giant/revisions/r006/gas-giant-moon-1/source-r002/reflection-angle-seed38-reference-scale.png
 create mode 100644 assets/art-library/designs/environment.planet.gas-giant/revisions/r006/gas-giant-moon-1/source-r002/reflection-angle-seed38.json
 create mode 100644 assets/art-library/designs/environment.planet.gas-giant/revisions/r006/gas-giant-moon-1/source-r002/reflection-angle-seed38.png
 create mode 100644 assets/art-library/designs/environment.planet.gas-giant/revisions/r006/gas-giant-moon-1/source-r002/rocky-0-albedo.png
 create mode 100644 assets/art-library/designs/environment.planet.gas-giant/revisions/r006/gas-giant-moon-1/source-r002/rocky-0-orm.png
 create mode 100644 assets/art-library/designs/environment.planet.gas-giant/revisions/r006/gas-giant-moon-1/source-r002/rocky-1-albedo.png
 create mode 100644 assets/art-library/designs/environment.planet.gas-giant/revisions/r006/gas-giant-moon-1/source-r002/rocky-1-orm.png
 create mode 100644 assets/art-library/designs/environment.planet.gas-giant/revisions/r006/gas-giant-moon-1/source-r002/rocky-2-albedo.png
 create mode 100644 assets/art-library/designs/environment.planet.gas-giant/revisions/r006/gas-giant-moon-1/source-r002/rocky-2-orm.png
 create mode 100644 assets/art-library/designs/environment.planet.gas-giant/revisions/r006/gas-giant-moon-1/source-r002/rocky-3-albedo.png
 create mode 100644 assets/art-library/designs/environment.planet.gas-giant/revisions/r006/gas-giant-moon-1/source-r002/rocky-3-orm.png
 create mode 100644 assets/art-library/designs/environment.planet.gas-giant/revisions/r006/gas-giant-moon-1/source-r002/rocky-4-albedo.png
 create mode 100644 assets/art-library/designs/environment.planet.gas-giant/revisions/r006/gas-giant-moon-1/source-r002/rocky-4-orm.png
 create mode 100644 assets/art-library/designs/environment.planet.gas-giant/revisions/r006/gas-giant-moon-1/source-r002/rocky-5-albedo.png
 create mode 100644 assets/art-library/designs/environment.planet.gas-giant/revisions/r006/gas-giant-moon-1/source-r002/rocky-5-orm.png
 create mode 100644 assets/art-library/designs/environment.planet.gas-giant/revisions/r006/gas-giant-moon-1/source-r002/rocky-6-albedo.png
 create mode 100644 assets/art-library/designs/environment.planet.gas-giant/revisions/r006/gas-giant-moon-1/source-r002/rocky-6-orm.png
 create mode 100644 assets/art-library/designs/environment.planet.gas-giant/revisions/r006/gas-giant-moon-1/source-r002/rocky-7-albedo.png
 create mode 100644 assets/art-library/designs/environment.planet.gas-giant/revisions/r006/gas-giant-moon-1/source-r002/rocky-7-orm.png
 create mode 100644 assets/art-library/designs/environment.planet.gas-giant/revisions/r006/gas-giant-moon-1/source-r002/validation.json
 create mode 100644 assets/art-library/designs/environment.planet.gas-giant/revisions/r006/gas-giant-moon-1/source-r003/angular-outcrops.glb
 create mode 100644 assets/art-library/designs/environment.planet.gas-giant/revisions/r006/gas-giant-moon-1/source-r003/battered-region-a.glb
 create mode 100644 assets/art-library/designs/environment.planet.gas-giant/revisions/r006/gas-giant-moon-1/source-r003/battered-region-b.glb
 create mode 100644 assets/art-library/designs/environment.planet.gas-giant/revisions/r006/gas-giant-moon-1/source-r003/crater-broken.glb
 create mode 100644 assets/art-library/designs/environment.planet.gas-giant/revisions/r006/gas-giant-moon-1/source-r003/crater-large.glb
 create mode 100644 assets/art-library/designs/environment.planet.gas-giant/revisions/r006/gas-giant-moon-1/source-r003/crater-small.glb
 create mode 100644 assets/art-library/designs/environment.planet.gas-giant/revisions/r006/gas-giant-moon-1/source-r003/fractured-shelf.glb
 create mode 100644 assets/art-library/designs/environment.planet.gas-giant/revisions/r006/gas-giant-moon-1/source-r003/generator.py
 create mode 100644 assets/art-library/designs/environment.planet.gas-giant/revisions/r006/gas-giant-moon-1/source-r003/geometry-parity.json
 create mode 100644 assets/art-library/designs/environment.planet.gas-giant/revisions/r006/gas-giant-moon-1/source-r003/ground-sphere-low.glb
 create mode 100644 assets/art-library/designs/environment.planet.gas-giant/revisions/r006/gas-giant-moon-1/source-r003/ground-sphere-medium.glb
 create mode 100644 assets/art-library/designs/environment.planet.gas-giant/revisions/r006/gas-giant-moon-1/source-r003/ground-sphere.glb
 create mode 100644 assets/art-library/designs/environment.planet.gas-giant/revisions/r006/gas-giant-moon-1/source-r003/interpretation.json
 create mode 100644 assets/art-library/designs/environment.planet.gas-giant/revisions/r006/gas-giant-moon-1/source-r003/kit-preview.png
 create mode 100644 assets/art-library/designs/environment.planet.gas-giant/revisions/r006/gas-giant-moon-1/source-r003/kit.blend
 create mode 100644 assets/art-library/designs/environment.planet.gas-giant/revisions/r006/gas-giant-moon-1/source-r003/kit.json
 create mode 100644 assets/art-library/designs/environment.planet.gas-giant/revisions/r006/gas-giant-moon-1/source-r003/mineral-seam.glb
 create mode 100644 assets/art-library/designs/environment.planet.gas-giant/revisions/r006/gas-giant-moon-1/source-r003/rocky-0-albedo.png
 create mode 100644 assets/art-library/designs/environment.planet.gas-giant/revisions/r006/gas-giant-moon-1/source-r003/rocky-0-orm.png
 create mode 100644 assets/art-library/designs/environment.planet.gas-giant/revisions/r006/gas-giant-moon-1/source-r003/rocky-1-albedo.png
 create mode 100644 assets/art-library/designs/environment.planet.gas-giant/revisions/r006/gas-giant-moon-1/source-r003/rocky-1-orm.png
 create mode 100644 assets/art-library/designs/environment.planet.gas-giant/revisions/r006/gas-giant-moon-1/source-r003/rocky-2-albedo.png
 create mode 100644 assets/art-library/designs/environment.planet.gas-giant/revisions/r006/gas-giant-moon-1/source-r003/rocky-2-orm.png
 create mode 100644 assets/art-library/designs/environment.planet.gas-giant/revisions/r006/gas-giant-moon-1/source-r003/rocky-3-albedo.png
 create mode 100644 assets/art-library/designs/environment.planet.gas-giant/revisions/r006/gas-giant-moon-1/source-r003/rocky-3-orm.png
 create mode 100644 assets/art-library/designs/environment.planet.gas-giant/revisions/r006/gas-giant-moon-1/source-r003/rocky-4-albedo.png
 create mode 100644 assets/art-library/designs/environment.planet.gas-giant/revisions/r006/gas-giant-moon-1/source-r003/rocky-4-orm.png
 create mode 100644 assets/art-library/designs/environment.planet.gas-giant/revisions/r006/gas-giant-moon-1/source-r003/rocky-5-albedo.png
 create mode 100644 assets/art-library/designs/environment.planet.gas-giant/revisions/r006/gas-giant-moon-1/source-r003/rocky-5-orm.png
 create mode 100644 assets/art-library/designs/environment.planet.gas-giant/revisions/r006/gas-giant-moon-1/source-r003/rocky-6-albedo.png
 create mode 100644 assets/art-library/designs/environment.planet.gas-giant/revisions/r006/gas-giant-moon-1/source-r003/rocky-6-orm.png
 create mode 100644 assets/art-library/designs/environment.planet.gas-giant/revisions/r006/gas-giant-moon-1/source-r003/rocky-7-albedo.png
 create mode 100644 assets/art-library/designs/environment.planet.gas-giant/revisions/r006/gas-giant-moon-1/source-r003/rocky-7-orm.png
 create mode 100644 assets/art-library/designs/environment.planet.gas-giant/revisions/r006/gas-giant-moon-1/source-r003/validation.json
 create mode 100644 assets/art-library/designs/environment.planet.gas-giant/revisions/r006/gas-giant-moon-1/source-r004/angular-outcrops.glb
 create mode 100644 assets/art-library/designs/environment.planet.gas-giant/revisions/r006/gas-giant-moon-1/source-r004/battered-region-a.glb
 create mode 100644 assets/art-library/designs/environment.planet.gas-giant/revisions/r006/gas-giant-moon-1/source-r004/battered-region-b.glb
 create mode 100644 assets/art-library/designs/environment.planet.gas-giant/revisions/r006/gas-giant-moon-1/source-r004/crater-broken.glb
 create mode 100644 assets/art-library/designs/environment.planet.gas-giant/revisions/r006/gas-giant-moon-1/source-r004/crater-large.glb
 create mode 100644 assets/art-library/designs/environment.planet.gas-giant/revisions/r006/gas-giant-moon-1/source-r004/crater-small.glb
 create mode 100644 assets/art-library/designs/environment.planet.gas-giant/revisions/r006/gas-giant-moon-1/source-r004/fractured-shelf.glb
 create mode 100644 assets/art-library/designs/environment.planet.gas-giant/revisions/r006/gas-giant-moon-1/source-r004/generator.py
 create mode 100644 assets/art-library/designs/environment.planet.gas-giant/revisions/r006/gas-giant-moon-1/source-r004/geometry-parity.json
 create mode 100644 assets/art-library/designs/environment.planet.gas-giant/revisions/r006/gas-giant-moon-1/source-r004/ground-sphere-low.glb
 create mode 100644 assets/art-library/designs/environment.planet.gas-giant/revisions/r006/gas-giant-moon-1/source-r004/ground-sphere-medium.glb
 create mode 100644 assets/art-library/designs/environment.planet.gas-giant/revisions/r006/gas-giant-moon-1/source-r004/ground-sphere.glb
 create mode 100644 assets/art-library/designs/environment.planet.gas-giant/revisions/r006/gas-giant-moon-1/source-r004/interpretation.json
 create mode 100644 assets/art-library/designs/environment.planet.gas-giant/revisions/r006/gas-giant-moon-1/source-r004/kit-preview.png
 create mode 100644 assets/art-library/designs/environment.planet.gas-giant/revisions/r006/gas-giant-moon-1/source-r004/kit.blend
 create mode 100644 assets/art-library/designs/environment.planet.gas-giant/revisions/r006/gas-giant-moon-1/source-r004/kit.json
 create mode 100644 assets/art-library/designs/environment.planet.gas-giant/revisions/r006/gas-giant-moon-1/source-r004/metadata-correction.json
 create mode 100644 assets/art-library/designs/environment.planet.gas-giant/revisions/r006/gas-giant-moon-1/source-r004/mineral-seam.glb
 create mode 100644 assets/art-library/designs/environment.planet.gas-giant/revisions/r006/gas-giant-moon-1/source-r004/revision-notes.md
 create mode 100644 assets/art-library/designs/environment.planet.gas-giant/revisions/r006/gas-giant-moon-1/source-r004/rocky-0-albedo.png
 create mode 100644 assets/art-library/designs/environment.planet.gas-giant/revisions/r006/gas-giant-moon-1/source-r004/rocky-0-orm.png
 create mode 100644 assets/art-library/designs/environment.planet.gas-giant/revisions/r006/gas-giant-moon-1/source-r004/rocky-1-albedo.png
 create mode 100644 assets/art-library/designs/environment.planet.gas-giant/revisions/r006/gas-giant-moon-1/source-r004/rocky-1-orm.png
 create mode 100644 assets/art-library/designs/environment.planet.gas-giant/revisions/r006/gas-giant-moon-1/source-r004/rocky-2-albedo.png
 create mode 100644 assets/art-library/designs/environment.planet.gas-giant/revisions/r006/gas-giant-moon-1/source-r004/rocky-2-orm.png
 create mode 100644 assets/art-library/designs/environment.planet.gas-giant/revisions/r006/gas-giant-moon-1/source-r004/rocky-3-albedo.png
 create mode 100644 assets/art-library/designs/environment.planet.gas-giant/revisions/r006/gas-giant-moon-1/source-r004/rocky-3-orm.png
 create mode 100644 assets/art-library/designs/environment.planet.gas-giant/revisions/r006/gas-giant-moon-1/source-r004/rocky-4-albedo.png
 create mode 100644 assets/art-library/designs/environment.planet.gas-giant/revisions/r006/gas-giant-moon-1/source-r004/rocky-4-orm.png
 create mode 100644 assets/art-library/designs/environment.planet.gas-giant/revisions/r006/gas-giant-moon-1/source-r004/rocky-5-albedo.png
 create mode 100644 assets/art-library/designs/environment.planet.gas-giant/revisions/r006/gas-giant-moon-1/source-r004/rocky-5-orm.png
 create mode 100644 assets/art-library/designs/environment.planet.gas-giant/revisions/r006/gas-giant-moon-1/source-r004/rocky-6-albedo.png
 create mode 100644 assets/art-library/designs/environment.planet.gas-giant/revisions/r006/gas-giant-moon-1/source-r004/rocky-6-orm.png
 create mode 100644 assets/art-library/designs/environment.planet.gas-giant/revisions/r006/gas-giant-moon-1/source-r004/rocky-7-albedo.png
 create mode 100644 assets/art-library/designs/environment.planet.gas-giant/revisions/r006/gas-giant-moon-1/source-r004/rocky-7-orm.png
 create mode 100644 assets/art-library/designs/environment.planet.gas-giant/revisions/r006/gas-giant-moon-1/source-r004/validation.json
 create mode 100644 assets/art-library/designs/environment.planet.gas-giant/revisions/r006/gas-giant-moon-2/source-r001/angular-outcrops.glb
 create mode 100644 assets/art-library/designs/environment.planet.gas-giant/revisions/r006/gas-giant-moon-2/source-r001/battered-region-a.glb
 create mode 100644 assets/art-library/designs/environment.planet.gas-giant/revisions/r006/gas-giant-moon-2/source-r001/battered-region-b.glb
 create mode 100644 assets/art-library/designs/environment.planet.gas-giant/revisions/r006/gas-giant-moon-2/source-r001/build_solid_moon_native_variants_r001.py
 create mode 100644 assets/art-library/designs/environment.planet.gas-giant/revisions/r006/gas-giant-moon-2/source-r001/corrected-seed38-angle2.png
 create mode 100644 assets/art-library/designs/environment.planet.gas-giant/revisions/r006/gas-giant-moon-2/source-r001/corrected-seed38-capture.log
 create mode 100644 assets/art-library/designs/environment.planet.gas-giant/revisions/r006/gas-giant-moon-2/source-r001/corrected-seed38-reference-scale.png
 create mode 100644 assets/art-library/designs/environment.planet.gas-giant/revisions/r006/gas-giant-moon-2/source-r001/corrected-seed38.json
 create mode 100644 assets/art-library/designs/environment.planet.gas-giant/revisions/r006/gas-giant-moon-2/source-r001/corrected-seed38.png
 create mode 100644 assets/art-library/designs/environment.planet.gas-giant/revisions/r006/gas-giant-moon-2/source-r001/crater-broken.glb
 create mode 100644 assets/art-library/designs/environment.planet.gas-giant/revisions/r006/gas-giant-moon-2/source-r001/crater-large.glb
 create mode 100644 assets/art-library/designs/environment.planet.gas-giant/revisions/r006/gas-giant-moon-2/source-r001/crater-small.glb
 create mode 100644 assets/art-library/designs/environment.planet.gas-giant/revisions/r006/gas-giant-moon-2/source-r001/exact-reference.png
 create mode 100644 assets/art-library/designs/environment.planet.gas-giant/revisions/r006/gas-giant-moon-2/source-r001/foundation-source.py
 create mode 100644 assets/art-library/designs/environment.planet.gas-giant/revisions/r006/gas-giant-moon-2/source-r001/fractured-shelf.glb
 create mode 100644 assets/art-library/designs/environment.planet.gas-giant/revisions/r006/gas-giant-moon-2/source-r001/generator.py
 create mode 100644 assets/art-library/designs/environment.planet.gas-giant/revisions/r006/gas-giant-moon-2/source-r001/ground-sphere-low.glb
 create mode 100644 assets/art-library/designs/environment.planet.gas-giant/revisions/r006/gas-giant-moon-2/source-r001/ground-sphere-medium.glb
 create mode 100644 assets/art-library/designs/environment.planet.gas-giant/revisions/r006/gas-giant-moon-2/source-r001/ground-sphere.glb
 create mode 100644 assets/art-library/designs/environment.planet.gas-giant/revisions/r006/gas-giant-moon-2/source-r001/kit-preview.png
 create mode 100644 assets/art-library/designs/environment.planet.gas-giant/revisions/r006/gas-giant-moon-2/source-r001/kit.blend
 create mode 100644 assets/art-library/designs/environment.planet.gas-giant/revisions/r006/gas-giant-moon-2/source-r001/kit.json
 create mode 100644 assets/art-library/designs/environment.planet.gas-giant/revisions/r006/gas-giant-moon-2/source-r001/mineral-seam.glb
 create mode 100644 assets/art-library/designs/environment.planet.gas-giant/revisions/r006/gas-giant-moon-2/source-r001/revision-notes.md
 create mode 100644 assets/art-library/designs/environment.planet.gas-giant/revisions/r006/gas-giant-moon-2/source-r001/rocky-0-albedo.png
 create mode 100644 assets/art-library/designs/environment.planet.gas-giant/revisions/r006/gas-giant-moon-2/source-r001/rocky-0-orm.png
 create mode 100644 assets/art-library/designs/environment.planet.gas-giant/revisions/r006/gas-giant-moon-2/source-r001/rocky-1-albedo.png
 create mode 100644 assets/art-library/designs/environment.planet.gas-giant/revisions/r006/gas-giant-moon-2/source-r001/rocky-1-orm.png
 create mode 100644 assets/art-library/designs/environment.planet.gas-giant/revisions/r006/gas-giant-moon-2/source-r001/rocky-2-albedo.png
 create mode 100644 assets/art-library/designs/environment.planet.gas-giant/revisions/r006/gas-giant-moon-2/source-r001/rocky-2-orm.png
 create mode 100644 assets/art-library/designs/environment.planet.gas-giant/revisions/r006/gas-giant-moon-2/source-r001/rocky-3-albedo.png
 create mode 100644 assets/art-library/designs/environment.planet.gas-giant/revisions/r006/gas-giant-moon-2/source-r001/rocky-3-orm.png
 create mode 100644 assets/art-library/designs/environment.planet.gas-giant/revisions/r006/gas-giant-moon-2/source-r001/rocky-4-albedo.png
 create mode 100644 assets/art-library/designs/environment.planet.gas-giant/revisions/r006/gas-giant-moon-2/source-r001/rocky-4-orm.png
 create mode 100644 assets/art-library/designs/environment.planet.gas-giant/revisions/r006/gas-giant-moon-2/source-r001/rocky-5-albedo.png
 create mode 100644 assets/art-library/designs/environment.planet.gas-giant/revisions/r006/gas-giant-moon-2/source-r001/rocky-5-orm.png
 create mode 100644 assets/art-library/designs/environment.planet.gas-giant/revisions/r006/gas-giant-moon-2/source-r001/solid_moon_reference_composition_r001.test.ts
 create mode 100644 assets/art-library/designs/environment.planet.gas-giant/revisions/r006/gas-giant-moon-2/source-r001/solid_moon_reference_composition_r001.ts
 create mode 100644 assets/art-library/designs/environment.planet.gas-giant/revisions/r006/gas-giant-moon-2/source-r001/solid_moon_reference_r001.tsconfig.json
 create mode 100644 assets/art-library/designs/environment.planet.gas-giant/revisions/r006/gas-giant-moon-2/source-r001/solid_moon_reference_r001.vitest.config.ts
 create mode 100644 assets/art-library/designs/environment.planet.gas-giant/revisions/r006/gas-giant-moon-2/source-r001/validation.json
 create mode 100644 assets/art-library/designs/environment.planet.gas-giant/revisions/r006/gas-giant-moon-2/source-r001/variant-recipe.json
 create mode 100644 assets/art-library/designs/environment.planet.gas-giant/revisions/r006/gas-giant-moon-3/source-r001/angular-outcrops.glb
 create mode 100644 assets/art-library/designs/environment.planet.gas-giant/revisions/r006/gas-giant-moon-3/source-r001/battered-region-a.glb
 create mode 100644 assets/art-library/designs/environment.planet.gas-giant/revisions/r006/gas-giant-moon-3/source-r001/battered-region-b.glb
 create mode 100644 assets/art-library/designs/environment.planet.gas-giant/revisions/r006/gas-giant-moon-3/source-r001/build_solid_moon_native_variants_r001.py
 create mode 100644 assets/art-library/designs/environment.planet.gas-giant/revisions/r006/gas-giant-moon-3/source-r001/corrected-seed38-angle2.png
 create mode 100644 assets/art-library/designs/environment.planet.gas-giant/revisions/r006/gas-giant-moon-3/source-r001/corrected-seed38-capture.log
 create mode 100644 assets/art-library/designs/environment.planet.gas-giant/revisions/r006/gas-giant-moon-3/source-r001/corrected-seed38-reference-scale.png
 create mode 100644 assets/art-library/designs/environment.planet.gas-giant/revisions/r006/gas-giant-moon-3/source-r001/corrected-seed38.json
 create mode 100644 assets/art-library/designs/environment.planet.gas-giant/revisions/r006/gas-giant-moon-3/source-r001/corrected-seed38.png
 create mode 100644 assets/art-library/designs/environment.planet.gas-giant/revisions/r006/gas-giant-moon-3/source-r001/crater-broken.glb
 create mode 100644 assets/art-library/designs/environment.planet.gas-giant/revisions/r006/gas-giant-moon-3/source-r001/crater-large.glb
 create mode 100644 assets/art-library/designs/environment.planet.gas-giant/revisions/r006/gas-giant-moon-3/source-r001/crater-small.glb
 create mode 100644 assets/art-library/designs/environment.planet.gas-giant/revisions/r006/gas-giant-moon-3/source-r001/exact-reference.png
 create mode 100644 assets/art-library/designs/environment.planet.gas-giant/revisions/r006/gas-giant-moon-3/source-r001/foundation-source.py
 create mode 100644 assets/art-library/designs/environment.planet.gas-giant/revisions/r006/gas-giant-moon-3/source-r001/fractured-shelf.glb
 create mode 100644 assets/art-library/designs/environment.planet.gas-giant/revisions/r006/gas-giant-moon-3/source-r001/generator.py
 create mode 100644 assets/art-library/designs/environment.planet.gas-giant/revisions/r006/gas-giant-moon-3/source-r001/ground-sphere-low.glb
 create mode 100644 assets/art-library/designs/environment.planet.gas-giant/revisions/r006/gas-giant-moon-3/source-r001/ground-sphere-medium.glb
 create mode 100644 assets/art-library/designs/environment.planet.gas-giant/revisions/r006/gas-giant-moon-3/source-r001/ground-sphere.glb
 create mode 100644 assets/art-library/designs/environment.planet.gas-giant/revisions/r006/gas-giant-moon-3/source-r001/kit-preview.png
 create mode 100644 assets/art-library/designs/environment.planet.gas-giant/revisions/r006/gas-giant-moon-3/source-r001/kit.blend
 create mode 100644 assets/art-library/designs/environment.planet.gas-giant/revisions/r006/gas-giant-moon-3/source-r001/kit.json
 create mode 100644 assets/art-library/designs/environment.planet.gas-giant/revisions/r006/gas-giant-moon-3/source-r001/mineral-seam.glb
 create mode 100644 assets/art-library/designs/environment.planet.gas-giant/revisions/r006/gas-giant-moon-3/source-r001/parent-light-diagnostic-angle1.png
 create mode 100644 assets/art-library/designs/environment.planet.gas-giant/revisions/r006/gas-giant-moon-3/source-r001/parent-light-diagnostic-angle2.png
 create mode 100644 assets/art-library/designs/environment.planet.gas-giant/revisions/r006/gas-giant-moon-3/source-r001/parent-light-diagnostic-reference-scale.png
 create mode 100644 assets/art-library/designs/environment.planet.gas-giant/revisions/r006/gas-giant-moon-3/source-r001/parent-light-diagnostic.json
 create mode 100644 assets/art-library/designs/environment.planet.gas-giant/revisions/r006/gas-giant-moon-3/source-r001/parent-light-diagnostic.log
 create mode 100644 assets/art-library/designs/environment.planet.gas-giant/revisions/r006/gas-giant-moon-3/source-r001/revision-notes.md
 create mode 100644 assets/art-library/designs/environment.planet.gas-giant/revisions/r006/gas-giant-moon-3/source-r001/rocky-0-albedo.png
 create mode 100644 assets/art-library/designs/environment.planet.gas-giant/revisions/r006/gas-giant-moon-3/source-r001/rocky-0-orm.png
 create mode 100644 assets/art-library/designs/environment.planet.gas-giant/revisions/r006/gas-giant-moon-3/source-r001/rocky-1-albedo.png
 create mode 100644 assets/art-library/designs/environment.planet.gas-giant/revisions/r006/gas-giant-moon-3/source-r001/rocky-1-orm.png
 create mode 100644 assets/art-library/designs/environment.planet.gas-giant/revisions/r006/gas-giant-moon-3/source-r001/rocky-2-albedo.png
 create mode 100644 assets/art-library/designs/environment.planet.gas-giant/revisions/r006/gas-giant-moon-3/source-r001/rocky-2-orm.png
 create mode 100644 assets/art-library/designs/environment.planet.gas-giant/revisions/r006/gas-giant-moon-3/source-r001/rocky-3-albedo.png
 create mode 100644 assets/art-library/designs/environment.planet.gas-giant/revisions/r006/gas-giant-moon-3/source-r001/rocky-3-orm.png
 create mode 100644 assets/art-library/designs/environment.planet.gas-giant/revisions/r006/gas-giant-moon-3/source-r001/rocky-4-albedo.png
 create mode 100644 assets/art-library/designs/environment.planet.gas-giant/revisions/r006/gas-giant-moon-3/source-r001/rocky-4-orm.png
 create mode 100644 assets/art-library/designs/environment.planet.gas-giant/revisions/r006/gas-giant-moon-3/source-r001/rocky-5-albedo.png
 create mode 100644 assets/art-library/designs/environment.planet.gas-giant/revisions/r006/gas-giant-moon-3/source-r001/rocky-5-orm.png
 create mode 100644 assets/art-library/designs/environment.planet.gas-giant/revisions/r006/gas-giant-moon-3/source-r001/solid_moon_reference_composition_r001.test.ts
 create mode 100644 assets/art-library/designs/environment.planet.gas-giant/revisions/r006/gas-giant-moon-3/source-r001/solid_moon_reference_composition_r001.ts
 create mode 100644 assets/art-library/designs/environment.planet.gas-giant/revisions/r006/gas-giant-moon-3/source-r001/solid_moon_reference_r001.tsconfig.json
 create mode 100644 assets/art-library/designs/environment.planet.gas-giant/revisions/r006/gas-giant-moon-3/source-r001/solid_moon_reference_r001.vitest.config.ts
 create mode 100644 assets/art-library/designs/environment.planet.gas-giant/revisions/r006/gas-giant-moon-3/source-r001/validation.json
 create mode 100644 assets/art-library/designs/environment.planet.gas-giant/revisions/r006/gas-giant-moon-3/source-r001/variant-recipe.json
 create mode 100644 assets/art-library/designs/environment.planet.gas-giant/revisions/r006/gas-giant-moon-3/source-r002/angular-outcrops.glb
 create mode 100644 assets/art-library/designs/environment.planet.gas-giant/revisions/r006/gas-giant-moon-3/source-r002/battered-region-a.glb
 create mode 100644 assets/art-library/designs/environment.planet.gas-giant/revisions/r006/gas-giant-moon-3/source-r002/battered-region-b.glb
 create mode 100644 assets/art-library/designs/environment.planet.gas-giant/revisions/r006/gas-giant-moon-3/source-r002/corrected-run.log
 create mode 100644 assets/art-library/designs/environment.planet.gas-giant/revisions/r006/gas-giant-moon-3/source-r002/corrected-seed38-angle2.png
 create mode 100644 assets/art-library/designs/environment.planet.gas-giant/revisions/r006/gas-giant-moon-3/source-r002/corrected-seed38-capture.log
 create mode 100644 assets/art-library/designs/environment.planet.gas-giant/revisions/r006/gas-giant-moon-3/source-r002/corrected-seed38-reference-scale.png
 create mode 100644 assets/art-library/designs/environment.planet.gas-giant/revisions/r006/gas-giant-moon-3/source-r002/corrected-seed38.json
 create mode 100644 assets/art-library/designs/environment.planet.gas-giant/revisions/r006/gas-giant-moon-3/source-r002/corrected-seed38.png
 create mode 100644 assets/art-library/designs/environment.planet.gas-giant/revisions/r006/gas-giant-moon-3/source-r002/crater-broken.glb
 create mode 100644 assets/art-library/designs/environment.planet.gas-giant/revisions/r006/gas-giant-moon-3/source-r002/crater-large.glb
 create mode 100644 assets/art-library/designs/environment.planet.gas-giant/revisions/r006/gas-giant-moon-3/source-r002/crater-small.glb
 create mode 100644 assets/art-library/designs/environment.planet.gas-giant/revisions/r006/gas-giant-moon-3/source-r002/fractured-shelf.glb
 create mode 100644 assets/art-library/designs/environment.planet.gas-giant/revisions/r006/gas-giant-moon-3/source-r002/generator.py
 create mode 100644 assets/art-library/designs/environment.planet.gas-giant/revisions/r006/gas-giant-moon-3/source-r002/geometry-parity.json
 create mode 100644 assets/art-library/designs/environment.planet.gas-giant/revisions/r006/gas-giant-moon-3/source-r002/ground-sphere-low.glb
 create mode 100644 assets/art-library/designs/environment.planet.gas-giant/revisions/r006/gas-giant-moon-3/source-r002/ground-sphere-medium.glb
 create mode 100644 assets/art-library/designs/environment.planet.gas-giant/revisions/r006/gas-giant-moon-3/source-r002/ground-sphere.glb
 create mode 100644 assets/art-library/designs/environment.planet.gas-giant/revisions/r006/gas-giant-moon-3/source-r002/interpretation.json
 create mode 100644 assets/art-library/designs/environment.planet.gas-giant/revisions/r006/gas-giant-moon-3/source-r002/kit-preview.png
 create mode 100644 assets/art-library/designs/environment.planet.gas-giant/revisions/r006/gas-giant-moon-3/source-r002/kit.blend
 create mode 100644 assets/art-library/designs/environment.planet.gas-giant/revisions/r006/gas-giant-moon-3/source-r002/kit.json
 create mode 100644 assets/art-library/designs/environment.planet.gas-giant/revisions/r006/gas-giant-moon-3/source-r002/mineral-seam.glb
 create mode 100644 assets/art-library/designs/environment.planet.gas-giant/revisions/r006/gas-giant-moon-3/source-r002/rocky-0-albedo.png
 create mode 100644 assets/art-library/designs/environment.planet.gas-giant/revisions/r006/gas-giant-moon-3/source-r002/rocky-0-orm.png
 create mode 100644 assets/art-library/designs/environment.planet.gas-giant/revisions/r006/gas-giant-moon-3/source-r002/rocky-1-albedo.png
 create mode 100644 assets/art-library/designs/environment.planet.gas-giant/revisions/r006/gas-giant-moon-3/source-r002/rocky-1-orm.png
 create mode 100644 assets/art-library/designs/environment.planet.gas-giant/revisions/r006/gas-giant-moon-3/source-r002/rocky-2-albedo.png
 create mode 100644 assets/art-library/designs/environment.planet.gas-giant/revisions/r006/gas-giant-moon-3/source-r002/rocky-2-orm.png
 create mode 100644 assets/art-library/designs/environment.planet.gas-giant/revisions/r006/gas-giant-moon-3/source-r002/rocky-3-albedo.png
 create mode 100644 assets/art-library/designs/environment.planet.gas-giant/revisions/r006/gas-giant-moon-3/source-r002/rocky-3-orm.png
 create mode 100644 assets/art-library/designs/environment.planet.gas-giant/revisions/r006/gas-giant-moon-3/source-r002/rocky-4-albedo.png
 create mode 100644 assets/art-library/designs/environment.planet.gas-giant/revisions/r006/gas-giant-moon-3/source-r002/rocky-4-orm.png
 create mode 100644 assets/art-library/designs/environment.planet.gas-giant/revisions/r006/gas-giant-moon-3/source-r002/rocky-5-albedo.png
 create mode 100644 assets/art-library/designs/environment.planet.gas-giant/revisions/r006/gas-giant-moon-3/source-r002/rocky-5-orm.png
 create mode 100644 assets/art-library/designs/environment.planet.gas-giant/revisions/r006/gas-giant-moon-3/source-r002/rocky-6-albedo.png
 create mode 100644 assets/art-library/designs/environment.planet.gas-giant/revisions/r006/gas-giant-moon-3/source-r002/rocky-6-orm.png
 create mode 100644 assets/art-library/designs/environment.planet.gas-giant/revisions/r006/gas-giant-moon-3/source-r002/rocky-7-albedo.png
 create mode 100644 assets/art-library/designs/environment.planet.gas-giant/revisions/r006/gas-giant-moon-3/source-r002/rocky-7-orm.png
 create mode 100644 assets/art-library/designs/environment.planet.gas-giant/revisions/r006/gas-giant-moon-3/source-r002/validation.json
 create mode 100644 assets/art-library/designs/environment.planet.gas-giant/revisions/r006/gas-giant-moon-3/source-r003/angular-outcrops.glb
 create mode 100644 assets/art-library/designs/environment.planet.gas-giant/revisions/r006/gas-giant-moon-3/source-r003/battered-region-a.glb
 create mode 100644 assets/art-library/designs/environment.planet.gas-giant/revisions/r006/gas-giant-moon-3/source-r003/battered-region-b.glb
 create mode 100644 assets/art-library/designs/environment.planet.gas-giant/revisions/r006/gas-giant-moon-3/source-r003/crater-broken.glb
 create mode 100644 assets/art-library/designs/environment.planet.gas-giant/revisions/r006/gas-giant-moon-3/source-r003/crater-large.glb
 create mode 100644 assets/art-library/designs/environment.planet.gas-giant/revisions/r006/gas-giant-moon-3/source-r003/crater-small.glb
 create mode 100644 assets/art-library/designs/environment.planet.gas-giant/revisions/r006/gas-giant-moon-3/source-r003/fractured-shelf.glb
 create mode 100644 assets/art-library/designs/environment.planet.gas-giant/revisions/r006/gas-giant-moon-3/source-r003/generator.py
 create mode 100644 assets/art-library/designs/environment.planet.gas-giant/revisions/r006/gas-giant-moon-3/source-r003/geometry-parity.json
 create mode 100644 assets/art-library/designs/environment.planet.gas-giant/revisions/r006/gas-giant-moon-3/source-r003/ground-sphere-low.glb
 create mode 100644 assets/art-library/designs/environment.planet.gas-giant/revisions/r006/gas-giant-moon-3/source-r003/ground-sphere-medium.glb
 create mode 100644 assets/art-library/designs/environment.planet.gas-giant/revisions/r006/gas-giant-moon-3/source-r003/ground-sphere.glb
 create mode 100644 assets/art-library/designs/environment.planet.gas-giant/revisions/r006/gas-giant-moon-3/source-r003/interpretation.json
 create mode 100644 assets/art-library/designs/environment.planet.gas-giant/revisions/r006/gas-giant-moon-3/source-r003/kit-preview.png
 create mode 100644 assets/art-library/designs/environment.planet.gas-giant/revisions/r006/gas-giant-moon-3/source-r003/kit.blend
 create mode 100644 assets/art-library/designs/environment.planet.gas-giant/revisions/r006/gas-giant-moon-3/source-r003/kit.json
 create mode 100644 assets/art-library/designs/environment.planet.gas-giant/revisions/r006/gas-giant-moon-3/source-r003/mineral-seam.glb
 create mode 100644 assets/art-library/designs/environment.planet.gas-giant/revisions/r006/gas-giant-moon-3/source-r003/rocky-0-albedo.png
 create mode 100644 assets/art-library/designs/environment.planet.gas-giant/revisions/r006/gas-giant-moon-3/source-r003/rocky-0-orm.png
 create mode 100644 assets/art-library/designs/environment.planet.gas-giant/revisions/r006/gas-giant-moon-3/source-r003/rocky-1-albedo.png
 create mode 100644 assets/art-library/designs/environment.planet.gas-giant/revisions/r006/gas-giant-moon-3/source-r003/rocky-1-orm.png
 create mode 100644 assets/art-library/designs/environment.planet.gas-giant/revisions/r006/gas-giant-moon-3/source-r003/rocky-2-albedo.png
 create mode 100644 assets/art-library/designs/environment.planet.gas-giant/revisions/r006/gas-giant-moon-3/source-r003/rocky-2-orm.png
 create mode 100644 assets/art-library/designs/environment.planet.gas-giant/revisions/r006/gas-giant-moon-3/source-r003/rocky-3-albedo.png
 create mode 100644 assets/art-library/designs/environment.planet.gas-giant/revisions/r006/gas-giant-moon-3/source-r003/rocky-3-orm.png
 create mode 100644 assets/art-library/designs/environment.planet.gas-giant/revisions/r006/gas-giant-moon-3/source-r003/rocky-4-albedo.png
 create mode 100644 assets/art-library/designs/environment.planet.gas-giant/revisions/r006/gas-giant-moon-3/source-r003/rocky-4-orm.png
 create mode 100644 assets/art-library/designs/environment.planet.gas-giant/revisions/r006/gas-giant-moon-3/source-r003/rocky-5-albedo.png
 create mode 100644 assets/art-library/designs/environment.planet.gas-giant/revisions/r006/gas-giant-moon-3/source-r003/rocky-5-orm.png
 create mode 100644 assets/art-library/designs/environment.planet.gas-giant/revisions/r006/gas-giant-moon-3/source-r003/rocky-6-albedo.png
 create mode 100644 assets/art-library/designs/environment.planet.gas-giant/revisions/r006/gas-giant-moon-3/source-r003/rocky-6-orm.png
 create mode 100644 assets/art-library/designs/environment.planet.gas-giant/revisions/r006/gas-giant-moon-3/source-r003/rocky-7-albedo.png
 create mode 100644 assets/art-library/designs/environment.planet.gas-giant/revisions/r006/gas-giant-moon-3/source-r003/rocky-7-orm.png
 create mode 100644 assets/art-library/designs/environment.planet.gas-giant/revisions/r006/gas-giant-moon-3/source-r003/validation.json
 create mode 100644 assets/art-library/designs/environment.planet.gas-giant/revisions/r006/gas-giant-moon-3/source-r004/angular-outcrops.glb
 create mode 100644 assets/art-library/designs/environment.planet.gas-giant/revisions/r006/gas-giant-moon-3/source-r004/battered-region-a.glb
 create mode 100644 assets/art-library/designs/environment.planet.gas-giant/revisions/r006/gas-giant-moon-3/source-r004/battered-region-b.glb
 create mode 100644 assets/art-library/designs/environment.planet.gas-giant/revisions/r006/gas-giant-moon-3/source-r004/crater-broken.glb
 create mode 100644 assets/art-library/designs/environment.planet.gas-giant/revisions/r006/gas-giant-moon-3/source-r004/crater-large.glb
 create mode 100644 assets/art-library/designs/environment.planet.gas-giant/revisions/r006/gas-giant-moon-3/source-r004/crater-small.glb
 create mode 100644 assets/art-library/designs/environment.planet.gas-giant/revisions/r006/gas-giant-moon-3/source-r004/fractured-shelf.glb
 create mode 100644 assets/art-library/designs/environment.planet.gas-giant/revisions/r006/gas-giant-moon-3/source-r004/generator.py
 create mode 100644 assets/art-library/designs/environment.planet.gas-giant/revisions/r006/gas-giant-moon-3/source-r004/geometry-parity.json
 create mode 100644 assets/art-library/designs/environment.planet.gas-giant/revisions/r006/gas-giant-moon-3/source-r004/ground-sphere-low.glb
 create mode 100644 assets/art-library/designs/environment.planet.gas-giant/revisions/r006/gas-giant-moon-3/source-r004/ground-sphere-medium.glb
 create mode 100644 assets/art-library/designs/environment.planet.gas-giant/revisions/r006/gas-giant-moon-3/source-r004/ground-sphere.glb
 create mode 100644 assets/art-library/designs/environment.planet.gas-giant/revisions/r006/gas-giant-moon-3/source-r004/interpretation.json
 create mode 100644 assets/art-library/designs/environment.planet.gas-giant/revisions/r006/gas-giant-moon-3/source-r004/kit-preview.png
 create mode 100644 assets/art-library/designs/environment.planet.gas-giant/revisions/r006/gas-giant-moon-3/source-r004/kit.blend
 create mode 100644 assets/art-library/designs/environment.planet.gas-giant/revisions/r006/gas-giant-moon-3/source-r004/kit.json
 create mode 100644 assets/art-library/designs/environment.planet.gas-giant/revisions/r006/gas-giant-moon-3/source-r004/metadata-correction.json
 create mode 100644 assets/art-library/designs/environment.planet.gas-giant/revisions/r006/gas-giant-moon-3/source-r004/mineral-seam.glb
 create mode 100644 assets/art-library/designs/environment.planet.gas-giant/revisions/r006/gas-giant-moon-3/source-r004/revision-notes.md
 create mode 100644 assets/art-library/designs/environment.planet.gas-giant/revisions/r006/gas-giant-moon-3/source-r004/rocky-0-albedo.png
 create mode 100644 assets/art-library/designs/environment.planet.gas-giant/revisions/r006/gas-giant-moon-3/source-r004/rocky-0-orm.png
 create mode 100644 assets/art-library/designs/environment.planet.gas-giant/revisions/r006/gas-giant-moon-3/source-r004/rocky-1-albedo.png
 create mode 100644 assets/art-library/designs/environment.planet.gas-giant/revisions/r006/gas-giant-moon-3/source-r004/rocky-1-orm.png
 create mode 100644 assets/art-library/designs/environment.planet.gas-giant/revisions/r006/gas-giant-moon-3/source-r004/rocky-2-albedo.png
 create mode 100644 assets/art-library/designs/environment.planet.gas-giant/revisions/r006/gas-giant-moon-3/source-r004/rocky-2-orm.png
 create mode 100644 assets/art-library/designs/environment.planet.gas-giant/revisions/r006/gas-giant-moon-3/source-r004/rocky-3-albedo.png
 create mode 100644 assets/art-library/designs/environment.planet.gas-giant/revisions/r006/gas-giant-moon-3/source-r004/rocky-3-orm.png
 create mode 100644 assets/art-library/designs/environment.planet.gas-giant/revisions/r006/gas-giant-moon-3/source-r004/rocky-4-albedo.png
 create mode 100644 assets/art-library/designs/environment.planet.gas-giant/revisions/r006/gas-giant-moon-3/source-r004/rocky-4-orm.png
 create mode 100644 assets/art-library/designs/environment.planet.gas-giant/revisions/r006/gas-giant-moon-3/source-r004/rocky-5-albedo.png
 create mode 100644 assets/art-library/designs/environment.planet.gas-giant/revisions/r006/gas-giant-moon-3/source-r004/rocky-5-orm.png
 create mode 100644 assets/art-library/designs/environment.planet.gas-giant/revisions/r006/gas-giant-moon-3/source-r004/rocky-6-albedo.png
 create mode 100644 assets/art-library/designs/environment.planet.gas-giant/revisions/r006/gas-giant-moon-3/source-r004/rocky-6-orm.png
 create mode 100644 assets/art-library/designs/environment.planet.gas-giant/revisions/r006/gas-giant-moon-3/source-r004/rocky-7-albedo.png
 create mode 100644 assets/art-library/designs/environment.planet.gas-giant/revisions/r006/gas-giant-moon-3/source-r004/rocky-7-orm.png
 create mode 100644 assets/art-library/designs/environment.planet.gas-giant/revisions/r006/gas-giant-moon-3/source-r004/validation.json
 create mode 100644 assets/art-library/designs/environment.planet.gas-giant/revisions/r006/manifest.json
 create mode 100644 assets/art-library/designs/environment.planet.gas-giant/revisions/r006/pre-checkpoint-design.json
 create mode 100644 assets/art-library/designs/environment.planet.gas-giant/revisions/r006/reviews/exotic-moons-r001-gas-reflection.md
 create mode 100644 assets/art-library/designs/environment.planet.gas-giant/revisions/r006/reviews/gas-moons-parent-light-diagnostic.md
 create mode 100644 assets/art-library/designs/environment.planet.gas-giant/revisions/r006/reviews/ice-volcanic-moons-r001-gas-mineral-r002.md
 create mode 100644 assets/art-library/designs/environment.planet.gas-giant/revisions/r006/reviews/six-solid-moon-variants-r001.md
 create mode 100644 assets/art-library/designs/environment.planet.ice/DESIGN.html
 create mode 100644 assets/art-library/designs/environment.planet.ice/DESIGN.md
 create mode 100644 assets/art-library/designs/environment.planet.ice/design.json
 create mode 100644 assets/art-library/designs/environment.planet.ice/revisions/r001/blender-close.png
 create mode 100644 assets/art-library/designs/environment.planet.ice/revisions/r001/blender-source.blend
 create mode 100644 assets/art-library/designs/environment.planet.ice/revisions/r001/glb.glb
 create mode 100644 assets/art-library/designs/environment.planet.ice/revisions/r001/validation.json
 create mode 100644 assets/art-library/designs/environment.planet.ice/revisions/r002/blender-close.png
 create mode 100644 assets/art-library/designs/environment.planet.ice/revisions/r002/blender-source.blend
 create mode 100644 assets/art-library/designs/environment.planet.ice/revisions/r002/glb.glb
 create mode 100644 assets/art-library/designs/environment.planet.ice/revisions/r002/recipe.py
 create mode 100644 assets/art-library/designs/environment.planet.ice/revisions/r002/validation.json
 create mode 100644 assets/art-library/designs/environment.planet.ice/revisions/r003/blender-close.png
 create mode 100644 assets/art-library/designs/environment.planet.ice/revisions/r003/blender-source.blend
 create mode 100644 assets/art-library/designs/environment.planet.ice/revisions/r003/glb.glb
 create mode 100644 assets/art-library/designs/environment.planet.ice/revisions/r003/recipe.py
 create mode 100644 assets/art-library/designs/environment.planet.ice/revisions/r003/validation.json
 create mode 100644 assets/art-library/designs/environment.planet.ice/revisions/r004/blender-close.png
 create mode 100644 assets/art-library/designs/environment.planet.ice/revisions/r004/blender-source.blend
 create mode 100644 assets/art-library/designs/environment.planet.ice/revisions/r004/blender-top.png
 create mode 100644 assets/art-library/designs/environment.planet.ice/revisions/r004/glb.glb
 create mode 100644 assets/art-library/designs/environment.planet.ice/revisions/r004/native-source.json
 create mode 100644 assets/art-library/designs/environment.planet.ice/revisions/r004/recipe.zip
 create mode 100644 assets/art-library/designs/environment.planet.ice/revisions/r004/validation.json
 create mode 100644 assets/art-library/designs/environment.planet.ice/revisions/r005/alternate-seed-9187.png
 create mode 100644 assets/art-library/designs/environment.planet.ice/revisions/r005/blender-close.png
 create mode 100644 assets/art-library/designs/environment.planet.ice/revisions/r005/blender-source.blend
 create mode 100644 assets/art-library/designs/environment.planet.ice/revisions/r005/glb.glb
 create mode 100644 assets/art-library/designs/environment.planet.ice/revisions/r005/native-source.json
 create mode 100644 assets/art-library/designs/environment.planet.ice/revisions/r005/recipe.zip
 create mode 100644 assets/art-library/designs/environment.planet.ice/revisions/r005/validation.json
 create mode 100644 assets/art-library/designs/environment.planet.ice/revisions/r006/alternate-seed-9187.png
 create mode 100644 assets/art-library/designs/environment.planet.ice/revisions/r006/blender-close.png
 create mode 100644 assets/art-library/designs/environment.planet.ice/revisions/r006/blender-source.blend
 create mode 100644 assets/art-library/designs/environment.planet.ice/revisions/r006/glb.glb
 create mode 100644 assets/art-library/designs/environment.planet.ice/revisions/r006/native-source.py
 create mode 100644 assets/art-library/designs/environment.planet.ice/revisions/r006/recipe.json
 create mode 100644 assets/art-library/designs/environment.planet.ice/revisions/r006/validation.json
 create mode 100644 assets/art-library/designs/environment.planet.ice/revisions/r007/blender-close.png
 create mode 100644 assets/art-library/designs/environment.planet.ice/revisions/r007/blender-source.blend
 create mode 100644 assets/art-library/designs/environment.planet.ice/revisions/r007/composed-9187-blender.png
 create mode 100644 assets/art-library/designs/environment.planet.ice/revisions/r007/native-source.py
 create mode 100644 assets/art-library/designs/environment.planet.ice/revisions/r008/blender-close.png
 create mode 100644 assets/art-library/designs/environment.planet.ice/revisions/r008/blender-source.blend
 create mode 100644 assets/art-library/designs/environment.planet.ice/revisions/r008/composed-131-blender.png
 create mode 100644 assets/art-library/designs/environment.planet.ice/revisions/r008/composed-9187-blender.png
 create mode 100644 assets/art-library/designs/environment.planet.ice/revisions/r008/hero-crater.blend
 create mode 100644 assets/art-library/designs/environment.planet.ice/revisions/r008/native-source.py
 create mode 100644 assets/art-library/designs/environment.planet.ice/revisions/r008/recipe.json
 create mode 100644 assets/art-library/designs/environment.planet.ice/revisions/r008/validation.json
 create mode 100644 assets/art-library/designs/environment.planet.ice/revisions/r009/blender-source.blend
 create mode 100644 assets/art-library/designs/environment.planet.ice/revisions/r009/capture-record.json
 create mode 100644 assets/art-library/designs/environment.planet.ice/revisions/r009/comparison-seed9187.png
 create mode 100644 assets/art-library/designs/environment.planet.ice/revisions/r009/comparison.png
 create mode 100644 assets/art-library/designs/environment.planet.ice/revisions/r009/native-source.py
 create mode 100644 assets/art-library/designs/environment.planet.ice/revisions/r009/recipe.json
 create mode 100644 assets/art-library/designs/environment.planet.ice/revisions/r010/blender-source.blend
 create mode 100644 assets/art-library/designs/environment.planet.ice/revisions/r010/native-source.py
 create mode 100644 assets/art-library/designs/environment.planet.ice/revisions/r011/blender-source.blend
 create mode 100644 assets/art-library/designs/environment.planet.ice/revisions/r012/blender-close.png
 create mode 100644 assets/art-library/designs/environment.planet.ice/revisions/r012/blender-source.blend
 create mode 100644 assets/art-library/designs/environment.planet.ice/revisions/r012/capture-record.json
 create mode 100644 assets/art-library/designs/environment.planet.ice/revisions/r012/comparison.png
 create mode 100644 assets/art-library/designs/environment.planet.ice/revisions/r012/composed-9187-blender.png
 create mode 100644 assets/art-library/designs/environment.planet.ice/revisions/r012/edge-profile-validation.json
 create mode 100644 assets/art-library/designs/environment.planet.ice/revisions/r012/native-ice-r012-seed9187-comparison.png
 create mode 100644 assets/art-library/designs/environment.planet.ice/revisions/r012/native-source.py
 create mode 100644 assets/art-library/designs/environment.planet.ice/revisions/r012/recipe.json
 create mode 100644 assets/art-library/designs/environment.planet.ice/revisions/r012/validation.json
 create mode 100644 assets/art-library/designs/environment.planet.ice/revisions/r013/blender-close.png
 create mode 100644 assets/art-library/designs/environment.planet.ice/revisions/r013/blender-source.blend
 create mode 100644 assets/art-library/designs/environment.planet.ice/revisions/r013/capture-record.json
 create mode 100644 assets/art-library/designs/environment.planet.ice/revisions/r013/comparison.png
 create mode 100644 assets/art-library/designs/environment.planet.ice/revisions/r013/native-source.py
 create mode 100644 assets/art-library/designs/environment.planet.ice/revisions/r013/native-source.ts
 create mode 100644 assets/art-library/designs/environment.planet.ice/revisions/r013/recipe.json
 create mode 100644 assets/art-library/designs/environment.planet.ice/revisions/r013/validation.json
 create mode 100644 assets/art-library/designs/environment.planet.ice/revisions/r014/blender-close.png
 create mode 100644 assets/art-library/designs/environment.planet.ice/revisions/r014/blender-source.blend
 create mode 100644 assets/art-library/designs/environment.planet.ice/revisions/r014/capture-record.json
 create mode 100644 assets/art-library/designs/environment.planet.ice/revisions/r014/comparison.png
 create mode 100644 assets/art-library/designs/environment.planet.ice/revisions/r014/native-source.py
 create mode 100644 assets/art-library/designs/environment.planet.ice/revisions/r014/recipe.json
 create mode 100644 assets/art-library/designs/environment.planet.ice/revisions/r014/validation.json
 create mode 100644 assets/art-library/designs/environment.planet.ice/revisions/r015/blender-source.blend
 create mode 100644 assets/art-library/designs/environment.planet.ice/revisions/r015/capture-record.json
 create mode 100644 assets/art-library/designs/environment.planet.ice/revisions/r015/comparison.png
 create mode 100644 assets/art-library/designs/environment.planet.ice/revisions/r015/native-source.py
 create mode 100644 assets/art-library/designs/environment.planet.ice/revisions/r015/recipe.json
 create mode 100644 assets/art-library/designs/environment.planet.ice/revisions/r015/runtime-context.png
 create mode 100644 assets/art-library/designs/environment.planet.ice/revisions/r015/validation.json
 create mode 100644 assets/art-library/designs/environment.planet.ice/revisions/r016/artifacts/broken-snowcap.glb
 create mode 100644 assets/art-library/designs/environment.planet.ice/revisions/r016/artifacts/capture.json
 create mode 100644 assets/art-library/designs/environment.planet.ice/revisions/r016/artifacts/composition-notes.md
 create mode 100644 assets/art-library/designs/environment.planet.ice/revisions/r016/artifacts/composition-r016.ts
 create mode 100644 assets/art-library/designs/environment.planet.ice/revisions/r016/artifacts/composition-validation.json
 create mode 100644 assets/art-library/designs/environment.planet.ice/revisions/r016/artifacts/generator.py
 create mode 100644 assets/art-library/designs/environment.planet.ice/revisions/r016/artifacts/glacial-buttress-group.glb
 create mode 100644 assets/art-library/designs/environment.planet.ice/revisions/r016/artifacts/ground-sphere-low.glb
 create mode 100644 assets/art-library/designs/environment.planet.ice/revisions/r016/artifacts/ground-sphere-medium.glb
 create mode 100644 assets/art-library/designs/environment.planet.ice/revisions/r016/artifacts/ground-sphere.glb
 create mode 100644 assets/art-library/designs/environment.planet.ice/revisions/r016/artifacts/kit-preview.png
 create mode 100644 assets/art-library/designs/environment.planet.ice/revisions/r016/artifacts/kit.blend
 create mode 100644 assets/art-library/designs/environment.planet.ice/revisions/r016/artifacts/kit.json
 create mode 100644 assets/art-library/designs/environment.planet.ice/revisions/r016/artifacts/native_deformation_normals.ts
 create mode 100644 assets/art-library/designs/environment.planet.ice/revisions/r016/artifacts/planet-seed38-angle2.png
 create mode 100644 assets/art-library/designs/environment.planet.ice/revisions/r016/artifacts/planet-seed38.png
 create mode 100644 assets/art-library/designs/environment.planet.ice/revisions/r016/artifacts/review.md
 create mode 100644 assets/art-library/designs/environment.planet.ice/revisions/r016/artifacts/single-region-angle2.png
 create mode 100644 assets/art-library/designs/environment.planet.ice/revisions/r016/artifacts/single-region.png
 create mode 100644 assets/art-library/designs/environment.planet.ice/revisions/r016/artifacts/snow-shaft-region-a.glb
 create mode 100644 assets/art-library/designs/environment.planet.ice/revisions/r016/artifacts/snow-shaft-region-b.glb
 create mode 100644 assets/art-library/designs/environment.planet.ice/revisions/r016/artifacts/specification.json
 create mode 100644 assets/art-library/designs/environment.planet.ice/revisions/r016/artifacts/validation.json
 create mode 100644 assets/art-library/designs/environment.planet.ice/revisions/r017/artifacts/composition-r017.test.ts
 create mode 100644 assets/art-library/designs/environment.planet.ice/revisions/r017/artifacts/composition-r017.ts
 create mode 100644 assets/art-library/designs/environment.planet.ice/revisions/r017/artifacts/composition-validation.json
 create mode 100644 assets/art-library/designs/environment.planet.ice/revisions/r017/artifacts/generator.py
 create mode 100644 assets/art-library/designs/environment.planet.ice/revisions/r017/artifacts/ground-sphere-low.glb
 create mode 100644 assets/art-library/designs/environment.planet.ice/revisions/r017/artifacts/ground-sphere-medium.glb
 create mode 100644 assets/art-library/designs/environment.planet.ice/revisions/r017/artifacts/ground-sphere.glb
 create mode 100644 assets/art-library/designs/environment.planet.ice/revisions/r017/artifacts/kit-preview.png
 create mode 100644 assets/art-library/designs/environment.planet.ice/revisions/r017/artifacts/kit.blend
 create mode 100644 assets/art-library/designs/environment.planet.ice/revisions/r017/artifacts/kit.json
 create mode 100644 assets/art-library/designs/environment.planet.ice/revisions/r017/artifacts/native_deformation_normals.ts
 create mode 100644 assets/art-library/designs/environment.planet.ice/revisions/r017/artifacts/revision-notes.md
 create mode 100644 assets/art-library/designs/environment.planet.ice/revisions/r017/artifacts/single-region-angle2.png
 create mode 100644 assets/art-library/designs/environment.planet.ice/revisions/r017/artifacts/single-region.png
 create mode 100644 assets/art-library/designs/environment.planet.ice/revisions/r017/artifacts/snow-cut-region.glb
 create mode 100644 assets/art-library/designs/environment.planet.ice/revisions/r017/artifacts/validation.json
 create mode 100644 assets/art-library/designs/environment.planet.ice/revisions/r018/artifacts/build_ice_native_kit_r018.py
 create mode 100644 assets/art-library/designs/environment.planet.ice/revisions/r018/artifacts/composition-tests.log
 create mode 100644 assets/art-library/designs/environment.planet.ice/revisions/r018/artifacts/ground-sphere-low.glb
 create mode 100644 assets/art-library/designs/environment.planet.ice/revisions/r018/artifacts/ground-sphere-medium.glb
 create mode 100644 assets/art-library/designs/environment.planet.ice/revisions/r018/artifacts/ground-sphere.glb
 create mode 100644 assets/art-library/designs/environment.planet.ice/revisions/r018/artifacts/ice_reference_composition_r018.test.ts
 create mode 100644 assets/art-library/designs/environment.planet.ice/revisions/r018/artifacts/ice_reference_composition_r018.ts
 create mode 100644 assets/art-library/designs/environment.planet.ice/revisions/r018/artifacts/ice_reference_r018.tsconfig.json
 create mode 100644 assets/art-library/designs/environment.planet.ice/revisions/r018/artifacts/ice_reference_r018.vitest.config.ts
 create mode 100644 assets/art-library/designs/environment.planet.ice/revisions/r018/artifacts/kit-preview.png
 create mode 100644 assets/art-library/designs/environment.planet.ice/revisions/r018/artifacts/kit-sideview.png
 create mode 100644 assets/art-library/designs/environment.planet.ice/revisions/r018/artifacts/kit.blend
 create mode 100644 assets/art-library/designs/environment.planet.ice/revisions/r018/artifacts/kit.json
 create mode 100644 assets/art-library/designs/environment.planet.ice/revisions/r018/artifacts/native-orientation-tests.log
 create mode 100644 assets/art-library/designs/environment.planet.ice/revisions/r018/artifacts/orientation-volume-validation.json
 create mode 100644 assets/art-library/designs/environment.planet.ice/revisions/r018/artifacts/revision-notes.md
 create mode 100644 assets/art-library/designs/environment.planet.ice/revisions/r018/artifacts/single-region-angle2.png
 create mode 100644 assets/art-library/designs/environment.planet.ice/revisions/r018/artifacts/single-region.png
 create mode 100644 assets/art-library/designs/environment.planet.ice/revisions/r018/artifacts/snow-cut-region.glb
 create mode 100644 assets/art-library/designs/environment.planet.ice/revisions/r018/artifacts/validate-and-sideview.py
 create mode 100644 assets/art-library/designs/environment.planet.ice/revisions/r018/artifacts/validation.json
 create mode 100644 assets/art-library/designs/environment.planet.ice/revisions/r019/artifacts/composition-r019.ts
 create mode 100644 assets/art-library/designs/environment.planet.ice/revisions/r019/artifacts/kit.json
 create mode 100644 assets/art-library/designs/environment.planet.ice/revisions/r019/artifacts/planet-seed38-angle2.png
 create mode 100644 assets/art-library/designs/environment.planet.ice/revisions/r019/artifacts/planet-seed38.png
 create mode 100644 assets/art-library/designs/environment.planet.ice/revisions/r020/artifacts/build_ice_native_kit_r020.py
 create mode 100644 assets/art-library/designs/environment.planet.ice/revisions/r020/artifacts/composition-tests.log
 create mode 100644 assets/art-library/designs/environment.planet.ice/revisions/r020/artifacts/corrected-seed38-angle2.png
 create mode 100644 assets/art-library/designs/environment.planet.ice/revisions/r020/artifacts/corrected-seed38-capture.log
 create mode 100644 assets/art-library/designs/environment.planet.ice/revisions/r020/artifacts/corrected-seed38-reference-scale.png
 create mode 100644 assets/art-library/designs/environment.planet.ice/revisions/r020/artifacts/corrected-seed38.json
 create mode 100644 assets/art-library/designs/environment.planet.ice/revisions/r020/artifacts/corrected-seed38.png
 create mode 100644 assets/art-library/designs/environment.planet.ice/revisions/r020/artifacts/gorge-edge-validation.json
 create mode 100644 assets/art-library/designs/environment.planet.ice/revisions/r020/artifacts/gorge-preview.png
 create mode 100644 assets/art-library/designs/environment.planet.ice/revisions/r020/artifacts/ground-sphere-low.glb
 create mode 100644 assets/art-library/designs/environment.planet.ice/revisions/r020/artifacts/ground-sphere-medium.glb
 create mode 100644 assets/art-library/designs/environment.planet.ice/revisions/r020/artifacts/ground-sphere.glb
 create mode 100644 assets/art-library/designs/environment.planet.ice/revisions/r020/artifacts/ice-0-albedo.png
 create mode 100644 assets/art-library/designs/environment.planet.ice/revisions/r020/artifacts/ice-0-orm.png
 create mode 100644 assets/art-library/designs/environment.planet.ice/revisions/r020/artifacts/ice-1-albedo.png
 create mode 100644 assets/art-library/designs/environment.planet.ice/revisions/r020/artifacts/ice-1-orm.png
 create mode 100644 assets/art-library/designs/environment.planet.ice/revisions/r020/artifacts/ice-2-albedo.png
 create mode 100644 assets/art-library/designs/environment.planet.ice/revisions/r020/artifacts/ice-2-orm.png
 create mode 100644 assets/art-library/designs/environment.planet.ice/revisions/r020/artifacts/ice-3-albedo.png
 create mode 100644 assets/art-library/designs/environment.planet.ice/revisions/r020/artifacts/ice-3-orm.png
 create mode 100644 assets/art-library/designs/environment.planet.ice/revisions/r020/artifacts/ice-4-albedo.png
 create mode 100644 assets/art-library/designs/environment.planet.ice/revisions/r020/artifacts/ice-4-orm.png
 create mode 100644 assets/art-library/designs/environment.planet.ice/revisions/r020/artifacts/ice_reference_composition_r020.test.ts
 create mode 100644 assets/art-library/designs/environment.planet.ice/revisions/r020/artifacts/ice_reference_composition_r020.ts
 create mode 100644 assets/art-library/designs/environment.planet.ice/revisions/r020/artifacts/ice_reference_r020.tsconfig.json
 create mode 100644 assets/art-library/designs/environment.planet.ice/revisions/r020/artifacts/ice_reference_r020.vitest.config.ts
 create mode 100644 assets/art-library/designs/environment.planet.ice/revisions/r020/artifacts/kit-preview.png
 create mode 100644 assets/art-library/designs/environment.planet.ice/revisions/r020/artifacts/kit.blend
 create mode 100644 assets/art-library/designs/environment.planet.ice/revisions/r020/artifacts/kit.json
 create mode 100644 assets/art-library/designs/environment.planet.ice/revisions/r020/artifacts/render-gorge-preview.py
 create mode 100644 assets/art-library/designs/environment.planet.ice/revisions/r020/artifacts/revision-notes.md
 create mode 100644 assets/art-library/designs/environment.planet.ice/revisions/r020/artifacts/snow-cut-region.glb
 create mode 100644 assets/art-library/designs/environment.planet.ice/revisions/r020/artifacts/snow-open-gorge.glb
 create mode 100644 assets/art-library/designs/environment.planet.ice/revisions/r020/artifacts/validation.json
 create mode 100644 assets/art-library/designs/environment.planet.ice/revisions/r021/artifacts/corrected-seed38-angle2.png
 create mode 100644 assets/art-library/designs/environment.planet.ice/revisions/r021/artifacts/corrected-seed38-capture.log
 create mode 100644 assets/art-library/designs/environment.planet.ice/revisions/r021/artifacts/corrected-seed38-reference-scale.png
 create mode 100644 assets/art-library/designs/environment.planet.ice/revisions/r021/artifacts/corrected-seed38.json
 create mode 100644 assets/art-library/designs/environment.planet.ice/revisions/r021/artifacts/corrected-seed38.png
 create mode 100644 assets/art-library/designs/environment.planet.ice/revisions/r021/artifacts/ground-sphere-low.glb
 create mode 100644 assets/art-library/designs/environment.planet.ice/revisions/r021/artifacts/ground-sphere-medium.glb
 create mode 100644 assets/art-library/designs/environment.planet.ice/revisions/r021/artifacts/ground-sphere.glb
 create mode 100644 assets/art-library/designs/environment.planet.ice/revisions/r021/artifacts/ice-0-albedo.png
 create mode 100644 assets/art-library/designs/environment.planet.ice/revisions/r021/artifacts/ice-0-orm.png
 create mode 100644 assets/art-library/designs/environment.planet.ice/revisions/r021/artifacts/ice-1-albedo.png
 create mode 100644 assets/art-library/designs/environment.planet.ice/revisions/r021/artifacts/ice-1-orm.png
 create mode 100644 assets/art-library/designs/environment.planet.ice/revisions/r021/artifacts/ice-2-albedo.png
 create mode 100644 assets/art-library/designs/environment.planet.ice/revisions/r021/artifacts/ice-2-orm.png
 create mode 100644 assets/art-library/designs/environment.planet.ice/revisions/r021/artifacts/ice-3-albedo.png
 create mode 100644 assets/art-library/designs/environment.planet.ice/revisions/r021/artifacts/ice-3-orm.png
 create mode 100644 assets/art-library/designs/environment.planet.ice/revisions/r021/artifacts/ice-4-albedo.png
 create mode 100644 assets/art-library/designs/environment.planet.ice/revisions/r021/artifacts/ice-4-orm.png
 create mode 100644 assets/art-library/designs/environment.planet.ice/revisions/r021/artifacts/kit-preview.png
 create mode 100644 assets/art-library/designs/environment.planet.ice/revisions/r021/artifacts/kit.blend
 create mode 100644 assets/art-library/designs/environment.planet.ice/revisions/r021/artifacts/kit.json
 create mode 100644 assets/art-library/designs/environment.planet.ice/revisions/r021/artifacts/snow-cut-region.glb
 create mode 100644 assets/art-library/designs/environment.planet.ice/revisions/r021/artifacts/snow-open-gorge.glb
 create mode 100644 assets/art-library/designs/environment.planet.ice/revisions/r021/artifacts/validation.json
 create mode 100644 assets/art-library/designs/environment.planet.ice/revisions/r022/artifacts/composition-r022.test.ts
 create mode 100644 assets/art-library/designs/environment.planet.ice/revisions/r022/artifacts/composition-r022.ts
 create mode 100644 assets/art-library/designs/environment.planet.ice/revisions/r022/artifacts/corrected-seed38-angle2.png
 create mode 100644 assets/art-library/designs/environment.planet.ice/revisions/r022/artifacts/corrected-seed38-capture.log
 create mode 100644 assets/art-library/designs/environment.planet.ice/revisions/r022/artifacts/corrected-seed38-reference-scale.png
 create mode 100644 assets/art-library/designs/environment.planet.ice/revisions/r022/artifacts/corrected-seed38.json
 create mode 100644 assets/art-library/designs/environment.planet.ice/revisions/r022/artifacts/corrected-seed38.png
 create mode 100644 assets/art-library/designs/environment.planet.ice/revisions/r022/artifacts/generator.py
 create mode 100644 assets/art-library/designs/environment.planet.ice/revisions/r022/artifacts/gorge-native-preview.png
 create mode 100644 assets/art-library/designs/environment.planet.ice/revisions/r022/artifacts/ground-sphere-low.glb
 create mode 100644 assets/art-library/designs/environment.planet.ice/revisions/r022/artifacts/ground-sphere-medium.glb
 create mode 100644 assets/art-library/designs/environment.planet.ice/revisions/r022/artifacts/ground-sphere.glb
 create mode 100644 assets/art-library/designs/environment.planet.ice/revisions/r022/artifacts/ice-0-albedo.png
 create mode 100644 assets/art-library/designs/environment.planet.ice/revisions/r022/artifacts/ice-0-orm.png
 create mode 100644 assets/art-library/designs/environment.planet.ice/revisions/r022/artifacts/ice-1-albedo.png
 create mode 100644 assets/art-library/designs/environment.planet.ice/revisions/r022/artifacts/ice-1-orm.png
 create mode 100644 assets/art-library/designs/environment.planet.ice/revisions/r022/artifacts/ice-2-albedo.png
 create mode 100644 assets/art-library/designs/environment.planet.ice/revisions/r022/artifacts/ice-2-orm.png
 create mode 100644 assets/art-library/designs/environment.planet.ice/revisions/r022/artifacts/ice-3-albedo.png
 create mode 100644 assets/art-library/designs/environment.planet.ice/revisions/r022/artifacts/ice-3-orm.png
 create mode 100644 assets/art-library/designs/environment.planet.ice/revisions/r022/artifacts/ice-4-albedo.png
 create mode 100644 assets/art-library/designs/environment.planet.ice/revisions/r022/artifacts/ice-4-orm.png
 create mode 100644 assets/art-library/designs/environment.planet.ice/revisions/r022/artifacts/kit-angle2.png
 create mode 100644 assets/art-library/designs/environment.planet.ice/revisions/r022/artifacts/kit-preview.png
 create mode 100644 assets/art-library/designs/environment.planet.ice/revisions/r022/artifacts/kit.blend
 create mode 100644 assets/art-library/designs/environment.planet.ice/revisions/r022/artifacts/kit.json
 create mode 100644 assets/art-library/designs/environment.planet.ice/revisions/r022/artifacts/notes.md
 create mode 100644 assets/art-library/designs/environment.planet.ice/revisions/r022/artifacts/snow-cut-region.glb
 create mode 100644 assets/art-library/designs/environment.planet.ice/revisions/r022/artifacts/snow-open-gorge.glb
 create mode 100644 assets/art-library/designs/environment.planet.ice/revisions/r022/artifacts/source-hashes.json
 create mode 100644 assets/art-library/designs/environment.planet.ice/revisions/r022/artifacts/unit-previews.py
 create mode 100644 assets/art-library/designs/environment.planet.ice/revisions/r022/artifacts/validation.json
 create mode 100644 assets/art-library/designs/environment.planet.ice/revisions/r023/artifacts/composition-r023.test.ts
 create mode 100644 assets/art-library/designs/environment.planet.ice/revisions/r023/artifacts/composition-r023.ts
 create mode 100644 assets/art-library/designs/environment.planet.ice/revisions/r023/artifacts/corrected-seed38-angle2.png
 create mode 100644 assets/art-library/designs/environment.planet.ice/revisions/r023/artifacts/corrected-seed38-capture.log
 create mode 100644 assets/art-library/designs/environment.planet.ice/revisions/r023/artifacts/corrected-seed38-reference-scale.png
 create mode 100644 assets/art-library/designs/environment.planet.ice/revisions/r023/artifacts/corrected-seed38.json
 create mode 100644 assets/art-library/designs/environment.planet.ice/revisions/r023/artifacts/corrected-seed38.png
 create mode 100644 assets/art-library/designs/environment.planet.ice/revisions/r023/artifacts/generator.py
 create mode 100644 assets/art-library/designs/environment.planet.ice/revisions/r023/artifacts/gorge-native-preview.png
 create mode 100644 assets/art-library/designs/environment.planet.ice/revisions/r023/artifacts/ground-sphere-low.glb
 create mode 100644 assets/art-library/designs/environment.planet.ice/revisions/r023/artifacts/ground-sphere-medium.glb
 create mode 100644 assets/art-library/designs/environment.planet.ice/revisions/r023/artifacts/ground-sphere.glb
 create mode 100644 assets/art-library/designs/environment.planet.ice/revisions/r023/artifacts/ice-0-albedo.png
 create mode 100644 assets/art-library/designs/environment.planet.ice/revisions/r023/artifacts/ice-0-orm.png
 create mode 100644 assets/art-library/designs/environment.planet.ice/revisions/r023/artifacts/ice-1-albedo.png
 create mode 100644 assets/art-library/designs/environment.planet.ice/revisions/r023/artifacts/ice-1-orm.png
 create mode 100644 assets/art-library/designs/environment.planet.ice/revisions/r023/artifacts/ice-2-albedo.png
 create mode 100644 assets/art-library/designs/environment.planet.ice/revisions/r023/artifacts/ice-2-orm.png
 create mode 100644 assets/art-library/designs/environment.planet.ice/revisions/r023/artifacts/ice-3-albedo.png
 create mode 100644 assets/art-library/designs/environment.planet.ice/revisions/r023/artifacts/ice-3-orm.png
 create mode 100644 assets/art-library/designs/environment.planet.ice/revisions/r023/artifacts/ice-4-albedo.png
 create mode 100644 assets/art-library/designs/environment.planet.ice/revisions/r023/artifacts/ice-4-orm.png
 create mode 100644 assets/art-library/designs/environment.planet.ice/revisions/r023/artifacts/kit-angle2.png
 create mode 100644 assets/art-library/designs/environment.planet.ice/revisions/r023/artifacts/kit-preview.png
 create mode 100644 assets/art-library/designs/environment.planet.ice/revisions/r023/artifacts/kit.blend
 create mode 100644 assets/art-library/designs/environment.planet.ice/revisions/r023/artifacts/kit.json
 create mode 100644 assets/art-library/designs/environment.planet.ice/revisions/r023/artifacts/notes.md
 create mode 100644 assets/art-library/designs/environment.planet.ice/revisions/r023/artifacts/picked-surface-seed38-angle2.png
 create mode 100644 assets/art-library/designs/environment.planet.ice/revisions/r023/artifacts/picked-surface-seed38-capture.log
 create mode 100644 assets/art-library/designs/environment.planet.ice/revisions/r023/artifacts/picked-surface-seed38-surface-samples.log
 create mode 100644 assets/art-library/designs/environment.planet.ice/revisions/r023/artifacts/picked-surface-seed38.json
 create mode 100644 assets/art-library/designs/environment.planet.ice/revisions/r023/artifacts/picked-surface-seed38.png
 create mode 100644 assets/art-library/designs/environment.planet.ice/revisions/r023/artifacts/snow-cut-region.glb
 create mode 100644 assets/art-library/designs/environment.planet.ice/revisions/r023/artifacts/snow-open-gorge.glb
 create mode 100644 assets/art-library/designs/environment.planet.ice/revisions/r023/artifacts/source-hashes.json
 create mode 100644 assets/art-library/designs/environment.planet.ice/revisions/r023/artifacts/surface-diagnostic-seed38-angle2.png
 create mode 100644 assets/art-library/designs/environment.planet.ice/revisions/r023/artifacts/surface-diagnostic-seed38-capture.log
 create mode 100644 assets/art-library/designs/environment.planet.ice/revisions/r023/artifacts/surface-diagnostic-seed38-surface-samples.log
 create mode 100644 assets/art-library/designs/environment.planet.ice/revisions/r023/artifacts/surface-diagnostic-seed38.json
 create mode 100644 assets/art-library/designs/environment.planet.ice/revisions/r023/artifacts/surface-diagnostic-seed38.png
 create mode 100644 assets/art-library/designs/environment.planet.ice/revisions/r023/artifacts/unit-previews.py
 create mode 100644 assets/art-library/designs/environment.planet.ice/revisions/r023/artifacts/validation.json
 create mode 100644 assets/art-library/designs/environment.planet.ice/revisions/r024/artifacts/composition-r024.test.ts
 create mode 100644 assets/art-library/designs/environment.planet.ice/revisions/r024/artifacts/composition-r024.ts
 create mode 100644 assets/art-library/designs/environment.planet.ice/revisions/r024/artifacts/corrected-seed38-angle2.png
 create mode 100644 assets/art-library/designs/environment.planet.ice/revisions/r024/artifacts/corrected-seed38-capture.log
 create mode 100644 assets/art-library/designs/environment.planet.ice/revisions/r024/artifacts/corrected-seed38-reference-scale.png
 create mode 100644 assets/art-library/designs/environment.planet.ice/revisions/r024/artifacts/corrected-seed38.json
 create mode 100644 assets/art-library/designs/environment.planet.ice/revisions/r024/artifacts/corrected-seed38.png
 create mode 100644 assets/art-library/designs/environment.planet.ice/revisions/r024/artifacts/exact-normal-matching-audit.py
 create mode 100644 assets/art-library/designs/environment.planet.ice/revisions/r024/artifacts/generator.py
 create mode 100644 assets/art-library/designs/environment.planet.ice/revisions/r024/artifacts/ground-native-preview.png
 create mode 100644 assets/art-library/designs/environment.planet.ice/revisions/r024/artifacts/ground-preview.py
 create mode 100644 assets/art-library/designs/environment.planet.ice/revisions/r024/artifacts/ground-sphere-exact-normal-matching-audit.json
 create mode 100644 assets/art-library/designs/environment.planet.ice/revisions/r024/artifacts/ground-sphere-low-exact-normal-matching-audit.json
 create mode 100644 assets/art-library/designs/environment.planet.ice/revisions/r024/artifacts/ground-sphere-low.glb
 create mode 100644 assets/art-library/designs/environment.planet.ice/revisions/r024/artifacts/ground-sphere-medium-exact-normal-matching-audit.json
 create mode 100644 assets/art-library/designs/environment.planet.ice/revisions/r024/artifacts/ground-sphere-medium.glb
 create mode 100644 assets/art-library/designs/environment.planet.ice/revisions/r024/artifacts/ground-sphere.glb
 create mode 100644 assets/art-library/designs/environment.planet.ice/revisions/r024/artifacts/ice-0-albedo.png
 create mode 100644 assets/art-library/designs/environment.planet.ice/revisions/r024/artifacts/ice-0-orm.png
 create mode 100644 assets/art-library/designs/environment.planet.ice/revisions/r024/artifacts/ice-1-albedo.png
 create mode 100644 assets/art-library/designs/environment.planet.ice/revisions/r024/artifacts/ice-1-orm.png
 create mode 100644 assets/art-library/designs/environment.planet.ice/revisions/r024/artifacts/ice-2-albedo.png
 create mode 100644 assets/art-library/designs/environment.planet.ice/revisions/r024/artifacts/ice-2-orm.png
 create mode 100644 assets/art-library/designs/environment.planet.ice/revisions/r024/artifacts/ice-3-albedo.png
 create mode 100644 assets/art-library/designs/environment.planet.ice/revisions/r024/artifacts/ice-3-orm.png
 create mode 100644 assets/art-library/designs/environment.planet.ice/revisions/r024/artifacts/ice-4-albedo.png
 create mode 100644 assets/art-library/designs/environment.planet.ice/revisions/r024/artifacts/ice-4-orm.png
 create mode 100644 assets/art-library/designs/environment.planet.ice/revisions/r024/artifacts/kit-preview.png
 create mode 100644 assets/art-library/designs/environment.planet.ice/revisions/r024/artifacts/kit.blend
 create mode 100644 assets/art-library/designs/environment.planet.ice/revisions/r024/artifacts/kit.json
 create mode 100644 assets/art-library/designs/environment.planet.ice/revisions/r024/artifacts/notes.md
 create mode 100644 assets/art-library/designs/environment.planet.ice/revisions/r024/artifacts/snow-cut-region.glb
 create mode 100644 assets/art-library/designs/environment.planet.ice/revisions/r024/artifacts/snow-open-gorge.glb
 create mode 100644 assets/art-library/designs/environment.planet.ice/revisions/r024/artifacts/source-hashes.json
 create mode 100644 assets/art-library/designs/environment.planet.ice/revisions/r024/artifacts/validation.json
 create mode 100644 assets/art-library/designs/environment.planet.ice/revisions/r025/artifacts/composition-r025.test.ts
 create mode 100644 assets/art-library/designs/environment.planet.ice/revisions/r025/artifacts/composition-r025.ts
 create mode 100644 assets/art-library/designs/environment.planet.ice/revisions/r025/artifacts/corrected-seed38-angle2.png
 create mode 100644 assets/art-library/designs/environment.planet.ice/revisions/r025/artifacts/corrected-seed38-capture.log
 create mode 100644 assets/art-library/designs/environment.planet.ice/revisions/r025/artifacts/corrected-seed38-reference-scale.png
 create mode 100644 assets/art-library/designs/environment.planet.ice/revisions/r025/artifacts/corrected-seed38.json
 create mode 100644 assets/art-library/designs/environment.planet.ice/revisions/r025/artifacts/corrected-seed38.png
 create mode 100644 assets/art-library/designs/environment.planet.ice/revisions/r025/artifacts/exact-normal-matching-audit.py
 create mode 100644 assets/art-library/designs/environment.planet.ice/revisions/r025/artifacts/generator.py
 create mode 100644 assets/art-library/designs/environment.planet.ice/revisions/r025/artifacts/ground-native-preview.png
 create mode 100644 assets/art-library/designs/environment.planet.ice/revisions/r025/artifacts/ground-preview.py
 create mode 100644 assets/art-library/designs/environment.planet.ice/revisions/r025/artifacts/ground-sphere-exact-normal-matching-audit.json
 create mode 100644 assets/art-library/designs/environment.planet.ice/revisions/r025/artifacts/ground-sphere-low-exact-normal-matching-audit.json
 create mode 100644 assets/art-library/designs/environment.planet.ice/revisions/r025/artifacts/ground-sphere-low.glb
 create mode 100644 assets/art-library/designs/environment.planet.ice/revisions/r025/artifacts/ground-sphere-medium-exact-normal-matching-audit.json
 create mode 100644 assets/art-library/designs/environment.planet.ice/revisions/r025/artifacts/ground-sphere-medium.glb
 create mode 100644 assets/art-library/designs/environment.planet.ice/revisions/r025/artifacts/ground-sphere.glb
 create mode 100644 assets/art-library/designs/environment.planet.ice/revisions/r025/artifacts/ice-0-albedo.png
 create mode 100644 assets/art-library/designs/environment.planet.ice/revisions/r025/artifacts/ice-0-orm.png
 create mode 100644 assets/art-library/designs/environment.planet.ice/revisions/r025/artifacts/ice-1-albedo.png
 create mode 100644 assets/art-library/designs/environment.planet.ice/revisions/r025/artifacts/ice-1-orm.png
 create mode 100644 assets/art-library/designs/environment.planet.ice/revisions/r025/artifacts/ice-2-albedo.png
 create mode 100644 assets/art-library/designs/environment.planet.ice/revisions/r025/artifacts/ice-2-orm.png
 create mode 100644 assets/art-library/designs/environment.planet.ice/revisions/r025/artifacts/ice-3-albedo.png
 create mode 100644 assets/art-library/designs/environment.planet.ice/revisions/r025/artifacts/ice-3-orm.png
 create mode 100644 assets/art-library/designs/environment.planet.ice/revisions/r025/artifacts/ice-4-albedo.png
 create mode 100644 assets/art-library/designs/environment.planet.ice/revisions/r025/artifacts/ice-4-orm.png
 create mode 100644 assets/art-library/designs/environment.planet.ice/revisions/r025/artifacts/kit-preview.png
 create mode 100644 assets/art-library/designs/environment.planet.ice/revisions/r025/artifacts/kit.blend
 create mode 100644 assets/art-library/designs/environment.planet.ice/revisions/r025/artifacts/kit.json
 create mode 100644 assets/art-library/designs/environment.planet.ice/revisions/r025/artifacts/notes.md
 create mode 100644 assets/art-library/designs/environment.planet.ice/revisions/r025/artifacts/shadows-off-seed38-angle2.png
 create mode 100644 assets/art-library/designs/environment.planet.ice/revisions/r025/artifacts/shadows-off-seed38-capture.log
 create mode 100644 assets/art-library/designs/environment.planet.ice/revisions/r025/artifacts/shadows-off-seed38-reference-scale.png
 create mode 100644 assets/art-library/designs/environment.planet.ice/revisions/r025/artifacts/shadows-off-seed38.json
 create mode 100644 assets/art-library/designs/environment.planet.ice/revisions/r025/artifacts/shadows-off-seed38.png
 create mode 100644 assets/art-library/designs/environment.planet.ice/revisions/r025/artifacts/snow-cut-region.glb
 create mode 100644 assets/art-library/designs/environment.planet.ice/revisions/r025/artifacts/snow-open-gorge.glb
 create mode 100644 assets/art-library/designs/environment.planet.ice/revisions/r025/artifacts/source-hashes.json
 create mode 100644 assets/art-library/designs/environment.planet.ice/revisions/r025/artifacts/validation.json
 create mode 100644 assets/art-library/designs/environment.planet.ice/revisions/r026/artifacts/audit-optical-source.py
 create mode 100644 assets/art-library/designs/environment.planet.ice/revisions/r026/artifacts/build_ice_native_kit_r026.py
 create mode 100644 assets/art-library/designs/environment.planet.ice/revisions/r026/artifacts/foundation-source.py
 create mode 100644 assets/art-library/designs/environment.planet.ice/revisions/r026/artifacts/generator.py
 create mode 100644 assets/art-library/designs/environment.planet.ice/revisions/r026/artifacts/glass-local-oblique-seed38-angle2.png
 create mode 100644 assets/art-library/designs/environment.planet.ice/revisions/r026/artifacts/glass-local-oblique-seed38-capture.log
 create mode 100644 assets/art-library/designs/environment.planet.ice/revisions/r026/artifacts/glass-local-oblique-seed38.json
 create mode 100644 assets/art-library/designs/environment.planet.ice/revisions/r026/artifacts/glass-local-oblique-seed38.png
 create mode 100644 assets/art-library/designs/environment.planet.ice/revisions/r026/artifacts/glass-local-seed38-angle2.png
 create mode 100644 assets/art-library/designs/environment.planet.ice/revisions/r026/artifacts/glass-local-seed38-capture.log
 create mode 100644 assets/art-library/designs/environment.planet.ice/revisions/r026/artifacts/glass-local-seed38.json
 create mode 100644 assets/art-library/designs/environment.planet.ice/revisions/r026/artifacts/glass-local-seed38.png
 create mode 100644 assets/art-library/designs/environment.planet.ice/revisions/r026/artifacts/glass-wired-seed38-angle2.png
 create mode 100644 assets/art-library/designs/environment.planet.ice/revisions/r026/artifacts/glass-wired-seed38-capture.log
 create mode 100644 assets/art-library/designs/environment.planet.ice/revisions/r026/artifacts/glass-wired-seed38-reference-scale.png
 create mode 100644 assets/art-library/designs/environment.planet.ice/revisions/r026/artifacts/glass-wired-seed38.json
 create mode 100644 assets/art-library/designs/environment.planet.ice/revisions/r026/artifacts/glass-wired-seed38.png
 create mode 100644 assets/art-library/designs/environment.planet.ice/revisions/r026/artifacts/ground-sphere-exact-normal-audit.json
 create mode 100644 assets/art-library/designs/environment.planet.ice/revisions/r026/artifacts/ground-sphere-exact-normal-audit.py
 create mode 100644 assets/art-library/designs/environment.planet.ice/revisions/r026/artifacts/ground-sphere-low-exact-normal-audit.json
 create mode 100644 assets/art-library/designs/environment.planet.ice/revisions/r026/artifacts/ground-sphere-low-exact-normal-audit.py
 create mode 100644 assets/art-library/designs/environment.planet.ice/revisions/r026/artifacts/ground-sphere-low.glb
 create mode 100644 assets/art-library/designs/environment.planet.ice/revisions/r026/artifacts/ground-sphere-medium-exact-normal-audit.json
 create mode 100644 assets/art-library/designs/environment.planet.ice/revisions/r026/artifacts/ground-sphere-medium-exact-normal-audit.py
 create mode 100644 assets/art-library/designs/environment.planet.ice/revisions/r026/artifacts/ground-sphere-medium.glb
 create mode 100644 assets/art-library/designs/environment.planet.ice/revisions/r026/artifacts/ground-sphere.glb
 create mode 100644 assets/art-library/designs/environment.planet.ice/revisions/r026/artifacts/ice-0-albedo.png
 create mode 100644 assets/art-library/designs/environment.planet.ice/revisions/r026/artifacts/ice-0-orm.png
 create mode 100644 assets/art-library/designs/environment.planet.ice/revisions/r026/artifacts/ice-1-albedo.png
 create mode 100644 assets/art-library/designs/environment.planet.ice/revisions/r026/artifacts/ice-1-orm.png
 create mode 100644 assets/art-library/designs/environment.planet.ice/revisions/r026/artifacts/ice-2-albedo.png
 create mode 100644 assets/art-library/designs/environment.planet.ice/revisions/r026/artifacts/ice-2-orm.png
 create mode 100644 assets/art-library/designs/environment.planet.ice/revisions/r026/artifacts/ice-3-albedo.png
 create mode 100644 assets/art-library/designs/environment.planet.ice/revisions/r026/artifacts/ice-3-orm.png
 create mode 100644 assets/art-library/designs/environment.planet.ice/revisions/r026/artifacts/ice-4-albedo.png
 create mode 100644 assets/art-library/designs/environment.planet.ice/revisions/r026/artifacts/ice-4-orm.png
 create mode 100644 assets/art-library/designs/environment.planet.ice/revisions/r026/artifacts/ice_reference_optics_r026.test.ts
 create mode 100644 assets/art-library/designs/environment.planet.ice/revisions/r026/artifacts/ice_reference_optics_r026.tsconfig.json
 create mode 100644 assets/art-library/designs/environment.planet.ice/revisions/r026/artifacts/ice_reference_optics_r026.vitest.config.ts
 create mode 100644 assets/art-library/designs/environment.planet.ice/revisions/r026/artifacts/kit-preview.png
 create mode 100644 assets/art-library/designs/environment.planet.ice/revisions/r026/artifacts/kit.blend
 create mode 100644 assets/art-library/designs/environment.planet.ice/revisions/r026/artifacts/kit.json
 create mode 100644 assets/art-library/designs/environment.planet.ice/revisions/r026/artifacts/optical-preview.png
 create mode 100644 assets/art-library/designs/environment.planet.ice/revisions/r026/artifacts/optical-source-validation.json
 create mode 100644 assets/art-library/designs/environment.planet.ice/revisions/r026/artifacts/render-optical-preview.py
 create mode 100644 assets/art-library/designs/environment.planet.ice/revisions/r026/artifacts/revision-notes.md
 create mode 100644 assets/art-library/designs/environment.planet.ice/revisions/r026/artifacts/snow-cut-region.glb
 create mode 100644 assets/art-library/designs/environment.planet.ice/revisions/r026/artifacts/snow-open-gorge.glb
 create mode 100644 assets/art-library/designs/environment.planet.ice/revisions/r026/artifacts/source-freeze.json
 create mode 100644 assets/art-library/designs/environment.planet.ice/revisions/r026/artifacts/validation.json
 create mode 100644 assets/art-library/designs/environment.planet.ice/revisions/r027/ice-moon-1/source-r001/build_extreme_moon_native_variants_r001.py
 create mode 100644 assets/art-library/designs/environment.planet.ice/revisions/r027/ice-moon-1/source-r001/corrected-run.log
 create mode 100644 assets/art-library/designs/environment.planet.ice/revisions/r027/ice-moon-1/source-r001/corrected-seed38-angle2.png
 create mode 100644 assets/art-library/designs/environment.planet.ice/revisions/r027/ice-moon-1/source-r001/corrected-seed38-capture.log
 create mode 100644 assets/art-library/designs/environment.planet.ice/revisions/r027/ice-moon-1/source-r001/corrected-seed38-reference-scale.png
 create mode 100644 assets/art-library/designs/environment.planet.ice/revisions/r027/ice-moon-1/source-r001/corrected-seed38.json
 create mode 100644 assets/art-library/designs/environment.planet.ice/revisions/r027/ice-moon-1/source-r001/corrected-seed38.png
 create mode 100644 assets/art-library/designs/environment.planet.ice/revisions/r027/ice-moon-1/source-r001/exact-reference.png
 create mode 100644 assets/art-library/designs/environment.planet.ice/revisions/r027/ice-moon-1/source-r001/foundation-source.py
 create mode 100644 assets/art-library/designs/environment.planet.ice/revisions/r027/ice-moon-1/source-r001/generator.py
 create mode 100644 assets/art-library/designs/environment.planet.ice/revisions/r027/ice-moon-1/source-r001/ground-sphere-exact-normal-audit.json
 create mode 100644 assets/art-library/designs/environment.planet.ice/revisions/r027/ice-moon-1/source-r001/ground-sphere-exact-normal-audit.py
 create mode 100644 assets/art-library/designs/environment.planet.ice/revisions/r027/ice-moon-1/source-r001/ground-sphere-low-exact-normal-audit.json
 create mode 100644 assets/art-library/designs/environment.planet.ice/revisions/r027/ice-moon-1/source-r001/ground-sphere-low-exact-normal-audit.py
 create mode 100644 assets/art-library/designs/environment.planet.ice/revisions/r027/ice-moon-1/source-r001/ground-sphere-low.glb
 create mode 100644 assets/art-library/designs/environment.planet.ice/revisions/r027/ice-moon-1/source-r001/ground-sphere-medium-exact-normal-audit.json
 create mode 100644 assets/art-library/designs/environment.planet.ice/revisions/r027/ice-moon-1/source-r001/ground-sphere-medium-exact-normal-audit.py
 create mode 100644 assets/art-library/designs/environment.planet.ice/revisions/r027/ice-moon-1/source-r001/ground-sphere-medium.glb
 create mode 100644 assets/art-library/designs/environment.planet.ice/revisions/r027/ice-moon-1/source-r001/ground-sphere.glb
 create mode 100644 assets/art-library/designs/environment.planet.ice/revisions/r027/ice-moon-1/source-r001/ice-0-albedo.png
 create mode 100644 assets/art-library/designs/environment.planet.ice/revisions/r027/ice-moon-1/source-r001/ice-0-orm.png
 create mode 100644 assets/art-library/designs/environment.planet.ice/revisions/r027/ice-moon-1/source-r001/ice-1-albedo.png
 create mode 100644 assets/art-library/designs/environment.planet.ice/revisions/r027/ice-moon-1/source-r001/ice-1-orm.png
 create mode 100644 assets/art-library/designs/environment.planet.ice/revisions/r027/ice-moon-1/source-r001/ice-2-albedo.png
 create mode 100644 assets/art-library/designs/environment.planet.ice/revisions/r027/ice-moon-1/source-r001/ice-2-orm.png
 create mode 100644 assets/art-library/designs/environment.planet.ice/revisions/r027/ice-moon-1/source-r001/ice-3-albedo.png
 create mode 100644 assets/art-library/designs/environment.planet.ice/revisions/r027/ice-moon-1/source-r001/ice-3-orm.png
 create mode 100644 assets/art-library/designs/environment.planet.ice/revisions/r027/ice-moon-1/source-r001/ice-4-albedo.png
 create mode 100644 assets/art-library/designs/environment.planet.ice/revisions/r027/ice-moon-1/source-r001/ice-4-orm.png
 create mode 100644 assets/art-library/designs/environment.planet.ice/revisions/r027/ice-moon-1/source-r001/ice_moon_reference_composition_r001.test.ts
 create mode 100644 assets/art-library/designs/environment.planet.ice/revisions/r027/ice-moon-1/source-r001/ice_moon_reference_composition_r001.ts
 create mode 100644 assets/art-library/designs/environment.planet.ice/revisions/r027/ice-moon-1/source-r001/ice_moon_reference_r001.tsconfig.json
 create mode 100644 assets/art-library/designs/environment.planet.ice/revisions/r027/ice-moon-1/source-r001/ice_moon_reference_r001.vitest.config.ts
 create mode 100644 assets/art-library/designs/environment.planet.ice/revisions/r027/ice-moon-1/source-r001/kit-preview.png
 create mode 100644 assets/art-library/designs/environment.planet.ice/revisions/r027/ice-moon-1/source-r001/kit.blend
 create mode 100644 assets/art-library/designs/environment.planet.ice/revisions/r027/ice-moon-1/source-r001/kit.json
 create mode 100644 assets/art-library/designs/environment.planet.ice/revisions/r027/ice-moon-1/source-r001/revision-notes.md
 create mode 100644 assets/art-library/designs/environment.planet.ice/revisions/r027/ice-moon-1/source-r001/snow-cut-region.glb
 create mode 100644 assets/art-library/designs/environment.planet.ice/revisions/r027/ice-moon-1/source-r001/snow-open-gorge.glb
 create mode 100644 assets/art-library/designs/environment.planet.ice/revisions/r027/ice-moon-1/source-r001/validation.json
 create mode 100644 assets/art-library/designs/environment.planet.ice/revisions/r027/ice-moon-1/source-r001/variant-recipe.json
 create mode 100644 assets/art-library/designs/environment.planet.ice/revisions/r027/ice-moon-1/source-r002/build_extreme_moon_native_variants_r002.py
 create mode 100644 assets/art-library/designs/environment.planet.ice/revisions/r027/ice-moon-1/source-r002/capture-retry-run.log
 create mode 100644 assets/art-library/designs/environment.planet.ice/revisions/r027/ice-moon-1/source-r002/capture-retry-seed38-capture.log
 create mode 100644 assets/art-library/designs/environment.planet.ice/revisions/r027/ice-moon-1/source-r002/corrected-run.log
 create mode 100644 assets/art-library/designs/environment.planet.ice/revisions/r027/ice-moon-1/source-r002/corrected-seed38-capture.log
 create mode 100644 assets/art-library/designs/environment.planet.ice/revisions/r027/ice-moon-1/source-r002/exact-reference.png
 create mode 100644 assets/art-library/designs/environment.planet.ice/revisions/r027/ice-moon-1/source-r002/foundation-source.py
 create mode 100644 assets/art-library/designs/environment.planet.ice/revisions/r027/ice-moon-1/source-r002/fresh-session-seed38-capture.log
 create mode 100644 assets/art-library/designs/environment.planet.ice/revisions/r027/ice-moon-1/source-r002/generator.py
 create mode 100644 assets/art-library/designs/environment.planet.ice/revisions/r027/ice-moon-1/source-r002/ground-sphere-exact-normal-audit.json
 create mode 100644 assets/art-library/designs/environment.planet.ice/revisions/r027/ice-moon-1/source-r002/ground-sphere-exact-normal-audit.py
 create mode 100644 assets/art-library/designs/environment.planet.ice/revisions/r027/ice-moon-1/source-r002/ground-sphere-low-exact-normal-audit.json
 create mode 100644 assets/art-library/designs/environment.planet.ice/revisions/r027/ice-moon-1/source-r002/ground-sphere-low-exact-normal-audit.py
 create mode 100644 assets/art-library/designs/environment.planet.ice/revisions/r027/ice-moon-1/source-r002/ground-sphere-low.glb
 create mode 100644 assets/art-library/designs/environment.planet.ice/revisions/r027/ice-moon-1/source-r002/ground-sphere-medium-exact-normal-audit.json
 create mode 100644 assets/art-library/designs/environment.planet.ice/revisions/r027/ice-moon-1/source-r002/ground-sphere-medium-exact-normal-audit.py
 create mode 100644 assets/art-library/designs/environment.planet.ice/revisions/r027/ice-moon-1/source-r002/ground-sphere-medium.glb
 create mode 100644 assets/art-library/designs/environment.planet.ice/revisions/r027/ice-moon-1/source-r002/ground-sphere.glb
 create mode 100644 assets/art-library/designs/environment.planet.ice/revisions/r027/ice-moon-1/source-r002/ice-0-albedo.png
 create mode 100644 assets/art-library/designs/environment.planet.ice/revisions/r027/ice-moon-1/source-r002/ice-0-orm.png
 create mode 100644 assets/art-library/designs/environment.planet.ice/revisions/r027/ice-moon-1/source-r002/ice-1-albedo.png
 create mode 100644 assets/art-library/designs/environment.planet.ice/revisions/r027/ice-moon-1/source-r002/ice-1-orm.png
 create mode 100644 assets/art-library/designs/environment.planet.ice/revisions/r027/ice-moon-1/source-r002/ice-2-albedo.png
 create mode 100644 assets/art-library/designs/environment.planet.ice/revisions/r027/ice-moon-1/source-r002/ice-2-orm.png
 create mode 100644 assets/art-library/designs/environment.planet.ice/revisions/r027/ice-moon-1/source-r002/ice-3-albedo.png
 create mode 100644 assets/art-library/designs/environment.planet.ice/revisions/r027/ice-moon-1/source-r002/ice-3-orm.png
 create mode 100644 assets/art-library/designs/environment.planet.ice/revisions/r027/ice-moon-1/source-r002/ice-4-albedo.png
 create mode 100644 assets/art-library/designs/environment.planet.ice/revisions/r027/ice-moon-1/source-r002/ice-4-orm.png
 create mode 100644 assets/art-library/designs/environment.planet.ice/revisions/r027/ice-moon-1/source-r002/ice_moon_reference_composition_r002.test.ts
 create mode 100644 assets/art-library/designs/environment.planet.ice/revisions/r027/ice-moon-1/source-r002/ice_moon_reference_composition_r002.ts
 create mode 100644 assets/art-library/designs/environment.planet.ice/revisions/r027/ice-moon-1/source-r002/ice_moon_reference_r002.tsconfig.json
 create mode 100644 assets/art-library/designs/environment.planet.ice/revisions/r027/ice-moon-1/source-r002/ice_moon_reference_r002.vitest.config.ts
 create mode 100644 assets/art-library/designs/environment.planet.ice/revisions/r027/ice-moon-1/source-r002/kit-preview.png
 create mode 100644 assets/art-library/designs/environment.planet.ice/revisions/r027/ice-moon-1/source-r002/kit.blend
 create mode 100644 assets/art-library/designs/environment.planet.ice/revisions/r027/ice-moon-1/source-r002/kit.json
 create mode 100644 assets/art-library/designs/environment.planet.ice/revisions/r027/ice-moon-1/source-r002/projection-stage.log
 create mode 100644 assets/art-library/designs/environment.planet.ice/revisions/r027/ice-moon-1/source-r002/revision-notes.md
 create mode 100644 assets/art-library/designs/environment.planet.ice/revisions/r027/ice-moon-1/source-r002/snow-cut-region.glb
 create mode 100644 assets/art-library/designs/environment.planet.ice/revisions/r027/ice-moon-1/source-r002/snow-open-gorge.glb
 create mode 100644 assets/art-library/designs/environment.planet.ice/revisions/r027/ice-moon-1/source-r002/validation.json
 create mode 100644 assets/art-library/designs/environment.planet.ice/revisions/r027/ice-moon-1/source-r002/variant-recipe.json
 create mode 100644 assets/art-library/designs/environment.planet.ice/revisions/r027/ice-moon-2/source-r001/build_extreme_moon_native_variants_r001.py
 create mode 100644 assets/art-library/designs/environment.planet.ice/revisions/r027/ice-moon-2/source-r001/corrected-run.log
 create mode 100644 assets/art-library/designs/environment.planet.ice/revisions/r027/ice-moon-2/source-r001/corrected-seed38-angle2.png
 create mode 100644 assets/art-library/designs/environment.planet.ice/revisions/r027/ice-moon-2/source-r001/corrected-seed38-capture.log
 create mode 100644 assets/art-library/designs/environment.planet.ice/revisions/r027/ice-moon-2/source-r001/corrected-seed38-reference-scale.png
 create mode 100644 assets/art-library/designs/environment.planet.ice/revisions/r027/ice-moon-2/source-r001/corrected-seed38.json
 create mode 100644 assets/art-library/designs/environment.planet.ice/revisions/r027/ice-moon-2/source-r001/corrected-seed38.png
 create mode 100644 assets/art-library/designs/environment.planet.ice/revisions/r027/ice-moon-2/source-r001/exact-reference.png
 create mode 100644 assets/art-library/designs/environment.planet.ice/revisions/r027/ice-moon-2/source-r001/foundation-source.py
 create mode 100644 assets/art-library/designs/environment.planet.ice/revisions/r027/ice-moon-2/source-r001/generator.py
 create mode 100644 assets/art-library/designs/environment.planet.ice/revisions/r027/ice-moon-2/source-r001/ground-sphere-exact-normal-audit.json
 create mode 100644 assets/art-library/designs/environment.planet.ice/revisions/r027/ice-moon-2/source-r001/ground-sphere-exact-normal-audit.py
 create mode 100644 assets/art-library/designs/environment.planet.ice/revisions/r027/ice-moon-2/source-r001/ground-sphere-low-exact-normal-audit.json
 create mode 100644 assets/art-library/designs/environment.planet.ice/revisions/r027/ice-moon-2/source-r001/ground-sphere-low-exact-normal-audit.py
 create mode 100644 assets/art-library/designs/environment.planet.ice/revisions/r027/ice-moon-2/source-r001/ground-sphere-low.glb
 create mode 100644 assets/art-library/designs/environment.planet.ice/revisions/r027/ice-moon-2/source-r001/ground-sphere-medium-exact-normal-audit.json
 create mode 100644 assets/art-library/designs/environment.planet.ice/revisions/r027/ice-moon-2/source-r001/ground-sphere-medium-exact-normal-audit.py
 create mode 100644 assets/art-library/designs/environment.planet.ice/revisions/r027/ice-moon-2/source-r001/ground-sphere-medium.glb
 create mode 100644 assets/art-library/designs/environment.planet.ice/revisions/r027/ice-moon-2/source-r001/ground-sphere.glb
 create mode 100644 assets/art-library/designs/environment.planet.ice/revisions/r027/ice-moon-2/source-r001/ice-0-albedo.png
 create mode 100644 assets/art-library/designs/environment.planet.ice/revisions/r027/ice-moon-2/source-r001/ice-0-orm.png
 create mode 100644 assets/art-library/designs/environment.planet.ice/revisions/r027/ice-moon-2/source-r001/ice-1-albedo.png
 create mode 100644 assets/art-library/designs/environment.planet.ice/revisions/r027/ice-moon-2/source-r001/ice-1-orm.png
 create mode 100644 assets/art-library/designs/environment.planet.ice/revisions/r027/ice-moon-2/source-r001/ice-2-albedo.png
 create mode 100644 assets/art-library/designs/environment.planet.ice/revisions/r027/ice-moon-2/source-r001/ice-2-orm.png
 create mode 100644 assets/art-library/designs/environment.planet.ice/revisions/r027/ice-moon-2/source-r001/ice-3-albedo.png
 create mode 100644 assets/art-library/designs/environment.planet.ice/revisions/r027/ice-moon-2/source-r001/ice-3-orm.png
 create mode 100644 assets/art-library/designs/environment.planet.ice/revisions/r027/ice-moon-2/source-r001/ice-4-albedo.png
 create mode 100644 assets/art-library/designs/environment.planet.ice/revisions/r027/ice-moon-2/source-r001/ice-4-orm.png
 create mode 100644 assets/art-library/designs/environment.planet.ice/revisions/r027/ice-moon-2/source-r001/ice_moon_reference_composition_r001.test.ts
 create mode 100644 assets/art-library/designs/environment.planet.ice/revisions/r027/ice-moon-2/source-r001/ice_moon_reference_composition_r001.ts
 create mode 100644 assets/art-library/designs/environment.planet.ice/revisions/r027/ice-moon-2/source-r001/ice_moon_reference_r001.tsconfig.json
 create mode 100644 assets/art-library/designs/environment.planet.ice/revisions/r027/ice-moon-2/source-r001/ice_moon_reference_r001.vitest.config.ts
 create mode 100644 assets/art-library/designs/environment.planet.ice/revisions/r027/ice-moon-2/source-r001/kit-preview.png
 create mode 100644 assets/art-library/designs/environment.planet.ice/revisions/r027/ice-moon-2/source-r001/kit.blend
 create mode 100644 assets/art-library/designs/environment.planet.ice/revisions/r027/ice-moon-2/source-r001/kit.json
 create mode 100644 assets/art-library/designs/environment.planet.ice/revisions/r027/ice-moon-2/source-r001/revision-notes.md
 create mode 100644 assets/art-library/designs/environment.planet.ice/revisions/r027/ice-moon-2/source-r001/snow-cut-region.glb
 create mode 100644 assets/art-library/designs/environment.planet.ice/revisions/r027/ice-moon-2/source-r001/snow-open-gorge.glb
 create mode 100644 assets/art-library/designs/environment.planet.ice/revisions/r027/ice-moon-2/source-r001/validation.json
 create mode 100644 assets/art-library/designs/environment.planet.ice/revisions/r027/ice-moon-2/source-r001/variant-recipe.json
 create mode 100644 assets/art-library/designs/environment.planet.ice/revisions/r027/ice-moon-2/source-r002/build_extreme_moon_native_variants_r002.py
 create mode 100644 assets/art-library/designs/environment.planet.ice/revisions/r027/ice-moon-2/source-r002/exact-reference.png
 create mode 100644 assets/art-library/designs/environment.planet.ice/revisions/r027/ice-moon-2/source-r002/foundation-source.py
 create mode 100644 assets/art-library/designs/environment.planet.ice/revisions/r027/ice-moon-2/source-r002/generator.py
 create mode 100644 assets/art-library/designs/environment.planet.ice/revisions/r027/ice-moon-2/source-r002/ground-sphere-exact-normal-audit.json
 create mode 100644 assets/art-library/designs/environment.planet.ice/revisions/r027/ice-moon-2/source-r002/ground-sphere-exact-normal-audit.py
 create mode 100644 assets/art-library/designs/environment.planet.ice/revisions/r027/ice-moon-2/source-r002/ground-sphere-low-exact-normal-audit.json
 create mode 100644 assets/art-library/designs/environment.planet.ice/revisions/r027/ice-moon-2/source-r002/ground-sphere-low-exact-normal-audit.py
 create mode 100644 assets/art-library/designs/environment.planet.ice/revisions/r027/ice-moon-2/source-r002/ground-sphere-low.glb
 create mode 100644 assets/art-library/designs/environment.planet.ice/revisions/r027/ice-moon-2/source-r002/ground-sphere-medium-exact-normal-audit.json
 create mode 100644 assets/art-library/designs/environment.planet.ice/revisions/r027/ice-moon-2/source-r002/ground-sphere-medium-exact-normal-audit.py
 create mode 100644 assets/art-library/designs/environment.planet.ice/revisions/r027/ice-moon-2/source-r002/ground-sphere-medium.glb
 create mode 100644 assets/art-library/designs/environment.planet.ice/revisions/r027/ice-moon-2/source-r002/ground-sphere.glb
 create mode 100644 assets/art-library/designs/environment.planet.ice/revisions/r027/ice-moon-2/source-r002/ice-0-albedo.png
 create mode 100644 assets/art-library/designs/environment.planet.ice/revisions/r027/ice-moon-2/source-r002/ice-0-orm.png
 create mode 100644 assets/art-library/designs/environment.planet.ice/revisions/r027/ice-moon-2/source-r002/ice-1-albedo.png
 create mode 100644 assets/art-library/designs/environment.planet.ice/revisions/r027/ice-moon-2/source-r002/ice-1-orm.png
 create mode 100644 assets/art-library/designs/environment.planet.ice/revisions/r027/ice-moon-2/source-r002/ice-2-albedo.png
 create mode 100644 assets/art-library/designs/environment.planet.ice/revisions/r027/ice-moon-2/source-r002/ice-2-orm.png
 create mode 100644 assets/art-library/designs/environment.planet.ice/revisions/r027/ice-moon-2/source-r002/ice-3-albedo.png
 create mode 100644 assets/art-library/designs/environment.planet.ice/revisions/r027/ice-moon-2/source-r002/ice-3-orm.png
 create mode 100644 assets/art-library/designs/environment.planet.ice/revisions/r027/ice-moon-2/source-r002/ice-4-albedo.png
 create mode 100644 assets/art-library/designs/environment.planet.ice/revisions/r027/ice-moon-2/source-r002/ice-4-orm.png
 create mode 100644 assets/art-library/designs/environment.planet.ice/revisions/r027/ice-moon-2/source-r002/ice_moon_reference_composition_r002.test.ts
 create mode 100644 assets/art-library/designs/environment.planet.ice/revisions/r027/ice-moon-2/source-r002/ice_moon_reference_composition_r002.ts
 create mode 100644 assets/art-library/designs/environment.planet.ice/revisions/r027/ice-moon-2/source-r002/ice_moon_reference_r002.tsconfig.json
 create mode 100644 assets/art-library/designs/environment.planet.ice/revisions/r027/ice-moon-2/source-r002/ice_moon_reference_r002.vitest.config.ts
 create mode 100644 assets/art-library/designs/environment.planet.ice/revisions/r027/ice-moon-2/source-r002/kit-preview.png
 create mode 100644 assets/art-library/designs/environment.planet.ice/revisions/r027/ice-moon-2/source-r002/kit.blend
 create mode 100644 assets/art-library/designs/environment.planet.ice/revisions/r027/ice-moon-2/source-r002/kit.json
 create mode 100644 assets/art-library/designs/environment.planet.ice/revisions/r027/ice-moon-2/source-r002/revision-notes.md
 create mode 100644 assets/art-library/designs/environment.planet.ice/revisions/r027/ice-moon-2/source-r002/snow-cut-region.glb
 create mode 100644 assets/art-library/designs/environment.planet.ice/revisions/r027/ice-moon-2/source-r002/snow-open-gorge.glb
 create mode 100644 assets/art-library/designs/environment.planet.ice/revisions/r027/ice-moon-2/source-r002/validation.json
 create mode 100644 assets/art-library/designs/environment.planet.ice/revisions/r027/ice-moon-2/source-r002/variant-recipe.json
 create mode 100644 assets/art-library/designs/environment.planet.ice/revisions/r027/manifest.json
 create mode 100644 assets/art-library/designs/environment.planet.ice/revisions/r027/pre-checkpoint-design.json
 create mode 100644 assets/art-library/designs/environment.planet.ice/revisions/r027/reviews/ice-volcanic-moons-r001-gas-mineral-r002.md
 create mode 100644 assets/art-library/designs/environment.planet.ocean/DESIGN.html
 create mode 100644 assets/art-library/designs/environment.planet.ocean/DESIGN.md
 create mode 100644 assets/art-library/designs/environment.planet.ocean/design.json
 create mode 100644 assets/art-library/designs/environment.planet.ocean/revisions/r001/runtime-close.png
 create mode 100644 assets/art-library/designs/environment.planet.ocean/revisions/r002/runtime-close.png
 create mode 100644 assets/art-library/designs/environment.planet.ocean/revisions/r004/artifacts/composition-r004.ts
 create mode 100644 assets/art-library/designs/environment.planet.ocean/revisions/r004/artifacts/native_deformation_normals.ts
 create mode 100644 assets/art-library/designs/environment.planet.ocean/revisions/r004/artifacts/normal-change-validation.json
 create mode 100644 assets/art-library/designs/environment.planet.ocean/revisions/r004/artifacts/planet-seed38-angle2.png
 create mode 100644 assets/art-library/designs/environment.planet.ocean/revisions/r004/artifacts/planet-seed38.png
 create mode 100644 assets/art-library/designs/environment.planet.ocean/revisions/r004/artifacts/revision-notes.md
 create mode 100644 assets/art-library/designs/environment.planet.ocean/revisions/r005/artifacts/archipelago.glb
 create mode 100644 assets/art-library/designs/environment.planet.ocean/revisions/r005/artifacts/composition-notes.md
 create mode 100644 assets/art-library/designs/environment.planet.ocean/revisions/r005/artifacts/composition-r005.test.ts
 create mode 100644 assets/art-library/designs/environment.planet.ocean/revisions/r005/artifacts/composition-r005.ts
 create mode 100644 assets/art-library/designs/environment.planet.ocean/revisions/r005/artifacts/composition-validation.json
 create mode 100644 assets/art-library/designs/environment.planet.ocean/revisions/r005/artifacts/ground-sphere-low.glb
 create mode 100644 assets/art-library/designs/environment.planet.ocean/revisions/r005/artifacts/ground-sphere-medium.glb
 create mode 100644 assets/art-library/designs/environment.planet.ocean/revisions/r005/artifacts/ground-sphere.glb
 create mode 100644 assets/art-library/designs/environment.planet.ocean/revisions/r005/artifacts/kit-preview.png
 create mode 100644 assets/art-library/designs/environment.planet.ocean/revisions/r005/artifacts/kit.blend
 create mode 100644 assets/art-library/designs/environment.planet.ocean/revisions/r005/artifacts/kit.json
 create mode 100644 assets/art-library/designs/environment.planet.ocean/revisions/r005/artifacts/lagoon-atoll.glb
 create mode 100644 assets/art-library/designs/environment.planet.ocean/revisions/r005/artifacts/long-island.glb
 create mode 100644 assets/art-library/designs/environment.planet.ocean/revisions/r005/artifacts/native_deformation_normals.ts
 create mode 100644 assets/art-library/designs/environment.planet.ocean/revisions/r005/artifacts/planet-seed38-angle2.png
 create mode 100644 assets/art-library/designs/environment.planet.ocean/revisions/r005/artifacts/planet-seed38.png
 create mode 100644 assets/art-library/designs/environment.planet.ocean/revisions/r005/artifacts/small-grove.glb
 create mode 100644 assets/art-library/designs/environment.planet.ocean/revisions/r005/artifacts/steep-island.glb
 create mode 100644 assets/art-library/designs/environment.planet.ocean/revisions/r005/artifacts/tiny-islet.glb
 create mode 100644 assets/art-library/designs/environment.planet.ocean/revisions/r005/artifacts/tree-grove.glb
 create mode 100644 assets/art-library/designs/environment.planet.ocean/revisions/r005/artifacts/validation.json
 create mode 100644 assets/art-library/designs/environment.planet.ocean/revisions/r006/artifacts/archipelago.glb
 create mode 100644 assets/art-library/designs/environment.planet.ocean/revisions/r006/artifacts/composition-r006.test.ts
 create mode 100644 assets/art-library/designs/environment.planet.ocean/revisions/r006/artifacts/composition-r006.ts
 create mode 100644 assets/art-library/designs/environment.planet.ocean/revisions/r006/artifacts/composition-validation.json
 create mode 100644 assets/art-library/designs/environment.planet.ocean/revisions/r006/artifacts/generator.py
 create mode 100644 assets/art-library/designs/environment.planet.ocean/revisions/r006/artifacts/ground-sphere-low.glb
 create mode 100644 assets/art-library/designs/environment.planet.ocean/revisions/r006/artifacts/ground-sphere-medium.glb
 create mode 100644 assets/art-library/designs/environment.planet.ocean/revisions/r006/artifacts/ground-sphere.glb
 create mode 100644 assets/art-library/designs/environment.planet.ocean/revisions/r006/artifacts/kit-preview.png
 create mode 100644 assets/art-library/designs/environment.planet.ocean/revisions/r006/artifacts/kit.blend
 create mode 100644 assets/art-library/designs/environment.planet.ocean/revisions/r006/artifacts/kit.json
 create mode 100644 assets/art-library/designs/environment.planet.ocean/revisions/r006/artifacts/lagoon-atoll.glb
 create mode 100644 assets/art-library/designs/environment.planet.ocean/revisions/r006/artifacts/long-island.glb
 create mode 100644 assets/art-library/designs/environment.planet.ocean/revisions/r006/artifacts/native_deformation_normals.ts
 create mode 100644 assets/art-library/designs/environment.planet.ocean/revisions/r006/artifacts/planet-seed38-angle2.png
 create mode 100644 assets/art-library/designs/environment.planet.ocean/revisions/r006/artifacts/planet-seed38.png
 create mode 100644 assets/art-library/designs/environment.planet.ocean/revisions/r006/artifacts/revision-notes.md
 create mode 100644 assets/art-library/designs/environment.planet.ocean/revisions/r006/artifacts/small-grove.glb
 create mode 100644 assets/art-library/designs/environment.planet.ocean/revisions/r006/artifacts/steep-island.glb
 create mode 100644 assets/art-library/designs/environment.planet.ocean/revisions/r006/artifacts/tiny-islet.glb
 create mode 100644 assets/art-library/designs/environment.planet.ocean/revisions/r006/artifacts/tree-grove.glb
 create mode 100644 assets/art-library/designs/environment.planet.ocean/revisions/r006/artifacts/validation.json
 create mode 100644 assets/art-library/designs/environment.planet.ocean/revisions/r006/artifacts/water-albedo.png
 create mode 100644 assets/art-library/designs/environment.planet.ocean/revisions/r006/artifacts/water-normal.png
 create mode 100644 assets/art-library/designs/environment.planet.ocean/revisions/r006/artifacts/water-orm.png
 create mode 100644 assets/art-library/designs/environment.planet.ocean/revisions/r007/artifacts/archipelago.glb
 create mode 100644 assets/art-library/designs/environment.planet.ocean/revisions/r007/artifacts/composition-r007.test.ts
 create mode 100644 assets/art-library/designs/environment.planet.ocean/revisions/r007/artifacts/composition-r007.ts
 create mode 100644 assets/art-library/designs/environment.planet.ocean/revisions/r007/artifacts/composition-validation.json
 create mode 100644 assets/art-library/designs/environment.planet.ocean/revisions/r007/artifacts/current-optics-run.log
 create mode 100644 assets/art-library/designs/environment.planet.ocean/revisions/r007/artifacts/current-optics-seed38-angle2.png
 create mode 100644 assets/art-library/designs/environment.planet.ocean/revisions/r007/artifacts/current-optics-seed38-capture.log
 create mode 100644 assets/art-library/designs/environment.planet.ocean/revisions/r007/artifacts/current-optics-seed38-reference-scale.png
 create mode 100644 assets/art-library/designs/environment.planet.ocean/revisions/r007/artifacts/current-optics-seed38.json
 create mode 100644 assets/art-library/designs/environment.planet.ocean/revisions/r007/artifacts/current-optics-seed38.png
 create mode 100644 assets/art-library/designs/environment.planet.ocean/revisions/r007/artifacts/generator.py
 create mode 100644 assets/art-library/designs/environment.planet.ocean/revisions/r007/artifacts/ground-sphere-low.glb
 create mode 100644 assets/art-library/designs/environment.planet.ocean/revisions/r007/artifacts/ground-sphere-medium.glb
 create mode 100644 assets/art-library/designs/environment.planet.ocean/revisions/r007/artifacts/ground-sphere.glb
 create mode 100644 assets/art-library/designs/environment.planet.ocean/revisions/r007/artifacts/island-1-albedo.png
 create mode 100644 assets/art-library/designs/environment.planet.ocean/revisions/r007/artifacts/island-1-normal.png
 create mode 100644 assets/art-library/designs/environment.planet.ocean/revisions/r007/artifacts/island-1-orm.png
 create mode 100644 assets/art-library/designs/environment.planet.ocean/revisions/r007/artifacts/island-2-albedo.png
 create mode 100644 assets/art-library/designs/environment.planet.ocean/revisions/r007/artifacts/island-2-normal.png
 create mode 100644 assets/art-library/designs/environment.planet.ocean/revisions/r007/artifacts/island-2-orm.png
 create mode 100644 assets/art-library/designs/environment.planet.ocean/revisions/r007/artifacts/island-3-albedo.png
 create mode 100644 assets/art-library/designs/environment.planet.ocean/revisions/r007/artifacts/island-3-normal.png
 create mode 100644 assets/art-library/designs/environment.planet.ocean/revisions/r007/artifacts/island-3-orm.png
 create mode 100644 assets/art-library/designs/environment.planet.ocean/revisions/r007/artifacts/island-4-albedo.png
 create mode 100644 assets/art-library/designs/environment.planet.ocean/revisions/r007/artifacts/island-4-normal.png
 create mode 100644 assets/art-library/designs/environment.planet.ocean/revisions/r007/artifacts/island-4-orm.png
 create mode 100644 assets/art-library/designs/environment.planet.ocean/revisions/r007/artifacts/island-5-albedo.png
 create mode 100644 assets/art-library/designs/environment.planet.ocean/revisions/r007/artifacts/island-5-normal.png
 create mode 100644 assets/art-library/designs/environment.planet.ocean/revisions/r007/artifacts/island-5-orm.png
 create mode 100644 assets/art-library/designs/environment.planet.ocean/revisions/r007/artifacts/island-6-albedo.png
 create mode 100644 assets/art-library/designs/environment.planet.ocean/revisions/r007/artifacts/island-6-normal.png
 create mode 100644 assets/art-library/designs/environment.planet.ocean/revisions/r007/artifacts/island-6-orm.png
 create mode 100644 assets/art-library/designs/environment.planet.ocean/revisions/r007/artifacts/kit-preview.png
 create mode 100644 assets/art-library/designs/environment.planet.ocean/revisions/r007/artifacts/kit.blend
 create mode 100644 assets/art-library/designs/environment.planet.ocean/revisions/r007/artifacts/kit.json
 create mode 100644 assets/art-library/designs/environment.planet.ocean/revisions/r007/artifacts/lagoon-atoll.glb
 create mode 100644 assets/art-library/designs/environment.planet.ocean/revisions/r007/artifacts/long-island.glb
 create mode 100644 assets/art-library/designs/environment.planet.ocean/revisions/r007/artifacts/native_deformation_normals.ts
 create mode 100644 assets/art-library/designs/environment.planet.ocean/revisions/r007/artifacts/planet-reference-scale.png
 create mode 100644 assets/art-library/designs/environment.planet.ocean/revisions/r007/artifacts/planet-seed38-angle2.png
 create mode 100644 assets/art-library/designs/environment.planet.ocean/revisions/r007/artifacts/planet-seed38.png
 create mode 100644 assets/art-library/designs/environment.planet.ocean/revisions/r007/artifacts/revision-notes.md
 create mode 100644 assets/art-library/designs/environment.planet.ocean/revisions/r007/artifacts/small-grove.glb
 create mode 100644 assets/art-library/designs/environment.planet.ocean/revisions/r007/artifacts/steep-island.glb
 create mode 100644 assets/art-library/designs/environment.planet.ocean/revisions/r007/artifacts/tiny-islet.glb
 create mode 100644 assets/art-library/designs/environment.planet.ocean/revisions/r007/artifacts/tree-grove.glb
 create mode 100644 assets/art-library/designs/environment.planet.ocean/revisions/r007/artifacts/validation.json
 create mode 100644 assets/art-library/designs/environment.planet.ocean/revisions/r007/artifacts/water-albedo.png
 create mode 100644 assets/art-library/designs/environment.planet.ocean/revisions/r007/artifacts/water-normal.png
 create mode 100644 assets/art-library/designs/environment.planet.ocean/revisions/r007/artifacts/water-orm.png
 create mode 100644 assets/art-library/designs/environment.planet.ocean/revisions/r008/manifest.json
 create mode 100644 assets/art-library/designs/environment.planet.ocean/revisions/r008/ocean-moon-1/source-r001/angular-outcrops.glb
 create mode 100644 assets/art-library/designs/environment.planet.ocean/revisions/r008/ocean-moon-1/source-r001/battered-region-a.glb
 create mode 100644 assets/art-library/designs/environment.planet.ocean/revisions/r008/ocean-moon-1/source-r001/battered-region-b.glb
 create mode 100644 assets/art-library/designs/environment.planet.ocean/revisions/r008/ocean-moon-1/source-r001/build_hybrid_moon_native_variants_r001.py
 create mode 100644 assets/art-library/designs/environment.planet.ocean/revisions/r008/ocean-moon-1/source-r001/corrected-run.log
 create mode 100644 assets/art-library/designs/environment.planet.ocean/revisions/r008/ocean-moon-1/source-r001/corrected-seed38-angle2.png
 create mode 100644 assets/art-library/designs/environment.planet.ocean/revisions/r008/ocean-moon-1/source-r001/corrected-seed38-capture.log
 create mode 100644 assets/art-library/designs/environment.planet.ocean/revisions/r008/ocean-moon-1/source-r001/corrected-seed38-reference-scale.png
 create mode 100644 assets/art-library/designs/environment.planet.ocean/revisions/r008/ocean-moon-1/source-r001/corrected-seed38.json
 create mode 100644 assets/art-library/designs/environment.planet.ocean/revisions/r008/ocean-moon-1/source-r001/corrected-seed38.png
 create mode 100644 assets/art-library/designs/environment.planet.ocean/revisions/r008/ocean-moon-1/source-r001/crater-broken.glb
 create mode 100644 assets/art-library/designs/environment.planet.ocean/revisions/r008/ocean-moon-1/source-r001/crater-large.glb
 create mode 100644 assets/art-library/designs/environment.planet.ocean/revisions/r008/ocean-moon-1/source-r001/crater-small.glb
 create mode 100644 assets/art-library/designs/environment.planet.ocean/revisions/r008/ocean-moon-1/source-r001/exact-reference.png
 create mode 100644 assets/art-library/designs/environment.planet.ocean/revisions/r008/ocean-moon-1/source-r001/foundation-source.py
 create mode 100644 assets/art-library/designs/environment.planet.ocean/revisions/r008/ocean-moon-1/source-r001/fractured-shelf.glb
 create mode 100644 assets/art-library/designs/environment.planet.ocean/revisions/r008/ocean-moon-1/source-r001/generator.py
 create mode 100644 assets/art-library/designs/environment.planet.ocean/revisions/r008/ocean-moon-1/source-r001/ground-sphere-low.glb
 create mode 100644 assets/art-library/designs/environment.planet.ocean/revisions/r008/ocean-moon-1/source-r001/ground-sphere-medium.glb
 create mode 100644 assets/art-library/designs/environment.planet.ocean/revisions/r008/ocean-moon-1/source-r001/ground-sphere.glb
 create mode 100644 assets/art-library/designs/environment.planet.ocean/revisions/r008/ocean-moon-1/source-r001/hybrid_moon_reference_composition_r001.test.ts
 create mode 100644 assets/art-library/designs/environment.planet.ocean/revisions/r008/ocean-moon-1/source-r001/hybrid_moon_reference_composition_r001.ts
 create mode 100644 assets/art-library/designs/environment.planet.ocean/revisions/r008/ocean-moon-1/source-r001/hybrid_moon_reference_r001.tsconfig.json
 create mode 100644 assets/art-library/designs/environment.planet.ocean/revisions/r008/ocean-moon-1/source-r001/hybrid_moon_reference_r001.vitest.config.ts
 create mode 100644 assets/art-library/designs/environment.planet.ocean/revisions/r008/ocean-moon-1/source-r001/kit-preview.png
 create mode 100644 assets/art-library/designs/environment.planet.ocean/revisions/r008/ocean-moon-1/source-r001/kit.blend
 create mode 100644 assets/art-library/designs/environment.planet.ocean/revisions/r008/ocean-moon-1/source-r001/kit.json
 create mode 100644 assets/art-library/designs/environment.planet.ocean/revisions/r008/ocean-moon-1/source-r001/mineral-seam.glb
 create mode 100644 assets/art-library/designs/environment.planet.ocean/revisions/r008/ocean-moon-1/source-r001/revision-notes.md
 create mode 100644 assets/art-library/designs/environment.planet.ocean/revisions/r008/ocean-moon-1/source-r001/rocky-0-albedo.png
 create mode 100644 assets/art-library/designs/environment.planet.ocean/revisions/r008/ocean-moon-1/source-r001/rocky-0-orm.png
 create mode 100644 assets/art-library/designs/environment.planet.ocean/revisions/r008/ocean-moon-1/source-r001/rocky-1-albedo.png
 create mode 100644 assets/art-library/designs/environment.planet.ocean/revisions/r008/ocean-moon-1/source-r001/rocky-1-orm.png
 create mode 100644 assets/art-library/designs/environment.planet.ocean/revisions/r008/ocean-moon-1/source-r001/rocky-2-albedo.png
 create mode 100644 assets/art-library/designs/environment.planet.ocean/revisions/r008/ocean-moon-1/source-r001/rocky-2-orm.png
 create mode 100644 assets/art-library/designs/environment.planet.ocean/revisions/r008/ocean-moon-1/source-r001/rocky-3-albedo.png
 create mode 100644 assets/art-library/designs/environment.planet.ocean/revisions/r008/ocean-moon-1/source-r001/rocky-3-orm.png
 create mode 100644 assets/art-library/designs/environment.planet.ocean/revisions/r008/ocean-moon-1/source-r001/rocky-4-albedo.png
 create mode 100644 assets/art-library/designs/environment.planet.ocean/revisions/r008/ocean-moon-1/source-r001/rocky-4-orm.png
 create mode 100644 assets/art-library/designs/environment.planet.ocean/revisions/r008/ocean-moon-1/source-r001/rocky-5-albedo.png
 create mode 100644 assets/art-library/designs/environment.planet.ocean/revisions/r008/ocean-moon-1/source-r001/rocky-5-orm.png
 create mode 100644 assets/art-library/designs/environment.planet.ocean/revisions/r008/ocean-moon-1/source-r001/validation.json
 create mode 100644 assets/art-library/designs/environment.planet.ocean/revisions/r008/ocean-moon-1/source-r001/variant-recipe.json
 create mode 100644 assets/art-library/designs/environment.planet.ocean/revisions/r008/ocean-moon-2/source-r001/angular-outcrops.glb
 create mode 100644 assets/art-library/designs/environment.planet.ocean/revisions/r008/ocean-moon-2/source-r001/battered-region-a.glb
 create mode 100644 assets/art-library/designs/environment.planet.ocean/revisions/r008/ocean-moon-2/source-r001/battered-region-b.glb
 create mode 100644 assets/art-library/designs/environment.planet.ocean/revisions/r008/ocean-moon-2/source-r001/build_hybrid_moon_native_variants_r001.py
 create mode 100644 assets/art-library/designs/environment.planet.ocean/revisions/r008/ocean-moon-2/source-r001/corrected-run.log
 create mode 100644 assets/art-library/designs/environment.planet.ocean/revisions/r008/ocean-moon-2/source-r001/corrected-seed38-angle2.png
 create mode 100644 assets/art-library/designs/environment.planet.ocean/revisions/r008/ocean-moon-2/source-r001/corrected-seed38-capture.log
 create mode 100644 assets/art-library/designs/environment.planet.ocean/revisions/r008/ocean-moon-2/source-r001/corrected-seed38-reference-scale.png
 create mode 100644 assets/art-library/designs/environment.planet.ocean/revisions/r008/ocean-moon-2/source-r001/corrected-seed38.json
 create mode 100644 assets/art-library/designs/environment.planet.ocean/revisions/r008/ocean-moon-2/source-r001/corrected-seed38.png
 create mode 100644 assets/art-library/designs/environment.planet.ocean/revisions/r008/ocean-moon-2/source-r001/crater-broken.glb
 create mode 100644 assets/art-library/designs/environment.planet.ocean/revisions/r008/ocean-moon-2/source-r001/crater-large.glb
 create mode 100644 assets/art-library/designs/environment.planet.ocean/revisions/r008/ocean-moon-2/source-r001/crater-small.glb
 create mode 100644 assets/art-library/designs/environment.planet.ocean/revisions/r008/ocean-moon-2/source-r001/exact-reference.png
 create mode 100644 assets/art-library/designs/environment.planet.ocean/revisions/r008/ocean-moon-2/source-r001/foundation-source.py
 create mode 100644 assets/art-library/designs/environment.planet.ocean/revisions/r008/ocean-moon-2/source-r001/fractured-shelf.glb
 create mode 100644 assets/art-library/designs/environment.planet.ocean/revisions/r008/ocean-moon-2/source-r001/generator.py
 create mode 100644 assets/art-library/designs/environment.planet.ocean/revisions/r008/ocean-moon-2/source-r001/ground-sphere-low.glb
 create mode 100644 assets/art-library/designs/environment.planet.ocean/revisions/r008/ocean-moon-2/source-r001/ground-sphere-medium.glb
 create mode 100644 assets/art-library/designs/environment.planet.ocean/revisions/r008/ocean-moon-2/source-r001/ground-sphere.glb
 create mode 100644 assets/art-library/designs/environment.planet.ocean/revisions/r008/ocean-moon-2/source-r001/hybrid_moon_reference_composition_r001.test.ts
 create mode 100644 assets/art-library/designs/environment.planet.ocean/revisions/r008/ocean-moon-2/source-r001/hybrid_moon_reference_composition_r001.ts
 create mode 100644 assets/art-library/designs/environment.planet.ocean/revisions/r008/ocean-moon-2/source-r001/hybrid_moon_reference_r001.tsconfig.json
 create mode 100644 assets/art-library/designs/environment.planet.ocean/revisions/r008/ocean-moon-2/source-r001/hybrid_moon_reference_r001.vitest.config.ts
 create mode 100644 assets/art-library/designs/environment.planet.ocean/revisions/r008/ocean-moon-2/source-r001/kit-preview.png
 create mode 100644 assets/art-library/designs/environment.planet.ocean/revisions/r008/ocean-moon-2/source-r001/kit.blend
 create mode 100644 assets/art-library/designs/environment.planet.ocean/revisions/r008/ocean-moon-2/source-r001/kit.json
 create mode 100644 assets/art-library/designs/environment.planet.ocean/revisions/r008/ocean-moon-2/source-r001/mineral-seam.glb
 create mode 100644 assets/art-library/designs/environment.planet.ocean/revisions/r008/ocean-moon-2/source-r001/revision-notes.md
 create mode 100644 assets/art-library/designs/environment.planet.ocean/revisions/r008/ocean-moon-2/source-r001/rocky-0-albedo.png
 create mode 100644 assets/art-library/designs/environment.planet.ocean/revisions/r008/ocean-moon-2/source-r001/rocky-0-orm.png
 create mode 100644 assets/art-library/designs/environment.planet.ocean/revisions/r008/ocean-moon-2/source-r001/rocky-1-albedo.png
 create mode 100644 assets/art-library/designs/environment.planet.ocean/revisions/r008/ocean-moon-2/source-r001/rocky-1-orm.png
 create mode 100644 assets/art-library/designs/environment.planet.ocean/revisions/r008/ocean-moon-2/source-r001/rocky-2-albedo.png
 create mode 100644 assets/art-library/designs/environment.planet.ocean/revisions/r008/ocean-moon-2/source-r001/rocky-2-orm.png
 create mode 100644 assets/art-library/designs/environment.planet.ocean/revisions/r008/ocean-moon-2/source-r001/rocky-3-albedo.png
 create mode 100644 assets/art-library/designs/environment.planet.ocean/revisions/r008/ocean-moon-2/source-r001/rocky-3-orm.png
 create mode 100644 assets/art-library/designs/environment.planet.ocean/revisions/r008/ocean-moon-2/source-r001/rocky-4-albedo.png
 create mode 100644 assets/art-library/designs/environment.planet.ocean/revisions/r008/ocean-moon-2/source-r001/rocky-4-orm.png
 create mode 100644 assets/art-library/designs/environment.planet.ocean/revisions/r008/ocean-moon-2/source-r001/rocky-5-albedo.png
 create mode 100644 assets/art-library/designs/environment.planet.ocean/revisions/r008/ocean-moon-2/source-r001/rocky-5-orm.png
 create mode 100644 assets/art-library/designs/environment.planet.ocean/revisions/r008/ocean-moon-2/source-r001/validation.json
 create mode 100644 assets/art-library/designs/environment.planet.ocean/revisions/r008/ocean-moon-2/source-r001/variant-recipe.json
 create mode 100644 assets/art-library/designs/environment.planet.ocean/revisions/r008/ocean-moon-2/source-r002/angular-outcrops.glb
 create mode 100644 assets/art-library/designs/environment.planet.ocean/revisions/r008/ocean-moon-2/source-r002/battered-region-a.glb
 create mode 100644 assets/art-library/designs/environment.planet.ocean/revisions/r008/ocean-moon-2/source-r002/battered-region-b.glb
 create mode 100644 assets/art-library/designs/environment.planet.ocean/revisions/r008/ocean-moon-2/source-r002/build_hybrid_moon_native_variants_r002.py
 create mode 100644 assets/art-library/designs/environment.planet.ocean/revisions/r008/ocean-moon-2/source-r002/corrected-run.log
 create mode 100644 assets/art-library/designs/environment.planet.ocean/revisions/r008/ocean-moon-2/source-r002/corrected-seed38-angle2.png
 create mode 100644 assets/art-library/designs/environment.planet.ocean/revisions/r008/ocean-moon-2/source-r002/corrected-seed38-capture.log
 create mode 100644 assets/art-library/designs/environment.planet.ocean/revisions/r008/ocean-moon-2/source-r002/corrected-seed38-reference-scale.png
 create mode 100644 assets/art-library/designs/environment.planet.ocean/revisions/r008/ocean-moon-2/source-r002/corrected-seed38.json
 create mode 100644 assets/art-library/designs/environment.planet.ocean/revisions/r008/ocean-moon-2/source-r002/corrected-seed38.png
 create mode 100644 assets/art-library/designs/environment.planet.ocean/revisions/r008/ocean-moon-2/source-r002/crater-broken.glb
 create mode 100644 assets/art-library/designs/environment.planet.ocean/revisions/r008/ocean-moon-2/source-r002/crater-large.glb
 create mode 100644 assets/art-library/designs/environment.planet.ocean/revisions/r008/ocean-moon-2/source-r002/crater-small.glb
 create mode 100644 assets/art-library/designs/environment.planet.ocean/revisions/r008/ocean-moon-2/source-r002/exact-reference.png
 create mode 100644 assets/art-library/designs/environment.planet.ocean/revisions/r008/ocean-moon-2/source-r002/foundation-source.py
 create mode 100644 assets/art-library/designs/environment.planet.ocean/revisions/r008/ocean-moon-2/source-r002/fractured-shelf.glb
 create mode 100644 assets/art-library/designs/environment.planet.ocean/revisions/r008/ocean-moon-2/source-r002/generator.py
 create mode 100644 assets/art-library/designs/environment.planet.ocean/revisions/r008/ocean-moon-2/source-r002/ground-sphere-low.glb
 create mode 100644 assets/art-library/designs/environment.planet.ocean/revisions/r008/ocean-moon-2/source-r002/ground-sphere-medium.glb
 create mode 100644 assets/art-library/designs/environment.planet.ocean/revisions/r008/ocean-moon-2/source-r002/ground-sphere.glb
 create mode 100644 assets/art-library/designs/environment.planet.ocean/revisions/r008/ocean-moon-2/source-r002/hybrid_moon_reference_composition_r001.ts
 create mode 100644 assets/art-library/designs/environment.planet.ocean/revisions/r008/ocean-moon-2/source-r002/hybrid_moon_reference_composition_r002.test.ts
 create mode 100644 assets/art-library/designs/environment.planet.ocean/revisions/r008/ocean-moon-2/source-r002/hybrid_moon_reference_r002.tsconfig.json
 create mode 100644 assets/art-library/designs/environment.planet.ocean/revisions/r008/ocean-moon-2/source-r002/hybrid_moon_reference_r002.vitest.config.ts
 create mode 100644 assets/art-library/designs/environment.planet.ocean/revisions/r008/ocean-moon-2/source-r002/kit-preview.png
 create mode 100644 assets/art-library/designs/environment.planet.ocean/revisions/r008/ocean-moon-2/source-r002/kit.blend
 create mode 100644 assets/art-library/designs/environment.planet.ocean/revisions/r008/ocean-moon-2/source-r002/kit.json
 create mode 100644 assets/art-library/designs/environment.planet.ocean/revisions/r008/ocean-moon-2/source-r002/mineral-seam.glb
 create mode 100644 assets/art-library/designs/environment.planet.ocean/revisions/r008/ocean-moon-2/source-r002/revision-notes.md
 create mode 100644 assets/art-library/designs/environment.planet.ocean/revisions/r008/ocean-moon-2/source-r002/rocky-0-albedo.png
 create mode 100644 assets/art-library/designs/environment.planet.ocean/revisions/r008/ocean-moon-2/source-r002/rocky-0-orm.png
 create mode 100644 assets/art-library/designs/environment.planet.ocean/revisions/r008/ocean-moon-2/source-r002/rocky-1-albedo.png
 create mode 100644 assets/art-library/designs/environment.planet.ocean/revisions/r008/ocean-moon-2/source-r002/rocky-1-orm.png
 create mode 100644 assets/art-library/designs/environment.planet.ocean/revisions/r008/ocean-moon-2/source-r002/rocky-2-albedo.png
 create mode 100644 assets/art-library/designs/environment.planet.ocean/revisions/r008/ocean-moon-2/source-r002/rocky-2-orm.png
 create mode 100644 assets/art-library/designs/environment.planet.ocean/revisions/r008/ocean-moon-2/source-r002/rocky-3-albedo.png
 create mode 100644 assets/art-library/designs/environment.planet.ocean/revisions/r008/ocean-moon-2/source-r002/rocky-3-orm.png
 create mode 100644 assets/art-library/designs/environment.planet.ocean/revisions/r008/ocean-moon-2/source-r002/rocky-4-albedo.png
 create mode 100644 assets/art-library/designs/environment.planet.ocean/revisions/r008/ocean-moon-2/source-r002/rocky-4-orm.png
 create mode 100644 assets/art-library/designs/environment.planet.ocean/revisions/r008/ocean-moon-2/source-r002/rocky-5-albedo.png
 create mode 100644 assets/art-library/designs/environment.planet.ocean/revisions/r008/ocean-moon-2/source-r002/rocky-5-orm.png
 create mode 100644 assets/art-library/designs/environment.planet.ocean/revisions/r008/ocean-moon-2/source-r002/validation.json
 create mode 100644 assets/art-library/designs/environment.planet.ocean/revisions/r008/ocean-moon-2/source-r002/variant-recipe.json
 create mode 100644 assets/art-library/designs/environment.planet.ocean/revisions/r008/pre-checkpoint-design.json
 create mode 100644 assets/art-library/designs/environment.planet.ocean/revisions/r008/reviews/hybrid-moons-r002-working-passes.md
 create mode 100644 assets/art-library/designs/environment.planet.ocean/revisions/r008/reviews/toxic-r007-four-hybrid-moons.md
 create mode 100644 assets/art-library/designs/environment.planet.rocky/DESIGN.html
 create mode 100644 assets/art-library/designs/environment.planet.rocky/DESIGN.md
 create mode 100644 assets/art-library/designs/environment.planet.rocky/design.json
 create mode 100644 assets/art-library/designs/environment.planet.rocky/revisions/r001/runtime-close.png
 create mode 100644 assets/art-library/designs/environment.planet.rocky/revisions/r002/runtime-close.png
 create mode 100644 assets/art-library/designs/environment.planet.rocky/revisions/r003/runtime-close.png
 create mode 100644 assets/art-library/designs/environment.planet.rocky/revisions/r005/runtime-close.png
 create mode 100644 assets/art-library/designs/environment.planet.rocky/revisions/r006/runtime-close.png
 create mode 100644 assets/art-library/designs/environment.planet.rocky/revisions/r008/artifacts/angular-outcrops.glb
 create mode 100644 assets/art-library/designs/environment.planet.rocky/revisions/r008/artifacts/attempt-01-underlying-pit-fill/angular-outcrops.glb
 create mode 100644 assets/art-library/designs/environment.planet.rocky/revisions/r008/artifacts/attempt-01-underlying-pit-fill/battered-region-a.glb
 create mode 100644 assets/art-library/designs/environment.planet.rocky/revisions/r008/artifacts/attempt-01-underlying-pit-fill/battered-region-b.glb
 create mode 100644 assets/art-library/designs/environment.planet.rocky/revisions/r008/artifacts/attempt-01-underlying-pit-fill/crater-broken.glb
 create mode 100644 assets/art-library/designs/environment.planet.rocky/revisions/r008/artifacts/attempt-01-underlying-pit-fill/crater-large.glb
 create mode 100644 assets/art-library/designs/environment.planet.rocky/revisions/r008/artifacts/attempt-01-underlying-pit-fill/crater-small.glb
 create mode 100644 assets/art-library/designs/environment.planet.rocky/revisions/r008/artifacts/attempt-01-underlying-pit-fill/fractured-shelf.glb
 create mode 100644 assets/art-library/designs/environment.planet.rocky/revisions/r008/artifacts/attempt-01-underlying-pit-fill/ground-sphere-low.glb
 create mode 100644 assets/art-library/designs/environment.planet.rocky/revisions/r008/artifacts/attempt-01-underlying-pit-fill/ground-sphere-medium.glb
 create mode 100644 assets/art-library/designs/environment.planet.rocky/revisions/r008/artifacts/attempt-01-underlying-pit-fill/ground-sphere.glb
 create mode 100644 assets/art-library/designs/environment.planet.rocky/revisions/r008/artifacts/attempt-01-underlying-pit-fill/kit-preview.png
 create mode 100644 assets/art-library/designs/environment.planet.rocky/revisions/r008/artifacts/attempt-01-underlying-pit-fill/kit.blend
 create mode 100644 assets/art-library/designs/environment.planet.rocky/revisions/r008/artifacts/attempt-01-underlying-pit-fill/kit.json
 create mode 100644 assets/art-library/designs/environment.planet.rocky/revisions/r008/artifacts/attempt-01-underlying-pit-fill/mineral-seam.glb
 create mode 100644 assets/art-library/designs/environment.planet.rocky/revisions/r008/artifacts/attempt-01-underlying-pit-fill/rocky-0-albedo.png
 create mode 100644 assets/art-library/designs/environment.planet.rocky/revisions/r008/artifacts/attempt-01-underlying-pit-fill/rocky-0-orm.png
 create mode 100644 assets/art-library/designs/environment.planet.rocky/revisions/r008/artifacts/attempt-01-underlying-pit-fill/rocky-1-albedo.png
 create mode 100644 assets/art-library/designs/environment.planet.rocky/revisions/r008/artifacts/attempt-01-underlying-pit-fill/rocky-1-orm.png
 create mode 100644 assets/art-library/designs/environment.planet.rocky/revisions/r008/artifacts/attempt-01-underlying-pit-fill/rocky-2-albedo.png
 create mode 100644 assets/art-library/designs/environment.planet.rocky/revisions/r008/artifacts/attempt-01-underlying-pit-fill/rocky-2-orm.png
 create mode 100644 assets/art-library/designs/environment.planet.rocky/revisions/r008/artifacts/attempt-01-underlying-pit-fill/rocky-3-albedo.png
 create mode 100644 assets/art-library/designs/environment.planet.rocky/revisions/r008/artifacts/attempt-01-underlying-pit-fill/rocky-3-orm.png
 create mode 100644 assets/art-library/designs/environment.planet.rocky/revisions/r008/artifacts/attempt-01-underlying-pit-fill/rocky-4-albedo.png
 create mode 100644 assets/art-library/designs/environment.planet.rocky/revisions/r008/artifacts/attempt-01-underlying-pit-fill/rocky-4-orm.png
 create mode 100644 assets/art-library/designs/environment.planet.rocky/revisions/r008/artifacts/attempt-01-underlying-pit-fill/rocky-5-albedo.png
 create mode 100644 assets/art-library/designs/environment.planet.rocky/revisions/r008/artifacts/attempt-01-underlying-pit-fill/rocky-5-orm.png
 create mode 100644 assets/art-library/designs/environment.planet.rocky/revisions/r008/artifacts/attempt-01-underlying-pit-fill/validation.json
 create mode 100644 assets/art-library/designs/environment.planet.rocky/revisions/r008/artifacts/attribute-audit/report.json
 create mode 100644 assets/art-library/designs/environment.planet.rocky/revisions/r008/artifacts/attribute-audit/report.md
 create mode 100644 assets/art-library/designs/environment.planet.rocky/revisions/r008/artifacts/battered-region-a.glb
 create mode 100644 assets/art-library/designs/environment.planet.rocky/revisions/r008/artifacts/battered-region-b.glb
 create mode 100644 assets/art-library/designs/environment.planet.rocky/revisions/r008/artifacts/build_rocky_native_kit_r008.py
 create mode 100644 assets/art-library/designs/environment.planet.rocky/revisions/r008/artifacts/composition-tests.log
 create mode 100644 assets/art-library/designs/environment.planet.rocky/revisions/r008/artifacts/corrected-seed38-angle2.png
 create mode 100644 assets/art-library/designs/environment.planet.rocky/revisions/r008/artifacts/corrected-seed38-capture.log
 create mode 100644 assets/art-library/designs/environment.planet.rocky/revisions/r008/artifacts/corrected-seed38-reference-scale.png
 create mode 100644 assets/art-library/designs/environment.planet.rocky/revisions/r008/artifacts/corrected-seed38.json
 create mode 100644 assets/art-library/designs/environment.planet.rocky/revisions/r008/artifacts/corrected-seed38.png
 create mode 100644 assets/art-library/designs/environment.planet.rocky/revisions/r008/artifacts/crater-broken.glb
 create mode 100644 assets/art-library/designs/environment.planet.rocky/revisions/r008/artifacts/crater-large.glb
 create mode 100644 assets/art-library/designs/environment.planet.rocky/revisions/r008/artifacts/crater-small.glb
 create mode 100644 assets/art-library/designs/environment.planet.rocky/revisions/r008/artifacts/fractured-shelf.glb
 create mode 100644 assets/art-library/designs/environment.planet.rocky/revisions/r008/artifacts/ground-sphere-low.glb
 create mode 100644 assets/art-library/designs/environment.planet.rocky/revisions/r008/artifacts/ground-sphere-medium.glb
 create mode 100644 assets/art-library/designs/environment.planet.rocky/revisions/r008/artifacts/ground-sphere.glb
 create mode 100644 assets/art-library/designs/environment.planet.rocky/revisions/r008/artifacts/kit-preview.png
 create mode 100644 assets/art-library/designs/environment.planet.rocky/revisions/r008/artifacts/kit.blend
 create mode 100644 assets/art-library/designs/environment.planet.rocky/revisions/r008/artifacts/kit.json
 create mode 100644 assets/art-library/designs/environment.planet.rocky/revisions/r008/artifacts/mineral-seam.glb
 create mode 100644 assets/art-library/designs/environment.planet.rocky/revisions/r008/artifacts/regional-rocky-preview.png
 create mode 100644 assets/art-library/designs/environment.planet.rocky/revisions/r008/artifacts/render-region-preview.py
 create mode 100644 assets/art-library/designs/environment.planet.rocky/revisions/r008/artifacts/revision-notes.md
 create mode 100644 assets/art-library/designs/environment.planet.rocky/revisions/r008/artifacts/rocky-0-albedo.png
 create mode 100644 assets/art-library/designs/environment.planet.rocky/revisions/r008/artifacts/rocky-0-orm.png
 create mode 100644 assets/art-library/designs/environment.planet.rocky/revisions/r008/artifacts/rocky-1-albedo.png
 create mode 100644 assets/art-library/designs/environment.planet.rocky/revisions/r008/artifacts/rocky-1-orm.png
 create mode 100644 assets/art-library/designs/environment.planet.rocky/revisions/r008/artifacts/rocky-2-albedo.png
 create mode 100644 assets/art-library/designs/environment.planet.rocky/revisions/r008/artifacts/rocky-2-orm.png
 create mode 100644 assets/art-library/designs/environment.planet.rocky/revisions/r008/artifacts/rocky-3-albedo.png
 create mode 100644 assets/art-library/designs/environment.planet.rocky/revisions/r008/artifacts/rocky-3-orm.png
 create mode 100644 assets/art-library/designs/environment.planet.rocky/revisions/r008/artifacts/rocky-4-albedo.png
 create mode 100644 assets/art-library/designs/environment.planet.rocky/revisions/r008/artifacts/rocky-4-orm.png
 create mode 100644 assets/art-library/designs/environment.planet.rocky/revisions/r008/artifacts/rocky-5-albedo.png
 create mode 100644 assets/art-library/designs/environment.planet.rocky/revisions/r008/artifacts/rocky-5-orm.png
 create mode 100644 assets/art-library/designs/environment.planet.rocky/revisions/r008/artifacts/rocky_reference_composition_r008.test.ts
 create mode 100644 assets/art-library/designs/environment.planet.rocky/revisions/r008/artifacts/rocky_reference_composition_r008.ts
 create mode 100644 assets/art-library/designs/environment.planet.rocky/revisions/r008/artifacts/rocky_reference_r008.tsconfig.json
 create mode 100644 assets/art-library/designs/environment.planet.rocky/revisions/r008/artifacts/rocky_reference_r008.vitest.config.ts
 create mode 100644 assets/art-library/designs/environment.planet.rocky/revisions/r008/artifacts/validation.json
 create mode 100644 assets/art-library/designs/environment.planet.rocky/revisions/r008/review.md
 create mode 100644 assets/art-library/designs/environment.planet.rocky/revisions/r008/specification.json
 create mode 100644 assets/art-library/designs/environment.planet.rocky/revisions/r009/artifacts/angular-outcrops.glb
 create mode 100644 assets/art-library/designs/environment.planet.rocky/revisions/r009/artifacts/attribute-audit/report.json
 create mode 100644 assets/art-library/designs/environment.planet.rocky/revisions/r009/artifacts/attribute-audit/report.md
 create mode 100644 assets/art-library/designs/environment.planet.rocky/revisions/r009/artifacts/battered-region-a.glb
 create mode 100644 assets/art-library/designs/environment.planet.rocky/revisions/r009/artifacts/battered-region-b.glb
 create mode 100644 assets/art-library/designs/environment.planet.rocky/revisions/r009/artifacts/build_rocky_native_kit_r009.py
 create mode 100644 assets/art-library/designs/environment.planet.rocky/revisions/r009/artifacts/corrected-seed38-angle2.png
 create mode 100644 assets/art-library/designs/environment.planet.rocky/revisions/r009/artifacts/corrected-seed38-capture.log
 create mode 100644 assets/art-library/designs/environment.planet.rocky/revisions/r009/artifacts/corrected-seed38-reference-scale.png
 create mode 100644 assets/art-library/designs/environment.planet.rocky/revisions/r009/artifacts/corrected-seed38.json
 create mode 100644 assets/art-library/designs/environment.planet.rocky/revisions/r009/artifacts/corrected-seed38.png
 create mode 100644 assets/art-library/designs/environment.planet.rocky/revisions/r009/artifacts/crater-broken.glb
 create mode 100644 assets/art-library/designs/environment.planet.rocky/revisions/r009/artifacts/crater-large.glb
 create mode 100644 assets/art-library/designs/environment.planet.rocky/revisions/r009/artifacts/crater-small.glb
 create mode 100644 assets/art-library/designs/environment.planet.rocky/revisions/r009/artifacts/fractured-shelf.glb
 create mode 100644 assets/art-library/designs/environment.planet.rocky/revisions/r009/artifacts/ground-sphere-low.glb
 create mode 100644 assets/art-library/designs/environment.planet.rocky/revisions/r009/artifacts/ground-sphere-medium.glb
 create mode 100644 assets/art-library/designs/environment.planet.rocky/revisions/r009/artifacts/ground-sphere.glb
 create mode 100644 assets/art-library/designs/environment.planet.rocky/revisions/r009/artifacts/kit-preview.png
 create mode 100644 assets/art-library/designs/environment.planet.rocky/revisions/r009/artifacts/kit.blend
 create mode 100644 assets/art-library/designs/environment.planet.rocky/revisions/r009/artifacts/kit.json
 create mode 100644 assets/art-library/designs/environment.planet.rocky/revisions/r009/artifacts/mineral-seam.glb
 create mode 100644 assets/art-library/designs/environment.planet.rocky/revisions/r009/artifacts/regional-preview.png
 create mode 100644 assets/art-library/designs/environment.planet.rocky/revisions/r009/artifacts/render-region.py
 create mode 100644 assets/art-library/designs/environment.planet.rocky/revisions/r009/artifacts/revision-notes.md
 create mode 100644 assets/art-library/designs/environment.planet.rocky/revisions/r009/artifacts/rocky-0-albedo.png
 create mode 100644 assets/art-library/designs/environment.planet.rocky/revisions/r009/artifacts/rocky-0-orm.png
 create mode 100644 assets/art-library/designs/environment.planet.rocky/revisions/r009/artifacts/rocky-1-albedo.png
 create mode 100644 assets/art-library/designs/environment.planet.rocky/revisions/r009/artifacts/rocky-1-orm.png
 create mode 100644 assets/art-library/designs/environment.planet.rocky/revisions/r009/artifacts/rocky-2-albedo.png
 create mode 100644 assets/art-library/designs/environment.planet.rocky/revisions/r009/artifacts/rocky-2-orm.png
 create mode 100644 assets/art-library/designs/environment.planet.rocky/revisions/r009/artifacts/rocky-3-albedo.png
 create mode 100644 assets/art-library/designs/environment.planet.rocky/revisions/r009/artifacts/rocky-3-orm.png
 create mode 100644 assets/art-library/designs/environment.planet.rocky/revisions/r009/artifacts/rocky-4-albedo.png
 create mode 100644 assets/art-library/designs/environment.planet.rocky/revisions/r009/artifacts/rocky-4-orm.png
 create mode 100644 assets/art-library/designs/environment.planet.rocky/revisions/r009/artifacts/rocky-5-albedo.png
 create mode 100644 assets/art-library/designs/environment.planet.rocky/revisions/r009/artifacts/rocky-5-orm.png
 create mode 100644 assets/art-library/designs/environment.planet.rocky/revisions/r009/artifacts/rocky_reference_composition_r009.test.ts
 create mode 100644 assets/art-library/designs/environment.planet.rocky/revisions/r009/artifacts/rocky_reference_composition_r009.ts
 create mode 100644 assets/art-library/designs/environment.planet.rocky/revisions/r009/artifacts/rocky_reference_r009.tsconfig.json
 create mode 100644 assets/art-library/designs/environment.planet.rocky/revisions/r009/artifacts/rocky_reference_r009.vitest.config.ts
 create mode 100644 assets/art-library/designs/environment.planet.rocky/revisions/r009/artifacts/validation.json
 create mode 100644 assets/art-library/designs/environment.planet.rocky/revisions/r009/review.md
 create mode 100644 assets/art-library/designs/environment.planet.rocky/revisions/r009/specification.json
 create mode 100644 assets/art-library/designs/environment.planet.rocky/revisions/r010/artifacts/angular-outcrops.glb
 create mode 100644 assets/art-library/designs/environment.planet.rocky/revisions/r010/artifacts/attribute-audit/report.json
 create mode 100644 assets/art-library/designs/environment.planet.rocky/revisions/r010/artifacts/attribute-audit/report.md
 create mode 100644 assets/art-library/designs/environment.planet.rocky/revisions/r010/artifacts/battered-region-a.glb
 create mode 100644 assets/art-library/designs/environment.planet.rocky/revisions/r010/artifacts/battered-region-b.glb
 create mode 100644 assets/art-library/designs/environment.planet.rocky/revisions/r010/artifacts/build_rocky_native_kit_r010.py
 create mode 100644 assets/art-library/designs/environment.planet.rocky/revisions/r010/artifacts/corrected-seed38-angle2.png
 create mode 100644 assets/art-library/designs/environment.planet.rocky/revisions/r010/artifacts/corrected-seed38-capture.log
 create mode 100644 assets/art-library/designs/environment.planet.rocky/revisions/r010/artifacts/corrected-seed38-reference-scale.png
 create mode 100644 assets/art-library/designs/environment.planet.rocky/revisions/r010/artifacts/corrected-seed38.json
 create mode 100644 assets/art-library/designs/environment.planet.rocky/revisions/r010/artifacts/corrected-seed38.png
 create mode 100644 assets/art-library/designs/environment.planet.rocky/revisions/r010/artifacts/crater-broken.glb
 create mode 100644 assets/art-library/designs/environment.planet.rocky/revisions/r010/artifacts/crater-large.glb
 create mode 100644 assets/art-library/designs/environment.planet.rocky/revisions/r010/artifacts/crater-small.glb
 create mode 100644 assets/art-library/designs/environment.planet.rocky/revisions/r010/artifacts/fractured-shelf.glb
 create mode 100644 assets/art-library/designs/environment.planet.rocky/revisions/r010/artifacts/ground-sphere-low.glb
 create mode 100644 assets/art-library/designs/environment.planet.rocky/revisions/r010/artifacts/ground-sphere-medium.glb
 create mode 100644 assets/art-library/designs/environment.planet.rocky/revisions/r010/artifacts/ground-sphere.glb
 create mode 100644 assets/art-library/designs/environment.planet.rocky/revisions/r010/artifacts/kit-preview.png
 create mode 100644 assets/art-library/designs/environment.planet.rocky/revisions/r010/artifacts/kit.blend
 create mode 100644 assets/art-library/designs/environment.planet.rocky/revisions/r010/artifacts/kit.json
 create mode 100644 assets/art-library/designs/environment.planet.rocky/revisions/r010/artifacts/mineral-seam.glb
 create mode 100644 assets/art-library/designs/environment.planet.rocky/revisions/r010/artifacts/regional-preview.png
 create mode 100644 assets/art-library/designs/environment.planet.rocky/revisions/r010/artifacts/render-region.py
 create mode 100644 assets/art-library/designs/environment.planet.rocky/revisions/r010/artifacts/revision-notes.md
 create mode 100644 assets/art-library/designs/environment.planet.rocky/revisions/r010/artifacts/rocky-0-albedo.png
 create mode 100644 assets/art-library/designs/environment.planet.rocky/revisions/r010/artifacts/rocky-0-orm.png
 create mode 100644 assets/art-library/designs/environment.planet.rocky/revisions/r010/artifacts/rocky-1-albedo.png
 create mode 100644 assets/art-library/designs/environment.planet.rocky/revisions/r010/artifacts/rocky-1-orm.png
 create mode 100644 assets/art-library/designs/environment.planet.rocky/revisions/r010/artifacts/rocky-2-albedo.png
 create mode 100644 assets/art-library/designs/environment.planet.rocky/revisions/r010/artifacts/rocky-2-orm.png
 create mode 100644 assets/art-library/designs/environment.planet.rocky/revisions/r010/artifacts/rocky-3-albedo.png
 create mode 100644 assets/art-library/designs/environment.planet.rocky/revisions/r010/artifacts/rocky-3-orm.png
 create mode 100644 assets/art-library/designs/environment.planet.rocky/revisions/r010/artifacts/rocky-4-albedo.png
 create mode 100644 assets/art-library/designs/environment.planet.rocky/revisions/r010/artifacts/rocky-4-orm.png
 create mode 100644 assets/art-library/designs/environment.planet.rocky/revisions/r010/artifacts/rocky-5-albedo.png
 create mode 100644 assets/art-library/designs/environment.planet.rocky/revisions/r010/artifacts/rocky-5-orm.png
 create mode 100644 assets/art-library/designs/environment.planet.rocky/revisions/r010/artifacts/rocky_reference_composition_r010.test.ts
 create mode 100644 assets/art-library/designs/environment.planet.rocky/revisions/r010/artifacts/rocky_reference_composition_r010.ts
 create mode 100644 assets/art-library/designs/environment.planet.rocky/revisions/r010/artifacts/rocky_reference_r010.tsconfig.json
 create mode 100644 assets/art-library/designs/environment.planet.rocky/revisions/r010/artifacts/rocky_reference_r010.vitest.config.ts
 create mode 100644 assets/art-library/designs/environment.planet.rocky/revisions/r010/artifacts/validation.json
 create mode 100644 assets/art-library/designs/environment.planet.rocky/revisions/r010/specification.json
 create mode 100644 assets/art-library/designs/environment.planet.rocky/revisions/r010/working-visual-feedback.md
 create mode 100644 assets/art-library/designs/environment.planet.rocky/revisions/r011/manifest.json
 create mode 100644 assets/art-library/designs/environment.planet.rocky/revisions/r011/pre-checkpoint-design.json
 create mode 100644 assets/art-library/designs/environment.planet.rocky/revisions/r011/reviews/crystal-r013-rocky-moon-r002-volcanic-smoke.md
 create mode 100644 assets/art-library/designs/environment.planet.rocky/revisions/r011/reviews/six-solid-moon-variants-r001.md
 create mode 100644 assets/art-library/designs/environment.planet.rocky/revisions/r011/rocky-moon-1/source-r001/build_rocky_moon_native_kit_r001.py
 create mode 100644 assets/art-library/designs/environment.planet.rocky/revisions/r011/rocky-moon-1/source-r001/corrected-seed38-angle2.png
 create mode 100644 assets/art-library/designs/environment.planet.rocky/revisions/r011/rocky-moon-1/source-r001/corrected-seed38-capture.log
 create mode 100644 assets/art-library/designs/environment.planet.rocky/revisions/r011/rocky-moon-1/source-r001/corrected-seed38-reference-scale.png
 create mode 100644 assets/art-library/designs/environment.planet.rocky/revisions/r011/rocky-moon-1/source-r001/corrected-seed38.json
 create mode 100644 assets/art-library/designs/environment.planet.rocky/revisions/r011/rocky-moon-1/source-r001/corrected-seed38.png
 create mode 100644 assets/art-library/designs/environment.planet.rocky/revisions/r011/rocky-moon-1/source-r001/exact-scale-seed38-angle2.png
 create mode 100644 assets/art-library/designs/environment.planet.rocky/revisions/r011/rocky-moon-1/source-r001/exact-scale-seed38-capture.log
 create mode 100644 assets/art-library/designs/environment.planet.rocky/revisions/r011/rocky-moon-1/source-r001/exact-scale-seed38-reference-scale.png
 create mode 100644 assets/art-library/designs/environment.planet.rocky/revisions/r011/rocky-moon-1/source-r001/exact-scale-seed38.json
 create mode 100644 assets/art-library/designs/environment.planet.rocky/revisions/r011/rocky-moon-1/source-r001/exact-scale-seed38.png
 create mode 100644 assets/art-library/designs/environment.planet.rocky/revisions/r011/rocky-moon-1/source-r001/ground-sphere-low.glb
 create mode 100644 assets/art-library/designs/environment.planet.rocky/revisions/r011/rocky-moon-1/source-r001/ground-sphere-medium.glb
 create mode 100644 assets/art-library/designs/environment.planet.rocky/revisions/r011/rocky-moon-1/source-r001/ground-sphere.glb
 create mode 100644 assets/art-library/designs/environment.planet.rocky/revisions/r011/rocky-moon-1/source-r001/kit-preview.png
 create mode 100644 assets/art-library/designs/environment.planet.rocky/revisions/r011/rocky-moon-1/source-r001/kit.blend
 create mode 100644 assets/art-library/designs/environment.planet.rocky/revisions/r011/rocky-moon-1/source-r001/kit.json
 create mode 100644 assets/art-library/designs/environment.planet.rocky/revisions/r011/rocky-moon-1/source-r001/lunar-impact-a.glb
 create mode 100644 assets/art-library/designs/environment.planet.rocky/revisions/r011/rocky-moon-1/source-r001/lunar-impact-b.glb
 create mode 100644 assets/art-library/designs/environment.planet.rocky/revisions/r011/rocky-moon-1/source-r001/revision-notes.md
 create mode 100644 assets/art-library/designs/environment.planet.rocky/revisions/r011/rocky-moon-1/source-r001/rocky-0-albedo.png
 create mode 100644 assets/art-library/designs/environment.planet.rocky/revisions/r011/rocky-moon-1/source-r001/rocky-0-orm.png
 create mode 100644 assets/art-library/designs/environment.planet.rocky/revisions/r011/rocky-moon-1/source-r001/rocky-1-albedo.png
 create mode 100644 assets/art-library/designs/environment.planet.rocky/revisions/r011/rocky-moon-1/source-r001/rocky-1-orm.png
 create mode 100644 assets/art-library/designs/environment.planet.rocky/revisions/r011/rocky-moon-1/source-r001/rocky-2-albedo.png
 create mode 100644 assets/art-library/designs/environment.planet.rocky/revisions/r011/rocky-moon-1/source-r001/rocky-2-orm.png
 create mode 100644 assets/art-library/designs/environment.planet.rocky/revisions/r011/rocky-moon-1/source-r001/rocky-3-albedo.png
 create mode 100644 assets/art-library/designs/environment.planet.rocky/revisions/r011/rocky-moon-1/source-r001/rocky-3-orm.png
 create mode 100644 assets/art-library/designs/environment.planet.rocky/revisions/r011/rocky-moon-1/source-r001/rocky-4-albedo.png
 create mode 100644 assets/art-library/designs/environment.planet.rocky/revisions/r011/rocky-moon-1/source-r001/rocky-4-orm.png
 create mode 100644 assets/art-library/designs/environment.planet.rocky/revisions/r011/rocky-moon-1/source-r001/rocky-5-albedo.png
 create mode 100644 assets/art-library/designs/environment.planet.rocky/revisions/r011/rocky-moon-1/source-r001/rocky-5-orm.png
 create mode 100644 assets/art-library/designs/environment.planet.rocky/revisions/r011/rocky-moon-1/source-r001/rocky_moon_reference_composition_r001.test.ts
 create mode 100644 assets/art-library/designs/environment.planet.rocky/revisions/r011/rocky-moon-1/source-r001/rocky_moon_reference_composition_r001.ts
 create mode 100644 assets/art-library/designs/environment.planet.rocky/revisions/r011/rocky-moon-1/source-r001/rocky_moon_reference_r001.tsconfig.json
 create mode 100644 assets/art-library/designs/environment.planet.rocky/revisions/r011/rocky-moon-1/source-r001/rocky_moon_reference_r001.vitest.config.ts
 create mode 100644 assets/art-library/designs/environment.planet.rocky/revisions/r011/rocky-moon-1/source-r001/validation.json
 create mode 100644 assets/art-library/designs/environment.planet.rocky/revisions/r011/rocky-moon-1/source-r002/angular-outcrops.glb
 create mode 100644 assets/art-library/designs/environment.planet.rocky/revisions/r011/rocky-moon-1/source-r002/battered-region-a.glb
 create mode 100644 assets/art-library/designs/environment.planet.rocky/revisions/r011/rocky-moon-1/source-r002/battered-region-b.glb
 create mode 100644 assets/art-library/designs/environment.planet.rocky/revisions/r011/rocky-moon-1/source-r002/corrected-seed38-angle2.png
 create mode 100644 assets/art-library/designs/environment.planet.rocky/revisions/r011/rocky-moon-1/source-r002/corrected-seed38-capture.log
 create mode 100644 assets/art-library/designs/environment.planet.rocky/revisions/r011/rocky-moon-1/source-r002/corrected-seed38-reference-scale.png
 create mode 100644 assets/art-library/designs/environment.planet.rocky/revisions/r011/rocky-moon-1/source-r002/corrected-seed38.json
 create mode 100644 assets/art-library/designs/environment.planet.rocky/revisions/r011/rocky-moon-1/source-r002/corrected-seed38.png
 create mode 100644 assets/art-library/designs/environment.planet.rocky/revisions/r011/rocky-moon-1/source-r002/crater-broken.glb
 create mode 100644 assets/art-library/designs/environment.planet.rocky/revisions/r011/rocky-moon-1/source-r002/crater-large.glb
 create mode 100644 assets/art-library/designs/environment.planet.rocky/revisions/r011/rocky-moon-1/source-r002/crater-small.glb
 create mode 100644 assets/art-library/designs/environment.planet.rocky/revisions/r011/rocky-moon-1/source-r002/fractured-shelf.glb
 create mode 100644 assets/art-library/designs/environment.planet.rocky/revisions/r011/rocky-moon-1/source-r002/ground-sphere-low.glb
 create mode 100644 assets/art-library/designs/environment.planet.rocky/revisions/r011/rocky-moon-1/source-r002/ground-sphere-medium.glb
 create mode 100644 assets/art-library/designs/environment.planet.rocky/revisions/r011/rocky-moon-1/source-r002/ground-sphere.glb
 create mode 100644 assets/art-library/designs/environment.planet.rocky/revisions/r011/rocky-moon-1/source-r002/kit-preview.png
 create mode 100644 assets/art-library/designs/environment.planet.rocky/revisions/r011/rocky-moon-1/source-r002/kit.blend
 create mode 100644 assets/art-library/designs/environment.planet.rocky/revisions/r011/rocky-moon-1/source-r002/kit.json
 create mode 100644 assets/art-library/designs/environment.planet.rocky/revisions/r011/rocky-moon-1/source-r002/mineral-seam.glb
 create mode 100644 assets/art-library/designs/environment.planet.rocky/revisions/r011/rocky-moon-1/source-r002/rocky-0-albedo.png
 create mode 100644 assets/art-library/designs/environment.planet.rocky/revisions/r011/rocky-moon-1/source-r002/rocky-0-orm.png
 create mode 100644 assets/art-library/designs/environment.planet.rocky/revisions/r011/rocky-moon-1/source-r002/rocky-1-albedo.png
 create mode 100644 assets/art-library/designs/environment.planet.rocky/revisions/r011/rocky-moon-1/source-r002/rocky-1-orm.png
 create mode 100644 assets/art-library/designs/environment.planet.rocky/revisions/r011/rocky-moon-1/source-r002/rocky-2-albedo.png
 create mode 100644 assets/art-library/designs/environment.planet.rocky/revisions/r011/rocky-moon-1/source-r002/rocky-2-orm.png
 create mode 100644 assets/art-library/designs/environment.planet.rocky/revisions/r011/rocky-moon-1/source-r002/rocky-3-albedo.png
 create mode 100644 assets/art-library/designs/environment.planet.rocky/revisions/r011/rocky-moon-1/source-r002/rocky-3-orm.png
 create mode 100644 assets/art-library/designs/environment.planet.rocky/revisions/r011/rocky-moon-1/source-r002/rocky-4-albedo.png
 create mode 100644 assets/art-library/designs/environment.planet.rocky/revisions/r011/rocky-moon-1/source-r002/rocky-4-orm.png
 create mode 100644 assets/art-library/designs/environment.planet.rocky/revisions/r011/rocky-moon-1/source-r002/rocky-5-albedo.png
 create mode 100644 assets/art-library/designs/environment.planet.rocky/revisions/r011/rocky-moon-1/source-r002/rocky-5-orm.png
 create mode 100644 assets/art-library/designs/environment.planet.rocky/revisions/r011/rocky-moon-1/source-r002/validation.json
 create mode 100644 assets/art-library/designs/environment.planet.rocky/revisions/r011/rocky-moon-2/source-r001/angular-outcrops.glb
 create mode 100644 assets/art-library/designs/environment.planet.rocky/revisions/r011/rocky-moon-2/source-r001/battered-region-a.glb
 create mode 100644 assets/art-library/designs/environment.planet.rocky/revisions/r011/rocky-moon-2/source-r001/battered-region-b.glb
 create mode 100644 assets/art-library/designs/environment.planet.rocky/revisions/r011/rocky-moon-2/source-r001/build_solid_moon_native_variants_r001.py
 create mode 100644 assets/art-library/designs/environment.planet.rocky/revisions/r011/rocky-moon-2/source-r001/corrected-seed38-angle2.png
 create mode 100644 assets/art-library/designs/environment.planet.rocky/revisions/r011/rocky-moon-2/source-r001/corrected-seed38-capture.log
 create mode 100644 assets/art-library/designs/environment.planet.rocky/revisions/r011/rocky-moon-2/source-r001/corrected-seed38-reference-scale.png
 create mode 100644 assets/art-library/designs/environment.planet.rocky/revisions/r011/rocky-moon-2/source-r001/corrected-seed38.json
 create mode 100644 assets/art-library/designs/environment.planet.rocky/revisions/r011/rocky-moon-2/source-r001/corrected-seed38.png
 create mode 100644 assets/art-library/designs/environment.planet.rocky/revisions/r011/rocky-moon-2/source-r001/crater-broken.glb
 create mode 100644 assets/art-library/designs/environment.planet.rocky/revisions/r011/rocky-moon-2/source-r001/crater-large.glb
 create mode 100644 assets/art-library/designs/environment.planet.rocky/revisions/r011/rocky-moon-2/source-r001/crater-small.glb
 create mode 100644 assets/art-library/designs/environment.planet.rocky/revisions/r011/rocky-moon-2/source-r001/exact-reference.png
 create mode 100644 assets/art-library/designs/environment.planet.rocky/revisions/r011/rocky-moon-2/source-r001/foundation-source.py
 create mode 100644 assets/art-library/designs/environment.planet.rocky/revisions/r011/rocky-moon-2/source-r001/fractured-shelf.glb
 create mode 100644 assets/art-library/designs/environment.planet.rocky/revisions/r011/rocky-moon-2/source-r001/generator.py
 create mode 100644 assets/art-library/designs/environment.planet.rocky/revisions/r011/rocky-moon-2/source-r001/ground-sphere-low.glb
 create mode 100644 assets/art-library/designs/environment.planet.rocky/revisions/r011/rocky-moon-2/source-r001/ground-sphere-medium.glb
 create mode 100644 assets/art-library/designs/environment.planet.rocky/revisions/r011/rocky-moon-2/source-r001/ground-sphere.glb
 create mode 100644 assets/art-library/designs/environment.planet.rocky/revisions/r011/rocky-moon-2/source-r001/kit-preview.png
 create mode 100644 assets/art-library/designs/environment.planet.rocky/revisions/r011/rocky-moon-2/source-r001/kit.blend
 create mode 100644 assets/art-library/designs/environment.planet.rocky/revisions/r011/rocky-moon-2/source-r001/kit.json
 create mode 100644 assets/art-library/designs/environment.planet.rocky/revisions/r011/rocky-moon-2/source-r001/mineral-seam.glb
 create mode 100644 assets/art-library/designs/environment.planet.rocky/revisions/r011/rocky-moon-2/source-r001/revision-notes.md
 create mode 100644 assets/art-library/designs/environment.planet.rocky/revisions/r011/rocky-moon-2/source-r001/rocky-0-albedo.png
 create mode 100644 assets/art-library/designs/environment.planet.rocky/revisions/r011/rocky-moon-2/source-r001/rocky-0-orm.png
 create mode 100644 assets/art-library/designs/environment.planet.rocky/revisions/r011/rocky-moon-2/source-r001/rocky-1-albedo.png
 create mode 100644 assets/art-library/designs/environment.planet.rocky/revisions/r011/rocky-moon-2/source-r001/rocky-1-orm.png
 create mode 100644 assets/art-library/designs/environment.planet.rocky/revisions/r011/rocky-moon-2/source-r001/rocky-2-albedo.png
 create mode 100644 assets/art-library/designs/environment.planet.rocky/revisions/r011/rocky-moon-2/source-r001/rocky-2-orm.png
 create mode 100644 assets/art-library/designs/environment.planet.rocky/revisions/r011/rocky-moon-2/source-r001/rocky-3-albedo.png
 create mode 100644 assets/art-library/designs/environment.planet.rocky/revisions/r011/rocky-moon-2/source-r001/rocky-3-orm.png
 create mode 100644 assets/art-library/designs/environment.planet.rocky/revisions/r011/rocky-moon-2/source-r001/rocky-4-albedo.png
 create mode 100644 assets/art-library/designs/environment.planet.rocky/revisions/r011/rocky-moon-2/source-r001/rocky-4-orm.png
 create mode 100644 assets/art-library/designs/environment.planet.rocky/revisions/r011/rocky-moon-2/source-r001/rocky-5-albedo.png
 create mode 100644 assets/art-library/designs/environment.planet.rocky/revisions/r011/rocky-moon-2/source-r001/rocky-5-orm.png
 create mode 100644 assets/art-library/designs/environment.planet.rocky/revisions/r011/rocky-moon-2/source-r001/solid_moon_reference_composition_r001.test.ts
 create mode 100644 assets/art-library/designs/environment.planet.rocky/revisions/r011/rocky-moon-2/source-r001/solid_moon_reference_composition_r001.ts
 create mode 100644 assets/art-library/designs/environment.planet.rocky/revisions/r011/rocky-moon-2/source-r001/solid_moon_reference_r001.tsconfig.json
 create mode 100644 assets/art-library/designs/environment.planet.rocky/revisions/r011/rocky-moon-2/source-r001/solid_moon_reference_r001.vitest.config.ts
 create mode 100644 assets/art-library/designs/environment.planet.rocky/revisions/r011/rocky-moon-2/source-r001/validation.json
 create mode 100644 assets/art-library/designs/environment.planet.rocky/revisions/r011/rocky-moon-2/source-r001/variant-recipe.json
 create mode 100644 assets/art-library/designs/environment.planet.temperate/DESIGN.html
 create mode 100644 assets/art-library/designs/environment.planet.temperate/DESIGN.md
 create mode 100644 assets/art-library/designs/environment.planet.temperate/design.json
 create mode 100644 assets/art-library/designs/environment.planet.temperate/revisions/r001/artifacts/attribute-audit/report.json
 create mode 100644 assets/art-library/designs/environment.planet.temperate/revisions/r001/artifacts/attribute-audit/report.md
 create mode 100644 assets/art-library/designs/environment.planet.temperate/revisions/r001/artifacts/build_temperate_native_kit_r001.py
 create mode 100644 assets/art-library/designs/environment.planet.temperate/revisions/r001/artifacts/composition-tests.log
 create mode 100644 assets/art-library/designs/environment.planet.temperate/revisions/r001/artifacts/continent-a.glb
 create mode 100644 assets/art-library/designs/environment.planet.temperate/revisions/r001/artifacts/continent-b.glb
 create mode 100644 assets/art-library/designs/environment.planet.temperate/revisions/r001/artifacts/continent-c.glb
 create mode 100644 assets/art-library/designs/environment.planet.temperate/revisions/r001/artifacts/corrected-seed38-angle2.png
 create mode 100644 assets/art-library/designs/environment.planet.temperate/revisions/r001/artifacts/corrected-seed38-capture.log
 create mode 100644 assets/art-library/designs/environment.planet.temperate/revisions/r001/artifacts/corrected-seed38-reference-scale.png
 create mode 100644 assets/art-library/designs/environment.planet.temperate/revisions/r001/artifacts/corrected-seed38.json
 create mode 100644 assets/art-library/designs/environment.planet.temperate/revisions/r001/artifacts/corrected-seed38.png
 create mode 100644 assets/art-library/designs/environment.planet.temperate/revisions/r001/artifacts/forested-continent-preview.png
 create mode 100644 assets/art-library/designs/environment.planet.temperate/revisions/r001/artifacts/ground-sphere-low.glb
 create mode 100644 assets/art-library/designs/environment.planet.temperate/revisions/r001/artifacts/ground-sphere-medium.glb
 create mode 100644 assets/art-library/designs/environment.planet.temperate/revisions/r001/artifacts/ground-sphere.glb
 create mode 100644 assets/art-library/designs/environment.planet.temperate/revisions/r001/artifacts/island-1-albedo.png
 create mode 100644 assets/art-library/designs/environment.planet.temperate/revisions/r001/artifacts/island-1-normal.png
 create mode 100644 assets/art-library/designs/environment.planet.temperate/revisions/r001/artifacts/island-1-orm.png
 create mode 100644 assets/art-library/designs/environment.planet.temperate/revisions/r001/artifacts/island-2-albedo.png
 create mode 100644 assets/art-library/designs/environment.planet.temperate/revisions/r001/artifacts/island-2-normal.png
 create mode 100644 assets/art-library/designs/environment.planet.temperate/revisions/r001/artifacts/island-2-orm.png
 create mode 100644 assets/art-library/designs/environment.planet.temperate/revisions/r001/artifacts/island-3-albedo.png
 create mode 100644 assets/art-library/designs/environment.planet.temperate/revisions/r001/artifacts/island-3-normal.png
 create mode 100644 assets/art-library/designs/environment.planet.temperate/revisions/r001/artifacts/island-3-orm.png
 create mode 100644 assets/art-library/designs/environment.planet.temperate/revisions/r001/artifacts/island-4-albedo.png
 create mode 100644 assets/art-library/designs/environment.planet.temperate/revisions/r001/artifacts/island-4-normal.png
 create mode 100644 assets/art-library/designs/environment.planet.temperate/revisions/r001/artifacts/island-4-orm.png
 create mode 100644 assets/art-library/designs/environment.planet.temperate/revisions/r001/artifacts/island-5-albedo.png
 create mode 100644 assets/art-library/designs/environment.planet.temperate/revisions/r001/artifacts/island-5-normal.png
 create mode 100644 assets/art-library/designs/environment.planet.temperate/revisions/r001/artifacts/island-5-orm.png
 create mode 100644 assets/art-library/designs/environment.planet.temperate/revisions/r001/artifacts/island-6-albedo.png
 create mode 100644 assets/art-library/designs/environment.planet.temperate/revisions/r001/artifacts/island-6-normal.png
 create mode 100644 assets/art-library/designs/environment.planet.temperate/revisions/r001/artifacts/island-6-orm.png
 create mode 100644 assets/art-library/designs/environment.planet.temperate/revisions/r001/artifacts/kit-preview.png
 create mode 100644 assets/art-library/designs/environment.planet.temperate/revisions/r001/artifacts/kit.blend
 create mode 100644 assets/art-library/designs/environment.planet.temperate/revisions/r001/artifacts/kit.json
 create mode 100644 assets/art-library/designs/environment.planet.temperate/revisions/r001/artifacts/planet-reference-scale.png
 create mode 100644 assets/art-library/designs/environment.planet.temperate/revisions/r001/artifacts/planet-seed38-angle2.png
 create mode 100644 assets/art-library/designs/environment.planet.temperate/revisions/r001/artifacts/planet-seed38.png
 create mode 100644 assets/art-library/designs/environment.planet.temperate/revisions/r001/artifacts/render-forest-unit.py
 create mode 100644 assets/art-library/designs/environment.planet.temperate/revisions/r001/artifacts/revision-notes.md
 create mode 100644 assets/art-library/designs/environment.planet.temperate/revisions/r001/artifacts/small-grove.glb
 create mode 100644 assets/art-library/designs/environment.planet.temperate/revisions/r001/artifacts/temperate_reference_composition_r001.test.ts
 create mode 100644 assets/art-library/designs/environment.planet.temperate/revisions/r001/artifacts/temperate_reference_composition_r001.ts
 create mode 100644 assets/art-library/designs/environment.planet.temperate/revisions/r001/artifacts/temperate_reference_r001.tsconfig.json
 create mode 100644 assets/art-library/designs/environment.planet.temperate/revisions/r001/artifacts/temperate_reference_r001.vitest.config.ts
 create mode 100644 assets/art-library/designs/environment.planet.temperate/revisions/r001/artifacts/tree-grove.glb
 create mode 100644 assets/art-library/designs/environment.planet.temperate/revisions/r001/artifacts/validation.json
 create mode 100644 assets/art-library/designs/environment.planet.temperate/revisions/r001/artifacts/water-albedo.png
 create mode 100644 assets/art-library/designs/environment.planet.temperate/revisions/r001/artifacts/water-normal.png
 create mode 100644 assets/art-library/designs/environment.planet.temperate/revisions/r001/artifacts/water-orm.png
 create mode 100644 assets/art-library/designs/environment.planet.temperate/revisions/r001/review.md
 create mode 100644 assets/art-library/designs/environment.planet.temperate/revisions/r001/specification.json
 create mode 100644 assets/art-library/designs/environment.planet.temperate/revisions/r002/artifacts/attribute-audit-final/report.json
 create mode 100644 assets/art-library/designs/environment.planet.temperate/revisions/r002/artifacts/attribute-audit-final/report.md
 create mode 100644 assets/art-library/designs/environment.planet.temperate/revisions/r002/artifacts/attribute-audit/report.json
 create mode 100644 assets/art-library/designs/environment.planet.temperate/revisions/r002/artifacts/attribute-audit/report.md
 create mode 100644 assets/art-library/designs/environment.planet.temperate/revisions/r002/artifacts/build_temperate_native_kit_r002.py
 create mode 100644 assets/art-library/designs/environment.planet.temperate/revisions/r002/artifacts/continent-a.glb
 create mode 100644 assets/art-library/designs/environment.planet.temperate/revisions/r002/artifacts/continent-b.glb
 create mode 100644 assets/art-library/designs/environment.planet.temperate/revisions/r002/artifacts/continent-c.glb
 create mode 100644 assets/art-library/designs/environment.planet.temperate/revisions/r002/artifacts/corrected-seed38-angle2.png
 create mode 100644 assets/art-library/designs/environment.planet.temperate/revisions/r002/artifacts/corrected-seed38-capture.log
 create mode 100644 assets/art-library/designs/environment.planet.temperate/revisions/r002/artifacts/corrected-seed38-reference-scale.png
 create mode 100644 assets/art-library/designs/environment.planet.temperate/revisions/r002/artifacts/corrected-seed38.json
 create mode 100644 assets/art-library/designs/environment.planet.temperate/revisions/r002/artifacts/corrected-seed38.png
 create mode 100644 assets/art-library/designs/environment.planet.temperate/revisions/r002/artifacts/exact-normal-matching-audit.json
 create mode 100644 assets/art-library/designs/environment.planet.temperate/revisions/r002/artifacts/exact-normal-matching-audit.py
 create mode 100644 assets/art-library/designs/environment.planet.temperate/revisions/r002/artifacts/export-normal-alignment.json
 create mode 100644 assets/art-library/designs/environment.planet.temperate/revisions/r002/artifacts/forested-continent-preview.png
 create mode 100644 assets/art-library/designs/environment.planet.temperate/revisions/r002/artifacts/ground-sphere-low.glb
 create mode 100644 assets/art-library/designs/environment.planet.temperate/revisions/r002/artifacts/ground-sphere-medium.glb
 create mode 100644 assets/art-library/designs/environment.planet.temperate/revisions/r002/artifacts/ground-sphere.glb
 create mode 100644 assets/art-library/designs/environment.planet.temperate/revisions/r002/artifacts/island-1-albedo.png
 create mode 100644 assets/art-library/designs/environment.planet.temperate/revisions/r002/artifacts/island-1-normal.png
 create mode 100644 assets/art-library/designs/environment.planet.temperate/revisions/r002/artifacts/island-1-orm.png
 create mode 100644 assets/art-library/designs/environment.planet.temperate/revisions/r002/artifacts/island-2-albedo.png
 create mode 100644 assets/art-library/designs/environment.planet.temperate/revisions/r002/artifacts/island-2-normal.png
 create mode 100644 assets/art-library/designs/environment.planet.temperate/revisions/r002/artifacts/island-2-orm.png
 create mode 100644 assets/art-library/designs/environment.planet.temperate/revisions/r002/artifacts/island-3-albedo.png
 create mode 100644 assets/art-library/designs/environment.planet.temperate/revisions/r002/artifacts/island-3-normal.png
 create mode 100644 assets/art-library/designs/environment.planet.temperate/revisions/r002/artifacts/island-3-orm.png
 create mode 100644 assets/art-library/designs/environment.planet.temperate/revisions/r002/artifacts/island-4-albedo.png
 create mode 100644 assets/art-library/designs/environment.planet.temperate/revisions/r002/artifacts/island-4-normal.png
 create mode 100644 assets/art-library/designs/environment.planet.temperate/revisions/r002/artifacts/island-4-orm.png
 create mode 100644 assets/art-library/designs/environment.planet.temperate/revisions/r002/artifacts/island-5-albedo.png
 create mode 100644 assets/art-library/designs/environment.planet.temperate/revisions/r002/artifacts/island-5-normal.png
 create mode 100644 assets/art-library/designs/environment.planet.temperate/revisions/r002/artifacts/island-5-orm.png
 create mode 100644 assets/art-library/designs/environment.planet.temperate/revisions/r002/artifacts/island-6-albedo.png
 create mode 100644 assets/art-library/designs/environment.planet.temperate/revisions/r002/artifacts/island-6-normal.png
 create mode 100644 assets/art-library/designs/environment.planet.temperate/revisions/r002/artifacts/island-6-orm.png
 create mode 100644 assets/art-library/designs/environment.planet.temperate/revisions/r002/artifacts/kit-before-export-normal-alignment.json
 create mode 100644 assets/art-library/designs/environment.planet.temperate/revisions/r002/artifacts/kit-preview.png
 create mode 100644 assets/art-library/designs/environment.planet.temperate/revisions/r002/artifacts/kit.blend
 create mode 100644 assets/art-library/designs/environment.planet.temperate/revisions/r002/artifacts/kit.json
 create mode 100644 assets/art-library/designs/environment.planet.temperate/revisions/r002/artifacts/planet-reference-scale.png
 create mode 100644 assets/art-library/designs/environment.planet.temperate/revisions/r002/artifacts/planet-seed38-angle2.png
 create mode 100644 assets/art-library/designs/environment.planet.temperate/revisions/r002/artifacts/planet-seed38.png
 create mode 100644 assets/art-library/designs/environment.planet.temperate/revisions/r002/artifacts/preserve-exported-normals.py
 create mode 100644 assets/art-library/designs/environment.planet.temperate/revisions/r002/artifacts/render-forest-unit.py
 create mode 100644 assets/art-library/designs/environment.planet.temperate/revisions/r002/artifacts/revision-notes.md
 create mode 100644 assets/art-library/designs/environment.planet.temperate/revisions/r002/artifacts/small-grove.glb
 create mode 100644 assets/art-library/designs/environment.planet.temperate/revisions/r002/artifacts/temperate_reference_composition_r002.test.ts
 create mode 100644 assets/art-library/designs/environment.planet.temperate/revisions/r002/artifacts/temperate_reference_composition_r002.ts
 create mode 100644 assets/art-library/designs/environment.planet.temperate/revisions/r002/artifacts/temperate_reference_r002.tsconfig.json
 create mode 100644 assets/art-library/designs/environment.planet.temperate/revisions/r002/artifacts/temperate_reference_r002.vitest.config.ts
 create mode 100644 assets/art-library/designs/environment.planet.temperate/revisions/r002/artifacts/tree-grove.glb
 create mode 100644 assets/art-library/designs/environment.planet.temperate/revisions/r002/artifacts/validation.json
 create mode 100644 assets/art-library/designs/environment.planet.temperate/revisions/r002/artifacts/water-albedo.png
 create mode 100644 assets/art-library/designs/environment.planet.temperate/revisions/r002/artifacts/water-normal.png
 create mode 100644 assets/art-library/designs/environment.planet.temperate/revisions/r002/artifacts/water-orm.png
 create mode 100644 assets/art-library/designs/environment.planet.temperate/revisions/r002/coast-review.md
 create mode 100644 assets/art-library/designs/environment.planet.temperate/revisions/r002/normal-audit-resolution.md
 create mode 100644 assets/art-library/designs/environment.planet.temperate/revisions/r002/specification.json
 create mode 100644 assets/art-library/designs/environment.planet.temperate/revisions/r003/artifacts/attribute-audit/report.json
 create mode 100644 assets/art-library/designs/environment.planet.temperate/revisions/r003/artifacts/attribute-audit/report.md
 create mode 100644 assets/art-library/designs/environment.planet.temperate/revisions/r003/artifacts/build_temperate_native_kit_r003.py
 create mode 100644 assets/art-library/designs/environment.planet.temperate/revisions/r003/artifacts/continent-a.glb
 create mode 100644 assets/art-library/designs/environment.planet.temperate/revisions/r003/artifacts/continent-b.glb
 create mode 100644 assets/art-library/designs/environment.planet.temperate/revisions/r003/artifacts/continent-c.glb
 create mode 100644 assets/art-library/designs/environment.planet.temperate/revisions/r003/artifacts/exact-normal-matching-audit.json
 create mode 100644 assets/art-library/designs/environment.planet.temperate/revisions/r003/artifacts/exact-normal-matching-audit.py
 create mode 100644 assets/art-library/designs/environment.planet.temperate/revisions/r003/artifacts/forested-continent-preview.png
 create mode 100644 assets/art-library/designs/environment.planet.temperate/revisions/r003/artifacts/ground-sphere-low.glb
 create mode 100644 assets/art-library/designs/environment.planet.temperate/revisions/r003/artifacts/ground-sphere-medium.glb
 create mode 100644 assets/art-library/designs/environment.planet.temperate/revisions/r003/artifacts/ground-sphere.glb
 create mode 100644 assets/art-library/designs/environment.planet.temperate/revisions/r003/artifacts/island-1-albedo.png
 create mode 100644 assets/art-library/designs/environment.planet.temperate/revisions/r003/artifacts/island-1-normal.png
 create mode 100644 assets/art-library/designs/environment.planet.temperate/revisions/r003/artifacts/island-1-orm.png
 create mode 100644 assets/art-library/designs/environment.planet.temperate/revisions/r003/artifacts/island-2-albedo.png
 create mode 100644 assets/art-library/designs/environment.planet.temperate/revisions/r003/artifacts/island-2-normal.png
 create mode 100644 assets/art-library/designs/environment.planet.temperate/revisions/r003/artifacts/island-2-orm.png
 create mode 100644 assets/art-library/designs/environment.planet.temperate/revisions/r003/artifacts/island-3-albedo.png
 create mode 100644 assets/art-library/designs/environment.planet.temperate/revisions/r003/artifacts/island-3-normal.png
 create mode 100644 assets/art-library/designs/environment.planet.temperate/revisions/r003/artifacts/island-3-orm.png
 create mode 100644 assets/art-library/designs/environment.planet.temperate/revisions/r003/artifacts/island-4-albedo.png
 create mode 100644 assets/art-library/designs/environment.planet.temperate/revisions/r003/artifacts/island-4-normal.png
 create mode 100644 assets/art-library/designs/environment.planet.temperate/revisions/r003/artifacts/island-4-orm.png
 create mode 100644 assets/art-library/designs/environment.planet.temperate/revisions/r003/artifacts/island-5-albedo.png
 create mode 100644 assets/art-library/designs/environment.planet.temperate/revisions/r003/artifacts/island-5-normal.png
 create mode 100644 assets/art-library/designs/environment.planet.temperate/revisions/r003/artifacts/island-5-orm.png
 create mode 100644 assets/art-library/designs/environment.planet.temperate/revisions/r003/artifacts/island-6-albedo.png
 create mode 100644 assets/art-library/designs/environment.planet.temperate/revisions/r003/artifacts/island-6-normal.png
 create mode 100644 assets/art-library/designs/environment.planet.temperate/revisions/r003/artifacts/island-6-orm.png
 create mode 100644 assets/art-library/designs/environment.planet.temperate/revisions/r003/artifacts/kit-preview.png
 create mode 100644 assets/art-library/designs/environment.planet.temperate/revisions/r003/artifacts/kit.blend
 create mode 100644 assets/art-library/designs/environment.planet.temperate/revisions/r003/artifacts/kit.json
 create mode 100644 assets/art-library/designs/environment.planet.temperate/revisions/r003/artifacts/planet-reference-scale.png
 create mode 100644 assets/art-library/designs/environment.planet.temperate/revisions/r003/artifacts/planet-seed38-angle2.png
 create mode 100644 assets/art-library/designs/environment.planet.temperate/revisions/r003/artifacts/planet-seed38.png
 create mode 100644 assets/art-library/designs/environment.planet.temperate/revisions/r003/artifacts/render-forest-unit.py
 create mode 100644 assets/art-library/designs/environment.planet.temperate/revisions/r003/artifacts/revision-notes.md
 create mode 100644 assets/art-library/designs/environment.planet.temperate/revisions/r003/artifacts/small-grove.glb
 create mode 100644 assets/art-library/designs/environment.planet.temperate/revisions/r003/artifacts/temperate_reference_composition_r003.test.ts
 create mode 100644 assets/art-library/designs/environment.planet.temperate/revisions/r003/artifacts/temperate_reference_composition_r003.ts
 create mode 100644 assets/art-library/designs/environment.planet.temperate/revisions/r003/artifacts/temperate_reference_r003.tsconfig.json
 create mode 100644 assets/art-library/designs/environment.planet.temperate/revisions/r003/artifacts/temperate_reference_r003.vitest.config.ts
 create mode 100644 assets/art-library/designs/environment.planet.temperate/revisions/r003/artifacts/tree-grove.glb
 create mode 100644 assets/art-library/designs/environment.planet.temperate/revisions/r003/artifacts/validation.json
 create mode 100644 assets/art-library/designs/environment.planet.temperate/revisions/r003/artifacts/water-albedo.png
 create mode 100644 assets/art-library/designs/environment.planet.temperate/revisions/r003/artifacts/water-normal.png
 create mode 100644 assets/art-library/designs/environment.planet.temperate/revisions/r003/artifacts/water-orm.png
 create mode 100644 assets/art-library/designs/environment.planet.temperate/revisions/r003/specification.json
 create mode 100644 assets/art-library/designs/environment.planet.temperate/revisions/r004/manifest.json
 create mode 100644 assets/art-library/designs/environment.planet.temperate/revisions/r004/pre-checkpoint-design.json
 create mode 100644 assets/art-library/designs/environment.planet.temperate/revisions/r004/reviews/hybrid-moons-r002-working-passes.md
 create mode 100644 assets/art-library/designs/environment.planet.temperate/revisions/r004/reviews/toxic-r007-four-hybrid-moons.md
 create mode 100644 assets/art-library/designs/environment.planet.temperate/revisions/r004/temperate-moon-1/source-r001/angular-outcrops.glb
 create mode 100644 assets/art-library/designs/environment.planet.temperate/revisions/r004/temperate-moon-1/source-r001/battered-region-a.glb
 create mode 100644 assets/art-library/designs/environment.planet.temperate/revisions/r004/temperate-moon-1/source-r001/battered-region-b.glb
 create mode 100644 assets/art-library/designs/environment.planet.temperate/revisions/r004/temperate-moon-1/source-r001/build_hybrid_moon_native_variants_r001.py
 create mode 100644 assets/art-library/designs/environment.planet.temperate/revisions/r004/temperate-moon-1/source-r001/corrected-run.log
 create mode 100644 assets/art-library/designs/environment.planet.temperate/revisions/r004/temperate-moon-1/source-r001/corrected-seed38-angle2.png
 create mode 100644 assets/art-library/designs/environment.planet.temperate/revisions/r004/temperate-moon-1/source-r001/corrected-seed38-capture.log
 create mode 100644 assets/art-library/designs/environment.planet.temperate/revisions/r004/temperate-moon-1/source-r001/corrected-seed38-reference-scale.png
 create mode 100644 assets/art-library/designs/environment.planet.temperate/revisions/r004/temperate-moon-1/source-r001/corrected-seed38.json
 create mode 100644 assets/art-library/designs/environment.planet.temperate/revisions/r004/temperate-moon-1/source-r001/corrected-seed38.png
 create mode 100644 assets/art-library/designs/environment.planet.temperate/revisions/r004/temperate-moon-1/source-r001/crater-broken.glb
 create mode 100644 assets/art-library/designs/environment.planet.temperate/revisions/r004/temperate-moon-1/source-r001/crater-large.glb
 create mode 100644 assets/art-library/designs/environment.planet.temperate/revisions/r004/temperate-moon-1/source-r001/crater-small.glb
 create mode 100644 assets/art-library/designs/environment.planet.temperate/revisions/r004/temperate-moon-1/source-r001/exact-reference.png
 create mode 100644 assets/art-library/designs/environment.planet.temperate/revisions/r004/temperate-moon-1/source-r001/foundation-source.py
 create mode 100644 assets/art-library/designs/environment.planet.temperate/revisions/r004/temperate-moon-1/source-r001/fractured-shelf.glb
 create mode 100644 assets/art-library/designs/environment.planet.temperate/revisions/r004/temperate-moon-1/source-r001/generator.py
 create mode 100644 assets/art-library/designs/environment.planet.temperate/revisions/r004/temperate-moon-1/source-r001/ground-sphere-low.glb
 create mode 100644 assets/art-library/designs/environment.planet.temperate/revisions/r004/temperate-moon-1/source-r001/ground-sphere-medium.glb
 create mode 100644 assets/art-library/designs/environment.planet.temperate/revisions/r004/temperate-moon-1/source-r001/ground-sphere.glb
 create mode 100644 assets/art-library/designs/environment.planet.temperate/revisions/r004/temperate-moon-1/source-r001/hybrid_moon_reference_composition_r001.test.ts
 create mode 100644 assets/art-library/designs/environment.planet.temperate/revisions/r004/temperate-moon-1/source-r001/hybrid_moon_reference_composition_r001.ts
 create mode 100644 assets/art-library/designs/environment.planet.temperate/revisions/r004/temperate-moon-1/source-r001/hybrid_moon_reference_r001.tsconfig.json
 create mode 100644 assets/art-library/designs/environment.planet.temperate/revisions/r004/temperate-moon-1/source-r001/hybrid_moon_reference_r001.vitest.config.ts
 create mode 100644 assets/art-library/designs/environment.planet.temperate/revisions/r004/temperate-moon-1/source-r001/kit-preview.png
 create mode 100644 assets/art-library/designs/environment.planet.temperate/revisions/r004/temperate-moon-1/source-r001/kit.blend
 create mode 100644 assets/art-library/designs/environment.planet.temperate/revisions/r004/temperate-moon-1/source-r001/kit.json
 create mode 100644 assets/art-library/designs/environment.planet.temperate/revisions/r004/temperate-moon-1/source-r001/mineral-seam.glb
 create mode 100644 assets/art-library/designs/environment.planet.temperate/revisions/r004/temperate-moon-1/source-r001/revision-notes.md
 create mode 100644 assets/art-library/designs/environment.planet.temperate/revisions/r004/temperate-moon-1/source-r001/rocky-0-albedo.png
 create mode 100644 assets/art-library/designs/environment.planet.temperate/revisions/r004/temperate-moon-1/source-r001/rocky-0-orm.png
 create mode 100644 assets/art-library/designs/environment.planet.temperate/revisions/r004/temperate-moon-1/source-r001/rocky-1-albedo.png
 create mode 100644 assets/art-library/designs/environment.planet.temperate/revisions/r004/temperate-moon-1/source-r001/rocky-1-orm.png
 create mode 100644 assets/art-library/designs/environment.planet.temperate/revisions/r004/temperate-moon-1/source-r001/rocky-2-albedo.png
 create mode 100644 assets/art-library/designs/environment.planet.temperate/revisions/r004/temperate-moon-1/source-r001/rocky-2-orm.png
 create mode 100644 assets/art-library/designs/environment.planet.temperate/revisions/r004/temperate-moon-1/source-r001/rocky-3-albedo.png
 create mode 100644 assets/art-library/designs/environment.planet.temperate/revisions/r004/temperate-moon-1/source-r001/rocky-3-orm.png
 create mode 100644 assets/art-library/designs/environment.planet.temperate/revisions/r004/temperate-moon-1/source-r001/rocky-4-albedo.png
 create mode 100644 assets/art-library/designs/environment.planet.temperate/revisions/r004/temperate-moon-1/source-r001/rocky-4-orm.png
 create mode 100644 assets/art-library/designs/environment.planet.temperate/revisions/r004/temperate-moon-1/source-r001/rocky-5-albedo.png
 create mode 100644 assets/art-library/designs/environment.planet.temperate/revisions/r004/temperate-moon-1/source-r001/rocky-5-orm.png
 create mode 100644 assets/art-library/designs/environment.planet.temperate/revisions/r004/temperate-moon-1/source-r001/validation.json
 create mode 100644 assets/art-library/designs/environment.planet.temperate/revisions/r004/temperate-moon-1/source-r001/variant-recipe.json
 create mode 100644 assets/art-library/designs/environment.planet.temperate/revisions/r004/temperate-moon-1/source-r002/angular-outcrops.glb
 create mode 100644 assets/art-library/designs/environment.planet.temperate/revisions/r004/temperate-moon-1/source-r002/battered-region-a.glb
 create mode 100644 assets/art-library/designs/environment.planet.temperate/revisions/r004/temperate-moon-1/source-r002/battered-region-b.glb
 create mode 100644 assets/art-library/designs/environment.planet.temperate/revisions/r004/temperate-moon-1/source-r002/build_hybrid_moon_native_variants_r002.py
 create mode 100644 assets/art-library/designs/environment.planet.temperate/revisions/r004/temperate-moon-1/source-r002/corrected-run.log
 create mode 100644 assets/art-library/designs/environment.planet.temperate/revisions/r004/temperate-moon-1/source-r002/corrected-seed38-angle2.png
 create mode 100644 assets/art-library/designs/environment.planet.temperate/revisions/r004/temperate-moon-1/source-r002/corrected-seed38-capture.log
 create mode 100644 assets/art-library/designs/environment.planet.temperate/revisions/r004/temperate-moon-1/source-r002/corrected-seed38-reference-scale.png
 create mode 100644 assets/art-library/designs/environment.planet.temperate/revisions/r004/temperate-moon-1/source-r002/corrected-seed38.json
 create mode 100644 assets/art-library/designs/environment.planet.temperate/revisions/r004/temperate-moon-1/source-r002/corrected-seed38.png
 create mode 100644 assets/art-library/designs/environment.planet.temperate/revisions/r004/temperate-moon-1/source-r002/crater-broken.glb
 create mode 100644 assets/art-library/designs/environment.planet.temperate/revisions/r004/temperate-moon-1/source-r002/crater-large.glb
 create mode 100644 assets/art-library/designs/environment.planet.temperate/revisions/r004/temperate-moon-1/source-r002/crater-small.glb
 create mode 100644 assets/art-library/designs/environment.planet.temperate/revisions/r004/temperate-moon-1/source-r002/exact-reference.png
 create mode 100644 assets/art-library/designs/environment.planet.temperate/revisions/r004/temperate-moon-1/source-r002/foundation-source.py
 create mode 100644 assets/art-library/designs/environment.planet.temperate/revisions/r004/temperate-moon-1/source-r002/fractured-shelf.glb
 create mode 100644 assets/art-library/designs/environment.planet.temperate/revisions/r004/temperate-moon-1/source-r002/generator.py
 create mode 100644 assets/art-library/designs/environment.planet.temperate/revisions/r004/temperate-moon-1/source-r002/ground-sphere-low.glb
 create mode 100644 assets/art-library/designs/environment.planet.temperate/revisions/r004/temperate-moon-1/source-r002/ground-sphere-medium.glb
 create mode 100644 assets/art-library/designs/environment.planet.temperate/revisions/r004/temperate-moon-1/source-r002/ground-sphere.glb
 create mode 100644 assets/art-library/designs/environment.planet.temperate/revisions/r004/temperate-moon-1/source-r002/hybrid_moon_reference_composition_r001.ts
 create mode 100644 assets/art-library/designs/environment.planet.temperate/revisions/r004/temperate-moon-1/source-r002/hybrid_moon_reference_composition_r002.test.ts
 create mode 100644 assets/art-library/designs/environment.planet.temperate/revisions/r004/temperate-moon-1/source-r002/hybrid_moon_reference_r002.tsconfig.json
 create mode 100644 assets/art-library/designs/environment.planet.temperate/revisions/r004/temperate-moon-1/source-r002/hybrid_moon_reference_r002.vitest.config.ts
 create mode 100644 assets/art-library/designs/environment.planet.temperate/revisions/r004/temperate-moon-1/source-r002/kit-preview.png
 create mode 100644 assets/art-library/designs/environment.planet.temperate/revisions/r004/temperate-moon-1/source-r002/kit.blend
 create mode 100644 assets/art-library/designs/environment.planet.temperate/revisions/r004/temperate-moon-1/source-r002/kit.json
 create mode 100644 assets/art-library/designs/environment.planet.temperate/revisions/r004/temperate-moon-1/source-r002/mineral-seam.glb
 create mode 100644 assets/art-library/designs/environment.planet.temperate/revisions/r004/temperate-moon-1/source-r002/revision-notes.md
 create mode 100644 assets/art-library/designs/environment.planet.temperate/revisions/r004/temperate-moon-1/source-r002/rocky-0-albedo.png
 create mode 100644 assets/art-library/designs/environment.planet.temperate/revisions/r004/temperate-moon-1/source-r002/rocky-0-orm.png
 create mode 100644 assets/art-library/designs/environment.planet.temperate/revisions/r004/temperate-moon-1/source-r002/rocky-1-albedo.png
 create mode 100644 assets/art-library/designs/environment.planet.temperate/revisions/r004/temperate-moon-1/source-r002/rocky-1-orm.png
 create mode 100644 assets/art-library/designs/environment.planet.temperate/revisions/r004/temperate-moon-1/source-r002/rocky-2-albedo.png
 create mode 100644 assets/art-library/designs/environment.planet.temperate/revisions/r004/temperate-moon-1/source-r002/rocky-2-orm.png
 create mode 100644 assets/art-library/designs/environment.planet.temperate/revisions/r004/temperate-moon-1/source-r002/rocky-3-albedo.png
 create mode 100644 assets/art-library/designs/environment.planet.temperate/revisions/r004/temperate-moon-1/source-r002/rocky-3-orm.png
 create mode 100644 assets/art-library/designs/environment.planet.temperate/revisions/r004/temperate-moon-1/source-r002/rocky-4-albedo.png
 create mode 100644 assets/art-library/designs/environment.planet.temperate/revisions/r004/temperate-moon-1/source-r002/rocky-4-orm.png
 create mode 100644 assets/art-library/designs/environment.planet.temperate/revisions/r004/temperate-moon-1/source-r002/rocky-5-albedo.png
 create mode 100644 assets/art-library/designs/environment.planet.temperate/revisions/r004/temperate-moon-1/source-r002/rocky-5-orm.png
 create mode 100644 assets/art-library/designs/environment.planet.temperate/revisions/r004/temperate-moon-1/source-r002/validation.json
 create mode 100644 assets/art-library/designs/environment.planet.temperate/revisions/r004/temperate-moon-1/source-r002/variant-recipe.json
 create mode 100644 assets/art-library/designs/environment.planet.temperate/revisions/r004/temperate-moon-2/source-r001/angular-outcrops.glb
 create mode 100644 assets/art-library/designs/environment.planet.temperate/revisions/r004/temperate-moon-2/source-r001/battered-region-a.glb
 create mode 100644 assets/art-library/designs/environment.planet.temperate/revisions/r004/temperate-moon-2/source-r001/battered-region-b.glb
 create mode 100644 assets/art-library/designs/environment.planet.temperate/revisions/r004/temperate-moon-2/source-r001/build_hybrid_moon_native_variants_r001.py
 create mode 100644 assets/art-library/designs/environment.planet.temperate/revisions/r004/temperate-moon-2/source-r001/corrected-run.log
 create mode 100644 assets/art-library/designs/environment.planet.temperate/revisions/r004/temperate-moon-2/source-r001/corrected-seed38-angle2.png
 create mode 100644 assets/art-library/designs/environment.planet.temperate/revisions/r004/temperate-moon-2/source-r001/corrected-seed38-capture.log
 create mode 100644 assets/art-library/designs/environment.planet.temperate/revisions/r004/temperate-moon-2/source-r001/corrected-seed38-reference-scale.png
 create mode 100644 assets/art-library/designs/environment.planet.temperate/revisions/r004/temperate-moon-2/source-r001/corrected-seed38.json
 create mode 100644 assets/art-library/designs/environment.planet.temperate/revisions/r004/temperate-moon-2/source-r001/corrected-seed38.png
 create mode 100644 assets/art-library/designs/environment.planet.temperate/revisions/r004/temperate-moon-2/source-r001/crater-broken.glb
 create mode 100644 assets/art-library/designs/environment.planet.temperate/revisions/r004/temperate-moon-2/source-r001/crater-large.glb
 create mode 100644 assets/art-library/designs/environment.planet.temperate/revisions/r004/temperate-moon-2/source-r001/crater-small.glb
 create mode 100644 assets/art-library/designs/environment.planet.temperate/revisions/r004/temperate-moon-2/source-r001/exact-reference.png
 create mode 100644 assets/art-library/designs/environment.planet.temperate/revisions/r004/temperate-moon-2/source-r001/foundation-source.py
 create mode 100644 assets/art-library/designs/environment.planet.temperate/revisions/r004/temperate-moon-2/source-r001/fractured-shelf.glb
 create mode 100644 assets/art-library/designs/environment.planet.temperate/revisions/r004/temperate-moon-2/source-r001/generator.py
 create mode 100644 assets/art-library/designs/environment.planet.temperate/revisions/r004/temperate-moon-2/source-r001/ground-sphere-low.glb
 create mode 100644 assets/art-library/designs/environment.planet.temperate/revisions/r004/temperate-moon-2/source-r001/ground-sphere-medium.glb
 create mode 100644 assets/art-library/designs/environment.planet.temperate/revisions/r004/temperate-moon-2/source-r001/ground-sphere.glb
 create mode 100644 assets/art-library/designs/environment.planet.temperate/revisions/r004/temperate-moon-2/source-r001/hybrid_moon_reference_composition_r001.test.ts
 create mode 100644 assets/art-library/designs/environment.planet.temperate/revisions/r004/temperate-moon-2/source-r001/hybrid_moon_reference_composition_r001.ts
 create mode 100644 assets/art-library/designs/environment.planet.temperate/revisions/r004/temperate-moon-2/source-r001/hybrid_moon_reference_r001.tsconfig.json
 create mode 100644 assets/art-library/designs/environment.planet.temperate/revisions/r004/temperate-moon-2/source-r001/hybrid_moon_reference_r001.vitest.config.ts
 create mode 100644 assets/art-library/designs/environment.planet.temperate/revisions/r004/temperate-moon-2/source-r001/kit-preview.png
 create mode 100644 assets/art-library/designs/environment.planet.temperate/revisions/r004/temperate-moon-2/source-r001/kit.blend
 create mode 100644 assets/art-library/designs/environment.planet.temperate/revisions/r004/temperate-moon-2/source-r001/kit.json
 create mode 100644 assets/art-library/designs/environment.planet.temperate/revisions/r004/temperate-moon-2/source-r001/mineral-seam.glb
 create mode 100644 assets/art-library/designs/environment.planet.temperate/revisions/r004/temperate-moon-2/source-r001/revision-notes.md
 create mode 100644 assets/art-library/designs/environment.planet.temperate/revisions/r004/temperate-moon-2/source-r001/rocky-0-albedo.png
 create mode 100644 assets/art-library/designs/environment.planet.temperate/revisions/r004/temperate-moon-2/source-r001/rocky-0-orm.png
 create mode 100644 assets/art-library/designs/environment.planet.temperate/revisions/r004/temperate-moon-2/source-r001/rocky-1-albedo.png
 create mode 100644 assets/art-library/designs/environment.planet.temperate/revisions/r004/temperate-moon-2/source-r001/rocky-1-orm.png
 create mode 100644 assets/art-library/designs/environment.planet.temperate/revisions/r004/temperate-moon-2/source-r001/rocky-2-albedo.png
 create mode 100644 assets/art-library/designs/environment.planet.temperate/revisions/r004/temperate-moon-2/source-r001/rocky-2-orm.png
 create mode 100644 assets/art-library/designs/environment.planet.temperate/revisions/r004/temperate-moon-2/source-r001/rocky-3-albedo.png
 create mode 100644 assets/art-library/designs/environment.planet.temperate/revisions/r004/temperate-moon-2/source-r001/rocky-3-orm.png
 create mode 100644 assets/art-library/designs/environment.planet.temperate/revisions/r004/temperate-moon-2/source-r001/rocky-4-albedo.png
 create mode 100644 assets/art-library/designs/environment.planet.temperate/revisions/r004/temperate-moon-2/source-r001/rocky-4-orm.png
 create mode 100644 assets/art-library/designs/environment.planet.temperate/revisions/r004/temperate-moon-2/source-r001/rocky-5-albedo.png
 create mode 100644 assets/art-library/designs/environment.planet.temperate/revisions/r004/temperate-moon-2/source-r001/rocky-5-orm.png
 create mode 100644 assets/art-library/designs/environment.planet.temperate/revisions/r004/temperate-moon-2/source-r001/validation.json
 create mode 100644 assets/art-library/designs/environment.planet.temperate/revisions/r004/temperate-moon-2/source-r001/variant-recipe.json
 create mode 100644 assets/art-library/designs/environment.planet.temperate/revisions/r004/temperate-moon-2/source-r002/angular-outcrops.glb
 create mode 100644 assets/art-library/designs/environment.planet.temperate/revisions/r004/temperate-moon-2/source-r002/battered-region-a.glb
 create mode 100644 assets/art-library/designs/environment.planet.temperate/revisions/r004/temperate-moon-2/source-r002/battered-region-b.glb
 create mode 100644 assets/art-library/designs/environment.planet.temperate/revisions/r004/temperate-moon-2/source-r002/build_hybrid_moon_native_variants_r002.py
 create mode 100644 assets/art-library/designs/environment.planet.temperate/revisions/r004/temperate-moon-2/source-r002/corrected-run.log
 create mode 100644 assets/art-library/designs/environment.planet.temperate/revisions/r004/temperate-moon-2/source-r002/corrected-seed38-angle2.png
 create mode 100644 assets/art-library/designs/environment.planet.temperate/revisions/r004/temperate-moon-2/source-r002/corrected-seed38-capture.log
 create mode 100644 assets/art-library/designs/environment.planet.temperate/revisions/r004/temperate-moon-2/source-r002/corrected-seed38-reference-scale.png
 create mode 100644 assets/art-library/designs/environment.planet.temperate/revisions/r004/temperate-moon-2/source-r002/corrected-seed38.json
 create mode 100644 assets/art-library/designs/environment.planet.temperate/revisions/r004/temperate-moon-2/source-r002/corrected-seed38.png
 create mode 100644 assets/art-library/designs/environment.planet.temperate/revisions/r004/temperate-moon-2/source-r002/crater-broken.glb
 create mode 100644 assets/art-library/designs/environment.planet.temperate/revisions/r004/temperate-moon-2/source-r002/crater-large.glb
 create mode 100644 assets/art-library/designs/environment.planet.temperate/revisions/r004/temperate-moon-2/source-r002/crater-small.glb
 create mode 100644 assets/art-library/designs/environment.planet.temperate/revisions/r004/temperate-moon-2/source-r002/exact-reference.png
 create mode 100644 assets/art-library/designs/environment.planet.temperate/revisions/r004/temperate-moon-2/source-r002/foundation-source.py
 create mode 100644 assets/art-library/designs/environment.planet.temperate/revisions/r004/temperate-moon-2/source-r002/fractured-shelf.glb
 create mode 100644 assets/art-library/designs/environment.planet.temperate/revisions/r004/temperate-moon-2/source-r002/generator.py
 create mode 100644 assets/art-library/designs/environment.planet.temperate/revisions/r004/temperate-moon-2/source-r002/ground-sphere-low.glb
 create mode 100644 assets/art-library/designs/environment.planet.temperate/revisions/r004/temperate-moon-2/source-r002/ground-sphere-medium.glb
 create mode 100644 assets/art-library/designs/environment.planet.temperate/revisions/r004/temperate-moon-2/source-r002/ground-sphere.glb
 create mode 100644 assets/art-library/designs/environment.planet.temperate/revisions/r004/temperate-moon-2/source-r002/hybrid_moon_reference_composition_r001.ts
 create mode 100644 assets/art-library/designs/environment.planet.temperate/revisions/r004/temperate-moon-2/source-r002/hybrid_moon_reference_composition_r002.test.ts
 create mode 100644 assets/art-library/designs/environment.planet.temperate/revisions/r004/temperate-moon-2/source-r002/hybrid_moon_reference_r002.tsconfig.json
 create mode 100644 assets/art-library/designs/environment.planet.temperate/revisions/r004/temperate-moon-2/source-r002/hybrid_moon_reference_r002.vitest.config.ts
 create mode 100644 assets/art-library/designs/environment.planet.temperate/revisions/r004/temperate-moon-2/source-r002/kit-preview.png
 create mode 100644 assets/art-library/designs/environment.planet.temperate/revisions/r004/temperate-moon-2/source-r002/kit.blend
 create mode 100644 assets/art-library/designs/environment.planet.temperate/revisions/r004/temperate-moon-2/source-r002/kit.json
 create mode 100644 assets/art-library/designs/environment.planet.temperate/revisions/r004/temperate-moon-2/source-r002/mineral-seam.glb
 create mode 100644 assets/art-library/designs/environment.planet.temperate/revisions/r004/temperate-moon-2/source-r002/revision-notes.md
 create mode 100644 assets/art-library/designs/environment.planet.temperate/revisions/r004/temperate-moon-2/source-r002/rocky-0-albedo.png
 create mode 100644 assets/art-library/designs/environment.planet.temperate/revisions/r004/temperate-moon-2/source-r002/rocky-0-orm.png
 create mode 100644 assets/art-library/designs/environment.planet.temperate/revisions/r004/temperate-moon-2/source-r002/rocky-1-albedo.png
 create mode 100644 assets/art-library/designs/environment.planet.temperate/revisions/r004/temperate-moon-2/source-r002/rocky-1-orm.png
 create mode 100644 assets/art-library/designs/environment.planet.temperate/revisions/r004/temperate-moon-2/source-r002/rocky-2-albedo.png
 create mode 100644 assets/art-library/designs/environment.planet.temperate/revisions/r004/temperate-moon-2/source-r002/rocky-2-orm.png
 create mode 100644 assets/art-library/designs/environment.planet.temperate/revisions/r004/temperate-moon-2/source-r002/rocky-3-albedo.png
 create mode 100644 assets/art-library/designs/environment.planet.temperate/revisions/r004/temperate-moon-2/source-r002/rocky-3-orm.png
 create mode 100644 assets/art-library/designs/environment.planet.temperate/revisions/r004/temperate-moon-2/source-r002/rocky-4-albedo.png
 create mode 100644 assets/art-library/designs/environment.planet.temperate/revisions/r004/temperate-moon-2/source-r002/rocky-4-orm.png
 create mode 100644 assets/art-library/designs/environment.planet.temperate/revisions/r004/temperate-moon-2/source-r002/rocky-5-albedo.png
 create mode 100644 assets/art-library/designs/environment.planet.temperate/revisions/r004/temperate-moon-2/source-r002/rocky-5-orm.png
 create mode 100644 assets/art-library/designs/environment.planet.temperate/revisions/r004/temperate-moon-2/source-r002/validation.json
 create mode 100644 assets/art-library/designs/environment.planet.temperate/revisions/r004/temperate-moon-2/source-r002/variant-recipe.json
 create mode 100644 assets/art-library/designs/environment.planet.toxic/DESIGN.html
 create mode 100644 assets/art-library/designs/environment.planet.toxic/DESIGN.md
 create mode 100644 assets/art-library/designs/environment.planet.toxic/design.json
 create mode 100644 assets/art-library/designs/environment.planet.toxic/revisions/r001/runtime-close.png
 create mode 100644 assets/art-library/designs/environment.planet.toxic/revisions/r003/artifacts/composition-r003.test.ts
 create mode 100644 assets/art-library/designs/environment.planet.toxic/revisions/r003/artifacts/composition-r003.ts
 create mode 100644 assets/art-library/designs/environment.planet.toxic/revisions/r003/artifacts/composition-validation.json
 create mode 100644 assets/art-library/designs/environment.planet.toxic/revisions/r003/artifacts/corrosion-0-albedo.png
 create mode 100644 assets/art-library/designs/environment.planet.toxic/revisions/r003/artifacts/corrosion-0-normal.png
 create mode 100644 assets/art-library/designs/environment.planet.toxic/revisions/r003/artifacts/corrosion-0-orm.png
 create mode 100644 assets/art-library/designs/environment.planet.toxic/revisions/r003/artifacts/corrosion-1-albedo.png
 create mode 100644 assets/art-library/designs/environment.planet.toxic/revisions/r003/artifacts/corrosion-1-normal.png
 create mode 100644 assets/art-library/designs/environment.planet.toxic/revisions/r003/artifacts/corrosion-1-orm.png
 create mode 100644 assets/art-library/designs/environment.planet.toxic/revisions/r003/artifacts/corrosion-2-albedo.png
 create mode 100644 assets/art-library/designs/environment.planet.toxic/revisions/r003/artifacts/corrosion-2-normal.png
 create mode 100644 assets/art-library/designs/environment.planet.toxic/revisions/r003/artifacts/corrosion-2-orm.png
 create mode 100644 assets/art-library/designs/environment.planet.toxic/revisions/r003/artifacts/corrosion-3-albedo.png
 create mode 100644 assets/art-library/designs/environment.planet.toxic/revisions/r003/artifacts/corrosion-3-normal.png
 create mode 100644 assets/art-library/designs/environment.planet.toxic/revisions/r003/artifacts/corrosion-3-orm.png
 create mode 100644 assets/art-library/designs/environment.planet.toxic/revisions/r003/artifacts/corrosion-4-albedo.png
 create mode 100644 assets/art-library/designs/environment.planet.toxic/revisions/r003/artifacts/corrosion-4-normal.png
 create mode 100644 assets/art-library/designs/environment.planet.toxic/revisions/r003/artifacts/corrosion-4-orm.png
 create mode 100644 assets/art-library/designs/environment.planet.toxic/revisions/r003/artifacts/corrosion-5-albedo.png
 create mode 100644 assets/art-library/designs/environment.planet.toxic/revisions/r003/artifacts/corrosion-5-normal.png
 create mode 100644 assets/art-library/designs/environment.planet.toxic/revisions/r003/artifacts/corrosion-5-orm.png
 create mode 100644 assets/art-library/designs/environment.planet.toxic/revisions/r003/artifacts/generator.py
 create mode 100644 assets/art-library/designs/environment.planet.toxic/revisions/r003/artifacts/ground-sphere-low.glb
 create mode 100644 assets/art-library/designs/environment.planet.toxic/revisions/r003/artifacts/ground-sphere-medium.glb
 create mode 100644 assets/art-library/designs/environment.planet.toxic/revisions/r003/artifacts/ground-sphere.glb
 create mode 100644 assets/art-library/designs/environment.planet.toxic/revisions/r003/artifacts/kit-preview.png
 create mode 100644 assets/art-library/designs/environment.planet.toxic/revisions/r003/artifacts/kit.blend
 create mode 100644 assets/art-library/designs/environment.planet.toxic/revisions/r003/artifacts/kit.json
 create mode 100644 assets/art-library/designs/environment.planet.toxic/revisions/r003/artifacts/native_deformation_normals.ts
 create mode 100644 assets/art-library/designs/environment.planet.toxic/revisions/r003/artifacts/native_surface_clearance.ts
 create mode 100644 assets/art-library/designs/environment.planet.toxic/revisions/r003/artifacts/planet-seed38-angle2-bias006.png
 create mode 100644 assets/art-library/designs/environment.planet.toxic/revisions/r003/artifacts/planet-seed38-bias006.png
 create mode 100644 assets/art-library/designs/environment.planet.toxic/revisions/r003/artifacts/revision-notes.md
 create mode 100644 assets/art-library/designs/environment.planet.toxic/revisions/r003/artifacts/toxic-basin-group-a.glb
 create mode 100644 assets/art-library/designs/environment.planet.toxic/revisions/r003/artifacts/toxic-basin-group-b.glb
 create mode 100644 assets/art-library/designs/environment.planet.toxic/revisions/r003/artifacts/toxic-basin-group-c.glb
 create mode 100644 assets/art-library/designs/environment.planet.toxic/revisions/r003/artifacts/toxic-reference-clearance-diagnostic.ts
 create mode 100644 assets/art-library/designs/environment.planet.toxic/revisions/r003/artifacts/toxic-reference-clearance.test.ts
 create mode 100644 assets/art-library/designs/environment.planet.toxic/revisions/r003/artifacts/validation.json
 create mode 100644 assets/art-library/designs/environment.planet.toxic/revisions/r004/artifacts/composition-r004.test.ts
 create mode 100644 assets/art-library/designs/environment.planet.toxic/revisions/r004/artifacts/composition-r004.ts
 create mode 100644 assets/art-library/designs/environment.planet.toxic/revisions/r004/artifacts/context-preview.py
 create mode 100644 assets/art-library/designs/environment.planet.toxic/revisions/r004/artifacts/corrected-seed38-angle2.png
 create mode 100644 assets/art-library/designs/environment.planet.toxic/revisions/r004/artifacts/corrected-seed38-capture.log
 create mode 100644 assets/art-library/designs/environment.planet.toxic/revisions/r004/artifacts/corrected-seed38-reference-scale.png
 create mode 100644 assets/art-library/designs/environment.planet.toxic/revisions/r004/artifacts/corrected-seed38.json
 create mode 100644 assets/art-library/designs/environment.planet.toxic/revisions/r004/artifacts/corrected-seed38.png
 create mode 100644 assets/art-library/designs/environment.planet.toxic/revisions/r004/artifacts/corrosion-0-albedo.png
 create mode 100644 assets/art-library/designs/environment.planet.toxic/revisions/r004/artifacts/corrosion-0-normal.png
 create mode 100644 assets/art-library/designs/environment.planet.toxic/revisions/r004/artifacts/corrosion-0-orm.png
 create mode 100644 assets/art-library/designs/environment.planet.toxic/revisions/r004/artifacts/corrosion-1-albedo.png
 create mode 100644 assets/art-library/designs/environment.planet.toxic/revisions/r004/artifacts/corrosion-1-normal.png
 create mode 100644 assets/art-library/designs/environment.planet.toxic/revisions/r004/artifacts/corrosion-1-orm.png
 create mode 100644 assets/art-library/designs/environment.planet.toxic/revisions/r004/artifacts/corrosion-2-albedo.png
 create mode 100644 assets/art-library/designs/environment.planet.toxic/revisions/r004/artifacts/corrosion-2-normal.png
 create mode 100644 assets/art-library/designs/environment.planet.toxic/revisions/r004/artifacts/corrosion-2-orm.png
 create mode 100644 assets/art-library/designs/environment.planet.toxic/revisions/r004/artifacts/corrosion-3-albedo.png
 create mode 100644 assets/art-library/designs/environment.planet.toxic/revisions/r004/artifacts/corrosion-3-normal.png
 create mode 100644 assets/art-library/designs/environment.planet.toxic/revisions/r004/artifacts/corrosion-3-orm.png
 create mode 100644 assets/art-library/designs/environment.planet.toxic/revisions/r004/artifacts/corrosion-4-albedo.png
 create mode 100644 assets/art-library/designs/environment.planet.toxic/revisions/r004/artifacts/corrosion-4-normal.png
 create mode 100644 assets/art-library/designs/environment.planet.toxic/revisions/r004/artifacts/corrosion-4-orm.png
 create mode 100644 assets/art-library/designs/environment.planet.toxic/revisions/r004/artifacts/corrosion-5-albedo.png
 create mode 100644 assets/art-library/designs/environment.planet.toxic/revisions/r004/artifacts/corrosion-5-normal.png
 create mode 100644 assets/art-library/designs/environment.planet.toxic/revisions/r004/artifacts/corrosion-5-orm.png
 create mode 100644 assets/art-library/designs/environment.planet.toxic/revisions/r004/artifacts/fog5-seed38-angle2.png
 create mode 100644 assets/art-library/designs/environment.planet.toxic/revisions/r004/artifacts/fog5-seed38-capture.log
 create mode 100644 assets/art-library/designs/environment.planet.toxic/revisions/r004/artifacts/fog5-seed38-reference-scale.png
 create mode 100644 assets/art-library/designs/environment.planet.toxic/revisions/r004/artifacts/fog5-seed38.json
 create mode 100644 assets/art-library/designs/environment.planet.toxic/revisions/r004/artifacts/fog5-seed38.png
 create mode 100644 assets/art-library/designs/environment.planet.toxic/revisions/r004/artifacts/generator.py
 create mode 100644 assets/art-library/designs/environment.planet.toxic/revisions/r004/artifacts/ground-sphere-low.glb
 create mode 100644 assets/art-library/designs/environment.planet.toxic/revisions/r004/artifacts/ground-sphere-medium.glb
 create mode 100644 assets/art-library/designs/environment.planet.toxic/revisions/r004/artifacts/ground-sphere.glb
 create mode 100644 assets/art-library/designs/environment.planet.toxic/revisions/r004/artifacts/kit-preview.png
 create mode 100644 assets/art-library/designs/environment.planet.toxic/revisions/r004/artifacts/kit.blend
 create mode 100644 assets/art-library/designs/environment.planet.toxic/revisions/r004/artifacts/kit.json
 create mode 100644 assets/art-library/designs/environment.planet.toxic/revisions/r004/artifacts/notes.md
 create mode 100644 assets/art-library/designs/environment.planet.toxic/revisions/r004/artifacts/single-native-region.png
 create mode 100644 assets/art-library/designs/environment.planet.toxic/revisions/r004/artifacts/source-hashes.json
 create mode 100644 assets/art-library/designs/environment.planet.toxic/revisions/r004/artifacts/toxic-basin-group-a.glb
 create mode 100644 assets/art-library/designs/environment.planet.toxic/revisions/r004/artifacts/toxic-basin-group-b.glb
 create mode 100644 assets/art-library/designs/environment.planet.toxic/revisions/r004/artifacts/toxic-basin-group-c.glb
 create mode 100644 assets/art-library/designs/environment.planet.toxic/revisions/r004/artifacts/validation.json
 create mode 100644 assets/art-library/designs/environment.planet.toxic/revisions/r005/artifacts/build_toxic_native_kit_r005.py
 create mode 100644 assets/art-library/designs/environment.planet.toxic/revisions/r005/artifacts/cleared-fog-seed38-angle2.png
 create mode 100644 assets/art-library/designs/environment.planet.toxic/revisions/r005/artifacts/cleared-fog-seed38-capture.log
 create mode 100644 assets/art-library/designs/environment.planet.toxic/revisions/r005/artifacts/cleared-fog-seed38-reference-scale.png
 create mode 100644 assets/art-library/designs/environment.planet.toxic/revisions/r005/artifacts/cleared-fog-seed38.json
 create mode 100644 assets/art-library/designs/environment.planet.toxic/revisions/r005/artifacts/cleared-fog-seed38.png
 create mode 100644 assets/art-library/designs/environment.planet.toxic/revisions/r005/artifacts/context-preview.py
 create mode 100644 assets/art-library/designs/environment.planet.toxic/revisions/r005/artifacts/corrosion-0-albedo.png
 create mode 100644 assets/art-library/designs/environment.planet.toxic/revisions/r005/artifacts/corrosion-0-normal.png
 create mode 100644 assets/art-library/designs/environment.planet.toxic/revisions/r005/artifacts/corrosion-0-orm.png
 create mode 100644 assets/art-library/designs/environment.planet.toxic/revisions/r005/artifacts/corrosion-1-albedo.png
 create mode 100644 assets/art-library/designs/environment.planet.toxic/revisions/r005/artifacts/corrosion-1-normal.png
 create mode 100644 assets/art-library/designs/environment.planet.toxic/revisions/r005/artifacts/corrosion-1-orm.png
 create mode 100644 assets/art-library/designs/environment.planet.toxic/revisions/r005/artifacts/corrosion-2-albedo.png
 create mode 100644 assets/art-library/designs/environment.planet.toxic/revisions/r005/artifacts/corrosion-2-normal.png
 create mode 100644 assets/art-library/designs/environment.planet.toxic/revisions/r005/artifacts/corrosion-2-orm.png
 create mode 100644 assets/art-library/designs/environment.planet.toxic/revisions/r005/artifacts/corrosion-3-albedo.png
 create mode 100644 assets/art-library/designs/environment.planet.toxic/revisions/r005/artifacts/corrosion-3-normal.png
 create mode 100644 assets/art-library/designs/environment.planet.toxic/revisions/r005/artifacts/corrosion-3-orm.png
 create mode 100644 assets/art-library/designs/environment.planet.toxic/revisions/r005/artifacts/corrosion-4-albedo.png
 create mode 100644 assets/art-library/designs/environment.planet.toxic/revisions/r005/artifacts/corrosion-4-normal.png
 create mode 100644 assets/art-library/designs/environment.planet.toxic/revisions/r005/artifacts/corrosion-4-orm.png
 create mode 100644 assets/art-library/designs/environment.planet.toxic/revisions/r005/artifacts/corrosion-5-albedo.png
 create mode 100644 assets/art-library/designs/environment.planet.toxic/revisions/r005/artifacts/corrosion-5-normal.png
 create mode 100644 assets/art-library/designs/environment.planet.toxic/revisions/r005/artifacts/corrosion-5-orm.png
 create mode 100644 assets/art-library/designs/environment.planet.toxic/revisions/r005/artifacts/ground-sphere-low.glb
 create mode 100644 assets/art-library/designs/environment.planet.toxic/revisions/r005/artifacts/ground-sphere-medium.glb
 create mode 100644 assets/art-library/designs/environment.planet.toxic/revisions/r005/artifacts/ground-sphere.glb
 create mode 100644 assets/art-library/designs/environment.planet.toxic/revisions/r005/artifacts/kit-preview.png
 create mode 100644 assets/art-library/designs/environment.planet.toxic/revisions/r005/artifacts/kit.blend
 create mode 100644 assets/art-library/designs/environment.planet.toxic/revisions/r005/artifacts/kit.json
 create mode 100644 assets/art-library/designs/environment.planet.toxic/revisions/r005/artifacts/revision-notes.md
 create mode 100644 assets/art-library/designs/environment.planet.toxic/revisions/r005/artifacts/single-native-region.png
 create mode 100644 assets/art-library/designs/environment.planet.toxic/revisions/r005/artifacts/toxic-basin-group-a.glb
 create mode 100644 assets/art-library/designs/environment.planet.toxic/revisions/r005/artifacts/toxic-basin-group-b.glb
 create mode 100644 assets/art-library/designs/environment.planet.toxic/revisions/r005/artifacts/toxic-basin-group-c.glb
 create mode 100644 assets/art-library/designs/environment.planet.toxic/revisions/r005/artifacts/toxic_reference_composition_r005.test.ts
 create mode 100644 assets/art-library/designs/environment.planet.toxic/revisions/r005/artifacts/toxic_reference_composition_r005.ts
 create mode 100644 assets/art-library/designs/environment.planet.toxic/revisions/r005/artifacts/toxic_reference_r005.tsconfig.json
 create mode 100644 assets/art-library/designs/environment.planet.toxic/revisions/r005/artifacts/toxic_reference_r005.vitest.config.ts
 create mode 100644 assets/art-library/designs/environment.planet.toxic/revisions/r005/artifacts/validation.json
 create mode 100644 assets/art-library/designs/environment.planet.toxic/revisions/r006/artifacts/build_toxic_native_kit_r006.py
 create mode 100644 assets/art-library/designs/environment.planet.toxic/revisions/r006/artifacts/cleared-fog-seed38-angle2.png
 create mode 100644 assets/art-library/designs/environment.planet.toxic/revisions/r006/artifacts/cleared-fog-seed38-capture.log
 create mode 100644 assets/art-library/designs/environment.planet.toxic/revisions/r006/artifacts/cleared-fog-seed38-reference-scale.png
 create mode 100644 assets/art-library/designs/environment.planet.toxic/revisions/r006/artifacts/cleared-fog-seed38.json
 create mode 100644 assets/art-library/designs/environment.planet.toxic/revisions/r006/artifacts/cleared-fog-seed38.png
 create mode 100644 assets/art-library/designs/environment.planet.toxic/revisions/r006/artifacts/context-preview.py
 create mode 100644 assets/art-library/designs/environment.planet.toxic/revisions/r006/artifacts/corrosion-0-albedo.png
 create mode 100644 assets/art-library/designs/environment.planet.toxic/revisions/r006/artifacts/corrosion-0-normal.png
 create mode 100644 assets/art-library/designs/environment.planet.toxic/revisions/r006/artifacts/corrosion-0-orm.png
 create mode 100644 assets/art-library/designs/environment.planet.toxic/revisions/r006/artifacts/corrosion-1-albedo.png
 create mode 100644 assets/art-library/designs/environment.planet.toxic/revisions/r006/artifacts/corrosion-1-normal.png
 create mode 100644 assets/art-library/designs/environment.planet.toxic/revisions/r006/artifacts/corrosion-1-orm.png
 create mode 100644 assets/art-library/designs/environment.planet.toxic/revisions/r006/artifacts/corrosion-2-albedo.png
 create mode 100644 assets/art-library/designs/environment.planet.toxic/revisions/r006/artifacts/corrosion-2-normal.png
 create mode 100644 assets/art-library/designs/environment.planet.toxic/revisions/r006/artifacts/corrosion-2-orm.png
 create mode 100644 assets/art-library/designs/environment.planet.toxic/revisions/r006/artifacts/corrosion-3-albedo.png
 create mode 100644 assets/art-library/designs/environment.planet.toxic/revisions/r006/artifacts/corrosion-3-normal.png
 create mode 100644 assets/art-library/designs/environment.planet.toxic/revisions/r006/artifacts/corrosion-3-orm.png
 create mode 100644 assets/art-library/designs/environment.planet.toxic/revisions/r006/artifacts/corrosion-4-albedo.png
 create mode 100644 assets/art-library/designs/environment.planet.toxic/revisions/r006/artifacts/corrosion-4-normal.png
 create mode 100644 assets/art-library/designs/environment.planet.toxic/revisions/r006/artifacts/corrosion-4-orm.png
 create mode 100644 assets/art-library/designs/environment.planet.toxic/revisions/r006/artifacts/corrosion-5-albedo.png
 create mode 100644 assets/art-library/designs/environment.planet.toxic/revisions/r006/artifacts/corrosion-5-normal.png
 create mode 100644 assets/art-library/designs/environment.planet.toxic/revisions/r006/artifacts/corrosion-5-orm.png
 create mode 100644 assets/art-library/designs/environment.planet.toxic/revisions/r006/artifacts/ground-sphere-low.glb
 create mode 100644 assets/art-library/designs/environment.planet.toxic/revisions/r006/artifacts/ground-sphere-medium.glb
 create mode 100644 assets/art-library/designs/environment.planet.toxic/revisions/r006/artifacts/ground-sphere.glb
 create mode 100644 assets/art-library/designs/environment.planet.toxic/revisions/r006/artifacts/kit-preview.png
 create mode 100644 assets/art-library/designs/environment.planet.toxic/revisions/r006/artifacts/kit.blend
 create mode 100644 assets/art-library/designs/environment.planet.toxic/revisions/r006/artifacts/kit.json
 create mode 100644 assets/art-library/designs/environment.planet.toxic/revisions/r006/artifacts/revision-notes.md
 create mode 100644 assets/art-library/designs/environment.planet.toxic/revisions/r006/artifacts/single-native-region.png
 create mode 100644 assets/art-library/designs/environment.planet.toxic/revisions/r006/artifacts/toxic-basin-group-a.glb
 create mode 100644 assets/art-library/designs/environment.planet.toxic/revisions/r006/artifacts/toxic-basin-group-b.glb
 create mode 100644 assets/art-library/designs/environment.planet.toxic/revisions/r006/artifacts/toxic-basin-group-c.glb
 create mode 100644 assets/art-library/designs/environment.planet.toxic/revisions/r006/artifacts/toxic_reference_composition_r006.test.ts
 create mode 100644 assets/art-library/designs/environment.planet.toxic/revisions/r006/artifacts/toxic_reference_composition_r006.ts
 create mode 100644 assets/art-library/designs/environment.planet.toxic/revisions/r006/artifacts/toxic_reference_r006.tsconfig.json
 create mode 100644 assets/art-library/designs/environment.planet.toxic/revisions/r006/artifacts/toxic_reference_r006.vitest.config.ts
 create mode 100644 assets/art-library/designs/environment.planet.toxic/revisions/r006/artifacts/validation.json
 create mode 100644 assets/art-library/designs/environment.planet.toxic/revisions/r007/artifacts/composition-r007.test.ts
 create mode 100644 assets/art-library/designs/environment.planet.toxic/revisions/r007/artifacts/composition-r007.ts
 create mode 100644 assets/art-library/designs/environment.planet.toxic/revisions/r007/artifacts/corrected-run.log
 create mode 100644 assets/art-library/designs/environment.planet.toxic/revisions/r007/artifacts/corrected-seed38-angle2.png
 create mode 100644 assets/art-library/designs/environment.planet.toxic/revisions/r007/artifacts/corrected-seed38-capture.log
 create mode 100644 assets/art-library/designs/environment.planet.toxic/revisions/r007/artifacts/corrected-seed38-reference-scale.png
 create mode 100644 assets/art-library/designs/environment.planet.toxic/revisions/r007/artifacts/corrected-seed38.json
 create mode 100644 assets/art-library/designs/environment.planet.toxic/revisions/r007/artifacts/corrected-seed38.png
 create mode 100644 assets/art-library/designs/environment.planet.toxic/revisions/r007/artifacts/corrosion-0-albedo.png
 create mode 100644 assets/art-library/designs/environment.planet.toxic/revisions/r007/artifacts/corrosion-0-normal.png
 create mode 100644 assets/art-library/designs/environment.planet.toxic/revisions/r007/artifacts/corrosion-0-orm.png
 create mode 100644 assets/art-library/designs/environment.planet.toxic/revisions/r007/artifacts/corrosion-1-albedo.png
 create mode 100644 assets/art-library/designs/environment.planet.toxic/revisions/r007/artifacts/corrosion-1-normal.png
 create mode 100644 assets/art-library/designs/environment.planet.toxic/revisions/r007/artifacts/corrosion-1-orm.png
 create mode 100644 assets/art-library/designs/environment.planet.toxic/revisions/r007/artifacts/corrosion-2-albedo.png
 create mode 100644 assets/art-library/designs/environment.planet.toxic/revisions/r007/artifacts/corrosion-2-normal.png
 create mode 100644 assets/art-library/designs/environment.planet.toxic/revisions/r007/artifacts/corrosion-2-orm.png
 create mode 100644 assets/art-library/designs/environment.planet.toxic/revisions/r007/artifacts/corrosion-3-albedo.png
 create mode 100644 assets/art-library/designs/environment.planet.toxic/revisions/r007/artifacts/corrosion-3-normal.png
 create mode 100644 assets/art-library/designs/environment.planet.toxic/revisions/r007/artifacts/corrosion-3-orm.png
 create mode 100644 assets/art-library/designs/environment.planet.toxic/revisions/r007/artifacts/corrosion-4-albedo.png
 create mode 100644 assets/art-library/designs/environment.planet.toxic/revisions/r007/artifacts/corrosion-4-normal.png
 create mode 100644 assets/art-library/designs/environment.planet.toxic/revisions/r007/artifacts/corrosion-4-orm.png
 create mode 100644 assets/art-library/designs/environment.planet.toxic/revisions/r007/artifacts/corrosion-5-albedo.png
 create mode 100644 assets/art-library/designs/environment.planet.toxic/revisions/r007/artifacts/corrosion-5-normal.png
 create mode 100644 assets/art-library/designs/environment.planet.toxic/revisions/r007/artifacts/corrosion-5-orm.png
 create mode 100644 assets/art-library/designs/environment.planet.toxic/revisions/r007/artifacts/exact-normal-matching-audit.py
 create mode 100644 assets/art-library/designs/environment.planet.toxic/revisions/r007/artifacts/generator.py
 create mode 100644 assets/art-library/designs/environment.planet.toxic/revisions/r007/artifacts/ground-native-preview.png
 create mode 100644 assets/art-library/designs/environment.planet.toxic/revisions/r007/artifacts/ground-preview.py
 create mode 100644 assets/art-library/designs/environment.planet.toxic/revisions/r007/artifacts/ground-sphere-exact-normal-matching-audit.json
 create mode 100644 assets/art-library/designs/environment.planet.toxic/revisions/r007/artifacts/ground-sphere-low-exact-normal-matching-audit.json
 create mode 100644 assets/art-library/designs/environment.planet.toxic/revisions/r007/artifacts/ground-sphere-low.glb
 create mode 100644 assets/art-library/designs/environment.planet.toxic/revisions/r007/artifacts/ground-sphere-medium-exact-normal-matching-audit.json
 create mode 100644 assets/art-library/designs/environment.planet.toxic/revisions/r007/artifacts/ground-sphere-medium.glb
 create mode 100644 assets/art-library/designs/environment.planet.toxic/revisions/r007/artifacts/ground-sphere.glb
 create mode 100644 assets/art-library/designs/environment.planet.toxic/revisions/r007/artifacts/kit-preview.png
 create mode 100644 assets/art-library/designs/environment.planet.toxic/revisions/r007/artifacts/kit.blend
 create mode 100644 assets/art-library/designs/environment.planet.toxic/revisions/r007/artifacts/kit.json
 create mode 100644 assets/art-library/designs/environment.planet.toxic/revisions/r007/artifacts/notes.md
 create mode 100644 assets/art-library/designs/environment.planet.toxic/revisions/r007/artifacts/source-hashes.json
 create mode 100644 assets/art-library/designs/environment.planet.toxic/revisions/r007/artifacts/source-pick-after.test.ts
 create mode 100644 assets/art-library/designs/environment.planet.toxic/revisions/r007/artifacts/source-pick-before.test.ts
 create mode 100644 assets/art-library/designs/environment.planet.toxic/revisions/r007/artifacts/source-picks-after.json
 create mode 100644 assets/art-library/designs/environment.planet.toxic/revisions/r007/artifacts/source-picks-before.json
 create mode 100644 assets/art-library/designs/environment.planet.toxic/revisions/r007/artifacts/toxic-basin-group-a.glb
 create mode 100644 assets/art-library/designs/environment.planet.toxic/revisions/r007/artifacts/toxic-basin-group-b.glb
 create mode 100644 assets/art-library/designs/environment.planet.toxic/revisions/r007/artifacts/toxic-basin-group-c.glb
 create mode 100644 assets/art-library/designs/environment.planet.toxic/revisions/r007/artifacts/validation.json
 create mode 100644 assets/art-library/designs/environment.planet.toxic/revisions/r008/manifest.json
 create mode 100644 assets/art-library/designs/environment.planet.toxic/revisions/r008/pre-checkpoint-design.json
 create mode 100644 assets/art-library/designs/environment.planet.toxic/revisions/r008/reviews/exotic-moons-r001-gas-reflection.md
 create mode 100644 assets/art-library/designs/environment.planet.toxic/revisions/r008/toxic-moon-1/source-r001/angular-outcrops.glb
 create mode 100644 assets/art-library/designs/environment.planet.toxic/revisions/r008/toxic-moon-1/source-r001/battered-region-a.glb
 create mode 100644 assets/art-library/designs/environment.planet.toxic/revisions/r008/toxic-moon-1/source-r001/battered-region-b.glb
 create mode 100644 assets/art-library/designs/environment.planet.toxic/revisions/r008/toxic-moon-1/source-r001/build_exotic_moon_native_variants_r001.py
 create mode 100644 assets/art-library/designs/environment.planet.toxic/revisions/r008/toxic-moon-1/source-r001/corrected-run.log
 create mode 100644 assets/art-library/designs/environment.planet.toxic/revisions/r008/toxic-moon-1/source-r001/corrected-seed38-angle2.png
 create mode 100644 assets/art-library/designs/environment.planet.toxic/revisions/r008/toxic-moon-1/source-r001/corrected-seed38-capture.log
 create mode 100644 assets/art-library/designs/environment.planet.toxic/revisions/r008/toxic-moon-1/source-r001/corrected-seed38-reference-scale.png
 create mode 100644 assets/art-library/designs/environment.planet.toxic/revisions/r008/toxic-moon-1/source-r001/corrected-seed38.json
 create mode 100644 assets/art-library/designs/environment.planet.toxic/revisions/r008/toxic-moon-1/source-r001/corrected-seed38.png
 create mode 100644 assets/art-library/designs/environment.planet.toxic/revisions/r008/toxic-moon-1/source-r001/crater-broken.glb
 create mode 100644 assets/art-library/designs/environment.planet.toxic/revisions/r008/toxic-moon-1/source-r001/crater-large.glb
 create mode 100644 assets/art-library/designs/environment.planet.toxic/revisions/r008/toxic-moon-1/source-r001/crater-small.glb
 create mode 100644 assets/art-library/designs/environment.planet.toxic/revisions/r008/toxic-moon-1/source-r001/exact-reference.png
 create mode 100644 assets/art-library/designs/environment.planet.toxic/revisions/r008/toxic-moon-1/source-r001/foundation-source.py
 create mode 100644 assets/art-library/designs/environment.planet.toxic/revisions/r008/toxic-moon-1/source-r001/fractured-shelf.glb
 create mode 100644 assets/art-library/designs/environment.planet.toxic/revisions/r008/toxic-moon-1/source-r001/generator.py
 create mode 100644 assets/art-library/designs/environment.planet.toxic/revisions/r008/toxic-moon-1/source-r001/ground-sphere-low.glb
 create mode 100644 assets/art-library/designs/environment.planet.toxic/revisions/r008/toxic-moon-1/source-r001/ground-sphere-medium.glb
 create mode 100644 assets/art-library/designs/environment.planet.toxic/revisions/r008/toxic-moon-1/source-r001/ground-sphere.glb
 create mode 100644 assets/art-library/designs/environment.planet.toxic/revisions/r008/toxic-moon-1/source-r001/kit-preview.png
 create mode 100644 assets/art-library/designs/environment.planet.toxic/revisions/r008/toxic-moon-1/source-r001/kit.blend
 create mode 100644 assets/art-library/designs/environment.planet.toxic/revisions/r008/toxic-moon-1/source-r001/kit.json
 create mode 100644 assets/art-library/designs/environment.planet.toxic/revisions/r008/toxic-moon-1/source-r001/mineral-seam.glb
 create mode 100644 assets/art-library/designs/environment.planet.toxic/revisions/r008/toxic-moon-1/source-r001/revision-notes.md
 create mode 100644 assets/art-library/designs/environment.planet.toxic/revisions/r008/toxic-moon-1/source-r001/rocky-0-albedo.png
 create mode 100644 assets/art-library/designs/environment.planet.toxic/revisions/r008/toxic-moon-1/source-r001/rocky-0-orm.png
 create mode 100644 assets/art-library/designs/environment.planet.toxic/revisions/r008/toxic-moon-1/source-r001/rocky-1-albedo.png
 create mode 100644 assets/art-library/designs/environment.planet.toxic/revisions/r008/toxic-moon-1/source-r001/rocky-1-orm.png
 create mode 100644 assets/art-library/designs/environment.planet.toxic/revisions/r008/toxic-moon-1/source-r001/rocky-2-albedo.png
 create mode 100644 assets/art-library/designs/environment.planet.toxic/revisions/r008/toxic-moon-1/source-r001/rocky-2-orm.png
 create mode 100644 assets/art-library/designs/environment.planet.toxic/revisions/r008/toxic-moon-1/source-r001/rocky-3-albedo.png
 create mode 100644 assets/art-library/designs/environment.planet.toxic/revisions/r008/toxic-moon-1/source-r001/rocky-3-orm.png
 create mode 100644 assets/art-library/designs/environment.planet.toxic/revisions/r008/toxic-moon-1/source-r001/rocky-4-albedo.png
 create mode 100644 assets/art-library/designs/environment.planet.toxic/revisions/r008/toxic-moon-1/source-r001/rocky-4-orm.png
 create mode 100644 assets/art-library/designs/environment.planet.toxic/revisions/r008/toxic-moon-1/source-r001/rocky-5-albedo.png
 create mode 100644 assets/art-library/designs/environment.planet.toxic/revisions/r008/toxic-moon-1/source-r001/rocky-5-orm.png
 create mode 100644 assets/art-library/designs/environment.planet.toxic/revisions/r008/toxic-moon-1/source-r001/toxic_moon_reference_composition_r001.test.ts
 create mode 100644 assets/art-library/designs/environment.planet.toxic/revisions/r008/toxic-moon-1/source-r001/toxic_moon_reference_composition_r001.ts
 create mode 100644 assets/art-library/designs/environment.planet.toxic/revisions/r008/toxic-moon-1/source-r001/toxic_moon_reference_r001.tsconfig.json
 create mode 100644 assets/art-library/designs/environment.planet.toxic/revisions/r008/toxic-moon-1/source-r001/toxic_moon_reference_r001.vitest.config.ts
 create mode 100644 assets/art-library/designs/environment.planet.toxic/revisions/r008/toxic-moon-1/source-r001/validation.json
 create mode 100644 assets/art-library/designs/environment.planet.toxic/revisions/r008/toxic-moon-1/source-r001/variant-recipe.json
 create mode 100644 assets/art-library/designs/environment.planet.toxic/revisions/r008/toxic-moon-2/source-r001/angular-outcrops.glb
 create mode 100644 assets/art-library/designs/environment.planet.toxic/revisions/r008/toxic-moon-2/source-r001/battered-region-a.glb
 create mode 100644 assets/art-library/designs/environment.planet.toxic/revisions/r008/toxic-moon-2/source-r001/battered-region-b.glb
 create mode 100644 assets/art-library/designs/environment.planet.toxic/revisions/r008/toxic-moon-2/source-r001/build_exotic_moon_native_variants_r001.py
 create mode 100644 assets/art-library/designs/environment.planet.toxic/revisions/r008/toxic-moon-2/source-r001/corrected-run.log
 create mode 100644 assets/art-library/designs/environment.planet.toxic/revisions/r008/toxic-moon-2/source-r001/corrected-seed38-angle2.png
 create mode 100644 assets/art-library/designs/environment.planet.toxic/revisions/r008/toxic-moon-2/source-r001/corrected-seed38-capture.log
 create mode 100644 assets/art-library/designs/environment.planet.toxic/revisions/r008/toxic-moon-2/source-r001/corrected-seed38-reference-scale.png
 create mode 100644 assets/art-library/designs/environment.planet.toxic/revisions/r008/toxic-moon-2/source-r001/corrected-seed38.json
 create mode 100644 assets/art-library/designs/environment.planet.toxic/revisions/r008/toxic-moon-2/source-r001/corrected-seed38.png
 create mode 100644 assets/art-library/designs/environment.planet.toxic/revisions/r008/toxic-moon-2/source-r001/crater-broken.glb
 create mode 100644 assets/art-library/designs/environment.planet.toxic/revisions/r008/toxic-moon-2/source-r001/crater-large.glb
 create mode 100644 assets/art-library/designs/environment.planet.toxic/revisions/r008/toxic-moon-2/source-r001/crater-small.glb
 create mode 100644 assets/art-library/designs/environment.planet.toxic/revisions/r008/toxic-moon-2/source-r001/exact-reference.png
 create mode 100644 assets/art-library/designs/environment.planet.toxic/revisions/r008/toxic-moon-2/source-r001/foundation-source.py
 create mode 100644 assets/art-library/designs/environment.planet.toxic/revisions/r008/toxic-moon-2/source-r001/fractured-shelf.glb
 create mode 100644 assets/art-library/designs/environment.planet.toxic/revisions/r008/toxic-moon-2/source-r001/generator.py
 create mode 100644 assets/art-library/designs/environment.planet.toxic/revisions/r008/toxic-moon-2/source-r001/ground-sphere-low.glb
 create mode 100644 assets/art-library/designs/environment.planet.toxic/revisions/r008/toxic-moon-2/source-r001/ground-sphere-medium.glb
 create mode 100644 assets/art-library/designs/environment.planet.toxic/revisions/r008/toxic-moon-2/source-r001/ground-sphere.glb
 create mode 100644 assets/art-library/designs/environment.planet.toxic/revisions/r008/toxic-moon-2/source-r001/kit-preview.png
 create mode 100644 assets/art-library/designs/environment.planet.toxic/revisions/r008/toxic-moon-2/source-r001/kit.blend
 create mode 100644 assets/art-library/designs/environment.planet.toxic/revisions/r008/toxic-moon-2/source-r001/kit.json
 create mode 100644 assets/art-library/designs/environment.planet.toxic/revisions/r008/toxic-moon-2/source-r001/mineral-seam.glb
 create mode 100644 assets/art-library/designs/environment.planet.toxic/revisions/r008/toxic-moon-2/source-r001/revision-notes.md
 create mode 100644 assets/art-library/designs/environment.planet.toxic/revisions/r008/toxic-moon-2/source-r001/rocky-0-albedo.png
 create mode 100644 assets/art-library/designs/environment.planet.toxic/revisions/r008/toxic-moon-2/source-r001/rocky-0-orm.png
 create mode 100644 assets/art-library/designs/environment.planet.toxic/revisions/r008/toxic-moon-2/source-r001/rocky-1-albedo.png
 create mode 100644 assets/art-library/designs/environment.planet.toxic/revisions/r008/toxic-moon-2/source-r001/rocky-1-orm.png
 create mode 100644 assets/art-library/designs/environment.planet.toxic/revisions/r008/toxic-moon-2/source-r001/rocky-2-albedo.png
 create mode 100644 assets/art-library/designs/environment.planet.toxic/revisions/r008/toxic-moon-2/source-r001/rocky-2-orm.png
 create mode 100644 assets/art-library/designs/environment.planet.toxic/revisions/r008/toxic-moon-2/source-r001/rocky-3-albedo.png
 create mode 100644 assets/art-library/designs/environment.planet.toxic/revisions/r008/toxic-moon-2/source-r001/rocky-3-orm.png
 create mode 100644 assets/art-library/designs/environment.planet.toxic/revisions/r008/toxic-moon-2/source-r001/rocky-4-albedo.png
 create mode 100644 assets/art-library/designs/environment.planet.toxic/revisions/r008/toxic-moon-2/source-r001/rocky-4-orm.png
 create mode 100644 assets/art-library/designs/environment.planet.toxic/revisions/r008/toxic-moon-2/source-r001/rocky-5-albedo.png
 create mode 100644 assets/art-library/designs/environment.planet.toxic/revisions/r008/toxic-moon-2/source-r001/rocky-5-orm.png
 create mode 100644 assets/art-library/designs/environment.planet.toxic/revisions/r008/toxic-moon-2/source-r001/toxic_moon_reference_composition_r001.test.ts
 create mode 100644 assets/art-library/designs/environment.planet.toxic/revisions/r008/toxic-moon-2/source-r001/toxic_moon_reference_composition_r001.ts
 create mode 100644 assets/art-library/designs/environment.planet.toxic/revisions/r008/toxic-moon-2/source-r001/toxic_moon_reference_r001.tsconfig.json
 create mode 100644 assets/art-library/designs/environment.planet.toxic/revisions/r008/toxic-moon-2/source-r001/toxic_moon_reference_r001.vitest.config.ts
 create mode 100644 assets/art-library/designs/environment.planet.toxic/revisions/r008/toxic-moon-2/source-r001/validation.json
 create mode 100644 assets/art-library/designs/environment.planet.toxic/revisions/r008/toxic-moon-2/source-r001/variant-recipe.json
 create mode 100644 assets/art-library/designs/environment.planet.volcanic/DESIGN.html
 create mode 100644 assets/art-library/designs/environment.planet.volcanic/DESIGN.md
 create mode 100644 assets/art-library/designs/environment.planet.volcanic/design.json
 create mode 100644 assets/art-library/designs/environment.planet.volcanic/revisions/r001/blender-source.blend
 create mode 100644 assets/art-library/designs/environment.planet.volcanic/revisions/r001/comparison.png
 create mode 100644 assets/art-library/designs/environment.planet.volcanic/revisions/r001/material-debug.png
 create mode 100644 assets/art-library/designs/environment.planet.volcanic/revisions/r001/native-source.py
 create mode 100644 assets/art-library/designs/environment.planet.volcanic/revisions/r001/recipe.json
 create mode 100644 assets/art-library/designs/environment.planet.volcanic/revisions/r001/validation.json
 create mode 100644 assets/art-library/designs/environment.planet.volcanic/revisions/r002/blender-source.blend
 create mode 100644 assets/art-library/designs/environment.planet.volcanic/revisions/r002/comparison.png
 create mode 100644 assets/art-library/designs/environment.planet.volcanic/revisions/r002/native-source.py
 create mode 100644 assets/art-library/designs/environment.planet.volcanic/revisions/r002/recipe.json
 create mode 100644 assets/art-library/designs/environment.planet.volcanic/revisions/r002/validation.json
 create mode 100644 assets/art-library/designs/environment.planet.volcanic/revisions/r003/blender-source.blend
 create mode 100644 assets/art-library/designs/environment.planet.volcanic/revisions/r003/comparison.png
 create mode 100644 assets/art-library/designs/environment.planet.volcanic/revisions/r003/material-debug.png
 create mode 100644 assets/art-library/designs/environment.planet.volcanic/revisions/r003/native-source.py
 create mode 100644 assets/art-library/designs/environment.planet.volcanic/revisions/r003/recipe.json
 create mode 100644 assets/art-library/designs/environment.planet.volcanic/revisions/r003/validation.json
 create mode 100644 assets/art-library/designs/environment.planet.volcanic/revisions/r004/blender-source.blend
 create mode 100644 assets/art-library/designs/environment.planet.volcanic/revisions/r004/comparison.png
 create mode 100644 assets/art-library/designs/environment.planet.volcanic/revisions/r004/native-source.py
 create mode 100644 assets/art-library/designs/environment.planet.volcanic/revisions/r004/recipe.json
 create mode 100644 assets/art-library/designs/environment.planet.volcanic/revisions/r004/validation.json
 create mode 100644 assets/art-library/designs/environment.planet.volcanic/revisions/r005/blender-source.blend
 create mode 100644 assets/art-library/designs/environment.planet.volcanic/revisions/r005/comparison.png
 create mode 100644 assets/art-library/designs/environment.planet.volcanic/revisions/r005/native-source.py
 create mode 100644 assets/art-library/designs/environment.planet.volcanic/revisions/r005/recipe.json
 create mode 100644 assets/art-library/designs/environment.planet.volcanic/revisions/r005/validation.json
 create mode 100644 assets/art-library/designs/environment.planet.volcanic/revisions/r006/blender-source.blend
 create mode 100644 assets/art-library/designs/environment.planet.volcanic/revisions/r006/comparison.png
 create mode 100644 assets/art-library/designs/environment.planet.volcanic/revisions/r006/native-source.py
 create mode 100644 assets/art-library/designs/environment.planet.volcanic/revisions/r006/recipe.json
 create mode 100644 assets/art-library/designs/environment.planet.volcanic/revisions/r006/validation.json
 create mode 100644 assets/art-library/designs/environment.planet.volcanic/revisions/r007/blender-source.blend
 create mode 100644 assets/art-library/designs/environment.planet.volcanic/revisions/r007/capture-record.json
 create mode 100644 assets/art-library/designs/environment.planet.volcanic/revisions/r007/comparison.png
 create mode 100644 assets/art-library/designs/environment.planet.volcanic/revisions/r007/native-source.py
 create mode 100644 assets/art-library/designs/environment.planet.volcanic/revisions/r007/recipe.json
 create mode 100644 assets/art-library/designs/environment.planet.volcanic/revisions/r007/validation.json
 create mode 100644 assets/art-library/designs/environment.planet.volcanic/revisions/r008/blender-source.blend
 create mode 100644 assets/art-library/designs/environment.planet.volcanic/revisions/r008/comparison.png
 create mode 100644 assets/art-library/designs/environment.planet.volcanic/revisions/r008/native-source.py
 create mode 100644 assets/art-library/designs/environment.planet.volcanic/revisions/r008/recipe.json
 create mode 100644 assets/art-library/designs/environment.planet.volcanic/revisions/r008/validation.json
 create mode 100644 assets/art-library/designs/environment.planet.volcanic/revisions/r009/blender-source.blend
 create mode 100644 assets/art-library/designs/environment.planet.volcanic/revisions/r009/comparison.png
 create mode 100644 assets/art-library/designs/environment.planet.volcanic/revisions/r009/native-source.py
 create mode 100644 assets/art-library/designs/environment.planet.volcanic/revisions/r009/recipe.json
 create mode 100644 assets/art-library/designs/environment.planet.volcanic/revisions/r009/runtime-close.png
 create mode 100644 assets/art-library/designs/environment.planet.volcanic/revisions/r009/validation.json
 create mode 100644 assets/art-library/designs/environment.planet.volcanic/revisions/r010/comparison.png
 create mode 100644 assets/art-library/designs/environment.planet.volcanic/revisions/r011/comparison.png
 create mode 100644 assets/art-library/designs/environment.planet.volcanic/revisions/r012/blender-source.blend
 create mode 100644 assets/art-library/designs/environment.planet.volcanic/revisions/r012/comparison.png
 create mode 100644 assets/art-library/designs/environment.planet.volcanic/revisions/r012/recipe.json
 create mode 100644 assets/art-library/designs/environment.planet.volcanic/revisions/r012/validation.json
 create mode 100644 assets/art-library/designs/environment.planet.volcanic/revisions/r013/blender-source.blend
 create mode 100644 assets/art-library/designs/environment.planet.volcanic/revisions/r013/comparison.png
 create mode 100644 assets/art-library/designs/environment.planet.volcanic/revisions/r013/recipe.json
 create mode 100644 assets/art-library/designs/environment.planet.volcanic/revisions/r013/validation.json
 create mode 100644 assets/art-library/designs/environment.planet.volcanic/revisions/r014/comparison.png
 create mode 100644 assets/art-library/designs/environment.planet.volcanic/revisions/r015/comparison.png
 create mode 100644 assets/art-library/designs/environment.planet.volcanic/revisions/r016/comparison.png
 create mode 100644 assets/art-library/designs/environment.planet.volcanic/revisions/r017/blender-source.blend
 create mode 100644 assets/art-library/designs/environment.planet.volcanic/revisions/r017/comparison.png
 create mode 100644 assets/art-library/designs/environment.planet.volcanic/revisions/r017/native-source.py
 create mode 100644 assets/art-library/designs/environment.planet.volcanic/revisions/r017/recipe.json
 create mode 100644 assets/art-library/designs/environment.planet.volcanic/revisions/r017/validation.json
 create mode 100644 assets/art-library/designs/environment.planet.volcanic/revisions/r018/blender-source.blend
 create mode 100644 assets/art-library/designs/environment.planet.volcanic/revisions/r018/capture-record.json
 create mode 100644 assets/art-library/designs/environment.planet.volcanic/revisions/r018/comparison.png
 create mode 100644 assets/art-library/designs/environment.planet.volcanic/revisions/r018/material-debug.png
 create mode 100644 assets/art-library/designs/environment.planet.volcanic/revisions/r018/recipe.json
 create mode 100644 assets/art-library/designs/environment.planet.volcanic/revisions/r018/runtime-context.png
 create mode 100644 assets/art-library/designs/environment.planet.volcanic/revisions/r018/validation.json
 create mode 100644 assets/art-library/designs/environment.planet.volcanic/revisions/r019/artifacts/composition-tests.log
 create mode 100644 assets/art-library/designs/environment.planet.volcanic/revisions/r019/artifacts/edge-length-validation.json
 create mode 100644 assets/art-library/designs/environment.planet.volcanic/revisions/r019/artifacts/ground-sphere-low.glb
 create mode 100644 assets/art-library/designs/environment.planet.volcanic/revisions/r019/artifacts/ground-sphere-medium.glb
 create mode 100644 assets/art-library/designs/environment.planet.volcanic/revisions/r019/artifacts/ground-sphere.glb
 create mode 100644 assets/art-library/designs/environment.planet.volcanic/revisions/r019/artifacts/kit-preview.png
 create mode 100644 assets/art-library/designs/environment.planet.volcanic/revisions/r019/artifacts/kit.blend
 create mode 100644 assets/art-library/designs/environment.planet.volcanic/revisions/r019/artifacts/kit.json
 create mode 100644 assets/art-library/designs/environment.planet.volcanic/revisions/r019/artifacts/planet-seed38-angle2.png
 create mode 100644 assets/art-library/designs/environment.planet.volcanic/revisions/r019/artifacts/planet-seed38.png
 create mode 100644 assets/art-library/designs/environment.planet.volcanic/revisions/r019/artifacts/regional-volcanic-preview.png
 create mode 100644 assets/art-library/designs/environment.planet.volcanic/revisions/r019/artifacts/render-region-preview.py
 create mode 100644 assets/art-library/designs/environment.planet.volcanic/revisions/r019/artifacts/validation.json
 create mode 100644 assets/art-library/designs/environment.planet.volcanic/revisions/r019/artifacts/volcanic-region-a.glb
 create mode 100644 assets/art-library/designs/environment.planet.volcanic/revisions/r019/artifacts/volcanic-region-b.glb
 create mode 100644 assets/art-library/designs/environment.planet.volcanic/revisions/r019/artifacts/volcanic-region-c.glb
 create mode 100644 assets/art-library/designs/environment.planet.volcanic/revisions/r019/artifacts/volcanic_reference_composition_r019.test.ts
 create mode 100644 assets/art-library/designs/environment.planet.volcanic/revisions/r019/artifacts/volcanic_reference_composition_r019.ts
 create mode 100644 assets/art-library/designs/environment.planet.volcanic/revisions/r019/artifacts/volcanic_reference_r019.tsconfig.json
 create mode 100644 assets/art-library/designs/environment.planet.volcanic/revisions/r019/artifacts/volcanic_reference_r019.vitest.config.ts
 create mode 100644 assets/art-library/designs/environment.planet.volcanic/revisions/r020/artifacts/basalt-0-albedo.png
 create mode 100644 assets/art-library/designs/environment.planet.volcanic/revisions/r020/artifacts/basalt-0-orm.png
 create mode 100644 assets/art-library/designs/environment.planet.volcanic/revisions/r020/artifacts/basalt-1-albedo.png
 create mode 100644 assets/art-library/designs/environment.planet.volcanic/revisions/r020/artifacts/basalt-1-orm.png
 create mode 100644 assets/art-library/designs/environment.planet.volcanic/revisions/r020/artifacts/basalt-2-albedo.png
 create mode 100644 assets/art-library/designs/environment.planet.volcanic/revisions/r020/artifacts/basalt-2-orm.png
 create mode 100644 assets/art-library/designs/environment.planet.volcanic/revisions/r020/artifacts/basalt-4-albedo.png
 create mode 100644 assets/art-library/designs/environment.planet.volcanic/revisions/r020/artifacts/basalt-4-orm.png
 create mode 100644 assets/art-library/designs/environment.planet.volcanic/revisions/r020/artifacts/build_volcanic_native_kit_r020.py
 create mode 100644 assets/art-library/designs/environment.planet.volcanic/revisions/r020/artifacts/composition-tests.log
 create mode 100644 assets/art-library/designs/environment.planet.volcanic/revisions/r020/artifacts/corrected-seed38-angle2.png
 create mode 100644 assets/art-library/designs/environment.planet.volcanic/revisions/r020/artifacts/corrected-seed38-capture.log
 create mode 100644 assets/art-library/designs/environment.planet.volcanic/revisions/r020/artifacts/corrected-seed38-reference-scale.png
 create mode 100644 assets/art-library/designs/environment.planet.volcanic/revisions/r020/artifacts/corrected-seed38.json
 create mode 100644 assets/art-library/designs/environment.planet.volcanic/revisions/r020/artifacts/corrected-seed38.png
 create mode 100644 assets/art-library/designs/environment.planet.volcanic/revisions/r020/artifacts/edge-length-validation.json
 create mode 100644 assets/art-library/designs/environment.planet.volcanic/revisions/r020/artifacts/ground-sphere-low.glb
 create mode 100644 assets/art-library/designs/environment.planet.volcanic/revisions/r020/artifacts/ground-sphere-medium.glb
 create mode 100644 assets/art-library/designs/environment.planet.volcanic/revisions/r020/artifacts/ground-sphere.glb
 create mode 100644 assets/art-library/designs/environment.planet.volcanic/revisions/r020/artifacts/kit-preview.png
 create mode 100644 assets/art-library/designs/environment.planet.volcanic/revisions/r020/artifacts/kit.blend
 create mode 100644 assets/art-library/designs/environment.planet.volcanic/revisions/r020/artifacts/kit.json
 create mode 100644 assets/art-library/designs/environment.planet.volcanic/revisions/r020/artifacts/regional-topview.png
 create mode 100644 assets/art-library/designs/environment.planet.volcanic/revisions/r020/artifacts/regional-volcanic-preview.png
 create mode 100644 assets/art-library/designs/environment.planet.volcanic/revisions/r020/artifacts/render-region-preview.py
 create mode 100644 assets/art-library/designs/environment.planet.volcanic/revisions/r020/artifacts/render-topview.py
 create mode 100644 assets/art-library/designs/environment.planet.volcanic/revisions/r020/artifacts/revision-notes.md
 create mode 100644 assets/art-library/designs/environment.planet.volcanic/revisions/r020/artifacts/validation.json
 create mode 100644 assets/art-library/designs/environment.planet.volcanic/revisions/r020/artifacts/volcanic-region-a.glb
 create mode 100644 assets/art-library/designs/environment.planet.volcanic/revisions/r020/artifacts/volcanic-region-b.glb
 create mode 100644 assets/art-library/designs/environment.planet.volcanic/revisions/r020/artifacts/volcanic-region-c.glb
 create mode 100644 assets/art-library/designs/environment.planet.volcanic/revisions/r020/artifacts/volcanic_reference_composition_r020.test.ts
 create mode 100644 assets/art-library/designs/environment.planet.volcanic/revisions/r020/artifacts/volcanic_reference_composition_r020.ts
 create mode 100644 assets/art-library/designs/environment.planet.volcanic/revisions/r020/artifacts/volcanic_reference_r020.tsconfig.json
 create mode 100644 assets/art-library/designs/environment.planet.volcanic/revisions/r020/artifacts/volcanic_reference_r020.vitest.config.ts
 create mode 100644 assets/art-library/designs/environment.planet.volcanic/revisions/r021/artifacts/basalt-0-albedo.png
 create mode 100644 assets/art-library/designs/environment.planet.volcanic/revisions/r021/artifacts/basalt-0-orm.png
 create mode 100644 assets/art-library/designs/environment.planet.volcanic/revisions/r021/artifacts/basalt-1-albedo.png
 create mode 100644 assets/art-library/designs/environment.planet.volcanic/revisions/r021/artifacts/basalt-1-orm.png
 create mode 100644 assets/art-library/designs/environment.planet.volcanic/revisions/r021/artifacts/basalt-2-albedo.png
 create mode 100644 assets/art-library/designs/environment.planet.volcanic/revisions/r021/artifacts/basalt-2-orm.png
 create mode 100644 assets/art-library/designs/environment.planet.volcanic/revisions/r021/artifacts/basalt-4-albedo.png
 create mode 100644 assets/art-library/designs/environment.planet.volcanic/revisions/r021/artifacts/basalt-4-orm.png
 create mode 100644 assets/art-library/designs/environment.planet.volcanic/revisions/r021/artifacts/corrected-seed38-angle2.png
 create mode 100644 assets/art-library/designs/environment.planet.volcanic/revisions/r021/artifacts/corrected-seed38-capture.log
 create mode 100644 assets/art-library/designs/environment.planet.volcanic/revisions/r021/artifacts/corrected-seed38-reference-scale.png
 create mode 100644 assets/art-library/designs/environment.planet.volcanic/revisions/r021/artifacts/corrected-seed38.json
 create mode 100644 assets/art-library/designs/environment.planet.volcanic/revisions/r021/artifacts/corrected-seed38.png
 create mode 100644 assets/art-library/designs/environment.planet.volcanic/revisions/r021/artifacts/ground-sphere-low.glb
 create mode 100644 assets/art-library/designs/environment.planet.volcanic/revisions/r021/artifacts/ground-sphere-medium.glb
 create mode 100644 assets/art-library/designs/environment.planet.volcanic/revisions/r021/artifacts/ground-sphere.glb
 create mode 100644 assets/art-library/designs/environment.planet.volcanic/revisions/r021/artifacts/kit-preview.png
 create mode 100644 assets/art-library/designs/environment.planet.volcanic/revisions/r021/artifacts/kit.blend
 create mode 100644 assets/art-library/designs/environment.planet.volcanic/revisions/r021/artifacts/kit.json
 create mode 100644 assets/art-library/designs/environment.planet.volcanic/revisions/r021/artifacts/validation.json
 create mode 100644 assets/art-library/designs/environment.planet.volcanic/revisions/r021/artifacts/volcanic-region-a.glb
 create mode 100644 assets/art-library/designs/environment.planet.volcanic/revisions/r021/artifacts/volcanic-region-b.glb
 create mode 100644 assets/art-library/designs/environment.planet.volcanic/revisions/r021/artifacts/volcanic-region-c.glb
 create mode 100644 assets/art-library/designs/environment.planet.volcanic/revisions/r022/artifacts/basalt-0-albedo.png
 create mode 100644 assets/art-library/designs/environment.planet.volcanic/revisions/r022/artifacts/basalt-0-orm.png
 create mode 100644 assets/art-library/designs/environment.planet.volcanic/revisions/r022/artifacts/basalt-1-albedo.png
 create mode 100644 assets/art-library/designs/environment.planet.volcanic/revisions/r022/artifacts/basalt-1-orm.png
 create mode 100644 assets/art-library/designs/environment.planet.volcanic/revisions/r022/artifacts/basalt-2-albedo.png
 create mode 100644 assets/art-library/designs/environment.planet.volcanic/revisions/r022/artifacts/basalt-2-orm.png
 create mode 100644 assets/art-library/designs/environment.planet.volcanic/revisions/r022/artifacts/basalt-4-albedo.png
 create mode 100644 assets/art-library/designs/environment.planet.volcanic/revisions/r022/artifacts/basalt-4-orm.png
 create mode 100644 assets/art-library/designs/environment.planet.volcanic/revisions/r022/artifacts/corrected-seed38-angle2.png
 create mode 100644 assets/art-library/designs/environment.planet.volcanic/revisions/r022/artifacts/corrected-seed38-capture.log
 create mode 100644 assets/art-library/designs/environment.planet.volcanic/revisions/r022/artifacts/corrected-seed38-reference-scale.png
 create mode 100644 assets/art-library/designs/environment.planet.volcanic/revisions/r022/artifacts/corrected-seed38.json
 create mode 100644 assets/art-library/designs/environment.planet.volcanic/revisions/r022/artifacts/corrected-seed38.png
 create mode 100644 assets/art-library/designs/environment.planet.volcanic/revisions/r022/artifacts/ground-sphere-low.glb
 create mode 100644 assets/art-library/designs/environment.planet.volcanic/revisions/r022/artifacts/ground-sphere-medium.glb
 create mode 100644 assets/art-library/designs/environment.planet.volcanic/revisions/r022/artifacts/ground-sphere.glb
 create mode 100644 assets/art-library/designs/environment.planet.volcanic/revisions/r022/artifacts/kit-preview.png
 create mode 100644 assets/art-library/designs/environment.planet.volcanic/revisions/r022/artifacts/kit.blend
 create mode 100644 assets/art-library/designs/environment.planet.volcanic/revisions/r022/artifacts/kit.json
 create mode 100644 assets/art-library/designs/environment.planet.volcanic/revisions/r022/artifacts/lava-flow.png
 create mode 100644 assets/art-library/designs/environment.planet.volcanic/revisions/r022/artifacts/validation.json
 create mode 100644 assets/art-library/designs/environment.planet.volcanic/revisions/r022/artifacts/volcanic-region-a.glb
 create mode 100644 assets/art-library/designs/environment.planet.volcanic/revisions/r022/artifacts/volcanic-region-b.glb
 create mode 100644 assets/art-library/designs/environment.planet.volcanic/revisions/r022/artifacts/volcanic-region-c.glb
 create mode 100644 assets/art-library/designs/environment.planet.volcanic/revisions/r023/artifacts/basalt-0-albedo.png
 create mode 100644 assets/art-library/designs/environment.planet.volcanic/revisions/r023/artifacts/basalt-0-orm.png
 create mode 100644 assets/art-library/designs/environment.planet.volcanic/revisions/r023/artifacts/basalt-1-albedo.png
 create mode 100644 assets/art-library/designs/environment.planet.volcanic/revisions/r023/artifacts/basalt-1-orm.png
 create mode 100644 assets/art-library/designs/environment.planet.volcanic/revisions/r023/artifacts/basalt-2-albedo.png
 create mode 100644 assets/art-library/designs/environment.planet.volcanic/revisions/r023/artifacts/basalt-2-orm.png
 create mode 100644 assets/art-library/designs/environment.planet.volcanic/revisions/r023/artifacts/basalt-4-albedo.png
 create mode 100644 assets/art-library/designs/environment.planet.volcanic/revisions/r023/artifacts/basalt-4-orm.png
 create mode 100644 assets/art-library/designs/environment.planet.volcanic/revisions/r023/artifacts/corrected-seed38-angle2.png
 create mode 100644 assets/art-library/designs/environment.planet.volcanic/revisions/r023/artifacts/corrected-seed38-capture.log
 create mode 100644 assets/art-library/designs/environment.planet.volcanic/revisions/r023/artifacts/corrected-seed38-reference-scale.png
 create mode 100644 assets/art-library/designs/environment.planet.volcanic/revisions/r023/artifacts/corrected-seed38.json
 create mode 100644 assets/art-library/designs/environment.planet.volcanic/revisions/r023/artifacts/corrected-seed38.png
 create mode 100644 assets/art-library/designs/environment.planet.volcanic/revisions/r023/artifacts/ground-sphere-low.glb
 create mode 100644 assets/art-library/designs/environment.planet.volcanic/revisions/r023/artifacts/ground-sphere-medium.glb
 create mode 100644 assets/art-library/designs/environment.planet.volcanic/revisions/r023/artifacts/ground-sphere.glb
 create mode 100644 assets/art-library/designs/environment.planet.volcanic/revisions/r023/artifacts/kit-preview.png
 create mode 100644 assets/art-library/designs/environment.planet.volcanic/revisions/r023/artifacts/kit.blend
 create mode 100644 assets/art-library/designs/environment.planet.volcanic/revisions/r023/artifacts/kit.json
 create mode 100644 assets/art-library/designs/environment.planet.volcanic/revisions/r023/artifacts/lava-flow.png
 create mode 100644 assets/art-library/designs/environment.planet.volcanic/revisions/r023/artifacts/smoke-omission-audit.md
 create mode 100644 assets/art-library/designs/environment.planet.volcanic/revisions/r023/artifacts/smoke-restored-seed38-angle2.png
 create mode 100644 assets/art-library/designs/environment.planet.volcanic/revisions/r023/artifacts/smoke-restored-seed38-capture.log
 create mode 100644 assets/art-library/designs/environment.planet.volcanic/revisions/r023/artifacts/smoke-restored-seed38-reference-scale.png
 create mode 100644 assets/art-library/designs/environment.planet.volcanic/revisions/r023/artifacts/smoke-restored-seed38.json
 create mode 100644 assets/art-library/designs/environment.planet.volcanic/revisions/r023/artifacts/smoke-restored-seed38.png
 create mode 100644 assets/art-library/designs/environment.planet.volcanic/revisions/r023/artifacts/validation.json
 create mode 100644 assets/art-library/designs/environment.planet.volcanic/revisions/r023/artifacts/volcanic-region-a.glb
 create mode 100644 assets/art-library/designs/environment.planet.volcanic/revisions/r023/artifacts/volcanic-region-b.glb
 create mode 100644 assets/art-library/designs/environment.planet.volcanic/revisions/r023/artifacts/volcanic-region-c.glb
 create mode 100644 assets/art-library/designs/environment.planet.volcanic/revisions/r024/manifest.json
 create mode 100644 assets/art-library/designs/environment.planet.volcanic/revisions/r024/pre-checkpoint-design.json
 create mode 100644 assets/art-library/designs/environment.planet.volcanic/revisions/r024/reviews/ice-volcanic-moons-r001-gas-mineral-r002.md
 create mode 100644 assets/art-library/designs/environment.planet.volcanic/revisions/r024/reviews/volcanic-moons-r002-ice26-shadow.md
 create mode 100644 assets/art-library/designs/environment.planet.volcanic/revisions/r024/volcanic-moon-1/source-r001/angular-outcrops.glb
 create mode 100644 assets/art-library/designs/environment.planet.volcanic/revisions/r024/volcanic-moon-1/source-r001/battered-region-a.glb
 create mode 100644 assets/art-library/designs/environment.planet.volcanic/revisions/r024/volcanic-moon-1/source-r001/battered-region-b.glb
 create mode 100644 assets/art-library/designs/environment.planet.volcanic/revisions/r024/volcanic-moon-1/source-r001/build_extreme_moon_native_variants_r001.py
 create mode 100644 assets/art-library/designs/environment.planet.volcanic/revisions/r024/volcanic-moon-1/source-r001/corrected-run.log
 create mode 100644 assets/art-library/designs/environment.planet.volcanic/revisions/r024/volcanic-moon-1/source-r001/corrected-seed38-angle2.png
 create mode 100644 assets/art-library/designs/environment.planet.volcanic/revisions/r024/volcanic-moon-1/source-r001/corrected-seed38-capture.log
 create mode 100644 assets/art-library/designs/environment.planet.volcanic/revisions/r024/volcanic-moon-1/source-r001/corrected-seed38-reference-scale.png
 create mode 100644 assets/art-library/designs/environment.planet.volcanic/revisions/r024/volcanic-moon-1/source-r001/corrected-seed38.json
 create mode 100644 assets/art-library/designs/environment.planet.volcanic/revisions/r024/volcanic-moon-1/source-r001/corrected-seed38.png
 create mode 100644 assets/art-library/designs/environment.planet.volcanic/revisions/r024/volcanic-moon-1/source-r001/crater-broken.glb
 create mode 100644 assets/art-library/designs/environment.planet.volcanic/revisions/r024/volcanic-moon-1/source-r001/crater-large.glb
 create mode 100644 assets/art-library/designs/environment.planet.volcanic/revisions/r024/volcanic-moon-1/source-r001/crater-small.glb
 create mode 100644 assets/art-library/designs/environment.planet.volcanic/revisions/r024/volcanic-moon-1/source-r001/exact-reference.png
 create mode 100644 assets/art-library/designs/environment.planet.volcanic/revisions/r024/volcanic-moon-1/source-r001/foundation-source.py
 create mode 100644 assets/art-library/designs/environment.planet.volcanic/revisions/r024/volcanic-moon-1/source-r001/fractured-shelf.glb
 create mode 100644 assets/art-library/designs/environment.planet.volcanic/revisions/r024/volcanic-moon-1/source-r001/generator.py
 create mode 100644 assets/art-library/designs/environment.planet.volcanic/revisions/r024/volcanic-moon-1/source-r001/ground-sphere-low.glb
 create mode 100644 assets/art-library/designs/environment.planet.volcanic/revisions/r024/volcanic-moon-1/source-r001/ground-sphere-medium.glb
 create mode 100644 assets/art-library/designs/environment.planet.volcanic/revisions/r024/volcanic-moon-1/source-r001/ground-sphere.glb
 create mode 100644 assets/art-library/designs/environment.planet.volcanic/revisions/r024/volcanic-moon-1/source-r001/kit-preview.png
 create mode 100644 assets/art-library/designs/environment.planet.volcanic/revisions/r024/volcanic-moon-1/source-r001/kit.blend
 create mode 100644 assets/art-library/designs/environment.planet.volcanic/revisions/r024/volcanic-moon-1/source-r001/kit.json
 create mode 100644 assets/art-library/designs/environment.planet.volcanic/revisions/r024/volcanic-moon-1/source-r001/mineral-seam.glb
 create mode 100644 assets/art-library/designs/environment.planet.volcanic/revisions/r024/volcanic-moon-1/source-r001/revision-notes.md
 create mode 100644 assets/art-library/designs/environment.planet.volcanic/revisions/r024/volcanic-moon-1/source-r001/rocky-0-albedo.png
 create mode 100644 assets/art-library/designs/environment.planet.volcanic/revisions/r024/volcanic-moon-1/source-r001/rocky-0-orm.png
 create mode 100644 assets/art-library/designs/environment.planet.volcanic/revisions/r024/volcanic-moon-1/source-r001/rocky-1-albedo.png
 create mode 100644 assets/art-library/designs/environment.planet.volcanic/revisions/r024/volcanic-moon-1/source-r001/rocky-1-orm.png
 create mode 100644 assets/art-library/designs/environment.planet.volcanic/revisions/r024/volcanic-moon-1/source-r001/rocky-2-albedo.png
 create mode 100644 assets/art-library/designs/environment.planet.volcanic/revisions/r024/volcanic-moon-1/source-r001/rocky-2-orm.png
 create mode 100644 assets/art-library/designs/environment.planet.volcanic/revisions/r024/volcanic-moon-1/source-r001/rocky-3-albedo.png
 create mode 100644 assets/art-library/designs/environment.planet.volcanic/revisions/r024/volcanic-moon-1/source-r001/rocky-3-orm.png
 create mode 100644 assets/art-library/designs/environment.planet.volcanic/revisions/r024/volcanic-moon-1/source-r001/rocky-4-albedo.png
 create mode 100644 assets/art-library/designs/environment.planet.volcanic/revisions/r024/volcanic-moon-1/source-r001/rocky-4-orm.png
 create mode 100644 assets/art-library/designs/environment.planet.volcanic/revisions/r024/volcanic-moon-1/source-r001/rocky-5-albedo.png
 create mode 100644 assets/art-library/designs/environment.planet.volcanic/revisions/r024/volcanic-moon-1/source-r001/rocky-5-orm.png
 create mode 100644 assets/art-library/designs/environment.planet.volcanic/revisions/r024/volcanic-moon-1/source-r001/validation.json
 create mode 100644 assets/art-library/designs/environment.planet.volcanic/revisions/r024/volcanic-moon-1/source-r001/variant-recipe.json
 create mode 100644 assets/art-library/designs/environment.planet.volcanic/revisions/r024/volcanic-moon-1/source-r001/volcanic_moon_reference_composition_r001.test.ts
 create mode 100644 assets/art-library/designs/environment.planet.volcanic/revisions/r024/volcanic-moon-1/source-r001/volcanic_moon_reference_composition_r001.ts
 create mode 100644 assets/art-library/designs/environment.planet.volcanic/revisions/r024/volcanic-moon-1/source-r001/volcanic_moon_reference_r001.tsconfig.json
 create mode 100644 assets/art-library/designs/environment.planet.volcanic/revisions/r024/volcanic-moon-1/source-r001/volcanic_moon_reference_r001.vitest.config.ts
 create mode 100644 assets/art-library/designs/environment.planet.volcanic/revisions/r024/volcanic-moon-1/source-r002/angular-outcrops.glb
 create mode 100644 assets/art-library/designs/environment.planet.volcanic/revisions/r024/volcanic-moon-1/source-r002/battered-region-a.glb
 create mode 100644 assets/art-library/designs/environment.planet.volcanic/revisions/r024/volcanic-moon-1/source-r002/battered-region-b.glb
 create mode 100644 assets/art-library/designs/environment.planet.volcanic/revisions/r024/volcanic-moon-1/source-r002/build_extreme_moon_native_variants_r002.py
 create mode 100644 assets/art-library/designs/environment.planet.volcanic/revisions/r024/volcanic-moon-1/source-r002/corrected-seed38-angle2.png
 create mode 100644 assets/art-library/designs/environment.planet.volcanic/revisions/r024/volcanic-moon-1/source-r002/corrected-seed38-capture.log
 create mode 100644 assets/art-library/designs/environment.planet.volcanic/revisions/r024/volcanic-moon-1/source-r002/corrected-seed38-reference-scale.png
 create mode 100644 assets/art-library/designs/environment.planet.volcanic/revisions/r024/volcanic-moon-1/source-r002/corrected-seed38.json
 create mode 100644 assets/art-library/designs/environment.planet.volcanic/revisions/r024/volcanic-moon-1/source-r002/corrected-seed38.png
 create mode 100644 assets/art-library/designs/environment.planet.volcanic/revisions/r024/volcanic-moon-1/source-r002/crater-broken.glb
 create mode 100644 assets/art-library/designs/environment.planet.volcanic/revisions/r024/volcanic-moon-1/source-r002/crater-large.glb
 create mode 100644 assets/art-library/designs/environment.planet.volcanic/revisions/r024/volcanic-moon-1/source-r002/crater-small.glb
 create mode 100644 assets/art-library/designs/environment.planet.volcanic/revisions/r024/volcanic-moon-1/source-r002/exact-reference.png
 create mode 100644 assets/art-library/designs/environment.planet.volcanic/revisions/r024/volcanic-moon-1/source-r002/foundation-source.py
 create mode 100644 assets/art-library/designs/environment.planet.volcanic/revisions/r024/volcanic-moon-1/source-r002/fractured-shelf.glb
 create mode 100644 assets/art-library/designs/environment.planet.volcanic/revisions/r024/volcanic-moon-1/source-r002/generator.py
 create mode 100644 assets/art-library/designs/environment.planet.volcanic/revisions/r024/volcanic-moon-1/source-r002/ground-sphere-low.glb
 create mode 100644 assets/art-library/designs/environment.planet.volcanic/revisions/r024/volcanic-moon-1/source-r002/ground-sphere-medium.glb
 create mode 100644 assets/art-library/designs/environment.planet.volcanic/revisions/r024/volcanic-moon-1/source-r002/ground-sphere.glb
 create mode 100644 assets/art-library/designs/environment.planet.volcanic/revisions/r024/volcanic-moon-1/source-r002/intended-glow-seed38-angle2.png
 create mode 100644 assets/art-library/designs/environment.planet.volcanic/revisions/r024/volcanic-moon-1/source-r002/intended-glow-seed38-capture.log
 create mode 100644 assets/art-library/designs/environment.planet.volcanic/revisions/r024/volcanic-moon-1/source-r002/intended-glow-seed38-reference-scale.png
 create mode 100644 assets/art-library/designs/environment.planet.volcanic/revisions/r024/volcanic-moon-1/source-r002/intended-glow-seed38.json
 create mode 100644 assets/art-library/designs/environment.planet.volcanic/revisions/r024/volcanic-moon-1/source-r002/intended-glow-seed38.png
 create mode 100644 assets/art-library/designs/environment.planet.volcanic/revisions/r024/volcanic-moon-1/source-r002/kit-preview.png
 create mode 100644 assets/art-library/designs/environment.planet.volcanic/revisions/r024/volcanic-moon-1/source-r002/kit.blend
 create mode 100644 assets/art-library/designs/environment.planet.volcanic/revisions/r024/volcanic-moon-1/source-r002/kit.json
 create mode 100644 assets/art-library/designs/environment.planet.volcanic/revisions/r024/volcanic-moon-1/source-r002/mineral-seam.glb
 create mode 100644 assets/art-library/designs/environment.planet.volcanic/revisions/r024/volcanic-moon-1/source-r002/revision-notes.md
 create mode 100644 assets/art-library/designs/environment.planet.volcanic/revisions/r024/volcanic-moon-1/source-r002/rocky-0-albedo.png
 create mode 100644 assets/art-library/designs/environment.planet.volcanic/revisions/r024/volcanic-moon-1/source-r002/rocky-0-orm.png
 create mode 100644 assets/art-library/designs/environment.planet.volcanic/revisions/r024/volcanic-moon-1/source-r002/rocky-1-albedo.png
 create mode 100644 assets/art-library/designs/environment.planet.volcanic/revisions/r024/volcanic-moon-1/source-r002/rocky-1-orm.png
 create mode 100644 assets/art-library/designs/environment.planet.volcanic/revisions/r024/volcanic-moon-1/source-r002/rocky-2-albedo.png
 create mode 100644 assets/art-library/designs/environment.planet.volcanic/revisions/r024/volcanic-moon-1/source-r002/rocky-2-orm.png
 create mode 100644 assets/art-library/designs/environment.planet.volcanic/revisions/r024/volcanic-moon-1/source-r002/rocky-3-albedo.png
 create mode 100644 assets/art-library/designs/environment.planet.volcanic/revisions/r024/volcanic-moon-1/source-r002/rocky-3-orm.png
 create mode 100644 assets/art-library/designs/environment.planet.volcanic/revisions/r024/volcanic-moon-1/source-r002/rocky-4-albedo.png
 create mode 100644 assets/art-library/designs/environment.planet.volcanic/revisions/r024/volcanic-moon-1/source-r002/rocky-4-orm.png
 create mode 100644 assets/art-library/designs/environment.planet.volcanic/revisions/r024/volcanic-moon-1/source-r002/rocky-5-albedo.png
 create mode 100644 assets/art-library/designs/environment.planet.volcanic/revisions/r024/volcanic-moon-1/source-r002/rocky-5-orm.png
 create mode 100644 assets/art-library/designs/environment.planet.volcanic/revisions/r024/volcanic-moon-1/source-r002/validation.json
 create mode 100644 assets/art-library/designs/environment.planet.volcanic/revisions/r024/volcanic-moon-1/source-r002/variant-recipe.json
 create mode 100644 assets/art-library/designs/environment.planet.volcanic/revisions/r024/volcanic-moon-1/source-r002/volcanic_moon_reference_composition_r002.test.ts
 create mode 100644 assets/art-library/designs/environment.planet.volcanic/revisions/r024/volcanic-moon-1/source-r002/volcanic_moon_reference_composition_r002.ts
 create mode 100644 assets/art-library/designs/environment.planet.volcanic/revisions/r024/volcanic-moon-1/source-r002/volcanic_moon_reference_r002.tsconfig.json
 create mode 100644 assets/art-library/designs/environment.planet.volcanic/revisions/r024/volcanic-moon-1/source-r002/volcanic_moon_reference_r002.vitest.config.ts
 create mode 100644 assets/art-library/designs/environment.planet.volcanic/revisions/r024/volcanic-moon-2/source-r001/angular-outcrops.glb
 create mode 100644 assets/art-library/designs/environment.planet.volcanic/revisions/r024/volcanic-moon-2/source-r001/battered-region-a.glb
 create mode 100644 assets/art-library/designs/environment.planet.volcanic/revisions/r024/volcanic-moon-2/source-r001/battered-region-b.glb
 create mode 100644 assets/art-library/designs/environment.planet.volcanic/revisions/r024/volcanic-moon-2/source-r001/build_extreme_moon_native_variants_r001.py
 create mode 100644 assets/art-library/designs/environment.planet.volcanic/revisions/r024/volcanic-moon-2/source-r001/corrected-run.log
 create mode 100644 assets/art-library/designs/environment.planet.volcanic/revisions/r024/volcanic-moon-2/source-r001/corrected-seed38-angle2.png
 create mode 100644 assets/art-library/designs/environment.planet.volcanic/revisions/r024/volcanic-moon-2/source-r001/corrected-seed38-capture.log
 create mode 100644 assets/art-library/designs/environment.planet.volcanic/revisions/r024/volcanic-moon-2/source-r001/corrected-seed38-reference-scale.png
 create mode 100644 assets/art-library/designs/environment.planet.volcanic/revisions/r024/volcanic-moon-2/source-r001/corrected-seed38.json
 create mode 100644 assets/art-library/designs/environment.planet.volcanic/revisions/r024/volcanic-moon-2/source-r001/corrected-seed38.png
 create mode 100644 assets/art-library/designs/environment.planet.volcanic/revisions/r024/volcanic-moon-2/source-r001/crater-broken.glb
 create mode 100644 assets/art-library/designs/environment.planet.volcanic/revisions/r024/volcanic-moon-2/source-r001/crater-large.glb
 create mode 100644 assets/art-library/designs/environment.planet.volcanic/revisions/r024/volcanic-moon-2/source-r001/crater-small.glb
 create mode 100644 assets/art-library/designs/environment.planet.volcanic/revisions/r024/volcanic-moon-2/source-r001/exact-reference.png
 create mode 100644 assets/art-library/designs/environment.planet.volcanic/revisions/r024/volcanic-moon-2/source-r001/foundation-source.py
 create mode 100644 assets/art-library/designs/environment.planet.volcanic/revisions/r024/volcanic-moon-2/source-r001/fractured-shelf.glb
 create mode 100644 assets/art-library/designs/environment.planet.volcanic/revisions/r024/volcanic-moon-2/source-r001/generator.py
 create mode 100644 assets/art-library/designs/environment.planet.volcanic/revisions/r024/volcanic-moon-2/source-r001/ground-sphere-low.glb
 create mode 100644 assets/art-library/designs/environment.planet.volcanic/revisions/r024/volcanic-moon-2/source-r001/ground-sphere-medium.glb
 create mode 100644 assets/art-library/designs/environment.planet.volcanic/revisions/r024/volcanic-moon-2/source-r001/ground-sphere.glb
 create mode 100644 assets/art-library/designs/environment.planet.volcanic/revisions/r024/volcanic-moon-2/source-r001/kit-preview.png
 create mode 100644 assets/art-library/designs/environment.planet.volcanic/revisions/r024/volcanic-moon-2/source-r001/kit.blend
 create mode 100644 assets/art-library/designs/environment.planet.volcanic/revisions/r024/volcanic-moon-2/source-r001/kit.json
 create mode 100644 assets/art-library/designs/environment.planet.volcanic/revisions/r024/volcanic-moon-2/source-r001/mineral-seam.glb
 create mode 100644 assets/art-library/designs/environment.planet.volcanic/revisions/r024/volcanic-moon-2/source-r001/revision-notes.md
 create mode 100644 assets/art-library/designs/environment.planet.volcanic/revisions/r024/volcanic-moon-2/source-r001/rocky-0-albedo.png
 create mode 100644 assets/art-library/designs/environment.planet.volcanic/revisions/r024/volcanic-moon-2/source-r001/rocky-0-orm.png
 create mode 100644 assets/art-library/designs/environment.planet.volcanic/revisions/r024/volcanic-moon-2/source-r001/rocky-1-albedo.png
 create mode 100644 assets/art-library/designs/environment.planet.volcanic/revisions/r024/volcanic-moon-2/source-r001/rocky-1-orm.png
 create mode 100644 assets/art-library/designs/environment.planet.volcanic/revisions/r024/volcanic-moon-2/source-r001/rocky-2-albedo.png
 create mode 100644 assets/art-library/designs/environment.planet.volcanic/revisions/r024/volcanic-moon-2/source-r001/rocky-2-orm.png
 create mode 100644 assets/art-library/designs/environment.planet.volcanic/revisions/r024/volcanic-moon-2/source-r001/rocky-3-albedo.png
 create mode 100644 assets/art-library/designs/environment.planet.volcanic/revisions/r024/volcanic-moon-2/source-r001/rocky-3-orm.png
 create mode 100644 assets/art-library/designs/environment.planet.volcanic/revisions/r024/volcanic-moon-2/source-r001/rocky-4-albedo.png
 create mode 100644 assets/art-library/designs/environment.planet.volcanic/revisions/r024/volcanic-moon-2/source-r001/rocky-4-orm.png
 create mode 100644 assets/art-library/designs/environment.planet.volcanic/revisions/r024/volcanic-moon-2/source-r001/rocky-5-albedo.png
 create mode 100644 assets/art-library/designs/environment.planet.volcanic/revisions/r024/volcanic-moon-2/source-r001/rocky-5-orm.png
 create mode 100644 assets/art-library/designs/environment.planet.volcanic/revisions/r024/volcanic-moon-2/source-r001/validation.json
 create mode 100644 assets/art-library/designs/environment.planet.volcanic/revisions/r024/volcanic-moon-2/source-r001/variant-recipe.json
 create mode 100644 assets/art-library/designs/environment.planet.volcanic/revisions/r024/volcanic-moon-2/source-r001/volcanic_moon_reference_composition_r001.test.ts
 create mode 100644 assets/art-library/designs/environment.planet.volcanic/revisions/r024/volcanic-moon-2/source-r001/volcanic_moon_reference_composition_r001.ts
 create mode 100644 assets/art-library/designs/environment.planet.volcanic/revisions/r024/volcanic-moon-2/source-r001/volcanic_moon_reference_r001.tsconfig.json
 create mode 100644 assets/art-library/designs/environment.planet.volcanic/revisions/r024/volcanic-moon-2/source-r001/volcanic_moon_reference_r001.vitest.config.ts
 create mode 100644 assets/art-library/designs/environment.planet.volcanic/revisions/r024/volcanic-moon-2/source-r002/angular-outcrops.glb
 create mode 100644 assets/art-library/designs/environment.planet.volcanic/revisions/r024/volcanic-moon-2/source-r002/battered-region-a.glb
 create mode 100644 assets/art-library/designs/environment.planet.volcanic/revisions/r024/volcanic-moon-2/source-r002/battered-region-b.glb
 create mode 100644 assets/art-library/designs/environment.planet.volcanic/revisions/r024/volcanic-moon-2/source-r002/build_extreme_moon_native_variants_r002.py
 create mode 100644 assets/art-library/designs/environment.planet.volcanic/revisions/r024/volcanic-moon-2/source-r002/corrected-seed38-angle2.png
 create mode 100644 assets/art-library/designs/environment.planet.volcanic/revisions/r024/volcanic-moon-2/source-r002/corrected-seed38-capture.log
 create mode 100644 assets/art-library/designs/environment.planet.volcanic/revisions/r024/volcanic-moon-2/source-r002/corrected-seed38-reference-scale.png
 create mode 100644 assets/art-library/designs/environment.planet.volcanic/revisions/r024/volcanic-moon-2/source-r002/corrected-seed38.json
 create mode 100644 assets/art-library/designs/environment.planet.volcanic/revisions/r024/volcanic-moon-2/source-r002/corrected-seed38.png
 create mode 100644 assets/art-library/designs/environment.planet.volcanic/revisions/r024/volcanic-moon-2/source-r002/crater-broken.glb
 create mode 100644 assets/art-library/designs/environment.planet.volcanic/revisions/r024/volcanic-moon-2/source-r002/crater-large.glb
 create mode 100644 assets/art-library/designs/environment.planet.volcanic/revisions/r024/volcanic-moon-2/source-r002/crater-small.glb
 create mode 100644 assets/art-library/designs/environment.planet.volcanic/revisions/r024/volcanic-moon-2/source-r002/exact-reference.png
 create mode 100644 assets/art-library/designs/environment.planet.volcanic/revisions/r024/volcanic-moon-2/source-r002/foundation-source.py
 create mode 100644 assets/art-library/designs/environment.planet.volcanic/revisions/r024/volcanic-moon-2/source-r002/fractured-shelf.glb
 create mode 100644 assets/art-library/designs/environment.planet.volcanic/revisions/r024/volcanic-moon-2/source-r002/generator.py
 create mode 100644 assets/art-library/designs/environment.planet.volcanic/revisions/r024/volcanic-moon-2/source-r002/ground-sphere-low.glb
 create mode 100644 assets/art-library/designs/environment.planet.volcanic/revisions/r024/volcanic-moon-2/source-r002/ground-sphere-medium.glb
 create mode 100644 assets/art-library/designs/environment.planet.volcanic/revisions/r024/volcanic-moon-2/source-r002/ground-sphere.glb
 create mode 100644 assets/art-library/designs/environment.planet.volcanic/revisions/r024/volcanic-moon-2/source-r002/intended-glow-seed38-angle2.png
 create mode 100644 assets/art-library/designs/environment.planet.volcanic/revisions/r024/volcanic-moon-2/source-r002/intended-glow-seed38-capture.log
 create mode 100644 assets/art-library/designs/environment.planet.volcanic/revisions/r024/volcanic-moon-2/source-r002/intended-glow-seed38-reference-scale.png
 create mode 100644 assets/art-library/designs/environment.planet.volcanic/revisions/r024/volcanic-moon-2/source-r002/intended-glow-seed38.json
 create mode 100644 assets/art-library/designs/environment.planet.volcanic/revisions/r024/volcanic-moon-2/source-r002/intended-glow-seed38.png
 create mode 100644 assets/art-library/designs/environment.planet.volcanic/revisions/r024/volcanic-moon-2/source-r002/kit-preview.png
 create mode 100644 assets/art-library/designs/environment.planet.volcanic/revisions/r024/volcanic-moon-2/source-r002/kit.blend
 create mode 100644 assets/art-library/designs/environment.planet.volcanic/revisions/r024/volcanic-moon-2/source-r002/kit.json
 create mode 100644 assets/art-library/designs/environment.planet.volcanic/revisions/r024/volcanic-moon-2/source-r002/mineral-seam.glb
 create mode 100644 assets/art-library/designs/environment.planet.volcanic/revisions/r024/volcanic-moon-2/source-r002/revision-notes.md
 create mode 100644 assets/art-library/designs/environment.planet.volcanic/revisions/r024/volcanic-moon-2/source-r002/rocky-0-albedo.png
 create mode 100644 assets/art-library/designs/environment.planet.volcanic/revisions/r024/volcanic-moon-2/source-r002/rocky-0-orm.png
 create mode 100644 assets/art-library/designs/environment.planet.volcanic/revisions/r024/volcanic-moon-2/source-r002/rocky-1-albedo.png
 create mode 100644 assets/art-library/designs/environment.planet.volcanic/revisions/r024/volcanic-moon-2/source-r002/rocky-1-orm.png
 create mode 100644 assets/art-library/designs/environment.planet.volcanic/revisions/r024/volcanic-moon-2/source-r002/rocky-2-albedo.png
 create mode 100644 assets/art-library/designs/environment.planet.volcanic/revisions/r024/volcanic-moon-2/source-r002/rocky-2-orm.png
 create mode 100644 assets/art-library/designs/environment.planet.volcanic/revisions/r024/volcanic-moon-2/source-r002/rocky-3-albedo.png
 create mode 100644 assets/art-library/designs/environment.planet.volcanic/revisions/r024/volcanic-moon-2/source-r002/rocky-3-orm.png
 create mode 100644 assets/art-library/designs/environment.planet.volcanic/revisions/r024/volcanic-moon-2/source-r002/rocky-4-albedo.png
 create mode 100644 assets/art-library/designs/environment.planet.volcanic/revisions/r024/volcanic-moon-2/source-r002/rocky-4-orm.png
 create mode 100644 assets/art-library/designs/environment.planet.volcanic/revisions/r024/volcanic-moon-2/source-r002/rocky-5-albedo.png
 create mode 100644 assets/art-library/designs/environment.planet.volcanic/revisions/r024/volcanic-moon-2/source-r002/rocky-5-orm.png
 create mode 100644 assets/art-library/designs/environment.planet.volcanic/revisions/r024/volcanic-moon-2/source-r002/validation.json
 create mode 100644 assets/art-library/designs/environment.planet.volcanic/revisions/r024/volcanic-moon-2/source-r002/variant-recipe.json
 create mode 100644 assets/art-library/designs/environment.planet.volcanic/revisions/r024/volcanic-moon-2/source-r002/volcanic_moon_reference_composition_r002.test.ts
 create mode 100644 assets/art-library/designs/environment.planet.volcanic/revisions/r024/volcanic-moon-2/source-r002/volcanic_moon_reference_composition_r002.ts
 create mode 100644 assets/art-library/designs/environment.planet.volcanic/revisions/r024/volcanic-moon-2/source-r002/volcanic_moon_reference_r002.tsconfig.json
 create mode 100644 assets/art-library/designs/environment.planet.volcanic/revisions/r024/volcanic-moon-2/source-r002/volcanic_moon_reference_r002.vitest.config.ts
 create mode 100644 docs/planet_next_passes.md
 create mode 100644 docs/planet_reference_iteration_20260914.md
 create mode 100644 docs/planet_reference_review_harness.md
 create mode 100644 output/playwright/planet-reference-20260914/cloud-r002/cloud-broken-wisp.glb
 create mode 100644 output/playwright/planet-reference-20260914/cloud-r002/cloud-swept-bank.glb
 create mode 100644 output/playwright/planet-reference-20260914/cloud-r002/cloud-towering-bank.glb
 create mode 100644 output/playwright/planet-reference-20260914/cloud-r002/composition-source.test.ts
 create mode 100644 output/playwright/planet-reference-20260914/cloud-r002/composition-source.ts
 create mode 100644 output/playwright/planet-reference-20260914/cloud-r002/composition-tests.log
 create mode 100644 output/playwright/planet-reference-20260914/cloud-r002/kit-preview.png
 create mode 100644 output/playwright/planet-reference-20260914/cloud-r002/kit.blend
 create mode 100644 output/playwright/planet-reference-20260914/cloud-r002/kit.json
 create mode 100644 output/playwright/planet-reference-20260914/cloud-r002/validation.json
 create mode 100644 output/playwright/planet-reference-20260914/crystal-moon-1-r001/blender-raw/colossal-cluster.glb
 create mode 100644 output/playwright/planet-reference-20260914/crystal-moon-1-r001/blender-raw/crystal-battered-region-a.glb
 create mode 100644 output/playwright/planet-reference-20260914/crystal-moon-1-r001/blender-raw/crystal-battered-region-b.glb
 create mode 100644 output/playwright/planet-reference-20260914/crystal-moon-1-r001/blender-raw/fracture-cliffs.glb
 create mode 100644 output/playwright/planet-reference-20260914/crystal-moon-1-r001/blender-raw/ground-sphere-low.glb
 create mode 100644 output/playwright/planet-reference-20260914/crystal-moon-1-r001/blender-raw/ground-sphere-medium.glb
 create mode 100644 output/playwright/planet-reference-20260914/crystal-moon-1-r001/blender-raw/ground-sphere.glb
 create mode 100644 output/playwright/planet-reference-20260914/crystal-moon-1-r001/blender-raw/leaning-colossal-cluster.glb
 create mode 100644 output/playwright/planet-reference-20260914/crystal-moon-1-r001/blender-raw/low-fractured-shelf.glb
 create mode 100644 output/playwright/planet-reference-20260914/crystal-moon-1-r001/blender-raw/medium-cluster.glb
 create mode 100644 output/playwright/planet-reference-20260914/crystal-moon-1-r001/blender-raw/single-crystal.glb
 create mode 100644 output/playwright/planet-reference-20260914/crystal-moon-1-r001/build_exotic_moon_native_variants_r001.py
 create mode 100644 output/playwright/planet-reference-20260914/crystal-moon-1-r001/colossal-cluster.glb
 create mode 100644 output/playwright/planet-reference-20260914/crystal-moon-1-r001/corrected-run.log
 create mode 100644 output/playwright/planet-reference-20260914/crystal-moon-1-r001/corrected-seed38-angle2.png
 create mode 100644 output/playwright/planet-reference-20260914/crystal-moon-1-r001/corrected-seed38-capture.log
 create mode 100644 output/playwright/planet-reference-20260914/crystal-moon-1-r001/corrected-seed38-reference-scale.png
 create mode 100644 output/playwright/planet-reference-20260914/crystal-moon-1-r001/corrected-seed38.json
 create mode 100644 output/playwright/planet-reference-20260914/crystal-moon-1-r001/corrected-seed38.png
 create mode 100644 output/playwright/planet-reference-20260914/crystal-moon-1-r001/crystal-battered-region-a.glb
 create mode 100644 output/playwright/planet-reference-20260914/crystal-moon-1-r001/crystal-battered-region-b.glb
 create mode 100644 output/playwright/planet-reference-20260914/crystal-moon-1-r001/crystal_moon_reference_composition_r001.test.ts
 create mode 100644 output/playwright/planet-reference-20260914/crystal-moon-1-r001/crystal_moon_reference_composition_r001.ts
 create mode 100644 output/playwright/planet-reference-20260914/crystal-moon-1-r001/crystal_moon_reference_r001.tsconfig.json
 create mode 100644 output/playwright/planet-reference-20260914/crystal-moon-1-r001/crystal_moon_reference_r001.vitest.config.ts
 create mode 100644 output/playwright/planet-reference-20260914/crystal-moon-1-r001/exact-reference.png
 create mode 100644 output/playwright/planet-reference-20260914/crystal-moon-1-r001/foundation-source.py
 create mode 100644 output/playwright/planet-reference-20260914/crystal-moon-1-r001/fracture-cliffs.glb
 create mode 100644 output/playwright/planet-reference-20260914/crystal-moon-1-r001/generator.py
 create mode 100644 output/playwright/planet-reference-20260914/crystal-moon-1-r001/ground-sphere-low.glb
 create mode 100644 output/playwright/planet-reference-20260914/crystal-moon-1-r001/ground-sphere-medium.glb
 create mode 100644 output/playwright/planet-reference-20260914/crystal-moon-1-r001/ground-sphere.glb
 create mode 100644 output/playwright/planet-reference-20260914/crystal-moon-1-r001/kit-preview.png
 create mode 100644 output/playwright/planet-reference-20260914/crystal-moon-1-r001/kit.blend
 create mode 100644 output/playwright/planet-reference-20260914/crystal-moon-1-r001/kit.json
 create mode 100644 output/playwright/planet-reference-20260914/crystal-moon-1-r001/leaning-colossal-cluster.glb
 create mode 100644 output/playwright/planet-reference-20260914/crystal-moon-1-r001/low-fractured-shelf.glb
 create mode 100644 output/playwright/planet-reference-20260914/crystal-moon-1-r001/material-0-albedo.png
 create mode 100644 output/playwright/planet-reference-20260914/crystal-moon-1-r001/material-0-orm.png
 create mode 100644 output/playwright/planet-reference-20260914/crystal-moon-1-r001/material-1-albedo.png
 create mode 100644 output/playwright/planet-reference-20260914/crystal-moon-1-r001/material-1-orm.png
 create mode 100644 output/playwright/planet-reference-20260914/crystal-moon-1-r001/material-2-albedo.png
 create mode 100644 output/playwright/planet-reference-20260914/crystal-moon-1-r001/material-2-orm.png
 create mode 100644 output/playwright/planet-reference-20260914/crystal-moon-1-r001/material-3-albedo.png
 create mode 100644 output/playwright/planet-reference-20260914/crystal-moon-1-r001/material-4-albedo.png
 create mode 100644 output/playwright/planet-reference-20260914/crystal-moon-1-r001/material-5-albedo.png
 create mode 100644 output/playwright/planet-reference-20260914/crystal-moon-1-r001/material-6-albedo.png
 create mode 100644 output/playwright/planet-reference-20260914/crystal-moon-1-r001/material-7-albedo.png
 create mode 100644 output/playwright/planet-reference-20260914/crystal-moon-1-r001/medium-cluster.glb
 create mode 100644 output/playwright/planet-reference-20260914/crystal-moon-1-r001/revision-notes.md
 create mode 100644 output/playwright/planet-reference-20260914/crystal-moon-1-r001/single-crystal.glb
 create mode 100644 output/playwright/planet-reference-20260914/crystal-moon-1-r001/validation.json
 create mode 100644 output/playwright/planet-reference-20260914/crystal-moon-1-r001/variant-recipe.json
 create mode 100644 output/playwright/planet-reference-20260914/crystal-moon-1-r002/angular-crystal-district.glb
 create mode 100644 output/playwright/planet-reference-20260914/crystal-moon-1-r002/blender-raw/angular-crystal-district.glb
 create mode 100644 output/playwright/planet-reference-20260914/crystal-moon-1-r002/blender-raw/colossal-cluster.glb
 create mode 100644 output/playwright/planet-reference-20260914/crystal-moon-1-r002/blender-raw/crystal-battered-region-a.glb
 create mode 100644 output/playwright/planet-reference-20260914/crystal-moon-1-r002/blender-raw/crystal-battered-region-b.glb
 create mode 100644 output/playwright/planet-reference-20260914/crystal-moon-1-r002/blender-raw/fracture-cliffs.glb
 create mode 100644 output/playwright/planet-reference-20260914/crystal-moon-1-r002/blender-raw/ground-sphere-low.glb
 create mode 100644 output/playwright/planet-reference-20260914/crystal-moon-1-r002/blender-raw/ground-sphere-medium.glb
 create mode 100644 output/playwright/planet-reference-20260914/crystal-moon-1-r002/blender-raw/ground-sphere.glb
 create mode 100644 output/playwright/planet-reference-20260914/crystal-moon-1-r002/blender-raw/leaning-colossal-cluster.glb
 create mode 100644 output/playwright/planet-reference-20260914/crystal-moon-1-r002/blender-raw/low-fractured-shelf.glb
 create mode 100644 output/playwright/planet-reference-20260914/crystal-moon-1-r002/blender-raw/medium-cluster.glb
 create mode 100644 output/playwright/planet-reference-20260914/crystal-moon-1-r002/blender-raw/single-crystal.glb
 create mode 100644 output/playwright/planet-reference-20260914/crystal-moon-1-r002/blender-raw/squat-crystal-district.glb
 create mode 100644 output/playwright/planet-reference-20260914/crystal-moon-1-r002/build_crystal_moon_native_variants_r002.py
 create mode 100644 output/playwright/planet-reference-20260914/crystal-moon-1-r002/colossal-cluster.glb
 create mode 100644 output/playwright/planet-reference-20260914/crystal-moon-1-r002/composition-metrics.json
 create mode 100644 output/playwright/planet-reference-20260914/crystal-moon-1-r002/corrected-seed38-angle2.png
 create mode 100644 output/playwright/planet-reference-20260914/crystal-moon-1-r002/corrected-seed38-capture.log
 create mode 100644 output/playwright/planet-reference-20260914/crystal-moon-1-r002/corrected-seed38-reference-scale.png
 create mode 100644 output/playwright/planet-reference-20260914/crystal-moon-1-r002/corrected-seed38.json
 create mode 100644 output/playwright/planet-reference-20260914/crystal-moon-1-r002/corrected-seed38.png
 create mode 100644 output/playwright/planet-reference-20260914/crystal-moon-1-r002/crystal-battered-region-a.glb
 create mode 100644 output/playwright/planet-reference-20260914/crystal-moon-1-r002/crystal-battered-region-b.glb
 create mode 100644 output/playwright/planet-reference-20260914/crystal-moon-1-r002/crystal_moon_reference_composition_r002.test.ts
 create mode 100644 output/playwright/planet-reference-20260914/crystal-moon-1-r002/crystal_moon_reference_composition_r002.ts
 create mode 100644 output/playwright/planet-reference-20260914/crystal-moon-1-r002/crystal_moon_reference_r002.tsconfig.json
 create mode 100644 output/playwright/planet-reference-20260914/crystal-moon-1-r002/crystal_moon_reference_r002.vitest.config.ts
 create mode 100644 output/playwright/planet-reference-20260914/crystal-moon-1-r002/exact-reference.png
 create mode 100644 output/playwright/planet-reference-20260914/crystal-moon-1-r002/foundation-source.py
 create mode 100644 output/playwright/planet-reference-20260914/crystal-moon-1-r002/fracture-cliffs.glb
 create mode 100644 output/playwright/planet-reference-20260914/crystal-moon-1-r002/generator.py
 create mode 100644 output/playwright/planet-reference-20260914/crystal-moon-1-r002/ground-sphere-low.glb
 create mode 100644 output/playwright/planet-reference-20260914/crystal-moon-1-r002/ground-sphere-medium.glb
 create mode 100644 output/playwright/planet-reference-20260914/crystal-moon-1-r002/ground-sphere.glb
 create mode 100644 output/playwright/planet-reference-20260914/crystal-moon-1-r002/kit-preview.png
 create mode 100644 output/playwright/planet-reference-20260914/crystal-moon-1-r002/kit.blend
 create mode 100644 output/playwright/planet-reference-20260914/crystal-moon-1-r002/kit.json
 create mode 100644 output/playwright/planet-reference-20260914/crystal-moon-1-r002/leaning-colossal-cluster.glb
 create mode 100644 output/playwright/planet-reference-20260914/crystal-moon-1-r002/low-fractured-shelf.glb
 create mode 100644 output/playwright/planet-reference-20260914/crystal-moon-1-r002/material-0-albedo.png
 create mode 100644 output/playwright/planet-reference-20260914/crystal-moon-1-r002/material-0-orm.png
 create mode 100644 output/playwright/planet-reference-20260914/crystal-moon-1-r002/material-1-albedo.png
 create mode 100644 output/playwright/planet-reference-20260914/crystal-moon-1-r002/material-1-orm.png
 create mode 100644 output/playwright/planet-reference-20260914/crystal-moon-1-r002/material-2-albedo.png
 create mode 100644 output/playwright/planet-reference-20260914/crystal-moon-1-r002/material-2-orm.png
 create mode 100644 output/playwright/planet-reference-20260914/crystal-moon-1-r002/material-3-albedo.png
 create mode 100644 output/playwright/planet-reference-20260914/crystal-moon-1-r002/material-4-albedo.png
 create mode 100644 output/playwright/planet-reference-20260914/crystal-moon-1-r002/material-5-albedo.png
 create mode 100644 output/playwright/planet-reference-20260914/crystal-moon-1-r002/material-6-albedo.png
 create mode 100644 output/playwright/planet-reference-20260914/crystal-moon-1-r002/material-7-albedo.png
 create mode 100644 output/playwright/planet-reference-20260914/crystal-moon-1-r002/medium-cluster.glb
 create mode 100644 output/playwright/planet-reference-20260914/crystal-moon-1-r002/native-district-preview.png
 create mode 100644 output/playwright/planet-reference-20260914/crystal-moon-1-r002/render-native-district-preview.py
 create mode 100644 output/playwright/planet-reference-20260914/crystal-moon-1-r002/revision-notes.md
 create mode 100644 output/playwright/planet-reference-20260914/crystal-moon-1-r002/single-crystal.glb
 create mode 100644 output/playwright/planet-reference-20260914/crystal-moon-1-r002/squat-crystal-district.glb
 create mode 100644 output/playwright/planet-reference-20260914/crystal-moon-1-r002/validation.json
 create mode 100644 output/playwright/planet-reference-20260914/crystal-moon-1-r002/variant-recipe.json
 create mode 100644 output/playwright/planet-reference-20260914/crystal-moon-1-r003/attempt-01-geodesic-plates/blender-raw/connected-crystalline-body.glb
 create mode 100644 output/playwright/planet-reference-20260914/crystal-moon-1-r003/attempt-01-geodesic-plates/connected-crystalline-body.glb
 create mode 100644 output/playwright/planet-reference-20260914/crystal-moon-1-r003/attempt-01-geodesic-plates/kit.blend
 create mode 100644 output/playwright/planet-reference-20260914/crystal-moon-1-r003/attempt-01-geodesic-plates/kit.json
 create mode 100644 output/playwright/planet-reference-20260914/crystal-moon-1-r003/attempt-01-geodesic-plates/material-0-albedo.png
 create mode 100644 output/playwright/planet-reference-20260914/crystal-moon-1-r003/attempt-01-geodesic-plates/material-0-orm.png
 create mode 100644 output/playwright/planet-reference-20260914/crystal-moon-1-r003/attempt-01-geodesic-plates/material-1-albedo.png
 create mode 100644 output/playwright/planet-reference-20260914/crystal-moon-1-r003/attempt-01-geodesic-plates/material-1-orm.png
 create mode 100644 output/playwright/planet-reference-20260914/crystal-moon-1-r003/attempt-01-geodesic-plates/material-2-albedo.png
 create mode 100644 output/playwright/planet-reference-20260914/crystal-moon-1-r003/attempt-01-geodesic-plates/material-2-orm.png
 create mode 100644 output/playwright/planet-reference-20260914/crystal-moon-1-r003/attempt-01-geodesic-plates/material-3-albedo.png
 create mode 100644 output/playwright/planet-reference-20260914/crystal-moon-1-r003/attempt-01-geodesic-plates/material-4-albedo.png
 create mode 100644 output/playwright/planet-reference-20260914/crystal-moon-1-r003/attempt-01-geodesic-plates/material-5-albedo.png
 create mode 100644 output/playwright/planet-reference-20260914/crystal-moon-1-r003/attempt-01-geodesic-plates/material-6-albedo.png
 create mode 100644 output/playwright/planet-reference-20260914/crystal-moon-1-r003/attempt-01-geodesic-plates/material-7-albedo.png
 create mode 100644 output/playwright/planet-reference-20260914/crystal-moon-1-r003/attempt-01-geodesic-plates/native-body-preview.png
 create mode 100644 output/playwright/planet-reference-20260914/crystal-moon-1-r003/attempt-01-geodesic-plates/native-body-small-preview.png
 create mode 100644 output/playwright/planet-reference-20260914/crystal-moon-1-r003/attempt-01-geodesic-plates/native-panel-plan.json
 create mode 100644 output/playwright/planet-reference-20260914/crystal-moon-1-r003/attempt-01-geodesic-plates/source-builder.py
 create mode 100644 output/playwright/planet-reference-20260914/crystal-moon-1-r003/attempt-01-geodesic-plates/validation.json
 create mode 100644 output/playwright/planet-reference-20260914/crystal-moon-1-r003/attempt-02-regular-quad-panels/blender-raw/connected-crystalline-body.glb
 create mode 100644 output/playwright/planet-reference-20260914/crystal-moon-1-r003/attempt-02-regular-quad-panels/connected-crystalline-body.glb
 create mode 100644 output/playwright/planet-reference-20260914/crystal-moon-1-r003/attempt-02-regular-quad-panels/kit.blend
 create mode 100644 output/playwright/planet-reference-20260914/crystal-moon-1-r003/attempt-02-regular-quad-panels/kit.json
 create mode 100644 output/playwright/planet-reference-20260914/crystal-moon-1-r003/attempt-02-regular-quad-panels/material-0-albedo.png
 create mode 100644 output/playwright/planet-reference-20260914/crystal-moon-1-r003/attempt-02-regular-quad-panels/material-0-orm.png
 create mode 100644 output/playwright/planet-reference-20260914/crystal-moon-1-r003/attempt-02-regular-quad-panels/material-1-albedo.png
 create mode 100644 output/playwright/planet-reference-20260914/crystal-moon-1-r003/attempt-02-regular-quad-panels/material-1-orm.png
 create mode 100644 output/playwright/planet-reference-20260914/crystal-moon-1-r003/attempt-02-regular-quad-panels/material-2-albedo.png
 create mode 100644 output/playwright/planet-reference-20260914/crystal-moon-1-r003/attempt-02-regular-quad-panels/material-2-orm.png
 create mode 100644 output/playwright/planet-reference-20260914/crystal-moon-1-r003/attempt-02-regular-quad-panels/material-3-albedo.png
 create mode 100644 output/playwright/planet-reference-20260914/crystal-moon-1-r003/attempt-02-regular-quad-panels/material-4-albedo.png
 create mode 100644 output/playwright/planet-reference-20260914/crystal-moon-1-r003/attempt-02-regular-quad-panels/material-5-albedo.png
 create mode 100644 output/playwright/planet-reference-20260914/crystal-moon-1-r003/attempt-02-regular-quad-panels/material-6-albedo.png
 create mode 100644 output/playwright/planet-reference-20260914/crystal-moon-1-r003/attempt-02-regular-quad-panels/material-7-albedo.png
 create mode 100644 output/playwright/planet-reference-20260914/crystal-moon-1-r003/attempt-02-regular-quad-panels/native-body-preview.png
 create mode 100644 output/playwright/planet-reference-20260914/crystal-moon-1-r003/attempt-02-regular-quad-panels/native-body-small-preview.png
 create mode 100644 output/playwright/planet-reference-20260914/crystal-moon-1-r003/attempt-02-regular-quad-panels/native-panel-plan.json
 create mode 100644 output/playwright/planet-reference-20260914/crystal-moon-1-r003/attempt-02-regular-quad-panels/source-builder.py
 create mode 100644 output/playwright/planet-reference-20260914/crystal-moon-1-r003/attempt-02-regular-quad-panels/validation.json
 create mode 100644 output/playwright/planet-reference-20260914/crystal-moon-1-r003/blender-raw/connected-crystalline-body.glb
 create mode 100644 output/playwright/planet-reference-20260914/crystal-moon-1-r003/connected-crystalline-body.glb
 create mode 100644 output/playwright/planet-reference-20260914/crystal-moon-1-r003/kit.blend
 create mode 100644 output/playwright/planet-reference-20260914/crystal-moon-1-r003/kit.json
 create mode 100644 output/playwright/planet-reference-20260914/crystal-moon-1-r003/material-0-albedo.png
 create mode 100644 output/playwright/planet-reference-20260914/crystal-moon-1-r003/material-0-orm.png
 create mode 100644 output/playwright/planet-reference-20260914/crystal-moon-1-r003/material-1-albedo.png
 create mode 100644 output/playwright/planet-reference-20260914/crystal-moon-1-r003/material-1-orm.png
 create mode 100644 output/playwright/planet-reference-20260914/crystal-moon-1-r003/material-2-albedo.png
 create mode 100644 output/playwright/planet-reference-20260914/crystal-moon-1-r003/material-2-orm.png
 create mode 100644 output/playwright/planet-reference-20260914/crystal-moon-1-r003/material-3-albedo.png
 create mode 100644 output/playwright/planet-reference-20260914/crystal-moon-1-r003/material-4-albedo.png
 create mode 100644 output/playwright/planet-reference-20260914/crystal-moon-1-r003/material-5-albedo.png
 create mode 100644 output/playwright/planet-reference-20260914/crystal-moon-1-r003/material-6-albedo.png
 create mode 100644 output/playwright/planet-reference-20260914/crystal-moon-1-r003/material-7-albedo.png
 create mode 100644 output/playwright/planet-reference-20260914/crystal-moon-1-r003/native-body-preview.png
 create mode 100644 output/playwright/planet-reference-20260914/crystal-moon-1-r003/native-body-small-preview.png
 create mode 100644 output/playwright/planet-reference-20260914/crystal-moon-1-r003/native-panel-plan.json
 create mode 100644 output/playwright/planet-reference-20260914/crystal-moon-1-r003/revision-notes.md
 create mode 100644 output/playwright/planet-reference-20260914/crystal-moon-1-r003/source-builder.py
 create mode 100644 output/playwright/planet-reference-20260914/crystal-moon-1-r003/source/build_crystal_moon_native_variants_r003.py
 create mode 100644 output/playwright/planet-reference-20260914/crystal-moon-1-r003/source/crystal_moon_reference_composition_r003.test.ts
 create mode 100644 output/playwright/planet-reference-20260914/crystal-moon-1-r003/source/crystal_moon_reference_composition_r003.ts
 create mode 100644 output/playwright/planet-reference-20260914/crystal-moon-1-r003/source/crystal_moon_reference_r003.tsconfig.json
 create mode 100644 output/playwright/planet-reference-20260914/crystal-moon-1-r003/source/crystal_moon_reference_r003.vitest.config.ts
 create mode 100644 output/playwright/planet-reference-20260914/crystal-moon-1-r003/validation.json
 create mode 100644 output/playwright/planet-reference-20260914/crystal-moon-1-r004/blender-raw/connected-crystalline-body.glb
 create mode 100644 output/playwright/planet-reference-20260914/crystal-moon-1-r004/connected-crystalline-body.glb
 create mode 100644 output/playwright/planet-reference-20260914/crystal-moon-1-r004/kit.blend
 create mode 100644 output/playwright/planet-reference-20260914/crystal-moon-1-r004/kit.json
 create mode 100644 output/playwright/planet-reference-20260914/crystal-moon-1-r004/material-0-albedo.png
 create mode 100644 output/playwright/planet-reference-20260914/crystal-moon-1-r004/material-0-orm.png
 create mode 100644 output/playwright/planet-reference-20260914/crystal-moon-1-r004/material-1-albedo.png
 create mode 100644 output/playwright/planet-reference-20260914/crystal-moon-1-r004/material-1-orm.png
 create mode 100644 output/playwright/planet-reference-20260914/crystal-moon-1-r004/material-2-albedo.png
 create mode 100644 output/playwright/planet-reference-20260914/crystal-moon-1-r004/material-2-orm.png
 create mode 100644 output/playwright/planet-reference-20260914/crystal-moon-1-r004/material-3-albedo.png
 create mode 100644 output/playwright/planet-reference-20260914/crystal-moon-1-r004/material-4-albedo.png
 create mode 100644 output/playwright/planet-reference-20260914/crystal-moon-1-r004/material-5-albedo.png
 create mode 100644 output/playwright/planet-reference-20260914/crystal-moon-1-r004/material-6-albedo.png
 create mode 100644 output/playwright/planet-reference-20260914/crystal-moon-1-r004/material-7-albedo.png
 create mode 100644 output/playwright/planet-reference-20260914/crystal-moon-1-r004/native-body-preview.png
 create mode 100644 output/playwright/planet-reference-20260914/crystal-moon-1-r004/native-body-seed38-angle2.png
 create mode 100644 output/playwright/planet-reference-20260914/crystal-moon-1-r004/native-body-seed38-capture.log
 create mode 100644 output/playwright/planet-reference-20260914/crystal-moon-1-r004/native-body-seed38-reference-scale.png
 create mode 100644 output/playwright/planet-reference-20260914/crystal-moon-1-r004/native-body-seed38.json
 create mode 100644 output/playwright/planet-reference-20260914/crystal-moon-1-r004/native-body-seed38.png
 create mode 100644 output/playwright/planet-reference-20260914/crystal-moon-1-r004/native-body-small-preview.png
 create mode 100644 output/playwright/planet-reference-20260914/crystal-moon-1-r004/native-panel-plan.json
 create mode 100644 output/playwright/planet-reference-20260914/crystal-moon-1-r004/native-reference-scale.png
 create mode 100644 output/playwright/planet-reference-20260914/crystal-moon-1-r004/revision-notes.md
 create mode 100644 output/playwright/planet-reference-20260914/crystal-moon-1-r004/source-builder.py
 create mode 100644 output/playwright/planet-reference-20260914/crystal-moon-1-r004/source-freeze.json
 create mode 100644 output/playwright/planet-reference-20260914/crystal-moon-1-r004/source/build_crystal_moon_native_variants_r004.py
 create mode 100644 output/playwright/planet-reference-20260914/crystal-moon-1-r004/source/crystal_moon_reference_composition_r003.ts
 create mode 100644 output/playwright/planet-reference-20260914/crystal-moon-1-r004/source/crystal_moon_reference_composition_r004.test.ts
 create mode 100644 output/playwright/planet-reference-20260914/crystal-moon-1-r004/source/crystal_moon_reference_r004.tsconfig.json
 create mode 100644 output/playwright/planet-reference-20260914/crystal-moon-1-r004/source/crystal_moon_reference_r004.vitest.config.ts
 create mode 100644 output/playwright/planet-reference-20260914/crystal-moon-1-r004/tests.log
 create mode 100644 output/playwright/planet-reference-20260914/crystal-moon-1-r004/validation.json
 create mode 100644 output/playwright/planet-reference-20260914/crystal-moon-2-r001/blender-raw/colossal-cluster.glb
 create mode 100644 output/playwright/planet-reference-20260914/crystal-moon-2-r001/blender-raw/crystal-battered-region-a.glb
 create mode 100644 output/playwright/planet-reference-20260914/crystal-moon-2-r001/blender-raw/crystal-battered-region-b.glb
 create mode 100644 output/playwright/planet-reference-20260914/crystal-moon-2-r001/blender-raw/fracture-cliffs.glb
 create mode 100644 output/playwright/planet-reference-20260914/crystal-moon-2-r001/blender-raw/ground-sphere-low.glb
 create mode 100644 output/playwright/planet-reference-20260914/crystal-moon-2-r001/blender-raw/ground-sphere-medium.glb
 create mode 100644 output/playwright/planet-reference-20260914/crystal-moon-2-r001/blender-raw/ground-sphere.glb
 create mode 100644 output/playwright/planet-reference-20260914/crystal-moon-2-r001/blender-raw/leaning-colossal-cluster.glb
 create mode 100644 output/playwright/planet-reference-20260914/crystal-moon-2-r001/blender-raw/low-fractured-shelf.glb
 create mode 100644 output/playwright/planet-reference-20260914/crystal-moon-2-r001/blender-raw/medium-cluster.glb
 create mode 100644 output/playwright/planet-reference-20260914/crystal-moon-2-r001/blender-raw/single-crystal.glb
 create mode 100644 output/playwright/planet-reference-20260914/crystal-moon-2-r001/build_exotic_moon_native_variants_r001.py
 create mode 100644 output/playwright/planet-reference-20260914/crystal-moon-2-r001/colossal-cluster.glb
 create mode 100644 output/playwright/planet-reference-20260914/crystal-moon-2-r001/corrected-run.log
 create mode 100644 output/playwright/planet-reference-20260914/crystal-moon-2-r001/corrected-seed38-angle2.png
 create mode 100644 output/playwright/planet-reference-20260914/crystal-moon-2-r001/corrected-seed38-capture.log
 create mode 100644 output/playwright/planet-reference-20260914/crystal-moon-2-r001/corrected-seed38-reference-scale.png
 create mode 100644 output/playwright/planet-reference-20260914/crystal-moon-2-r001/corrected-seed38.json
 create mode 100644 output/playwright/planet-reference-20260914/crystal-moon-2-r001/corrected-seed38.png
 create mode 100644 output/playwright/planet-reference-20260914/crystal-moon-2-r001/crystal-battered-region-a.glb
 create mode 100644 output/playwright/planet-reference-20260914/crystal-moon-2-r001/crystal-battered-region-b.glb
 create mode 100644 output/playwright/planet-reference-20260914/crystal-moon-2-r001/crystal_moon_reference_composition_r001.test.ts
 create mode 100644 output/playwright/planet-reference-20260914/crystal-moon-2-r001/crystal_moon_reference_composition_r001.ts
 create mode 100644 output/playwright/planet-reference-20260914/crystal-moon-2-r001/crystal_moon_reference_r001.tsconfig.json
 create mode 100644 output/playwright/planet-reference-20260914/crystal-moon-2-r001/crystal_moon_reference_r001.vitest.config.ts
 create mode 100644 output/playwright/planet-reference-20260914/crystal-moon-2-r001/exact-reference.png
 create mode 100644 output/playwright/planet-reference-20260914/crystal-moon-2-r001/foundation-source.py
 create mode 100644 output/playwright/planet-reference-20260914/crystal-moon-2-r001/fracture-cliffs.glb
 create mode 100644 output/playwright/planet-reference-20260914/crystal-moon-2-r001/generator.py
 create mode 100644 output/playwright/planet-reference-20260914/crystal-moon-2-r001/ground-sphere-low.glb
 create mode 100644 output/playwright/planet-reference-20260914/crystal-moon-2-r001/ground-sphere-medium.glb
 create mode 100644 output/playwright/planet-reference-20260914/crystal-moon-2-r001/ground-sphere.glb
 create mode 100644 output/playwright/planet-reference-20260914/crystal-moon-2-r001/kit-preview.png
 create mode 100644 output/playwright/planet-reference-20260914/crystal-moon-2-r001/kit.blend
 create mode 100644 output/playwright/planet-reference-20260914/crystal-moon-2-r001/kit.json
 create mode 100644 output/playwright/planet-reference-20260914/crystal-moon-2-r001/leaning-colossal-cluster.glb
 create mode 100644 output/playwright/planet-reference-20260914/crystal-moon-2-r001/low-fractured-shelf.glb
 create mode 100644 output/playwright/planet-reference-20260914/crystal-moon-2-r001/material-0-albedo.png
 create mode 100644 output/playwright/planet-reference-20260914/crystal-moon-2-r001/material-0-orm.png
 create mode 100644 output/playwright/planet-reference-20260914/crystal-moon-2-r001/material-1-albedo.png
 create mode 100644 output/playwright/planet-reference-20260914/crystal-moon-2-r001/material-1-orm.png
 create mode 100644 output/playwright/planet-reference-20260914/crystal-moon-2-r001/material-2-albedo.png
 create mode 100644 output/playwright/planet-reference-20260914/crystal-moon-2-r001/material-2-orm.png
 create mode 100644 output/playwright/planet-reference-20260914/crystal-moon-2-r001/material-3-albedo.png
 create mode 100644 output/playwright/planet-reference-20260914/crystal-moon-2-r001/material-4-albedo.png
 create mode 100644 output/playwright/planet-reference-20260914/crystal-moon-2-r001/material-5-albedo.png
 create mode 100644 output/playwright/planet-reference-20260914/crystal-moon-2-r001/material-6-albedo.png
 create mode 100644 output/playwright/planet-reference-20260914/crystal-moon-2-r001/material-7-albedo.png
 create mode 100644 output/playwright/planet-reference-20260914/crystal-moon-2-r001/medium-cluster.glb
 create mode 100644 output/playwright/planet-reference-20260914/crystal-moon-2-r001/revision-notes.md
 create mode 100644 output/playwright/planet-reference-20260914/crystal-moon-2-r001/single-crystal.glb
 create mode 100644 output/playwright/planet-reference-20260914/crystal-moon-2-r001/validation.json
 create mode 100644 output/playwright/planet-reference-20260914/crystal-moon-2-r001/variant-recipe.json
 create mode 100644 output/playwright/planet-reference-20260914/crystal-moon-2-r002/angular-crystal-district.glb
 create mode 100644 output/playwright/planet-reference-20260914/crystal-moon-2-r002/blender-raw/angular-crystal-district.glb
 create mode 100644 output/playwright/planet-reference-20260914/crystal-moon-2-r002/blender-raw/colossal-cluster.glb
 create mode 100644 output/playwright/planet-reference-20260914/crystal-moon-2-r002/blender-raw/crystal-battered-region-a.glb
 create mode 100644 output/playwright/planet-reference-20260914/crystal-moon-2-r002/blender-raw/crystal-battered-region-b.glb
 create mode 100644 output/playwright/planet-reference-20260914/crystal-moon-2-r002/blender-raw/fracture-cliffs.glb
 create mode 100644 output/playwright/planet-reference-20260914/crystal-moon-2-r002/blender-raw/ground-sphere-low.glb
 create mode 100644 output/playwright/planet-reference-20260914/crystal-moon-2-r002/blender-raw/ground-sphere-medium.glb
 create mode 100644 output/playwright/planet-reference-20260914/crystal-moon-2-r002/blender-raw/ground-sphere.glb
 create mode 100644 output/playwright/planet-reference-20260914/crystal-moon-2-r002/blender-raw/leaning-colossal-cluster.glb
 create mode 100644 output/playwright/planet-reference-20260914/crystal-moon-2-r002/blender-raw/low-fractured-shelf.glb
 create mode 100644 output/playwright/planet-reference-20260914/crystal-moon-2-r002/blender-raw/medium-cluster.glb
 create mode 100644 output/playwright/planet-reference-20260914/crystal-moon-2-r002/blender-raw/single-crystal.glb
 create mode 100644 output/playwright/planet-reference-20260914/crystal-moon-2-r002/blender-raw/squat-crystal-district.glb
 create mode 100644 output/playwright/planet-reference-20260914/crystal-moon-2-r002/build_crystal_moon_native_variants_r002.py
 create mode 100644 output/playwright/planet-reference-20260914/crystal-moon-2-r002/colossal-cluster.glb
 create mode 100644 output/playwright/planet-reference-20260914/crystal-moon-2-r002/composition-metrics.json
 create mode 100644 output/playwright/planet-reference-20260914/crystal-moon-2-r002/corrected-seed38-angle2.png
 create mode 100644 output/playwright/planet-reference-20260914/crystal-moon-2-r002/corrected-seed38-capture.log
 create mode 100644 output/playwright/planet-reference-20260914/crystal-moon-2-r002/corrected-seed38-reference-scale.png
 create mode 100644 output/playwright/planet-reference-20260914/crystal-moon-2-r002/corrected-seed38.json
 create mode 100644 output/playwright/planet-reference-20260914/crystal-moon-2-r002/corrected-seed38.png
 create mode 100644 output/playwright/planet-reference-20260914/crystal-moon-2-r002/crystal-battered-region-a.glb
 create mode 100644 output/playwright/planet-reference-20260914/crystal-moon-2-r002/crystal-battered-region-b.glb
 create mode 100644 output/playwright/planet-reference-20260914/crystal-moon-2-r002/crystal_moon_reference_composition_r002.test.ts
 create mode 100644 output/playwright/planet-reference-20260914/crystal-moon-2-r002/crystal_moon_reference_composition_r002.ts
 create mode 100644 output/playwright/planet-reference-20260914/crystal-moon-2-r002/crystal_moon_reference_r002.tsconfig.json
 create mode 100644 output/playwright/planet-reference-20260914/crystal-moon-2-r002/crystal_moon_reference_r002.vitest.config.ts
 create mode 100644 output/playwright/planet-reference-20260914/crystal-moon-2-r002/exact-reference.png
 create mode 100644 output/playwright/planet-reference-20260914/crystal-moon-2-r002/foundation-source.py
 create mode 100644 output/playwright/planet-reference-20260914/crystal-moon-2-r002/fracture-cliffs.glb
 create mode 100644 output/playwright/planet-reference-20260914/crystal-moon-2-r002/generator.py
 create mode 100644 output/playwright/planet-reference-20260914/crystal-moon-2-r002/ground-sphere-low.glb
 create mode 100644 output/playwright/planet-reference-20260914/crystal-moon-2-r002/ground-sphere-medium.glb
 create mode 100644 output/playwright/planet-reference-20260914/crystal-moon-2-r002/ground-sphere.glb
 create mode 100644 output/playwright/planet-reference-20260914/crystal-moon-2-r002/kit-preview.png
 create mode 100644 output/playwright/planet-reference-20260914/crystal-moon-2-r002/kit.blend
 create mode 100644 output/playwright/planet-reference-20260914/crystal-moon-2-r002/kit.json
 create mode 100644 output/playwright/planet-reference-20260914/crystal-moon-2-r002/leaning-colossal-cluster.glb
 create mode 100644 output/playwright/planet-reference-20260914/crystal-moon-2-r002/low-fractured-shelf.glb
 create mode 100644 output/playwright/planet-reference-20260914/crystal-moon-2-r002/material-0-albedo.png
 create mode 100644 output/playwright/planet-reference-20260914/crystal-moon-2-r002/material-0-orm.png
 create mode 100644 output/playwright/planet-reference-20260914/crystal-moon-2-r002/material-1-albedo.png
 create mode 100644 output/playwright/planet-reference-20260914/crystal-moon-2-r002/material-1-orm.png
 create mode 100644 output/playwright/planet-reference-20260914/crystal-moon-2-r002/material-2-albedo.png
 create mode 100644 output/playwright/planet-reference-20260914/crystal-moon-2-r002/material-2-orm.png
 create mode 100644 output/playwright/planet-reference-20260914/crystal-moon-2-r002/material-3-albedo.png
 create mode 100644 output/playwright/planet-reference-20260914/crystal-moon-2-r002/material-4-albedo.png
 create mode 100644 output/playwright/planet-reference-20260914/crystal-moon-2-r002/material-5-albedo.png
 create mode 100644 output/playwright/planet-reference-20260914/crystal-moon-2-r002/material-6-albedo.png
 create mode 100644 output/playwright/planet-reference-20260914/crystal-moon-2-r002/material-7-albedo.png
 create mode 100644 output/playwright/planet-reference-20260914/crystal-moon-2-r002/medium-cluster.glb
 create mode 100644 output/playwright/planet-reference-20260914/crystal-moon-2-r002/native-district-preview.png
 create mode 100644 output/playwright/planet-reference-20260914/crystal-moon-2-r002/render-native-district-preview.py
 create mode 100644 output/playwright/planet-reference-20260914/crystal-moon-2-r002/revision-notes.md
 create mode 100644 output/playwright/planet-reference-20260914/crystal-moon-2-r002/single-crystal.glb
 create mode 100644 output/playwright/planet-reference-20260914/crystal-moon-2-r002/squat-crystal-district.glb
 create mode 100644 output/playwright/planet-reference-20260914/crystal-moon-2-r002/validation.json
 create mode 100644 output/playwright/planet-reference-20260914/crystal-moon-2-r002/variant-recipe.json
 create mode 100644 output/playwright/planet-reference-20260914/crystal-moon-2-r003/attempt-01-geodesic-plates/blender-raw/connected-crystalline-body.glb
 create mode 100644 output/playwright/planet-reference-20260914/crystal-moon-2-r003/attempt-01-geodesic-plates/connected-crystalline-body.glb
 create mode 100644 output/playwright/planet-reference-20260914/crystal-moon-2-r003/attempt-01-geodesic-plates/kit.blend
 create mode 100644 output/playwright/planet-reference-20260914/crystal-moon-2-r003/attempt-01-geodesic-plates/kit.json
 create mode 100644 output/playwright/planet-reference-20260914/crystal-moon-2-r003/attempt-01-geodesic-plates/material-0-albedo.png
 create mode 100644 output/playwright/planet-reference-20260914/crystal-moon-2-r003/attempt-01-geodesic-plates/material-0-orm.png
 create mode 100644 output/playwright/planet-reference-20260914/crystal-moon-2-r003/attempt-01-geodesic-plates/material-1-albedo.png
 create mode 100644 output/playwright/planet-reference-20260914/crystal-moon-2-r003/attempt-01-geodesic-plates/material-1-orm.png
 create mode 100644 output/playwright/planet-reference-20260914/crystal-moon-2-r003/attempt-01-geodesic-plates/material-2-albedo.png
 create mode 100644 output/playwright/planet-reference-20260914/crystal-moon-2-r003/attempt-01-geodesic-plates/material-2-orm.png
 create mode 100644 output/playwright/planet-reference-20260914/crystal-moon-2-r003/attempt-01-geodesic-plates/material-3-albedo.png
 create mode 100644 output/playwright/planet-reference-20260914/crystal-moon-2-r003/attempt-01-geodesic-plates/material-4-albedo.png
 create mode 100644 output/playwright/planet-reference-20260914/crystal-moon-2-r003/attempt-01-geodesic-plates/material-5-albedo.png
 create mode 100644 output/playwright/planet-reference-20260914/crystal-moon-2-r003/attempt-01-geodesic-plates/material-6-albedo.png
 create mode 100644 output/playwright/planet-reference-20260914/crystal-moon-2-r003/attempt-01-geodesic-plates/material-7-albedo.png
 create mode 100644 output/playwright/planet-reference-20260914/crystal-moon-2-r003/attempt-01-geodesic-plates/native-body-preview.png
 create mode 100644 output/playwright/planet-reference-20260914/crystal-moon-2-r003/attempt-01-geodesic-plates/native-body-small-preview.png
 create mode 100644 output/playwright/planet-reference-20260914/crystal-moon-2-r003/attempt-01-geodesic-plates/native-panel-plan.json
 create mode 100644 output/playwright/planet-reference-20260914/crystal-moon-2-r003/attempt-01-geodesic-plates/source-builder.py
 create mode 100644 output/playwright/planet-reference-20260914/crystal-moon-2-r003/attempt-01-geodesic-plates/validation.json
 create mode 100644 output/playwright/planet-reference-20260914/crystal-moon-2-r003/attempt-02-regular-quad-panels/blender-raw/connected-crystalline-body.glb
 create mode 100644 output/playwright/planet-reference-20260914/crystal-moon-2-r003/attempt-02-regular-quad-panels/connected-crystalline-body.glb
 create mode 100644 output/playwright/planet-reference-20260914/crystal-moon-2-r003/attempt-02-regular-quad-panels/kit.blend
 create mode 100644 output/playwright/planet-reference-20260914/crystal-moon-2-r003/attempt-02-regular-quad-panels/kit.json
 create mode 100644 output/playwright/planet-reference-20260914/crystal-moon-2-r003/attempt-02-regular-quad-panels/material-0-albedo.png
 create mode 100644 output/playwright/planet-reference-20260914/crystal-moon-2-r003/attempt-02-regular-quad-panels/material-0-orm.png
 create mode 100644 output/playwright/planet-reference-20260914/crystal-moon-2-r003/attempt-02-regular-quad-panels/material-1-albedo.png
 create mode 100644 output/playwright/planet-reference-20260914/crystal-moon-2-r003/attempt-02-regular-quad-panels/material-1-orm.png
 create mode 100644 output/playwright/planet-reference-20260914/crystal-moon-2-r003/attempt-02-regular-quad-panels/material-2-albedo.png
 create mode 100644 output/playwright/planet-reference-20260914/crystal-moon-2-r003/attempt-02-regular-quad-panels/material-2-orm.png
 create mode 100644 output/playwright/planet-reference-20260914/crystal-moon-2-r003/attempt-02-regular-quad-panels/material-3-albedo.png
 create mode 100644 output/playwright/planet-reference-20260914/crystal-moon-2-r003/attempt-02-regular-quad-panels/material-4-albedo.png
 create mode 100644 output/playwright/planet-reference-20260914/crystal-moon-2-r003/attempt-02-regular-quad-panels/material-5-albedo.png
 create mode 100644 output/playwright/planet-reference-20260914/crystal-moon-2-r003/attempt-02-regular-quad-panels/material-6-albedo.png
 create mode 100644 output/playwright/planet-reference-20260914/crystal-moon-2-r003/attempt-02-regular-quad-panels/material-7-albedo.png
 create mode 100644 output/playwright/planet-reference-20260914/crystal-moon-2-r003/attempt-02-regular-quad-panels/native-body-preview.png
 create mode 100644 output/playwright/planet-reference-20260914/crystal-moon-2-r003/attempt-02-regular-quad-panels/native-body-small-preview.png
 create mode 100644 output/playwright/planet-reference-20260914/crystal-moon-2-r003/attempt-02-regular-quad-panels/native-panel-plan.json
 create mode 100644 output/playwright/planet-reference-20260914/crystal-moon-2-r003/attempt-02-regular-quad-panels/source-builder.py
 create mode 100644 output/playwright/planet-reference-20260914/crystal-moon-2-r003/attempt-02-regular-quad-panels/validation.json
 create mode 100644 output/playwright/planet-reference-20260914/crystal-moon-2-r003/blender-raw/connected-crystalline-body.glb
 create mode 100644 output/playwright/planet-reference-20260914/crystal-moon-2-r003/connected-crystalline-body.glb
 create mode 100644 output/playwright/planet-reference-20260914/crystal-moon-2-r003/kit.blend
 create mode 100644 output/playwright/planet-reference-20260914/crystal-moon-2-r003/kit.json
 create mode 100644 output/playwright/planet-reference-20260914/crystal-moon-2-r003/material-0-albedo.png
 create mode 100644 output/playwright/planet-reference-20260914/crystal-moon-2-r003/material-0-orm.png
 create mode 100644 output/playwright/planet-reference-20260914/crystal-moon-2-r003/material-1-albedo.png
 create mode 100644 output/playwright/planet-reference-20260914/crystal-moon-2-r003/material-1-orm.png
 create mode 100644 output/playwright/planet-reference-20260914/crystal-moon-2-r003/material-2-albedo.png
 create mode 100644 output/playwright/planet-reference-20260914/crystal-moon-2-r003/material-2-orm.png
 create mode 100644 output/playwright/planet-reference-20260914/crystal-moon-2-r003/material-3-albedo.png
 create mode 100644 output/playwright/planet-reference-20260914/crystal-moon-2-r003/material-4-albedo.png
 create mode 100644 output/playwright/planet-reference-20260914/crystal-moon-2-r003/material-5-albedo.png
 create mode 100644 output/playwright/planet-reference-20260914/crystal-moon-2-r003/material-6-albedo.png
 create mode 100644 output/playwright/planet-reference-20260914/crystal-moon-2-r003/material-7-albedo.png
 create mode 100644 output/playwright/planet-reference-20260914/crystal-moon-2-r003/native-body-preview.png
 create mode 100644 output/playwright/planet-reference-20260914/crystal-moon-2-r003/native-body-small-preview.png
 create mode 100644 output/playwright/planet-reference-20260914/crystal-moon-2-r003/native-panel-plan.json
 create mode 100644 output/playwright/planet-reference-20260914/crystal-moon-2-r003/revision-notes.md
 create mode 100644 output/playwright/planet-reference-20260914/crystal-moon-2-r003/source-builder.py
 create mode 100644 output/playwright/planet-reference-20260914/crystal-moon-2-r003/source/build_crystal_moon_native_variants_r003.py
 create mode 100644 output/playwright/planet-reference-20260914/crystal-moon-2-r003/source/crystal_moon_reference_composition_r003.test.ts
 create mode 100644 output/playwright/planet-reference-20260914/crystal-moon-2-r003/source/crystal_moon_reference_composition_r003.ts
 create mode 100644 output/playwright/planet-reference-20260914/crystal-moon-2-r003/source/crystal_moon_reference_r003.tsconfig.json
 create mode 100644 output/playwright/planet-reference-20260914/crystal-moon-2-r003/source/crystal_moon_reference_r003.vitest.config.ts
 create mode 100644 output/playwright/planet-reference-20260914/crystal-moon-2-r003/validation.json
 create mode 100644 output/playwright/planet-reference-20260914/crystal-moon-2-r004/blender-raw/connected-crystalline-body.glb
 create mode 100644 output/playwright/planet-reference-20260914/crystal-moon-2-r004/connected-crystalline-body.glb
 create mode 100644 output/playwright/planet-reference-20260914/crystal-moon-2-r004/kit.blend
 create mode 100644 output/playwright/planet-reference-20260914/crystal-moon-2-r004/kit.json
 create mode 100644 output/playwright/planet-reference-20260914/crystal-moon-2-r004/material-0-albedo.png
 create mode 100644 output/playwright/planet-reference-20260914/crystal-moon-2-r004/material-0-orm.png
 create mode 100644 output/playwright/planet-reference-20260914/crystal-moon-2-r004/material-1-albedo.png
 create mode 100644 output/playwright/planet-reference-20260914/crystal-moon-2-r004/material-1-orm.png
 create mode 100644 output/playwright/planet-reference-20260914/crystal-moon-2-r004/material-2-albedo.png
 create mode 100644 output/playwright/planet-reference-20260914/crystal-moon-2-r004/material-2-orm.png
 create mode 100644 output/playwright/planet-reference-20260914/crystal-moon-2-r004/material-3-albedo.png
 create mode 100644 output/playwright/planet-reference-20260914/crystal-moon-2-r004/material-4-albedo.png
 create mode 100644 output/playwright/planet-reference-20260914/crystal-moon-2-r004/material-5-albedo.png
 create mode 100644 output/playwright/planet-reference-20260914/crystal-moon-2-r004/material-6-albedo.png
 create mode 100644 output/playwright/planet-reference-20260914/crystal-moon-2-r004/material-7-albedo.png
 create mode 100644 output/playwright/planet-reference-20260914/crystal-moon-2-r004/native-body-capture.log
 create mode 100644 output/playwright/planet-reference-20260914/crystal-moon-2-r004/native-body-preview.png
 create mode 100644 output/playwright/planet-reference-20260914/crystal-moon-2-r004/native-body-seed38-angle2.png
 create mode 100644 output/playwright/planet-reference-20260914/crystal-moon-2-r004/native-body-seed38-capture.log
 create mode 100644 output/playwright/planet-reference-20260914/crystal-moon-2-r004/native-body-seed38-reference-scale.png
 create mode 100644 output/playwright/planet-reference-20260914/crystal-moon-2-r004/native-body-seed38.json
 create mode 100644 output/playwright/planet-reference-20260914/crystal-moon-2-r004/native-body-seed38.png
 create mode 100644 output/playwright/planet-reference-20260914/crystal-moon-2-r004/native-body-small-preview.png
 create mode 100644 output/playwright/planet-reference-20260914/crystal-moon-2-r004/native-panel-plan.json
 create mode 100644 output/playwright/planet-reference-20260914/crystal-moon-2-r004/native-reference-scale.png
 create mode 100644 output/playwright/planet-reference-20260914/crystal-moon-2-r004/revision-notes.md
 create mode 100644 output/playwright/planet-reference-20260914/crystal-moon-2-r004/source-builder.py
 create mode 100644 output/playwright/planet-reference-20260914/crystal-moon-2-r004/source-freeze.json
 create mode 100644 output/playwright/planet-reference-20260914/crystal-moon-2-r004/source/build_crystal_moon_native_variants_r004.py
 create mode 100644 output/playwright/planet-reference-20260914/crystal-moon-2-r004/source/crystal_moon_reference_composition_r003.ts
 create mode 100644 output/playwright/planet-reference-20260914/crystal-moon-2-r004/source/crystal_moon_reference_composition_r004.test.ts
 create mode 100644 output/playwright/planet-reference-20260914/crystal-moon-2-r004/source/crystal_moon_reference_r004.tsconfig.json
 create mode 100644 output/playwright/planet-reference-20260914/crystal-moon-2-r004/source/crystal_moon_reference_r004.vitest.config.ts
 create mode 100644 output/playwright/planet-reference-20260914/crystal-moon-2-r004/tests.log
 create mode 100644 output/playwright/planet-reference-20260914/crystal-moon-2-r004/validation.json
 create mode 100644 output/playwright/planet-reference-20260914/crystal-moons-r004-parity/audit-native-topology.py
 create mode 100644 output/playwright/planet-reference-20260914/crystal-moons-r004-parity/matched-camera.json
 create mode 100644 output/playwright/planet-reference-20260914/crystal-moons-r004-parity/moon-1-gltf-front-faces-only-matched-angle2.png
 create mode 100644 output/playwright/planet-reference-20260914/crystal-moons-r004-parity/moon-1-native-two-sided-matched-angle2.png
 create mode 100644 output/playwright/planet-reference-20260914/crystal-moons-r004-parity/moon-2-gltf-front-faces-only-matched-angle2.png
 create mode 100644 output/playwright/planet-reference-20260914/crystal-moons-r004-parity/moon-2-native-two-sided-matched-angle2.png
 create mode 100644 output/playwright/planet-reference-20260914/crystal-moons-r004-parity/native-topology-audit.json
 create mode 100644 output/playwright/planet-reference-20260914/crystal-moons-r004-parity/render-matched-culling.py
 create mode 100644 output/playwright/planet-reference-20260914/crystal-r009/blender-raw/colossal-cluster.glb
 create mode 100644 output/playwright/planet-reference-20260914/crystal-r009/blender-raw/crystal-battered-region-a.glb
 create mode 100644 output/playwright/planet-reference-20260914/crystal-r009/blender-raw/crystal-battered-region-b.glb
 create mode 100644 output/playwright/planet-reference-20260914/crystal-r009/blender-raw/fracture-cliffs.glb
 create mode 100644 output/playwright/planet-reference-20260914/crystal-r009/blender-raw/ground-sphere-low.glb
 create mode 100644 output/playwright/planet-reference-20260914/crystal-r009/blender-raw/ground-sphere-medium.glb
 create mode 100644 output/playwright/planet-reference-20260914/crystal-r009/blender-raw/ground-sphere.glb
 create mode 100644 output/playwright/planet-reference-20260914/crystal-r009/blender-raw/leaning-colossal-cluster.glb
 create mode 100644 output/playwright/planet-reference-20260914/crystal-r009/blender-raw/low-fractured-shelf.glb
 create mode 100644 output/playwright/planet-reference-20260914/crystal-r009/blender-raw/medium-cluster.glb
 create mode 100644 output/playwright/planet-reference-20260914/crystal-r009/blender-raw/single-crystal.glb
 create mode 100644 output/playwright/planet-reference-20260914/crystal-r009/colossal-cluster.glb
 create mode 100644 output/playwright/planet-reference-20260914/crystal-r009/corrected-seed38-angle2.png
 create mode 100644 output/playwright/planet-reference-20260914/crystal-r009/corrected-seed38-capture.log
 create mode 100644 output/playwright/planet-reference-20260914/crystal-r009/corrected-seed38-reference-scale.png
 create mode 100644 output/playwright/planet-reference-20260914/crystal-r009/corrected-seed38.json
 create mode 100644 output/playwright/planet-reference-20260914/crystal-r009/corrected-seed38.png
 create mode 100644 output/playwright/planet-reference-20260914/crystal-r009/crystal-battered-region-a.glb
 create mode 100644 output/playwright/planet-reference-20260914/crystal-r009/crystal-battered-region-b.glb
 create mode 100644 output/playwright/planet-reference-20260914/crystal-r009/fracture-cliffs.glb
 create mode 100644 output/playwright/planet-reference-20260914/crystal-r009/ground-sphere-low.glb
 create mode 100644 output/playwright/planet-reference-20260914/crystal-r009/ground-sphere-medium.glb
 create mode 100644 output/playwright/planet-reference-20260914/crystal-r009/ground-sphere.glb
 create mode 100644 output/playwright/planet-reference-20260914/crystal-r009/kit-preview.png
 create mode 100644 output/playwright/planet-reference-20260914/crystal-r009/kit.blend
 create mode 100644 output/playwright/planet-reference-20260914/crystal-r009/kit.json
 create mode 100644 output/playwright/planet-reference-20260914/crystal-r009/leaning-colossal-cluster.glb
 create mode 100644 output/playwright/planet-reference-20260914/crystal-r009/low-fractured-shelf.glb
 create mode 100644 output/playwright/planet-reference-20260914/crystal-r009/material-0-albedo.png
 create mode 100644 output/playwright/planet-reference-20260914/crystal-r009/material-0-orm.png
 create mode 100644 output/playwright/planet-reference-20260914/crystal-r009/material-1-albedo.png
 create mode 100644 output/playwright/planet-reference-20260914/crystal-r009/material-1-orm.png
 create mode 100644 output/playwright/planet-reference-20260914/crystal-r009/material-2-albedo.png
 create mode 100644 output/playwright/planet-reference-20260914/crystal-r009/material-2-orm.png
 create mode 100644 output/playwright/planet-reference-20260914/crystal-r009/material-3-albedo.png
 create mode 100644 output/playwright/planet-reference-20260914/crystal-r009/material-4-albedo.png
 create mode 100644 output/playwright/planet-reference-20260914/crystal-r009/material-5-albedo.png
 create mode 100644 output/playwright/planet-reference-20260914/crystal-r009/material-6-albedo.png
 create mode 100644 output/playwright/planet-reference-20260914/crystal-r009/material-7-albedo.png
 create mode 100644 output/playwright/planet-reference-20260914/crystal-r009/medium-cluster.glb
 create mode 100644 output/playwright/planet-reference-20260914/crystal-r009/single-crystal.glb
 create mode 100644 output/playwright/planet-reference-20260914/crystal-r009/validation.json
 create mode 100644 output/playwright/planet-reference-20260914/crystal-r013/colossal-cluster.glb
 create mode 100644 output/playwright/planet-reference-20260914/crystal-r013/composition-r013.test.ts
 create mode 100644 output/playwright/planet-reference-20260914/crystal-r013/composition-r013.ts
 create mode 100644 output/playwright/planet-reference-20260914/crystal-r013/corrected-seed38-angle2.png
 create mode 100644 output/playwright/planet-reference-20260914/crystal-r013/corrected-seed38-capture.log
 create mode 100644 output/playwright/planet-reference-20260914/crystal-r013/corrected-seed38-reference-scale.png
 create mode 100644 output/playwright/planet-reference-20260914/crystal-r013/corrected-seed38.json
 create mode 100644 output/playwright/planet-reference-20260914/crystal-r013/corrected-seed38.png
 create mode 100644 output/playwright/planet-reference-20260914/crystal-r013/coverage.json
 create mode 100644 output/playwright/planet-reference-20260914/crystal-r013/crystal-battered-region-a.glb
 create mode 100644 output/playwright/planet-reference-20260914/crystal-r013/crystal-battered-region-b.glb
 create mode 100644 output/playwright/planet-reference-20260914/crystal-r013/fracture-cliffs.glb
 create mode 100644 output/playwright/planet-reference-20260914/crystal-r013/ground-sphere-low.glb
 create mode 100644 output/playwright/planet-reference-20260914/crystal-r013/ground-sphere-medium.glb
 create mode 100644 output/playwright/planet-reference-20260914/crystal-r013/ground-sphere.glb
 create mode 100644 output/playwright/planet-reference-20260914/crystal-r013/kit-preview.png
 create mode 100644 output/playwright/planet-reference-20260914/crystal-r013/kit.blend
 create mode 100644 output/playwright/planet-reference-20260914/crystal-r013/kit.json
 create mode 100644 output/playwright/planet-reference-20260914/crystal-r013/leaning-colossal-cluster.glb
 create mode 100644 output/playwright/planet-reference-20260914/crystal-r013/low-fractured-shelf.glb
 create mode 100644 output/playwright/planet-reference-20260914/crystal-r013/material-0-albedo.png
 create mode 100644 output/playwright/planet-reference-20260914/crystal-r013/material-0-orm.png
 create mode 100644 output/playwright/planet-reference-20260914/crystal-r013/material-1-albedo.png
 create mode 100644 output/playwright/planet-reference-20260914/crystal-r013/material-1-orm.png
 create mode 100644 output/playwright/planet-reference-20260914/crystal-r013/material-2-albedo.png
 create mode 100644 output/playwright/planet-reference-20260914/crystal-r013/material-2-orm.png
 create mode 100644 output/playwright/planet-reference-20260914/crystal-r013/material-3-albedo.png
 create mode 100644 output/playwright/planet-reference-20260914/crystal-r013/material-4-albedo.png
 create mode 100644 output/playwright/planet-reference-20260914/crystal-r013/material-5-albedo.png
 create mode 100644 output/playwright/planet-reference-20260914/crystal-r013/material-6-albedo.png
 create mode 100644 output/playwright/planet-reference-20260914/crystal-r013/material-7-albedo.png
 create mode 100644 output/playwright/planet-reference-20260914/crystal-r013/medium-cluster.glb
 create mode 100644 output/playwright/planet-reference-20260914/crystal-r013/native_radial_surface.ts
 create mode 100644 output/playwright/planet-reference-20260914/crystal-r013/notes.md
 create mode 100644 output/playwright/planet-reference-20260914/crystal-r013/single-crystal.glb
 create mode 100644 output/playwright/planet-reference-20260914/crystal-r013/source-hashes.json
 create mode 100644 output/playwright/planet-reference-20260914/desert-moon-1-r001/angular-outcrops.glb
 create mode 100644 output/playwright/planet-reference-20260914/desert-moon-1-r001/battered-region-a.glb
 create mode 100644 output/playwright/planet-reference-20260914/desert-moon-1-r001/battered-region-b.glb
 create mode 100644 output/playwright/planet-reference-20260914/desert-moon-1-r001/build_solid_moon_native_variants_r001.py
 create mode 100644 output/playwright/planet-reference-20260914/desert-moon-1-r001/corrected-seed38-angle2.png
 create mode 100644 output/playwright/planet-reference-20260914/desert-moon-1-r001/corrected-seed38-capture.log
 create mode 100644 output/playwright/planet-reference-20260914/desert-moon-1-r001/corrected-seed38-reference-scale.png
 create mode 100644 output/playwright/planet-reference-20260914/desert-moon-1-r001/corrected-seed38.json
 create mode 100644 output/playwright/planet-reference-20260914/desert-moon-1-r001/corrected-seed38.png
 create mode 100644 output/playwright/planet-reference-20260914/desert-moon-1-r001/crater-broken.glb
 create mode 100644 output/playwright/planet-reference-20260914/desert-moon-1-r001/crater-large.glb
 create mode 100644 output/playwright/planet-reference-20260914/desert-moon-1-r001/crater-small.glb
 create mode 100644 output/playwright/planet-reference-20260914/desert-moon-1-r001/exact-reference.png
 create mode 100644 output/playwright/planet-reference-20260914/desert-moon-1-r001/foundation-source.py
 create mode 100644 output/playwright/planet-reference-20260914/desert-moon-1-r001/fractured-shelf.glb
 create mode 100644 output/playwright/planet-reference-20260914/desert-moon-1-r001/generator.py
 create mode 100644 output/playwright/planet-reference-20260914/desert-moon-1-r001/ground-sphere-low.glb
 create mode 100644 output/playwright/planet-reference-20260914/desert-moon-1-r001/ground-sphere-medium.glb
 create mode 100644 output/playwright/planet-reference-20260914/desert-moon-1-r001/ground-sphere.glb
 create mode 100644 output/playwright/planet-reference-20260914/desert-moon-1-r001/kit-preview.png
 create mode 100644 output/playwright/planet-reference-20260914/desert-moon-1-r001/kit.blend
 create mode 100644 output/playwright/planet-reference-20260914/desert-moon-1-r001/kit.json
 create mode 100644 output/playwright/planet-reference-20260914/desert-moon-1-r001/mineral-seam.glb
 create mode 100644 output/playwright/planet-reference-20260914/desert-moon-1-r001/revision-notes.md
 create mode 100644 output/playwright/planet-reference-20260914/desert-moon-1-r001/rocky-0-albedo.png
 create mode 100644 output/playwright/planet-reference-20260914/desert-moon-1-r001/rocky-0-orm.png
 create mode 100644 output/playwright/planet-reference-20260914/desert-moon-1-r001/rocky-1-albedo.png
 create mode 100644 output/playwright/planet-reference-20260914/desert-moon-1-r001/rocky-1-orm.png
 create mode 100644 output/playwright/planet-reference-20260914/desert-moon-1-r001/rocky-2-albedo.png
 create mode 100644 output/playwright/planet-reference-20260914/desert-moon-1-r001/rocky-2-orm.png
 create mode 100644 output/playwright/planet-reference-20260914/desert-moon-1-r001/rocky-3-albedo.png
 create mode 100644 output/playwright/planet-reference-20260914/desert-moon-1-r001/rocky-3-orm.png
 create mode 100644 output/playwright/planet-reference-20260914/desert-moon-1-r001/rocky-4-albedo.png
 create mode 100644 output/playwright/planet-reference-20260914/desert-moon-1-r001/rocky-4-orm.png
 create mode 100644 output/playwright/planet-reference-20260914/desert-moon-1-r001/rocky-5-albedo.png
 create mode 100644 output/playwright/planet-reference-20260914/desert-moon-1-r001/rocky-5-orm.png
 create mode 100644 output/playwright/planet-reference-20260914/desert-moon-1-r001/solid_moon_reference_composition_r001.test.ts
 create mode 100644 output/playwright/planet-reference-20260914/desert-moon-1-r001/solid_moon_reference_composition_r001.ts
 create mode 100644 output/playwright/planet-reference-20260914/desert-moon-1-r001/solid_moon_reference_r001.tsconfig.json
 create mode 100644 output/playwright/planet-reference-20260914/desert-moon-1-r001/solid_moon_reference_r001.vitest.config.ts
 create mode 100644 output/playwright/planet-reference-20260914/desert-moon-1-r001/validation.json
 create mode 100644 output/playwright/planet-reference-20260914/desert-moon-1-r001/variant-recipe.json
 create mode 100644 output/playwright/planet-reference-20260914/desert-moon-2-r001/angular-outcrops.glb
 create mode 100644 output/playwright/planet-reference-20260914/desert-moon-2-r001/battered-region-a.glb
 create mode 100644 output/playwright/planet-reference-20260914/desert-moon-2-r001/battered-region-b.glb
 create mode 100644 output/playwright/planet-reference-20260914/desert-moon-2-r001/build_solid_moon_native_variants_r001.py
 create mode 100644 output/playwright/planet-reference-20260914/desert-moon-2-r001/corrected-seed38-angle2.png
 create mode 100644 output/playwright/planet-reference-20260914/desert-moon-2-r001/corrected-seed38-capture.log
 create mode 100644 output/playwright/planet-reference-20260914/desert-moon-2-r001/corrected-seed38-reference-scale.png
 create mode 100644 output/playwright/planet-reference-20260914/desert-moon-2-r001/corrected-seed38.json
 create mode 100644 output/playwright/planet-reference-20260914/desert-moon-2-r001/corrected-seed38.png
 create mode 100644 output/playwright/planet-reference-20260914/desert-moon-2-r001/crater-broken.glb
 create mode 100644 output/playwright/planet-reference-20260914/desert-moon-2-r001/crater-large.glb
 create mode 100644 output/playwright/planet-reference-20260914/desert-moon-2-r001/crater-small.glb
 create mode 100644 output/playwright/planet-reference-20260914/desert-moon-2-r001/exact-reference.png
 create mode 100644 output/playwright/planet-reference-20260914/desert-moon-2-r001/foundation-source.py
 create mode 100644 output/playwright/planet-reference-20260914/desert-moon-2-r001/fractured-shelf.glb
 create mode 100644 output/playwright/planet-reference-20260914/desert-moon-2-r001/generator.py
 create mode 100644 output/playwright/planet-reference-20260914/desert-moon-2-r001/ground-sphere-low.glb
 create mode 100644 output/playwright/planet-reference-20260914/desert-moon-2-r001/ground-sphere-medium.glb
 create mode 100644 output/playwright/planet-reference-20260914/desert-moon-2-r001/ground-sphere.glb
 create mode 100644 output/playwright/planet-reference-20260914/desert-moon-2-r001/kit-preview.png
 create mode 100644 output/playwright/planet-reference-20260914/desert-moon-2-r001/kit.blend
 create mode 100644 output/playwright/planet-reference-20260914/desert-moon-2-r001/kit.json
 create mode 100644 output/playwright/planet-reference-20260914/desert-moon-2-r001/mineral-seam.glb
 create mode 100644 output/playwright/planet-reference-20260914/desert-moon-2-r001/revision-notes.md
 create mode 100644 output/playwright/planet-reference-20260914/desert-moon-2-r001/rocky-0-albedo.png
 create mode 100644 output/playwright/planet-reference-20260914/desert-moon-2-r001/rocky-0-orm.png
 create mode 100644 output/playwright/planet-reference-20260914/desert-moon-2-r001/rocky-1-albedo.png
 create mode 100644 output/playwright/planet-reference-20260914/desert-moon-2-r001/rocky-1-orm.png
 create mode 100644 output/playwright/planet-reference-20260914/desert-moon-2-r001/rocky-2-albedo.png
 create mode 100644 output/playwright/planet-reference-20260914/desert-moon-2-r001/rocky-2-orm.png
 create mode 100644 output/playwright/planet-reference-20260914/desert-moon-2-r001/rocky-3-albedo.png
 create mode 100644 output/playwright/planet-reference-20260914/desert-moon-2-r001/rocky-3-orm.png
 create mode 100644 output/playwright/planet-reference-20260914/desert-moon-2-r001/rocky-4-albedo.png
 create mode 100644 output/playwright/planet-reference-20260914/desert-moon-2-r001/rocky-4-orm.png
 create mode 100644 output/playwright/planet-reference-20260914/desert-moon-2-r001/rocky-5-albedo.png
 create mode 100644 output/playwright/planet-reference-20260914/desert-moon-2-r001/rocky-5-orm.png
 create mode 100644 output/playwright/planet-reference-20260914/desert-moon-2-r001/solid_moon_reference_composition_r001.test.ts
 create mode 100644 output/playwright/planet-reference-20260914/desert-moon-2-r001/solid_moon_reference_composition_r001.ts
 create mode 100644 output/playwright/planet-reference-20260914/desert-moon-2-r001/solid_moon_reference_r001.tsconfig.json
 create mode 100644 output/playwright/planet-reference-20260914/desert-moon-2-r001/solid_moon_reference_r001.vitest.config.ts
 create mode 100644 output/playwright/planet-reference-20260914/desert-moon-2-r001/validation.json
 create mode 100644 output/playwright/planet-reference-20260914/desert-moon-2-r001/variant-recipe.json
 create mode 100644 output/playwright/planet-reference-20260914/desert-r001/planet-seed38.png
 create mode 100644 output/playwright/planet-reference-20260914/desert-r002/kit-preview.png
 create mode 100644 output/playwright/planet-reference-20260914/desert-r002/planet-seed38.png
 create mode 100644 output/playwright/planet-reference-20260914/desert-r002/unit-babylon-diagnostic.png
 create mode 100644 output/playwright/planet-reference-20260914/desert-r002/unit-winding-diagnostic.png
 create mode 100644 output/playwright/planet-reference-20260914/desert-r003/planet-seed38.png
 create mode 100644 output/playwright/planet-reference-20260914/desert-r004/planet-seed38.png
 create mode 100644 output/playwright/planet-reference-20260914/desert-r005/planet-seed38.png
 create mode 100644 output/playwright/planet-reference-20260914/desert-r006/planet-seed38.png
 create mode 100644 output/playwright/planet-reference-20260914/desert-r006/shadows-off-diagnostic.png
 create mode 100644 output/playwright/planet-reference-20260914/desert-r008/planet-seed38-angle2.png
 create mode 100644 output/playwright/planet-reference-20260914/desert-r008/planet-seed38.png
 create mode 100644 output/playwright/planet-reference-20260914/desert-r010/single-region.png
 create mode 100644 output/playwright/planet-reference-20260914/desert-r011/single-region-normals.png
 create mode 100644 output/playwright/planet-reference-20260914/desert-r013/planet-reference-scale.png
 create mode 100644 output/playwright/planet-reference-20260914/desert-r014/broad-shelf-a.glb
 create mode 100644 output/playwright/planet-reference-20260914/desert-r014/broad-shelf-b.glb
 create mode 100644 output/playwright/planet-reference-20260914/desert-r014/broken-cliff-shelves.glb
 create mode 100644 output/playwright/planet-reference-20260914/desert-r014/build_desert_native_kit_r014.py
 create mode 100644 output/playwright/planet-reference-20260914/desert-r014/desert-cap-albedo.png
 create mode 100644 output/playwright/planet-reference-20260914/desert-r014/desert-wall-albedo.png
 create mode 100644 output/playwright/planet-reference-20260914/desert-r014/ground-sphere-low.glb
 create mode 100644 output/playwright/planet-reference-20260914/desert-r014/ground-sphere-medium.glb
 create mode 100644 output/playwright/planet-reference-20260914/desert-r014/ground-sphere.glb
 create mode 100644 output/playwright/planet-reference-20260914/desert-r014/kit-preview.png
 create mode 100644 output/playwright/planet-reference-20260914/desert-r014/kit.blend
 create mode 100644 output/playwright/planet-reference-20260914/desert-r014/kit.json
 create mode 100644 output/playwright/planet-reference-20260914/desert-r014/mesa-group-a.glb
 create mode 100644 output/playwright/planet-reference-20260914/desert-r014/mesa-group-b.glb
 create mode 100644 output/playwright/planet-reference-20260914/desert-r014/mesa-group-c.glb
 create mode 100644 output/playwright/planet-reference-20260914/desert-r014/planet-reference-scale.png
 create mode 100644 output/playwright/planet-reference-20260914/desert-r014/planet-seed17-shadows.png
 create mode 100644 output/playwright/planet-reference-20260914/desert-r014/planet-seed38-angle2.png
 create mode 100644 output/playwright/planet-reference-20260914/desert-r014/planet-seed38-shadows.png
 create mode 100644 output/playwright/planet-reference-20260914/desert-r014/planet-seed38.png
 create mode 100644 output/playwright/planet-reference-20260914/desert-r014/planet-seed99-shadows.png
 create mode 100644 output/playwright/planet-reference-20260914/desert-r014/regional-cliff-continuation.glb
 create mode 100644 output/playwright/planet-reference-20260914/desert-r014/regional-cliff-end.glb
 create mode 100644 output/playwright/planet-reference-20260914/desert-r014/regional-cliff-head.glb
 create mode 100644 output/playwright/planet-reference-20260914/desert-r014/regional-cliff-preview.png
 create mode 100644 output/playwright/planet-reference-20260914/desert-r014/regression-tests.log
 create mode 100644 output/playwright/planet-reference-20260914/desert-r014/regression-validation.json
 create mode 100644 output/playwright/planet-reference-20260914/desert-r014/render-region-preview.py
 create mode 100644 output/playwright/planet-reference-20260914/desert-r014/sand-plateau.glb
 create mode 100644 output/playwright/planet-reference-20260914/desert-r014/tiny-rock-group.glb
 create mode 100644 output/playwright/planet-reference-20260914/desert-r014/tower-group.glb
 create mode 100644 output/playwright/planet-reference-20260914/desert-r014/validate-native.py
 create mode 100644 output/playwright/planet-reference-20260914/desert-r014/validation.json
 create mode 100644 output/playwright/planet-reference-20260914/gas-giant-moon-1-r001/angular-outcrops.glb
 create mode 100644 output/playwright/planet-reference-20260914/gas-giant-moon-1-r001/battered-region-a.glb
 create mode 100644 output/playwright/planet-reference-20260914/gas-giant-moon-1-r001/battered-region-b.glb
 create mode 100644 output/playwright/planet-reference-20260914/gas-giant-moon-1-r001/build_solid_moon_native_variants_r001.py
 create mode 100644 output/playwright/planet-reference-20260914/gas-giant-moon-1-r001/corrected-seed38-angle2.png
 create mode 100644 output/playwright/planet-reference-20260914/gas-giant-moon-1-r001/corrected-seed38-capture.log
 create mode 100644 output/playwright/planet-reference-20260914/gas-giant-moon-1-r001/corrected-seed38-reference-scale.png
 create mode 100644 output/playwright/planet-reference-20260914/gas-giant-moon-1-r001/corrected-seed38.json
 create mode 100644 output/playwright/planet-reference-20260914/gas-giant-moon-1-r001/corrected-seed38.png
 create mode 100644 output/playwright/planet-reference-20260914/gas-giant-moon-1-r001/crater-broken.glb
 create mode 100644 output/playwright/planet-reference-20260914/gas-giant-moon-1-r001/crater-large.glb
 create mode 100644 output/playwright/planet-reference-20260914/gas-giant-moon-1-r001/crater-small.glb
 create mode 100644 output/playwright/planet-reference-20260914/gas-giant-moon-1-r001/exact-reference.png
 create mode 100644 output/playwright/planet-reference-20260914/gas-giant-moon-1-r001/foundation-source.py
 create mode 100644 output/playwright/planet-reference-20260914/gas-giant-moon-1-r001/fractured-shelf.glb
 create mode 100644 output/playwright/planet-reference-20260914/gas-giant-moon-1-r001/generator.py
 create mode 100644 output/playwright/planet-reference-20260914/gas-giant-moon-1-r001/ground-sphere-low.glb
 create mode 100644 output/playwright/planet-reference-20260914/gas-giant-moon-1-r001/ground-sphere-medium.glb
 create mode 100644 output/playwright/planet-reference-20260914/gas-giant-moon-1-r001/ground-sphere.glb
 create mode 100644 output/playwright/planet-reference-20260914/gas-giant-moon-1-r001/kit-preview.png
 create mode 100644 output/playwright/planet-reference-20260914/gas-giant-moon-1-r001/kit.blend
 create mode 100644 output/playwright/planet-reference-20260914/gas-giant-moon-1-r001/kit.json
 create mode 100644 output/playwright/planet-reference-20260914/gas-giant-moon-1-r001/mineral-seam.glb
 create mode 100644 output/playwright/planet-reference-20260914/gas-giant-moon-1-r001/parent-light-diagnostic-angle1.png
 create mode 100644 output/playwright/planet-reference-20260914/gas-giant-moon-1-r001/parent-light-diagnostic-angle2.png
 create mode 100644 output/playwright/planet-reference-20260914/gas-giant-moon-1-r001/parent-light-diagnostic-fs-deny.log
 create mode 100644 output/playwright/planet-reference-20260914/gas-giant-moon-1-r001/parent-light-diagnostic-reference-scale.png
 create mode 100644 output/playwright/planet-reference-20260914/gas-giant-moon-1-r001/parent-light-diagnostic-route-failure.log
 create mode 100644 output/playwright/planet-reference-20260914/gas-giant-moon-1-r001/parent-light-diagnostic.json
 create mode 100644 output/playwright/planet-reference-20260914/gas-giant-moon-1-r001/parent-light-diagnostic.log
 create mode 100644 output/playwright/planet-reference-20260914/gas-giant-moon-1-r001/revision-notes.md
 create mode 100644 output/playwright/planet-reference-20260914/gas-giant-moon-1-r001/rocky-0-albedo.png
 create mode 100644 output/playwright/planet-reference-20260914/gas-giant-moon-1-r001/rocky-0-orm.png
 create mode 100644 output/playwright/planet-reference-20260914/gas-giant-moon-1-r001/rocky-1-albedo.png
 create mode 100644 output/playwright/planet-reference-20260914/gas-giant-moon-1-r001/rocky-1-orm.png
 create mode 100644 output/playwright/planet-reference-20260914/gas-giant-moon-1-r001/rocky-2-albedo.png
 create mode 100644 output/playwright/planet-reference-20260914/gas-giant-moon-1-r001/rocky-2-orm.png
 create mode 100644 output/playwright/planet-reference-20260914/gas-giant-moon-1-r001/rocky-3-albedo.png
 create mode 100644 output/playwright/planet-reference-20260914/gas-giant-moon-1-r001/rocky-3-orm.png
 create mode 100644 output/playwright/planet-reference-20260914/gas-giant-moon-1-r001/rocky-4-albedo.png
 create mode 100644 output/playwright/planet-reference-20260914/gas-giant-moon-1-r001/rocky-4-orm.png
 create mode 100644 output/playwright/planet-reference-20260914/gas-giant-moon-1-r001/rocky-5-albedo.png
 create mode 100644 output/playwright/planet-reference-20260914/gas-giant-moon-1-r001/rocky-5-orm.png
 create mode 100644 output/playwright/planet-reference-20260914/gas-giant-moon-1-r001/solid_moon_reference_composition_r001.test.ts
 create mode 100644 output/playwright/planet-reference-20260914/gas-giant-moon-1-r001/solid_moon_reference_composition_r001.ts
 create mode 100644 output/playwright/planet-reference-20260914/gas-giant-moon-1-r001/solid_moon_reference_r001.tsconfig.json
 create mode 100644 output/playwright/planet-reference-20260914/gas-giant-moon-1-r001/solid_moon_reference_r001.vitest.config.ts
 create mode 100644 output/playwright/planet-reference-20260914/gas-giant-moon-1-r001/validation.json
 create mode 100644 output/playwright/planet-reference-20260914/gas-giant-moon-1-r001/variant-recipe.json
 create mode 100644 output/playwright/planet-reference-20260914/gas-giant-moon-1-r002/angular-outcrops.glb
 create mode 100644 output/playwright/planet-reference-20260914/gas-giant-moon-1-r002/battered-region-a.glb
 create mode 100644 output/playwright/planet-reference-20260914/gas-giant-moon-1-r002/battered-region-b.glb
 create mode 100644 output/playwright/planet-reference-20260914/gas-giant-moon-1-r002/corrected-run.log
 create mode 100644 output/playwright/planet-reference-20260914/gas-giant-moon-1-r002/corrected-seed38-angle2.png
 create mode 100644 output/playwright/planet-reference-20260914/gas-giant-moon-1-r002/corrected-seed38-capture.log
 create mode 100644 output/playwright/planet-reference-20260914/gas-giant-moon-1-r002/corrected-seed38-reference-scale.png
 create mode 100644 output/playwright/planet-reference-20260914/gas-giant-moon-1-r002/corrected-seed38.json
 create mode 100644 output/playwright/planet-reference-20260914/gas-giant-moon-1-r002/corrected-seed38.png
 create mode 100644 output/playwright/planet-reference-20260914/gas-giant-moon-1-r002/crater-broken.glb
 create mode 100644 output/playwright/planet-reference-20260914/gas-giant-moon-1-r002/crater-large.glb
 create mode 100644 output/playwright/planet-reference-20260914/gas-giant-moon-1-r002/crater-small.glb
 create mode 100644 output/playwright/planet-reference-20260914/gas-giant-moon-1-r002/fractured-shelf.glb
 create mode 100644 output/playwright/planet-reference-20260914/gas-giant-moon-1-r002/generator.py
 create mode 100644 output/playwright/planet-reference-20260914/gas-giant-moon-1-r002/geometry-parity.json
 create mode 100644 output/playwright/planet-reference-20260914/gas-giant-moon-1-r002/ground-sphere-low.glb
 create mode 100644 output/playwright/planet-reference-20260914/gas-giant-moon-1-r002/ground-sphere-medium.glb
 create mode 100644 output/playwright/planet-reference-20260914/gas-giant-moon-1-r002/ground-sphere.glb
 create mode 100644 output/playwright/planet-reference-20260914/gas-giant-moon-1-r002/interpretation.json
 create mode 100644 output/playwright/planet-reference-20260914/gas-giant-moon-1-r002/kit-preview.png
 create mode 100644 output/playwright/planet-reference-20260914/gas-giant-moon-1-r002/kit.blend
 create mode 100644 output/playwright/planet-reference-20260914/gas-giant-moon-1-r002/kit.json
 create mode 100644 output/playwright/planet-reference-20260914/gas-giant-moon-1-r002/mineral-seam.glb
 create mode 100644 output/playwright/planet-reference-20260914/gas-giant-moon-1-r002/reflection-angle-run.log
 create mode 100644 output/playwright/planet-reference-20260914/gas-giant-moon-1-r002/reflection-angle-seed38-angle2.png
 create mode 100644 output/playwright/planet-reference-20260914/gas-giant-moon-1-r002/reflection-angle-seed38-capture.log
 create mode 100644 output/playwright/planet-reference-20260914/gas-giant-moon-1-r002/reflection-angle-seed38-reference-scale.png
 create mode 100644 output/playwright/planet-reference-20260914/gas-giant-moon-1-r002/reflection-angle-seed38.json
 create mode 100644 output/playwright/planet-reference-20260914/gas-giant-moon-1-r002/reflection-angle-seed38.png
 create mode 100644 output/playwright/planet-reference-20260914/gas-giant-moon-1-r002/rocky-0-albedo.png
 create mode 100644 output/playwright/planet-reference-20260914/gas-giant-moon-1-r002/rocky-0-orm.png
 create mode 100644 output/playwright/planet-reference-20260914/gas-giant-moon-1-r002/rocky-1-albedo.png
 create mode 100644 output/playwright/planet-reference-20260914/gas-giant-moon-1-r002/rocky-1-orm.png
 create mode 100644 output/playwright/planet-reference-20260914/gas-giant-moon-1-r002/rocky-2-albedo.png
 create mode 100644 output/playwright/planet-reference-20260914/gas-giant-moon-1-r002/rocky-2-orm.png
 create mode 100644 output/playwright/planet-reference-20260914/gas-giant-moon-1-r002/rocky-3-albedo.png
 create mode 100644 output/playwright/planet-reference-20260914/gas-giant-moon-1-r002/rocky-3-orm.png
 create mode 100644 output/playwright/planet-reference-20260914/gas-giant-moon-1-r002/rocky-4-albedo.png
 create mode 100644 output/playwright/planet-reference-20260914/gas-giant-moon-1-r002/rocky-4-orm.png
 create mode 100644 output/playwright/planet-reference-20260914/gas-giant-moon-1-r002/rocky-5-albedo.png
 create mode 100644 output/playwright/planet-reference-20260914/gas-giant-moon-1-r002/rocky-5-orm.png
 create mode 100644 output/playwright/planet-reference-20260914/gas-giant-moon-1-r002/rocky-6-albedo.png
 create mode 100644 output/playwright/planet-reference-20260914/gas-giant-moon-1-r002/rocky-6-orm.png
 create mode 100644 output/playwright/planet-reference-20260914/gas-giant-moon-1-r002/rocky-7-albedo.png
 create mode 100644 output/playwright/planet-reference-20260914/gas-giant-moon-1-r002/rocky-7-orm.png
 create mode 100644 output/playwright/planet-reference-20260914/gas-giant-moon-1-r002/validation.json
 create mode 100644 output/playwright/planet-reference-20260914/gas-giant-moon-1-r004/generator.py
 create mode 100644 output/playwright/planet-reference-20260914/gas-giant-moon-1-r004/kit.json
 create mode 100644 output/playwright/planet-reference-20260914/gas-giant-moon-1-r004/rocky-0-albedo.png
 create mode 100644 output/playwright/planet-reference-20260914/gas-giant-moon-1-r004/rocky-0-orm.png
 create mode 100644 output/playwright/planet-reference-20260914/gas-giant-moon-1-r004/rocky-1-albedo.png
 create mode 100644 output/playwright/planet-reference-20260914/gas-giant-moon-1-r004/rocky-1-orm.png
 create mode 100644 output/playwright/planet-reference-20260914/gas-giant-moon-1-r004/rocky-2-albedo.png
 create mode 100644 output/playwright/planet-reference-20260914/gas-giant-moon-1-r004/rocky-2-orm.png
 create mode 100644 output/playwright/planet-reference-20260914/gas-giant-moon-1-r004/rocky-3-albedo.png
 create mode 100644 output/playwright/planet-reference-20260914/gas-giant-moon-1-r004/rocky-3-orm.png
 create mode 100644 output/playwright/planet-reference-20260914/gas-giant-moon-1-r004/rocky-4-albedo.png
 create mode 100644 output/playwright/planet-reference-20260914/gas-giant-moon-1-r004/rocky-4-orm.png
 create mode 100644 output/playwright/planet-reference-20260914/gas-giant-moon-1-r004/rocky-5-albedo.png
 create mode 100644 output/playwright/planet-reference-20260914/gas-giant-moon-1-r004/rocky-5-orm.png
 create mode 100644 output/playwright/planet-reference-20260914/gas-giant-moon-1-r004/rocky-6-albedo.png
 create mode 100644 output/playwright/planet-reference-20260914/gas-giant-moon-1-r004/rocky-6-orm.png
 create mode 100644 output/playwright/planet-reference-20260914/gas-giant-moon-1-r004/rocky-7-albedo.png
 create mode 100644 output/playwright/planet-reference-20260914/gas-giant-moon-1-r004/rocky-7-orm.png
 create mode 100644 output/playwright/planet-reference-20260914/gas-giant-moon-1-r005-emission-only-diagnostic/angular-outcrops.glb
 create mode 100644 output/playwright/planet-reference-20260914/gas-giant-moon-1-r005-emission-only-diagnostic/battered-region-a.glb
 create mode 100644 output/playwright/planet-reference-20260914/gas-giant-moon-1-r005-emission-only-diagnostic/battered-region-b.glb
 create mode 100644 output/playwright/planet-reference-20260914/gas-giant-moon-1-r005-emission-only-diagnostic/crater-broken.glb
 create mode 100644 output/playwright/planet-reference-20260914/gas-giant-moon-1-r005-emission-only-diagnostic/crater-large.glb
 create mode 100644 output/playwright/planet-reference-20260914/gas-giant-moon-1-r005-emission-only-diagnostic/crater-small.glb
 create mode 100644 output/playwright/planet-reference-20260914/gas-giant-moon-1-r005-emission-only-diagnostic/foundation-source-r004.py
 create mode 100644 output/playwright/planet-reference-20260914/gas-giant-moon-1-r005-emission-only-diagnostic/fractured-shelf.glb
 create mode 100644 output/playwright/planet-reference-20260914/gas-giant-moon-1-r005-emission-only-diagnostic/generator.py
 create mode 100644 output/playwright/planet-reference-20260914/gas-giant-moon-1-r005-emission-only-diagnostic/ground-sphere-low.glb
 create mode 100644 output/playwright/planet-reference-20260914/gas-giant-moon-1-r005-emission-only-diagnostic/ground-sphere-medium.glb
 create mode 100644 output/playwright/planet-reference-20260914/gas-giant-moon-1-r005-emission-only-diagnostic/ground-sphere.glb
 create mode 100644 output/playwright/planet-reference-20260914/gas-giant-moon-1-r005-emission-only-diagnostic/interpretation.json
 create mode 100644 output/playwright/planet-reference-20260914/gas-giant-moon-1-r005-emission-only-diagnostic/ior-preservation.json
 create mode 100644 output/playwright/planet-reference-20260914/gas-giant-moon-1-r005-emission-only-diagnostic/kit-preview.png
 create mode 100644 output/playwright/planet-reference-20260914/gas-giant-moon-1-r005-emission-only-diagnostic/kit.blend
 create mode 100644 output/playwright/planet-reference-20260914/gas-giant-moon-1-r005-emission-only-diagnostic/kit.json
 create mode 100644 output/playwright/planet-reference-20260914/gas-giant-moon-1-r005-emission-only-diagnostic/mineral-seam.glb
 create mode 100644 output/playwright/planet-reference-20260914/gas-giant-moon-1-r005-emission-only-diagnostic/native-mineral-emission-off.png
 create mode 100644 output/playwright/planet-reference-20260914/gas-giant-moon-1-r005-emission-only-diagnostic/native-mineral-emission-on.png
 create mode 100644 output/playwright/planet-reference-20260914/gas-giant-moon-1-r005-emission-only-diagnostic/native-mineral-small.png
 create mode 100644 output/playwright/planet-reference-20260914/gas-giant-moon-1-r005-emission-only-diagnostic/rocky-0-albedo.png
 create mode 100644 output/playwright/planet-reference-20260914/gas-giant-moon-1-r005-emission-only-diagnostic/rocky-0-orm.png
 create mode 100644 output/playwright/planet-reference-20260914/gas-giant-moon-1-r005-emission-only-diagnostic/rocky-1-albedo.png
 create mode 100644 output/playwright/planet-reference-20260914/gas-giant-moon-1-r005-emission-only-diagnostic/rocky-1-orm.png
 create mode 100644 output/playwright/planet-reference-20260914/gas-giant-moon-1-r005-emission-only-diagnostic/rocky-2-albedo.png
 create mode 100644 output/playwright/planet-reference-20260914/gas-giant-moon-1-r005-emission-only-diagnostic/rocky-2-orm.png
 create mode 100644 output/playwright/planet-reference-20260914/gas-giant-moon-1-r005-emission-only-diagnostic/rocky-3-albedo.png
 create mode 100644 output/playwright/planet-reference-20260914/gas-giant-moon-1-r005-emission-only-diagnostic/rocky-3-orm.png
 create mode 100644 output/playwright/planet-reference-20260914/gas-giant-moon-1-r005-emission-only-diagnostic/rocky-4-albedo.png
 create mode 100644 output/playwright/planet-reference-20260914/gas-giant-moon-1-r005-emission-only-diagnostic/rocky-4-orm.png
 create mode 100644 output/playwright/planet-reference-20260914/gas-giant-moon-1-r005-emission-only-diagnostic/rocky-5-albedo.png
 create mode 100644 output/playwright/planet-reference-20260914/gas-giant-moon-1-r005-emission-only-diagnostic/rocky-5-orm.png
 create mode 100644 output/playwright/planet-reference-20260914/gas-giant-moon-1-r005-emission-only-diagnostic/rocky-6-albedo.png
 create mode 100644 output/playwright/planet-reference-20260914/gas-giant-moon-1-r005-emission-only-diagnostic/rocky-6-orm.png
 create mode 100644 output/playwright/planet-reference-20260914/gas-giant-moon-1-r005-emission-only-diagnostic/rocky-7-albedo.png
 create mode 100644 output/playwright/planet-reference-20260914/gas-giant-moon-1-r005-emission-only-diagnostic/rocky-7-orm.png
 create mode 100644 output/playwright/planet-reference-20260914/gas-giant-moon-1-r005-emission-only-diagnostic/unmodified-blender-exports/battered-region-a.glb
 create mode 100644 output/playwright/planet-reference-20260914/gas-giant-moon-1-r005-emission-only-diagnostic/unmodified-blender-exports/crater-broken.glb
 create mode 100644 output/playwright/planet-reference-20260914/gas-giant-moon-1-r005-emission-only-diagnostic/validation.json
 create mode 100644 output/playwright/planet-reference-20260914/gas-giant-moon-1-r005/angular-outcrops.glb
 create mode 100644 output/playwright/planet-reference-20260914/gas-giant-moon-1-r005/battered-region-a.glb
 create mode 100644 output/playwright/planet-reference-20260914/gas-giant-moon-1-r005/battered-region-b.glb
 create mode 100644 output/playwright/planet-reference-20260914/gas-giant-moon-1-r005/build_gas_moon_luminous_trial_r005.py
 create mode 100644 output/playwright/planet-reference-20260914/gas-giant-moon-1-r005/corrected-scale-capture.log
 create mode 100644 output/playwright/planet-reference-20260914/gas-giant-moon-1-r005/corrected-scale-seed38-angle2.png
 create mode 100644 output/playwright/planet-reference-20260914/gas-giant-moon-1-r005/corrected-scale-seed38-capture.log
 create mode 100644 output/playwright/planet-reference-20260914/gas-giant-moon-1-r005/corrected-scale-seed38-reference-scale.png
 create mode 100644 output/playwright/planet-reference-20260914/gas-giant-moon-1-r005/corrected-scale-seed38.json
 create mode 100644 output/playwright/planet-reference-20260914/gas-giant-moon-1-r005/corrected-scale-seed38.png
 create mode 100644 output/playwright/planet-reference-20260914/gas-giant-moon-1-r005/crater-broken.glb
 create mode 100644 output/playwright/planet-reference-20260914/gas-giant-moon-1-r005/crater-large.glb
 create mode 100644 output/playwright/planet-reference-20260914/gas-giant-moon-1-r005/crater-small.glb
 create mode 100644 output/playwright/planet-reference-20260914/gas-giant-moon-1-r005/focused-tests.log
 create mode 100644 output/playwright/planet-reference-20260914/gas-giant-moon-1-r005/foundation-source-r004.py
 create mode 100644 output/playwright/planet-reference-20260914/gas-giant-moon-1-r005/fractured-shelf.glb
 create mode 100644 output/playwright/planet-reference-20260914/gas-giant-moon-1-r005/gas_moon_luminous_trial_r005.test.ts
 create mode 100644 output/playwright/planet-reference-20260914/gas-giant-moon-1-r005/gas_moon_luminous_trial_r005.tsconfig.json
 create mode 100644 output/playwright/planet-reference-20260914/gas-giant-moon-1-r005/gas_moon_luminous_trial_r005.vitest.config.ts
 create mode 100644 output/playwright/planet-reference-20260914/gas-giant-moon-1-r005/generator.py
 create mode 100644 output/playwright/planet-reference-20260914/gas-giant-moon-1-r005/geometry-parity.json
 create mode 100644 output/playwright/planet-reference-20260914/gas-giant-moon-1-r005/ground-sphere-low.glb
 create mode 100644 output/playwright/planet-reference-20260914/gas-giant-moon-1-r005/ground-sphere-medium.glb
 create mode 100644 output/playwright/planet-reference-20260914/gas-giant-moon-1-r005/ground-sphere.glb
 create mode 100644 output/playwright/planet-reference-20260914/gas-giant-moon-1-r005/intended-glow-capture.log
 create mode 100644 output/playwright/planet-reference-20260914/gas-giant-moon-1-r005/intended-glow-seed38-angle2.png
 create mode 100644 output/playwright/planet-reference-20260914/gas-giant-moon-1-r005/intended-glow-seed38-capture.log
 create mode 100644 output/playwright/planet-reference-20260914/gas-giant-moon-1-r005/intended-glow-seed38-reference-scale.png
 create mode 100644 output/playwright/planet-reference-20260914/gas-giant-moon-1-r005/intended-glow-seed38.json
 create mode 100644 output/playwright/planet-reference-20260914/gas-giant-moon-1-r005/intended-glow-seed38.png
 create mode 100644 output/playwright/planet-reference-20260914/gas-giant-moon-1-r005/interpretation.json
 create mode 100644 output/playwright/planet-reference-20260914/gas-giant-moon-1-r005/ior-preservation.json
 create mode 100644 output/playwright/planet-reference-20260914/gas-giant-moon-1-r005/kit-preview.png
 create mode 100644 output/playwright/planet-reference-20260914/gas-giant-moon-1-r005/kit.blend
 create mode 100644 output/playwright/planet-reference-20260914/gas-giant-moon-1-r005/kit.json
 create mode 100644 output/playwright/planet-reference-20260914/gas-giant-moon-1-r005/mineral-seam.glb
 create mode 100644 output/playwright/planet-reference-20260914/gas-giant-moon-1-r005/native-mineral-emission-off.png
 create mode 100644 output/playwright/planet-reference-20260914/gas-giant-moon-1-r005/native-mineral-emission-on.png
 create mode 100644 output/playwright/planet-reference-20260914/gas-giant-moon-1-r005/native-mineral-small.png
 create mode 100644 output/playwright/planet-reference-20260914/gas-giant-moon-1-r005/notes.md
 create mode 100644 output/playwright/planet-reference-20260914/gas-giant-moon-1-r005/rocky-0-albedo.png
 create mode 100644 output/playwright/planet-reference-20260914/gas-giant-moon-1-r005/rocky-0-orm.png
 create mode 100644 output/playwright/planet-reference-20260914/gas-giant-moon-1-r005/rocky-1-albedo.png
 create mode 100644 output/playwright/planet-reference-20260914/gas-giant-moon-1-r005/rocky-1-orm.png
 create mode 100644 output/playwright/planet-reference-20260914/gas-giant-moon-1-r005/rocky-2-albedo.png
 create mode 100644 output/playwright/planet-reference-20260914/gas-giant-moon-1-r005/rocky-2-orm.png
 create mode 100644 output/playwright/planet-reference-20260914/gas-giant-moon-1-r005/rocky-3-albedo.png
 create mode 100644 output/playwright/planet-reference-20260914/gas-giant-moon-1-r005/rocky-3-orm.png
 create mode 100644 output/playwright/planet-reference-20260914/gas-giant-moon-1-r005/rocky-4-albedo.png
 create mode 100644 output/playwright/planet-reference-20260914/gas-giant-moon-1-r005/rocky-4-orm.png
 create mode 100644 output/playwright/planet-reference-20260914/gas-giant-moon-1-r005/rocky-5-albedo.png
 create mode 100644 output/playwright/planet-reference-20260914/gas-giant-moon-1-r005/rocky-5-orm.png
 create mode 100644 output/playwright/planet-reference-20260914/gas-giant-moon-1-r005/rocky-6-albedo.png
 create mode 100644 output/playwright/planet-reference-20260914/gas-giant-moon-1-r005/rocky-6-orm.png
 create mode 100644 output/playwright/planet-reference-20260914/gas-giant-moon-1-r005/rocky-7-albedo.png
 create mode 100644 output/playwright/planet-reference-20260914/gas-giant-moon-1-r005/rocky-7-orm.png
 create mode 100644 output/playwright/planet-reference-20260914/gas-giant-moon-1-r005/source-hashes.json
 create mode 100644 output/playwright/planet-reference-20260914/gas-giant-moon-1-r005/unmodified-blender-exports/battered-region-a.glb
 create mode 100644 output/playwright/planet-reference-20260914/gas-giant-moon-1-r005/unmodified-blender-exports/crater-broken.glb
 create mode 100644 output/playwright/planet-reference-20260914/gas-giant-moon-1-r005/validation.json
 create mode 100644 output/playwright/planet-reference-20260914/gas-giant-moon-2-r001/angular-outcrops.glb
 create mode 100644 output/playwright/planet-reference-20260914/gas-giant-moon-2-r001/battered-region-a.glb
 create mode 100644 output/playwright/planet-reference-20260914/gas-giant-moon-2-r001/battered-region-b.glb
 create mode 100644 output/playwright/planet-reference-20260914/gas-giant-moon-2-r001/build_solid_moon_native_variants_r001.py
 create mode 100644 output/playwright/planet-reference-20260914/gas-giant-moon-2-r001/corrected-seed38-angle2.png
 create mode 100644 output/playwright/planet-reference-20260914/gas-giant-moon-2-r001/corrected-seed38-capture.log
 create mode 100644 output/playwright/planet-reference-20260914/gas-giant-moon-2-r001/corrected-seed38-reference-scale.png
 create mode 100644 output/playwright/planet-reference-20260914/gas-giant-moon-2-r001/corrected-seed38.json
 create mode 100644 output/playwright/planet-reference-20260914/gas-giant-moon-2-r001/corrected-seed38.png
 create mode 100644 output/playwright/planet-reference-20260914/gas-giant-moon-2-r001/crater-broken.glb
 create mode 100644 output/playwright/planet-reference-20260914/gas-giant-moon-2-r001/crater-large.glb
 create mode 100644 output/playwright/planet-reference-20260914/gas-giant-moon-2-r001/crater-small.glb
 create mode 100644 output/playwright/planet-reference-20260914/gas-giant-moon-2-r001/exact-reference.png
 create mode 100644 output/playwright/planet-reference-20260914/gas-giant-moon-2-r001/foundation-source.py
 create mode 100644 output/playwright/planet-reference-20260914/gas-giant-moon-2-r001/fractured-shelf.glb
 create mode 100644 output/playwright/planet-reference-20260914/gas-giant-moon-2-r001/generator.py
 create mode 100644 output/playwright/planet-reference-20260914/gas-giant-moon-2-r001/ground-sphere-low.glb
 create mode 100644 output/playwright/planet-reference-20260914/gas-giant-moon-2-r001/ground-sphere-medium.glb
 create mode 100644 output/playwright/planet-reference-20260914/gas-giant-moon-2-r001/ground-sphere.glb
 create mode 100644 output/playwright/planet-reference-20260914/gas-giant-moon-2-r001/kit-preview.png
 create mode 100644 output/playwright/planet-reference-20260914/gas-giant-moon-2-r001/kit.blend
 create mode 100644 output/playwright/planet-reference-20260914/gas-giant-moon-2-r001/kit.json
 create mode 100644 output/playwright/planet-reference-20260914/gas-giant-moon-2-r001/mineral-seam.glb
 create mode 100644 output/playwright/planet-reference-20260914/gas-giant-moon-2-r001/revision-notes.md
 create mode 100644 output/playwright/planet-reference-20260914/gas-giant-moon-2-r001/rocky-0-albedo.png
 create mode 100644 output/playwright/planet-reference-20260914/gas-giant-moon-2-r001/rocky-0-orm.png
 create mode 100644 output/playwright/planet-reference-20260914/gas-giant-moon-2-r001/rocky-1-albedo.png
 create mode 100644 output/playwright/planet-reference-20260914/gas-giant-moon-2-r001/rocky-1-orm.png
 create mode 100644 output/playwright/planet-reference-20260914/gas-giant-moon-2-r001/rocky-2-albedo.png
 create mode 100644 output/playwright/planet-reference-20260914/gas-giant-moon-2-r001/rocky-2-orm.png
 create mode 100644 output/playwright/planet-reference-20260914/gas-giant-moon-2-r001/rocky-3-albedo.png
 create mode 100644 output/playwright/planet-reference-20260914/gas-giant-moon-2-r001/rocky-3-orm.png
 create mode 100644 output/playwright/planet-reference-20260914/gas-giant-moon-2-r001/rocky-4-albedo.png
 create mode 100644 output/playwright/planet-reference-20260914/gas-giant-moon-2-r001/rocky-4-orm.png
 create mode 100644 output/playwright/planet-reference-20260914/gas-giant-moon-2-r001/rocky-5-albedo.png
 create mode 100644 output/playwright/planet-reference-20260914/gas-giant-moon-2-r001/rocky-5-orm.png
 create mode 100644 output/playwright/planet-reference-20260914/gas-giant-moon-2-r001/solid_moon_reference_composition_r001.test.ts
 create mode 100644 output/playwright/planet-reference-20260914/gas-giant-moon-2-r001/solid_moon_reference_composition_r001.ts
 create mode 100644 output/playwright/planet-reference-20260914/gas-giant-moon-2-r001/solid_moon_reference_r001.tsconfig.json
 create mode 100644 output/playwright/planet-reference-20260914/gas-giant-moon-2-r001/solid_moon_reference_r001.vitest.config.ts
 create mode 100644 output/playwright/planet-reference-20260914/gas-giant-moon-2-r001/validation.json
 create mode 100644 output/playwright/planet-reference-20260914/gas-giant-moon-2-r001/variant-recipe.json
 create mode 100644 output/playwright/planet-reference-20260914/gas-giant-moon-3-r001/angular-outcrops.glb
 create mode 100644 output/playwright/planet-reference-20260914/gas-giant-moon-3-r001/battered-region-a.glb
 create mode 100644 output/playwright/planet-reference-20260914/gas-giant-moon-3-r001/battered-region-b.glb
 create mode 100644 output/playwright/planet-reference-20260914/gas-giant-moon-3-r001/build_solid_moon_native_variants_r001.py
 create mode 100644 output/playwright/planet-reference-20260914/gas-giant-moon-3-r001/corrected-seed38-angle2.png
 create mode 100644 output/playwright/planet-reference-20260914/gas-giant-moon-3-r001/corrected-seed38-capture.log
 create mode 100644 output/playwright/planet-reference-20260914/gas-giant-moon-3-r001/corrected-seed38-reference-scale.png
 create mode 100644 output/playwright/planet-reference-20260914/gas-giant-moon-3-r001/corrected-seed38.json
 create mode 100644 output/playwright/planet-reference-20260914/gas-giant-moon-3-r001/corrected-seed38.png
 create mode 100644 output/playwright/planet-reference-20260914/gas-giant-moon-3-r001/crater-broken.glb
 create mode 100644 output/playwright/planet-reference-20260914/gas-giant-moon-3-r001/crater-large.glb
 create mode 100644 output/playwright/planet-reference-20260914/gas-giant-moon-3-r001/crater-small.glb
 create mode 100644 output/playwright/planet-reference-20260914/gas-giant-moon-3-r001/exact-reference.png
 create mode 100644 output/playwright/planet-reference-20260914/gas-giant-moon-3-r001/foundation-source.py
 create mode 100644 output/playwright/planet-reference-20260914/gas-giant-moon-3-r001/fractured-shelf.glb
 create mode 100644 output/playwright/planet-reference-20260914/gas-giant-moon-3-r001/generator.py
 create mode 100644 output/playwright/planet-reference-20260914/gas-giant-moon-3-r001/ground-sphere-low.glb
 create mode 100644 output/playwright/planet-reference-20260914/gas-giant-moon-3-r001/ground-sphere-medium.glb
 create mode 100644 output/playwright/planet-reference-20260914/gas-giant-moon-3-r001/ground-sphere.glb
 create mode 100644 output/playwright/planet-reference-20260914/gas-giant-moon-3-r001/kit-preview.png
 create mode 100644 output/playwright/planet-reference-20260914/gas-giant-moon-3-r001/kit.blend
 create mode 100644 output/playwright/planet-reference-20260914/gas-giant-moon-3-r001/kit.json
 create mode 100644 output/playwright/planet-reference-20260914/gas-giant-moon-3-r001/mineral-seam.glb
 create mode 100644 output/playwright/planet-reference-20260914/gas-giant-moon-3-r001/parent-light-diagnostic-angle1.png
 create mode 100644 output/playwright/planet-reference-20260914/gas-giant-moon-3-r001/parent-light-diagnostic-angle2.png
 create mode 100644 output/playwright/planet-reference-20260914/gas-giant-moon-3-r001/parent-light-diagnostic-reference-scale.png
 create mode 100644 output/playwright/planet-reference-20260914/gas-giant-moon-3-r001/parent-light-diagnostic.json
 create mode 100644 output/playwright/planet-reference-20260914/gas-giant-moon-3-r001/parent-light-diagnostic.log
 create mode 100644 output/playwright/planet-reference-20260914/gas-giant-moon-3-r001/revision-notes.md
 create mode 100644 output/playwright/planet-reference-20260914/gas-giant-moon-3-r001/rocky-0-albedo.png
 create mode 100644 output/playwright/planet-reference-20260914/gas-giant-moon-3-r001/rocky-0-orm.png
 create mode 100644 output/playwright/planet-reference-20260914/gas-giant-moon-3-r001/rocky-1-albedo.png
 create mode 100644 output/playwright/planet-reference-20260914/gas-giant-moon-3-r001/rocky-1-orm.png
 create mode 100644 output/playwright/planet-reference-20260914/gas-giant-moon-3-r001/rocky-2-albedo.png
 create mode 100644 output/playwright/planet-reference-20260914/gas-giant-moon-3-r001/rocky-2-orm.png
 create mode 100644 output/playwright/planet-reference-20260914/gas-giant-moon-3-r001/rocky-3-albedo.png
 create mode 100644 output/playwright/planet-reference-20260914/gas-giant-moon-3-r001/rocky-3-orm.png
 create mode 100644 output/playwright/planet-reference-20260914/gas-giant-moon-3-r001/rocky-4-albedo.png
 create mode 100644 output/playwright/planet-reference-20260914/gas-giant-moon-3-r001/rocky-4-orm.png
 create mode 100644 output/playwright/planet-reference-20260914/gas-giant-moon-3-r001/rocky-5-albedo.png
 create mode 100644 output/playwright/planet-reference-20260914/gas-giant-moon-3-r001/rocky-5-orm.png
 create mode 100644 output/playwright/planet-reference-20260914/gas-giant-moon-3-r001/solid_moon_reference_composition_r001.test.ts
 create mode 100644 output/playwright/planet-reference-20260914/gas-giant-moon-3-r001/solid_moon_reference_composition_r001.ts
 create mode 100644 output/playwright/planet-reference-20260914/gas-giant-moon-3-r001/solid_moon_reference_r001.tsconfig.json
 create mode 100644 output/playwright/planet-reference-20260914/gas-giant-moon-3-r001/solid_moon_reference_r001.vitest.config.ts
 create mode 100644 output/playwright/planet-reference-20260914/gas-giant-moon-3-r001/validation.json
 create mode 100644 output/playwright/planet-reference-20260914/gas-giant-moon-3-r001/variant-recipe.json
 create mode 100644 output/playwright/planet-reference-20260914/gas-giant-moon-3-r002/angular-outcrops.glb
 create mode 100644 output/playwright/planet-reference-20260914/gas-giant-moon-3-r002/battered-region-a.glb
 create mode 100644 output/playwright/planet-reference-20260914/gas-giant-moon-3-r002/battered-region-b.glb
 create mode 100644 output/playwright/planet-reference-20260914/gas-giant-moon-3-r002/corrected-run.log
 create mode 100644 output/playwright/planet-reference-20260914/gas-giant-moon-3-r002/corrected-seed38-angle2.png
 create mode 100644 output/playwright/planet-reference-20260914/gas-giant-moon-3-r002/corrected-seed38-capture.log
 create mode 100644 output/playwright/planet-reference-20260914/gas-giant-moon-3-r002/corrected-seed38-reference-scale.png
 create mode 100644 output/playwright/planet-reference-20260914/gas-giant-moon-3-r002/corrected-seed38.json
 create mode 100644 output/playwright/planet-reference-20260914/gas-giant-moon-3-r002/corrected-seed38.png
 create mode 100644 output/playwright/planet-reference-20260914/gas-giant-moon-3-r002/crater-broken.glb
 create mode 100644 output/playwright/planet-reference-20260914/gas-giant-moon-3-r002/crater-large.glb
 create mode 100644 output/playwright/planet-reference-20260914/gas-giant-moon-3-r002/crater-small.glb
 create mode 100644 output/playwright/planet-reference-20260914/gas-giant-moon-3-r002/fractured-shelf.glb
 create mode 100644 output/playwright/planet-reference-20260914/gas-giant-moon-3-r002/generator.py
 create mode 100644 output/playwright/planet-reference-20260914/gas-giant-moon-3-r002/geometry-parity.json
 create mode 100644 output/playwright/planet-reference-20260914/gas-giant-moon-3-r002/ground-sphere-low.glb
 create mode 100644 output/playwright/planet-reference-20260914/gas-giant-moon-3-r002/ground-sphere-medium.glb
 create mode 100644 output/playwright/planet-reference-20260914/gas-giant-moon-3-r002/ground-sphere.glb
 create mode 100644 output/playwright/planet-reference-20260914/gas-giant-moon-3-r002/interpretation.json
 create mode 100644 output/playwright/planet-reference-20260914/gas-giant-moon-3-r002/kit-preview.png
 create mode 100644 output/playwright/planet-reference-20260914/gas-giant-moon-3-r002/kit.blend
 create mode 100644 output/playwright/planet-reference-20260914/gas-giant-moon-3-r002/kit.json
 create mode 100644 output/playwright/planet-reference-20260914/gas-giant-moon-3-r002/mineral-seam.glb
 create mode 100644 output/playwright/planet-reference-20260914/gas-giant-moon-3-r002/rocky-0-albedo.png
 create mode 100644 output/playwright/planet-reference-20260914/gas-giant-moon-3-r002/rocky-0-orm.png
 create mode 100644 output/playwright/planet-reference-20260914/gas-giant-moon-3-r002/rocky-1-albedo.png
 create mode 100644 output/playwright/planet-reference-20260914/gas-giant-moon-3-r002/rocky-1-orm.png
 create mode 100644 output/playwright/planet-reference-20260914/gas-giant-moon-3-r002/rocky-2-albedo.png
 create mode 100644 output/playwright/planet-reference-20260914/gas-giant-moon-3-r002/rocky-2-orm.png
 create mode 100644 output/playwright/planet-reference-20260914/gas-giant-moon-3-r002/rocky-3-albedo.png
 create mode 100644 output/playwright/planet-reference-20260914/gas-giant-moon-3-r002/rocky-3-orm.png
 create mode 100644 output/playwright/planet-reference-20260914/gas-giant-moon-3-r002/rocky-4-albedo.png
 create mode 100644 output/playwright/planet-reference-20260914/gas-giant-moon-3-r002/rocky-4-orm.png
 create mode 100644 output/playwright/planet-reference-20260914/gas-giant-moon-3-r002/rocky-5-albedo.png
 create mode 100644 output/playwright/planet-reference-20260914/gas-giant-moon-3-r002/rocky-5-orm.png
 create mode 100644 output/playwright/planet-reference-20260914/gas-giant-moon-3-r002/rocky-6-albedo.png
 create mode 100644 output/playwright/planet-reference-20260914/gas-giant-moon-3-r002/rocky-6-orm.png
 create mode 100644 output/playwright/planet-reference-20260914/gas-giant-moon-3-r002/rocky-7-albedo.png
 create mode 100644 output/playwright/planet-reference-20260914/gas-giant-moon-3-r002/rocky-7-orm.png
 create mode 100644 output/playwright/planet-reference-20260914/gas-giant-moon-3-r002/validation.json
 create mode 100644 output/playwright/planet-reference-20260914/gas-giant-moon-3-r004/generator.py
 create mode 100644 output/playwright/planet-reference-20260914/gas-giant-moon-3-r004/kit.json
 create mode 100644 output/playwright/planet-reference-20260914/gas-giant-moon-3-r004/rocky-0-albedo.png
 create mode 100644 output/playwright/planet-reference-20260914/gas-giant-moon-3-r004/rocky-0-orm.png
 create mode 100644 output/playwright/planet-reference-20260914/gas-giant-moon-3-r004/rocky-1-albedo.png
 create mode 100644 output/playwright/planet-reference-20260914/gas-giant-moon-3-r004/rocky-1-orm.png
 create mode 100644 output/playwright/planet-reference-20260914/gas-giant-moon-3-r004/rocky-2-albedo.png
 create mode 100644 output/playwright/planet-reference-20260914/gas-giant-moon-3-r004/rocky-2-orm.png
 create mode 100644 output/playwright/planet-reference-20260914/gas-giant-moon-3-r004/rocky-3-albedo.png
 create mode 100644 output/playwright/planet-reference-20260914/gas-giant-moon-3-r004/rocky-3-orm.png
 create mode 100644 output/playwright/planet-reference-20260914/gas-giant-moon-3-r004/rocky-4-albedo.png
 create mode 100644 output/playwright/planet-reference-20260914/gas-giant-moon-3-r004/rocky-4-orm.png
 create mode 100644 output/playwright/planet-reference-20260914/gas-giant-moon-3-r004/rocky-5-albedo.png
 create mode 100644 output/playwright/planet-reference-20260914/gas-giant-moon-3-r004/rocky-5-orm.png
 create mode 100644 output/playwright/planet-reference-20260914/gas-giant-moon-3-r004/rocky-6-albedo.png
 create mode 100644 output/playwright/planet-reference-20260914/gas-giant-moon-3-r004/rocky-6-orm.png
 create mode 100644 output/playwright/planet-reference-20260914/gas-giant-moon-3-r004/rocky-7-albedo.png
 create mode 100644 output/playwright/planet-reference-20260914/gas-giant-moon-3-r004/rocky-7-orm.png
 create mode 100644 output/playwright/planet-reference-20260914/gas-giant-moon-3-r005/angular-outcrops.glb
 create mode 100644 output/playwright/planet-reference-20260914/gas-giant-moon-3-r005/battered-region-a.glb
 create mode 100644 output/playwright/planet-reference-20260914/gas-giant-moon-3-r005/battered-region-b.glb
 create mode 100644 output/playwright/planet-reference-20260914/gas-giant-moon-3-r005/build_gas_moon_luminous_trial_r005.py
 create mode 100644 output/playwright/planet-reference-20260914/gas-giant-moon-3-r005/corrected-scale-capture.log
 create mode 100644 output/playwright/planet-reference-20260914/gas-giant-moon-3-r005/corrected-scale-seed38-angle2.png
 create mode 100644 output/playwright/planet-reference-20260914/gas-giant-moon-3-r005/corrected-scale-seed38-capture.log
 create mode 100644 output/playwright/planet-reference-20260914/gas-giant-moon-3-r005/corrected-scale-seed38-reference-scale.png
 create mode 100644 output/playwright/planet-reference-20260914/gas-giant-moon-3-r005/corrected-scale-seed38.json
 create mode 100644 output/playwright/planet-reference-20260914/gas-giant-moon-3-r005/corrected-scale-seed38.png
 create mode 100644 output/playwright/planet-reference-20260914/gas-giant-moon-3-r005/crater-broken.glb
 create mode 100644 output/playwright/planet-reference-20260914/gas-giant-moon-3-r005/crater-large.glb
 create mode 100644 output/playwright/planet-reference-20260914/gas-giant-moon-3-r005/crater-small.glb
 create mode 100644 output/playwright/planet-reference-20260914/gas-giant-moon-3-r005/focused-tests.log
 create mode 100644 output/playwright/planet-reference-20260914/gas-giant-moon-3-r005/foundation-source-r004.py
 create mode 100644 output/playwright/planet-reference-20260914/gas-giant-moon-3-r005/fractured-shelf.glb
 create mode 100644 output/playwright/planet-reference-20260914/gas-giant-moon-3-r005/gas_moon_luminous_trial_r005.test.ts
 create mode 100644 output/playwright/planet-reference-20260914/gas-giant-moon-3-r005/gas_moon_luminous_trial_r005.tsconfig.json
 create mode 100644 output/playwright/planet-reference-20260914/gas-giant-moon-3-r005/gas_moon_luminous_trial_r005.vitest.config.ts
 create mode 100644 output/playwright/planet-reference-20260914/gas-giant-moon-3-r005/generator.py
 create mode 100644 output/playwright/planet-reference-20260914/gas-giant-moon-3-r005/geometry-parity.json
 create mode 100644 output/playwright/planet-reference-20260914/gas-giant-moon-3-r005/ground-sphere-low.glb
 create mode 100644 output/playwright/planet-reference-20260914/gas-giant-moon-3-r005/ground-sphere-medium.glb
 create mode 100644 output/playwright/planet-reference-20260914/gas-giant-moon-3-r005/ground-sphere.glb
 create mode 100644 output/playwright/planet-reference-20260914/gas-giant-moon-3-r005/intended-glow-capture.log
 create mode 100644 output/playwright/planet-reference-20260914/gas-giant-moon-3-r005/intended-glow-seed38-angle2.png
 create mode 100644 output/playwright/planet-reference-20260914/gas-giant-moon-3-r005/intended-glow-seed38-capture.log
 create mode 100644 output/playwright/planet-reference-20260914/gas-giant-moon-3-r005/intended-glow-seed38-reference-scale.png
 create mode 100644 output/playwright/planet-reference-20260914/gas-giant-moon-3-r005/intended-glow-seed38.json
 create mode 100644 output/playwright/planet-reference-20260914/gas-giant-moon-3-r005/intended-glow-seed38.png
 create mode 100644 output/playwright/planet-reference-20260914/gas-giant-moon-3-r005/interpretation.json
 create mode 100644 output/playwright/planet-reference-20260914/gas-giant-moon-3-r005/ior-preservation.json
 create mode 100644 output/playwright/planet-reference-20260914/gas-giant-moon-3-r005/kit-preview.png
 create mode 100644 output/playwright/planet-reference-20260914/gas-giant-moon-3-r005/kit.blend
 create mode 100644 output/playwright/planet-reference-20260914/gas-giant-moon-3-r005/kit.json
 create mode 100644 output/playwright/planet-reference-20260914/gas-giant-moon-3-r005/mineral-seam.glb
 create mode 100644 output/playwright/planet-reference-20260914/gas-giant-moon-3-r005/native-mineral-emission-off.png
 create mode 100644 output/playwright/planet-reference-20260914/gas-giant-moon-3-r005/native-mineral-emission-on.png
 create mode 100644 output/playwright/planet-reference-20260914/gas-giant-moon-3-r005/native-mineral-small.png
 create mode 100644 output/playwright/planet-reference-20260914/gas-giant-moon-3-r005/notes.md
 create mode 100644 output/playwright/planet-reference-20260914/gas-giant-moon-3-r005/rocky-0-albedo.png
 create mode 100644 output/playwright/planet-reference-20260914/gas-giant-moon-3-r005/rocky-0-orm.png
 create mode 100644 output/playwright/planet-reference-20260914/gas-giant-moon-3-r005/rocky-1-albedo.png
 create mode 100644 output/playwright/planet-reference-20260914/gas-giant-moon-3-r005/rocky-1-orm.png
 create mode 100644 output/playwright/planet-reference-20260914/gas-giant-moon-3-r005/rocky-2-albedo.png
 create mode 100644 output/playwright/planet-reference-20260914/gas-giant-moon-3-r005/rocky-2-orm.png
 create mode 100644 output/playwright/planet-reference-20260914/gas-giant-moon-3-r005/rocky-3-albedo.png
 create mode 100644 output/playwright/planet-reference-20260914/gas-giant-moon-3-r005/rocky-3-orm.png
 create mode 100644 output/playwright/planet-reference-20260914/gas-giant-moon-3-r005/rocky-4-albedo.png
 create mode 100644 output/playwright/planet-reference-20260914/gas-giant-moon-3-r005/rocky-4-orm.png
 create mode 100644 output/playwright/planet-reference-20260914/gas-giant-moon-3-r005/rocky-5-albedo.png
 create mode 100644 output/playwright/planet-reference-20260914/gas-giant-moon-3-r005/rocky-5-orm.png
 create mode 100644 output/playwright/planet-reference-20260914/gas-giant-moon-3-r005/rocky-6-albedo.png
 create mode 100644 output/playwright/planet-reference-20260914/gas-giant-moon-3-r005/rocky-6-orm.png
 create mode 100644 output/playwright/planet-reference-20260914/gas-giant-moon-3-r005/rocky-7-albedo.png
 create mode 100644 output/playwright/planet-reference-20260914/gas-giant-moon-3-r005/rocky-7-orm.png
 create mode 100644 output/playwright/planet-reference-20260914/gas-giant-moon-3-r005/source-hashes.json
 create mode 100644 output/playwright/planet-reference-20260914/gas-giant-moon-3-r005/unmodified-blender-exports/battered-region-a.glb
 create mode 100644 output/playwright/planet-reference-20260914/gas-giant-moon-3-r005/unmodified-blender-exports/crater-broken.glb
 create mode 100644 output/playwright/planet-reference-20260914/gas-giant-moon-3-r005/validation.json
 create mode 100644 output/playwright/planet-reference-20260914/gas-moons-r005-attribute-audit/report.json
 create mode 100644 output/playwright/planet-reference-20260914/gas-moons-r005-attribute-audit/report.md
 create mode 100644 output/playwright/planet-reference-20260914/gas-r001/attempt-01-platter-rings/gas-albedo.png
 create mode 100644 output/playwright/planet-reference-20260914/gas-r001/attempt-01-platter-rings/gas-body.glb
 create mode 100644 output/playwright/planet-reference-20260914/gas-r001/attempt-01-platter-rings/generator.py
 create mode 100644 output/playwright/planet-reference-20260914/gas-r001/attempt-01-platter-rings/kit-preview.png
 create mode 100644 output/playwright/planet-reference-20260914/gas-r001/attempt-01-platter-rings/kit.blend
 create mode 100644 output/playwright/planet-reference-20260914/gas-r001/attempt-01-platter-rings/kit.json
 create mode 100644 output/playwright/planet-reference-20260914/gas-r001/attempt-01-platter-rings/ring-dust-0.glb
 create mode 100644 output/playwright/planet-reference-20260914/gas-r001/attempt-01-platter-rings/ring-dust-1.glb
 create mode 100644 output/playwright/planet-reference-20260914/gas-r001/attempt-01-platter-rings/ring-dust-2.glb
 create mode 100644 output/playwright/planet-reference-20260914/gas-r001/attempt-01-platter-rings/ring-rocks.glb
 create mode 100644 output/playwright/planet-reference-20260914/gas-r001/attempt-01-platter-rings/validation.json
 create mode 100644 output/playwright/planet-reference-20260914/gas-r001/gas-albedo.png
 create mode 100644 output/playwright/planet-reference-20260914/gas-r001/gas-body.glb
 create mode 100644 output/playwright/planet-reference-20260914/gas-r001/kit-preview.png
 create mode 100644 output/playwright/planet-reference-20260914/gas-r001/kit.blend
 create mode 100644 output/playwright/planet-reference-20260914/gas-r001/kit.json
 create mode 100644 output/playwright/planet-reference-20260914/gas-r001/planet-seed38-angle2.png
 create mode 100644 output/playwright/planet-reference-20260914/gas-r001/planet-seed38.png
 create mode 100644 output/playwright/planet-reference-20260914/gas-r001/ring-dust-0.glb
 create mode 100644 output/playwright/planet-reference-20260914/gas-r001/ring-dust-1.glb
 create mode 100644 output/playwright/planet-reference-20260914/gas-r001/ring-dust-2.glb
 create mode 100644 output/playwright/planet-reference-20260914/gas-r001/ring-dust.png
 create mode 100644 output/playwright/planet-reference-20260914/gas-r001/ring-rocks.glb
 create mode 100644 output/playwright/planet-reference-20260914/gas-r001/validation.json
 create mode 100644 output/playwright/planet-reference-20260914/gas-r002/gas-albedo-generated.png
 create mode 100644 output/playwright/planet-reference-20260914/gas-r002/planet-seed38.png
 create mode 100644 output/playwright/planet-reference-20260914/gas-r004/planet-two-sided-diagnostic.png
 create mode 100644 output/playwright/planet-reference-20260914/gas-r005/attribute-audit/preservation.json
 create mode 100644 output/playwright/planet-reference-20260914/gas-r005/attribute-audit/report.json
 create mode 100644 output/playwright/planet-reference-20260914/gas-r005/attribute-audit/report.md
 create mode 100644 output/playwright/planet-reference-20260914/gas-r005/attribute-audit/test_gas_r005_preservation.py
 create mode 100644 output/playwright/planet-reference-20260914/gas-r005/gas-albedo-generated.png
 create mode 100644 output/playwright/planet-reference-20260914/gas-r005/gas-body.glb
 create mode 100644 output/playwright/planet-reference-20260914/gas-r005/kit-preview.png
 create mode 100644 output/playwright/planet-reference-20260914/gas-r005/kit.blend
 create mode 100644 output/playwright/planet-reference-20260914/gas-r005/kit.json
 create mode 100644 output/playwright/planet-reference-20260914/gas-r005/low-sun-shadow-corrected.png
 create mode 100644 output/playwright/planet-reference-20260914/gas-r005/low-sun-shadow.png
 create mode 100644 output/playwright/planet-reference-20260914/gas-r005/low-sun-shadows-off-corrected.png
 create mode 100644 output/playwright/planet-reference-20260914/gas-r005/low-sun-shadows-off.png
 create mode 100644 output/playwright/planet-reference-20260914/gas-r005/planet-seed38-angle2.png
 create mode 100644 output/playwright/planet-reference-20260914/gas-r005/planet-seed38.png
 create mode 100644 output/playwright/planet-reference-20260914/gas-r005/revision-notes.md
 create mode 100644 output/playwright/planet-reference-20260914/gas-r005/ring-dust-0.glb
 create mode 100644 output/playwright/planet-reference-20260914/gas-r005/ring-dust-0.png
 create mode 100644 output/playwright/planet-reference-20260914/gas-r005/ring-dust-1.glb
 create mode 100644 output/playwright/planet-reference-20260914/gas-r005/ring-dust-1.png
 create mode 100644 output/playwright/planet-reference-20260914/gas-r005/ring-dust-2.glb
 create mode 100644 output/playwright/planet-reference-20260914/gas-r005/ring-dust-2.png
 create mode 100644 output/playwright/planet-reference-20260914/gas-r005/ring-rocks.glb
 create mode 100644 output/playwright/planet-reference-20260914/ice-moon-1-r001/blender-raw/ground-sphere-low.glb
 create mode 100644 output/playwright/planet-reference-20260914/ice-moon-1-r001/blender-raw/ground-sphere-medium.glb
 create mode 100644 output/playwright/planet-reference-20260914/ice-moon-1-r001/blender-raw/ground-sphere.glb
 create mode 100644 output/playwright/planet-reference-20260914/ice-moon-1-r001/blender-raw/snow-cut-region.glb
 create mode 100644 output/playwright/planet-reference-20260914/ice-moon-1-r001/blender-raw/snow-open-gorge.glb
 create mode 100644 output/playwright/planet-reference-20260914/ice-moon-1-r001/build_extreme_moon_native_variants_r001.py
 create mode 100644 output/playwright/planet-reference-20260914/ice-moon-1-r001/corrected-run.log
 create mode 100644 output/playwright/planet-reference-20260914/ice-moon-1-r001/corrected-seed38-angle2.png
 create mode 100644 output/playwright/planet-reference-20260914/ice-moon-1-r001/corrected-seed38-capture.log
 create mode 100644 output/playwright/planet-reference-20260914/ice-moon-1-r001/corrected-seed38-reference-scale.png
 create mode 100644 output/playwright/planet-reference-20260914/ice-moon-1-r001/corrected-seed38.json
 create mode 100644 output/playwright/planet-reference-20260914/ice-moon-1-r001/corrected-seed38.png
 create mode 100644 output/playwright/planet-reference-20260914/ice-moon-1-r001/exact-reference.png
 create mode 100644 output/playwright/planet-reference-20260914/ice-moon-1-r001/foundation-source.py
 create mode 100644 output/playwright/planet-reference-20260914/ice-moon-1-r001/generator.py
 create mode 100644 output/playwright/planet-reference-20260914/ice-moon-1-r001/ground-sphere-exact-normal-audit.json
 create mode 100644 output/playwright/planet-reference-20260914/ice-moon-1-r001/ground-sphere-exact-normal-audit.py
 create mode 100644 output/playwright/planet-reference-20260914/ice-moon-1-r001/ground-sphere-low-exact-normal-audit.json
 create mode 100644 output/playwright/planet-reference-20260914/ice-moon-1-r001/ground-sphere-low-exact-normal-audit.py
 create mode 100644 output/playwright/planet-reference-20260914/ice-moon-1-r001/ground-sphere-low.glb
 create mode 100644 output/playwright/planet-reference-20260914/ice-moon-1-r001/ground-sphere-medium-exact-normal-audit.json
 create mode 100644 output/playwright/planet-reference-20260914/ice-moon-1-r001/ground-sphere-medium-exact-normal-audit.py
 create mode 100644 output/playwright/planet-reference-20260914/ice-moon-1-r001/ground-sphere-medium.glb
 create mode 100644 output/playwright/planet-reference-20260914/ice-moon-1-r001/ground-sphere.glb
 create mode 100644 output/playwright/planet-reference-20260914/ice-moon-1-r001/ice-0-albedo.png
 create mode 100644 output/playwright/planet-reference-20260914/ice-moon-1-r001/ice-0-orm.png
 create mode 100644 output/playwright/planet-reference-20260914/ice-moon-1-r001/ice-1-albedo.png
 create mode 100644 output/playwright/planet-reference-20260914/ice-moon-1-r001/ice-1-orm.png
 create mode 100644 output/playwright/planet-reference-20260914/ice-moon-1-r001/ice-2-albedo.png
 create mode 100644 output/playwright/planet-reference-20260914/ice-moon-1-r001/ice-2-orm.png
 create mode 100644 output/playwright/planet-reference-20260914/ice-moon-1-r001/ice-3-albedo.png
 create mode 100644 output/playwright/planet-reference-20260914/ice-moon-1-r001/ice-3-orm.png
 create mode 100644 output/playwright/planet-reference-20260914/ice-moon-1-r001/ice-4-albedo.png
 create mode 100644 output/playwright/planet-reference-20260914/ice-moon-1-r001/ice-4-orm.png
 create mode 100644 output/playwright/planet-reference-20260914/ice-moon-1-r001/ice_moon_reference_composition_r001.test.ts
 create mode 100644 output/playwright/planet-reference-20260914/ice-moon-1-r001/ice_moon_reference_composition_r001.ts
 create mode 100644 output/playwright/planet-reference-20260914/ice-moon-1-r001/ice_moon_reference_r001.tsconfig.json
 create mode 100644 output/playwright/planet-reference-20260914/ice-moon-1-r001/ice_moon_reference_r001.vitest.config.ts
 create mode 100644 output/playwright/planet-reference-20260914/ice-moon-1-r001/kit-preview.png
 create mode 100644 output/playwright/planet-reference-20260914/ice-moon-1-r001/kit.blend
 create mode 100644 output/playwright/planet-reference-20260914/ice-moon-1-r001/kit.json
 create mode 100644 output/playwright/planet-reference-20260914/ice-moon-1-r001/revision-notes.md
 create mode 100644 output/playwright/planet-reference-20260914/ice-moon-1-r001/snow-cut-region.glb
 create mode 100644 output/playwright/planet-reference-20260914/ice-moon-1-r001/snow-open-gorge.glb
 create mode 100644 output/playwright/planet-reference-20260914/ice-moon-1-r001/validation.json
 create mode 100644 output/playwright/planet-reference-20260914/ice-moon-1-r001/variant-recipe.json
 create mode 100644 output/playwright/planet-reference-20260914/ice-moon-1-r002/blender-raw/ground-sphere-low.glb
 create mode 100644 output/playwright/planet-reference-20260914/ice-moon-1-r002/blender-raw/ground-sphere-medium.glb
 create mode 100644 output/playwright/planet-reference-20260914/ice-moon-1-r002/blender-raw/ground-sphere.glb
 create mode 100644 output/playwright/planet-reference-20260914/ice-moon-1-r002/blender-raw/snow-cut-region.glb
 create mode 100644 output/playwright/planet-reference-20260914/ice-moon-1-r002/blender-raw/snow-open-gorge.glb
 create mode 100644 output/playwright/planet-reference-20260914/ice-moon-1-r002/build_extreme_moon_native_variants_r002.py
 create mode 100644 output/playwright/planet-reference-20260914/ice-moon-1-r002/capture-retry-run.log
 create mode 100644 output/playwright/planet-reference-20260914/ice-moon-1-r002/capture-retry-seed38-capture.log
 create mode 100644 output/playwright/planet-reference-20260914/ice-moon-1-r002/corrected-run.log
 create mode 100644 output/playwright/planet-reference-20260914/ice-moon-1-r002/corrected-seed38-capture.log
 create mode 100644 output/playwright/planet-reference-20260914/ice-moon-1-r002/exact-reference.png
 create mode 100644 output/playwright/planet-reference-20260914/ice-moon-1-r002/foundation-source.py
 create mode 100644 output/playwright/planet-reference-20260914/ice-moon-1-r002/fresh-session-seed38-capture.log
 create mode 100644 output/playwright/planet-reference-20260914/ice-moon-1-r002/generator.py
 create mode 100644 output/playwright/planet-reference-20260914/ice-moon-1-r002/ground-sphere-exact-normal-audit.json
 create mode 100644 output/playwright/planet-reference-20260914/ice-moon-1-r002/ground-sphere-exact-normal-audit.py
 create mode 100644 output/playwright/planet-reference-20260914/ice-moon-1-r002/ground-sphere-low-exact-normal-audit.json
 create mode 100644 output/playwright/planet-reference-20260914/ice-moon-1-r002/ground-sphere-low-exact-normal-audit.py
 create mode 100644 output/playwright/planet-reference-20260914/ice-moon-1-r002/ground-sphere-low.glb
 create mode 100644 output/playwright/planet-reference-20260914/ice-moon-1-r002/ground-sphere-medium-exact-normal-audit.json
 create mode 100644 output/playwright/planet-reference-20260914/ice-moon-1-r002/ground-sphere-medium-exact-normal-audit.py
 create mode 100644 output/playwright/planet-reference-20260914/ice-moon-1-r002/ground-sphere-medium.glb
 create mode 100644 output/playwright/planet-reference-20260914/ice-moon-1-r002/ground-sphere.glb
 create mode 100644 output/playwright/planet-reference-20260914/ice-moon-1-r002/ice-0-albedo.png
 create mode 100644 output/playwright/planet-reference-20260914/ice-moon-1-r002/ice-0-orm.png
 create mode 100644 output/playwright/planet-reference-20260914/ice-moon-1-r002/ice-1-albedo.png
 create mode 100644 output/playwright/planet-reference-20260914/ice-moon-1-r002/ice-1-orm.png
 create mode 100644 output/playwright/planet-reference-20260914/ice-moon-1-r002/ice-2-albedo.png
 create mode 100644 output/playwright/planet-reference-20260914/ice-moon-1-r002/ice-2-orm.png
 create mode 100644 output/playwright/planet-reference-20260914/ice-moon-1-r002/ice-3-albedo.png
 create mode 100644 output/playwright/planet-reference-20260914/ice-moon-1-r002/ice-3-orm.png
 create mode 100644 output/playwright/planet-reference-20260914/ice-moon-1-r002/ice-4-albedo.png
 create mode 100644 output/playwright/planet-reference-20260914/ice-moon-1-r002/ice-4-orm.png
 create mode 100644 output/playwright/planet-reference-20260914/ice-moon-1-r002/ice_moon_reference_composition_r002.test.ts
 create mode 100644 output/playwright/planet-reference-20260914/ice-moon-1-r002/ice_moon_reference_composition_r002.ts
 create mode 100644 output/playwright/planet-reference-20260914/ice-moon-1-r002/ice_moon_reference_r002.tsconfig.json
 create mode 100644 output/playwright/planet-reference-20260914/ice-moon-1-r002/ice_moon_reference_r002.vitest.config.ts
 create mode 100644 output/playwright/planet-reference-20260914/ice-moon-1-r002/kit-preview.png
 create mode 100644 output/playwright/planet-reference-20260914/ice-moon-1-r002/kit.blend
 create mode 100644 output/playwright/planet-reference-20260914/ice-moon-1-r002/kit.json
 create mode 100644 output/playwright/planet-reference-20260914/ice-moon-1-r002/projected-path-corrected-seed38-angle2.png
 create mode 100644 output/playwright/planet-reference-20260914/ice-moon-1-r002/projected-path-corrected-seed38-capture.log
 create mode 100644 output/playwright/planet-reference-20260914/ice-moon-1-r002/projected-path-corrected-seed38-reference-scale.png
 create mode 100644 output/playwright/planet-reference-20260914/ice-moon-1-r002/projected-path-corrected-seed38.json
 create mode 100644 output/playwright/planet-reference-20260914/ice-moon-1-r002/projected-path-corrected-seed38.png
 create mode 100644 output/playwright/planet-reference-20260914/ice-moon-1-r002/projected-worker-seed38-capture.log
 create mode 100644 output/playwright/planet-reference-20260914/ice-moon-1-r002/projection-stage.log
 create mode 100644 output/playwright/planet-reference-20260914/ice-moon-1-r002/revision-notes.md
 create mode 100644 output/playwright/planet-reference-20260914/ice-moon-1-r002/snow-cut-region.glb
 create mode 100644 output/playwright/planet-reference-20260914/ice-moon-1-r002/snow-open-gorge.glb
 create mode 100644 output/playwright/planet-reference-20260914/ice-moon-1-r002/validation.json
 create mode 100644 output/playwright/planet-reference-20260914/ice-moon-1-r002/variant-recipe.json
 create mode 100644 output/playwright/planet-reference-20260914/ice-moon-2-r001/blender-raw/ground-sphere-low.glb
 create mode 100644 output/playwright/planet-reference-20260914/ice-moon-2-r001/blender-raw/ground-sphere-medium.glb
 create mode 100644 output/playwright/planet-reference-20260914/ice-moon-2-r001/blender-raw/ground-sphere.glb
 create mode 100644 output/playwright/planet-reference-20260914/ice-moon-2-r001/blender-raw/snow-cut-region.glb
 create mode 100644 output/playwright/planet-reference-20260914/ice-moon-2-r001/blender-raw/snow-open-gorge.glb
 create mode 100644 output/playwright/planet-reference-20260914/ice-moon-2-r001/build_extreme_moon_native_variants_r001.py
 create mode 100644 output/playwright/planet-reference-20260914/ice-moon-2-r001/corrected-run.log
 create mode 100644 output/playwright/planet-reference-20260914/ice-moon-2-r001/corrected-seed38-angle2.png
 create mode 100644 output/playwright/planet-reference-20260914/ice-moon-2-r001/corrected-seed38-capture.log
 create mode 100644 output/playwright/planet-reference-20260914/ice-moon-2-r001/corrected-seed38-reference-scale.png
 create mode 100644 output/playwright/planet-reference-20260914/ice-moon-2-r001/corrected-seed38.json
 create mode 100644 output/playwright/planet-reference-20260914/ice-moon-2-r001/corrected-seed38.png
 create mode 100644 output/playwright/planet-reference-20260914/ice-moon-2-r001/exact-reference.png
 create mode 100644 output/playwright/planet-reference-20260914/ice-moon-2-r001/foundation-source.py
 create mode 100644 output/playwright/planet-reference-20260914/ice-moon-2-r001/generator.py
 create mode 100644 output/playwright/planet-reference-20260914/ice-moon-2-r001/ground-sphere-exact-normal-audit.json
 create mode 100644 output/playwright/planet-reference-20260914/ice-moon-2-r001/ground-sphere-exact-normal-audit.py
 create mode 100644 output/playwright/planet-reference-20260914/ice-moon-2-r001/ground-sphere-low-exact-normal-audit.json
 create mode 100644 output/playwright/planet-reference-20260914/ice-moon-2-r001/ground-sphere-low-exact-normal-audit.py
 create mode 100644 output/playwright/planet-reference-20260914/ice-moon-2-r001/ground-sphere-low.glb
 create mode 100644 output/playwright/planet-reference-20260914/ice-moon-2-r001/ground-sphere-medium-exact-normal-audit.json
 create mode 100644 output/playwright/planet-reference-20260914/ice-moon-2-r001/ground-sphere-medium-exact-normal-audit.py
 create mode 100644 output/playwright/planet-reference-20260914/ice-moon-2-r001/ground-sphere-medium.glb
 create mode 100644 output/playwright/planet-reference-20260914/ice-moon-2-r001/ground-sphere.glb
 create mode 100644 output/playwright/planet-reference-20260914/ice-moon-2-r001/ice-0-albedo.png
 create mode 100644 output/playwright/planet-reference-20260914/ice-moon-2-r001/ice-0-orm.png
 create mode 100644 output/playwright/planet-reference-20260914/ice-moon-2-r001/ice-1-albedo.png
 create mode 100644 output/playwright/planet-reference-20260914/ice-moon-2-r001/ice-1-orm.png
 create mode 100644 output/playwright/planet-reference-20260914/ice-moon-2-r001/ice-2-albedo.png
 create mode 100644 output/playwright/planet-reference-20260914/ice-moon-2-r001/ice-2-orm.png
 create mode 100644 output/playwright/planet-reference-20260914/ice-moon-2-r001/ice-3-albedo.png
 create mode 100644 output/playwright/planet-reference-20260914/ice-moon-2-r001/ice-3-orm.png
 create mode 100644 output/playwright/planet-reference-20260914/ice-moon-2-r001/ice-4-albedo.png
 create mode 100644 output/playwright/planet-reference-20260914/ice-moon-2-r001/ice-4-orm.png
 create mode 100644 output/playwright/planet-reference-20260914/ice-moon-2-r001/ice_moon_reference_composition_r001.test.ts
 create mode 100644 output/playwright/planet-reference-20260914/ice-moon-2-r001/ice_moon_reference_composition_r001.ts
 create mode 100644 output/playwright/planet-reference-20260914/ice-moon-2-r001/ice_moon_reference_r001.tsconfig.json
 create mode 100644 output/playwright/planet-reference-20260914/ice-moon-2-r001/ice_moon_reference_r001.vitest.config.ts
 create mode 100644 output/playwright/planet-reference-20260914/ice-moon-2-r001/kit-preview.png
 create mode 100644 output/playwright/planet-reference-20260914/ice-moon-2-r001/kit.blend
 create mode 100644 output/playwright/planet-reference-20260914/ice-moon-2-r001/kit.json
 create mode 100644 output/playwright/planet-reference-20260914/ice-moon-2-r001/revision-notes.md
 create mode 100644 output/playwright/planet-reference-20260914/ice-moon-2-r001/snow-cut-region.glb
 create mode 100644 output/playwright/planet-reference-20260914/ice-moon-2-r001/snow-open-gorge.glb
 create mode 100644 output/playwright/planet-reference-20260914/ice-moon-2-r001/validation.json
 create mode 100644 output/playwright/planet-reference-20260914/ice-moon-2-r001/variant-recipe.json
 create mode 100644 output/playwright/planet-reference-20260914/ice-moon-2-r002/blender-raw/ground-sphere-low.glb
 create mode 100644 output/playwright/planet-reference-20260914/ice-moon-2-r002/blender-raw/ground-sphere-medium.glb
 create mode 100644 output/playwright/planet-reference-20260914/ice-moon-2-r002/blender-raw/ground-sphere.glb
 create mode 100644 output/playwright/planet-reference-20260914/ice-moon-2-r002/blender-raw/snow-cut-region.glb
 create mode 100644 output/playwright/planet-reference-20260914/ice-moon-2-r002/blender-raw/snow-open-gorge.glb
 create mode 100644 output/playwright/planet-reference-20260914/ice-moon-2-r002/build_extreme_moon_native_variants_r002.py
 create mode 100644 output/playwright/planet-reference-20260914/ice-moon-2-r002/exact-reference.png
 create mode 100644 output/playwright/planet-reference-20260914/ice-moon-2-r002/foundation-source.py
 create mode 100644 output/playwright/planet-reference-20260914/ice-moon-2-r002/generator.py
 create mode 100644 output/playwright/planet-reference-20260914/ice-moon-2-r002/ground-sphere-exact-normal-audit.json
 create mode 100644 output/playwright/planet-reference-20260914/ice-moon-2-r002/ground-sphere-exact-normal-audit.py
 create mode 100644 output/playwright/planet-reference-20260914/ice-moon-2-r002/ground-sphere-low-exact-normal-audit.json
 create mode 100644 output/playwright/planet-reference-20260914/ice-moon-2-r002/ground-sphere-low-exact-normal-audit.py
 create mode 100644 output/playwright/planet-reference-20260914/ice-moon-2-r002/ground-sphere-low.glb
 create mode 100644 output/playwright/planet-reference-20260914/ice-moon-2-r002/ground-sphere-medium-exact-normal-audit.json
 create mode 100644 output/playwright/planet-reference-20260914/ice-moon-2-r002/ground-sphere-medium-exact-normal-audit.py
 create mode 100644 output/playwright/planet-reference-20260914/ice-moon-2-r002/ground-sphere-medium.glb
 create mode 100644 output/playwright/planet-reference-20260914/ice-moon-2-r002/ground-sphere.glb
 create mode 100644 output/playwright/planet-reference-20260914/ice-moon-2-r002/ice-0-albedo.png
 create mode 100644 output/playwright/planet-reference-20260914/ice-moon-2-r002/ice-0-orm.png
 create mode 100644 output/playwright/planet-reference-20260914/ice-moon-2-r002/ice-1-albedo.png
 create mode 100644 output/playwright/planet-reference-20260914/ice-moon-2-r002/ice-1-orm.png
 create mode 100644 output/playwright/planet-reference-20260914/ice-moon-2-r002/ice-2-albedo.png
 create mode 100644 output/playwright/planet-reference-20260914/ice-moon-2-r002/ice-2-orm.png
 create mode 100644 output/playwright/planet-reference-20260914/ice-moon-2-r002/ice-3-albedo.png
 create mode 100644 output/playwright/planet-reference-20260914/ice-moon-2-r002/ice-3-orm.png
 create mode 100644 output/playwright/planet-reference-20260914/ice-moon-2-r002/ice-4-albedo.png
 create mode 100644 output/playwright/planet-reference-20260914/ice-moon-2-r002/ice-4-orm.png
 create mode 100644 output/playwright/planet-reference-20260914/ice-moon-2-r002/ice_moon_reference_composition_r002.test.ts
 create mode 100644 output/playwright/planet-reference-20260914/ice-moon-2-r002/ice_moon_reference_composition_r002.ts
 create mode 100644 output/playwright/planet-reference-20260914/ice-moon-2-r002/ice_moon_reference_r002.tsconfig.json
 create mode 100644 output/playwright/planet-reference-20260914/ice-moon-2-r002/ice_moon_reference_r002.vitest.config.ts
 create mode 100644 output/playwright/planet-reference-20260914/ice-moon-2-r002/kit-preview.png
 create mode 100644 output/playwright/planet-reference-20260914/ice-moon-2-r002/kit.blend
 create mode 100644 output/playwright/planet-reference-20260914/ice-moon-2-r002/kit.json
 create mode 100644 output/playwright/planet-reference-20260914/ice-moon-2-r002/projected-path-corrected-seed38-angle2.png
 create mode 100644 output/playwright/planet-reference-20260914/ice-moon-2-r002/projected-path-corrected-seed38-capture.log
 create mode 100644 output/playwright/planet-reference-20260914/ice-moon-2-r002/projected-path-corrected-seed38-reference-scale.png
 create mode 100644 output/playwright/planet-reference-20260914/ice-moon-2-r002/projected-path-corrected-seed38.json
 create mode 100644 output/playwright/planet-reference-20260914/ice-moon-2-r002/projected-path-corrected-seed38.png
 create mode 100644 output/playwright/planet-reference-20260914/ice-moon-2-r002/projection-stage.log
 create mode 100644 output/playwright/planet-reference-20260914/ice-moon-2-r002/revision-notes.md
 create mode 100644 output/playwright/planet-reference-20260914/ice-moon-2-r002/snow-cut-region.glb
 create mode 100644 output/playwright/planet-reference-20260914/ice-moon-2-r002/snow-open-gorge.glb
 create mode 100644 output/playwright/planet-reference-20260914/ice-moon-2-r002/validation.json
 create mode 100644 output/playwright/planet-reference-20260914/ice-moon-2-r002/variant-recipe.json
 create mode 100644 output/playwright/planet-reference-20260914/ice-moon-2-r003/blue-cut-seed38-angle2.png
 create mode 100644 output/playwright/planet-reference-20260914/ice-moon-2-r003/blue-cut-seed38-capture.log
 create mode 100644 output/playwright/planet-reference-20260914/ice-moon-2-r003/blue-cut-seed38-reference-scale.png
 create mode 100644 output/playwright/planet-reference-20260914/ice-moon-2-r003/blue-cut-seed38.json
 create mode 100644 output/playwright/planet-reference-20260914/ice-moon-2-r003/blue-cut-seed38.png
 create mode 100644 output/playwright/planet-reference-20260914/ice-moon-2-r003/composition-change.json
 create mode 100644 output/playwright/planet-reference-20260914/ice-moon-2-r003/exact-reference.png
 create mode 100644 output/playwright/planet-reference-20260914/ice-moon-2-r003/ground-sphere-low.glb
 create mode 100644 output/playwright/planet-reference-20260914/ice-moon-2-r003/ground-sphere-medium.glb
 create mode 100644 output/playwright/planet-reference-20260914/ice-moon-2-r003/ground-sphere.glb
 create mode 100644 output/playwright/planet-reference-20260914/ice-moon-2-r003/ice-0-albedo.png
 create mode 100644 output/playwright/planet-reference-20260914/ice-moon-2-r003/ice-0-orm.png
 create mode 100644 output/playwright/planet-reference-20260914/ice-moon-2-r003/ice-1-albedo.png
 create mode 100644 output/playwright/planet-reference-20260914/ice-moon-2-r003/ice-1-orm.png
 create mode 100644 output/playwright/planet-reference-20260914/ice-moon-2-r003/ice-2-albedo.png
 create mode 100644 output/playwright/planet-reference-20260914/ice-moon-2-r003/ice-2-orm.png
 create mode 100644 output/playwright/planet-reference-20260914/ice-moon-2-r003/ice-3-albedo.png
 create mode 100644 output/playwright/planet-reference-20260914/ice-moon-2-r003/ice-3-orm.png
 create mode 100644 output/playwright/planet-reference-20260914/ice-moon-2-r003/ice-4-albedo.png
 create mode 100644 output/playwright/planet-reference-20260914/ice-moon-2-r003/ice-4-orm.png
 create mode 100644 output/playwright/planet-reference-20260914/ice-moon-2-r003/ice_moon_reference_composition_r004.ts
 create mode 100644 output/playwright/planet-reference-20260914/ice-moon-2-r003/kit-preview.png
 create mode 100644 output/playwright/planet-reference-20260914/ice-moon-2-r003/kit.blend
 create mode 100644 output/playwright/planet-reference-20260914/ice-moon-2-r003/kit.json
 create mode 100644 output/playwright/planet-reference-20260914/ice-moon-2-r003/revision-notes.md
 create mode 100644 output/playwright/planet-reference-20260914/ice-moon-2-r003/snow-cut-region.glb
 create mode 100644 output/playwright/planet-reference-20260914/ice-moon-2-r003/snow-open-gorge.glb
 create mode 100644 output/playwright/planet-reference-20260914/ice-moon-2-r003/stage.log
 create mode 100644 output/playwright/planet-reference-20260914/ice-moon-2-r003/tests-material-ray.log
 create mode 100644 output/playwright/planet-reference-20260914/ice-moon-2-r003/tests.log
 create mode 100644 output/playwright/planet-reference-20260914/ice-r016/planet-seed38.png
 create mode 100644 output/playwright/planet-reference-20260914/ice-r018/kit-sideview.png
 create mode 100644 output/playwright/planet-reference-20260914/ice-r021/blender-raw/ground-sphere-low.glb
 create mode 100644 output/playwright/planet-reference-20260914/ice-r021/blender-raw/ground-sphere-medium.glb
 create mode 100644 output/playwright/planet-reference-20260914/ice-r021/blender-raw/ground-sphere.glb
 create mode 100644 output/playwright/planet-reference-20260914/ice-r021/blender-raw/snow-cut-region.glb
 create mode 100644 output/playwright/planet-reference-20260914/ice-r021/blender-raw/snow-open-gorge.glb
 create mode 100644 output/playwright/planet-reference-20260914/ice-r021/corrected-seed38-angle2.png
 create mode 100644 output/playwright/planet-reference-20260914/ice-r021/corrected-seed38-capture.log
 create mode 100644 output/playwright/planet-reference-20260914/ice-r021/corrected-seed38-reference-scale.png
 create mode 100644 output/playwright/planet-reference-20260914/ice-r021/corrected-seed38.json
 create mode 100644 output/playwright/planet-reference-20260914/ice-r021/corrected-seed38.png
 create mode 100644 output/playwright/planet-reference-20260914/ice-r021/ground-sphere-low.glb
 create mode 100644 output/playwright/planet-reference-20260914/ice-r021/ground-sphere-medium.glb
 create mode 100644 output/playwright/planet-reference-20260914/ice-r021/ground-sphere.glb
 create mode 100644 output/playwright/planet-reference-20260914/ice-r021/ice-0-albedo.png
 create mode 100644 output/playwright/planet-reference-20260914/ice-r021/ice-0-orm.png
 create mode 100644 output/playwright/planet-reference-20260914/ice-r021/ice-1-albedo.png
 create mode 100644 output/playwright/planet-reference-20260914/ice-r021/ice-1-orm.png
 create mode 100644 output/playwright/planet-reference-20260914/ice-r021/ice-2-albedo.png
 create mode 100644 output/playwright/planet-reference-20260914/ice-r021/ice-2-orm.png
 create mode 100644 output/playwright/planet-reference-20260914/ice-r021/ice-3-albedo.png
 create mode 100644 output/playwright/planet-reference-20260914/ice-r021/ice-3-orm.png
 create mode 100644 output/playwright/planet-reference-20260914/ice-r021/ice-4-albedo.png
 create mode 100644 output/playwright/planet-reference-20260914/ice-r021/ice-4-orm.png
 create mode 100644 output/playwright/planet-reference-20260914/ice-r021/kit-preview.png
 create mode 100644 output/playwright/planet-reference-20260914/ice-r021/kit.blend
 create mode 100644 output/playwright/planet-reference-20260914/ice-r021/kit.json
 create mode 100644 output/playwright/planet-reference-20260914/ice-r021/snow-cut-region.glb
 create mode 100644 output/playwright/planet-reference-20260914/ice-r021/snow-open-gorge.glb
 create mode 100644 output/playwright/planet-reference-20260914/ice-r021/validation.json
 create mode 100644 output/playwright/planet-reference-20260914/ice-r022/attribute-audit/report.json
 create mode 100644 output/playwright/planet-reference-20260914/ice-r022/attribute-audit/report.md
 create mode 100644 output/playwright/planet-reference-20260914/ice-r022/blender-raw/ground-sphere-low.glb
 create mode 100644 output/playwright/planet-reference-20260914/ice-r022/blender-raw/ground-sphere-medium.glb
 create mode 100644 output/playwright/planet-reference-20260914/ice-r022/blender-raw/ground-sphere.glb
 create mode 100644 output/playwright/planet-reference-20260914/ice-r022/blender-raw/snow-cut-region.glb
 create mode 100644 output/playwright/planet-reference-20260914/ice-r022/blender-raw/snow-open-gorge.glb
 create mode 100644 output/playwright/planet-reference-20260914/ice-r022/composition-r022.test.ts
 create mode 100644 output/playwright/planet-reference-20260914/ice-r022/composition-r022.ts
 create mode 100644 output/playwright/planet-reference-20260914/ice-r022/corrected-seed38-angle2.png
 create mode 100644 output/playwright/planet-reference-20260914/ice-r022/corrected-seed38-capture.log
 create mode 100644 output/playwright/planet-reference-20260914/ice-r022/corrected-seed38-reference-scale.png
 create mode 100644 output/playwright/planet-reference-20260914/ice-r022/corrected-seed38.json
 create mode 100644 output/playwright/planet-reference-20260914/ice-r022/corrected-seed38.png
 create mode 100644 output/playwright/planet-reference-20260914/ice-r022/generator.py
 create mode 100644 output/playwright/planet-reference-20260914/ice-r022/gorge-native-preview.png
 create mode 100644 output/playwright/planet-reference-20260914/ice-r022/ground-sphere-low.glb
 create mode 100644 output/playwright/planet-reference-20260914/ice-r022/ground-sphere-medium.glb
 create mode 100644 output/playwright/planet-reference-20260914/ice-r022/ground-sphere.glb
 create mode 100644 output/playwright/planet-reference-20260914/ice-r022/ice-0-albedo.png
 create mode 100644 output/playwright/planet-reference-20260914/ice-r022/ice-0-orm.png
 create mode 100644 output/playwright/planet-reference-20260914/ice-r022/ice-1-albedo.png
 create mode 100644 output/playwright/planet-reference-20260914/ice-r022/ice-1-orm.png
 create mode 100644 output/playwright/planet-reference-20260914/ice-r022/ice-2-albedo.png
 create mode 100644 output/playwright/planet-reference-20260914/ice-r022/ice-2-orm.png
 create mode 100644 output/playwright/planet-reference-20260914/ice-r022/ice-3-albedo.png
 create mode 100644 output/playwright/planet-reference-20260914/ice-r022/ice-3-orm.png
 create mode 100644 output/playwright/planet-reference-20260914/ice-r022/ice-4-albedo.png
 create mode 100644 output/playwright/planet-reference-20260914/ice-r022/ice-4-orm.png
 create mode 100644 output/playwright/planet-reference-20260914/ice-r022/kit-angle2.png
 create mode 100644 output/playwright/planet-reference-20260914/ice-r022/kit-preview.png
 create mode 100644 output/playwright/planet-reference-20260914/ice-r022/kit.blend
 create mode 100644 output/playwright/planet-reference-20260914/ice-r022/kit.json
 create mode 100644 output/playwright/planet-reference-20260914/ice-r022/notes.md
 create mode 100644 output/playwright/planet-reference-20260914/ice-r022/snow-cut-region.glb
 create mode 100644 output/playwright/planet-reference-20260914/ice-r022/snow-open-gorge.glb
 create mode 100644 output/playwright/planet-reference-20260914/ice-r022/source-hashes.json
 create mode 100644 output/playwright/planet-reference-20260914/ice-r022/unit-previews.py
 create mode 100644 output/playwright/planet-reference-20260914/ice-r022/validation.json
 create mode 100644 output/playwright/planet-reference-20260914/ice-r023/attribute-audit/report.json
 create mode 100644 output/playwright/planet-reference-20260914/ice-r023/attribute-audit/report.md
 create mode 100644 output/playwright/planet-reference-20260914/ice-r023/blender-raw/ground-sphere-low.glb
 create mode 100644 output/playwright/planet-reference-20260914/ice-r023/blender-raw/ground-sphere-medium.glb
 create mode 100644 output/playwright/planet-reference-20260914/ice-r023/blender-raw/ground-sphere.glb
 create mode 100644 output/playwright/planet-reference-20260914/ice-r023/blender-raw/snow-cut-region.glb
 create mode 100644 output/playwright/planet-reference-20260914/ice-r023/blender-raw/snow-open-gorge.glb
 create mode 100644 output/playwright/planet-reference-20260914/ice-r023/composition-r023.test.ts
 create mode 100644 output/playwright/planet-reference-20260914/ice-r023/composition-r023.ts
 create mode 100644 output/playwright/planet-reference-20260914/ice-r023/corrected-seed38-angle2.png
 create mode 100644 output/playwright/planet-reference-20260914/ice-r023/corrected-seed38-capture.log
 create mode 100644 output/playwright/planet-reference-20260914/ice-r023/corrected-seed38-reference-scale.png
 create mode 100644 output/playwright/planet-reference-20260914/ice-r023/corrected-seed38.json
 create mode 100644 output/playwright/planet-reference-20260914/ice-r023/corrected-seed38.png
 create mode 100644 output/playwright/planet-reference-20260914/ice-r023/generator.py
 create mode 100644 output/playwright/planet-reference-20260914/ice-r023/gorge-native-preview.png
 create mode 100644 output/playwright/planet-reference-20260914/ice-r023/ground-sphere-low.glb
 create mode 100644 output/playwright/planet-reference-20260914/ice-r023/ground-sphere-medium.glb
 create mode 100644 output/playwright/planet-reference-20260914/ice-r023/ground-sphere.glb
 create mode 100644 output/playwright/planet-reference-20260914/ice-r023/ice-0-albedo.png
 create mode 100644 output/playwright/planet-reference-20260914/ice-r023/ice-0-orm.png
 create mode 100644 output/playwright/planet-reference-20260914/ice-r023/ice-1-albedo.png
 create mode 100644 output/playwright/planet-reference-20260914/ice-r023/ice-1-orm.png
 create mode 100644 output/playwright/planet-reference-20260914/ice-r023/ice-2-albedo.png
 create mode 100644 output/playwright/planet-reference-20260914/ice-r023/ice-2-orm.png
 create mode 100644 output/playwright/planet-reference-20260914/ice-r023/ice-3-albedo.png
 create mode 100644 output/playwright/planet-reference-20260914/ice-r023/ice-3-orm.png
 create mode 100644 output/playwright/planet-reference-20260914/ice-r023/ice-4-albedo.png
 create mode 100644 output/playwright/planet-reference-20260914/ice-r023/ice-4-orm.png
 create mode 100644 output/playwright/planet-reference-20260914/ice-r023/kit-angle2.png
 create mode 100644 output/playwright/planet-reference-20260914/ice-r023/kit-preview.png
 create mode 100644 output/playwright/planet-reference-20260914/ice-r023/kit.blend
 create mode 100644 output/playwright/planet-reference-20260914/ice-r023/kit.json
 create mode 100644 output/playwright/planet-reference-20260914/ice-r023/notes.md
 create mode 100644 output/playwright/planet-reference-20260914/ice-r023/picked-surface-seed38-angle2.png
 create mode 100644 output/playwright/planet-reference-20260914/ice-r023/picked-surface-seed38-capture.log
 create mode 100644 output/playwright/planet-reference-20260914/ice-r023/picked-surface-seed38-surface-samples.log
 create mode 100644 output/playwright/planet-reference-20260914/ice-r023/picked-surface-seed38.json
 create mode 100644 output/playwright/planet-reference-20260914/ice-r023/picked-surface-seed38.png
 create mode 100644 output/playwright/planet-reference-20260914/ice-r023/snow-cut-region.glb
 create mode 100644 output/playwright/planet-reference-20260914/ice-r023/snow-open-gorge.glb
 create mode 100644 output/playwright/planet-reference-20260914/ice-r023/source-hashes.json
 create mode 100644 output/playwright/planet-reference-20260914/ice-r023/surface-diagnostic-seed38-angle2.png
 create mode 100644 output/playwright/planet-reference-20260914/ice-r023/surface-diagnostic-seed38-capture.log
 create mode 100644 output/playwright/planet-reference-20260914/ice-r023/surface-diagnostic-seed38-surface-samples.log
 create mode 100644 output/playwright/planet-reference-20260914/ice-r023/surface-diagnostic-seed38.json
 create mode 100644 output/playwright/planet-reference-20260914/ice-r023/surface-diagnostic-seed38.png
 create mode 100644 output/playwright/planet-reference-20260914/ice-r023/unit-previews.py
 create mode 100644 output/playwright/planet-reference-20260914/ice-r023/validation.json
 create mode 100644 output/playwright/planet-reference-20260914/ice-r024/attribute-audit/report.json
 create mode 100644 output/playwright/planet-reference-20260914/ice-r024/attribute-audit/report.md
 create mode 100644 output/playwright/planet-reference-20260914/ice-r024/blender-raw/ground-sphere-low.glb
 create mode 100644 output/playwright/planet-reference-20260914/ice-r024/blender-raw/ground-sphere-medium.glb
 create mode 100644 output/playwright/planet-reference-20260914/ice-r024/blender-raw/ground-sphere.glb
 create mode 100644 output/playwright/planet-reference-20260914/ice-r024/blender-raw/snow-cut-region.glb
 create mode 100644 output/playwright/planet-reference-20260914/ice-r024/blender-raw/snow-open-gorge.glb
 create mode 100644 output/playwright/planet-reference-20260914/ice-r024/composition-r024.test.ts
 create mode 100644 output/playwright/planet-reference-20260914/ice-r024/composition-r024.ts
 create mode 100644 output/playwright/planet-reference-20260914/ice-r024/corrected-seed38-angle2.png
 create mode 100644 output/playwright/planet-reference-20260914/ice-r024/corrected-seed38-capture.log
 create mode 100644 output/playwright/planet-reference-20260914/ice-r024/corrected-seed38-reference-scale.png
 create mode 100644 output/playwright/planet-reference-20260914/ice-r024/corrected-seed38.json
 create mode 100644 output/playwright/planet-reference-20260914/ice-r024/corrected-seed38.png
 create mode 100644 output/playwright/planet-reference-20260914/ice-r024/exact-normal-matching-audit.py
 create mode 100644 output/playwright/planet-reference-20260914/ice-r024/generator.py
 create mode 100644 output/playwright/planet-reference-20260914/ice-r024/ground-native-preview.png
 create mode 100644 output/playwright/planet-reference-20260914/ice-r024/ground-preview.py
 create mode 100644 output/playwright/planet-reference-20260914/ice-r024/ground-sphere-exact-normal-matching-audit.json
 create mode 100644 output/playwright/planet-reference-20260914/ice-r024/ground-sphere-low-exact-normal-matching-audit.json
 create mode 100644 output/playwright/planet-reference-20260914/ice-r024/ground-sphere-low.glb
 create mode 100644 output/playwright/planet-reference-20260914/ice-r024/ground-sphere-medium-exact-normal-matching-audit.json
 create mode 100644 output/playwright/planet-reference-20260914/ice-r024/ground-sphere-medium.glb
 create mode 100644 output/playwright/planet-reference-20260914/ice-r024/ground-sphere.glb
 create mode 100644 output/playwright/planet-reference-20260914/ice-r024/ice-0-albedo.png
 create mode 100644 output/playwright/planet-reference-20260914/ice-r024/ice-0-orm.png
 create mode 100644 output/playwright/planet-reference-20260914/ice-r024/ice-1-albedo.png
 create mode 100644 output/playwright/planet-reference-20260914/ice-r024/ice-1-orm.png
 create mode 100644 output/playwright/planet-reference-20260914/ice-r024/ice-2-albedo.png
 create mode 100644 output/playwright/planet-reference-20260914/ice-r024/ice-2-orm.png
 create mode 100644 output/playwright/planet-reference-20260914/ice-r024/ice-3-albedo.png
 create mode 100644 output/playwright/planet-reference-20260914/ice-r024/ice-3-orm.png
 create mode 100644 output/playwright/planet-reference-20260914/ice-r024/ice-4-albedo.png
 create mode 100644 output/playwright/planet-reference-20260914/ice-r024/ice-4-orm.png
 create mode 100644 output/playwright/planet-reference-20260914/ice-r024/kit-preview.png
 create mode 100644 output/playwright/planet-reference-20260914/ice-r024/kit.blend
 create mode 100644 output/playwright/planet-reference-20260914/ice-r024/kit.json
 create mode 100644 output/playwright/planet-reference-20260914/ice-r024/notes.md
 create mode 100644 output/playwright/planet-reference-20260914/ice-r024/snow-cut-region.glb
 create mode 100644 output/playwright/planet-reference-20260914/ice-r024/snow-open-gorge.glb
 create mode 100644 output/playwright/planet-reference-20260914/ice-r024/source-hashes.json
 create mode 100644 output/playwright/planet-reference-20260914/ice-r024/validation.json
 create mode 100644 output/playwright/planet-reference-20260914/ice-r025/attribute-audit/report.json
 create mode 100644 output/playwright/planet-reference-20260914/ice-r025/attribute-audit/report.md
 create mode 100644 output/playwright/planet-reference-20260914/ice-r025/blender-raw/ground-sphere-low.glb
 create mode 100644 output/playwright/planet-reference-20260914/ice-r025/blender-raw/ground-sphere-medium.glb
 create mode 100644 output/playwright/planet-reference-20260914/ice-r025/blender-raw/ground-sphere.glb
 create mode 100644 output/playwright/planet-reference-20260914/ice-r025/blender-raw/snow-cut-region.glb
 create mode 100644 output/playwright/planet-reference-20260914/ice-r025/blender-raw/snow-open-gorge.glb
 create mode 100644 output/playwright/planet-reference-20260914/ice-r025/composition-r025.test.ts
 create mode 100644 output/playwright/planet-reference-20260914/ice-r025/composition-r025.ts
 create mode 100644 output/playwright/planet-reference-20260914/ice-r025/corrected-seed38-angle2.png
 create mode 100644 output/playwright/planet-reference-20260914/ice-r025/corrected-seed38-capture.log
 create mode 100644 output/playwright/planet-reference-20260914/ice-r025/corrected-seed38-reference-scale.png
 create mode 100644 output/playwright/planet-reference-20260914/ice-r025/corrected-seed38.json
 create mode 100644 output/playwright/planet-reference-20260914/ice-r025/corrected-seed38.png
 create mode 100644 output/playwright/planet-reference-20260914/ice-r025/depth-bias-diagnostic-seed38-angle2.png
 create mode 100644 output/playwright/planet-reference-20260914/ice-r025/depth-bias-diagnostic-seed38-capture.log
 create mode 100644 output/playwright/planet-reference-20260914/ice-r025/depth-bias-diagnostic-seed38-reference-scale.png
 create mode 100644 output/playwright/planet-reference-20260914/ice-r025/depth-bias-diagnostic-seed38.json
 create mode 100644 output/playwright/planet-reference-20260914/ice-r025/depth-bias-diagnostic-seed38.png
 create mode 100644 output/playwright/planet-reference-20260914/ice-r025/depth-bias-run.log
 create mode 100644 output/playwright/planet-reference-20260914/ice-r025/exact-normal-matching-audit.py
 create mode 100644 output/playwright/planet-reference-20260914/ice-r025/generator.py
 create mode 100644 output/playwright/planet-reference-20260914/ice-r025/ground-native-preview.png
 create mode 100644 output/playwright/planet-reference-20260914/ice-r025/ground-preview.py
 create mode 100644 output/playwright/planet-reference-20260914/ice-r025/ground-sphere-exact-normal-matching-audit.json
 create mode 100644 output/playwright/planet-reference-20260914/ice-r025/ground-sphere-low-exact-normal-matching-audit.json
 create mode 100644 output/playwright/planet-reference-20260914/ice-r025/ground-sphere-low.glb
 create mode 100644 output/playwright/planet-reference-20260914/ice-r025/ground-sphere-medium-exact-normal-matching-audit.json
 create mode 100644 output/playwright/planet-reference-20260914/ice-r025/ground-sphere-medium.glb
 create mode 100644 output/playwright/planet-reference-20260914/ice-r025/ground-sphere.glb
 create mode 100644 output/playwright/planet-reference-20260914/ice-r025/hardware-isolated-hero.json
 create mode 100644 output/playwright/planet-reference-20260914/ice-r025/hardware-isolated-hero.png
 create mode 100644 output/playwright/planet-reference-20260914/ice-r025/hardware-isolated-lod.json
 create mode 100644 output/playwright/planet-reference-20260914/ice-r025/hardware-isolated-retained-lod2.png
 create mode 100644 output/playwright/planet-reference-20260914/ice-r025/ice-0-albedo.png
 create mode 100644 output/playwright/planet-reference-20260914/ice-r025/ice-0-orm.png
 create mode 100644 output/playwright/planet-reference-20260914/ice-r025/ice-1-albedo.png
 create mode 100644 output/playwright/planet-reference-20260914/ice-r025/ice-1-orm.png
 create mode 100644 output/playwright/planet-reference-20260914/ice-r025/ice-2-albedo.png
 create mode 100644 output/playwright/planet-reference-20260914/ice-r025/ice-2-orm.png
 create mode 100644 output/playwright/planet-reference-20260914/ice-r025/ice-3-albedo.png
 create mode 100644 output/playwright/planet-reference-20260914/ice-r025/ice-3-orm.png
 create mode 100644 output/playwright/planet-reference-20260914/ice-r025/ice-4-albedo.png
 create mode 100644 output/playwright/planet-reference-20260914/ice-r025/ice-4-orm.png
 create mode 100644 output/playwright/planet-reference-20260914/ice-r025/kit-preview.png
 create mode 100644 output/playwright/planet-reference-20260914/ice-r025/kit.blend
 create mode 100644 output/playwright/planet-reference-20260914/ice-r025/kit.json
 create mode 100644 output/playwright/planet-reference-20260914/ice-r025/notes.md
 create mode 100644 output/playwright/planet-reference-20260914/ice-r025/shadows-off-seed38-angle2.png
 create mode 100644 output/playwright/planet-reference-20260914/ice-r025/shadows-off-seed38-capture.log
 create mode 100644 output/playwright/planet-reference-20260914/ice-r025/shadows-off-seed38-reference-scale.png
 create mode 100644 output/playwright/planet-reference-20260914/ice-r025/shadows-off-seed38.json
 create mode 100644 output/playwright/planet-reference-20260914/ice-r025/shadows-off-seed38.png
 create mode 100644 output/playwright/planet-reference-20260914/ice-r025/snow-cut-region.glb
 create mode 100644 output/playwright/planet-reference-20260914/ice-r025/snow-open-gorge.glb
 create mode 100644 output/playwright/planet-reference-20260914/ice-r025/source-hashes.json
 create mode 100644 output/playwright/planet-reference-20260914/ice-r025/validation.json
 create mode 100644 output/playwright/planet-reference-20260914/ice-r026/audit-optical-source.py
 create mode 100644 output/playwright/planet-reference-20260914/ice-r026/blender-raw/ground-sphere-low.glb
 create mode 100644 output/playwright/planet-reference-20260914/ice-r026/blender-raw/ground-sphere-medium.glb
 create mode 100644 output/playwright/planet-reference-20260914/ice-r026/blender-raw/ground-sphere.glb
 create mode 100644 output/playwright/planet-reference-20260914/ice-r026/blender-raw/snow-cut-region.glb
 create mode 100644 output/playwright/planet-reference-20260914/ice-r026/blender-raw/snow-open-gorge.glb
 create mode 100644 output/playwright/planet-reference-20260914/ice-r026/build_ice_native_kit_r026.py
 create mode 100644 output/playwright/planet-reference-20260914/ice-r026/foundation-sha256.txt
 create mode 100644 output/playwright/planet-reference-20260914/ice-r026/foundation-source.py
 create mode 100644 output/playwright/planet-reference-20260914/ice-r026/generator.py
 create mode 100644 output/playwright/planet-reference-20260914/ice-r026/glass-local-oblique-seed38-angle2.png
 create mode 100644 output/playwright/planet-reference-20260914/ice-r026/glass-local-oblique-seed38-capture.log
 create mode 100644 output/playwright/planet-reference-20260914/ice-r026/glass-local-oblique-seed38.json
 create mode 100644 output/playwright/planet-reference-20260914/ice-r026/glass-local-oblique-seed38.png
 create mode 100644 output/playwright/planet-reference-20260914/ice-r026/glass-local-seed38-angle2.png
 create mode 100644 output/playwright/planet-reference-20260914/ice-r026/glass-local-seed38-capture.log
 create mode 100644 output/playwright/planet-reference-20260914/ice-r026/glass-local-seed38.json
 create mode 100644 output/playwright/planet-reference-20260914/ice-r026/glass-local-seed38.png
 create mode 100644 output/playwright/planet-reference-20260914/ice-r026/glass-wired-seed38-angle2.png
 create mode 100644 output/playwright/planet-reference-20260914/ice-r026/glass-wired-seed38-capture.log
 create mode 100644 output/playwright/planet-reference-20260914/ice-r026/glass-wired-seed38-reference-scale.png
 create mode 100644 output/playwright/planet-reference-20260914/ice-r026/glass-wired-seed38.json
 create mode 100644 output/playwright/planet-reference-20260914/ice-r026/glass-wired-seed38.png
 create mode 100644 output/playwright/planet-reference-20260914/ice-r026/ground-sphere-exact-normal-audit.json
 create mode 100644 output/playwright/planet-reference-20260914/ice-r026/ground-sphere-exact-normal-audit.py
 create mode 100644 output/playwright/planet-reference-20260914/ice-r026/ground-sphere-low-exact-normal-audit.json
 create mode 100644 output/playwright/planet-reference-20260914/ice-r026/ground-sphere-low-exact-normal-audit.py
 create mode 100644 output/playwright/planet-reference-20260914/ice-r026/ground-sphere-low.glb
 create mode 100644 output/playwright/planet-reference-20260914/ice-r026/ground-sphere-medium-exact-normal-audit.json
 create mode 100644 output/playwright/planet-reference-20260914/ice-r026/ground-sphere-medium-exact-normal-audit.py
 create mode 100644 output/playwright/planet-reference-20260914/ice-r026/ground-sphere-medium.glb
 create mode 100644 output/playwright/planet-reference-20260914/ice-r026/ground-sphere.glb
 create mode 100644 output/playwright/planet-reference-20260914/ice-r026/hardware-hidden-followup.json
 create mode 100644 output/playwright/planet-reference-20260914/ice-r026/ice-0-albedo.png
 create mode 100644 output/playwright/planet-reference-20260914/ice-r026/ice-0-orm.png
 create mode 100644 output/playwright/planet-reference-20260914/ice-r026/ice-1-albedo.png
 create mode 100644 output/playwright/planet-reference-20260914/ice-r026/ice-1-orm.png
 create mode 100644 output/playwright/planet-reference-20260914/ice-r026/ice-2-albedo.png
 create mode 100644 output/playwright/planet-reference-20260914/ice-r026/ice-2-orm.png
 create mode 100644 output/playwright/planet-reference-20260914/ice-r026/ice-3-albedo.png
 create mode 100644 output/playwright/planet-reference-20260914/ice-r026/ice-3-orm.png
 create mode 100644 output/playwright/planet-reference-20260914/ice-r026/ice-4-albedo.png
 create mode 100644 output/playwright/planet-reference-20260914/ice-r026/ice-4-orm.png
 create mode 100644 output/playwright/planet-reference-20260914/ice-r026/ice_reference_optics_r026.test.ts
 create mode 100644 output/playwright/planet-reference-20260914/ice-r026/ice_reference_optics_r026.tsconfig.json
 create mode 100644 output/playwright/planet-reference-20260914/ice-r026/ice_reference_optics_r026.vitest.config.ts
 create mode 100644 output/playwright/planet-reference-20260914/ice-r026/kit-preview.png
 create mode 100644 output/playwright/planet-reference-20260914/ice-r026/kit.blend
 create mode 100644 output/playwright/planet-reference-20260914/ice-r026/kit.json
 create mode 100644 output/playwright/planet-reference-20260914/ice-r026/optical-preview.png
 create mode 100644 output/playwright/planet-reference-20260914/ice-r026/optical-source-validation.json
 create mode 100644 output/playwright/planet-reference-20260914/ice-r026/render-optical-preview.py
 create mode 100644 output/playwright/planet-reference-20260914/ice-r026/revision-notes.md
 create mode 100644 output/playwright/planet-reference-20260914/ice-r026/shadow-slope-diagnostic-seed38-angle2.png
 create mode 100644 output/playwright/planet-reference-20260914/ice-r026/shadow-slope-diagnostic-seed38-capture.log
 create mode 100644 output/playwright/planet-reference-20260914/ice-r026/shadow-slope-diagnostic-seed38-reference-scale.png
 create mode 100644 output/playwright/planet-reference-20260914/ice-r026/shadow-slope-diagnostic-seed38.json
 create mode 100644 output/playwright/planet-reference-20260914/ice-r026/shadow-slope-diagnostic-seed38.png
 create mode 100644 output/playwright/planet-reference-20260914/ice-r026/snow-cut-region.glb
 create mode 100644 output/playwright/planet-reference-20260914/ice-r026/snow-open-gorge.glb
 create mode 100644 output/playwright/planet-reference-20260914/ice-r026/software-fixed-detail-glass-lod-run.log
 create mode 100644 output/playwright/planet-reference-20260914/ice-r026/software-fixed-detail-glass-lod-start.log
 create mode 100644 output/playwright/planet-reference-20260914/ice-r026/software-fixed-detail-glass-lod.json
 create mode 100644 output/playwright/planet-reference-20260914/ice-r026/software-retained-glass-lod-start.log
 create mode 100644 output/playwright/planet-reference-20260914/ice-r026/software-retained-glass-lod.json
 create mode 100644 output/playwright/planet-reference-20260914/ice-r026/source-freeze.json
 create mode 100644 output/playwright/planet-reference-20260914/ice-r026/validation.json
 create mode 100644 output/playwright/planet-reference-20260914/ocean-moon-1-r001/angular-outcrops.glb
 create mode 100644 output/playwright/planet-reference-20260914/ocean-moon-1-r001/battered-region-a.glb
 create mode 100644 output/playwright/planet-reference-20260914/ocean-moon-1-r001/battered-region-b.glb
 create mode 100644 output/playwright/planet-reference-20260914/ocean-moon-1-r001/build_hybrid_moon_native_variants_r001.py
 create mode 100644 output/playwright/planet-reference-20260914/ocean-moon-1-r001/corrected-run.log
 create mode 100644 output/playwright/planet-reference-20260914/ocean-moon-1-r001/corrected-seed38-angle2.png
 create mode 100644 output/playwright/planet-reference-20260914/ocean-moon-1-r001/corrected-seed38-capture.log
 create mode 100644 output/playwright/planet-reference-20260914/ocean-moon-1-r001/corrected-seed38-reference-scale.png
 create mode 100644 output/playwright/planet-reference-20260914/ocean-moon-1-r001/corrected-seed38.json
 create mode 100644 output/playwright/planet-reference-20260914/ocean-moon-1-r001/corrected-seed38.png
 create mode 100644 output/playwright/planet-reference-20260914/ocean-moon-1-r001/crater-broken.glb
 create mode 100644 output/playwright/planet-reference-20260914/ocean-moon-1-r001/crater-large.glb
 create mode 100644 output/playwright/planet-reference-20260914/ocean-moon-1-r001/crater-small.glb
 create mode 100644 output/playwright/planet-reference-20260914/ocean-moon-1-r001/exact-reference.png
 create mode 100644 output/playwright/planet-reference-20260914/ocean-moon-1-r001/foundation-source.py
 create mode 100644 output/playwright/planet-reference-20260914/ocean-moon-1-r001/fractured-shelf.glb
 create mode 100644 output/playwright/planet-reference-20260914/ocean-moon-1-r001/generator.py
 create mode 100644 output/playwright/planet-reference-20260914/ocean-moon-1-r001/ground-sphere-low.glb
 create mode 100644 output/playwright/planet-reference-20260914/ocean-moon-1-r001/ground-sphere-medium.glb
 create mode 100644 output/playwright/planet-reference-20260914/ocean-moon-1-r001/ground-sphere.glb
 create mode 100644 output/playwright/planet-reference-20260914/ocean-moon-1-r001/hybrid_moon_reference_composition_r001.test.ts
 create mode 100644 output/playwright/planet-reference-20260914/ocean-moon-1-r001/hybrid_moon_reference_composition_r001.ts
 create mode 100644 output/playwright/planet-reference-20260914/ocean-moon-1-r001/hybrid_moon_reference_r001.tsconfig.json
 create mode 100644 output/playwright/planet-reference-20260914/ocean-moon-1-r001/hybrid_moon_reference_r001.vitest.config.ts
 create mode 100644 output/playwright/planet-reference-20260914/ocean-moon-1-r001/kit-preview.png
 create mode 100644 output/playwright/planet-reference-20260914/ocean-moon-1-r001/kit.blend
 create mode 100644 output/playwright/planet-reference-20260914/ocean-moon-1-r001/kit.json
 create mode 100644 output/playwright/planet-reference-20260914/ocean-moon-1-r001/mineral-seam.glb
 create mode 100644 output/playwright/planet-reference-20260914/ocean-moon-1-r001/revision-notes.md
 create mode 100644 output/playwright/planet-reference-20260914/ocean-moon-1-r001/rocky-0-albedo.png
 create mode 100644 output/playwright/planet-reference-20260914/ocean-moon-1-r001/rocky-0-orm.png
 create mode 100644 output/playwright/planet-reference-20260914/ocean-moon-1-r001/rocky-1-albedo.png
 create mode 100644 output/playwright/planet-reference-20260914/ocean-moon-1-r001/rocky-1-orm.png
 create mode 100644 output/playwright/planet-reference-20260914/ocean-moon-1-r001/rocky-2-albedo.png
 create mode 100644 output/playwright/planet-reference-20260914/ocean-moon-1-r001/rocky-2-orm.png
 create mode 100644 output/playwright/planet-reference-20260914/ocean-moon-1-r001/rocky-3-albedo.png
 create mode 100644 output/playwright/planet-reference-20260914/ocean-moon-1-r001/rocky-3-orm.png
 create mode 100644 output/playwright/planet-reference-20260914/ocean-moon-1-r001/rocky-4-albedo.png
 create mode 100644 output/playwright/planet-reference-20260914/ocean-moon-1-r001/rocky-4-orm.png
 create mode 100644 output/playwright/planet-reference-20260914/ocean-moon-1-r001/rocky-5-albedo.png
 create mode 100644 output/playwright/planet-reference-20260914/ocean-moon-1-r001/rocky-5-orm.png
 create mode 100644 output/playwright/planet-reference-20260914/ocean-moon-1-r001/validation.json
 create mode 100644 output/playwright/planet-reference-20260914/ocean-moon-1-r001/variant-recipe.json
 create mode 100644 output/playwright/planet-reference-20260914/ocean-moon-2-r001/angular-outcrops.glb
 create mode 100644 output/playwright/planet-reference-20260914/ocean-moon-2-r001/battered-region-a.glb
 create mode 100644 output/playwright/planet-reference-20260914/ocean-moon-2-r001/battered-region-b.glb
 create mode 100644 output/playwright/planet-reference-20260914/ocean-moon-2-r001/build_hybrid_moon_native_variants_r001.py
 create mode 100644 output/playwright/planet-reference-20260914/ocean-moon-2-r001/corrected-run.log
 create mode 100644 output/playwright/planet-reference-20260914/ocean-moon-2-r001/corrected-seed38-angle2.png
 create mode 100644 output/playwright/planet-reference-20260914/ocean-moon-2-r001/corrected-seed38-capture.log
 create mode 100644 output/playwright/planet-reference-20260914/ocean-moon-2-r001/corrected-seed38-reference-scale.png
 create mode 100644 output/playwright/planet-reference-20260914/ocean-moon-2-r001/corrected-seed38.json
 create mode 100644 output/playwright/planet-reference-20260914/ocean-moon-2-r001/corrected-seed38.png
 create mode 100644 output/playwright/planet-reference-20260914/ocean-moon-2-r001/crater-broken.glb
 create mode 100644 output/playwright/planet-reference-20260914/ocean-moon-2-r001/crater-large.glb
 create mode 100644 output/playwright/planet-reference-20260914/ocean-moon-2-r001/crater-small.glb
 create mode 100644 output/playwright/planet-reference-20260914/ocean-moon-2-r001/exact-reference.png
 create mode 100644 output/playwright/planet-reference-20260914/ocean-moon-2-r001/foundation-source.py
 create mode 100644 output/playwright/planet-reference-20260914/ocean-moon-2-r001/fractured-shelf.glb
 create mode 100644 output/playwright/planet-reference-20260914/ocean-moon-2-r001/generator.py
 create mode 100644 output/playwright/planet-reference-20260914/ocean-moon-2-r001/ground-sphere-low.glb
 create mode 100644 output/playwright/planet-reference-20260914/ocean-moon-2-r001/ground-sphere-medium.glb
 create mode 100644 output/playwright/planet-reference-20260914/ocean-moon-2-r001/ground-sphere.glb
 create mode 100644 output/playwright/planet-reference-20260914/ocean-moon-2-r001/hybrid_moon_reference_composition_r001.test.ts
 create mode 100644 output/playwright/planet-reference-20260914/ocean-moon-2-r001/hybrid_moon_reference_composition_r001.ts
 create mode 100644 output/playwright/planet-reference-20260914/ocean-moon-2-r001/hybrid_moon_reference_r001.tsconfig.json
 create mode 100644 output/playwright/planet-reference-20260914/ocean-moon-2-r001/hybrid_moon_reference_r001.vitest.config.ts
 create mode 100644 output/playwright/planet-reference-20260914/ocean-moon-2-r001/kit-preview.png
 create mode 100644 output/playwright/planet-reference-20260914/ocean-moon-2-r001/kit.blend
 create mode 100644 output/playwright/planet-reference-20260914/ocean-moon-2-r001/kit.json
 create mode 100644 output/playwright/planet-reference-20260914/ocean-moon-2-r001/mineral-seam.glb
 create mode 100644 output/playwright/planet-reference-20260914/ocean-moon-2-r001/revision-notes.md
 create mode 100644 output/playwright/planet-reference-20260914/ocean-moon-2-r001/rocky-0-albedo.png
 create mode 100644 output/playwright/planet-reference-20260914/ocean-moon-2-r001/rocky-0-orm.png
 create mode 100644 output/playwright/planet-reference-20260914/ocean-moon-2-r001/rocky-1-albedo.png
 create mode 100644 output/playwright/planet-reference-20260914/ocean-moon-2-r001/rocky-1-orm.png
 create mode 100644 output/playwright/planet-reference-20260914/ocean-moon-2-r001/rocky-2-albedo.png
 create mode 100644 output/playwright/planet-reference-20260914/ocean-moon-2-r001/rocky-2-orm.png
 create mode 100644 output/playwright/planet-reference-20260914/ocean-moon-2-r001/rocky-3-albedo.png
 create mode 100644 output/playwright/planet-reference-20260914/ocean-moon-2-r001/rocky-3-orm.png
 create mode 100644 output/playwright/planet-reference-20260914/ocean-moon-2-r001/rocky-4-albedo.png
 create mode 100644 output/playwright/planet-reference-20260914/ocean-moon-2-r001/rocky-4-orm.png
 create mode 100644 output/playwright/planet-reference-20260914/ocean-moon-2-r001/rocky-5-albedo.png
 create mode 100644 output/playwright/planet-reference-20260914/ocean-moon-2-r001/rocky-5-orm.png
 create mode 100644 output/playwright/planet-reference-20260914/ocean-moon-2-r001/validation.json
 create mode 100644 output/playwright/planet-reference-20260914/ocean-moon-2-r001/variant-recipe.json
 create mode 100644 output/playwright/planet-reference-20260914/ocean-moon-2-r002/angular-outcrops.glb
 create mode 100644 output/playwright/planet-reference-20260914/ocean-moon-2-r002/battered-region-a.glb
 create mode 100644 output/playwright/planet-reference-20260914/ocean-moon-2-r002/battered-region-b.glb
 create mode 100644 output/playwright/planet-reference-20260914/ocean-moon-2-r002/build_hybrid_moon_native_variants_r002.py
 create mode 100644 output/playwright/planet-reference-20260914/ocean-moon-2-r002/corrected-run.log
 create mode 100644 output/playwright/planet-reference-20260914/ocean-moon-2-r002/corrected-seed38-angle2.png
 create mode 100644 output/playwright/planet-reference-20260914/ocean-moon-2-r002/corrected-seed38-capture.log
 create mode 100644 output/playwright/planet-reference-20260914/ocean-moon-2-r002/corrected-seed38-reference-scale.png
 create mode 100644 output/playwright/planet-reference-20260914/ocean-moon-2-r002/corrected-seed38.json
 create mode 100644 output/playwright/planet-reference-20260914/ocean-moon-2-r002/corrected-seed38.png
 create mode 100644 output/playwright/planet-reference-20260914/ocean-moon-2-r002/crater-broken.glb
 create mode 100644 output/playwright/planet-reference-20260914/ocean-moon-2-r002/crater-large.glb
 create mode 100644 output/playwright/planet-reference-20260914/ocean-moon-2-r002/crater-small.glb
 create mode 100644 output/playwright/planet-reference-20260914/ocean-moon-2-r002/exact-reference.png
 create mode 100644 output/playwright/planet-reference-20260914/ocean-moon-2-r002/foundation-source.py
 create mode 100644 output/playwright/planet-reference-20260914/ocean-moon-2-r002/fractured-shelf.glb
 create mode 100644 output/playwright/planet-reference-20260914/ocean-moon-2-r002/generator.py
 create mode 100644 output/playwright/planet-reference-20260914/ocean-moon-2-r002/ground-sphere-low.glb
 create mode 100644 output/playwright/planet-reference-20260914/ocean-moon-2-r002/ground-sphere-medium.glb
 create mode 100644 output/playwright/planet-reference-20260914/ocean-moon-2-r002/ground-sphere.glb
 create mode 100644 output/playwright/planet-reference-20260914/ocean-moon-2-r002/hybrid_moon_reference_composition_r001.ts
 create mode 100644 output/playwright/planet-reference-20260914/ocean-moon-2-r002/hybrid_moon_reference_composition_r002.test.ts
 create mode 100644 output/playwright/planet-reference-20260914/ocean-moon-2-r002/hybrid_moon_reference_r002.tsconfig.json
 create mode 100644 output/playwright/planet-reference-20260914/ocean-moon-2-r002/hybrid_moon_reference_r002.vitest.config.ts
 create mode 100644 output/playwright/planet-reference-20260914/ocean-moon-2-r002/kit-preview.png
 create mode 100644 output/playwright/planet-reference-20260914/ocean-moon-2-r002/kit.blend
 create mode 100644 output/playwright/planet-reference-20260914/ocean-moon-2-r002/kit.json
 create mode 100644 output/playwright/planet-reference-20260914/ocean-moon-2-r002/mineral-seam.glb
 create mode 100644 output/playwright/planet-reference-20260914/ocean-moon-2-r002/revision-notes.md
 create mode 100644 output/playwright/planet-reference-20260914/ocean-moon-2-r002/rocky-0-albedo.png
 create mode 100644 output/playwright/planet-reference-20260914/ocean-moon-2-r002/rocky-0-orm.png
 create mode 100644 output/playwright/planet-reference-20260914/ocean-moon-2-r002/rocky-1-albedo.png
 create mode 100644 output/playwright/planet-reference-20260914/ocean-moon-2-r002/rocky-1-orm.png
 create mode 100644 output/playwright/planet-reference-20260914/ocean-moon-2-r002/rocky-2-albedo.png
 create mode 100644 output/playwright/planet-reference-20260914/ocean-moon-2-r002/rocky-2-orm.png
 create mode 100644 output/playwright/planet-reference-20260914/ocean-moon-2-r002/rocky-3-albedo.png
 create mode 100644 output/playwright/planet-reference-20260914/ocean-moon-2-r002/rocky-3-orm.png
 create mode 100644 output/playwright/planet-reference-20260914/ocean-moon-2-r002/rocky-4-albedo.png
 create mode 100644 output/playwright/planet-reference-20260914/ocean-moon-2-r002/rocky-4-orm.png
 create mode 100644 output/playwright/planet-reference-20260914/ocean-moon-2-r002/rocky-5-albedo.png
 create mode 100644 output/playwright/planet-reference-20260914/ocean-moon-2-r002/rocky-5-orm.png
 create mode 100644 output/playwright/planet-reference-20260914/ocean-moon-2-r002/validation.json
 create mode 100644 output/playwright/planet-reference-20260914/ocean-moon-2-r002/variant-recipe.json
 create mode 100644 output/playwright/planet-reference-20260914/ocean-r001/planet-seed38.png
 create mode 100644 output/playwright/planet-reference-20260914/ocean-r002/planet-seed38-angle2.png
 create mode 100644 output/playwright/planet-reference-20260914/ocean-r002/planet-seed38.png
 create mode 100644 output/playwright/planet-reference-20260914/ocean-r006/archipelago.glb
 create mode 100644 output/playwright/planet-reference-20260914/ocean-r006/attribute-audit-v2/report.json
 create mode 100644 output/playwright/planet-reference-20260914/ocean-r006/attribute-audit-v2/report.md
 create mode 100644 output/playwright/planet-reference-20260914/ocean-r006/attribute-audit-v2/test_validator.py
 create mode 100644 output/playwright/planet-reference-20260914/ocean-r006/attribute-audit-v2/validator.py
 create mode 100644 output/playwright/planet-reference-20260914/ocean-r006/attribute-audit/report.json
 create mode 100644 output/playwright/planet-reference-20260914/ocean-r006/attribute-audit/report.md
 create mode 100644 output/playwright/planet-reference-20260914/ocean-r006/composition-r006.test.ts
 create mode 100644 output/playwright/planet-reference-20260914/ocean-r006/composition-r006.ts
 create mode 100644 output/playwright/planet-reference-20260914/ocean-r006/composition-validation.json
 create mode 100644 output/playwright/planet-reference-20260914/ocean-r006/generator.py
 create mode 100644 output/playwright/planet-reference-20260914/ocean-r006/ground-sphere-low.glb
 create mode 100644 output/playwright/planet-reference-20260914/ocean-r006/ground-sphere-medium.glb
 create mode 100644 output/playwright/planet-reference-20260914/ocean-r006/ground-sphere.glb
 create mode 100644 output/playwright/planet-reference-20260914/ocean-r006/kit-preview.png
 create mode 100644 output/playwright/planet-reference-20260914/ocean-r006/kit.blend
 create mode 100644 output/playwright/planet-reference-20260914/ocean-r006/kit.json
 create mode 100644 output/playwright/planet-reference-20260914/ocean-r006/lagoon-atoll.glb
 create mode 100644 output/playwright/planet-reference-20260914/ocean-r006/long-island.glb
 create mode 100644 output/playwright/planet-reference-20260914/ocean-r006/native_deformation_normals.ts
 create mode 100644 output/playwright/planet-reference-20260914/ocean-r006/planet-seed38-angle2.png
 create mode 100644 output/playwright/planet-reference-20260914/ocean-r006/planet-seed38.png
 create mode 100644 output/playwright/planet-reference-20260914/ocean-r006/revision-notes.md
 create mode 100644 output/playwright/planet-reference-20260914/ocean-r006/small-grove.glb
 create mode 100644 output/playwright/planet-reference-20260914/ocean-r006/steep-island.glb
 create mode 100644 output/playwright/planet-reference-20260914/ocean-r006/tiny-islet.glb
 create mode 100644 output/playwright/planet-reference-20260914/ocean-r006/tree-grove.glb
 create mode 100644 output/playwright/planet-reference-20260914/ocean-r006/validation.json
 create mode 100644 output/playwright/planet-reference-20260914/ocean-r006/water-albedo.png
 create mode 100644 output/playwright/planet-reference-20260914/ocean-r006/water-normal.png
 create mode 100644 output/playwright/planet-reference-20260914/ocean-r006/water-orm.png
 create mode 100644 output/playwright/planet-reference-20260914/ocean-r007/archipelago.glb
 create mode 100644 output/playwright/planet-reference-20260914/ocean-r007/attribute-audit/report.json
 create mode 100644 output/playwright/planet-reference-20260914/ocean-r007/attribute-audit/report.md
 create mode 100644 output/playwright/planet-reference-20260914/ocean-r007/composition-r007.test.ts
 create mode 100644 output/playwright/planet-reference-20260914/ocean-r007/composition-r007.ts
 create mode 100644 output/playwright/planet-reference-20260914/ocean-r007/composition-validation.json
 create mode 100644 output/playwright/planet-reference-20260914/ocean-r007/current-optics-run.log
 create mode 100644 output/playwright/planet-reference-20260914/ocean-r007/current-optics-seed38-angle2.png
 create mode 100644 output/playwright/planet-reference-20260914/ocean-r007/current-optics-seed38-capture.log
 create mode 100644 output/playwright/planet-reference-20260914/ocean-r007/current-optics-seed38-reference-scale.png
 create mode 100644 output/playwright/planet-reference-20260914/ocean-r007/current-optics-seed38.json
 create mode 100644 output/playwright/planet-reference-20260914/ocean-r007/current-optics-seed38.png
 create mode 100644 output/playwright/planet-reference-20260914/ocean-r007/generator.py
 create mode 100644 output/playwright/planet-reference-20260914/ocean-r007/ground-sphere-low.glb
 create mode 100644 output/playwright/planet-reference-20260914/ocean-r007/ground-sphere-medium.glb
 create mode 100644 output/playwright/planet-reference-20260914/ocean-r007/ground-sphere.glb
 create mode 100644 output/playwright/planet-reference-20260914/ocean-r007/island-1-albedo.png
 create mode 100644 output/playwright/planet-reference-20260914/ocean-r007/island-1-normal.png
 create mode 100644 output/playwright/planet-reference-20260914/ocean-r007/island-1-orm.png
 create mode 100644 output/playwright/planet-reference-20260914/ocean-r007/island-2-albedo.png
 create mode 100644 output/playwright/planet-reference-20260914/ocean-r007/island-2-normal.png
 create mode 100644 output/playwright/planet-reference-20260914/ocean-r007/island-2-orm.png
 create mode 100644 output/playwright/planet-reference-20260914/ocean-r007/island-3-albedo.png
 create mode 100644 output/playwright/planet-reference-20260914/ocean-r007/island-3-normal.png
 create mode 100644 output/playwright/planet-reference-20260914/ocean-r007/island-3-orm.png
 create mode 100644 output/playwright/planet-reference-20260914/ocean-r007/island-4-albedo.png
 create mode 100644 output/playwright/planet-reference-20260914/ocean-r007/island-4-normal.png
 create mode 100644 output/playwright/planet-reference-20260914/ocean-r007/island-4-orm.png
 create mode 100644 output/playwright/planet-reference-20260914/ocean-r007/island-5-albedo.png
 create mode 100644 output/playwright/planet-reference-20260914/ocean-r007/island-5-normal.png
 create mode 100644 output/playwright/planet-reference-20260914/ocean-r007/island-5-orm.png
 create mode 100644 output/playwright/planet-reference-20260914/ocean-r007/island-6-albedo.png
 create mode 100644 output/playwright/planet-reference-20260914/ocean-r007/island-6-normal.png
 create mode 100644 output/playwright/planet-reference-20260914/ocean-r007/island-6-orm.png
 create mode 100644 output/playwright/planet-reference-20260914/ocean-r007/kit-preview.png
 create mode 100644 output/playwright/planet-reference-20260914/ocean-r007/kit.blend
 create mode 100644 output/playwright/planet-reference-20260914/ocean-r007/kit.json
 create mode 100644 output/playwright/planet-reference-20260914/ocean-r007/lagoon-atoll.glb
 create mode 100644 output/playwright/planet-reference-20260914/ocean-r007/long-island.glb
 create mode 100644 output/playwright/planet-reference-20260914/ocean-r007/native_deformation_normals.ts
 create mode 100644 output/playwright/planet-reference-20260914/ocean-r007/planet-reference-scale.png
 create mode 100644 output/playwright/planet-reference-20260914/ocean-r007/planet-seed38-angle2.png
 create mode 100644 output/playwright/planet-reference-20260914/ocean-r007/planet-seed38.png
 create mode 100644 output/playwright/planet-reference-20260914/ocean-r007/revision-notes.md
 create mode 100644 output/playwright/planet-reference-20260914/ocean-r007/small-grove.glb
 create mode 100644 output/playwright/planet-reference-20260914/ocean-r007/steep-island.glb
 create mode 100644 output/playwright/planet-reference-20260914/ocean-r007/tiny-islet.glb
 create mode 100644 output/playwright/planet-reference-20260914/ocean-r007/tree-grove.glb
 create mode 100644 output/playwright/planet-reference-20260914/ocean-r007/validation.json
 create mode 100644 output/playwright/planet-reference-20260914/ocean-r007/water-albedo.png
 create mode 100644 output/playwright/planet-reference-20260914/ocean-r007/water-normal.png
 create mode 100644 output/playwright/planet-reference-20260914/ocean-r007/water-orm.png
 create mode 100644 output/playwright/planet-reference-20260914/pr-preparation/HANDOFF.md
 create mode 100644 output/playwright/planet-reference-20260914/pr-preparation/PR-body.md
 create mode 100644 output/playwright/planet-reference-20260914/pr-preparation/attempt-01-overbroad-snapshot-test-selection.log
 create mode 100644 output/playwright/planet-reference-20260914/pr-preparation/attempt-02-missing-predecessor-and-absolute-path.log
 create mode 100644 output/playwright/planet-reference-20260914/pr-preparation/canonical-evidence-validation.json
 create mode 100644 output/playwright/planet-reference-20260914/pr-preparation/copy-manifest.json
 create mode 100644 output/playwright/planet-reference-20260914/pr-preparation/current-legacy-crystal-composer-tests.log
 create mode 100644 output/playwright/planet-reference-20260914/pr-preparation/delivery-manifest.json
 create mode 100644 output/playwright/planet-reference-20260914/pr-preparation/dependency-lock-differences.json
 create mode 100644 output/playwright/planet-reference-20260914/pr-preparation/final-allowlist-manifest.json
 create mode 100644 output/playwright/planet-reference-20260914/pr-preparation/final-typecheck.log
 create mode 100644 output/playwright/planet-reference-20260914/pr-preparation/focused-check.log
 create mode 100644 output/playwright/planet-reference-20260914/pr-preparation/focused-tests.json
 create mode 100644 output/playwright/planet-reference-20260914/pr-preparation/full-build-isolated.log
 create mode 100644 output/playwright/planet-reference-20260914/pr-preparation/full-build-with-cli.log
 create mode 100644 output/playwright/planet-reference-20260914/pr-preparation/full-check-isolated.log
 create mode 100644 output/playwright/planet-reference-20260914/pr-preparation/full-check.log
 create mode 100644 output/playwright/planet-reference-20260914/pr-preparation/latest-integration-tests.log
 create mode 100644 output/playwright/planet-reference-20260914/pr-preparation/npm-ci-isolated.log
 create mode 100644 output/playwright/planet-reference-20260914/pr-preparation/oom-recovery.json
 create mode 100644 output/playwright/planet-reference-20260914/pr-preparation/post-copy-differences.json
 create mode 100644 output/playwright/planet-reference-20260914/pr-preparation/pruned-unneeded-fixture-copies.json
 create mode 100644 output/playwright/planet-reference-20260914/pr-preparation/recovery-allowlist.json
 create mode 100644 output/playwright/planet-reference-20260914/pr-preparation/recovery-copied-paths.json
 create mode 100644 output/playwright/planet-reference-20260914/pr-preparation/reference-check-isolated.log
 create mode 100644 output/playwright/planet-reference-20260914/pr-preparation/reference-check-process-isolated.log
 create mode 100644 output/playwright/planet-reference-20260914/pr-preparation/validation-summary.json
 create mode 100644 output/playwright/planet-reference-20260914/reviews/audit_late_pr_closure.py
 create mode 100644 output/playwright/planet-reference-20260914/reviews/checkpoint_moon_history.py
 create mode 100644 output/playwright/planet-reference-20260914/reviews/crystal-moons-r002.md
 create mode 100644 output/playwright/planet-reference-20260914/reviews/crystal-moons-r003-native-gas-moon1-r004.md
 create mode 100644 output/playwright/planet-reference-20260914/reviews/crystal-moons-r004-runtime.md
 create mode 100644 output/playwright/planet-reference-20260914/reviews/crystal-r001-review.md
 create mode 100644 output/playwright/planet-reference-20260914/reviews/crystal-r003-review.md
 create mode 100644 output/playwright/planet-reference-20260914/reviews/crystal-r006-temperate-r001-corrected.md
 create mode 100644 output/playwright/planet-reference-20260914/reviews/crystal-r013-rocky-moon-r002-volcanic-smoke.md
 create mode 100644 output/playwright/planet-reference-20260914/reviews/desert-baseline-audit.md
 create mode 100644 output/playwright/planet-reference-20260914/reviews/desert-normal-transform-diagnostic.md
 create mode 100644 output/playwright/planet-reference-20260914/reviews/desert-r001-review.md
 create mode 100644 output/playwright/planet-reference-20260914/reviews/desert-r002-review.md
 create mode 100644 output/playwright/planet-reference-20260914/reviews/desert-r003-review.md
 create mode 100644 output/playwright/planet-reference-20260914/reviews/desert-r004-and-fresh-baselines.md
 create mode 100644 output/playwright/planet-reference-20260914/reviews/desert-r005-review.md
 create mode 100644 output/playwright/planet-reference-20260914/reviews/desert-r006-review.md
 create mode 100644 output/playwright/planet-reference-20260914/reviews/desert-r007-rocky-r003-review.md
 create mode 100644 output/playwright/planet-reference-20260914/reviews/desert-r008-review.md
 create mode 100644 output/playwright/planet-reference-20260914/reviews/desert-r009-rocky-r005-review.md
 create mode 100644 output/playwright/planet-reference-20260914/reviews/desert-r011-review.md
 create mode 100644 output/playwright/planet-reference-20260914/reviews/desert-r012-review.md
 create mode 100644 output/playwright/planet-reference-20260914/reviews/desert-r013-review.md
 create mode 100644 output/playwright/planet-reference-20260914/reviews/desert-r014-volcanic-r019-review.md
 create mode 100644 output/playwright/planet-reference-20260914/reviews/desert-scale-crystal-r004-review.md
 create mode 100644 output/playwright/planet-reference-20260914/reviews/desert-winding-diagnostic-review.md
 create mode 100644 output/playwright/planet-reference-20260914/reviews/exotic-moons-r001-gas-reflection.md
 create mode 100644 output/playwright/planet-reference-20260914/reviews/gas-moons-parent-light-diagnostic.md
 create mode 100644 output/playwright/planet-reference-20260914/reviews/gas-moons-r005-corrected-scale.md
 create mode 100644 output/playwright/planet-reference-20260914/reviews/gas-moons-r005-luminous-trial.md
 create mode 100644 output/playwright/planet-reference-20260914/reviews/gas-r001-and-r002-texture-review.md
 create mode 100644 output/playwright/planet-reference-20260914/reviews/gas-r002-review.md
 create mode 100644 output/playwright/planet-reference-20260914/reviews/gas-r004-two-sided-diagnostic.md
 create mode 100644 output/playwright/planet-reference-20260914/reviews/gas-r005-review.md
 create mode 100644 output/playwright/planet-reference-20260914/reviews/hybrid-moons-r002-working-passes.md
 create mode 100644 output/playwright/planet-reference-20260914/reviews/ice-moons-r002-projected-path.md
 create mode 100644 output/playwright/planet-reference-20260914/reviews/ice-r016-review.md
 create mode 100644 output/playwright/planet-reference-20260914/reviews/ice-r017-gas-r003-review.md
 create mode 100644 output/playwright/planet-reference-20260914/reviews/ice-r018-unit-review.md
 create mode 100644 output/playwright/planet-reference-20260914/reviews/ice-r022-temperate-r002.md
 create mode 100644 output/playwright/planet-reference-20260914/reviews/ice-r024-rocky-moon-r001.md
 create mode 100644 output/playwright/planet-reference-20260914/reviews/ice-r025-toxic-r006.md
 create mode 100644 output/playwright/planet-reference-20260914/reviews/ice-r026-selected-glass.md
 create mode 100644 output/playwright/planet-reference-20260914/reviews/ice-volcanic-moons-r001-gas-mineral-r002.md
 create mode 100644 output/playwright/planet-reference-20260914/reviews/initial-reference-audit.md
 create mode 100644 output/playwright/planet-reference-20260914/reviews/late-pr-closure-additions-proposal.json
 create mode 100644 output/playwright/planet-reference-20260914/reviews/moon-canonical-checkpoint-proposal.md
 create mode 100644 output/playwright/planet-reference-20260914/reviews/moon-checkpoint-npm-build.log
 create mode 100644 output/playwright/planet-reference-20260914/reviews/moon-checkpoint-npm-check.log
 create mode 100644 output/playwright/planet-reference-20260914/reviews/moon-checkpoint-result.json
 create mode 100644 output/playwright/planet-reference-20260914/reviews/moon-checkpoint-terrain-retry.log
 create mode 100644 output/playwright/planet-reference-20260914/reviews/moon-checkpoint-validation.md
 create mode 100644 output/playwright/planet-reference-20260914/reviews/moon-variant-audit.md
 create mode 100644 output/playwright/planet-reference-20260914/reviews/ocean-r001-review.md
 create mode 100644 output/playwright/planet-reference-20260914/reviews/ocean-r002-review.md
 create mode 100644 output/playwright/planet-reference-20260914/reviews/ocean-r004-review.md
 create mode 100644 output/playwright/planet-reference-20260914/reviews/ocean-r005-review.md
 create mode 100644 output/playwright/planet-reference-20260914/reviews/ocean-r006-review.md
 create mode 100644 output/playwright/planet-reference-20260914/reviews/ocean-r007-current-optics.md
 create mode 100644 output/playwright/planet-reference-20260914/reviews/ocean-r007-review.md
 create mode 100644 output/playwright/planet-reference-20260914/reviews/pr-allowlist-canonical-ledger-evidence.json
 create mode 100644 output/playwright/planet-reference-20260914/reviews/pr-allowlist-minimal-runtime.json
 create mode 100644 output/playwright/planet-reference-20260914/reviews/pr-allowlist-proposal.md
 create mode 100644 output/playwright/planet-reference-20260914/reviews/pr-allowlist-static-closure.json
 create mode 100644 output/playwright/planet-reference-20260914/reviews/pr-allowlist-test-fixtures.json
 create mode 100644 output/playwright/planet-reference-20260914/reviews/remaining-fresh-baselines.md
 create mode 100644 output/playwright/planet-reference-20260914/reviews/rocky-r001-review.md
 create mode 100644 output/playwright/planet-reference-20260914/reviews/rocky-r002-review.md
 create mode 100644 output/playwright/planet-reference-20260914/reviews/rocky-r007-ice-r019-review.md
 create mode 100644 output/playwright/planet-reference-20260914/reviews/rocky-r008-volcanic-r020-ice-r020-corrected.md
 create mode 100644 output/playwright/planet-reference-20260914/reviews/rocky-r009-volcanic-r021-ice-r021.md
 create mode 100644 output/playwright/planet-reference-20260914/reviews/rocky-r010-working-pass.md
 create mode 100644 output/playwright/planet-reference-20260914/reviews/six-solid-moon-variants-r001.md
 create mode 100644 output/playwright/planet-reference-20260914/reviews/temperate-r003-ice-r023-crystal-r009.md
 create mode 100644 output/playwright/planet-reference-20260914/reviews/temperate-scope-shadow-provenance.md
 create mode 100644 output/playwright/planet-reference-20260914/reviews/toxic-r001-review.md
 create mode 100644 output/playwright/planet-reference-20260914/reviews/toxic-r002-gas-r004-followup.md
 create mode 100644 output/playwright/planet-reference-20260914/reviews/toxic-r003-desert-shadow-seeds.md
 create mode 100644 output/playwright/planet-reference-20260914/reviews/toxic-r005.md
 create mode 100644 output/playwright/planet-reference-20260914/reviews/toxic-r007-four-hybrid-moons.md
 create mode 100644 output/playwright/planet-reference-20260914/reviews/volcanic-moon2-r004.md
 create mode 100644 output/playwright/planet-reference-20260914/reviews/volcanic-moons-r002-ice26-shadow.md
 create mode 100644 output/playwright/planet-reference-20260914/reviews/volcanic-moons-r002-intended-glow.md
 create mode 100644 output/playwright/planet-reference-20260914/reviews/volcanic-moons-r003-ice-moon2-r003.md
 create mode 100644 output/playwright/planet-reference-20260914/reviews/volcanic-r022-toxic-r004.md
 create mode 100644 output/playwright/planet-reference-20260914/reviews/volcanic-r023-crystal-r010.md
 create mode 100644 output/playwright/planet-reference-20260914/rocky-moon-2-r001/angular-outcrops.glb
 create mode 100644 output/playwright/planet-reference-20260914/rocky-moon-2-r001/battered-region-a.glb
 create mode 100644 output/playwright/planet-reference-20260914/rocky-moon-2-r001/battered-region-b.glb
 create mode 100644 output/playwright/planet-reference-20260914/rocky-moon-2-r001/build_solid_moon_native_variants_r001.py
 create mode 100644 output/playwright/planet-reference-20260914/rocky-moon-2-r001/corrected-seed38-angle2.png
 create mode 100644 output/playwright/planet-reference-20260914/rocky-moon-2-r001/corrected-seed38-capture.log
 create mode 100644 output/playwright/planet-reference-20260914/rocky-moon-2-r001/corrected-seed38-reference-scale.png
 create mode 100644 output/playwright/planet-reference-20260914/rocky-moon-2-r001/corrected-seed38.json
 create mode 100644 output/playwright/planet-reference-20260914/rocky-moon-2-r001/corrected-seed38.png
 create mode 100644 output/playwright/planet-reference-20260914/rocky-moon-2-r001/crater-broken.glb
 create mode 100644 output/playwright/planet-reference-20260914/rocky-moon-2-r001/crater-large.glb
 create mode 100644 output/playwright/planet-reference-20260914/rocky-moon-2-r001/crater-small.glb
 create mode 100644 output/playwright/planet-reference-20260914/rocky-moon-2-r001/exact-reference.png
 create mode 100644 output/playwright/planet-reference-20260914/rocky-moon-2-r001/foundation-source.py
 create mode 100644 output/playwright/planet-reference-20260914/rocky-moon-2-r001/fractured-shelf.glb
 create mode 100644 output/playwright/planet-reference-20260914/rocky-moon-2-r001/generator.py
 create mode 100644 output/playwright/planet-reference-20260914/rocky-moon-2-r001/ground-sphere-low.glb
 create mode 100644 output/playwright/planet-reference-20260914/rocky-moon-2-r001/ground-sphere-medium.glb
 create mode 100644 output/playwright/planet-reference-20260914/rocky-moon-2-r001/ground-sphere.glb
 create mode 100644 output/playwright/planet-reference-20260914/rocky-moon-2-r001/kit-preview.png
 create mode 100644 output/playwright/planet-reference-20260914/rocky-moon-2-r001/kit.blend
 create mode 100644 output/playwright/planet-reference-20260914/rocky-moon-2-r001/kit.json
 create mode 100644 output/playwright/planet-reference-20260914/rocky-moon-2-r001/mineral-seam.glb
 create mode 100644 output/playwright/planet-reference-20260914/rocky-moon-2-r001/revision-notes.md
 create mode 100644 output/playwright/planet-reference-20260914/rocky-moon-2-r001/rocky-0-albedo.png
 create mode 100644 output/playwright/planet-reference-20260914/rocky-moon-2-r001/rocky-0-orm.png
 create mode 100644 output/playwright/planet-reference-20260914/rocky-moon-2-r001/rocky-1-albedo.png
 create mode 100644 output/playwright/planet-reference-20260914/rocky-moon-2-r001/rocky-1-orm.png
 create mode 100644 output/playwright/planet-reference-20260914/rocky-moon-2-r001/rocky-2-albedo.png
 create mode 100644 output/playwright/planet-reference-20260914/rocky-moon-2-r001/rocky-2-orm.png
 create mode 100644 output/playwright/planet-reference-20260914/rocky-moon-2-r001/rocky-3-albedo.png
 create mode 100644 output/playwright/planet-reference-20260914/rocky-moon-2-r001/rocky-3-orm.png
 create mode 100644 output/playwright/planet-reference-20260914/rocky-moon-2-r001/rocky-4-albedo.png
 create mode 100644 output/playwright/planet-reference-20260914/rocky-moon-2-r001/rocky-4-orm.png
 create mode 100644 output/playwright/planet-reference-20260914/rocky-moon-2-r001/rocky-5-albedo.png
 create mode 100644 output/playwright/planet-reference-20260914/rocky-moon-2-r001/rocky-5-orm.png
 create mode 100644 output/playwright/planet-reference-20260914/rocky-moon-2-r001/solid_moon_reference_composition_r001.test.ts
 create mode 100644 output/playwright/planet-reference-20260914/rocky-moon-2-r001/solid_moon_reference_composition_r001.ts
 create mode 100644 output/playwright/planet-reference-20260914/rocky-moon-2-r001/solid_moon_reference_r001.tsconfig.json
 create mode 100644 output/playwright/planet-reference-20260914/rocky-moon-2-r001/solid_moon_reference_r001.vitest.config.ts
 create mode 100644 output/playwright/planet-reference-20260914/rocky-moon-2-r001/validation.json
 create mode 100644 output/playwright/planet-reference-20260914/rocky-moon-2-r001/variant-recipe.json
 create mode 100644 output/playwright/planet-reference-20260914/rocky-moon-r001/attribute-audit/report.json
 create mode 100644 output/playwright/planet-reference-20260914/rocky-moon-r001/attribute-audit/report.md
 create mode 100644 output/playwright/planet-reference-20260914/rocky-moon-r001/build_rocky_moon_native_kit_r001.py
 create mode 100644 output/playwright/planet-reference-20260914/rocky-moon-r001/corrected-seed38-angle2.png
 create mode 100644 output/playwright/planet-reference-20260914/rocky-moon-r001/corrected-seed38-capture.log
 create mode 100644 output/playwright/planet-reference-20260914/rocky-moon-r001/corrected-seed38-reference-scale.png
 create mode 100644 output/playwright/planet-reference-20260914/rocky-moon-r001/corrected-seed38.json
 create mode 100644 output/playwright/planet-reference-20260914/rocky-moon-r001/corrected-seed38.png
 create mode 100644 output/playwright/planet-reference-20260914/rocky-moon-r001/exact-scale-seed38-angle2.png
 create mode 100644 output/playwright/planet-reference-20260914/rocky-moon-r001/exact-scale-seed38-capture.log
 create mode 100644 output/playwright/planet-reference-20260914/rocky-moon-r001/exact-scale-seed38-reference-scale.png
 create mode 100644 output/playwright/planet-reference-20260914/rocky-moon-r001/exact-scale-seed38.json
 create mode 100644 output/playwright/planet-reference-20260914/rocky-moon-r001/exact-scale-seed38.png
 create mode 100644 output/playwright/planet-reference-20260914/rocky-moon-r001/ground-sphere-low.glb
 create mode 100644 output/playwright/planet-reference-20260914/rocky-moon-r001/ground-sphere-medium.glb
 create mode 100644 output/playwright/planet-reference-20260914/rocky-moon-r001/ground-sphere.glb
 create mode 100644 output/playwright/planet-reference-20260914/rocky-moon-r001/kit-preview.png
 create mode 100644 output/playwright/planet-reference-20260914/rocky-moon-r001/kit.blend
 create mode 100644 output/playwright/planet-reference-20260914/rocky-moon-r001/kit.json
 create mode 100644 output/playwright/planet-reference-20260914/rocky-moon-r001/lunar-impact-a.glb
 create mode 100644 output/playwright/planet-reference-20260914/rocky-moon-r001/lunar-impact-b.glb
 create mode 100644 output/playwright/planet-reference-20260914/rocky-moon-r001/revision-notes.md
 create mode 100644 output/playwright/planet-reference-20260914/rocky-moon-r001/rocky-0-albedo.png
 create mode 100644 output/playwright/planet-reference-20260914/rocky-moon-r001/rocky-0-orm.png
 create mode 100644 output/playwright/planet-reference-20260914/rocky-moon-r001/rocky-1-albedo.png
 create mode 100644 output/playwright/planet-reference-20260914/rocky-moon-r001/rocky-1-orm.png
 create mode 100644 output/playwright/planet-reference-20260914/rocky-moon-r001/rocky-2-albedo.png
 create mode 100644 output/playwright/planet-reference-20260914/rocky-moon-r001/rocky-2-orm.png
 create mode 100644 output/playwright/planet-reference-20260914/rocky-moon-r001/rocky-3-albedo.png
 create mode 100644 output/playwright/planet-reference-20260914/rocky-moon-r001/rocky-3-orm.png
 create mode 100644 output/playwright/planet-reference-20260914/rocky-moon-r001/rocky-4-albedo.png
 create mode 100644 output/playwright/planet-reference-20260914/rocky-moon-r001/rocky-4-orm.png
 create mode 100644 output/playwright/planet-reference-20260914/rocky-moon-r001/rocky-5-albedo.png
 create mode 100644 output/playwright/planet-reference-20260914/rocky-moon-r001/rocky-5-orm.png
 create mode 100644 output/playwright/planet-reference-20260914/rocky-moon-r001/rocky_moon_reference_composition_r001.test.ts
 create mode 100644 output/playwright/planet-reference-20260914/rocky-moon-r001/rocky_moon_reference_composition_r001.ts
 create mode 100644 output/playwright/planet-reference-20260914/rocky-moon-r001/rocky_moon_reference_r001.tsconfig.json
 create mode 100644 output/playwright/planet-reference-20260914/rocky-moon-r001/rocky_moon_reference_r001.vitest.config.ts
 create mode 100644 output/playwright/planet-reference-20260914/rocky-moon-r001/validation.json
 create mode 100644 output/playwright/planet-reference-20260914/rocky-moon-r002/angular-outcrops.glb
 create mode 100644 output/playwright/planet-reference-20260914/rocky-moon-r002/battered-region-a.glb
 create mode 100644 output/playwright/planet-reference-20260914/rocky-moon-r002/battered-region-b.glb
 create mode 100644 output/playwright/planet-reference-20260914/rocky-moon-r002/corrected-seed38-angle2.png
 create mode 100644 output/playwright/planet-reference-20260914/rocky-moon-r002/corrected-seed38-capture.log
 create mode 100644 output/playwright/planet-reference-20260914/rocky-moon-r002/corrected-seed38-reference-scale.png
 create mode 100644 output/playwright/planet-reference-20260914/rocky-moon-r002/corrected-seed38.json
 create mode 100644 output/playwright/planet-reference-20260914/rocky-moon-r002/corrected-seed38.png
 create mode 100644 output/playwright/planet-reference-20260914/rocky-moon-r002/crater-broken.glb
 create mode 100644 output/playwright/planet-reference-20260914/rocky-moon-r002/crater-large.glb
 create mode 100644 output/playwright/planet-reference-20260914/rocky-moon-r002/crater-small.glb
 create mode 100644 output/playwright/planet-reference-20260914/rocky-moon-r002/fractured-shelf.glb
 create mode 100644 output/playwright/planet-reference-20260914/rocky-moon-r002/ground-sphere-low.glb
 create mode 100644 output/playwright/planet-reference-20260914/rocky-moon-r002/ground-sphere-medium.glb
 create mode 100644 output/playwright/planet-reference-20260914/rocky-moon-r002/ground-sphere.glb
 create mode 100644 output/playwright/planet-reference-20260914/rocky-moon-r002/kit-preview.png
 create mode 100644 output/playwright/planet-reference-20260914/rocky-moon-r002/kit.blend
 create mode 100644 output/playwright/planet-reference-20260914/rocky-moon-r002/kit.json
 create mode 100644 output/playwright/planet-reference-20260914/rocky-moon-r002/mineral-seam.glb
 create mode 100644 output/playwright/planet-reference-20260914/rocky-moon-r002/rocky-0-albedo.png
 create mode 100644 output/playwright/planet-reference-20260914/rocky-moon-r002/rocky-0-orm.png
 create mode 100644 output/playwright/planet-reference-20260914/rocky-moon-r002/rocky-1-albedo.png
 create mode 100644 output/playwright/planet-reference-20260914/rocky-moon-r002/rocky-1-orm.png
 create mode 100644 output/playwright/planet-reference-20260914/rocky-moon-r002/rocky-2-albedo.png
 create mode 100644 output/playwright/planet-reference-20260914/rocky-moon-r002/rocky-2-orm.png
 create mode 100644 output/playwright/planet-reference-20260914/rocky-moon-r002/rocky-3-albedo.png
 create mode 100644 output/playwright/planet-reference-20260914/rocky-moon-r002/rocky-3-orm.png
 create mode 100644 output/playwright/planet-reference-20260914/rocky-moon-r002/rocky-4-albedo.png
 create mode 100644 output/playwright/planet-reference-20260914/rocky-moon-r002/rocky-4-orm.png
 create mode 100644 output/playwright/planet-reference-20260914/rocky-moon-r002/rocky-5-albedo.png
 create mode 100644 output/playwright/planet-reference-20260914/rocky-moon-r002/rocky-5-orm.png
 create mode 100644 output/playwright/planet-reference-20260914/rocky-moon-r002/validation.json
 create mode 100644 output/playwright/planet-reference-20260914/rocky-r001/planet-seed38.png
 create mode 100644 output/playwright/planet-reference-20260914/rocky-r002/planet-seed38.png
 create mode 100644 output/playwright/planet-reference-20260914/rocky-r010/angular-outcrops.glb
 create mode 100644 output/playwright/planet-reference-20260914/rocky-r010/attribute-audit/report.json
 create mode 100644 output/playwright/planet-reference-20260914/rocky-r010/attribute-audit/report.md
 create mode 100644 output/playwright/planet-reference-20260914/rocky-r010/battered-region-a.glb
 create mode 100644 output/playwright/planet-reference-20260914/rocky-r010/battered-region-b.glb
 create mode 100644 output/playwright/planet-reference-20260914/rocky-r010/build_rocky_native_kit_r010.py
 create mode 100644 output/playwright/planet-reference-20260914/rocky-r010/corrected-seed38-angle2.png
 create mode 100644 output/playwright/planet-reference-20260914/rocky-r010/corrected-seed38-capture.log
 create mode 100644 output/playwright/planet-reference-20260914/rocky-r010/corrected-seed38-reference-scale.png
 create mode 100644 output/playwright/planet-reference-20260914/rocky-r010/corrected-seed38.json
 create mode 100644 output/playwright/planet-reference-20260914/rocky-r010/corrected-seed38.png
 create mode 100644 output/playwright/planet-reference-20260914/rocky-r010/crater-broken.glb
 create mode 100644 output/playwright/planet-reference-20260914/rocky-r010/crater-large.glb
 create mode 100644 output/playwright/planet-reference-20260914/rocky-r010/crater-small.glb
 create mode 100644 output/playwright/planet-reference-20260914/rocky-r010/fractured-shelf.glb
 create mode 100644 output/playwright/planet-reference-20260914/rocky-r010/ground-sphere-low.glb
 create mode 100644 output/playwright/planet-reference-20260914/rocky-r010/ground-sphere-medium.glb
 create mode 100644 output/playwright/planet-reference-20260914/rocky-r010/ground-sphere.glb
 create mode 100644 output/playwright/planet-reference-20260914/rocky-r010/kit-preview.png
 create mode 100644 output/playwright/planet-reference-20260914/rocky-r010/kit.blend
 create mode 100644 output/playwright/planet-reference-20260914/rocky-r010/kit.json
 create mode 100644 output/playwright/planet-reference-20260914/rocky-r010/mineral-seam.glb
 create mode 100644 output/playwright/planet-reference-20260914/rocky-r010/regional-preview.png
 create mode 100644 output/playwright/planet-reference-20260914/rocky-r010/render-region.py
 create mode 100644 output/playwright/planet-reference-20260914/rocky-r010/revision-notes.md
 create mode 100644 output/playwright/planet-reference-20260914/rocky-r010/rocky-0-albedo.png
 create mode 100644 output/playwright/planet-reference-20260914/rocky-r010/rocky-0-orm.png
 create mode 100644 output/playwright/planet-reference-20260914/rocky-r010/rocky-1-albedo.png
 create mode 100644 output/playwright/planet-reference-20260914/rocky-r010/rocky-1-orm.png
 create mode 100644 output/playwright/planet-reference-20260914/rocky-r010/rocky-2-albedo.png
 create mode 100644 output/playwright/planet-reference-20260914/rocky-r010/rocky-2-orm.png
 create mode 100644 output/playwright/planet-reference-20260914/rocky-r010/rocky-3-albedo.png
 create mode 100644 output/playwright/planet-reference-20260914/rocky-r010/rocky-3-orm.png
 create mode 100644 output/playwright/planet-reference-20260914/rocky-r010/rocky-4-albedo.png
 create mode 100644 output/playwright/planet-reference-20260914/rocky-r010/rocky-4-orm.png
 create mode 100644 output/playwright/planet-reference-20260914/rocky-r010/rocky-5-albedo.png
 create mode 100644 output/playwright/planet-reference-20260914/rocky-r010/rocky-5-orm.png
 create mode 100644 output/playwright/planet-reference-20260914/rocky-r010/rocky_reference_composition_r010.test.ts
 create mode 100644 output/playwright/planet-reference-20260914/rocky-r010/rocky_reference_composition_r010.ts
 create mode 100644 output/playwright/planet-reference-20260914/rocky-r010/rocky_reference_r010.tsconfig.json
 create mode 100644 output/playwright/planet-reference-20260914/rocky-r010/rocky_reference_r010.vitest.config.ts
 create mode 100644 output/playwright/planet-reference-20260914/rocky-r010/validation.json
 create mode 100644 output/playwright/planet-reference-20260914/runtime-projections/ice-moon-1-r002/equality.json
 create mode 100644 output/playwright/planet-reference-20260914/runtime-projections/ice-moon-1-r002/kit.json
 create mode 100644 output/playwright/planet-reference-20260914/runtime-projections/ice-moon-1-r002/projection.json
 create mode 100644 output/playwright/planet-reference-20260914/runtime-projections/ice-moon-2-r002/equality.json
 create mode 100644 output/playwright/planet-reference-20260914/runtime-projections/ice-moon-2-r002/kit.json
 create mode 100644 output/playwright/planet-reference-20260914/runtime-projections/ice-moon-2-r002/projection.json
 create mode 100644 output/playwright/planet-reference-20260914/temperate-moon-1-r001/angular-outcrops.glb
 create mode 100644 output/playwright/planet-reference-20260914/temperate-moon-1-r001/attempt-01-preview-placement/angular-outcrops.glb
 create mode 100644 output/playwright/planet-reference-20260914/temperate-moon-1-r001/attempt-01-preview-placement/battered-region-a.glb
 create mode 100644 output/playwright/planet-reference-20260914/temperate-moon-1-r001/attempt-01-preview-placement/battered-region-b.glb
 create mode 100644 output/playwright/planet-reference-20260914/temperate-moon-1-r001/attempt-01-preview-placement/crater-broken.glb
 create mode 100644 output/playwright/planet-reference-20260914/temperate-moon-1-r001/attempt-01-preview-placement/crater-large.glb
 create mode 100644 output/playwright/planet-reference-20260914/temperate-moon-1-r001/attempt-01-preview-placement/crater-small.glb
 create mode 100644 output/playwright/planet-reference-20260914/temperate-moon-1-r001/attempt-01-preview-placement/foundation-source.py
 create mode 100644 output/playwright/planet-reference-20260914/temperate-moon-1-r001/attempt-01-preview-placement/fractured-shelf.glb
 create mode 100644 output/playwright/planet-reference-20260914/temperate-moon-1-r001/attempt-01-preview-placement/generator.py
 create mode 100644 output/playwright/planet-reference-20260914/temperate-moon-1-r001/attempt-01-preview-placement/ground-sphere-low.glb
 create mode 100644 output/playwright/planet-reference-20260914/temperate-moon-1-r001/attempt-01-preview-placement/ground-sphere-medium.glb
 create mode 100644 output/playwright/planet-reference-20260914/temperate-moon-1-r001/attempt-01-preview-placement/ground-sphere.glb
 create mode 100644 output/playwright/planet-reference-20260914/temperate-moon-1-r001/attempt-01-preview-placement/kit-preview.png
 create mode 100644 output/playwright/planet-reference-20260914/temperate-moon-1-r001/attempt-01-preview-placement/kit.blend
 create mode 100644 output/playwright/planet-reference-20260914/temperate-moon-1-r001/attempt-01-preview-placement/kit.json
 create mode 100644 output/playwright/planet-reference-20260914/temperate-moon-1-r001/attempt-01-preview-placement/mineral-seam.glb
 create mode 100644 output/playwright/planet-reference-20260914/temperate-moon-1-r001/attempt-01-preview-placement/rocky-0-albedo.png
 create mode 100644 output/playwright/planet-reference-20260914/temperate-moon-1-r001/attempt-01-preview-placement/rocky-0-orm.png
 create mode 100644 output/playwright/planet-reference-20260914/temperate-moon-1-r001/attempt-01-preview-placement/rocky-1-albedo.png
 create mode 100644 output/playwright/planet-reference-20260914/temperate-moon-1-r001/attempt-01-preview-placement/rocky-1-orm.png
 create mode 100644 output/playwright/planet-reference-20260914/temperate-moon-1-r001/attempt-01-preview-placement/rocky-2-albedo.png
 create mode 100644 output/playwright/planet-reference-20260914/temperate-moon-1-r001/attempt-01-preview-placement/rocky-2-orm.png
 create mode 100644 output/playwright/planet-reference-20260914/temperate-moon-1-r001/attempt-01-preview-placement/rocky-3-albedo.png
 create mode 100644 output/playwright/planet-reference-20260914/temperate-moon-1-r001/attempt-01-preview-placement/rocky-3-orm.png
 create mode 100644 output/playwright/planet-reference-20260914/temperate-moon-1-r001/attempt-01-preview-placement/rocky-4-albedo.png
 create mode 100644 output/playwright/planet-reference-20260914/temperate-moon-1-r001/attempt-01-preview-placement/rocky-4-orm.png
 create mode 100644 output/playwright/planet-reference-20260914/temperate-moon-1-r001/attempt-01-preview-placement/rocky-5-albedo.png
 create mode 100644 output/playwright/planet-reference-20260914/temperate-moon-1-r001/attempt-01-preview-placement/rocky-5-orm.png
 create mode 100644 output/playwright/planet-reference-20260914/temperate-moon-1-r001/attempt-01-preview-placement/validation.json
 create mode 100644 output/playwright/planet-reference-20260914/temperate-moon-1-r001/attempt-01-preview-placement/variant-recipe.json
 create mode 100644 output/playwright/planet-reference-20260914/temperate-moon-1-r001/battered-region-a.glb
 create mode 100644 output/playwright/planet-reference-20260914/temperate-moon-1-r001/battered-region-b.glb
 create mode 100644 output/playwright/planet-reference-20260914/temperate-moon-1-r001/build_hybrid_moon_native_variants_r001.py
 create mode 100644 output/playwright/planet-reference-20260914/temperate-moon-1-r001/corrected-run.log
 create mode 100644 output/playwright/planet-reference-20260914/temperate-moon-1-r001/corrected-seed38-angle2.png
 create mode 100644 output/playwright/planet-reference-20260914/temperate-moon-1-r001/corrected-seed38-capture.log
 create mode 100644 output/playwright/planet-reference-20260914/temperate-moon-1-r001/corrected-seed38-reference-scale.png
 create mode 100644 output/playwright/planet-reference-20260914/temperate-moon-1-r001/corrected-seed38.json
 create mode 100644 output/playwright/planet-reference-20260914/temperate-moon-1-r001/corrected-seed38.png
 create mode 100644 output/playwright/planet-reference-20260914/temperate-moon-1-r001/crater-broken.glb
 create mode 100644 output/playwright/planet-reference-20260914/temperate-moon-1-r001/crater-large.glb
 create mode 100644 output/playwright/planet-reference-20260914/temperate-moon-1-r001/crater-small.glb
 create mode 100644 output/playwright/planet-reference-20260914/temperate-moon-1-r001/exact-reference.png
 create mode 100644 output/playwright/planet-reference-20260914/temperate-moon-1-r001/foundation-source.py
 create mode 100644 output/playwright/planet-reference-20260914/temperate-moon-1-r001/fractured-shelf.glb
 create mode 100644 output/playwright/planet-reference-20260914/temperate-moon-1-r001/generator.py
 create mode 100644 output/playwright/planet-reference-20260914/temperate-moon-1-r001/ground-sphere-low.glb
 create mode 100644 output/playwright/planet-reference-20260914/temperate-moon-1-r001/ground-sphere-medium.glb
 create mode 100644 output/playwright/planet-reference-20260914/temperate-moon-1-r001/ground-sphere.glb
 create mode 100644 output/playwright/planet-reference-20260914/temperate-moon-1-r001/hybrid_moon_reference_composition_r001.test.ts
 create mode 100644 output/playwright/planet-reference-20260914/temperate-moon-1-r001/hybrid_moon_reference_composition_r001.ts
 create mode 100644 output/playwright/planet-reference-20260914/temperate-moon-1-r001/hybrid_moon_reference_r001.tsconfig.json
 create mode 100644 output/playwright/planet-reference-20260914/temperate-moon-1-r001/hybrid_moon_reference_r001.vitest.config.ts
 create mode 100644 output/playwright/planet-reference-20260914/temperate-moon-1-r001/kit-preview.png
 create mode 100644 output/playwright/planet-reference-20260914/temperate-moon-1-r001/kit.blend
 create mode 100644 output/playwright/planet-reference-20260914/temperate-moon-1-r001/kit.json
 create mode 100644 output/playwright/planet-reference-20260914/temperate-moon-1-r001/mineral-seam.glb
 create mode 100644 output/playwright/planet-reference-20260914/temperate-moon-1-r001/revision-notes.md
 create mode 100644 output/playwright/planet-reference-20260914/temperate-moon-1-r001/rocky-0-albedo.png
 create mode 100644 output/playwright/planet-reference-20260914/temperate-moon-1-r001/rocky-0-orm.png
 create mode 100644 output/playwright/planet-reference-20260914/temperate-moon-1-r001/rocky-1-albedo.png
 create mode 100644 output/playwright/planet-reference-20260914/temperate-moon-1-r001/rocky-1-orm.png
 create mode 100644 output/playwright/planet-reference-20260914/temperate-moon-1-r001/rocky-2-albedo.png
 create mode 100644 output/playwright/planet-reference-20260914/temperate-moon-1-r001/rocky-2-orm.png
 create mode 100644 output/playwright/planet-reference-20260914/temperate-moon-1-r001/rocky-3-albedo.png
 create mode 100644 output/playwright/planet-reference-20260914/temperate-moon-1-r001/rocky-3-orm.png
 create mode 100644 output/playwright/planet-reference-20260914/temperate-moon-1-r001/rocky-4-albedo.png
 create mode 100644 output/playwright/planet-reference-20260914/temperate-moon-1-r001/rocky-4-orm.png
 create mode 100644 output/playwright/planet-reference-20260914/temperate-moon-1-r001/rocky-5-albedo.png
 create mode 100644 output/playwright/planet-reference-20260914/temperate-moon-1-r001/rocky-5-orm.png
 create mode 100644 output/playwright/planet-reference-20260914/temperate-moon-1-r001/validation.json
 create mode 100644 output/playwright/planet-reference-20260914/temperate-moon-1-r001/variant-recipe.json
 create mode 100644 output/playwright/planet-reference-20260914/temperate-moon-1-r002/angular-outcrops.glb
 create mode 100644 output/playwright/planet-reference-20260914/temperate-moon-1-r002/battered-region-a.glb
 create mode 100644 output/playwright/planet-reference-20260914/temperate-moon-1-r002/battered-region-b.glb
 create mode 100644 output/playwright/planet-reference-20260914/temperate-moon-1-r002/build_hybrid_moon_native_variants_r002.py
 create mode 100644 output/playwright/planet-reference-20260914/temperate-moon-1-r002/corrected-run.log
 create mode 100644 output/playwright/planet-reference-20260914/temperate-moon-1-r002/corrected-seed38-angle2.png
 create mode 100644 output/playwright/planet-reference-20260914/temperate-moon-1-r002/corrected-seed38-capture.log
 create mode 100644 output/playwright/planet-reference-20260914/temperate-moon-1-r002/corrected-seed38-reference-scale.png
 create mode 100644 output/playwright/planet-reference-20260914/temperate-moon-1-r002/corrected-seed38.json
 create mode 100644 output/playwright/planet-reference-20260914/temperate-moon-1-r002/corrected-seed38.png
 create mode 100644 output/playwright/planet-reference-20260914/temperate-moon-1-r002/crater-broken.glb
 create mode 100644 output/playwright/planet-reference-20260914/temperate-moon-1-r002/crater-large.glb
 create mode 100644 output/playwright/planet-reference-20260914/temperate-moon-1-r002/crater-small.glb
 create mode 100644 output/playwright/planet-reference-20260914/temperate-moon-1-r002/exact-reference.png
 create mode 100644 output/playwright/planet-reference-20260914/temperate-moon-1-r002/foundation-source.py
 create mode 100644 output/playwright/planet-reference-20260914/temperate-moon-1-r002/fractured-shelf.glb
 create mode 100644 output/playwright/planet-reference-20260914/temperate-moon-1-r002/generator.py
 create mode 100644 output/playwright/planet-reference-20260914/temperate-moon-1-r002/ground-sphere-low.glb
 create mode 100644 output/playwright/planet-reference-20260914/temperate-moon-1-r002/ground-sphere-medium.glb
 create mode 100644 output/playwright/planet-reference-20260914/temperate-moon-1-r002/ground-sphere.glb
 create mode 100644 output/playwright/planet-reference-20260914/temperate-moon-1-r002/hybrid_moon_reference_composition_r001.ts
 create mode 100644 output/playwright/planet-reference-20260914/temperate-moon-1-r002/hybrid_moon_reference_composition_r002.test.ts
 create mode 100644 output/playwright/planet-reference-20260914/temperate-moon-1-r002/hybrid_moon_reference_r002.tsconfig.json
 create mode 100644 output/playwright/planet-reference-20260914/temperate-moon-1-r002/hybrid_moon_reference_r002.vitest.config.ts
 create mode 100644 output/playwright/planet-reference-20260914/temperate-moon-1-r002/kit-preview.png
 create mode 100644 output/playwright/planet-reference-20260914/temperate-moon-1-r002/kit.blend
 create mode 100644 output/playwright/planet-reference-20260914/temperate-moon-1-r002/kit.json
 create mode 100644 output/playwright/planet-reference-20260914/temperate-moon-1-r002/mineral-seam.glb
 create mode 100644 output/playwright/planet-reference-20260914/temperate-moon-1-r002/revision-notes.md
 create mode 100644 output/playwright/planet-reference-20260914/temperate-moon-1-r002/rocky-0-albedo.png
 create mode 100644 output/playwright/planet-reference-20260914/temperate-moon-1-r002/rocky-0-orm.png
 create mode 100644 output/playwright/planet-reference-20260914/temperate-moon-1-r002/rocky-1-albedo.png
 create mode 100644 output/playwright/planet-reference-20260914/temperate-moon-1-r002/rocky-1-orm.png
 create mode 100644 output/playwright/planet-reference-20260914/temperate-moon-1-r002/rocky-2-albedo.png
 create mode 100644 output/playwright/planet-reference-20260914/temperate-moon-1-r002/rocky-2-orm.png
 create mode 100644 output/playwright/planet-reference-20260914/temperate-moon-1-r002/rocky-3-albedo.png
 create mode 100644 output/playwright/planet-reference-20260914/temperate-moon-1-r002/rocky-3-orm.png
 create mode 100644 output/playwright/planet-reference-20260914/temperate-moon-1-r002/rocky-4-albedo.png
 create mode 100644 output/playwright/planet-reference-20260914/temperate-moon-1-r002/rocky-4-orm.png
 create mode 100644 output/playwright/planet-reference-20260914/temperate-moon-1-r002/rocky-5-albedo.png
 create mode 100644 output/playwright/planet-reference-20260914/temperate-moon-1-r002/rocky-5-orm.png
 create mode 100644 output/playwright/planet-reference-20260914/temperate-moon-1-r002/validation.json
 create mode 100644 output/playwright/planet-reference-20260914/temperate-moon-1-r002/variant-recipe.json
 create mode 100644 output/playwright/planet-reference-20260914/temperate-moon-2-r001/angular-outcrops.glb
 create mode 100644 output/playwright/planet-reference-20260914/temperate-moon-2-r001/battered-region-a.glb
 create mode 100644 output/playwright/planet-reference-20260914/temperate-moon-2-r001/battered-region-b.glb
 create mode 100644 output/playwright/planet-reference-20260914/temperate-moon-2-r001/build_hybrid_moon_native_variants_r001.py
 create mode 100644 output/playwright/planet-reference-20260914/temperate-moon-2-r001/corrected-run.log
 create mode 100644 output/playwright/planet-reference-20260914/temperate-moon-2-r001/corrected-seed38-angle2.png
 create mode 100644 output/playwright/planet-reference-20260914/temperate-moon-2-r001/corrected-seed38-capture.log
 create mode 100644 output/playwright/planet-reference-20260914/temperate-moon-2-r001/corrected-seed38-reference-scale.png
 create mode 100644 output/playwright/planet-reference-20260914/temperate-moon-2-r001/corrected-seed38.json
 create mode 100644 output/playwright/planet-reference-20260914/temperate-moon-2-r001/corrected-seed38.png
 create mode 100644 output/playwright/planet-reference-20260914/temperate-moon-2-r001/crater-broken.glb
 create mode 100644 output/playwright/planet-reference-20260914/temperate-moon-2-r001/crater-large.glb
 create mode 100644 output/playwright/planet-reference-20260914/temperate-moon-2-r001/crater-small.glb
 create mode 100644 output/playwright/planet-reference-20260914/temperate-moon-2-r001/exact-reference.png
 create mode 100644 output/playwright/planet-reference-20260914/temperate-moon-2-r001/foundation-source.py
 create mode 100644 output/playwright/planet-reference-20260914/temperate-moon-2-r001/fractured-shelf.glb
 create mode 100644 output/playwright/planet-reference-20260914/temperate-moon-2-r001/generator.py
 create mode 100644 output/playwright/planet-reference-20260914/temperate-moon-2-r001/ground-sphere-low.glb
 create mode 100644 output/playwright/planet-reference-20260914/temperate-moon-2-r001/ground-sphere-medium.glb
 create mode 100644 output/playwright/planet-reference-20260914/temperate-moon-2-r001/ground-sphere.glb
 create mode 100644 output/playwright/planet-reference-20260914/temperate-moon-2-r001/hybrid_moon_reference_composition_r001.test.ts
 create mode 100644 output/playwright/planet-reference-20260914/temperate-moon-2-r001/hybrid_moon_reference_composition_r001.ts
 create mode 100644 output/playwright/planet-reference-20260914/temperate-moon-2-r001/hybrid_moon_reference_r001.tsconfig.json
 create mode 100644 output/playwright/planet-reference-20260914/temperate-moon-2-r001/hybrid_moon_reference_r001.vitest.config.ts
 create mode 100644 output/playwright/planet-reference-20260914/temperate-moon-2-r001/kit-preview.png
 create mode 100644 output/playwright/planet-reference-20260914/temperate-moon-2-r001/kit.blend
 create mode 100644 output/playwright/planet-reference-20260914/temperate-moon-2-r001/kit.json
 create mode 100644 output/playwright/planet-reference-20260914/temperate-moon-2-r001/mineral-seam.glb
 create mode 100644 output/playwright/planet-reference-20260914/temperate-moon-2-r001/revision-notes.md
 create mode 100644 output/playwright/planet-reference-20260914/temperate-moon-2-r001/rocky-0-albedo.png
 create mode 100644 output/playwright/planet-reference-20260914/temperate-moon-2-r001/rocky-0-orm.png
 create mode 100644 output/playwright/planet-reference-20260914/temperate-moon-2-r001/rocky-1-albedo.png
 create mode 100644 output/playwright/planet-reference-20260914/temperate-moon-2-r001/rocky-1-orm.png
 create mode 100644 output/playwright/planet-reference-20260914/temperate-moon-2-r001/rocky-2-albedo.png
 create mode 100644 output/playwright/planet-reference-20260914/temperate-moon-2-r001/rocky-2-orm.png
 create mode 100644 output/playwright/planet-reference-20260914/temperate-moon-2-r001/rocky-3-albedo.png
 create mode 100644 output/playwright/planet-reference-20260914/temperate-moon-2-r001/rocky-3-orm.png
 create mode 100644 output/playwright/planet-reference-20260914/temperate-moon-2-r001/rocky-4-albedo.png
 create mode 100644 output/playwright/planet-reference-20260914/temperate-moon-2-r001/rocky-4-orm.png
 create mode 100644 output/playwright/planet-reference-20260914/temperate-moon-2-r001/rocky-5-albedo.png
 create mode 100644 output/playwright/planet-reference-20260914/temperate-moon-2-r001/rocky-5-orm.png
 create mode 100644 output/playwright/planet-reference-20260914/temperate-moon-2-r001/validation.json
 create mode 100644 output/playwright/planet-reference-20260914/temperate-moon-2-r001/variant-recipe.json
 create mode 100644 output/playwright/planet-reference-20260914/temperate-moon-2-r002/angular-outcrops.glb
 create mode 100644 output/playwright/planet-reference-20260914/temperate-moon-2-r002/battered-region-a.glb
 create mode 100644 output/playwright/planet-reference-20260914/temperate-moon-2-r002/battered-region-b.glb
 create mode 100644 output/playwright/planet-reference-20260914/temperate-moon-2-r002/build_hybrid_moon_native_variants_r002.py
 create mode 100644 output/playwright/planet-reference-20260914/temperate-moon-2-r002/corrected-run.log
 create mode 100644 output/playwright/planet-reference-20260914/temperate-moon-2-r002/corrected-seed38-angle2.png
 create mode 100644 output/playwright/planet-reference-20260914/temperate-moon-2-r002/corrected-seed38-capture.log
 create mode 100644 output/playwright/planet-reference-20260914/temperate-moon-2-r002/corrected-seed38-reference-scale.png
 create mode 100644 output/playwright/planet-reference-20260914/temperate-moon-2-r002/corrected-seed38.json
 create mode 100644 output/playwright/planet-reference-20260914/temperate-moon-2-r002/corrected-seed38.png
 create mode 100644 output/playwright/planet-reference-20260914/temperate-moon-2-r002/crater-broken.glb
 create mode 100644 output/playwright/planet-reference-20260914/temperate-moon-2-r002/crater-large.glb
 create mode 100644 output/playwright/planet-reference-20260914/temperate-moon-2-r002/crater-small.glb
 create mode 100644 output/playwright/planet-reference-20260914/temperate-moon-2-r002/exact-reference.png
 create mode 100644 output/playwright/planet-reference-20260914/temperate-moon-2-r002/foundation-source.py
 create mode 100644 output/playwright/planet-reference-20260914/temperate-moon-2-r002/fractured-shelf.glb
 create mode 100644 output/playwright/planet-reference-20260914/temperate-moon-2-r002/generator.py
 create mode 100644 output/playwright/planet-reference-20260914/temperate-moon-2-r002/ground-sphere-low.glb
 create mode 100644 output/playwright/planet-reference-20260914/temperate-moon-2-r002/ground-sphere-medium.glb
 create mode 100644 output/playwright/planet-reference-20260914/temperate-moon-2-r002/ground-sphere.glb
 create mode 100644 output/playwright/planet-reference-20260914/temperate-moon-2-r002/hybrid_moon_reference_composition_r001.ts
 create mode 100644 output/playwright/planet-reference-20260914/temperate-moon-2-r002/hybrid_moon_reference_composition_r002.test.ts
 create mode 100644 output/playwright/planet-reference-20260914/temperate-moon-2-r002/hybrid_moon_reference_r002.tsconfig.json
 create mode 100644 output/playwright/planet-reference-20260914/temperate-moon-2-r002/hybrid_moon_reference_r002.vitest.config.ts
 create mode 100644 output/playwright/planet-reference-20260914/temperate-moon-2-r002/kit-preview.png
 create mode 100644 output/playwright/planet-reference-20260914/temperate-moon-2-r002/kit.blend
 create mode 100644 output/playwright/planet-reference-20260914/temperate-moon-2-r002/kit.json
 create mode 100644 output/playwright/planet-reference-20260914/temperate-moon-2-r002/mineral-seam.glb
 create mode 100644 output/playwright/planet-reference-20260914/temperate-moon-2-r002/revision-notes.md
 create mode 100644 output/playwright/planet-reference-20260914/temperate-moon-2-r002/rocky-0-albedo.png
 create mode 100644 output/playwright/planet-reference-20260914/temperate-moon-2-r002/rocky-0-orm.png
 create mode 100644 output/playwright/planet-reference-20260914/temperate-moon-2-r002/rocky-1-albedo.png
 create mode 100644 output/playwright/planet-reference-20260914/temperate-moon-2-r002/rocky-1-orm.png
 create mode 100644 output/playwright/planet-reference-20260914/temperate-moon-2-r002/rocky-2-albedo.png
 create mode 100644 output/playwright/planet-reference-20260914/temperate-moon-2-r002/rocky-2-orm.png
 create mode 100644 output/playwright/planet-reference-20260914/temperate-moon-2-r002/rocky-3-albedo.png
 create mode 100644 output/playwright/planet-reference-20260914/temperate-moon-2-r002/rocky-3-orm.png
 create mode 100644 output/playwright/planet-reference-20260914/temperate-moon-2-r002/rocky-4-albedo.png
 create mode 100644 output/playwright/planet-reference-20260914/temperate-moon-2-r002/rocky-4-orm.png
 create mode 100644 output/playwright/planet-reference-20260914/temperate-moon-2-r002/rocky-5-albedo.png
 create mode 100644 output/playwright/planet-reference-20260914/temperate-moon-2-r002/rocky-5-orm.png
 create mode 100644 output/playwright/planet-reference-20260914/temperate-moon-2-r002/validation.json
 create mode 100644 output/playwright/planet-reference-20260914/temperate-moon-2-r002/variant-recipe.json
 create mode 100644 output/playwright/planet-reference-20260914/temperate-r003/attribute-audit/report.json
 create mode 100644 output/playwright/planet-reference-20260914/temperate-r003/attribute-audit/report.md
 create mode 100644 output/playwright/planet-reference-20260914/temperate-r003/build_temperate_native_kit_r003.py
 create mode 100644 output/playwright/planet-reference-20260914/temperate-r003/continent-a.glb
 create mode 100644 output/playwright/planet-reference-20260914/temperate-r003/continent-b.glb
 create mode 100644 output/playwright/planet-reference-20260914/temperate-r003/continent-c.glb
 create mode 100644 output/playwright/planet-reference-20260914/temperate-r003/corrected-seed38-angle2.png
 create mode 100644 output/playwright/planet-reference-20260914/temperate-r003/corrected-seed38-capture.log
 create mode 100644 output/playwright/planet-reference-20260914/temperate-r003/corrected-seed38-reference-scale.png
 create mode 100644 output/playwright/planet-reference-20260914/temperate-r003/corrected-seed38.json
 create mode 100644 output/playwright/planet-reference-20260914/temperate-r003/corrected-seed38.png
 create mode 100644 output/playwright/planet-reference-20260914/temperate-r003/exact-normal-matching-audit.json
 create mode 100644 output/playwright/planet-reference-20260914/temperate-r003/exact-normal-matching-audit.py
 create mode 100644 output/playwright/planet-reference-20260914/temperate-r003/forested-continent-preview.png
 create mode 100644 output/playwright/planet-reference-20260914/temperate-r003/ground-sphere-low.glb
 create mode 100644 output/playwright/planet-reference-20260914/temperate-r003/ground-sphere-medium.glb
 create mode 100644 output/playwright/planet-reference-20260914/temperate-r003/ground-sphere.glb
 create mode 100644 output/playwright/planet-reference-20260914/temperate-r003/island-1-albedo.png
 create mode 100644 output/playwright/planet-reference-20260914/temperate-r003/island-1-normal.png
 create mode 100644 output/playwright/planet-reference-20260914/temperate-r003/island-1-orm.png
 create mode 100644 output/playwright/planet-reference-20260914/temperate-r003/island-2-albedo.png
 create mode 100644 output/playwright/planet-reference-20260914/temperate-r003/island-2-normal.png
 create mode 100644 output/playwright/planet-reference-20260914/temperate-r003/island-2-orm.png
 create mode 100644 output/playwright/planet-reference-20260914/temperate-r003/island-3-albedo.png
 create mode 100644 output/playwright/planet-reference-20260914/temperate-r003/island-3-normal.png
 create mode 100644 output/playwright/planet-reference-20260914/temperate-r003/island-3-orm.png
 create mode 100644 output/playwright/planet-reference-20260914/temperate-r003/island-4-albedo.png
 create mode 100644 output/playwright/planet-reference-20260914/temperate-r003/island-4-normal.png
 create mode 100644 output/playwright/planet-reference-20260914/temperate-r003/island-4-orm.png
 create mode 100644 output/playwright/planet-reference-20260914/temperate-r003/island-5-albedo.png
 create mode 100644 output/playwright/planet-reference-20260914/temperate-r003/island-5-normal.png
 create mode 100644 output/playwright/planet-reference-20260914/temperate-r003/island-5-orm.png
 create mode 100644 output/playwright/planet-reference-20260914/temperate-r003/island-6-albedo.png
 create mode 100644 output/playwright/planet-reference-20260914/temperate-r003/island-6-normal.png
 create mode 100644 output/playwright/planet-reference-20260914/temperate-r003/island-6-orm.png
 create mode 100644 output/playwright/planet-reference-20260914/temperate-r003/kit-preview.png
 create mode 100644 output/playwright/planet-reference-20260914/temperate-r003/kit.blend
 create mode 100644 output/playwright/planet-reference-20260914/temperate-r003/kit.json
 create mode 100644 output/playwright/planet-reference-20260914/temperate-r003/planet-reference-scale.png
 create mode 100644 output/playwright/planet-reference-20260914/temperate-r003/planet-seed38-angle2.png
 create mode 100644 output/playwright/planet-reference-20260914/temperate-r003/planet-seed38.png
 create mode 100644 output/playwright/planet-reference-20260914/temperate-r003/render-forest-unit.py
 create mode 100644 output/playwright/planet-reference-20260914/temperate-r003/revision-notes.md
 create mode 100644 output/playwright/planet-reference-20260914/temperate-r003/small-grove.glb
 create mode 100644 output/playwright/planet-reference-20260914/temperate-r003/temperate_reference_composition_r003.test.ts
 create mode 100644 output/playwright/planet-reference-20260914/temperate-r003/temperate_reference_composition_r003.ts
 create mode 100644 output/playwright/planet-reference-20260914/temperate-r003/temperate_reference_r003.tsconfig.json
 create mode 100644 output/playwright/planet-reference-20260914/temperate-r003/temperate_reference_r003.vitest.config.ts
 create mode 100644 output/playwright/planet-reference-20260914/temperate-r003/tree-grove.glb
 create mode 100644 output/playwright/planet-reference-20260914/temperate-r003/validation.json
 create mode 100644 output/playwright/planet-reference-20260914/temperate-r003/water-albedo.png
 create mode 100644 output/playwright/planet-reference-20260914/temperate-r003/water-normal.png
 create mode 100644 output/playwright/planet-reference-20260914/temperate-r003/water-orm.png
 create mode 100644 output/playwright/planet-reference-20260914/toxic-fog-r005/attribute-audit/report.json
 create mode 100644 output/playwright/planet-reference-20260914/toxic-fog-r005/attribute-audit/report.md
 create mode 100644 output/playwright/planet-reference-20260914/toxic-fog-r005/clearance-integration/README.md
 create mode 100644 output/playwright/planet-reference-20260914/toxic-fog-r005/clearance-integration/anchor-clearance.json
 create mode 100644 output/playwright/planet-reference-20260914/toxic-fog-r005/clearance-integration/source-hashes.json
 create mode 100644 output/playwright/planet-reference-20260914/toxic-fog-r005/clearance-integration/toxic_fog_reference_clearance.test.ts
 create mode 100644 output/playwright/planet-reference-20260914/toxic-fog-r005/clearance-integration/toxic_fog_reference_clearance.ts
 create mode 100644 output/playwright/planet-reference-20260914/toxic-fog-r005/composition-r005.test.ts
 create mode 100644 output/playwright/planet-reference-20260914/toxic-fog-r005/composition-r005.ts
 create mode 100644 output/playwright/planet-reference-20260914/toxic-fog-r005/context-preview.py
 create mode 100644 output/playwright/planet-reference-20260914/toxic-fog-r005/density-context-preview.png
 create mode 100644 output/playwright/planet-reference-20260914/toxic-fog-r005/generator.py
 create mode 100644 output/playwright/planet-reference-20260914/toxic-fog-r005/integration/README.md
 create mode 100644 output/playwright/planet-reference-20260914/toxic-fog-r005/integration/target-source-hashes.json
 create mode 100644 output/playwright/planet-reference-20260914/toxic-fog-r005/integration/toxic_fog_reference_integration.test.ts
 create mode 100644 output/playwright/planet-reference-20260914/toxic-fog-r005/integration/toxic_fog_reference_integration.ts
 create mode 100644 output/playwright/planet-reference-20260914/toxic-fog-r005/integration/toxic_fog_reference_material.ts
 create mode 100644 output/playwright/planet-reference-20260914/toxic-fog-r005/kit-preview.png
 create mode 100644 output/playwright/planet-reference-20260914/toxic-fog-r005/kit.blend
 create mode 100644 output/playwright/planet-reference-20260914/toxic-fog-r005/kit.json
 create mode 100644 output/playwright/planet-reference-20260914/toxic-fog-r005/local-review.md
 create mode 100644 output/playwright/planet-reference-20260914/toxic-fog-r005/raw-native-exports/toxic-fog-broken-wisp.glb
 create mode 100644 output/playwright/planet-reference-20260914/toxic-fog-r005/raw-native-exports/toxic-fog-low-bank.glb
 create mode 100644 output/playwright/planet-reference-20260914/toxic-fog-r005/raw-native-exports/toxic-fog-vent-plume.glb
 create mode 100644 output/playwright/planet-reference-20260914/toxic-fog-r005/source-hashes.json
 create mode 100644 output/playwright/planet-reference-20260914/toxic-fog-r005/test_saved_density.py
 create mode 100644 output/playwright/planet-reference-20260914/toxic-fog-r005/toxic-fog-broken-wisp.glb
 create mode 100644 output/playwright/planet-reference-20260914/toxic-fog-r005/toxic-fog-density.png
 create mode 100644 output/playwright/planet-reference-20260914/toxic-fog-r005/toxic-fog-low-bank.glb
 create mode 100644 output/playwright/planet-reference-20260914/toxic-fog-r005/toxic-fog-vent-plume.glb
 create mode 100644 output/playwright/planet-reference-20260914/toxic-fog-r005/validation.json
 create mode 100644 output/playwright/planet-reference-20260914/toxic-moon-1-r001/angular-outcrops.glb
 create mode 100644 output/playwright/planet-reference-20260914/toxic-moon-1-r001/battered-region-a.glb
 create mode 100644 output/playwright/planet-reference-20260914/toxic-moon-1-r001/battered-region-b.glb
 create mode 100644 output/playwright/planet-reference-20260914/toxic-moon-1-r001/build_exotic_moon_native_variants_r001.py
 create mode 100644 output/playwright/planet-reference-20260914/toxic-moon-1-r001/corrected-run.log
 create mode 100644 output/playwright/planet-reference-20260914/toxic-moon-1-r001/corrected-seed38-angle2.png
 create mode 100644 output/playwright/planet-reference-20260914/toxic-moon-1-r001/corrected-seed38-capture.log
 create mode 100644 output/playwright/planet-reference-20260914/toxic-moon-1-r001/corrected-seed38-reference-scale.png
 create mode 100644 output/playwright/planet-reference-20260914/toxic-moon-1-r001/corrected-seed38.json
 create mode 100644 output/playwright/planet-reference-20260914/toxic-moon-1-r001/corrected-seed38.png
 create mode 100644 output/playwright/planet-reference-20260914/toxic-moon-1-r001/crater-broken.glb
 create mode 100644 output/playwright/planet-reference-20260914/toxic-moon-1-r001/crater-large.glb
 create mode 100644 output/playwright/planet-reference-20260914/toxic-moon-1-r001/crater-small.glb
 create mode 100644 output/playwright/planet-reference-20260914/toxic-moon-1-r001/exact-reference.png
 create mode 100644 output/playwright/planet-reference-20260914/toxic-moon-1-r001/foundation-source.py
 create mode 100644 output/playwright/planet-reference-20260914/toxic-moon-1-r001/fractured-shelf.glb
 create mode 100644 output/playwright/planet-reference-20260914/toxic-moon-1-r001/generator.py
 create mode 100644 output/playwright/planet-reference-20260914/toxic-moon-1-r001/ground-sphere-low.glb
 create mode 100644 output/playwright/planet-reference-20260914/toxic-moon-1-r001/ground-sphere-medium.glb
 create mode 100644 output/playwright/planet-reference-20260914/toxic-moon-1-r001/ground-sphere.glb
 create mode 100644 output/playwright/planet-reference-20260914/toxic-moon-1-r001/kit-preview.png
 create mode 100644 output/playwright/planet-reference-20260914/toxic-moon-1-r001/kit.blend
 create mode 100644 output/playwright/planet-reference-20260914/toxic-moon-1-r001/kit.json
 create mode 100644 output/playwright/planet-reference-20260914/toxic-moon-1-r001/mineral-seam.glb
 create mode 100644 output/playwright/planet-reference-20260914/toxic-moon-1-r001/revision-notes.md
 create mode 100644 output/playwright/planet-reference-20260914/toxic-moon-1-r001/rocky-0-albedo.png
 create mode 100644 output/playwright/planet-reference-20260914/toxic-moon-1-r001/rocky-0-orm.png
 create mode 100644 output/playwright/planet-reference-20260914/toxic-moon-1-r001/rocky-1-albedo.png
 create mode 100644 output/playwright/planet-reference-20260914/toxic-moon-1-r001/rocky-1-orm.png
 create mode 100644 output/playwright/planet-reference-20260914/toxic-moon-1-r001/rocky-2-albedo.png
 create mode 100644 output/playwright/planet-reference-20260914/toxic-moon-1-r001/rocky-2-orm.png
 create mode 100644 output/playwright/planet-reference-20260914/toxic-moon-1-r001/rocky-3-albedo.png
 create mode 100644 output/playwright/planet-reference-20260914/toxic-moon-1-r001/rocky-3-orm.png
 create mode 100644 output/playwright/planet-reference-20260914/toxic-moon-1-r001/rocky-4-albedo.png
 create mode 100644 output/playwright/planet-reference-20260914/toxic-moon-1-r001/rocky-4-orm.png
 create mode 100644 output/playwright/planet-reference-20260914/toxic-moon-1-r001/rocky-5-albedo.png
 create mode 100644 output/playwright/planet-reference-20260914/toxic-moon-1-r001/rocky-5-orm.png
 create mode 100644 output/playwright/planet-reference-20260914/toxic-moon-1-r001/toxic_moon_reference_composition_r001.test.ts
 create mode 100644 output/playwright/planet-reference-20260914/toxic-moon-1-r001/toxic_moon_reference_composition_r001.ts
 create mode 100644 output/playwright/planet-reference-20260914/toxic-moon-1-r001/toxic_moon_reference_r001.tsconfig.json
 create mode 100644 output/playwright/planet-reference-20260914/toxic-moon-1-r001/toxic_moon_reference_r001.vitest.config.ts
 create mode 100644 output/playwright/planet-reference-20260914/toxic-moon-1-r001/validation.json
 create mode 100644 output/playwright/planet-reference-20260914/toxic-moon-1-r001/variant-recipe.json
 create mode 100644 output/playwright/planet-reference-20260914/toxic-moon-2-r001/angular-outcrops.glb
 create mode 100644 output/playwright/planet-reference-20260914/toxic-moon-2-r001/battered-region-a.glb
 create mode 100644 output/playwright/planet-reference-20260914/toxic-moon-2-r001/battered-region-b.glb
 create mode 100644 output/playwright/planet-reference-20260914/toxic-moon-2-r001/build_exotic_moon_native_variants_r001.py
 create mode 100644 output/playwright/planet-reference-20260914/toxic-moon-2-r001/corrected-run.log
 create mode 100644 output/playwright/planet-reference-20260914/toxic-moon-2-r001/corrected-seed38-angle2.png
 create mode 100644 output/playwright/planet-reference-20260914/toxic-moon-2-r001/corrected-seed38-capture.log
 create mode 100644 output/playwright/planet-reference-20260914/toxic-moon-2-r001/corrected-seed38-reference-scale.png
 create mode 100644 output/playwright/planet-reference-20260914/toxic-moon-2-r001/corrected-seed38.json
 create mode 100644 output/playwright/planet-reference-20260914/toxic-moon-2-r001/corrected-seed38.png
 create mode 100644 output/playwright/planet-reference-20260914/toxic-moon-2-r001/crater-broken.glb
 create mode 100644 output/playwright/planet-reference-20260914/toxic-moon-2-r001/crater-large.glb
 create mode 100644 output/playwright/planet-reference-20260914/toxic-moon-2-r001/crater-small.glb
 create mode 100644 output/playwright/planet-reference-20260914/toxic-moon-2-r001/exact-reference.png
 create mode 100644 output/playwright/planet-reference-20260914/toxic-moon-2-r001/foundation-source.py
 create mode 100644 output/playwright/planet-reference-20260914/toxic-moon-2-r001/fractured-shelf.glb
 create mode 100644 output/playwright/planet-reference-20260914/toxic-moon-2-r001/generator.py
 create mode 100644 output/playwright/planet-reference-20260914/toxic-moon-2-r001/ground-sphere-low.glb
 create mode 100644 output/playwright/planet-reference-20260914/toxic-moon-2-r001/ground-sphere-medium.glb
 create mode 100644 output/playwright/planet-reference-20260914/toxic-moon-2-r001/ground-sphere.glb
 create mode 100644 output/playwright/planet-reference-20260914/toxic-moon-2-r001/kit-preview.png
 create mode 100644 output/playwright/planet-reference-20260914/toxic-moon-2-r001/kit.blend
 create mode 100644 output/playwright/planet-reference-20260914/toxic-moon-2-r001/kit.json
 create mode 100644 output/playwright/planet-reference-20260914/toxic-moon-2-r001/mineral-seam.glb
 create mode 100644 output/playwright/planet-reference-20260914/toxic-moon-2-r001/revision-notes.md
 create mode 100644 output/playwright/planet-reference-20260914/toxic-moon-2-r001/rocky-0-albedo.png
 create mode 100644 output/playwright/planet-reference-20260914/toxic-moon-2-r001/rocky-0-orm.png
 create mode 100644 output/playwright/planet-reference-20260914/toxic-moon-2-r001/rocky-1-albedo.png
 create mode 100644 output/playwright/planet-reference-20260914/toxic-moon-2-r001/rocky-1-orm.png
 create mode 100644 output/playwright/planet-reference-20260914/toxic-moon-2-r001/rocky-2-albedo.png
 create mode 100644 output/playwright/planet-reference-20260914/toxic-moon-2-r001/rocky-2-orm.png
 create mode 100644 output/playwright/planet-reference-20260914/toxic-moon-2-r001/rocky-3-albedo.png
 create mode 100644 output/playwright/planet-reference-20260914/toxic-moon-2-r001/rocky-3-orm.png
 create mode 100644 output/playwright/planet-reference-20260914/toxic-moon-2-r001/rocky-4-albedo.png
 create mode 100644 output/playwright/planet-reference-20260914/toxic-moon-2-r001/rocky-4-orm.png
 create mode 100644 output/playwright/planet-reference-20260914/toxic-moon-2-r001/rocky-5-albedo.png
 create mode 100644 output/playwright/planet-reference-20260914/toxic-moon-2-r001/rocky-5-orm.png
 create mode 100644 output/playwright/planet-reference-20260914/toxic-moon-2-r001/toxic_moon_reference_composition_r001.test.ts
 create mode 100644 output/playwright/planet-reference-20260914/toxic-moon-2-r001/toxic_moon_reference_composition_r001.ts
 create mode 100644 output/playwright/planet-reference-20260914/toxic-moon-2-r001/toxic_moon_reference_r001.tsconfig.json
 create mode 100644 output/playwright/planet-reference-20260914/toxic-moon-2-r001/toxic_moon_reference_r001.vitest.config.ts
 create mode 100644 output/playwright/planet-reference-20260914/toxic-moon-2-r001/validation.json
 create mode 100644 output/playwright/planet-reference-20260914/toxic-moon-2-r001/variant-recipe.json
 create mode 100644 output/playwright/planet-reference-20260914/toxic-r001/planet-seed38.png
 create mode 100644 output/playwright/planet-reference-20260914/toxic-r004/attribute-audit/report.json
 create mode 100644 output/playwright/planet-reference-20260914/toxic-r004/attribute-audit/report.md
 create mode 100644 output/playwright/planet-reference-20260914/toxic-r004/composition-r004.test.ts
 create mode 100644 output/playwright/planet-reference-20260914/toxic-r004/composition-r004.ts
 create mode 100644 output/playwright/planet-reference-20260914/toxic-r004/context-preview.py
 create mode 100644 output/playwright/planet-reference-20260914/toxic-r004/corrected-seed38-angle2.png
 create mode 100644 output/playwright/planet-reference-20260914/toxic-r004/corrected-seed38-capture.log
 create mode 100644 output/playwright/planet-reference-20260914/toxic-r004/corrected-seed38-reference-scale.png
 create mode 100644 output/playwright/planet-reference-20260914/toxic-r004/corrected-seed38.json
 create mode 100644 output/playwright/planet-reference-20260914/toxic-r004/corrected-seed38.png
 create mode 100644 output/playwright/planet-reference-20260914/toxic-r004/corrosion-0-albedo.png
 create mode 100644 output/playwright/planet-reference-20260914/toxic-r004/corrosion-0-normal.png
 create mode 100644 output/playwright/planet-reference-20260914/toxic-r004/corrosion-0-orm.png
 create mode 100644 output/playwright/planet-reference-20260914/toxic-r004/corrosion-1-albedo.png
 create mode 100644 output/playwright/planet-reference-20260914/toxic-r004/corrosion-1-normal.png
 create mode 100644 output/playwright/planet-reference-20260914/toxic-r004/corrosion-1-orm.png
 create mode 100644 output/playwright/planet-reference-20260914/toxic-r004/corrosion-2-albedo.png
 create mode 100644 output/playwright/planet-reference-20260914/toxic-r004/corrosion-2-normal.png
 create mode 100644 output/playwright/planet-reference-20260914/toxic-r004/corrosion-2-orm.png
 create mode 100644 output/playwright/planet-reference-20260914/toxic-r004/corrosion-3-albedo.png
 create mode 100644 output/playwright/planet-reference-20260914/toxic-r004/corrosion-3-normal.png
 create mode 100644 output/playwright/planet-reference-20260914/toxic-r004/corrosion-3-orm.png
 create mode 100644 output/playwright/planet-reference-20260914/toxic-r004/corrosion-4-albedo.png
 create mode 100644 output/playwright/planet-reference-20260914/toxic-r004/corrosion-4-normal.png
 create mode 100644 output/playwright/planet-reference-20260914/toxic-r004/corrosion-4-orm.png
 create mode 100644 output/playwright/planet-reference-20260914/toxic-r004/corrosion-5-albedo.png
 create mode 100644 output/playwright/planet-reference-20260914/toxic-r004/corrosion-5-normal.png
 create mode 100644 output/playwright/planet-reference-20260914/toxic-r004/corrosion-5-orm.png
 create mode 100644 output/playwright/planet-reference-20260914/toxic-r004/fog5-seed38-angle2.png
 create mode 100644 output/playwright/planet-reference-20260914/toxic-r004/fog5-seed38-capture.log
 create mode 100644 output/playwright/planet-reference-20260914/toxic-r004/fog5-seed38-reference-scale.png
 create mode 100644 output/playwright/planet-reference-20260914/toxic-r004/fog5-seed38.json
 create mode 100644 output/playwright/planet-reference-20260914/toxic-r004/fog5-seed38.png
 create mode 100644 output/playwright/planet-reference-20260914/toxic-r004/generator.py
 create mode 100644 output/playwright/planet-reference-20260914/toxic-r004/ground-sphere-low.glb
 create mode 100644 output/playwright/planet-reference-20260914/toxic-r004/ground-sphere-medium.glb
 create mode 100644 output/playwright/planet-reference-20260914/toxic-r004/ground-sphere.glb
 create mode 100644 output/playwright/planet-reference-20260914/toxic-r004/kit-preview.png
 create mode 100644 output/playwright/planet-reference-20260914/toxic-r004/kit.blend
 create mode 100644 output/playwright/planet-reference-20260914/toxic-r004/kit.json
 create mode 100644 output/playwright/planet-reference-20260914/toxic-r004/notes.md
 create mode 100644 output/playwright/planet-reference-20260914/toxic-r004/single-native-region.png
 create mode 100644 output/playwright/planet-reference-20260914/toxic-r004/source-hashes.json
 create mode 100644 output/playwright/planet-reference-20260914/toxic-r004/toxic-basin-group-a.glb
 create mode 100644 output/playwright/planet-reference-20260914/toxic-r004/toxic-basin-group-b.glb
 create mode 100644 output/playwright/planet-reference-20260914/toxic-r004/toxic-basin-group-c.glb
 create mode 100644 output/playwright/planet-reference-20260914/toxic-r004/validation.json
 create mode 100644 output/playwright/planet-reference-20260914/toxic-r006/attribute-audit/report.json
 create mode 100644 output/playwright/planet-reference-20260914/toxic-r006/attribute-audit/report.md
 create mode 100644 output/playwright/planet-reference-20260914/toxic-r006/build_toxic_native_kit_r006.py
 create mode 100644 output/playwright/planet-reference-20260914/toxic-r006/cleared-fog-seed38-angle2.png
 create mode 100644 output/playwright/planet-reference-20260914/toxic-r006/cleared-fog-seed38-capture.log
 create mode 100644 output/playwright/planet-reference-20260914/toxic-r006/cleared-fog-seed38-reference-scale.png
 create mode 100644 output/playwright/planet-reference-20260914/toxic-r006/cleared-fog-seed38.json
 create mode 100644 output/playwright/planet-reference-20260914/toxic-r006/cleared-fog-seed38.png
 create mode 100644 output/playwright/planet-reference-20260914/toxic-r006/context-preview.py
 create mode 100644 output/playwright/planet-reference-20260914/toxic-r006/corrosion-0-albedo.png
 create mode 100644 output/playwright/planet-reference-20260914/toxic-r006/corrosion-0-normal.png
 create mode 100644 output/playwright/planet-reference-20260914/toxic-r006/corrosion-0-orm.png
 create mode 100644 output/playwright/planet-reference-20260914/toxic-r006/corrosion-1-albedo.png
 create mode 100644 output/playwright/planet-reference-20260914/toxic-r006/corrosion-1-normal.png
 create mode 100644 output/playwright/planet-reference-20260914/toxic-r006/corrosion-1-orm.png
 create mode 100644 output/playwright/planet-reference-20260914/toxic-r006/corrosion-2-albedo.png
 create mode 100644 output/playwright/planet-reference-20260914/toxic-r006/corrosion-2-normal.png
 create mode 100644 output/playwright/planet-reference-20260914/toxic-r006/corrosion-2-orm.png
 create mode 100644 output/playwright/planet-reference-20260914/toxic-r006/corrosion-3-albedo.png
 create mode 100644 output/playwright/planet-reference-20260914/toxic-r006/corrosion-3-normal.png
 create mode 100644 output/playwright/planet-reference-20260914/toxic-r006/corrosion-3-orm.png
 create mode 100644 output/playwright/planet-reference-20260914/toxic-r006/corrosion-4-albedo.png
 create mode 100644 output/playwright/planet-reference-20260914/toxic-r006/corrosion-4-normal.png
 create mode 100644 output/playwright/planet-reference-20260914/toxic-r006/corrosion-4-orm.png
 create mode 100644 output/playwright/planet-reference-20260914/toxic-r006/corrosion-5-albedo.png
 create mode 100644 output/playwright/planet-reference-20260914/toxic-r006/corrosion-5-normal.png
 create mode 100644 output/playwright/planet-reference-20260914/toxic-r006/corrosion-5-orm.png
 create mode 100644 output/playwright/planet-reference-20260914/toxic-r006/ground-sphere-low.glb
 create mode 100644 output/playwright/planet-reference-20260914/toxic-r006/ground-sphere-medium.glb
 create mode 100644 output/playwright/planet-reference-20260914/toxic-r006/ground-sphere.glb
 create mode 100644 output/playwright/planet-reference-20260914/toxic-r006/kit-preview.png
 create mode 100644 output/playwright/planet-reference-20260914/toxic-r006/kit.blend
 create mode 100644 output/playwright/planet-reference-20260914/toxic-r006/kit.json
 create mode 100644 output/playwright/planet-reference-20260914/toxic-r006/revision-notes.md
 create mode 100644 output/playwright/planet-reference-20260914/toxic-r006/single-native-region.png
 create mode 100644 output/playwright/planet-reference-20260914/toxic-r006/toxic-basin-group-a.glb
 create mode 100644 output/playwright/planet-reference-20260914/toxic-r006/toxic-basin-group-b.glb
 create mode 100644 output/playwright/planet-reference-20260914/toxic-r006/toxic-basin-group-c.glb
 create mode 100644 output/playwright/planet-reference-20260914/toxic-r006/toxic_reference_composition_r006.test.ts
 create mode 100644 output/playwright/planet-reference-20260914/toxic-r006/toxic_reference_composition_r006.ts
 create mode 100644 output/playwright/planet-reference-20260914/toxic-r006/toxic_reference_r006.tsconfig.json
 create mode 100644 output/playwright/planet-reference-20260914/toxic-r006/toxic_reference_r006.vitest.config.ts
 create mode 100644 output/playwright/planet-reference-20260914/toxic-r006/validation.json
 create mode 100644 output/playwright/planet-reference-20260914/toxic-r007/attribute-audit/report.json
 create mode 100644 output/playwright/planet-reference-20260914/toxic-r007/attribute-audit/report.md
 create mode 100644 output/playwright/planet-reference-20260914/toxic-r007/composition-r007.test.ts
 create mode 100644 output/playwright/planet-reference-20260914/toxic-r007/composition-r007.ts
 create mode 100644 output/playwright/planet-reference-20260914/toxic-r007/corrected-run.log
 create mode 100644 output/playwright/planet-reference-20260914/toxic-r007/corrected-seed38-angle2.png
 create mode 100644 output/playwright/planet-reference-20260914/toxic-r007/corrected-seed38-capture.log
 create mode 100644 output/playwright/planet-reference-20260914/toxic-r007/corrected-seed38-reference-scale.png
 create mode 100644 output/playwright/planet-reference-20260914/toxic-r007/corrected-seed38.json
 create mode 100644 output/playwright/planet-reference-20260914/toxic-r007/corrected-seed38.png
 create mode 100644 output/playwright/planet-reference-20260914/toxic-r007/corrosion-0-albedo.png
 create mode 100644 output/playwright/planet-reference-20260914/toxic-r007/corrosion-0-normal.png
 create mode 100644 output/playwright/planet-reference-20260914/toxic-r007/corrosion-0-orm.png
 create mode 100644 output/playwright/planet-reference-20260914/toxic-r007/corrosion-1-albedo.png
 create mode 100644 output/playwright/planet-reference-20260914/toxic-r007/corrosion-1-normal.png
 create mode 100644 output/playwright/planet-reference-20260914/toxic-r007/corrosion-1-orm.png
 create mode 100644 output/playwright/planet-reference-20260914/toxic-r007/corrosion-2-albedo.png
 create mode 100644 output/playwright/planet-reference-20260914/toxic-r007/corrosion-2-normal.png
 create mode 100644 output/playwright/planet-reference-20260914/toxic-r007/corrosion-2-orm.png
 create mode 100644 output/playwright/planet-reference-20260914/toxic-r007/corrosion-3-albedo.png
 create mode 100644 output/playwright/planet-reference-20260914/toxic-r007/corrosion-3-normal.png
 create mode 100644 output/playwright/planet-reference-20260914/toxic-r007/corrosion-3-orm.png
 create mode 100644 output/playwright/planet-reference-20260914/toxic-r007/corrosion-4-albedo.png
 create mode 100644 output/playwright/planet-reference-20260914/toxic-r007/corrosion-4-normal.png
 create mode 100644 output/playwright/planet-reference-20260914/toxic-r007/corrosion-4-orm.png
 create mode 100644 output/playwright/planet-reference-20260914/toxic-r007/corrosion-5-albedo.png
 create mode 100644 output/playwright/planet-reference-20260914/toxic-r007/corrosion-5-normal.png
 create mode 100644 output/playwright/planet-reference-20260914/toxic-r007/corrosion-5-orm.png
 create mode 100644 output/playwright/planet-reference-20260914/toxic-r007/exact-normal-matching-audit.py
 create mode 100644 output/playwright/planet-reference-20260914/toxic-r007/generator.py
 create mode 100644 output/playwright/planet-reference-20260914/toxic-r007/ground-native-preview.png
 create mode 100644 output/playwright/planet-reference-20260914/toxic-r007/ground-preview.py
 create mode 100644 output/playwright/planet-reference-20260914/toxic-r007/ground-sphere-exact-normal-matching-audit.json
 create mode 100644 output/playwright/planet-reference-20260914/toxic-r007/ground-sphere-low-exact-normal-matching-audit.json
 create mode 100644 output/playwright/planet-reference-20260914/toxic-r007/ground-sphere-low.glb
 create mode 100644 output/playwright/planet-reference-20260914/toxic-r007/ground-sphere-medium-exact-normal-matching-audit.json
 create mode 100644 output/playwright/planet-reference-20260914/toxic-r007/ground-sphere-medium.glb
 create mode 100644 output/playwright/planet-reference-20260914/toxic-r007/ground-sphere.glb
 create mode 100644 output/playwright/planet-reference-20260914/toxic-r007/kit-preview.png
 create mode 100644 output/playwright/planet-reference-20260914/toxic-r007/kit.blend
 create mode 100644 output/playwright/planet-reference-20260914/toxic-r007/kit.json
 create mode 100644 output/playwright/planet-reference-20260914/toxic-r007/notes.md
 create mode 100644 output/playwright/planet-reference-20260914/toxic-r007/source-hashes.json
 create mode 100644 output/playwright/planet-reference-20260914/toxic-r007/source-pick-after.test.ts
 create mode 100644 output/playwright/planet-reference-20260914/toxic-r007/source-pick-before.test.ts
 create mode 100644 output/playwright/planet-reference-20260914/toxic-r007/source-picks-after.json
 create mode 100644 output/playwright/planet-reference-20260914/toxic-r007/source-picks-before.json
 create mode 100644 output/playwright/planet-reference-20260914/toxic-r007/toxic-basin-group-a.glb
 create mode 100644 output/playwright/planet-reference-20260914/toxic-r007/toxic-basin-group-b.glb
 create mode 100644 output/playwright/planet-reference-20260914/toxic-r007/toxic-basin-group-c.glb
 create mode 100644 output/playwright/planet-reference-20260914/toxic-r007/validation.json
 create mode 100644 output/playwright/planet-reference-20260914/volcanic-moon-1-r001/angular-outcrops.glb
 create mode 100644 output/playwright/planet-reference-20260914/volcanic-moon-1-r001/battered-region-a.glb
 create mode 100644 output/playwright/planet-reference-20260914/volcanic-moon-1-r001/battered-region-b.glb
 create mode 100644 output/playwright/planet-reference-20260914/volcanic-moon-1-r001/build_extreme_moon_native_variants_r001.py
 create mode 100644 output/playwright/planet-reference-20260914/volcanic-moon-1-r001/corrected-run.log
 create mode 100644 output/playwright/planet-reference-20260914/volcanic-moon-1-r001/corrected-seed38-angle2.png
 create mode 100644 output/playwright/planet-reference-20260914/volcanic-moon-1-r001/corrected-seed38-capture.log
 create mode 100644 output/playwright/planet-reference-20260914/volcanic-moon-1-r001/corrected-seed38-reference-scale.png
 create mode 100644 output/playwright/planet-reference-20260914/volcanic-moon-1-r001/corrected-seed38.json
 create mode 100644 output/playwright/planet-reference-20260914/volcanic-moon-1-r001/corrected-seed38.png
 create mode 100644 output/playwright/planet-reference-20260914/volcanic-moon-1-r001/crater-broken.glb
 create mode 100644 output/playwright/planet-reference-20260914/volcanic-moon-1-r001/crater-large.glb
 create mode 100644 output/playwright/planet-reference-20260914/volcanic-moon-1-r001/crater-small.glb
 create mode 100644 output/playwright/planet-reference-20260914/volcanic-moon-1-r001/exact-reference.png
 create mode 100644 output/playwright/planet-reference-20260914/volcanic-moon-1-r001/foundation-source.py
 create mode 100644 output/playwright/planet-reference-20260914/volcanic-moon-1-r001/fractured-shelf.glb
 create mode 100644 output/playwright/planet-reference-20260914/volcanic-moon-1-r001/generator.py
 create mode 100644 output/playwright/planet-reference-20260914/volcanic-moon-1-r001/ground-sphere-low.glb
 create mode 100644 output/playwright/planet-reference-20260914/volcanic-moon-1-r001/ground-sphere-medium.glb
 create mode 100644 output/playwright/planet-reference-20260914/volcanic-moon-1-r001/ground-sphere.glb
 create mode 100644 output/playwright/planet-reference-20260914/volcanic-moon-1-r001/kit-preview.png
 create mode 100644 output/playwright/planet-reference-20260914/volcanic-moon-1-r001/kit.blend
 create mode 100644 output/playwright/planet-reference-20260914/volcanic-moon-1-r001/kit.json
 create mode 100644 output/playwright/planet-reference-20260914/volcanic-moon-1-r001/mineral-seam.glb
 create mode 100644 output/playwright/planet-reference-20260914/volcanic-moon-1-r001/revision-notes.md
 create mode 100644 output/playwright/planet-reference-20260914/volcanic-moon-1-r001/rocky-0-albedo.png
 create mode 100644 output/playwright/planet-reference-20260914/volcanic-moon-1-r001/rocky-0-orm.png
 create mode 100644 output/playwright/planet-reference-20260914/volcanic-moon-1-r001/rocky-1-albedo.png
 create mode 100644 output/playwright/planet-reference-20260914/volcanic-moon-1-r001/rocky-1-orm.png
 create mode 100644 output/playwright/planet-reference-20260914/volcanic-moon-1-r001/rocky-2-albedo.png
 create mode 100644 output/playwright/planet-reference-20260914/volcanic-moon-1-r001/rocky-2-orm.png
 create mode 100644 output/playwright/planet-reference-20260914/volcanic-moon-1-r001/rocky-3-albedo.png
 create mode 100644 output/playwright/planet-reference-20260914/volcanic-moon-1-r001/rocky-3-orm.png
 create mode 100644 output/playwright/planet-reference-20260914/volcanic-moon-1-r001/rocky-4-albedo.png
 create mode 100644 output/playwright/planet-reference-20260914/volcanic-moon-1-r001/rocky-4-orm.png
 create mode 100644 output/playwright/planet-reference-20260914/volcanic-moon-1-r001/rocky-5-albedo.png
 create mode 100644 output/playwright/planet-reference-20260914/volcanic-moon-1-r001/rocky-5-orm.png
 create mode 100644 output/playwright/planet-reference-20260914/volcanic-moon-1-r001/validation.json
 create mode 100644 output/playwright/planet-reference-20260914/volcanic-moon-1-r001/variant-recipe.json
 create mode 100644 output/playwright/planet-reference-20260914/volcanic-moon-1-r001/volcanic_moon_reference_composition_r001.test.ts
 create mode 100644 output/playwright/planet-reference-20260914/volcanic-moon-1-r001/volcanic_moon_reference_composition_r001.ts
 create mode 100644 output/playwright/planet-reference-20260914/volcanic-moon-1-r001/volcanic_moon_reference_r001.tsconfig.json
 create mode 100644 output/playwright/planet-reference-20260914/volcanic-moon-1-r001/volcanic_moon_reference_r001.vitest.config.ts
 create mode 100644 output/playwright/planet-reference-20260914/volcanic-moon-1-r002/angular-outcrops.glb
 create mode 100644 output/playwright/planet-reference-20260914/volcanic-moon-1-r002/battered-region-a.glb
 create mode 100644 output/playwright/planet-reference-20260914/volcanic-moon-1-r002/battered-region-b.glb
 create mode 100644 output/playwright/planet-reference-20260914/volcanic-moon-1-r002/build_extreme_moon_native_variants_r002.py
 create mode 100644 output/playwright/planet-reference-20260914/volcanic-moon-1-r002/corrected-seed38-angle2.png
 create mode 100644 output/playwright/planet-reference-20260914/volcanic-moon-1-r002/corrected-seed38-capture.log
 create mode 100644 output/playwright/planet-reference-20260914/volcanic-moon-1-r002/corrected-seed38-reference-scale.png
 create mode 100644 output/playwright/planet-reference-20260914/volcanic-moon-1-r002/corrected-seed38.json
 create mode 100644 output/playwright/planet-reference-20260914/volcanic-moon-1-r002/corrected-seed38.png
 create mode 100644 output/playwright/planet-reference-20260914/volcanic-moon-1-r002/crater-broken.glb
 create mode 100644 output/playwright/planet-reference-20260914/volcanic-moon-1-r002/crater-large.glb
 create mode 100644 output/playwright/planet-reference-20260914/volcanic-moon-1-r002/crater-small.glb
 create mode 100644 output/playwright/planet-reference-20260914/volcanic-moon-1-r002/exact-reference.png
 create mode 100644 output/playwright/planet-reference-20260914/volcanic-moon-1-r002/foundation-source.py
 create mode 100644 output/playwright/planet-reference-20260914/volcanic-moon-1-r002/fractured-shelf.glb
 create mode 100644 output/playwright/planet-reference-20260914/volcanic-moon-1-r002/generator.py
 create mode 100644 output/playwright/planet-reference-20260914/volcanic-moon-1-r002/ground-sphere-low.glb
 create mode 100644 output/playwright/planet-reference-20260914/volcanic-moon-1-r002/ground-sphere-medium.glb
 create mode 100644 output/playwright/planet-reference-20260914/volcanic-moon-1-r002/ground-sphere.glb
 create mode 100644 output/playwright/planet-reference-20260914/volcanic-moon-1-r002/intended-glow-seed38-angle2.png
 create mode 100644 output/playwright/planet-reference-20260914/volcanic-moon-1-r002/intended-glow-seed38-capture.log
 create mode 100644 output/playwright/planet-reference-20260914/volcanic-moon-1-r002/intended-glow-seed38-reference-scale.png
 create mode 100644 output/playwright/planet-reference-20260914/volcanic-moon-1-r002/intended-glow-seed38.json
 create mode 100644 output/playwright/planet-reference-20260914/volcanic-moon-1-r002/intended-glow-seed38.png
 create mode 100644 output/playwright/planet-reference-20260914/volcanic-moon-1-r002/kit-preview.png
 create mode 100644 output/playwright/planet-reference-20260914/volcanic-moon-1-r002/kit.blend
 create mode 100644 output/playwright/planet-reference-20260914/volcanic-moon-1-r002/kit.json
 create mode 100644 output/playwright/planet-reference-20260914/volcanic-moon-1-r002/mineral-seam.glb
 create mode 100644 output/playwright/planet-reference-20260914/volcanic-moon-1-r002/revision-notes.md
 create mode 100644 output/playwright/planet-reference-20260914/volcanic-moon-1-r002/rocky-0-albedo.png
 create mode 100644 output/playwright/planet-reference-20260914/volcanic-moon-1-r002/rocky-0-orm.png
 create mode 100644 output/playwright/planet-reference-20260914/volcanic-moon-1-r002/rocky-1-albedo.png
 create mode 100644 output/playwright/planet-reference-20260914/volcanic-moon-1-r002/rocky-1-orm.png
 create mode 100644 output/playwright/planet-reference-20260914/volcanic-moon-1-r002/rocky-2-albedo.png
 create mode 100644 output/playwright/planet-reference-20260914/volcanic-moon-1-r002/rocky-2-orm.png
 create mode 100644 output/playwright/planet-reference-20260914/volcanic-moon-1-r002/rocky-3-albedo.png
 create mode 100644 output/playwright/planet-reference-20260914/volcanic-moon-1-r002/rocky-3-orm.png
 create mode 100644 output/playwright/planet-reference-20260914/volcanic-moon-1-r002/rocky-4-albedo.png
 create mode 100644 output/playwright/planet-reference-20260914/volcanic-moon-1-r002/rocky-4-orm.png
 create mode 100644 output/playwright/planet-reference-20260914/volcanic-moon-1-r002/rocky-5-albedo.png
 create mode 100644 output/playwright/planet-reference-20260914/volcanic-moon-1-r002/rocky-5-orm.png
 create mode 100644 output/playwright/planet-reference-20260914/volcanic-moon-1-r002/validation.json
 create mode 100644 output/playwright/planet-reference-20260914/volcanic-moon-1-r002/variant-recipe.json
 create mode 100644 output/playwright/planet-reference-20260914/volcanic-moon-1-r002/volcanic_moon_reference_composition_r002.test.ts
 create mode 100644 output/playwright/planet-reference-20260914/volcanic-moon-1-r002/volcanic_moon_reference_composition_r002.ts
 create mode 100644 output/playwright/planet-reference-20260914/volcanic-moon-1-r002/volcanic_moon_reference_r002.tsconfig.json
 create mode 100644 output/playwright/planet-reference-20260914/volcanic-moon-1-r002/volcanic_moon_reference_r002.vitest.config.ts
 create mode 100644 output/playwright/planet-reference-20260914/volcanic-moon-1-r003-linear-roof-diagnostic/angular-outcrops.glb
 create mode 100644 output/playwright/planet-reference-20260914/volcanic-moon-1-r003-linear-roof-diagnostic/battered-region-a.glb
 create mode 100644 output/playwright/planet-reference-20260914/volcanic-moon-1-r003-linear-roof-diagnostic/battered-region-b.glb
 create mode 100644 output/playwright/planet-reference-20260914/volcanic-moon-1-r003-linear-roof-diagnostic/crater-broken.glb
 create mode 100644 output/playwright/planet-reference-20260914/volcanic-moon-1-r003-linear-roof-diagnostic/crater-large.glb
 create mode 100644 output/playwright/planet-reference-20260914/volcanic-moon-1-r003-linear-roof-diagnostic/crater-small.glb
 create mode 100644 output/playwright/planet-reference-20260914/volcanic-moon-1-r003-linear-roof-diagnostic/foundation-source-r002.py
 create mode 100644 output/playwright/planet-reference-20260914/volcanic-moon-1-r003-linear-roof-diagnostic/fractured-shelf.glb
 create mode 100644 output/playwright/planet-reference-20260914/volcanic-moon-1-r003-linear-roof-diagnostic/generator.py
 create mode 100644 output/playwright/planet-reference-20260914/volcanic-moon-1-r003-linear-roof-diagnostic/ground-sphere-low.glb
 create mode 100644 output/playwright/planet-reference-20260914/volcanic-moon-1-r003-linear-roof-diagnostic/ground-sphere-medium.glb
 create mode 100644 output/playwright/planet-reference-20260914/volcanic-moon-1-r003-linear-roof-diagnostic/ground-sphere.glb
 create mode 100644 output/playwright/planet-reference-20260914/volcanic-moon-1-r003-linear-roof-diagnostic/kit-preview.png
 create mode 100644 output/playwright/planet-reference-20260914/volcanic-moon-1-r003-linear-roof-diagnostic/kit.blend
 create mode 100644 output/playwright/planet-reference-20260914/volcanic-moon-1-r003-linear-roof-diagnostic/kit.json
 create mode 100644 output/playwright/planet-reference-20260914/volcanic-moon-1-r003-linear-roof-diagnostic/mineral-seam.glb
 create mode 100644 output/playwright/planet-reference-20260914/volcanic-moon-1-r003-linear-roof-diagnostic/rocky-0-albedo.png
 create mode 100644 output/playwright/planet-reference-20260914/volcanic-moon-1-r003-linear-roof-diagnostic/rocky-0-orm.png
 create mode 100644 output/playwright/planet-reference-20260914/volcanic-moon-1-r003-linear-roof-diagnostic/rocky-1-albedo.png
 create mode 100644 output/playwright/planet-reference-20260914/volcanic-moon-1-r003-linear-roof-diagnostic/rocky-1-orm.png
 create mode 100644 output/playwright/planet-reference-20260914/volcanic-moon-1-r003-linear-roof-diagnostic/rocky-2-albedo.png
 create mode 100644 output/playwright/planet-reference-20260914/volcanic-moon-1-r003-linear-roof-diagnostic/rocky-2-orm.png
 create mode 100644 output/playwright/planet-reference-20260914/volcanic-moon-1-r003-linear-roof-diagnostic/rocky-3-albedo.png
 create mode 100644 output/playwright/planet-reference-20260914/volcanic-moon-1-r003-linear-roof-diagnostic/rocky-3-orm.png
 create mode 100644 output/playwright/planet-reference-20260914/volcanic-moon-1-r003-linear-roof-diagnostic/rocky-4-albedo.png
 create mode 100644 output/playwright/planet-reference-20260914/volcanic-moon-1-r003-linear-roof-diagnostic/rocky-4-orm.png
 create mode 100644 output/playwright/planet-reference-20260914/volcanic-moon-1-r003-linear-roof-diagnostic/rocky-5-albedo.png
 create mode 100644 output/playwright/planet-reference-20260914/volcanic-moon-1-r003-linear-roof-diagnostic/rocky-5-orm.png
 create mode 100644 output/playwright/planet-reference-20260914/volcanic-moon-1-r003-linear-roof-diagnostic/validation.json
 create mode 100644 output/playwright/planet-reference-20260914/volcanic-moon-1-r003-linear-roof-diagnostic/variant-recipe.json
 create mode 100644 output/playwright/planet-reference-20260914/volcanic-moon-1-r003/angular-outcrops.glb
 create mode 100644 output/playwright/planet-reference-20260914/volcanic-moon-1-r003/battered-region-a.glb
 create mode 100644 output/playwright/planet-reference-20260914/volcanic-moon-1-r003/battered-region-b.glb
 create mode 100644 output/playwright/planet-reference-20260914/volcanic-moon-1-r003/build_volcanic_moon_native_variants_r003.py
 create mode 100644 output/playwright/planet-reference-20260914/volcanic-moon-1-r003/crater-broken.glb
 create mode 100644 output/playwright/planet-reference-20260914/volcanic-moon-1-r003/crater-large.glb
 create mode 100644 output/playwright/planet-reference-20260914/volcanic-moon-1-r003/crater-small.glb
 create mode 100644 output/playwright/planet-reference-20260914/volcanic-moon-1-r003/final-terrain-exposure-rays.json
 create mode 100644 output/playwright/planet-reference-20260914/volcanic-moon-1-r003/focused-tests.log
 create mode 100644 output/playwright/planet-reference-20260914/volcanic-moon-1-r003/foundation-source-r002.py
 create mode 100644 output/playwright/planet-reference-20260914/volcanic-moon-1-r003/fractured-shelf.glb
 create mode 100644 output/playwright/planet-reference-20260914/volcanic-moon-1-r003/generator.py
 create mode 100644 output/playwright/planet-reference-20260914/volcanic-moon-1-r003/ground-sphere-low.glb
 create mode 100644 output/playwright/planet-reference-20260914/volcanic-moon-1-r003/ground-sphere-medium.glb
 create mode 100644 output/playwright/planet-reference-20260914/volcanic-moon-1-r003/ground-sphere.glb
 create mode 100644 output/playwright/planet-reference-20260914/volcanic-moon-1-r003/intended-glow-seed38-angle2.png
 create mode 100644 output/playwright/planet-reference-20260914/volcanic-moon-1-r003/intended-glow-seed38-capture.log
 create mode 100644 output/playwright/planet-reference-20260914/volcanic-moon-1-r003/intended-glow-seed38-reference-scale.png
 create mode 100644 output/playwright/planet-reference-20260914/volcanic-moon-1-r003/intended-glow-seed38.json
 create mode 100644 output/playwright/planet-reference-20260914/volcanic-moon-1-r003/intended-glow-seed38.png
 create mode 100644 output/playwright/planet-reference-20260914/volcanic-moon-1-r003/kit-preview.png
 create mode 100644 output/playwright/planet-reference-20260914/volcanic-moon-1-r003/kit.blend
 create mode 100644 output/playwright/planet-reference-20260914/volcanic-moon-1-r003/kit.json
 create mode 100644 output/playwright/planet-reference-20260914/volcanic-moon-1-r003/mineral-seam.glb
 create mode 100644 output/playwright/planet-reference-20260914/volcanic-moon-1-r003/notes.md
 create mode 100644 output/playwright/planet-reference-20260914/volcanic-moon-1-r003/previous-variant-recipe.json
 create mode 100644 output/playwright/planet-reference-20260914/volcanic-moon-1-r003/rocky-0-albedo.png
 create mode 100644 output/playwright/planet-reference-20260914/volcanic-moon-1-r003/rocky-0-orm.png
 create mode 100644 output/playwright/planet-reference-20260914/volcanic-moon-1-r003/rocky-1-albedo.png
 create mode 100644 output/playwright/planet-reference-20260914/volcanic-moon-1-r003/rocky-1-orm.png
 create mode 100644 output/playwright/planet-reference-20260914/volcanic-moon-1-r003/rocky-2-albedo.png
 create mode 100644 output/playwright/planet-reference-20260914/volcanic-moon-1-r003/rocky-2-orm.png
 create mode 100644 output/playwright/planet-reference-20260914/volcanic-moon-1-r003/rocky-3-albedo.png
 create mode 100644 output/playwright/planet-reference-20260914/volcanic-moon-1-r003/rocky-3-orm.png
 create mode 100644 output/playwright/planet-reference-20260914/volcanic-moon-1-r003/rocky-4-albedo.png
 create mode 100644 output/playwright/planet-reference-20260914/volcanic-moon-1-r003/rocky-4-orm.png
 create mode 100644 output/playwright/planet-reference-20260914/volcanic-moon-1-r003/rocky-5-albedo.png
 create mode 100644 output/playwright/planet-reference-20260914/volcanic-moon-1-r003/rocky-5-orm.png
 create mode 100644 output/playwright/planet-reference-20260914/volcanic-moon-1-r003/source-hashes.json
 create mode 100644 output/playwright/planet-reference-20260914/volcanic-moon-1-r003/validation.json
 create mode 100644 output/playwright/planet-reference-20260914/volcanic-moon-1-r003/variant-recipe.json
 create mode 100644 output/playwright/planet-reference-20260914/volcanic-moon-1-r003/volcanic_moon_reference_composition_r003.test.ts
 create mode 100644 output/playwright/planet-reference-20260914/volcanic-moon-1-r003/volcanic_moon_reference_composition_r003.ts
 create mode 100644 output/playwright/planet-reference-20260914/volcanic-moon-1-r003/volcanic_moon_reference_r003.tsconfig.json
 create mode 100644 output/playwright/planet-reference-20260914/volcanic-moon-1-r003/volcanic_moon_reference_r003.vitest.config.ts
 create mode 100644 output/playwright/planet-reference-20260914/volcanic-moon-2-r001/angular-outcrops.glb
 create mode 100644 output/playwright/planet-reference-20260914/volcanic-moon-2-r001/battered-region-a.glb
 create mode 100644 output/playwright/planet-reference-20260914/volcanic-moon-2-r001/battered-region-b.glb
 create mode 100644 output/playwright/planet-reference-20260914/volcanic-moon-2-r001/build_extreme_moon_native_variants_r001.py
 create mode 100644 output/playwright/planet-reference-20260914/volcanic-moon-2-r001/corrected-run.log
 create mode 100644 output/playwright/planet-reference-20260914/volcanic-moon-2-r001/corrected-seed38-angle2.png
 create mode 100644 output/playwright/planet-reference-20260914/volcanic-moon-2-r001/corrected-seed38-capture.log
 create mode 100644 output/playwright/planet-reference-20260914/volcanic-moon-2-r001/corrected-seed38-reference-scale.png
 create mode 100644 output/playwright/planet-reference-20260914/volcanic-moon-2-r001/corrected-seed38.json
 create mode 100644 output/playwright/planet-reference-20260914/volcanic-moon-2-r001/corrected-seed38.png
 create mode 100644 output/playwright/planet-reference-20260914/volcanic-moon-2-r001/crater-broken.glb
 create mode 100644 output/playwright/planet-reference-20260914/volcanic-moon-2-r001/crater-large.glb
 create mode 100644 output/playwright/planet-reference-20260914/volcanic-moon-2-r001/crater-small.glb
 create mode 100644 output/playwright/planet-reference-20260914/volcanic-moon-2-r001/exact-reference.png
 create mode 100644 output/playwright/planet-reference-20260914/volcanic-moon-2-r001/foundation-source.py
 create mode 100644 output/playwright/planet-reference-20260914/volcanic-moon-2-r001/fractured-shelf.glb
 create mode 100644 output/playwright/planet-reference-20260914/volcanic-moon-2-r001/generator.py
 create mode 100644 output/playwright/planet-reference-20260914/volcanic-moon-2-r001/ground-sphere-low.glb
 create mode 100644 output/playwright/planet-reference-20260914/volcanic-moon-2-r001/ground-sphere-medium.glb
 create mode 100644 output/playwright/planet-reference-20260914/volcanic-moon-2-r001/ground-sphere.glb
 create mode 100644 output/playwright/planet-reference-20260914/volcanic-moon-2-r001/kit-preview.png
 create mode 100644 output/playwright/planet-reference-20260914/volcanic-moon-2-r001/kit.blend
 create mode 100644 output/playwright/planet-reference-20260914/volcanic-moon-2-r001/kit.json
 create mode 100644 output/playwright/planet-reference-20260914/volcanic-moon-2-r001/mineral-seam.glb
 create mode 100644 output/playwright/planet-reference-20260914/volcanic-moon-2-r001/revision-notes.md
 create mode 100644 output/playwright/planet-reference-20260914/volcanic-moon-2-r001/rocky-0-albedo.png
 create mode 100644 output/playwright/planet-reference-20260914/volcanic-moon-2-r001/rocky-0-orm.png
 create mode 100644 output/playwright/planet-reference-20260914/volcanic-moon-2-r001/rocky-1-albedo.png
 create mode 100644 output/playwright/planet-reference-20260914/volcanic-moon-2-r001/rocky-1-orm.png
 create mode 100644 output/playwright/planet-reference-20260914/volcanic-moon-2-r001/rocky-2-albedo.png
 create mode 100644 output/playwright/planet-reference-20260914/volcanic-moon-2-r001/rocky-2-orm.png
 create mode 100644 output/playwright/planet-reference-20260914/volcanic-moon-2-r001/rocky-3-albedo.png
 create mode 100644 output/playwright/planet-reference-20260914/volcanic-moon-2-r001/rocky-3-orm.png
 create mode 100644 output/playwright/planet-reference-20260914/volcanic-moon-2-r001/rocky-4-albedo.png
 create mode 100644 output/playwright/planet-reference-20260914/volcanic-moon-2-r001/rocky-4-orm.png
 create mode 100644 output/playwright/planet-reference-20260914/volcanic-moon-2-r001/rocky-5-albedo.png
 create mode 100644 output/playwright/planet-reference-20260914/volcanic-moon-2-r001/rocky-5-orm.png
 create mode 100644 output/playwright/planet-reference-20260914/volcanic-moon-2-r001/validation.json
 create mode 100644 output/playwright/planet-reference-20260914/volcanic-moon-2-r001/variant-recipe.json
 create mode 100644 output/playwright/planet-reference-20260914/volcanic-moon-2-r001/volcanic_moon_reference_composition_r001.test.ts
 create mode 100644 output/playwright/planet-reference-20260914/volcanic-moon-2-r001/volcanic_moon_reference_composition_r001.ts
 create mode 100644 output/playwright/planet-reference-20260914/volcanic-moon-2-r001/volcanic_moon_reference_r001.tsconfig.json
 create mode 100644 output/playwright/planet-reference-20260914/volcanic-moon-2-r001/volcanic_moon_reference_r001.vitest.config.ts
 create mode 100644 output/playwright/planet-reference-20260914/volcanic-moon-2-r002/angular-outcrops.glb
 create mode 100644 output/playwright/planet-reference-20260914/volcanic-moon-2-r002/battered-region-a.glb
 create mode 100644 output/playwright/planet-reference-20260914/volcanic-moon-2-r002/battered-region-b.glb
 create mode 100644 output/playwright/planet-reference-20260914/volcanic-moon-2-r002/build_extreme_moon_native_variants_r002.py
 create mode 100644 output/playwright/planet-reference-20260914/volcanic-moon-2-r002/corrected-seed38-angle2.png
 create mode 100644 output/playwright/planet-reference-20260914/volcanic-moon-2-r002/corrected-seed38-capture.log
 create mode 100644 output/playwright/planet-reference-20260914/volcanic-moon-2-r002/corrected-seed38-reference-scale.png
 create mode 100644 output/playwright/planet-reference-20260914/volcanic-moon-2-r002/corrected-seed38.json
 create mode 100644 output/playwright/planet-reference-20260914/volcanic-moon-2-r002/corrected-seed38.png
 create mode 100644 output/playwright/planet-reference-20260914/volcanic-moon-2-r002/crater-broken.glb
 create mode 100644 output/playwright/planet-reference-20260914/volcanic-moon-2-r002/crater-large.glb
 create mode 100644 output/playwright/planet-reference-20260914/volcanic-moon-2-r002/crater-small.glb
 create mode 100644 output/playwright/planet-reference-20260914/volcanic-moon-2-r002/exact-reference.png
 create mode 100644 output/playwright/planet-reference-20260914/volcanic-moon-2-r002/foundation-source.py
 create mode 100644 output/playwright/planet-reference-20260914/volcanic-moon-2-r002/fractured-shelf.glb
 create mode 100644 output/playwright/planet-reference-20260914/volcanic-moon-2-r002/generator.py
 create mode 100644 output/playwright/planet-reference-20260914/volcanic-moon-2-r002/ground-sphere-low.glb
 create mode 100644 output/playwright/planet-reference-20260914/volcanic-moon-2-r002/ground-sphere-medium.glb
 create mode 100644 output/playwright/planet-reference-20260914/volcanic-moon-2-r002/ground-sphere.glb
 create mode 100644 output/playwright/planet-reference-20260914/volcanic-moon-2-r002/intended-glow-seed38-angle2.png
 create mode 100644 output/playwright/planet-reference-20260914/volcanic-moon-2-r002/intended-glow-seed38-capture.log
 create mode 100644 output/playwright/planet-reference-20260914/volcanic-moon-2-r002/intended-glow-seed38-reference-scale.png
 create mode 100644 output/playwright/planet-reference-20260914/volcanic-moon-2-r002/intended-glow-seed38.json
 create mode 100644 output/playwright/planet-reference-20260914/volcanic-moon-2-r002/intended-glow-seed38.png
 create mode 100644 output/playwright/planet-reference-20260914/volcanic-moon-2-r002/kit-preview.png
 create mode 100644 output/playwright/planet-reference-20260914/volcanic-moon-2-r002/kit.blend
 create mode 100644 output/playwright/planet-reference-20260914/volcanic-moon-2-r002/kit.json
 create mode 100644 output/playwright/planet-reference-20260914/volcanic-moon-2-r002/mineral-seam.glb
 create mode 100644 output/playwright/planet-reference-20260914/volcanic-moon-2-r002/revision-notes.md
 create mode 100644 output/playwright/planet-reference-20260914/volcanic-moon-2-r002/rocky-0-albedo.png
 create mode 100644 output/playwright/planet-reference-20260914/volcanic-moon-2-r002/rocky-0-orm.png
 create mode 100644 output/playwright/planet-reference-20260914/volcanic-moon-2-r002/rocky-1-albedo.png
 create mode 100644 output/playwright/planet-reference-20260914/volcanic-moon-2-r002/rocky-1-orm.png
 create mode 100644 output/playwright/planet-reference-20260914/volcanic-moon-2-r002/rocky-2-albedo.png
 create mode 100644 output/playwright/planet-reference-20260914/volcanic-moon-2-r002/rocky-2-orm.png
 create mode 100644 output/playwright/planet-reference-20260914/volcanic-moon-2-r002/rocky-3-albedo.png
 create mode 100644 output/playwright/planet-reference-20260914/volcanic-moon-2-r002/rocky-3-orm.png
 create mode 100644 output/playwright/planet-reference-20260914/volcanic-moon-2-r002/rocky-4-albedo.png
 create mode 100644 output/playwright/planet-reference-20260914/volcanic-moon-2-r002/rocky-4-orm.png
 create mode 100644 output/playwright/planet-reference-20260914/volcanic-moon-2-r002/rocky-5-albedo.png
 create mode 100644 output/playwright/planet-reference-20260914/volcanic-moon-2-r002/rocky-5-orm.png
 create mode 100644 output/playwright/planet-reference-20260914/volcanic-moon-2-r002/validation.json
 create mode 100644 output/playwright/planet-reference-20260914/volcanic-moon-2-r002/variant-recipe.json
 create mode 100644 output/playwright/planet-reference-20260914/volcanic-moon-2-r002/volcanic_moon_reference_composition_r002.test.ts
 create mode 100644 output/playwright/planet-reference-20260914/volcanic-moon-2-r002/volcanic_moon_reference_composition_r002.ts
 create mode 100644 output/playwright/planet-reference-20260914/volcanic-moon-2-r002/volcanic_moon_reference_r002.tsconfig.json
 create mode 100644 output/playwright/planet-reference-20260914/volcanic-moon-2-r002/volcanic_moon_reference_r002.vitest.config.ts
 create mode 100644 output/playwright/planet-reference-20260914/volcanic-moon-2-r003-linear-roof-diagnostic/angular-outcrops.glb
 create mode 100644 output/playwright/planet-reference-20260914/volcanic-moon-2-r003-linear-roof-diagnostic/battered-region-a.glb
 create mode 100644 output/playwright/planet-reference-20260914/volcanic-moon-2-r003-linear-roof-diagnostic/battered-region-b.glb
 create mode 100644 output/playwright/planet-reference-20260914/volcanic-moon-2-r003-linear-roof-diagnostic/crater-broken.glb
 create mode 100644 output/playwright/planet-reference-20260914/volcanic-moon-2-r003-linear-roof-diagnostic/crater-large.glb
 create mode 100644 output/playwright/planet-reference-20260914/volcanic-moon-2-r003-linear-roof-diagnostic/crater-small.glb
 create mode 100644 output/playwright/planet-reference-20260914/volcanic-moon-2-r003-linear-roof-diagnostic/foundation-source-r002.py
 create mode 100644 output/playwright/planet-reference-20260914/volcanic-moon-2-r003-linear-roof-diagnostic/fractured-shelf.glb
 create mode 100644 output/playwright/planet-reference-20260914/volcanic-moon-2-r003-linear-roof-diagnostic/generator.py
 create mode 100644 output/playwright/planet-reference-20260914/volcanic-moon-2-r003-linear-roof-diagnostic/ground-sphere-low.glb
 create mode 100644 output/playwright/planet-reference-20260914/volcanic-moon-2-r003-linear-roof-diagnostic/ground-sphere-medium.glb
 create mode 100644 output/playwright/planet-reference-20260914/volcanic-moon-2-r003-linear-roof-diagnostic/ground-sphere.glb
 create mode 100644 output/playwright/planet-reference-20260914/volcanic-moon-2-r003-linear-roof-diagnostic/kit-preview.png
 create mode 100644 output/playwright/planet-reference-20260914/volcanic-moon-2-r003-linear-roof-diagnostic/kit.blend
 create mode 100644 output/playwright/planet-reference-20260914/volcanic-moon-2-r003-linear-roof-diagnostic/kit.json
 create mode 100644 output/playwright/planet-reference-20260914/volcanic-moon-2-r003-linear-roof-diagnostic/mineral-seam.glb
 create mode 100644 output/playwright/planet-reference-20260914/volcanic-moon-2-r003-linear-roof-diagnostic/rocky-0-albedo.png
 create mode 100644 output/playwright/planet-reference-20260914/volcanic-moon-2-r003-linear-roof-diagnostic/rocky-0-orm.png
 create mode 100644 output/playwright/planet-reference-20260914/volcanic-moon-2-r003-linear-roof-diagnostic/rocky-1-albedo.png
 create mode 100644 output/playwright/planet-reference-20260914/volcanic-moon-2-r003-linear-roof-diagnostic/rocky-1-orm.png
 create mode 100644 output/playwright/planet-reference-20260914/volcanic-moon-2-r003-linear-roof-diagnostic/rocky-2-albedo.png
 create mode 100644 output/playwright/planet-reference-20260914/volcanic-moon-2-r003-linear-roof-diagnostic/rocky-2-orm.png
 create mode 100644 output/playwright/planet-reference-20260914/volcanic-moon-2-r003-linear-roof-diagnostic/rocky-3-albedo.png
 create mode 100644 output/playwright/planet-reference-20260914/volcanic-moon-2-r003-linear-roof-diagnostic/rocky-3-orm.png
 create mode 100644 output/playwright/planet-reference-20260914/volcanic-moon-2-r003-linear-roof-diagnostic/rocky-4-albedo.png
 create mode 100644 output/playwright/planet-reference-20260914/volcanic-moon-2-r003-linear-roof-diagnostic/rocky-4-orm.png
 create mode 100644 output/playwright/planet-reference-20260914/volcanic-moon-2-r003-linear-roof-diagnostic/rocky-5-albedo.png
 create mode 100644 output/playwright/planet-reference-20260914/volcanic-moon-2-r003-linear-roof-diagnostic/rocky-5-orm.png
 create mode 100644 output/playwright/planet-reference-20260914/volcanic-moon-2-r003-linear-roof-diagnostic/validation.json
 create mode 100644 output/playwright/planet-reference-20260914/volcanic-moon-2-r003-linear-roof-diagnostic/variant-recipe.json
 create mode 100644 output/playwright/planet-reference-20260914/volcanic-moon-2-r003/angular-outcrops.glb
 create mode 100644 output/playwright/planet-reference-20260914/volcanic-moon-2-r003/battered-region-a.glb
 create mode 100644 output/playwright/planet-reference-20260914/volcanic-moon-2-r003/battered-region-b.glb
 create mode 100644 output/playwright/planet-reference-20260914/volcanic-moon-2-r003/build_volcanic_moon_native_variants_r003.py
 create mode 100644 output/playwright/planet-reference-20260914/volcanic-moon-2-r003/crater-broken.glb
 create mode 100644 output/playwright/planet-reference-20260914/volcanic-moon-2-r003/crater-large.glb
 create mode 100644 output/playwright/planet-reference-20260914/volcanic-moon-2-r003/crater-small.glb
 create mode 100644 output/playwright/planet-reference-20260914/volcanic-moon-2-r003/final-terrain-exposure-rays.json
 create mode 100644 output/playwright/planet-reference-20260914/volcanic-moon-2-r003/focused-tests.log
 create mode 100644 output/playwright/planet-reference-20260914/volcanic-moon-2-r003/foundation-source-r002.py
 create mode 100644 output/playwright/planet-reference-20260914/volcanic-moon-2-r003/fractured-shelf.glb
 create mode 100644 output/playwright/planet-reference-20260914/volcanic-moon-2-r003/generator.py
 create mode 100644 output/playwright/planet-reference-20260914/volcanic-moon-2-r003/ground-sphere-low.glb
 create mode 100644 output/playwright/planet-reference-20260914/volcanic-moon-2-r003/ground-sphere-medium.glb
 create mode 100644 output/playwright/planet-reference-20260914/volcanic-moon-2-r003/ground-sphere.glb
 create mode 100644 output/playwright/planet-reference-20260914/volcanic-moon-2-r003/intended-glow-seed38-angle2.png
 create mode 100644 output/playwright/planet-reference-20260914/volcanic-moon-2-r003/intended-glow-seed38-capture.log
 create mode 100644 output/playwright/planet-reference-20260914/volcanic-moon-2-r003/intended-glow-seed38-reference-scale.png
 create mode 100644 output/playwright/planet-reference-20260914/volcanic-moon-2-r003/intended-glow-seed38.json
 create mode 100644 output/playwright/planet-reference-20260914/volcanic-moon-2-r003/intended-glow-seed38.png
 create mode 100644 output/playwright/planet-reference-20260914/volcanic-moon-2-r003/kit-preview.png
 create mode 100644 output/playwright/planet-reference-20260914/volcanic-moon-2-r003/kit.blend
 create mode 100644 output/playwright/planet-reference-20260914/volcanic-moon-2-r003/kit.json
 create mode 100644 output/playwright/planet-reference-20260914/volcanic-moon-2-r003/mineral-seam.glb
 create mode 100644 output/playwright/planet-reference-20260914/volcanic-moon-2-r003/notes.md
 create mode 100644 output/playwright/planet-reference-20260914/volcanic-moon-2-r003/previous-variant-recipe.json
 create mode 100644 output/playwright/planet-reference-20260914/volcanic-moon-2-r003/rocky-0-albedo.png
 create mode 100644 output/playwright/planet-reference-20260914/volcanic-moon-2-r003/rocky-0-orm.png
 create mode 100644 output/playwright/planet-reference-20260914/volcanic-moon-2-r003/rocky-1-albedo.png
 create mode 100644 output/playwright/planet-reference-20260914/volcanic-moon-2-r003/rocky-1-orm.png
 create mode 100644 output/playwright/planet-reference-20260914/volcanic-moon-2-r003/rocky-2-albedo.png
 create mode 100644 output/playwright/planet-reference-20260914/volcanic-moon-2-r003/rocky-2-orm.png
 create mode 100644 output/playwright/planet-reference-20260914/volcanic-moon-2-r003/rocky-3-albedo.png
 create mode 100644 output/playwright/planet-reference-20260914/volcanic-moon-2-r003/rocky-3-orm.png
 create mode 100644 output/playwright/planet-reference-20260914/volcanic-moon-2-r003/rocky-4-albedo.png
 create mode 100644 output/playwright/planet-reference-20260914/volcanic-moon-2-r003/rocky-4-orm.png
 create mode 100644 output/playwright/planet-reference-20260914/volcanic-moon-2-r003/rocky-5-albedo.png
 create mode 100644 output/playwright/planet-reference-20260914/volcanic-moon-2-r003/rocky-5-orm.png
 create mode 100644 output/playwright/planet-reference-20260914/volcanic-moon-2-r003/source-hashes.json
 create mode 100644 output/playwright/planet-reference-20260914/volcanic-moon-2-r003/validation.json
 create mode 100644 output/playwright/planet-reference-20260914/volcanic-moon-2-r003/variant-recipe.json
 create mode 100644 output/playwright/planet-reference-20260914/volcanic-moon-2-r003/volcanic_moon_reference_composition_r003.test.ts
 create mode 100644 output/playwright/planet-reference-20260914/volcanic-moon-2-r003/volcanic_moon_reference_composition_r003.ts
 create mode 100644 output/playwright/planet-reference-20260914/volcanic-moon-2-r003/volcanic_moon_reference_r003.tsconfig.json
 create mode 100644 output/playwright/planet-reference-20260914/volcanic-moon-2-r003/volcanic_moon_reference_r003.vitest.config.ts
 create mode 100644 output/playwright/planet-reference-20260914/volcanic-moon-2-r004/angular-outcrops.glb
 create mode 100644 output/playwright/planet-reference-20260914/volcanic-moon-2-r004/applied-tests.log
 create mode 100644 output/playwright/planet-reference-20260914/volcanic-moon-2-r004/battered-region-a.glb
 create mode 100644 output/playwright/planet-reference-20260914/volcanic-moon-2-r004/battered-region-b-edge.glb
 create mode 100644 output/playwright/planet-reference-20260914/volcanic-moon-2-r004/battered-region-b.glb
 create mode 100644 output/playwright/planet-reference-20260914/volcanic-moon-2-r004/build_volcanic_moon2_hot_edges_r004.py
 create mode 100644 output/playwright/planet-reference-20260914/volcanic-moon-2-r004/crater-broken.glb
 create mode 100644 output/playwright/planet-reference-20260914/volcanic-moon-2-r004/crater-large.glb
 create mode 100644 output/playwright/planet-reference-20260914/volcanic-moon-2-r004/crater-small.glb
 create mode 100644 output/playwright/planet-reference-20260914/volcanic-moon-2-r004/final-terrain-exposure-rays.json
 create mode 100644 output/playwright/planet-reference-20260914/volcanic-moon-2-r004/focused-tests.log
 create mode 100644 output/playwright/planet-reference-20260914/volcanic-moon-2-r004/foundation-source-r003.py
 create mode 100644 output/playwright/planet-reference-20260914/volcanic-moon-2-r004/fractured-shelf.glb
 create mode 100644 output/playwright/planet-reference-20260914/volcanic-moon-2-r004/generator.py
 create mode 100644 output/playwright/planet-reference-20260914/volcanic-moon-2-r004/ground-sphere-low.glb
 create mode 100644 output/playwright/planet-reference-20260914/volcanic-moon-2-r004/ground-sphere-medium.glb
 create mode 100644 output/playwright/planet-reference-20260914/volcanic-moon-2-r004/ground-sphere.glb
 create mode 100644 output/playwright/planet-reference-20260914/volcanic-moon-2-r004/intended-glow-capture.log
 create mode 100644 output/playwright/planet-reference-20260914/volcanic-moon-2-r004/intended-glow-seed38-angle2.png
 create mode 100644 output/playwright/planet-reference-20260914/volcanic-moon-2-r004/intended-glow-seed38-capture.log
 create mode 100644 output/playwright/planet-reference-20260914/volcanic-moon-2-r004/intended-glow-seed38-reference-scale.png
 create mode 100644 output/playwright/planet-reference-20260914/volcanic-moon-2-r004/intended-glow-seed38.json
 create mode 100644 output/playwright/planet-reference-20260914/volcanic-moon-2-r004/intended-glow-seed38.png
 create mode 100644 output/playwright/planet-reference-20260914/volcanic-moon-2-r004/kit-preview.png
 create mode 100644 output/playwright/planet-reference-20260914/volcanic-moon-2-r004/kit.blend
 create mode 100644 output/playwright/planet-reference-20260914/volcanic-moon-2-r004/kit.json
 create mode 100644 output/playwright/planet-reference-20260914/volcanic-moon-2-r004/mineral-seam.glb
 create mode 100644 output/playwright/planet-reference-20260914/volcanic-moon-2-r004/native-cold-edge-context.png
 create mode 100644 output/playwright/planet-reference-20260914/volcanic-moon-2-r004/native-hot-edge-preview.png
 create mode 100644 output/playwright/planet-reference-20260914/volcanic-moon-2-r004/notes.md
 create mode 100644 output/playwright/planet-reference-20260914/volcanic-moon-2-r004/preservation.json
 create mode 100644 output/playwright/planet-reference-20260914/volcanic-moon-2-r004/preview_volcanic_moon2_edge_r004.py
 create mode 100644 output/playwright/planet-reference-20260914/volcanic-moon-2-r004/rocky-0-albedo.png
 create mode 100644 output/playwright/planet-reference-20260914/volcanic-moon-2-r004/rocky-0-orm.png
 create mode 100644 output/playwright/planet-reference-20260914/volcanic-moon-2-r004/rocky-1-albedo.png
 create mode 100644 output/playwright/planet-reference-20260914/volcanic-moon-2-r004/rocky-1-orm.png
 create mode 100644 output/playwright/planet-reference-20260914/volcanic-moon-2-r004/rocky-2-albedo.png
 create mode 100644 output/playwright/planet-reference-20260914/volcanic-moon-2-r004/rocky-2-orm.png
 create mode 100644 output/playwright/planet-reference-20260914/volcanic-moon-2-r004/rocky-3-albedo.png
 create mode 100644 output/playwright/planet-reference-20260914/volcanic-moon-2-r004/rocky-3-orm.png
 create mode 100644 output/playwright/planet-reference-20260914/volcanic-moon-2-r004/rocky-4-albedo.png
 create mode 100644 output/playwright/planet-reference-20260914/volcanic-moon-2-r004/rocky-4-orm.png
 create mode 100644 output/playwright/planet-reference-20260914/volcanic-moon-2-r004/rocky-5-albedo.png
 create mode 100644 output/playwright/planet-reference-20260914/volcanic-moon-2-r004/rocky-5-orm.png
 create mode 100644 output/playwright/planet-reference-20260914/volcanic-moon-2-r004/source-hashes.json
 create mode 100644 output/playwright/planet-reference-20260914/volcanic-moon-2-r004/validation.json
 create mode 100644 output/playwright/planet-reference-20260914/volcanic-moon-2-r004/volcanic_moon_reference_composition_r004.test.ts
 create mode 100644 output/playwright/planet-reference-20260914/volcanic-moon-2-r004/volcanic_moon_reference_composition_r004.ts
 create mode 100644 output/playwright/planet-reference-20260914/volcanic-moon-2-r004/volcanic_moon_reference_r004.tsconfig.json
 create mode 100644 output/playwright/planet-reference-20260914/volcanic-moon-2-r004/volcanic_moon_reference_r004.vitest.config.ts
 create mode 100644 output/playwright/planet-reference-20260914/volcanic-moon2-r004-attribute-audit/report.json
 create mode 100644 output/playwright/planet-reference-20260914/volcanic-moon2-r004-attribute-audit/report.md
 create mode 100644 output/playwright/planet-reference-20260914/volcanic-moons-r002-exposed-fracture-rays.json
 create mode 100644 output/playwright/planet-reference-20260914/volcanic-moons-r003-attribute-audit/report.json
 create mode 100644 output/playwright/planet-reference-20260914/volcanic-moons-r003-attribute-audit/report.md
 create mode 100644 output/playwright/planet-reference-20260914/volcanic-moons-r003-exposed-fracture-rays.json
 create mode 100644 output/playwright/planet-reference-20260914/volcanic-moons-r004-exposed-fracture-rays.json
 create mode 100644 output/playwright/planet-reference-20260914/volcanic-r023/basalt-0-albedo.png
 create mode 100644 output/playwright/planet-reference-20260914/volcanic-r023/basalt-0-orm.png
 create mode 100644 output/playwright/planet-reference-20260914/volcanic-r023/basalt-1-albedo.png
 create mode 100644 output/playwright/planet-reference-20260914/volcanic-r023/basalt-1-orm.png
 create mode 100644 output/playwright/planet-reference-20260914/volcanic-r023/basalt-2-albedo.png
 create mode 100644 output/playwright/planet-reference-20260914/volcanic-r023/basalt-2-orm.png
 create mode 100644 output/playwright/planet-reference-20260914/volcanic-r023/basalt-4-albedo.png
 create mode 100644 output/playwright/planet-reference-20260914/volcanic-r023/basalt-4-orm.png
 create mode 100644 output/playwright/planet-reference-20260914/volcanic-r023/corrected-seed38-angle2.png
 create mode 100644 output/playwright/planet-reference-20260914/volcanic-r023/corrected-seed38-capture.log
 create mode 100644 output/playwright/planet-reference-20260914/volcanic-r023/corrected-seed38-reference-scale.png
 create mode 100644 output/playwright/planet-reference-20260914/volcanic-r023/corrected-seed38.json
 create mode 100644 output/playwright/planet-reference-20260914/volcanic-r023/corrected-seed38.png
 create mode 100644 output/playwright/planet-reference-20260914/volcanic-r023/ground-sphere-low.glb
 create mode 100644 output/playwright/planet-reference-20260914/volcanic-r023/ground-sphere-medium.glb
 create mode 100644 output/playwright/planet-reference-20260914/volcanic-r023/ground-sphere.glb
 create mode 100644 output/playwright/planet-reference-20260914/volcanic-r023/kit-preview.png
 create mode 100644 output/playwright/planet-reference-20260914/volcanic-r023/kit.blend
 create mode 100644 output/playwright/planet-reference-20260914/volcanic-r023/kit.json
 create mode 100644 output/playwright/planet-reference-20260914/volcanic-r023/lava-flow.png
 create mode 100644 output/playwright/planet-reference-20260914/volcanic-r023/smoke-omission-audit.md
 create mode 100644 output/playwright/planet-reference-20260914/volcanic-r023/smoke-restored-seed38-angle2.png
 create mode 100644 output/playwright/planet-reference-20260914/volcanic-r023/smoke-restored-seed38-capture.log
 create mode 100644 output/playwright/planet-reference-20260914/volcanic-r023/smoke-restored-seed38-reference-scale.png
 create mode 100644 output/playwright/planet-reference-20260914/volcanic-r023/smoke-restored-seed38.json
 create mode 100644 output/playwright/planet-reference-20260914/volcanic-r023/smoke-restored-seed38.png
 create mode 100644 output/playwright/planet-reference-20260914/volcanic-r023/validation.json
 create mode 100644 output/playwright/planet-reference-20260914/volcanic-r023/volcanic-region-a.glb
 create mode 100644 output/playwright/planet-reference-20260914/volcanic-r023/volcanic-region-b.glb
 create mode 100644 output/playwright/planet-reference-20260914/volcanic-r023/volcanic-region-c.glb
 create mode 100644 scripts/art_library/audit_native_kit_attributes.py
 create mode 100644 scripts/art_library/build_crystal_moon_native_variants_r004.py
 create mode 100644 scripts/art_library/build_gas_moon_luminous_trial_r005.py
 create mode 100644 scripts/art_library/build_volcanic_moon2_hot_edges_r004.py
 create mode 100644 scripts/art_library/build_volcanic_moon_native_variants_r003.py
 create mode 100644 scripts/art_library/capture_planet_reference.py
 create mode 100644 scripts/art_library/capture_planet_reference_lod.py
 create mode 100644 scripts/art_library/crystal_moon_reference_composition_r001.test.ts
 create mode 100644 scripts/art_library/crystal_moon_reference_composition_r001.ts
 create mode 100644 scripts/art_library/crystal_moon_reference_composition_r002.test.ts
 create mode 100644 scripts/art_library/crystal_moon_reference_composition_r002.ts
 create mode 100644 scripts/art_library/crystal_moon_reference_composition_r003.ts
 create mode 100644 scripts/art_library/crystal_moon_reference_composition_r004.test.ts
 create mode 100644 scripts/art_library/crystal_moon_reference_r004.tsconfig.json
 create mode 100644 scripts/art_library/crystal_moon_reference_r004.vitest.config.ts
 create mode 100644 scripts/art_library/crystal_reference_composition_r012.ts
 create mode 100644 scripts/art_library/crystal_reference_composition_r013.test.ts
 create mode 100644 scripts/art_library/crystal_reference_composition_r013.ts
 create mode 100644 scripts/art_library/gas_moon_luminous_trial_r005.test.ts
 create mode 100644 scripts/art_library/gas_moon_luminous_trial_r005.tsconfig.json
 create mode 100644 scripts/art_library/gas_moon_luminous_trial_r005.vitest.config.ts
 create mode 100644 scripts/art_library/gas_reference_composition.test.ts
 create mode 100644 scripts/art_library/gas_reference_composition.ts
 create mode 100644 scripts/art_library/hybrid_moon_reference_composition_r001.test.ts
 create mode 100644 scripts/art_library/hybrid_moon_reference_composition_r001.ts
 create mode 100644 scripts/art_library/ice_moon_blue_cut_r003.test.ts
 create mode 100644 scripts/art_library/ice_moon_blue_cut_r003.vitest.config.ts
 create mode 100644 scripts/art_library/ice_moon_reference_composition_r002.test.ts
 create mode 100644 scripts/art_library/ice_moon_reference_composition_r002.ts
 create mode 100644 scripts/art_library/ice_moon_reference_composition_r003.test.ts
 create mode 100644 scripts/art_library/ice_moon_reference_composition_r003.ts
 create mode 100644 scripts/art_library/ice_moon_reference_composition_r004.ts
 create mode 100644 scripts/art_library/ice_reference_composition_r025.test.ts
 create mode 100644 scripts/art_library/ice_reference_composition_r025.ts
 create mode 100644 scripts/art_library/ice_reference_optics_r026.test.ts
 create mode 100644 scripts/art_library/native_cloud_composition_r002.test.ts
 create mode 100644 scripts/art_library/native_cloud_composition_r002.ts
 create mode 100644 scripts/art_library/native_deformation_normals.test.ts
 create mode 100644 scripts/art_library/native_deformation_normals.ts
 create mode 100644 scripts/art_library/native_radial_surface.ts
 create mode 100644 scripts/art_library/native_reference_assembly.ts
 create mode 100644 scripts/art_library/native_surface_clearance.ts
 create mode 100644 scripts/art_library/ocean_reference_composition_r006.ts
 create mode 100644 scripts/art_library/ocean_reference_composition_r007.test.ts
 create mode 100644 scripts/art_library/ocean_reference_composition_r007.ts
 create mode 100644 scripts/art_library/planet_reference_candidate.ts
 create mode 100644 scripts/art_library/planet_reference_composition.test.ts
 create mode 100644 scripts/art_library/planet_reference_composition.ts
 create mode 100644 scripts/art_library/planet_reference_direct_paths.ts
 create mode 100644 scripts/art_library/planet_reference_hardware_review.test.ts
 create mode 100644 scripts/art_library/planet_reference_local_lights.test.ts
 create mode 100644 scripts/art_library/planet_reference_local_lights.ts
 create mode 100644 scripts/art_library/planet_reference_lod_recorder.ts
 create mode 100644 scripts/art_library/planet_reference_materials.test.ts
 create mode 100644 scripts/art_library/planet_reference_materials.ts
 create mode 100644 scripts/art_library/planet_reference_pbr_channels.test.ts
 create mode 100644 scripts/art_library/planet_reference_review.html
 create mode 100644 scripts/art_library/planet_reference_review.ts
 create mode 100644 scripts/art_library/planet_reference_transmission.test.ts
 create mode 100644 scripts/art_library/planet_reference_transmission.ts
 create mode 100644 scripts/art_library/planet_reference_worker.ts
 create mode 100644 scripts/art_library/planet_reference_worker_lifetime.test.ts
 create mode 100644 scripts/art_library/planet_reference_worker_lifetime.ts
 create mode 100644 scripts/art_library/preserve_native_kit_ior.py
 create mode 100644 scripts/art_library/preview_volcanic_moon2_edge_r004.py
 create mode 100644 scripts/art_library/project_ice_moon_reference.py
 create mode 100644 scripts/art_library/reference_review.tsconfig.json
 create mode 100644 scripts/art_library/reference_review.vitest.config.ts
 create mode 100644 scripts/art_library/reference_review_test_files.json
 create mode 100644 scripts/art_library/reference_volcanic_smoke_build.ts
 create mode 100644 scripts/art_library/reference_volcanic_smoke_runtime.ts
 create mode 100644 scripts/art_library/rocky_moon_reference_composition_r001.test.ts
 create mode 100644 scripts/art_library/rocky_moon_reference_composition_r001.ts
 create mode 100644 scripts/art_library/rocky_reference_composition_r010.test.ts
 create mode 100644 scripts/art_library/rocky_reference_composition_r010.ts
 create mode 100644 scripts/art_library/run_reference_checks.py
 create mode 100644 scripts/art_library/solid_moon_reference_composition_r001.test.ts
 create mode 100644 scripts/art_library/solid_moon_reference_composition_r001.ts
 create mode 100644 scripts/art_library/stage_planet_reference.py
 create mode 100644 scripts/art_library/temperate_reference_composition_r003.test.ts
 create mode 100644 scripts/art_library/temperate_reference_composition_r003.ts
 create mode 100644 scripts/art_library/test_ice_moon_runtime_projection.py
 create mode 100644 scripts/art_library/test_native_kit_attribute_audit.py
 create mode 100644 scripts/art_library/test_preserve_native_kit_ior.py
 create mode 100644 scripts/art_library/test_stage_planet_reference.py
 create mode 100644 scripts/art_library/toxic_fog_composition_r005.test.ts
 create mode 100644 scripts/art_library/toxic_fog_composition_r005.ts
 create mode 100644 scripts/art_library/toxic_fog_reference_clearance.test.ts
 create mode 100644 scripts/art_library/toxic_fog_reference_clearance.ts
 create mode 100644 scripts/art_library/toxic_fog_reference_integration.test.ts
 create mode 100644 scripts/art_library/toxic_fog_reference_integration.ts
 create mode 100644 scripts/art_library/toxic_fog_reference_material.ts
 create mode 100644 scripts/art_library/toxic_moon_reference_composition_r001.test.ts
 create mode 100644 scripts/art_library/toxic_moon_reference_composition_r001.ts
 create mode 100644 scripts/art_library/toxic_reference_composition_r004.ts
 create mode 100644 scripts/art_library/toxic_reference_composition_r007.test.ts
 create mode 100644 scripts/art_library/toxic_reference_composition_r007.ts
 create mode 100644 scripts/art_library/volcanic_moon_reference_composition_r002.test.ts
 create mode 100644 scripts/art_library/volcanic_moon_reference_composition_r002.ts
 create mode 100644 scripts/art_library/volcanic_moon_reference_composition_r003.test.ts
 create mode 100644 scripts/art_library/volcanic_moon_reference_composition_r003.ts
 create mode 100644 scripts/art_library/volcanic_moon_reference_composition_r004.test.ts
 create mode 100644 scripts/art_library/volcanic_moon_reference_composition_r004.ts
 create mode 100644 scripts/art_library/volcanic_moon_reference_r003.tsconfig.json
 create mode 100644 scripts/art_library/volcanic_moon_reference_r003.vitest.config.ts
 create mode 100644 scripts/art_library/volcanic_moon_reference_r004.tsconfig.json
 create mode 100644 scripts/art_library/volcanic_moon_reference_r004.vitest.config.ts
 create mode 100644 scripts/art_library/volcanic_reference_composition_r023.test.ts
 create mode 100644 scripts/art_library/volcanic_reference_composition_r023.ts
