Blender 4.3.2
Read blend: "/root/sidereal_spacetime/output/playwright/planet-reference-20260914/crystal-moon-1-r009/kit.blend"
Fra:1 Mem:31.74M (Peak 31.74M) | Time:00:00.00 | Mem:0.00M, Peak:0.00M | Scene, ViewLayer | Synchronizing object | GEO-planets--crystal-moon-1-connected-crystalline-body
Fra:1 Mem:32.21M (Peak 32.21M) | Time:00:00.00 | Mem:0.00M, Peak:0.00M | Scene, ViewLayer | Synchronizing object | GEO-native-regional-fracture-2-panel-1-section-2-band-0
Fra:1 Mem:32.22M (Peak 32.22M) | Time:00:00.00 | Mem:0.00M, Peak:0.00M | Scene, ViewLayer | Synchronizing object | GEO-native-regional-fracture-2-panel-1-section-3-band-0
Fra:1 Mem:32.22M (Peak 32.22M) | Time:00:00.00 | Mem:0.00M, Peak:0.00M | Scene, ViewLayer | Synchronizing object | GEO-native-regional-fracture-2-panel-1-section-4-band-0
Fra:1 Mem:32.23M (Peak 32.23M) | Time:00:00.00 | Mem:0.00M, Peak:0.00M | Scene, ViewLayer | Synchronizing object | GEO-native-regional-fracture-2-panel-2-section-2-band-0
Fra:1 Mem:32.23M (Peak 32.23M) | Time:00:00.00 | Mem:0.00M, Peak:0.00M | Scene, ViewLayer | Synchronizing object | GEO-native-regional-fracture-2-panel-2-section-2-band-1
Fra:1 Mem:32.23M (Peak 32.23M) | Time:00:00.00 | Mem:0.00M, Peak:0.00M | Scene, ViewLayer | Synchronizing object | GEO-native-regional-fracture-2-panel-2-section-2-band-2
Fra:1 Mem:32.23M (Peak 32.23M) | Time:00:00.00 | Mem:0.00M, Peak:0.00M | Scene, ViewLayer | Synchronizing object | GEO-native-regional-fracture-2-panel-2-section-3-band-0
Fra:1 Mem:32.23M (Peak 32.23M) | Time:00:00.00 | Mem:0.00M, Peak:0.00M | Scene, ViewLayer | Synchronizing object | GEO-native-regional-fracture-2-panel-2-section-3-band-1
Fra:1 Mem:32.24M (Peak 32.24M) | Time:00:00.00 | Mem:0.00M, Peak:0.00M | Scene, ViewLayer | Synchronizing object | GEO-native-regional-fracture-2-panel-2-section-3-band-2
Fra:1 Mem:32.24M (Peak 32.24M) | Time:00:00.00 | Mem:0.00M, Peak:0.00M | Scene, ViewLayer | Synchronizing object | GEO-native-regional-fracture-2-panel-2-section-4-band-0
Fra:1 Mem:32.24M (Peak 32.24M) | Time:00:00.00 | Mem:0.00M, Peak:0.00M | Scene, ViewLayer | Synchronizing object | GEO-native-regional-fracture-2-panel-2-section-4-band-1
Fra:1 Mem:32.24M (Peak 32.24M) | Time:00:00.00 | Mem:0.00M, Peak:0.00M | Scene, ViewLayer | Synchronizing object | GEO-native-regional-fracture-2-panel-2-section-5-band-0
Fra:1 Mem:32.25M (Peak 32.25M) | Time:00:00.00 | Mem:0.00M, Peak:0.00M | Scene, ViewLayer | Synchronizing object | GEO-native-regional-fracture-2-panel-2-section-5-band-1
Fra:1 Mem:32.25M (Peak 32.25M) | Time:00:00.00 | Mem:0.00M, Peak:0.00M | Scene, ViewLayer | Synchronizing object | GEO-native-regional-fracture-2-panel-2-section-6-band-0
Fra:1 Mem:32.25M (Peak 32.25M) | Time:00:00.00 | Mem:0.00M, Peak:0.00M | Scene, ViewLayer | Synchronizing object | GEO-native-regional-fracture-2-panel-2-section-6-band-1
Fra:1 Mem:32.25M (Peak 32.25M) | Time:00:00.00 | Mem:0.00M, Peak:0.00M | Scene, ViewLayer | Synchronizing object | GEO-native-regional-fracture-2-panel-3-section-3-band-1
Fra:1 Mem:32.25M (Peak 32.25M) | Time:00:00.00 | Mem:0.00M, Peak:0.00M | Scene, ViewLayer | Synchronizing object | GEO-native-regional-fracture-2-panel-3-section-3-band-2
Fra:1 Mem:32.26M (Peak 32.26M) | Time:00:00.00 | Mem:0.00M, Peak:0.00M | Scene, ViewLayer | Synchronizing object | GEO-native-regional-fracture-2-panel-3-section-4-band-2
Fra:1 Mem:32.26M (Peak 32.26M) | Time:00:00.00 | Mem:0.00M, Peak:0.00M | Scene, ViewLayer | Synchronizing object | GEO-native-regional-fracture-2-panel-3-section-5-band-1
Fra:1 Mem:32.26M (Peak 32.26M) | Time:00:00.00 | Mem:0.00M, Peak:0.00M | Scene, ViewLayer | Synchronizing object | GEO-native-regional-fracture-2-panel-3-section-5-band-2
Fra:1 Mem:32.26M (Peak 32.26M) | Time:00:00.00 | Mem:0.00M, Peak:0.00M | Scene, ViewLayer | Synchronizing object | GEO-native-regional-fracture-2-panel-5-section-4-band-0
Fra:1 Mem:32.26M (Peak 32.26M) | Time:00:00.00 | Mem:0.00M, Peak:0.00M | Scene, ViewLayer | Synchronizing object | GEO-native-regional-fracture-2-panel-5-section-5-band-0
Fra:1 Mem:32.27M (Peak 32.27M) | Time:00:00.00 | Mem:0.00M, Peak:0.00M | Scene, ViewLayer | Synchronizing object | GEO-native-regional-fracture-2-panel-5-section-6-band-0
Fra:1 Mem:32.27M (Peak 32.27M) | Time:00:00.00 | Mem:0.00M, Peak:0.00M | Scene, ViewLayer | Synchronizing object | GEO-native-regional-fracture-2-panel-5-section-7-band-0
Fra:1 Mem:32.27M (Peak 32.27M) | Time:00:00.00 | Mem:0.00M, Peak:0.00M | Scene, ViewLayer | Synchronizing object | GEO-native-regional-fracture-2-panel-5-section-8-band-0
Fra:1 Mem:32.28M (Peak 32.28M) | Time:00:00.00 | Mem:0.00M, Peak:0.00M | Scene, ViewLayer | Synchronizing object | GEO-native-regional-fracture-2-panel-5-section-9-band-0
Fra:1 Mem:32.28M (Peak 32.28M) | Time:00:00.00 | Mem:0.00M, Peak:0.00M | Scene, ViewLayer | Synchronizing object | GEO-native-regional-fracture-2-panel-7-section-4-band-2
Fra:1 Mem:32.28M (Peak 32.28M) | Time:00:00.00 | Mem:0.00M, Peak:0.00M | Scene, ViewLayer | Synchronizing object | GEO-native-regional-fracture-2-panel-7-section-5-band-1
Fra:1 Mem:32.28M (Peak 32.28M) | Time:00:00.00 | Mem:0.00M, Peak:0.00M | Scene, ViewLayer | Synchronizing object | GEO-native-regional-fracture-2-panel-7-section-5-band-2
Fra:1 Mem:32.28M (Peak 32.28M) | Time:00:00.00 | Mem:0.00M, Peak:0.00M | Scene, ViewLayer | Synchronizing object | GEO-native-regional-fracture-2-panel-7-section-6-band-1
Fra:1 Mem:32.29M (Peak 32.29M) | Time:00:00.00 | Mem:0.00M, Peak:0.00M | Scene, ViewLayer | Synchronizing object | GEO-native-regional-fracture-2-panel-7-section-6-band-2
Fra:1 Mem:32.29M (Peak 32.29M) | Time:00:00.00 | Mem:0.00M, Peak:0.00M | Scene, ViewLayer | Synchronizing object | GEO-native-regional-fracture-2-panel-7-section-7-band-2
Fra:1 Mem:32.29M (Peak 32.29M) | Time:00:00.00 | Mem:0.00M, Peak:0.00M | Scene, ViewLayer | Synchronizing object | GEO-native-regional-fracture-2-panel-8-section-7-band-0
Fra:1 Mem:32.29M (Peak 32.29M) | Time:00:00.00 | Mem:0.00M, Peak:0.00M | Scene, ViewLayer | Synchronizing object | GEO-native-regional-fracture-2-panel-8-section-7-band-1
Fra:1 Mem:32.29M (Peak 32.29M) | Time:00:00.00 | Mem:0.00M, Peak:0.00M | Scene, ViewLayer | Synchronizing object | GEO-native-regional-fracture-2-panel-8-section-7-band-2
Fra:1 Mem:32.30M (Peak 32.30M) | Time:00:00.00 | Mem:0.00M, Peak:0.00M | Scene, ViewLayer | Synchronizing object | GEO-native-regional-fracture-2-panel-8-section-8-band-0
Fra:1 Mem:32.30M (Peak 32.30M) | Time:00:00.00 | Mem:0.00M, Peak:0.00M | Scene, ViewLayer | Synchronizing object | GEO-native-regional-fracture-2-panel-8-section-8-band-1
Fra:1 Mem:32.30M (Peak 32.30M) | Time:00:00.00 | Mem:0.00M, Peak:0.00M | Scene, ViewLayer | Synchronizing object | GEO-native-regional-fracture-2-panel-8-section-8-band-2
Fra:1 Mem:32.30M (Peak 32.30M) | Time:00:00.00 | Mem:0.00M, Peak:0.00M | Scene, ViewLayer | Synchronizing object | GEO-native-regional-fracture-2-panel-8-section-9-band-0
Fra:1 Mem:32.31M (Peak 32.31M) | Time:00:00.00 | Mem:0.00M, Peak:0.00M | Scene, ViewLayer | Synchronizing object | GEO-native-regional-fracture-2-panel-8-section-9-band-1
Fra:1 Mem:32.31M (Peak 32.31M) | Time:00:00.00 | Mem:0.00M, Peak:0.00M | Scene, ViewLayer | Synchronizing object | GEO-native-regional-fracture-2-panel-8-section-9-band-2
Fra:1 Mem:32.32M (Peak 32.32M) | Time:00:00.00 | Mem:0.00M, Peak:0.00M | Scene, ViewLayer | Synchronizing object | GEO-native-regional-fracture-2-panel-8-section-10-band-0
Fra:1 Mem:32.32M (Peak 32.32M) | Time:00:00.00 | Mem:0.00M, Peak:0.00M | Scene, ViewLayer | Synchronizing object | GEO-native-regional-fracture-2-panel-8-section-10-band-1
Fra:1 Mem:32.32M (Peak 32.32M) | Time:00:00.00 | Mem:0.00M, Peak:0.00M | Scene, ViewLayer | Synchronizing object | GEO-native-regional-fracture-0-panel-85-section-11-band-2
Fra:1 Mem:32.32M (Peak 32.32M) | Time:00:00.00 | Mem:0.00M, Peak:0.00M | Scene, ViewLayer | Synchronizing object | GEO-native-regional-fracture-2-panel-8-section-10-band-2
Fra:1 Mem:32.32M (Peak 32.32M) | Time:00:00.00 | Mem:0.00M, Peak:0.00M | Scene, ViewLayer | Synchronizing object | GEO-native-regional-fracture-1-panel-10-section-13-band-1
Fra:1 Mem:32.32M (Peak 32.32M) | Time:00:00.00 | Mem:0.00M, Peak:0.00M | Scene, ViewLayer | Synchronizing object | GEO-native-regional-fracture-0-panel-85-section-11-band-1
Fra:1 Mem:32.34M (Peak 32.34M) | Time:00:00.00 | Mem:0.00M, Peak:0.00M | Scene, ViewLayer | Synchronizing object | GEO-native-regional-fracture-1-panel-10-section-13-band-2
Fra:1 Mem:32.33M (Peak 32.34M) | Time:00:00.00 | Mem:0.00M, Peak:0.00M | Scene, ViewLayer | Synchronizing object | GEO-native-regional-fracture-0-panel-85-section-10-band-1
Fra:1 Mem:32.33M (Peak 32.34M) | Time:00:00.00 | Mem:0.00M, Peak:0.00M | Scene, ViewLayer | Synchronizing object | GEO-native-regional-fracture-1-panel-10-section-1-band-0
Fra:1 Mem:32.33M (Peak 32.34M) | Time:00:00.00 | Mem:0.00M, Peak:0.00M | Scene, ViewLayer | Synchronizing object | GEO-native-regional-fracture-0-panel-85-section-10-band-0
Fra:1 Mem:32.33M (Peak 32.34M) | Time:00:00.00 | Mem:0.00M, Peak:0.00M | Scene, ViewLayer | Synchronizing object | GEO-native-regional-fracture-1-panel-10-section-1-band-1
Fra:1 Mem:32.33M (Peak 32.34M) | Time:00:00.00 | Mem:0.00M, Peak:0.00M | Scene, ViewLayer | Synchronizing object | GEO-native-regional-fracture-1-panel-84-section-10-band-2
Fra:1 Mem:32.33M (Peak 32.34M) | Time:00:00.00 | Mem:0.00M, Peak:0.00M | Scene, ViewLayer | Synchronizing object | GEO-native-regional-fracture-1-panel-10-section-1-band-2
Fra:1 Mem:32.33M (Peak 32.34M) | Time:00:00.00 | Mem:0.00M, Peak:0.00M | Scene, ViewLayer | Synchronizing object | GEO-native-regional-fracture-1-panel-84-section-10-band-1
Fra:1 Mem:32.34M (Peak 32.34M) | Time:00:00.00 | Mem:0.00M, Peak:0.00M | Scene, ViewLayer | Synchronizing object | GEO-native-regional-fracture-1-panel-11-section-1-band-0
Fra:1 Mem:32.34M (Peak 32.34M) | Time:00:00.00 | Mem:0.00M, Peak:0.00M | Scene, ViewLayer | Synchronizing object | GEO-native-regional-fracture-1-panel-84-section-10-band-0
Fra:1 Mem:32.34M (Peak 32.34M) | Time:00:00.00 | Mem:0.00M, Peak:0.00M | Scene, ViewLayer | Synchronizing object | GEO-native-regional-fracture-1-panel-11-section-2-band-0
Fra:1 Mem:32.34M (Peak 32.34M) | Time:00:00.00 | Mem:0.00M, Peak:0.00M | Scene, ViewLayer | Synchronizing object | GEO-native-regional-fracture-1-panel-83-section-11-band-0
Fra:1 Mem:32.34M (Peak 32.34M) | Time:00:00.00 | Mem:0.00M, Peak:0.00M | Scene, ViewLayer | Synchronizing object | GEO-native-regional-fracture-1-panel-11-section-2-band-1
Fra:1 Mem:32.36M (Peak 32.36M) | Time:00:00.00 | Mem:0.00M, Peak:0.00M | Scene, ViewLayer | Synchronizing object | GEO-native-regional-fracture-1-panel-83-section-10-band-0
Fra:1 Mem:32.36M (Peak 32.36M) | Time:00:00.00 | Mem:0.00M, Peak:0.00M | Scene, ViewLayer | Synchronizing object | GEO-native-regional-fracture-1-panel-11-section-2-band-2
Fra:1 Mem:32.35M (Peak 32.36M) | Time:00:00.00 | Mem:0.00M, Peak:0.00M | Scene, ViewLayer | Synchronizing object | GEO-native-regional-fracture-0-panel-81-section-16-band-2
Fra:1 Mem:32.35M (Peak 32.36M) | Time:00:00.00 | Mem:0.00M, Peak:0.00M | Scene, ViewLayer | Synchronizing object | GEO-native-regional-fracture-2-panel-12-section-9-band-0
Fra:1 Mem:32.35M (Peak 32.36M) | Time:00:00.00 | Mem:0.00M, Peak:0.00M | Scene, ViewLayer | Synchronizing object | GEO-native-regional-fracture-0-panel-81-section-15-band-2
Fra:1 Mem:32.37M (Peak 32.37M) | Time:00:00.00 | Mem:0.00M, Peak:0.00M | Scene, ViewLayer | Synchronizing object | GEO-native-regional-fracture-2-panel-12-section-10-band-0
Fra:1 Mem:32.36M (Peak 32.37M) | Time:00:00.00 | Mem:0.00M, Peak:0.00M | Scene, ViewLayer | Synchronizing object | GEO-native-regional-fracture-0-panel-81-section-15-band-1
Fra:1 Mem:32.36M (Peak 32.37M) | Time:00:00.00 | Mem:0.00M, Peak:0.00M | Scene, ViewLayer | Synchronizing object | GEO-native-regional-fracture-2-panel-12-section-11-band-0
Fra:1 Mem:32.36M (Peak 32.37M) | Time:00:00.00 | Mem:0.00M, Peak:0.00M | Scene, ViewLayer | Synchronizing object | GEO-native-regional-fracture-0-panel-81-section-14-band-2
Fra:1 Mem:32.36M (Peak 32.37M) | Time:00:00.00 | Mem:0.00M, Peak:0.00M | Scene, ViewLayer | Synchronizing object | GEO-native-regional-fracture-2-panel-12-section-14-band-0
Fra:1 Mem:32.36M (Peak 32.37M) | Time:00:00.00 | Mem:0.00M, Peak:0.00M | Scene, ViewLayer | Synchronizing object | GEO-native-regional-fracture-0-panel-81-section-14-band-1
Fra:1 Mem:32.36M (Peak 32.37M) | Time:00:00.00 | Mem:0.00M, Peak:0.00M | Scene, ViewLayer | Synchronizing object | GEO-native-regional-fracture-2-panel-13-section-10-band-0
Fra:1 Mem:32.37M (Peak 32.37M) | Time:00:00.00 | Mem:0.00M, Peak:0.00M | Scene, ViewLayer | Synchronizing object | GEO-native-regional-fracture-0-panel-81-section-14-band-0
Fra:1 Mem:32.38M (Peak 32.38M) | Time:00:00.00 | Mem:0.00M, Peak:0.00M | Scene, ViewLayer | Synchronizing object | GEO-native-regional-fracture-2-panel-13-section-11-band-0
Fra:1 Mem:32.37M (Peak 32.38M) | Time:00:00.00 | Mem:0.00M, Peak:0.00M | Scene, ViewLayer | Synchronizing object | GEO-native-regional-fracture-0-panel-81-section-11-band-2
Fra:1 Mem:32.37M (Peak 32.38M) | Time:00:00.00 | Mem:0.00M, Peak:0.00M | Scene, ViewLayer | Synchronizing object | GEO-native-regional-fracture-2-panel-13-section-11-band-1
Fra:1 Mem:32.37M (Peak 32.38M) | Time:00:00.00 | Mem:0.00M, Peak:0.00M | Scene, ViewLayer | Synchronizing object | GEO-native-regional-fracture-0-panel-81-section-11-band-1
Fra:1 Mem:32.38M (Peak 32.38M) | Time:00:00.00 | Mem:0.00M, Peak:0.00M | Scene, ViewLayer | Synchronizing object | GEO-native-regional-fracture-2-panel-13-section-14-band-0
Fra:1 Mem:32.38M (Peak 32.38M) | Time:00:00.00 | Mem:0.00M, Peak:0.00M | Scene, ViewLayer | Synchronizing object | GEO-native-regional-fracture-0-panel-81-section-11-band-0
Fra:1 Mem:32.38M (Peak 32.38M) | Time:00:00.00 | Mem:0.00M, Peak:0.00M | Scene, ViewLayer | Synchronizing object | GEO-native-regional-fracture-2-panel-13-section-14-band-1
Fra:1 Mem:32.38M (Peak 32.38M) | Time:00:00.00 | Mem:0.00M, Peak:0.00M | Scene, ViewLayer | Synchronizing object | GEO-native-regional-fracture-1-panel-80-section-8-band-2
Fra:1 Mem:32.38M (Peak 32.38M) | Time:00:00.00 | Mem:0.00M, Peak:0.00M | Scene, ViewLayer | Synchronizing object | GEO-native-regional-fracture-1-panel-22-section-14-band-2
Fra:1 Mem:32.38M (Peak 32.38M) | Time:00:00.00 | Mem:0.00M, Peak:0.00M | Scene, ViewLayer | Synchronizing object | GEO-native-regional-fracture-1-panel-80-section-7-band-2
Fra:1 Mem:32.38M (Peak 32.38M) | Time:00:00.00 | Mem:0.00M, Peak:0.00M | Scene, ViewLayer | Synchronizing object | GEO-native-regional-fracture-1-panel-22-section-15-band-0
Fra:1 Mem:32.39M (Peak 32.39M) | Time:00:00.00 | Mem:0.00M, Peak:0.00M | Scene, ViewLayer | Synchronizing object | GEO-native-regional-fracture-1-panel-80-section-6-band-2
Fra:1 Mem:32.39M (Peak 32.39M) | Time:00:00.00 | Mem:0.00M, Peak:0.00M | Scene, ViewLayer | Synchronizing object | GEO-native-regional-fracture-1-panel-22-section-15-band-1
Fra:1 Mem:32.39M (Peak 32.39M) | Time:00:00.00 | Mem:0.00M, Peak:0.00M | Scene, ViewLayer | Synchronizing object | GEO-native-regional-fracture-1-panel-80-section-6-band-1
Fra:1 Mem:32.39M (Peak 32.39M) | Time:00:00.00 | Mem:0.00M, Peak:0.00M | Scene, ViewLayer | Synchronizing object | GEO-native-regional-fracture-1-panel-22-section-15-band-2
Fra:1 Mem:32.41M (Peak 32.41M) | Time:00:00.00 | Mem:0.00M, Peak:0.00M | Scene, ViewLayer | Synchronizing object | GEO-native-regional-fracture-1-panel-80-section-5-band-2
Fra:1 Mem:32.39M (Peak 32.41M) | Time:00:00.00 | Mem:0.00M, Peak:0.00M | Scene, ViewLayer | Synchronizing object | GEO-native-regional-fracture-1-panel-22-section-16-band-0
Fra:1 Mem:32.39M (Peak 32.41M) | Time:00:00.00 | Mem:0.00M, Peak:0.00M | Scene, ViewLayer | Synchronizing object | GEO-native-regional-fracture-1-panel-80-section-5-band-1
Fra:1 Mem:32.40M (Peak 32.41M) | Time:00:00.00 | Mem:0.00M, Peak:0.00M | Scene, ViewLayer | Synchronizing object | GEO-native-regional-fracture-0-panel-23-section-2-band-2
Fra:1 Mem:32.41M (Peak 32.41M) | Time:00:00.00 | Mem:0.00M, Peak:0.00M | Scene, ViewLayer | Synchronizing object | GEO-native-regional-fracture-1-panel-79-section-8-band-2
Fra:1 Mem:32.40M (Peak 32.41M) | Time:00:00.00 | Mem:0.00M, Peak:0.00M | Scene, ViewLayer | Synchronizing object | GEO-native-regional-fracture-0-panel-23-section-3-band-1
Fra:1 Mem:32.42M (Peak 32.42M) | Time:00:00.00 | Mem:0.00M, Peak:0.00M | Scene, ViewLayer | Synchronizing object | GEO-native-regional-fracture-1-panel-79-section-8-band-1
Fra:1 Mem:32.40M (Peak 32.42M) | Time:00:00.00 | Mem:0.00M, Peak:0.00M | Scene, ViewLayer | Synchronizing object | GEO-native-regional-fracture-0-panel-23-section-3-band-2
Fra:1 Mem:32.40M (Peak 32.42M) | Time:00:00.00 | Mem:0.00M, Peak:0.00M | Scene, ViewLayer | Synchronizing object | GEO-native-regional-fracture-1-panel-79-section-8-band-0
Fra:1 Mem:32.41M (Peak 32.42M) | Time:00:00.00 | Mem:0.00M, Peak:0.00M | Scene, ViewLayer | Synchronizing object | GEO-native-regional-fracture-0-panel-23-section-4-band-2
Fra:1 Mem:32.41M (Peak 32.42M) | Time:00:00.00 | Mem:0.00M, Peak:0.00M | Scene, ViewLayer | Synchronizing object | GEO-native-regional-fracture-1-panel-79-section-7-band-2
Fra:1 Mem:32.41M (Peak 32.42M) | Time:00:00.00 | Mem:0.00M, Peak:0.00M | Scene, ViewLayer | Synchronizing object | GEO-native-regional-fracture-0-panel-23-section-5-band-1
Fra:1 Mem:32.41M (Peak 32.42M) | Time:00:00.00 | Mem:0.00M, Peak:0.00M | Scene, ViewLayer | Synchronizing object | GEO-native-regional-fracture-1-panel-79-section-7-band-1
Fra:1 Mem:32.41M (Peak 32.42M) | Time:00:00.00 | Mem:0.00M, Peak:0.00M | Scene, ViewLayer | Synchronizing object | GEO-native-regional-fracture-0-panel-23-section-5-band-2
Fra:1 Mem:32.41M (Peak 32.42M) | Time:00:00.00 | Mem:0.00M, Peak:0.00M | Scene, ViewLayer | Synchronizing object | GEO-native-regional-fracture-1-panel-79-section-7-band-0
Fra:1 Mem:32.41M (Peak 32.42M) | Time:00:00.00 | Mem:0.00M, Peak:0.00M | Scene, ViewLayer | Synchronizing object | GEO-native-regional-fracture-0-panel-23-section-6-band-1
Fra:1 Mem:32.42M (Peak 32.42M) | Time:00:00.00 | Mem:0.00M, Peak:0.00M | Scene, ViewLayer | Synchronizing object | GEO-native-regional-fracture-1-panel-79-section-6-band-1
Fra:1 Mem:32.42M (Peak 32.42M) | Time:00:00.00 | Mem:0.00M, Peak:0.00M | Scene, ViewLayer | Synchronizing object | GEO-native-regional-fracture-0-panel-23-section-6-band-2
Fra:1 Mem:32.42M (Peak 32.42M) | Time:00:00.00 | Mem:0.00M, Peak:0.00M | Scene, ViewLayer | Synchronizing object | GEO-native-regional-fracture-1-panel-79-section-6-band-0
Fra:1 Mem:32.43M (Peak 32.43M) | Time:00:00.00 | Mem:0.00M, Peak:0.00M | Scene, ViewLayer | Synchronizing object | GEO-native-regional-fracture-1-panel-24-section-10-band-0
Fra:1 Mem:32.42M (Peak 32.43M) | Time:00:00.00 | Mem:0.00M, Peak:0.00M | Scene, ViewLayer | Synchronizing object | GEO-native-regional-fracture-1-panel-79-section-5-band-1
Fra:1 Mem:32.42M (Peak 32.43M) | Time:00:00.00 | Mem:0.00M, Peak:0.00M | Scene, ViewLayer | Synchronizing object | GEO-native-regional-fracture-1-panel-24-section-10-band-1
Fra:1 Mem:32.42M (Peak 32.43M) | Time:00:00.00 | Mem:0.00M, Peak:0.00M | Scene, ViewLayer | Synchronizing object | GEO-native-regional-fracture-1-panel-79-section-5-band-0
Fra:1 Mem:32.43M (Peak 32.43M) | Time:00:00.00 | Mem:0.00M, Peak:0.00M | Scene, ViewLayer | Synchronizing object | GEO-native-regional-fracture-1-panel-24-section-10-band-2
Fra:1 Mem:32.44M (Peak 32.44M) | Time:00:00.00 | Mem:0.00M, Peak:0.00M | Scene, ViewLayer | Synchronizing object | GEO-native-regional-fracture-0-panel-78-section-14-band-2
Fra:1 Mem:32.43M (Peak 32.44M) | Time:00:00.00 | Mem:0.00M, Peak:0.00M | Scene, ViewLayer | Synchronizing object | GEO-native-regional-fracture-1-panel-24-section-11-band-0
Fra:1 Mem:32.43M (Peak 32.44M) | Time:00:00.00 | Mem:0.00M, Peak:0.00M | Scene, ViewLayer | Synchronizing object | GEO-native-regional-fracture-0-panel-78-section-14-band-1
Fra:1 Mem:32.45M (Peak 32.45M) | Time:00:00.00 | Mem:0.00M, Peak:0.00M | Scene, ViewLayer | Synchronizing object | GEO-native-regional-fracture-1-panel-24-section-11-band-1
Fra:1 Mem:32.43M (Peak 32.45M) | Time:00:00.00 | Mem:0.00M, Peak:0.00M | Scene, ViewLayer | Synchronizing object | GEO-native-regional-fracture-0-panel-78-section-14-band-0
Fra:1 Mem:32.43M (Peak 32.45M) | Time:00:00.00 | Mem:0.00M, Peak:0.00M | Scene, ViewLayer | Synchronizing object | GEO-native-regional-fracture-1-panel-24-section-11-band-2
Fra:1 Mem:32.44M (Peak 32.45M) | Time:00:00.00 | Mem:0.00M, Peak:0.00M | Scene, ViewLayer | Synchronizing object | GEO-native-regional-fracture-1-panel-76-section-5-band-1
Fra:1 Mem:32.44M (Peak 32.45M) | Time:00:00.00 | Mem:0.00M, Peak:0.00M | Scene, ViewLayer | Synchronizing object | GEO-native-regional-fracture-1-panel-24-section-14-band-0
Fra:1 Mem:32.44M (Peak 32.45M) | Time:00:00.00 | Mem:0.00M, Peak:0.00M | Scene, ViewLayer | Synchronizing object | GEO-native-regional-fracture-1-panel-76-section-5-band-0
Fra:1 Mem:32.44M (Peak 32.45M) | Time:00:00.00 | Mem:0.00M, Peak:0.00M | Scene, ViewLayer | Synchronizing object | GEO-native-regional-fracture-1-panel-76-section-4-band-2
Fra:1 Mem:32.44M (Peak 32.45M) | Time:00:00.00 | Mem:0.00M, Peak:0.00M | Scene, ViewLayer | Synchronizing object | GEO-native-regional-fracture-1-panel-24-section-14-band-1
Fra:1 Mem:32.45M (Peak 32.45M) | Time:00:00.00 | Mem:0.00M, Peak:0.00M | Scene, ViewLayer | Synchronizing object | GEO-native-regional-fracture-1-panel-76-section-4-band-1
Fra:1 Mem:32.45M (Peak 32.45M) | Time:00:00.00 | Mem:0.00M, Peak:0.00M | Scene, ViewLayer | Synchronizing object | GEO-native-regional-fracture-1-panel-24-section-15-band-0
Fra:1 Mem:32.45M (Peak 32.45M) | Time:00:00.00 | Mem:0.00M, Peak:0.00M | Scene, ViewLayer | Synchronizing object | GEO-native-regional-fracture-1-panel-76-section-4-band-0
Fra:1 Mem:32.45M (Peak 32.45M) | Time:00:00.00 | Mem:0.00M, Peak:0.00M | Scene, ViewLayer | Synchronizing object | GEO-native-regional-fracture-1-panel-25-section-10-band-2
Fra:1 Mem:32.45M (Peak 32.45M) | Time:00:00.00 | Mem:0.00M, Peak:0.00M | Scene, ViewLayer | Synchronizing object | GEO-native-regional-fracture-1-panel-76-section-3-band-1
Fra:1 Mem:32.45M (Peak 32.45M) | Time:00:00.00 | Mem:0.00M, Peak:0.00M | Scene, ViewLayer | Synchronizing object | GEO-native-regional-fracture-1-panel-25-section-11-band-2
Fra:1 Mem:32.45M (Peak 32.45M) | Time:00:00.00 | Mem:0.00M, Peak:0.00M | Scene, ViewLayer | Synchronizing object | GEO-native-regional-fracture-1-panel-76-section-3-band-0
Fra:1 Mem:32.45M (Peak 32.45M) | Time:00:00.00 | Mem:0.00M, Peak:0.00M | Scene, ViewLayer | Synchronizing object | GEO-native-regional-fracture-1-panel-25-section-14-band-2
Fra:1 Mem:32.46M (Peak 32.46M) | Time:00:00.00 | Mem:0.00M, Peak:0.00M | Scene, ViewLayer | Synchronizing object | GEO-native-regional-fracture-1-panel-75-section-6-band-0
Fra:1 Mem:32.46M (Peak 32.46M) | Time:00:00.00 | Mem:0.00M, Peak:0.00M | Scene, ViewLayer | Synchronizing object | GEO-native-regional-fracture-1-panel-25-section-15-band-2
Fra:1 Mem:32.46M (Peak 32.46M) | Time:00:00.00 | Mem:0.00M, Peak:0.00M | Scene, ViewLayer | Synchronizing object | GEO-native-regional-fracture-1-panel-75-section-5-band-0
Fra:1 Mem:32.46M (Peak 32.46M) | Time:00:00.00 | Mem:0.00M, Peak:0.00M | Scene, ViewLayer | Synchronizing object | GEO-native-regional-fracture-0-panel-26-section-6-band-0
Fra:1 Mem:32.46M (Peak 32.46M) | Time:00:00.00 | Mem:0.00M, Peak:0.00M | Scene, ViewLayer | Synchronizing object | GEO-native-regional-fracture-1-panel-75-section-4-band-0
Fra:1 Mem:32.48M (Peak 32.48M) | Time:00:00.00 | Mem:0.00M, Peak:0.00M | Scene, ViewLayer | Synchronizing object | GEO-native-regional-fracture-0-panel-26-section-6-band-1
Fra:1 Mem:32.46M (Peak 32.48M) | Time:00:00.00 | Mem:0.00M, Peak:0.00M | Scene, ViewLayer | Synchronizing object | GEO-native-regional-fracture-1-panel-75-section-3-band-0
Fra:1 Mem:32.47M (Peak 32.48M) | Time:00:00.00 | Mem:0.00M, Peak:0.00M | Scene, ViewLayer | Synchronizing object | GEO-native-regional-fracture-0-panel-26-section-6-band-2
Fra:1 Mem:32.47M (Peak 32.48M) | Time:00:00.00 | Mem:0.00M, Peak:0.00M | Scene, ViewLayer | Synchronizing object | GEO-native-regional-fracture-0-panel-74-section-14-band-2
Fra:1 Mem:32.47M (Peak 32.48M) | Time:00:00.00 | Mem:0.00M, Peak:0.00M | Scene, ViewLayer | Synchronizing object | GEO-native-regional-fracture-0-panel-26-section-7-band-1
Fra:1 Mem:32.49M (Peak 32.49M) | Time:00:00.00 | Mem:0.00M, Peak:0.00M | Scene, ViewLayer | Synchronizing object | GEO-native-regional-fracture-0-panel-74-section-14-band-1
Fra:1 Mem:32.47M (Peak 32.49M) | Time:00:00.00 | Mem:0.00M, Peak:0.00M | Scene, ViewLayer | Synchronizing object | GEO-native-regional-fracture-0-panel-26-section-7-band-2
Fra:1 Mem:32.47M (Peak 32.49M) | Time:00:00.00 | Mem:0.00M, Peak:0.00M | Scene, ViewLayer | Synchronizing object | GEO-native-regional-fracture-0-panel-74-section-11-band-2
Fra:1 Mem:32.48M (Peak 32.49M) | Time:00:00.00 | Mem:0.00M, Peak:0.00M | Scene, ViewLayer | Synchronizing object | GEO-native-regional-fracture-0-panel-26-section-8-band-1
Fra:1 Mem:32.49M (Peak 32.49M) | Time:00:00.00 | Mem:0.00M, Peak:0.00M | Scene, ViewLayer | Synchronizing object | GEO-native-regional-fracture-0-panel-74-section-10-band-2
Fra:1 Mem:32.48M (Peak 32.49M) | Time:00:00.00 | Mem:0.00M, Peak:0.00M | Scene, ViewLayer | Synchronizing object | GEO-native-regional-fracture-0-panel-26-section-8-band-2
Fra:1 Mem:32.48M (Peak 32.49M) | Time:00:00.00 | Mem:0.00M, Peak:0.00M | Scene, ViewLayer | Synchronizing object | GEO-native-regional-fracture-1-panel-73-section-3-band-1
Fra:1 Mem:32.48M (Peak 32.49M) | Time:00:00.00 | Mem:0.00M, Peak:0.00M | Scene, ViewLayer | Synchronizing object | GEO-native-regional-fracture-0-panel-26-section-9-band-2
Fra:1 Mem:32.48M (Peak 32.49M) | Time:00:00.00 | Mem:0.00M, Peak:0.00M | Scene, ViewLayer | Synchronizing object | GEO-native-regional-fracture-1-panel-73-section-3-band-0
Fra:1 Mem:32.49M (Peak 32.49M) | Time:00:00.00 | Mem:0.00M, Peak:0.00M | Scene, ViewLayer | Synchronizing object | GEO-native-regional-fracture-0-panel-26-section-10-band-1
Fra:1 Mem:32.49M (Peak 32.49M) | Time:00:00.00 | Mem:0.00M, Peak:0.00M | Scene, ViewLayer | Synchronizing object | GEO-native-regional-fracture-1-panel-73-section-2-band-1
Fra:1 Mem:32.49M (Peak 32.49M) | Time:00:00.00 | Mem:0.00M, Peak:0.00M | Scene, ViewLayer | Synchronizing object | GEO-native-regional-fracture-0-panel-26-section-10-band-2
Fra:1 Mem:32.49M (Peak 32.49M) | Time:00:00.00 | Mem:0.00M, Peak:0.00M | Scene, ViewLayer | Synchronizing object | GEO-native-regional-fracture-1-panel-73-section-2-band-0
Fra:1 Mem:32.51M (Peak 32.51M) | Time:00:00.00 | Mem:0.00M, Peak:0.00M | Scene, ViewLayer | Synchronizing object | GEO-native-regional-fracture-0-panel-27-section-2-band-0
Fra:1 Mem:32.50M (Peak 32.51M) | Time:00:00.00 | Mem:0.00M, Peak:0.00M | Scene, ViewLayer | Synchronizing object | GEO-native-regional-fracture-0-panel-71-section-2-band-2
Fra:1 Mem:32.50M (Peak 32.51M) | Time:00:00.00 | Mem:0.00M, Peak:0.00M | Scene, ViewLayer | Synchronizing object | GEO-native-regional-fracture-0-panel-27-section-2-band-1
Fra:1 Mem:32.50M (Peak 32.51M) | Time:00:00.00 | Mem:0.00M, Peak:0.00M | Scene, ViewLayer | Synchronizing object | GEO-native-regional-fracture-0-panel-71-section-1-band-2
Fra:1 Mem:32.50M (Peak 32.51M) | Time:00:00.00 | Mem:0.00M, Peak:0.00M | Scene, ViewLayer | Synchronizing object | GEO-native-regional-fracture-0-panel-27-section-3-band-0
Fra:1 Mem:32.50M (Peak 32.51M) | Time:00:00.00 | Mem:0.00M, Peak:0.00M | Scene, ViewLayer | Synchronizing object | GEO-native-regional-fracture-0-panel-71-section-1-band-1
Fra:1 Mem:32.50M (Peak 32.51M) | Time:00:00.00 | Mem:0.00M, Peak:0.00M | Scene, ViewLayer | Synchronizing object | GEO-native-regional-fracture-0-panel-27-section-3-band-1
Fra:1 Mem:32.50M (Peak 32.51M) | Time:00:00.00 | Mem:0.00M, Peak:0.00M | Scene, ViewLayer | Synchronizing object | GEO-native-regional-fracture-0-panel-70-section-3-band-0
Fra:1 Mem:32.51M (Peak 32.51M) | Time:00:00.00 | Mem:0.00M, Peak:0.00M | Scene, ViewLayer | Synchronizing object | GEO-native-regional-fracture-0-panel-27-section-4-band-1
Fra:1 Mem:32.51M (Peak 32.51M) | Time:00:00.00 | Mem:0.00M, Peak:0.00M | Scene, ViewLayer | Synchronizing object | GEO-native-regional-fracture-0-panel-70-section-2-band-0
Fra:1 Mem:32.51M (Peak 32.51M) | Time:00:00.00 | Mem:0.00M, Peak:0.00M | Scene, ViewLayer | Synchronizing object | GEO-native-regional-fracture-0-panel-27-section-4-band-2
Fra:1 Mem:32.51M (Peak 32.51M) | Time:00:00.00 | Mem:0.00M, Peak:0.00M | Scene, ViewLayer | Synchronizing object | GEO-native-regional-fracture-1-panel-69-section-5-band-2
Fra:1 Mem:32.51M (Peak 32.51M) | Time:00:00.00 | Mem:0.00M, Peak:0.00M | Scene, ViewLayer | Synchronizing object | GEO-native-regional-fracture-0-panel-27-section-5-band-1
Fra:1 Mem:32.51M (Peak 32.51M) | Time:00:00.00 | Mem:0.00M, Peak:0.00M | Scene, ViewLayer | Synchronizing object | GEO-native-regional-fracture-1-panel-69-section-5-band-1
Fra:1 Mem:32.51M (Peak 32.51M) | Time:00:00.00 | Mem:0.00M, Peak:0.00M | Scene, ViewLayer | Synchronizing object | GEO-native-regional-fracture-0-panel-27-section-6-band-0
Fra:1 Mem:32.52M (Peak 32.52M) | Time:00:00.00 | Mem:0.00M, Peak:0.00M | Scene, ViewLayer | Synchronizing object | GEO-native-regional-fracture-1-panel-69-section-4-band-2
Fra:1 Mem:32.52M (Peak 32.52M) | Time:00:00.00 | Mem:0.00M, Peak:0.00M | Scene, ViewLayer | Synchronizing object | GEO-native-regional-fracture-0-panel-27-section-6-band-1
Fra:1 Mem:32.52M (Peak 32.52M) | Time:00:00.00 | Mem:0.00M, Peak:0.00M | Scene, ViewLayer | Synchronizing object | GEO-native-regional-fracture-1-panel-69-section-4-band-1
Fra:1 Mem:32.52M (Peak 32.52M) | Time:00:00.00 | Mem:0.00M, Peak:0.00M | Scene, ViewLayer | Synchronizing object | GEO-native-regional-fracture-2-panel-29-section-1-band-0
Fra:1 Mem:32.52M (Peak 32.52M) | Time:00:00.00 | Mem:0.00M, Peak:0.00M | Scene, ViewLayer | Synchronizing object | GEO-native-regional-fracture-1-panel-69-section-3-band-2
Fra:1 Mem:32.52M (Peak 32.52M) | Time:00:00.00 | Mem:0.00M, Peak:0.00M | Scene, ViewLayer | Synchronizing object | GEO-native-regional-fracture-2-panel-29-section-2-band-0
Fra:1 Mem:32.53M (Peak 32.53M) | Time:00:00.00 | Mem:0.00M, Peak:0.00M | Scene, ViewLayer | Synchronizing object | GEO-native-regional-fracture-1-panel-69-section-3-band-1
Fra:1 Mem:32.53M (Peak 32.53M) | Time:00:00.00 | Mem:0.00M, Peak:0.00M | Scene, ViewLayer | Synchronizing object | GEO-native-regional-fracture-2-panel-29-section-2-band-1
Fra:1 Mem:32.53M (Peak 32.53M) | Time:00:00.00 | Mem:0.00M, Peak:0.00M | Scene, ViewLayer | Synchronizing object | GEO-native-regional-fracture-1-panel-69-section-2-band-2
Fra:1 Mem:32.53M (Peak 32.53M) | Time:00:00.00 | Mem:0.00M, Peak:0.00M | Scene, ViewLayer | Synchronizing object | GEO-native-regional-fracture-2-panel-30-section-1-band-0
Fra:1 Mem:32.53M (Peak 32.53M) | Time:00:00.00 | Mem:0.00M, Peak:0.00M | Scene, ViewLayer | Synchronizing object | GEO-native-regional-fracture-1-panel-69-section-2-band-1
Fra:1 Mem:32.53M (Peak 32.53M) | Time:00:00.00 | Mem:0.00M, Peak:0.00M | Scene, ViewLayer | Synchronizing object | GEO-native-regional-fracture-2-panel-30-section-1-band-1
Fra:1 Mem:32.53M (Peak 32.53M) | Time:00:00.00 | Mem:0.00M, Peak:0.00M | Scene, ViewLayer | Synchronizing object | GEO-native-regional-fracture-0-panel-68-section-3-band-1
Fra:1 Mem:32.53M (Peak 32.53M) | Time:00:00.00 | Mem:0.00M, Peak:0.00M | Scene, ViewLayer | Synchronizing object | GEO-native-regional-fracture-0-panel-68-section-3-band-0
Fra:1 Mem:32.54M (Peak 32.54M) | Time:00:00.00 | Mem:0.00M, Peak:0.00M | Scene, ViewLayer | Synchronizing object | GEO-native-regional-fracture-2-panel-30-section-1-band-2
Fra:1 Mem:32.54M (Peak 32.54M) | Time:00:00.00 | Mem:0.00M, Peak:0.00M | Scene, ViewLayer | Synchronizing object | GEO-native-regional-fracture-0-panel-68-section-2-band-2
Fra:1 Mem:32.54M (Peak 32.54M) | Time:00:00.00 | Mem:0.00M, Peak:0.00M | Scene, ViewLayer | Synchronizing object | GEO-native-regional-fracture-2-panel-30-section-2-band-0
Fra:1 Mem:32.54M (Peak 32.54M) | Time:00:00.00 | Mem:0.00M, Peak:0.00M | Scene, ViewLayer | Synchronizing object | GEO-native-regional-fracture-0-panel-68-section-2-band-1
Fra:1 Mem:32.54M (Peak 32.54M) | Time:00:00.00 | Mem:0.00M, Peak:0.00M | Scene, ViewLayer | Synchronizing object | GEO-native-regional-fracture-2-panel-30-section-2-band-1
Fra:1 Mem:32.54M (Peak 32.54M) | Time:00:00.00 | Mem:0.00M, Peak:0.00M | Scene, ViewLayer | Synchronizing object | GEO-native-regional-fracture-0-panel-68-section-2-band-0
Fra:1 Mem:32.56M (Peak 32.56M) | Time:00:00.00 | Mem:0.00M, Peak:0.00M | Scene, ViewLayer | Synchronizing object | GEO-native-regional-fracture-2-panel-30-section-2-band-2
Fra:1 Mem:32.55M (Peak 32.56M) | Time:00:00.00 | Mem:0.00M, Peak:0.00M | Scene, ViewLayer | Synchronizing object | GEO-native-regional-fracture-0-panel-68-section-1-band-0
Fra:1 Mem:32.55M (Peak 32.56M) | Time:00:00.00 | Mem:0.00M, Peak:0.00M | Scene, ViewLayer | Synchronizing object | GEO-native-regional-fracture-2-panel-30-section-3-band-2
Fra:1 Mem:32.55M (Peak 32.56M) | Time:00:00.00 | Mem:0.00M, Peak:0.00M | Scene, ViewLayer | Synchronizing object | GEO-native-regional-fracture-0-panel-65-section-2-band-0
Fra:1 Mem:32.55M (Peak 32.56M) | Time:00:00.00 | Mem:0.00M, Peak:0.00M | Scene, ViewLayer | Synchronizing object | GEO-native-regional-fracture-2-panel-32-section-13-band-0
Fra:1 Mem:32.55M (Peak 32.56M) | Time:00:00.00 | Mem:0.00M, Peak:0.00M | Scene, ViewLayer | Synchronizing object | GEO-native-regional-fracture-0-panel-65-section-1-band-0
Fra:1 Mem:32.55M (Peak 32.56M) | Time:00:00.00 | Mem:0.00M, Peak:0.00M | Scene, ViewLayer | Synchronizing object | GEO-native-regional-fracture-2-panel-32-section-1-band-0
Fra:1 Mem:32.56M (Peak 32.56M) | Time:00:00.00 | Mem:0.00M, Peak:0.00M | Scene, ViewLayer | Synchronizing object | GEO-native-regional-fracture-0-panel-65-section-13-band-0
Fra:1 Mem:32.56M (Peak 32.56M) | Time:00:00.00 | Mem:0.00M, Peak:0.00M | Scene, ViewLayer | Synchronizing object | GEO-native-regional-fracture-2-panel-33-section-13-band-0
Fra:1 Mem:32.56M (Peak 32.56M) | Time:00:00.00 | Mem:0.00M, Peak:0.00M | Scene, ViewLayer | Synchronizing object | GEO-native-regional-fracture-0-panel-59-section-10-band-1
Fra:1 Mem:32.56M (Peak 32.56M) | Time:00:00.00 | Mem:0.00M, Peak:0.00M | Scene, ViewLayer | Synchronizing object | GEO-native-regional-fracture-2-panel-33-section-13-band-1
Fra:1 Mem:32.56M (Peak 32.56M) | Time:00:00.00 | Mem:0.00M, Peak:0.00M | Scene, ViewLayer | Synchronizing object | GEO-native-regional-fracture-0-panel-59-section-10-band-0
Fra:1 Mem:32.56M (Peak 32.56M) | Time:00:00.00 | Mem:0.00M, Peak:0.00M | Scene, ViewLayer | Synchronizing object | GEO-native-regional-fracture-2-panel-33-section-13-band-2
Fra:1 Mem:32.56M (Peak 32.56M) | Time:00:00.00 | Mem:0.00M, Peak:0.00M | Scene, ViewLayer | Synchronizing object | GEO-native-regional-fracture-0-panel-57-section-8-band-1
Fra:1 Mem:32.57M (Peak 32.57M) | Time:00:00.00 | Mem:0.00M, Peak:0.00M | Scene, ViewLayer | Synchronizing object | GEO-native-regional-fracture-2-panel-33-section-1-band-0
Fra:1 Mem:32.57M (Peak 32.57M) | Time:00:00.00 | Mem:0.00M, Peak:0.00M | Scene, ViewLayer | Synchronizing object | GEO-native-regional-fracture-0-panel-57-section-8-band-0
Fra:1 Mem:32.57M (Peak 32.57M) | Time:00:00.01 | Mem:0.00M, Peak:0.00M | Scene, ViewLayer | Synchronizing object | GEO-native-regional-fracture-2-panel-33-section-1-band-1
Fra:1 Mem:32.57M (Peak 32.57M) | Time:00:00.01 | Mem:0.00M, Peak:0.00M | Scene, ViewLayer | Synchronizing object | GEO-native-regional-fracture-0-panel-57-section-7-band-1
Fra:1 Mem:32.57M (Peak 32.57M) | Time:00:00.01 | Mem:0.00M, Peak:0.00M | Scene, ViewLayer | Synchronizing object | GEO-native-regional-fracture-2-panel-33-section-1-band-2
Fra:1 Mem:32.59M (Peak 32.59M) | Time:00:00.01 | Mem:0.00M, Peak:0.00M | Scene, ViewLayer | Synchronizing object | GEO-native-regional-fracture-0-panel-57-section-7-band-0
Fra:1 Mem:32.58M (Peak 32.59M) | Time:00:00.01 | Mem:0.00M, Peak:0.00M | Scene, ViewLayer | Synchronizing object | GEO-native-regional-fracture-0-panel-57-section-6-band-0
Fra:1 Mem:32.58M (Peak 32.59M) | Time:00:00.01 | Mem:0.00M, Peak:0.00M | Scene, ViewLayer | Synchronizing object | GEO-native-regional-fracture-2-panel-33-section-2-band-2
Fra:1 Mem:32.58M (Peak 32.59M) | Time:00:00.01 | Mem:0.00M, Peak:0.00M | Scene, ViewLayer | Synchronizing object | GEO-native-regional-fracture-0-panel-56-section-6-band-0
Fra:1 Mem:32.58M (Peak 32.59M) | Time:00:00.01 | Mem:0.00M, Peak:0.00M | Scene, ViewLayer | Synchronizing object | GEO-native-regional-fracture-2-panel-34-section-1-band-2
Fra:1 Mem:32.58M (Peak 32.59M) | Time:00:00.01 | Mem:0.00M, Peak:0.00M | Scene, ViewLayer | Synchronizing object | GEO-native-regional-fracture-0-panel-56-section-5-band-0
Fra:1 Mem:32.58M (Peak 32.59M) | Time:00:00.01 | Mem:0.00M, Peak:0.00M | Scene, ViewLayer | Synchronizing object | GEO-native-regional-fracture-2-panel-34-section-2-band-2
Fra:1 Mem:32.59M (Peak 32.59M) | Time:00:00.01 | Mem:0.00M, Peak:0.00M | Scene, ViewLayer | Synchronizing object | GEO-native-regional-fracture-0-panel-56-section-4-band-1
Fra:1 Mem:32.59M (Peak 32.59M) | Time:00:00.01 | Mem:0.00M, Peak:0.00M | Scene, ViewLayer | Synchronizing object | GEO-native-regional-fracture-2-panel-34-section-3-band-2
Fra:1 Mem:32.60M (Peak 32.60M) | Time:00:00.01 | Mem:0.00M, Peak:0.00M | Scene, ViewLayer | Synchronizing object | GEO-native-regional-fracture-0-panel-56-section-4-band-0
Fra:1 Mem:32.59M (Peak 32.60M) | Time:00:00.01 | Mem:0.00M, Peak:0.00M | Scene, ViewLayer | Synchronizing object | GEO-native-regional-fracture-2-panel-34-section-4-band-2
Fra:1 Mem:32.59M (Peak 32.60M) | Time:00:00.01 | Mem:0.00M, Peak:0.00M | Scene, ViewLayer | Synchronizing object | GEO-native-regional-fracture-0-panel-55-section-11-band-0
Fra:1 Mem:32.59M (Peak 32.60M) | Time:00:00.01 | Mem:0.00M, Peak:0.00M | Scene, ViewLayer | Synchronizing object | GEO-native-regional-fracture-1-panel-41-section-11-band-0
Fra:1 Mem:32.59M (Peak 32.60M) | Time:00:00.01 | Mem:0.00M, Peak:0.00M | Scene, ViewLayer | Synchronizing object | GEO-native-regional-fracture-0-panel-55-section-10-band-0
Fra:1 Mem:32.60M (Peak 32.60M) | Time:00:00.01 | Mem:0.00M, Peak:0.00M | Scene, ViewLayer | Synchronizing object | GEO-native-regional-fracture-1-panel-41-section-11-band-1
Fra:1 Mem:32.60M (Peak 32.60M) | Time:00:00.01 | Mem:0.00M, Peak:0.00M | Scene, ViewLayer | Synchronizing object | GEO-native-regional-fracture-0-panel-54-section-10-band-1
Fra:1 Mem:32.60M (Peak 32.60M) | Time:00:00.01 | Mem:0.00M, Peak:0.00M | Scene, ViewLayer | Synchronizing object | GEO-native-regional-fracture-1-panel-41-section-11-band-2
Fra:1 Mem:32.60M (Peak 32.60M) | Time:00:00.01 | Mem:0.00M, Peak:0.00M | Scene, ViewLayer | Synchronizing object | GEO-native-regional-fracture-0-panel-54-section-10-band-0
Fra:1 Mem:32.60M (Peak 32.60M) | Time:00:00.01 | Mem:0.00M, Peak:0.00M | Scene, ViewLayer | Synchronizing object | GEO-native-regional-fracture-1-panel-41-section-14-band-0
Fra:1 Mem:32.62M (Peak 32.62M) | Time:00:00.01 | Mem:0.00M, Peak:0.00M | Scene, ViewLayer | Synchronizing object | GEO-native-regional-fracture-0-panel-54-section-9-band-1
Fra:1 Mem:32.61M (Peak 32.62M) | Time:00:00.01 | Mem:0.00M, Peak:0.00M | Scene, ViewLayer | Synchronizing object | GEO-native-regional-fracture-1-panel-41-section-14-band-1
Fra:1 Mem:32.61M (Peak 32.62M) | Time:00:00.01 | Mem:0.00M, Peak:0.00M | Scene, ViewLayer | Synchronizing object | GEO-native-regional-fracture-0-panel-54-section-9-band-0
Fra:1 Mem:32.61M (Peak 32.62M) | Time:00:00.01 | Mem:0.00M, Peak:0.00M | Scene, ViewLayer | Synchronizing object | GEO-native-regional-fracture-1-panel-41-section-14-band-2
Fra:1 Mem:32.61M (Peak 32.62M) | Time:00:00.01 | Mem:0.00M, Peak:0.00M | Scene, ViewLayer | Synchronizing object | GEO-native-regional-fracture-0-panel-54-section-8-band-1
Fra:1 Mem:32.62M (Peak 32.62M) | Time:00:00.01 | Mem:0.00M, Peak:0.00M | Scene, ViewLayer | Synchronizing object | GEO-native-regional-fracture-1-panel-41-section-15-band-0
Fra:1 Mem:32.62M (Peak 32.62M) | Time:00:00.01 | Mem:0.00M, Peak:0.00M | Scene, ViewLayer | Synchronizing object | GEO-native-regional-fracture-0-panel-54-section-8-band-0
Fra:1 Mem:32.62M (Peak 32.62M) | Time:00:00.01 | Mem:0.00M, Peak:0.00M | Scene, ViewLayer | Synchronizing object | GEO-native-regional-fracture-1-panel-41-section-15-band-1
Fra:1 Mem:32.62M (Peak 32.62M) | Time:00:00.01 | Mem:0.00M, Peak:0.00M | Scene, ViewLayer | Synchronizing object | GEO-native-regional-fracture-0-panel-54-section-7-band-0
Fra:1 Mem:32.62M (Peak 32.62M) | Time:00:00.01 | Mem:0.00M, Peak:0.00M | Scene, ViewLayer | Synchronizing object | GEO-native-regional-fracture-2-panel-43-section-11-band-1
Fra:1 Mem:32.62M (Peak 32.62M) | Time:00:00.01 | Mem:0.00M, Peak:0.00M | Scene, ViewLayer | Synchronizing object | GEO-native-regional-fracture-0-panel-54-section-6-band-0
Fra:1 Mem:32.62M (Peak 32.62M) | Time:00:00.01 | Mem:0.00M, Peak:0.00M | Scene, ViewLayer | Synchronizing object | GEO-native-regional-fracture-2-panel-43-section-11-band-2
Fra:1 Mem:32.62M (Peak 32.62M) | Time:00:00.01 | Mem:0.00M, Peak:0.00M | Scene, ViewLayer | Synchronizing object | GEO-native-regional-fracture-0-panel-53-section-6-band-0
Fra:1 Mem:32.63M (Peak 32.63M) | Time:00:00.01 | Mem:0.00M, Peak:0.00M | Scene, ViewLayer | Synchronizing object | GEO-native-regional-fracture-2-panel-43-section-14-band-1
Fra:1 Mem:32.63M (Peak 32.63M) | Time:00:00.01 | Mem:0.00M, Peak:0.00M | Scene, ViewLayer | Synchronizing object | GEO-native-regional-fracture-0-panel-53-section-5-band-0
Fra:1 Mem:32.65M (Peak 32.65M) | Time:00:00.01 | Mem:0.00M, Peak:0.00M | Scene, ViewLayer | Synchronizing object | GEO-native-regional-fracture-2-panel-43-section-14-band-2
Fra:1 Mem:32.65M (Peak 32.65M) | Time:00:00.01 | Mem:0.00M, Peak:0.00M | Scene, ViewLayer | Synchronizing object | GEO-native-regional-fracture-0-panel-53-section-4-band-0
Fra:1 Mem:32.64M (Peak 32.65M) | Time:00:00.01 | Mem:0.00M, Peak:0.00M | Scene, ViewLayer | Synchronizing object | GEO-native-regional-fracture-2-panel-43-section-15-band-1
Fra:1 Mem:32.64M (Peak 32.65M) | Time:00:00.01 | Mem:0.00M, Peak:0.00M | Scene, ViewLayer | Synchronizing object | GEO-native-regional-fracture-0-panel-53-section-3-band-0
Fra:1 Mem:32.64M (Peak 32.65M) | Time:00:00.01 | Mem:0.00M, Peak:0.00M | Scene, ViewLayer | Synchronizing object | GEO-native-regional-fracture-2-panel-43-section-15-band-2
Fra:1 Mem:32.64M (Peak 32.65M) | Time:00:00.01 | Mem:0.00M, Peak:0.00M | Scene, ViewLayer | Synchronizing object | GEO-native-regional-fracture-1-panel-52-section-7-band-2
Fra:1 Mem:32.64M (Peak 32.65M) | Time:00:00.01 | Mem:0.00M, Peak:0.00M | Scene, ViewLayer | Synchronizing object | GEO-native-regional-fracture-2-panel-44-section-14-band-0
Fra:1 Mem:32.64M (Peak 32.65M) | Time:00:00.01 | Mem:0.00M, Peak:0.00M | Scene, ViewLayer | Synchronizing object | GEO-native-regional-fracture-1-panel-52-section-6-band-2
Fra:1 Mem:32.65M (Peak 32.65M) | Time:00:00.01 | Mem:0.00M, Peak:0.00M | Scene, ViewLayer | Synchronizing object | GEO-native-regional-fracture-2-panel-44-section-15-band-0
Fra:1 Mem:32.65M (Peak 32.65M) | Time:00:00.01 | Mem:0.00M, Peak:0.00M | Scene, ViewLayer | Synchronizing object | GEO-native-regional-fracture-1-panel-52-section-5-band-2
Fra:1 Mem:32.65M (Peak 32.65M) | Time:00:00.01 | Mem:0.00M, Peak:0.00M | Scene, ViewLayer | Synchronizing object | GEO-native-regional-fracture-2-panel-44-section-15-band-1
Fra:1 Mem:32.65M (Peak 32.65M) | Time:00:00.01 | Mem:0.00M, Peak:0.00M | Scene, ViewLayer | Synchronizing object | GEO-native-regional-fracture-0-panel-48-section-4-band-1
Fra:1 Mem:32.65M (Peak 32.65M) | Time:00:00.01 | Mem:0.00M, Peak:0.00M | Scene, ViewLayer | Synchronizing object | GEO-native-regional-fracture-2-panel-44-section-15-band-2
Fra:1 Mem:32.65M (Peak 32.65M) | Time:00:00.01 | Mem:0.00M, Peak:0.00M | Scene, ViewLayer | Synchronizing object | GEO-native-regional-fracture-0-panel-48-section-4-band-0
Fra:1 Mem:32.65M (Peak 32.65M) | Time:00:00.01 | Mem:0.00M, Peak:0.00M | Scene, ViewLayer | Synchronizing object | GEO-native-regional-fracture-2-panel-44-section-16-band-2
Fra:1 Mem:32.66M (Peak 32.66M) | Time:00:00.01 | Mem:0.00M, Peak:0.00M | Scene, ViewLayer | Synchronizing object | GEO-native-regional-fracture-0-panel-48-section-3-band-0
Fra:1 Mem:32.67M (Peak 32.67M) | Time:00:00.01 | Mem:0.00M, Peak:0.00M | Scene, ViewLayer | Synchronizing object | GEO-native-regional-fracture-2-panel-47-section-10-band-2
Fra:1 Mem:32.66M (Peak 32.67M) | Time:00:00.01 | Mem:0.00M, Peak:0.00M | Scene, ViewLayer | Synchronizing object | GEO-native-regional-fracture-2-panel-47-section-11-band-2
Fra:1 Mem:32.66M (Peak 32.67M) | Time:00:00.01 | Mem:0.00M, Peak:0.00M | Scene, ViewLayer | Synchronizing object | GEO-native-regional-fracture-0-panel-48-section-2-band-0
Fra:1 Mem:32.66M (Peak 32.67M) | Time:00:00.01 | Mem:0.00M, Peak:0.00M | Scene, ViewLayer | Synchronizing object | GEO-native-regional-fracture-2-panel-47-section-15-band-2
Fra:1 Mem:32.67M (Peak 32.67M) | Time:00:00.01 | Mem:0.00M, Peak:0.00M | Scene, ViewLayer | Synchronizing object | GEO-native-regional-fracture-2-panel-47-section-14-band-2
Fra:1 Mem:32.67M (Peak 32.67M) | Time:00:00.01 | Mem:0.00M, Peak:0.00M | Scene, ViewLayer | Synchronizing object | GEO-native-regional-fracture-2-panel-47-section-15-band-1
Fra:1 Mem:32.67M (Peak 32.67M) | Time:00:00.01 | Mem:0.00M, Peak:0.00M | Scene, ViewLayer | Initializing
Fra:1 Mem:31.61M (Peak 32.67M) | Time:00:00.01 | Mem:0.00M, Peak:0.00M | Scene, ViewLayer | Updating Images | Loading Crystal9-material-7
Fra:1 Mem:31.61M (Peak 32.67M) | Time:00:00.01 | Mem:0.00M, Peak:0.00M | Scene, ViewLayer | Updating Images | Loading Crystal9-material-0
Fra:1 Mem:32.12M (Peak 32.67M) | Time:00:00.01 | Mem:0.25M, Peak:0.25M | Scene, ViewLayer | Updating Images | Loading Crystal9-material-6
Fra:1 Mem:32.37M (Peak 32.67M) | Time:00:00.01 | Mem:0.50M, Peak:0.50M | Scene, ViewLayer | Updating Images | Loading Crystal9-roughness-0
Fra:1 Mem:32.63M (Peak 32.67M) | Time:00:00.01 | Mem:0.75M, Peak:0.75M | Scene, ViewLayer | Updating Images | Loading Crystal9-material-5
Fra:1 Mem:32.87M (Peak 32.87M) | Time:00:00.01 | Mem:1.00M, Peak:1.00M | Scene, ViewLayer | Updating Images | Loading Crystal9-material-1
Fra:1 Mem:33.12M (Peak 33.12M) | Time:00:00.01 | Mem:1.25M, Peak:1.25M | Scene, ViewLayer | Updating Images | Loading Crystal9-material-4
Fra:1 Mem:33.37M (Peak 33.37M) | Time:00:00.01 | Mem:1.50M, Peak:1.50M | Scene, ViewLayer | Updating Images | Loading Crystal9-roughness-1
Fra:1 Mem:33.62M (Peak 33.62M) | Time:00:00.01 | Mem:1.75M, Peak:1.75M | Scene, ViewLayer | Updating Images | Loading Crystal9-material-3
Fra:1 Mem:33.87M (Peak 33.87M) | Time:00:00.01 | Mem:2.00M, Peak:2.00M | Scene, ViewLayer | Updating Images | Loading Crystal9-material-2
Fra:1 Mem:34.12M (Peak 34.12M) | Time:00:00.01 | Mem:2.25M, Peak:2.25M | Scene, ViewLayer | Updating Images | Loading Crystal9-roughness-2
Fra:1 Mem:26.26M (Peak 34.12M) | Time:00:00.01 | Mem:2.75M, Peak:2.75M | Scene, ViewLayer | Waiting for render to start
Fra:1 Mem:26.26M (Peak 34.12M) | Time:00:00.01 | Mem:2.75M, Peak:2.75M | Scene, ViewLayer | Loading render kernels (may take a few minutes the first time)
Fra:1 Mem:26.26M (Peak 34.12M) | Time:00:00.01 | Mem:2.75M, Peak:2.75M | Scene, ViewLayer | Updating Scene
Fra:1 Mem:26.26M (Peak 34.12M) | Time:00:00.01 | Mem:2.75M, Peak:2.75M | Scene, ViewLayer | Updating Shaders
Fra:1 Mem:26.35M (Peak 34.12M) | Time:00:00.01 | Mem:2.76M, Peak:2.76M | Scene, ViewLayer | Updating Procedurals
Fra:1 Mem:26.35M (Peak 34.12M) | Time:00:00.01 | Mem:2.76M, Peak:2.76M | Scene, ViewLayer | Updating Background
Fra:1 Mem:26.35M (Peak 34.12M) | Time:00:00.01 | Mem:2.76M, Peak:2.76M | Scene, ViewLayer | Updating Camera
Fra:1 Mem:26.35M (Peak 34.12M) | Time:00:00.01 | Mem:2.76M, Peak:2.76M | Scene, ViewLayer | Updating Meshes Flags
Fra:1 Mem:26.35M (Peak 34.12M) | Time:00:00.01 | Mem:2.76M, Peak:2.76M | Scene, ViewLayer | Updating Objects
Fra:1 Mem:26.35M (Peak 34.12M) | Time:00:00.01 | Mem:2.76M, Peak:2.76M | Scene, ViewLayer | Updating Objects | Copying Transformations to device
Fra:1 Mem:26.41M (Peak 34.12M) | Time:00:00.01 | Mem:2.82M, Peak:2.82M | Scene, ViewLayer | Updating Objects | Applying Static Transformations
Fra:1 Mem:26.41M (Peak 34.12M) | Time:00:00.01 | Mem:2.82M, Peak:2.82M | Scene, ViewLayer | Updating Particle Systems
Fra:1 Mem:26.41M (Peak 34.12M) | Time:00:00.01 | Mem:2.82M, Peak:2.82M | Scene, ViewLayer | Updating Particle Systems | Copying Particles to device
Fra:1 Mem:26.41M (Peak 34.12M) | Time:00:00.01 | Mem:2.82M, Peak:2.82M | Scene, ViewLayer | Updating Meshes
Fra:1 Mem:26.49M (Peak 34.12M) | Time:00:00.01 | Mem:2.82M, Peak:2.82M | Scene, ViewLayer | Updating Mesh | Computing attributes
Fra:1 Mem:26.78M (Peak 34.12M) | Time:00:00.02 | Mem:2.84M, Peak:2.84M | Scene, ViewLayer | Updating Mesh | Copying Attributes to device
Fra:1 Mem:26.73M (Peak 34.12M) | Time:00:00.02 | Mem:3.06M, Peak:3.06M | Scene, ViewLayer | Updating Scene BVH | Building
Fra:1 Mem:26.73M (Peak 34.12M) | Time:00:00.02 | Mem:3.06M, Peak:3.06M | Scene, ViewLayer | Updating Scene BVH | Building BVH
Fra:1 Mem:26.73M (Peak 34.12M) | Time:00:00.02 | Mem:3.22M, Peak:3.22M | Scene, ViewLayer | Updating Scene BVH | Building BVH 0%
Fra:1 Mem:26.73M (Peak 34.12M) | Time:00:00.02 | Mem:3.38M, Peak:3.54M | Scene, ViewLayer | Updating Scene BVH | Copying BVH to device
Fra:1 Mem:26.73M (Peak 34.12M) | Time:00:00.02 | Mem:3.38M, Peak:3.54M | Scene, ViewLayer | Updating Mesh | Computing normals
Fra:1 Mem:27.09M (Peak 34.12M) | Time:00:00.02 | Mem:3.38M, Peak:3.54M | Scene, ViewLayer | Updating Mesh | Copying Mesh to device
Fra:1 Mem:27.09M (Peak 34.12M) | Time:00:00.02 | Mem:3.73M, Peak:3.73M | Scene, ViewLayer | Updating Objects Flags
Fra:1 Mem:27.09M (Peak 34.12M) | Time:00:00.02 | Mem:3.74M, Peak:3.74M | Scene, ViewLayer | Updating Primitive Offsets
Fra:1 Mem:27.09M (Peak 34.12M) | Time:00:00.02 | Mem:3.74M, Peak:3.74M | Scene, ViewLayer | Updating Images
Fra:1 Mem:27.09M (Peak 34.12M) | Time:00:00.02 | Mem:3.74M, Peak:3.74M | Scene, ViewLayer | Updating Camera Volume
Fra:1 Mem:27.09M (Peak 34.12M) | Time:00:00.02 | Mem:3.74M, Peak:3.74M | Scene, ViewLayer | Updating Lookup Tables
Fra:1 Mem:27.09M (Peak 34.12M) | Time:00:00.02 | Mem:3.82M, Peak:3.82M | Scene, ViewLayer | Updating Lights
Fra:1 Mem:27.09M (Peak 34.12M) | Time:00:00.02 | Mem:3.82M, Peak:3.82M | Scene, ViewLayer | Updating Lights | Computing tree
Fra:1 Mem:27.23M (Peak 34.12M) | Time:00:00.02 | Mem:3.96M, Peak:3.96M | Scene, ViewLayer | Updating Integrator
Fra:1 Mem:27.23M (Peak 34.12M) | Time:00:00.02 | Mem:3.96M, Peak:3.96M | Scene, ViewLayer | Updating Film
Fra:1 Mem:27.24M (Peak 34.12M) | Time:00:00.02 | Mem:3.88M, Peak:3.96M | Scene, ViewLayer | Updating Lookup Tables
Fra:1 Mem:27.24M (Peak 34.12M) | Time:00:00.02 | Mem:3.97M, Peak:3.97M | Scene, ViewLayer | Updating Baking
Fra:1 Mem:27.24M (Peak 34.12M) | Time:00:00.02 | Mem:3.97M, Peak:3.97M | Scene, ViewLayer | Updating Device | Writing constant memory
Fra:1 Mem:27.24M (Peak 34.12M) | Time:00:00.02 | Mem:3.97M, Peak:3.97M | Scene, ViewLayer | Sample 0/32
Fra:1 Mem:55.06M (Peak 55.06M) | Time:00:00.46 | Remaining:00:13.83 | Mem:31.79M, Peak:31.79M | Scene, ViewLayer | Sample 1/32
Fra:1 Mem:67.42M (Peak 92.14M) | Time:00:12.90 | Mem:31.79M, Peak:31.79M | Scene, ViewLayer | Sample 32/32
Fra:1 Mem:67.42M (Peak 92.14M) | Time:00:12.90 | Mem:31.79M, Peak:31.79M | Scene, ViewLayer | Finished
Saved: '/root/sidereal_spacetime/output/playwright/planet-reference-20260914/crystal-moons-r009-parity/moon-1-native-two-sided-matched-angle2.png'
Time: 00:13.03 (Saving: 00:00.13)

Fra:1 Mem:32.02M (Peak 32.02M) | Time:00:00.01 | Mem:0.00M, Peak:0.00M | Scene, ViewLayer | Synchronizing object | GEO-planets--crystal-moon-1-connected-crystalline-body
Fra:1 Mem:32.35M (Peak 32.35M) | Time:00:00.01 | Mem:0.00M, Peak:0.00M | Scene, ViewLayer | Synchronizing object | GEO-native-regional-fracture-2-panel-1-section-2-band-0
Fra:1 Mem:32.36M (Peak 32.36M) | Time:00:00.01 | Mem:0.00M, Peak:0.00M | Scene, ViewLayer | Synchronizing object | GEO-native-regional-fracture-2-panel-1-section-3-band-0
Fra:1 Mem:32.36M (Peak 32.36M) | Time:00:00.01 | Mem:0.00M, Peak:0.00M | Scene, ViewLayer | Synchronizing object | GEO-native-regional-fracture-2-panel-1-section-4-band-0
Fra:1 Mem:32.36M (Peak 32.36M) | Time:00:00.01 | Mem:0.00M, Peak:0.00M | Scene, ViewLayer | Synchronizing object | GEO-native-regional-fracture-2-panel-2-section-2-band-0
Fra:1 Mem:32.36M (Peak 32.36M) | Time:00:00.01 | Mem:0.00M, Peak:0.00M | Scene, ViewLayer | Synchronizing object | GEO-native-regional-fracture-2-panel-2-section-2-band-1
Fra:1 Mem:32.36M (Peak 32.36M) | Time:00:00.01 | Mem:0.00M, Peak:0.00M | Scene, ViewLayer | Synchronizing object | GEO-native-regional-fracture-2-panel-2-section-2-band-2
Fra:1 Mem:32.36M (Peak 32.36M) | Time:00:00.01 | Mem:0.00M, Peak:0.00M | Scene, ViewLayer | Synchronizing object | GEO-native-regional-fracture-2-panel-2-section-3-band-0
Fra:1 Mem:32.37M (Peak 32.37M) | Time:00:00.01 | Mem:0.00M, Peak:0.00M | Scene, ViewLayer | Synchronizing object | GEO-native-regional-fracture-2-panel-2-section-3-band-1
Fra:1 Mem:32.37M (Peak 32.37M) | Time:00:00.01 | Mem:0.00M, Peak:0.00M | Scene, ViewLayer | Synchronizing object | GEO-native-regional-fracture-2-panel-2-section-3-band-2
Fra:1 Mem:32.37M (Peak 32.37M) | Time:00:00.01 | Mem:0.00M, Peak:0.00M | Scene, ViewLayer | Synchronizing object | GEO-native-regional-fracture-2-panel-2-section-4-band-0
Fra:1 Mem:32.37M (Peak 32.37M) | Time:00:00.01 | Mem:0.00M, Peak:0.00M | Scene, ViewLayer | Synchronizing object | GEO-native-regional-fracture-2-panel-2-section-4-band-1
Fra:1 Mem:32.37M (Peak 32.37M) | Time:00:00.01 | Mem:0.00M, Peak:0.00M | Scene, ViewLayer | Synchronizing object | GEO-native-regional-fracture-2-panel-2-section-5-band-0
Fra:1 Mem:32.37M (Peak 32.37M) | Time:00:00.01 | Mem:0.00M, Peak:0.00M | Scene, ViewLayer | Synchronizing object | GEO-native-regional-fracture-2-panel-2-section-5-band-1
Fra:1 Mem:32.37M (Peak 32.37M) | Time:00:00.01 | Mem:0.00M, Peak:0.00M | Scene, ViewLayer | Synchronizing object | GEO-native-regional-fracture-2-panel-2-section-6-band-0
Fra:1 Mem:32.38M (Peak 32.38M) | Time:00:00.01 | Mem:0.00M, Peak:0.00M | Scene, ViewLayer | Synchronizing object | GEO-native-regional-fracture-2-panel-2-section-6-band-1
Fra:1 Mem:32.38M (Peak 32.38M) | Time:00:00.01 | Mem:0.00M, Peak:0.00M | Scene, ViewLayer | Synchronizing object | GEO-native-regional-fracture-2-panel-3-section-3-band-1
Fra:1 Mem:32.38M (Peak 32.38M) | Time:00:00.01 | Mem:0.00M, Peak:0.00M | Scene, ViewLayer | Synchronizing object | GEO-native-regional-fracture-2-panel-3-section-3-band-2
Fra:1 Mem:32.38M (Peak 32.38M) | Time:00:00.01 | Mem:0.00M, Peak:0.00M | Scene, ViewLayer | Synchronizing object | GEO-native-regional-fracture-2-panel-3-section-4-band-2
Fra:1 Mem:32.38M (Peak 32.38M) | Time:00:00.01 | Mem:0.00M, Peak:0.00M | Scene, ViewLayer | Synchronizing object | GEO-native-regional-fracture-2-panel-3-section-5-band-1
Fra:1 Mem:32.38M (Peak 32.38M) | Time:00:00.01 | Mem:0.00M, Peak:0.00M | Scene, ViewLayer | Synchronizing object | GEO-native-regional-fracture-2-panel-3-section-5-band-2
Fra:1 Mem:32.38M (Peak 32.38M) | Time:00:00.01 | Mem:0.00M, Peak:0.00M | Scene, ViewLayer | Synchronizing object | GEO-native-regional-fracture-2-panel-5-section-4-band-0
Fra:1 Mem:32.39M (Peak 32.39M) | Time:00:00.01 | Mem:0.00M, Peak:0.00M | Scene, ViewLayer | Synchronizing object | GEO-native-regional-fracture-2-panel-5-section-5-band-0
Fra:1 Mem:32.39M (Peak 32.39M) | Time:00:00.01 | Mem:0.00M, Peak:0.00M | Scene, ViewLayer | Synchronizing object | GEO-native-regional-fracture-2-panel-5-section-6-band-0
Fra:1 Mem:32.39M (Peak 32.39M) | Time:00:00.01 | Mem:0.00M, Peak:0.00M | Scene, ViewLayer | Synchronizing object | GEO-native-regional-fracture-2-panel-5-section-7-band-0
Fra:1 Mem:32.39M (Peak 32.39M) | Time:00:00.01 | Mem:0.00M, Peak:0.00M | Scene, ViewLayer | Synchronizing object | GEO-native-regional-fracture-2-panel-5-section-8-band-0
Fra:1 Mem:32.39M (Peak 32.39M) | Time:00:00.01 | Mem:0.00M, Peak:0.00M | Scene, ViewLayer | Synchronizing object | GEO-native-regional-fracture-2-panel-5-section-9-band-0
Fra:1 Mem:32.39M (Peak 32.39M) | Time:00:00.01 | Mem:0.00M, Peak:0.00M | Scene, ViewLayer | Synchronizing object | GEO-native-regional-fracture-2-panel-7-section-4-band-2
Fra:1 Mem:32.39M (Peak 32.39M) | Time:00:00.01 | Mem:0.00M, Peak:0.00M | Scene, ViewLayer | Synchronizing object | GEO-native-regional-fracture-2-panel-7-section-5-band-1
Fra:1 Mem:32.40M (Peak 32.40M) | Time:00:00.01 | Mem:0.00M, Peak:0.00M | Scene, ViewLayer | Synchronizing object | GEO-native-regional-fracture-2-panel-7-section-5-band-2
Fra:1 Mem:32.40M (Peak 32.40M) | Time:00:00.01 | Mem:0.00M, Peak:0.00M | Scene, ViewLayer | Synchronizing object | GEO-native-regional-fracture-2-panel-7-section-6-band-1
Fra:1 Mem:32.40M (Peak 32.40M) | Time:00:00.01 | Mem:0.00M, Peak:0.00M | Scene, ViewLayer | Synchronizing object | GEO-native-regional-fracture-2-panel-7-section-6-band-2
Fra:1 Mem:32.40M (Peak 32.40M) | Time:00:00.01 | Mem:0.00M, Peak:0.00M | Scene, ViewLayer | Synchronizing object | GEO-native-regional-fracture-2-panel-7-section-7-band-2
Fra:1 Mem:32.40M (Peak 32.40M) | Time:00:00.01 | Mem:0.00M, Peak:0.00M | Scene, ViewLayer | Synchronizing object | GEO-native-regional-fracture-2-panel-8-section-7-band-0
Fra:1 Mem:32.40M (Peak 32.40M) | Time:00:00.01 | Mem:0.00M, Peak:0.00M | Scene, ViewLayer | Synchronizing object | GEO-native-regional-fracture-2-panel-8-section-7-band-1
Fra:1 Mem:32.41M (Peak 32.41M) | Time:00:00.01 | Mem:0.00M, Peak:0.00M | Scene, ViewLayer | Synchronizing object | GEO-native-regional-fracture-2-panel-8-section-7-band-2
Fra:1 Mem:32.41M (Peak 32.41M) | Time:00:00.01 | Mem:0.00M, Peak:0.00M | Scene, ViewLayer | Synchronizing object | GEO-native-regional-fracture-2-panel-8-section-8-band-0
Fra:1 Mem:32.41M (Peak 32.41M) | Time:00:00.01 | Mem:0.00M, Peak:0.00M | Scene, ViewLayer | Synchronizing object | GEO-native-regional-fracture-2-panel-8-section-8-band-1
Fra:1 Mem:32.41M (Peak 32.41M) | Time:00:00.01 | Mem:0.00M, Peak:0.00M | Scene, ViewLayer | Synchronizing object | GEO-native-regional-fracture-2-panel-8-section-8-band-2
Fra:1 Mem:32.41M (Peak 32.41M) | Time:00:00.01 | Mem:0.00M, Peak:0.00M | Scene, ViewLayer | Synchronizing object | GEO-native-regional-fracture-2-panel-8-section-9-band-0
Fra:1 Mem:32.41M (Peak 32.41M) | Time:00:00.01 | Mem:0.00M, Peak:0.00M | Scene, ViewLayer | Synchronizing object | GEO-native-regional-fracture-2-panel-8-section-9-band-1
Fra:1 Mem:32.42M (Peak 32.42M) | Time:00:00.01 | Mem:0.00M, Peak:0.00M | Scene, ViewLayer | Synchronizing object | GEO-native-regional-fracture-2-panel-8-section-9-band-2
Fra:1 Mem:32.42M (Peak 32.42M) | Time:00:00.01 | Mem:0.00M, Peak:0.00M | Scene, ViewLayer | Synchronizing object | GEO-native-regional-fracture-2-panel-8-section-10-band-0
Fra:1 Mem:32.42M (Peak 32.42M) | Time:00:00.01 | Mem:0.00M, Peak:0.00M | Scene, ViewLayer | Synchronizing object | GEO-native-regional-fracture-2-panel-8-section-10-band-1
Fra:1 Mem:32.42M (Peak 32.42M) | Time:00:00.01 | Mem:0.00M, Peak:0.00M | Scene, ViewLayer | Synchronizing object | GEO-native-regional-fracture-2-panel-8-section-10-band-2
Fra:1 Mem:32.42M (Peak 32.42M) | Time:00:00.01 | Mem:0.00M, Peak:0.00M | Scene, ViewLayer | Synchronizing object | GEO-native-regional-fracture-1-panel-10-section-13-band-1
Fra:1 Mem:32.42M (Peak 32.42M) | Time:00:00.01 | Mem:0.00M, Peak:0.00M | Scene, ViewLayer | Synchronizing object | GEO-native-regional-fracture-1-panel-10-section-13-band-2
Fra:1 Mem:32.43M (Peak 32.43M) | Time:00:00.01 | Mem:0.00M, Peak:0.00M | Scene, ViewLayer | Synchronizing object | GEO-native-regional-fracture-1-panel-10-section-1-band-0
Fra:1 Mem:32.43M (Peak 32.43M) | Time:00:00.01 | Mem:0.00M, Peak:0.00M | Scene, ViewLayer | Synchronizing object | GEO-native-regional-fracture-1-panel-10-section-1-band-1
Fra:1 Mem:32.43M (Peak 32.43M) | Time:00:00.01 | Mem:0.00M, Peak:0.00M | Scene, ViewLayer | Synchronizing object | GEO-native-regional-fracture-1-panel-10-section-1-band-2
Fra:1 Mem:32.43M (Peak 32.43M) | Time:00:00.01 | Mem:0.00M, Peak:0.00M | Scene, ViewLayer | Synchronizing object | GEO-native-regional-fracture-1-panel-11-section-1-band-0
Fra:1 Mem:32.43M (Peak 32.43M) | Time:00:00.01 | Mem:0.00M, Peak:0.00M | Scene, ViewLayer | Synchronizing object | GEO-native-regional-fracture-1-panel-11-section-2-band-0
Fra:1 Mem:32.43M (Peak 32.43M) | Time:00:00.01 | Mem:0.00M, Peak:0.00M | Scene, ViewLayer | Synchronizing object | GEO-native-regional-fracture-1-panel-11-section-2-band-1
Fra:1 Mem:32.43M (Peak 32.43M) | Time:00:00.01 | Mem:0.00M, Peak:0.00M | Scene, ViewLayer | Synchronizing object | GEO-native-regional-fracture-1-panel-11-section-2-band-2
Fra:1 Mem:32.44M (Peak 32.44M) | Time:00:00.01 | Mem:0.00M, Peak:0.00M | Scene, ViewLayer | Synchronizing object | GEO-native-regional-fracture-2-panel-12-section-9-band-0
Fra:1 Mem:32.44M (Peak 32.44M) | Time:00:00.01 | Mem:0.00M, Peak:0.00M | Scene, ViewLayer | Synchronizing object | GEO-native-regional-fracture-2-panel-12-section-10-band-0
Fra:1 Mem:32.44M (Peak 32.44M) | Time:00:00.01 | Mem:0.00M, Peak:0.00M | Scene, ViewLayer | Synchronizing object | GEO-native-regional-fracture-2-panel-12-section-11-band-0
Fra:1 Mem:32.44M (Peak 32.44M) | Time:00:00.01 | Mem:0.00M, Peak:0.00M | Scene, ViewLayer | Synchronizing object | GEO-native-regional-fracture-2-panel-12-section-14-band-0
Fra:1 Mem:32.44M (Peak 32.44M) | Time:00:00.01 | Mem:0.00M, Peak:0.00M | Scene, ViewLayer | Synchronizing object | GEO-native-regional-fracture-2-panel-13-section-10-band-0
Fra:1 Mem:32.44M (Peak 32.44M) | Time:00:00.01 | Mem:0.00M, Peak:0.00M | Scene, ViewLayer | Synchronizing object | GEO-native-regional-fracture-2-panel-13-section-11-band-0
Fra:1 Mem:32.45M (Peak 32.45M) | Time:00:00.01 | Mem:0.00M, Peak:0.00M | Scene, ViewLayer | Synchronizing object | GEO-native-regional-fracture-2-panel-13-section-11-band-1
Fra:1 Mem:32.45M (Peak 32.45M) | Time:00:00.01 | Mem:0.00M, Peak:0.00M | Scene, ViewLayer | Synchronizing object | GEO-native-regional-fracture-2-panel-13-section-14-band-0
Fra:1 Mem:32.45M (Peak 32.45M) | Time:00:00.01 | Mem:0.00M, Peak:0.00M | Scene, ViewLayer | Synchronizing object | GEO-native-regional-fracture-2-panel-13-section-14-band-1
Fra:1 Mem:32.45M (Peak 32.45M) | Time:00:00.01 | Mem:0.00M, Peak:0.00M | Scene, ViewLayer | Synchronizing object | GEO-native-regional-fracture-1-panel-22-section-14-band-2
Fra:1 Mem:32.45M (Peak 32.45M) | Time:00:00.01 | Mem:0.00M, Peak:0.00M | Scene, ViewLayer | Synchronizing object | GEO-native-regional-fracture-1-panel-22-section-15-band-0
Fra:1 Mem:32.45M (Peak 32.45M) | Time:00:00.01 | Mem:0.00M, Peak:0.00M | Scene, ViewLayer | Synchronizing object | GEO-native-regional-fracture-1-panel-22-section-15-band-1
Fra:1 Mem:32.45M (Peak 32.45M) | Time:00:00.01 | Mem:0.00M, Peak:0.00M | Scene, ViewLayer | Synchronizing object | GEO-native-regional-fracture-1-panel-22-section-15-band-2
Fra:1 Mem:32.45M (Peak 32.45M) | Time:00:00.01 | Mem:0.00M, Peak:0.00M | Scene, ViewLayer | Synchronizing object | GEO-native-regional-fracture-1-panel-22-section-16-band-0
Fra:1 Mem:32.46M (Peak 32.46M) | Time:00:00.01 | Mem:0.00M, Peak:0.00M | Scene, ViewLayer | Synchronizing object | GEO-native-regional-fracture-0-panel-23-section-2-band-2
Fra:1 Mem:32.46M (Peak 32.46M) | Time:00:00.01 | Mem:0.00M, Peak:0.00M | Scene, ViewLayer | Synchronizing object | GEO-native-regional-fracture-0-panel-23-section-3-band-1
Fra:1 Mem:32.46M (Peak 32.46M) | Time:00:00.01 | Mem:0.00M, Peak:0.00M | Scene, ViewLayer | Synchronizing object | GEO-native-regional-fracture-0-panel-23-section-3-band-2
Fra:1 Mem:32.46M (Peak 32.46M) | Time:00:00.01 | Mem:0.00M, Peak:0.00M | Scene, ViewLayer | Synchronizing object | GEO-native-regional-fracture-0-panel-23-section-4-band-2
Fra:1 Mem:32.46M (Peak 32.46M) | Time:00:00.01 | Mem:0.00M, Peak:0.00M | Scene, ViewLayer | Synchronizing object | GEO-native-regional-fracture-0-panel-23-section-5-band-1
Fra:1 Mem:32.46M (Peak 32.46M) | Time:00:00.01 | Mem:0.00M, Peak:0.00M | Scene, ViewLayer | Synchronizing object | GEO-native-regional-fracture-0-panel-23-section-5-band-2
Fra:1 Mem:32.46M (Peak 32.46M) | Time:00:00.01 | Mem:0.00M, Peak:0.00M | Scene, ViewLayer | Synchronizing object | GEO-native-regional-fracture-0-panel-23-section-6-band-1
Fra:1 Mem:32.47M (Peak 32.47M) | Time:00:00.01 | Mem:0.00M, Peak:0.00M | Scene, ViewLayer | Synchronizing object | GEO-native-regional-fracture-0-panel-23-section-6-band-2
Fra:1 Mem:32.47M (Peak 32.47M) | Time:00:00.01 | Mem:0.00M, Peak:0.00M | Scene, ViewLayer | Synchronizing object | GEO-native-regional-fracture-1-panel-24-section-10-band-0
Fra:1 Mem:32.47M (Peak 32.47M) | Time:00:00.01 | Mem:0.00M, Peak:0.00M | Scene, ViewLayer | Synchronizing object | GEO-native-regional-fracture-1-panel-24-section-10-band-1
Fra:1 Mem:32.47M (Peak 32.47M) | Time:00:00.01 | Mem:0.00M, Peak:0.00M | Scene, ViewLayer | Synchronizing object | GEO-native-regional-fracture-1-panel-24-section-10-band-2
Fra:1 Mem:32.47M (Peak 32.47M) | Time:00:00.01 | Mem:0.00M, Peak:0.00M | Scene, ViewLayer | Synchronizing object | GEO-native-regional-fracture-1-panel-24-section-11-band-0
Fra:1 Mem:32.47M (Peak 32.47M) | Time:00:00.01 | Mem:0.00M, Peak:0.00M | Scene, ViewLayer | Synchronizing object | GEO-native-regional-fracture-1-panel-24-section-11-band-1
Fra:1 Mem:32.48M (Peak 32.48M) | Time:00:00.01 | Mem:0.00M, Peak:0.00M | Scene, ViewLayer | Synchronizing object | GEO-native-regional-fracture-1-panel-24-section-11-band-2
Fra:1 Mem:32.48M (Peak 32.48M) | Time:00:00.01 | Mem:0.00M, Peak:0.00M | Scene, ViewLayer | Synchronizing object | GEO-native-regional-fracture-1-panel-24-section-14-band-0
Fra:1 Mem:32.48M (Peak 32.48M) | Time:00:00.01 | Mem:0.00M, Peak:0.00M | Scene, ViewLayer | Synchronizing object | GEO-native-regional-fracture-1-panel-24-section-14-band-1
Fra:1 Mem:32.48M (Peak 32.48M) | Time:00:00.01 | Mem:0.00M, Peak:0.00M | Scene, ViewLayer | Synchronizing object | GEO-native-regional-fracture-1-panel-24-section-15-band-0
Fra:1 Mem:32.48M (Peak 32.48M) | Time:00:00.01 | Mem:0.00M, Peak:0.00M | Scene, ViewLayer | Synchronizing object | GEO-native-regional-fracture-1-panel-25-section-10-band-2
Fra:1 Mem:32.48M (Peak 32.48M) | Time:00:00.01 | Mem:0.00M, Peak:0.00M | Scene, ViewLayer | Synchronizing object | GEO-native-regional-fracture-1-panel-25-section-11-band-2
Fra:1 Mem:32.48M (Peak 32.48M) | Time:00:00.01 | Mem:0.00M, Peak:0.00M | Scene, ViewLayer | Synchronizing object | GEO-native-regional-fracture-1-panel-25-section-14-band-2
Fra:1 Mem:32.49M (Peak 32.49M) | Time:00:00.01 | Mem:0.00M, Peak:0.00M | Scene, ViewLayer | Synchronizing object | GEO-native-regional-fracture-1-panel-25-section-15-band-2
Fra:1 Mem:32.49M (Peak 32.49M) | Time:00:00.01 | Mem:0.00M, Peak:0.00M | Scene, ViewLayer | Synchronizing object | GEO-native-regional-fracture-0-panel-26-section-6-band-0
Fra:1 Mem:32.49M (Peak 32.49M) | Time:00:00.01 | Mem:0.00M, Peak:0.00M | Scene, ViewLayer | Synchronizing object | GEO-native-regional-fracture-0-panel-26-section-6-band-1
Fra:1 Mem:32.49M (Peak 32.49M) | Time:00:00.01 | Mem:0.00M, Peak:0.00M | Scene, ViewLayer | Synchronizing object | GEO-native-regional-fracture-0-panel-26-section-6-band-2
Fra:1 Mem:32.49M (Peak 32.49M) | Time:00:00.01 | Mem:0.00M, Peak:0.00M | Scene, ViewLayer | Synchronizing object | GEO-native-regional-fracture-0-panel-26-section-7-band-1
Fra:1 Mem:32.50M (Peak 32.50M) | Time:00:00.01 | Mem:0.00M, Peak:0.00M | Scene, ViewLayer | Synchronizing object | GEO-native-regional-fracture-0-panel-26-section-7-band-2
Fra:1 Mem:32.50M (Peak 32.50M) | Time:00:00.01 | Mem:0.00M, Peak:0.00M | Scene, ViewLayer | Synchronizing object | GEO-native-regional-fracture-0-panel-26-section-8-band-1
Fra:1 Mem:32.50M (Peak 32.50M) | Time:00:00.01 | Mem:0.00M, Peak:0.00M | Scene, ViewLayer | Synchronizing object | GEO-native-regional-fracture-0-panel-26-section-8-band-2
Fra:1 Mem:32.50M (Peak 32.50M) | Time:00:00.01 | Mem:0.00M, Peak:0.00M | Scene, ViewLayer | Synchronizing object | GEO-native-regional-fracture-0-panel-26-section-9-band-2
Fra:1 Mem:32.50M (Peak 32.50M) | Time:00:00.01 | Mem:0.00M, Peak:0.00M | Scene, ViewLayer | Synchronizing object | GEO-native-regional-fracture-0-panel-85-section-11-band-2
Fra:1 Mem:32.50M (Peak 32.50M) | Time:00:00.01 | Mem:0.00M, Peak:0.00M | Scene, ViewLayer | Synchronizing object | GEO-native-regional-fracture-0-panel-26-section-10-band-1
Fra:1 Mem:32.50M (Peak 32.50M) | Time:00:00.01 | Mem:0.00M, Peak:0.00M | Scene, ViewLayer | Synchronizing object | GEO-native-regional-fracture-0-panel-85-section-11-band-1
Fra:1 Mem:32.51M (Peak 32.51M) | Time:00:00.01 | Mem:0.00M, Peak:0.00M | Scene, ViewLayer | Synchronizing object | GEO-native-regional-fracture-0-panel-26-section-10-band-2
Fra:1 Mem:32.51M (Peak 32.51M) | Time:00:00.01 | Mem:0.00M, Peak:0.00M | Scene, ViewLayer | Synchronizing object | GEO-native-regional-fracture-0-panel-85-section-10-band-1
Fra:1 Mem:32.51M (Peak 32.51M) | Time:00:00.01 | Mem:0.00M, Peak:0.00M | Scene, ViewLayer | Synchronizing object | GEO-native-regional-fracture-0-panel-27-section-2-band-0
Fra:1 Mem:32.51M (Peak 32.51M) | Time:00:00.01 | Mem:0.00M, Peak:0.00M | Scene, ViewLayer | Synchronizing object | GEO-native-regional-fracture-0-panel-85-section-10-band-0
Fra:1 Mem:32.51M (Peak 32.51M) | Time:00:00.01 | Mem:0.00M, Peak:0.00M | Scene, ViewLayer | Synchronizing object | GEO-native-regional-fracture-0-panel-27-section-2-band-1
Fra:1 Mem:32.51M (Peak 32.51M) | Time:00:00.01 | Mem:0.00M, Peak:0.00M | Scene, ViewLayer | Synchronizing object | GEO-native-regional-fracture-1-panel-84-section-10-band-2
Fra:1 Mem:32.51M (Peak 32.51M) | Time:00:00.01 | Mem:0.00M, Peak:0.00M | Scene, ViewLayer | Synchronizing object | GEO-native-regional-fracture-0-panel-27-section-3-band-0
Fra:1 Mem:32.51M (Peak 32.51M) | Time:00:00.01 | Mem:0.00M, Peak:0.00M | Scene, ViewLayer | Synchronizing object | GEO-native-regional-fracture-1-panel-84-section-10-band-1
Fra:1 Mem:32.51M (Peak 32.51M) | Time:00:00.01 | Mem:0.00M, Peak:0.00M | Scene, ViewLayer | Synchronizing object | GEO-native-regional-fracture-1-panel-84-section-10-band-0
Fra:1 Mem:32.51M (Peak 32.51M) | Time:00:00.01 | Mem:0.00M, Peak:0.00M | Scene, ViewLayer | Synchronizing object | GEO-native-regional-fracture-1-panel-83-section-11-band-0
Fra:1 Mem:32.52M (Peak 32.52M) | Time:00:00.01 | Mem:0.00M, Peak:0.00M | Scene, ViewLayer | Synchronizing object | GEO-native-regional-fracture-0-panel-27-section-4-band-1
Fra:1 Mem:32.52M (Peak 32.52M) | Time:00:00.01 | Mem:0.00M, Peak:0.00M | Scene, ViewLayer | Synchronizing object | GEO-native-regional-fracture-1-panel-83-section-10-band-0
Fra:1 Mem:32.52M (Peak 32.52M) | Time:00:00.01 | Mem:0.00M, Peak:0.00M | Scene, ViewLayer | Synchronizing object | GEO-native-regional-fracture-0-panel-27-section-4-band-2
Fra:1 Mem:32.52M (Peak 32.52M) | Time:00:00.01 | Mem:0.00M, Peak:0.00M | Scene, ViewLayer | Synchronizing object | GEO-native-regional-fracture-0-panel-81-section-16-band-2
Fra:1 Mem:32.52M (Peak 32.52M) | Time:00:00.01 | Mem:0.00M, Peak:0.00M | Scene, ViewLayer | Synchronizing object | GEO-native-regional-fracture-0-panel-27-section-5-band-1
Fra:1 Mem:32.52M (Peak 32.52M) | Time:00:00.01 | Mem:0.00M, Peak:0.00M | Scene, ViewLayer | Synchronizing object | GEO-native-regional-fracture-0-panel-81-section-15-band-2
Fra:1 Mem:32.52M (Peak 32.52M) | Time:00:00.01 | Mem:0.00M, Peak:0.00M | Scene, ViewLayer | Synchronizing object | GEO-native-regional-fracture-0-panel-27-section-6-band-0
Fra:1 Mem:32.52M (Peak 32.52M) | Time:00:00.01 | Mem:0.00M, Peak:0.00M | Scene, ViewLayer | Synchronizing object | GEO-native-regional-fracture-0-panel-81-section-15-band-1
Fra:1 Mem:32.52M (Peak 32.52M) | Time:00:00.01 | Mem:0.00M, Peak:0.00M | Scene, ViewLayer | Synchronizing object | GEO-native-regional-fracture-0-panel-27-section-6-band-1
Fra:1 Mem:32.52M (Peak 32.52M) | Time:00:00.01 | Mem:0.00M, Peak:0.00M | Scene, ViewLayer | Synchronizing object | GEO-native-regional-fracture-0-panel-81-section-14-band-2
Fra:1 Mem:32.52M (Peak 32.52M) | Time:00:00.01 | Mem:0.00M, Peak:0.00M | Scene, ViewLayer | Synchronizing object | GEO-native-regional-fracture-2-panel-29-section-1-band-0
Fra:1 Mem:32.53M (Peak 32.53M) | Time:00:00.01 | Mem:0.00M, Peak:0.00M | Scene, ViewLayer | Synchronizing object | GEO-native-regional-fracture-0-panel-81-section-14-band-1
Fra:1 Mem:32.53M (Peak 32.53M) | Time:00:00.01 | Mem:0.00M, Peak:0.00M | Scene, ViewLayer | Synchronizing object | GEO-native-regional-fracture-2-panel-29-section-2-band-0
Fra:1 Mem:32.53M (Peak 32.53M) | Time:00:00.01 | Mem:0.00M, Peak:0.00M | Scene, ViewLayer | Synchronizing object | GEO-native-regional-fracture-0-panel-81-section-14-band-0
Fra:1 Mem:32.53M (Peak 32.53M) | Time:00:00.01 | Mem:0.00M, Peak:0.00M | Scene, ViewLayer | Synchronizing object | GEO-native-regional-fracture-2-panel-29-section-2-band-1
Fra:1 Mem:32.53M (Peak 32.53M) | Time:00:00.01 | Mem:0.00M, Peak:0.00M | Scene, ViewLayer | Synchronizing object | GEO-native-regional-fracture-0-panel-81-section-11-band-2
Fra:1 Mem:32.53M (Peak 32.53M) | Time:00:00.01 | Mem:0.00M, Peak:0.00M | Scene, ViewLayer | Synchronizing object | GEO-native-regional-fracture-2-panel-30-section-1-band-0
Fra:1 Mem:32.53M (Peak 32.53M) | Time:00:00.01 | Mem:0.00M, Peak:0.00M | Scene, ViewLayer | Synchronizing object | GEO-native-regional-fracture-0-panel-81-section-11-band-1
Fra:1 Mem:32.53M (Peak 32.53M) | Time:00:00.01 | Mem:0.00M, Peak:0.00M | Scene, ViewLayer | Synchronizing object | GEO-native-regional-fracture-2-panel-30-section-1-band-1
Fra:1 Mem:32.53M (Peak 32.53M) | Time:00:00.01 | Mem:0.00M, Peak:0.00M | Scene, ViewLayer | Synchronizing object | GEO-native-regional-fracture-0-panel-81-section-11-band-0
Fra:1 Mem:32.54M (Peak 32.54M) | Time:00:00.01 | Mem:0.00M, Peak:0.00M | Scene, ViewLayer | Synchronizing object | GEO-native-regional-fracture-2-panel-30-section-1-band-2
Fra:1 Mem:32.54M (Peak 32.54M) | Time:00:00.01 | Mem:0.00M, Peak:0.00M | Scene, ViewLayer | Synchronizing object | GEO-native-regional-fracture-1-panel-80-section-8-band-2
Fra:1 Mem:32.54M (Peak 32.54M) | Time:00:00.01 | Mem:0.00M, Peak:0.00M | Scene, ViewLayer | Synchronizing object | GEO-native-regional-fracture-2-panel-30-section-2-band-0
Fra:1 Mem:32.54M (Peak 32.54M) | Time:00:00.01 | Mem:0.00M, Peak:0.00M | Scene, ViewLayer | Synchronizing object | GEO-native-regional-fracture-1-panel-80-section-7-band-2
Fra:1 Mem:32.54M (Peak 32.54M) | Time:00:00.01 | Mem:0.00M, Peak:0.00M | Scene, ViewLayer | Synchronizing object | GEO-native-regional-fracture-2-panel-30-section-2-band-1
Fra:1 Mem:32.54M (Peak 32.54M) | Time:00:00.01 | Mem:0.00M, Peak:0.00M | Scene, ViewLayer | Synchronizing object | GEO-native-regional-fracture-1-panel-80-section-6-band-2
Fra:1 Mem:32.54M (Peak 32.54M) | Time:00:00.01 | Mem:0.00M, Peak:0.00M | Scene, ViewLayer | Synchronizing object | GEO-native-regional-fracture-2-panel-30-section-2-band-2
Fra:1 Mem:32.54M (Peak 32.54M) | Time:00:00.01 | Mem:0.00M, Peak:0.00M | Scene, ViewLayer | Synchronizing object | GEO-native-regional-fracture-1-panel-80-section-6-band-1
Fra:1 Mem:32.54M (Peak 32.54M) | Time:00:00.01 | Mem:0.00M, Peak:0.00M | Scene, ViewLayer | Synchronizing object | GEO-native-regional-fracture-2-panel-30-section-3-band-2
Fra:1 Mem:32.54M (Peak 32.54M) | Time:00:00.01 | Mem:0.00M, Peak:0.00M | Scene, ViewLayer | Synchronizing object | GEO-native-regional-fracture-1-panel-80-section-5-band-2
Fra:1 Mem:32.54M (Peak 32.54M) | Time:00:00.01 | Mem:0.00M, Peak:0.00M | Scene, ViewLayer | Synchronizing object | GEO-native-regional-fracture-2-panel-32-section-13-band-0
Fra:1 Mem:32.54M (Peak 32.54M) | Time:00:00.01 | Mem:0.00M, Peak:0.00M | Scene, ViewLayer | Synchronizing object | GEO-native-regional-fracture-1-panel-80-section-5-band-1
Fra:1 Mem:32.55M (Peak 32.55M) | Time:00:00.01 | Mem:0.00M, Peak:0.00M | Scene, ViewLayer | Synchronizing object | GEO-native-regional-fracture-2-panel-32-section-1-band-0
Fra:1 Mem:32.55M (Peak 32.55M) | Time:00:00.01 | Mem:0.00M, Peak:0.00M | Scene, ViewLayer | Synchronizing object | GEO-native-regional-fracture-1-panel-79-section-8-band-2
Fra:1 Mem:32.55M (Peak 32.55M) | Time:00:00.01 | Mem:0.00M, Peak:0.00M | Scene, ViewLayer | Synchronizing object | GEO-native-regional-fracture-2-panel-33-section-13-band-0
Fra:1 Mem:32.55M (Peak 32.55M) | Time:00:00.01 | Mem:0.00M, Peak:0.00M | Scene, ViewLayer | Synchronizing object | GEO-native-regional-fracture-1-panel-79-section-8-band-1
Fra:1 Mem:32.55M (Peak 32.55M) | Time:00:00.01 | Mem:0.00M, Peak:0.00M | Scene, ViewLayer | Synchronizing object | GEO-native-regional-fracture-2-panel-33-section-13-band-1
Fra:1 Mem:32.55M (Peak 32.55M) | Time:00:00.01 | Mem:0.00M, Peak:0.00M | Scene, ViewLayer | Synchronizing object | GEO-native-regional-fracture-1-panel-79-section-8-band-0
Fra:1 Mem:32.55M (Peak 32.55M) | Time:00:00.01 | Mem:0.00M, Peak:0.00M | Scene, ViewLayer | Synchronizing object | GEO-native-regional-fracture-2-panel-33-section-13-band-2
Fra:1 Mem:32.55M (Peak 32.55M) | Time:00:00.01 | Mem:0.00M, Peak:0.00M | Scene, ViewLayer | Synchronizing object | GEO-native-regional-fracture-1-panel-79-section-7-band-2
Fra:1 Mem:32.55M (Peak 32.55M) | Time:00:00.01 | Mem:0.00M, Peak:0.00M | Scene, ViewLayer | Synchronizing object | GEO-native-regional-fracture-2-panel-33-section-1-band-0
Fra:1 Mem:32.55M (Peak 32.55M) | Time:00:00.01 | Mem:0.00M, Peak:0.00M | Scene, ViewLayer | Synchronizing object | GEO-native-regional-fracture-1-panel-79-section-7-band-1
Fra:1 Mem:32.55M (Peak 32.55M) | Time:00:00.01 | Mem:0.00M, Peak:0.00M | Scene, ViewLayer | Synchronizing object | GEO-native-regional-fracture-2-panel-33-section-1-band-1
Fra:1 Mem:32.55M (Peak 32.55M) | Time:00:00.01 | Mem:0.00M, Peak:0.00M | Scene, ViewLayer | Synchronizing object | GEO-native-regional-fracture-1-panel-79-section-7-band-0
Fra:1 Mem:32.55M (Peak 32.55M) | Time:00:00.01 | Mem:0.00M, Peak:0.00M | Scene, ViewLayer | Synchronizing object | GEO-native-regional-fracture-1-panel-79-section-6-band-1
Fra:1 Mem:32.56M (Peak 32.56M) | Time:00:00.01 | Mem:0.00M, Peak:0.00M | Scene, ViewLayer | Synchronizing object | GEO-native-regional-fracture-1-panel-79-section-6-band-0
Fra:1 Mem:32.56M (Peak 32.56M) | Time:00:00.01 | Mem:0.00M, Peak:0.00M | Scene, ViewLayer | Synchronizing object | GEO-native-regional-fracture-1-panel-79-section-5-band-1
Fra:1 Mem:32.56M (Peak 32.56M) | Time:00:00.01 | Mem:0.00M, Peak:0.00M | Scene, ViewLayer | Synchronizing object | GEO-native-regional-fracture-1-panel-79-section-5-band-0
Fra:1 Mem:32.56M (Peak 32.56M) | Time:00:00.01 | Mem:0.00M, Peak:0.00M | Scene, ViewLayer | Synchronizing object | GEO-native-regional-fracture-0-panel-78-section-14-band-2
Fra:1 Mem:32.56M (Peak 32.56M) | Time:00:00.01 | Mem:0.00M, Peak:0.00M | Scene, ViewLayer | Synchronizing object | GEO-native-regional-fracture-0-panel-78-section-14-band-1
Fra:1 Mem:32.56M (Peak 32.56M) | Time:00:00.01 | Mem:0.00M, Peak:0.00M | Scene, ViewLayer | Synchronizing object | GEO-native-regional-fracture-0-panel-78-section-14-band-0
Fra:1 Mem:32.56M (Peak 32.56M) | Time:00:00.01 | Mem:0.00M, Peak:0.00M | Scene, ViewLayer | Synchronizing object | GEO-native-regional-fracture-1-panel-76-section-5-band-1
Fra:1 Mem:32.56M (Peak 32.56M) | Time:00:00.01 | Mem:0.00M, Peak:0.00M | Scene, ViewLayer | Synchronizing object | GEO-native-regional-fracture-1-panel-76-section-5-band-0
Fra:1 Mem:32.56M (Peak 32.56M) | Time:00:00.01 | Mem:0.00M, Peak:0.00M | Scene, ViewLayer | Synchronizing object | GEO-native-regional-fracture-1-panel-76-section-4-band-2
Fra:1 Mem:32.57M (Peak 32.57M) | Time:00:00.01 | Mem:0.00M, Peak:0.00M | Scene, ViewLayer | Synchronizing object | GEO-native-regional-fracture-1-panel-76-section-4-band-1
Fra:1 Mem:32.57M (Peak 32.57M) | Time:00:00.01 | Mem:0.00M, Peak:0.00M | Scene, ViewLayer | Synchronizing object | GEO-native-regional-fracture-1-panel-76-section-4-band-0
Fra:1 Mem:32.57M (Peak 32.57M) | Time:00:00.01 | Mem:0.00M, Peak:0.00M | Scene, ViewLayer | Synchronizing object | GEO-native-regional-fracture-1-panel-76-section-3-band-1
Fra:1 Mem:32.57M (Peak 32.57M) | Time:00:00.01 | Mem:0.00M, Peak:0.00M | Scene, ViewLayer | Synchronizing object | GEO-native-regional-fracture-1-panel-76-section-3-band-0
Fra:1 Mem:32.57M (Peak 32.57M) | Time:00:00.01 | Mem:0.00M, Peak:0.00M | Scene, ViewLayer | Synchronizing object | GEO-native-regional-fracture-1-panel-75-section-6-band-0
Fra:1 Mem:32.57M (Peak 32.57M) | Time:00:00.01 | Mem:0.00M, Peak:0.00M | Scene, ViewLayer | Synchronizing object | GEO-native-regional-fracture-1-panel-75-section-5-band-0
Fra:1 Mem:32.57M (Peak 32.57M) | Time:00:00.01 | Mem:0.00M, Peak:0.00M | Scene, ViewLayer | Synchronizing object | GEO-native-regional-fracture-1-panel-75-section-4-band-0
Fra:1 Mem:32.57M (Peak 32.57M) | Time:00:00.01 | Mem:0.00M, Peak:0.00M | Scene, ViewLayer | Synchronizing object | GEO-native-regional-fracture-1-panel-75-section-3-band-0
Fra:1 Mem:32.57M (Peak 32.57M) | Time:00:00.01 | Mem:0.00M, Peak:0.00M | Scene, ViewLayer | Synchronizing object | GEO-native-regional-fracture-0-panel-74-section-14-band-2
Fra:1 Mem:32.57M (Peak 32.57M) | Time:00:00.01 | Mem:0.00M, Peak:0.00M | Scene, ViewLayer | Synchronizing object | GEO-native-regional-fracture-0-panel-74-section-14-band-1
Fra:1 Mem:32.57M (Peak 32.57M) | Time:00:00.01 | Mem:0.00M, Peak:0.00M | Scene, ViewLayer | Synchronizing object | GEO-native-regional-fracture-0-panel-74-section-11-band-2
Fra:1 Mem:32.57M (Peak 32.57M) | Time:00:00.01 | Mem:0.00M, Peak:0.00M | Scene, ViewLayer | Synchronizing object | GEO-native-regional-fracture-0-panel-74-section-10-band-2
Fra:1 Mem:32.58M (Peak 32.58M) | Time:00:00.01 | Mem:0.00M, Peak:0.00M | Scene, ViewLayer | Synchronizing object | GEO-native-regional-fracture-1-panel-73-section-3-band-1
Fra:1 Mem:32.58M (Peak 32.58M) | Time:00:00.01 | Mem:0.00M, Peak:0.00M | Scene, ViewLayer | Synchronizing object | GEO-native-regional-fracture-1-panel-73-section-3-band-0
Fra:1 Mem:32.58M (Peak 32.58M) | Time:00:00.01 | Mem:0.00M, Peak:0.00M | Scene, ViewLayer | Synchronizing object | GEO-native-regional-fracture-1-panel-73-section-2-band-1
Fra:1 Mem:32.58M (Peak 32.58M) | Time:00:00.01 | Mem:0.00M, Peak:0.00M | Scene, ViewLayer | Synchronizing object | GEO-native-regional-fracture-1-panel-73-section-2-band-0
Fra:1 Mem:32.58M (Peak 32.58M) | Time:00:00.01 | Mem:0.00M, Peak:0.00M | Scene, ViewLayer | Synchronizing object | GEO-native-regional-fracture-0-panel-71-section-2-band-2
Fra:1 Mem:32.58M (Peak 32.58M) | Time:00:00.01 | Mem:0.00M, Peak:0.00M | Scene, ViewLayer | Synchronizing object | GEO-native-regional-fracture-0-panel-71-section-1-band-2
Fra:1 Mem:32.58M (Peak 32.58M) | Time:00:00.01 | Mem:0.00M, Peak:0.00M | Scene, ViewLayer | Synchronizing object | GEO-native-regional-fracture-0-panel-71-section-1-band-1
Fra:1 Mem:32.58M (Peak 32.58M) | Time:00:00.01 | Mem:0.00M, Peak:0.00M | Scene, ViewLayer | Synchronizing object | GEO-native-regional-fracture-0-panel-70-section-3-band-0
Fra:1 Mem:32.58M (Peak 32.58M) | Time:00:00.01 | Mem:0.00M, Peak:0.00M | Scene, ViewLayer | Synchronizing object | GEO-native-regional-fracture-0-panel-70-section-2-band-0
Fra:1 Mem:32.59M (Peak 32.59M) | Time:00:00.01 | Mem:0.00M, Peak:0.00M | Scene, ViewLayer | Synchronizing object | GEO-native-regional-fracture-1-panel-69-section-5-band-2
Fra:1 Mem:32.59M (Peak 32.59M) | Time:00:00.01 | Mem:0.00M, Peak:0.00M | Scene, ViewLayer | Synchronizing object | GEO-native-regional-fracture-1-panel-69-section-5-band-1
Fra:1 Mem:32.59M (Peak 32.59M) | Time:00:00.01 | Mem:0.00M, Peak:0.00M | Scene, ViewLayer | Synchronizing object | GEO-native-regional-fracture-1-panel-69-section-4-band-2
Fra:1 Mem:32.59M (Peak 32.59M) | Time:00:00.01 | Mem:0.00M, Peak:0.00M | Scene, ViewLayer | Synchronizing object | GEO-native-regional-fracture-1-panel-69-section-4-band-1
Fra:1 Mem:32.59M (Peak 32.59M) | Time:00:00.01 | Mem:0.00M, Peak:0.00M | Scene, ViewLayer | Synchronizing object | GEO-native-regional-fracture-1-panel-69-section-3-band-2
Fra:1 Mem:32.59M (Peak 32.59M) | Time:00:00.01 | Mem:0.00M, Peak:0.00M | Scene, ViewLayer | Synchronizing object | GEO-native-regional-fracture-1-panel-69-section-3-band-1
Fra:1 Mem:32.59M (Peak 32.59M) | Time:00:00.01 | Mem:0.00M, Peak:0.00M | Scene, ViewLayer | Synchronizing object | GEO-native-regional-fracture-1-panel-69-section-2-band-2
Fra:1 Mem:32.59M (Peak 32.59M) | Time:00:00.01 | Mem:0.00M, Peak:0.00M | Scene, ViewLayer | Synchronizing object | GEO-native-regional-fracture-1-panel-69-section-2-band-1
Fra:1 Mem:32.59M (Peak 32.59M) | Time:00:00.01 | Mem:0.00M, Peak:0.00M | Scene, ViewLayer | Synchronizing object | GEO-native-regional-fracture-0-panel-68-section-3-band-1
Fra:1 Mem:32.59M (Peak 32.59M) | Time:00:00.01 | Mem:0.00M, Peak:0.00M | Scene, ViewLayer | Synchronizing object | GEO-native-regional-fracture-0-panel-68-section-3-band-0
Fra:1 Mem:32.59M (Peak 32.59M) | Time:00:00.01 | Mem:0.00M, Peak:0.00M | Scene, ViewLayer | Synchronizing object | GEO-native-regional-fracture-0-panel-68-section-2-band-2
Fra:1 Mem:32.60M (Peak 32.60M) | Time:00:00.01 | Mem:0.00M, Peak:0.00M | Scene, ViewLayer | Synchronizing object | GEO-native-regional-fracture-0-panel-68-section-2-band-1
Fra:1 Mem:32.60M (Peak 32.60M) | Time:00:00.01 | Mem:0.00M, Peak:0.00M | Scene, ViewLayer | Synchronizing object | GEO-native-regional-fracture-0-panel-68-section-2-band-0
Fra:1 Mem:32.60M (Peak 32.60M) | Time:00:00.01 | Mem:0.00M, Peak:0.00M | Scene, ViewLayer | Synchronizing object | GEO-native-regional-fracture-0-panel-68-section-1-band-0
Fra:1 Mem:32.60M (Peak 32.60M) | Time:00:00.01 | Mem:0.00M, Peak:0.00M | Scene, ViewLayer | Synchronizing object | GEO-native-regional-fracture-0-panel-65-section-2-band-0
Fra:1 Mem:32.60M (Peak 32.60M) | Time:00:00.01 | Mem:0.00M, Peak:0.00M | Scene, ViewLayer | Synchronizing object | GEO-native-regional-fracture-0-panel-65-section-1-band-0
Fra:1 Mem:32.60M (Peak 32.60M) | Time:00:00.01 | Mem:0.00M, Peak:0.00M | Scene, ViewLayer | Synchronizing object | GEO-native-regional-fracture-0-panel-65-section-13-band-0
Fra:1 Mem:32.60M (Peak 32.60M) | Time:00:00.01 | Mem:0.00M, Peak:0.00M | Scene, ViewLayer | Synchronizing object | GEO-native-regional-fracture-0-panel-59-section-10-band-1
Fra:1 Mem:32.60M (Peak 32.60M) | Time:00:00.01 | Mem:0.00M, Peak:0.00M | Scene, ViewLayer | Synchronizing object | GEO-native-regional-fracture-0-panel-59-section-10-band-0
Fra:1 Mem:32.60M (Peak 32.60M) | Time:00:00.01 | Mem:0.00M, Peak:0.00M | Scene, ViewLayer | Synchronizing object | GEO-native-regional-fracture-0-panel-57-section-8-band-1
Fra:1 Mem:32.60M (Peak 32.60M) | Time:00:00.01 | Mem:0.00M, Peak:0.00M | Scene, ViewLayer | Synchronizing object | GEO-native-regional-fracture-0-panel-57-section-8-band-0
Fra:1 Mem:32.61M (Peak 32.61M) | Time:00:00.01 | Mem:0.00M, Peak:0.00M | Scene, ViewLayer | Synchronizing object | GEO-native-regional-fracture-0-panel-57-section-7-band-1
Fra:1 Mem:32.61M (Peak 32.61M) | Time:00:00.01 | Mem:0.00M, Peak:0.00M | Scene, ViewLayer | Synchronizing object | GEO-native-regional-fracture-0-panel-57-section-7-band-0
Fra:1 Mem:32.61M (Peak 32.61M) | Time:00:00.01 | Mem:0.00M, Peak:0.00M | Scene, ViewLayer | Synchronizing object | GEO-native-regional-fracture-0-panel-57-section-6-band-0
Fra:1 Mem:32.61M (Peak 32.61M) | Time:00:00.01 | Mem:0.00M, Peak:0.00M | Scene, ViewLayer | Synchronizing object | GEO-native-regional-fracture-0-panel-56-section-6-band-0
Fra:1 Mem:32.61M (Peak 32.61M) | Time:00:00.01 | Mem:0.00M, Peak:0.00M | Scene, ViewLayer | Synchronizing object | GEO-native-regional-fracture-0-panel-56-section-5-band-0
Fra:1 Mem:32.61M (Peak 32.61M) | Time:00:00.01 | Mem:0.00M, Peak:0.00M | Scene, ViewLayer | Synchronizing object | GEO-native-regional-fracture-0-panel-56-section-4-band-1
Fra:1 Mem:32.61M (Peak 32.61M) | Time:00:00.01 | Mem:0.00M, Peak:0.00M | Scene, ViewLayer | Synchronizing object | GEO-native-regional-fracture-0-panel-56-section-4-band-0
Fra:1 Mem:32.61M (Peak 32.61M) | Time:00:00.01 | Mem:0.00M, Peak:0.00M | Scene, ViewLayer | Synchronizing object | GEO-native-regional-fracture-0-panel-55-section-11-band-0
Fra:1 Mem:32.61M (Peak 32.61M) | Time:00:00.01 | Mem:0.00M, Peak:0.00M | Scene, ViewLayer | Synchronizing object | GEO-native-regional-fracture-0-panel-55-section-10-band-0
Fra:1 Mem:32.61M (Peak 32.61M) | Time:00:00.01 | Mem:0.00M, Peak:0.00M | Scene, ViewLayer | Synchronizing object | GEO-native-regional-fracture-0-panel-54-section-10-band-1
Fra:1 Mem:32.61M (Peak 32.61M) | Time:00:00.01 | Mem:0.00M, Peak:0.00M | Scene, ViewLayer | Synchronizing object | GEO-native-regional-fracture-0-panel-54-section-10-band-0
Fra:1 Mem:32.62M (Peak 32.62M) | Time:00:00.01 | Mem:0.00M, Peak:0.00M | Scene, ViewLayer | Synchronizing object | GEO-native-regional-fracture-0-panel-54-section-9-band-1
Fra:1 Mem:32.62M (Peak 32.62M) | Time:00:00.01 | Mem:0.00M, Peak:0.00M | Scene, ViewLayer | Synchronizing object | GEO-native-regional-fracture-0-panel-54-section-9-band-0
Fra:1 Mem:32.62M (Peak 32.62M) | Time:00:00.01 | Mem:0.00M, Peak:0.00M | Scene, ViewLayer | Synchronizing object | GEO-native-regional-fracture-0-panel-54-section-8-band-1
Fra:1 Mem:32.62M (Peak 32.62M) | Time:00:00.01 | Mem:0.00M, Peak:0.00M | Scene, ViewLayer | Synchronizing object | GEO-native-regional-fracture-0-panel-54-section-8-band-0
Fra:1 Mem:32.62M (Peak 32.62M) | Time:00:00.01 | Mem:0.00M, Peak:0.00M | Scene, ViewLayer | Synchronizing object | GEO-native-regional-fracture-0-panel-54-section-7-band-0
Fra:1 Mem:32.62M (Peak 32.62M) | Time:00:00.01 | Mem:0.00M, Peak:0.00M | Scene, ViewLayer | Synchronizing object | GEO-native-regional-fracture-0-panel-54-section-6-band-0
Fra:1 Mem:32.62M (Peak 32.62M) | Time:00:00.01 | Mem:0.00M, Peak:0.00M | Scene, ViewLayer | Synchronizing object | GEO-native-regional-fracture-0-panel-53-section-6-band-0
Fra:1 Mem:32.62M (Peak 32.62M) | Time:00:00.01 | Mem:0.00M, Peak:0.00M | Scene, ViewLayer | Synchronizing object | GEO-native-regional-fracture-0-panel-53-section-5-band-0
Fra:1 Mem:32.63M (Peak 32.63M) | Time:00:00.01 | Mem:0.00M, Peak:0.00M | Scene, ViewLayer | Synchronizing object | GEO-native-regional-fracture-0-panel-53-section-4-band-0
Fra:1 Mem:32.63M (Peak 32.63M) | Time:00:00.01 | Mem:0.00M, Peak:0.00M | Scene, ViewLayer | Synchronizing object | GEO-native-regional-fracture-0-panel-53-section-3-band-0
Fra:1 Mem:32.63M (Peak 32.63M) | Time:00:00.01 | Mem:0.00M, Peak:0.00M | Scene, ViewLayer | Synchronizing object | GEO-native-regional-fracture-1-panel-52-section-7-band-2
Fra:1 Mem:32.63M (Peak 32.63M) | Time:00:00.01 | Mem:0.00M, Peak:0.00M | Scene, ViewLayer | Synchronizing object | GEO-native-regional-fracture-1-panel-52-section-6-band-2
Fra:1 Mem:32.63M (Peak 32.63M) | Time:00:00.01 | Mem:0.00M, Peak:0.00M | Scene, ViewLayer | Synchronizing object | GEO-native-regional-fracture-1-panel-52-section-5-band-2
Fra:1 Mem:32.63M (Peak 32.63M) | Time:00:00.01 | Mem:0.00M, Peak:0.00M | Scene, ViewLayer | Synchronizing object | GEO-native-regional-fracture-0-panel-48-section-4-band-1
Fra:1 Mem:32.63M (Peak 32.63M) | Time:00:00.01 | Mem:0.00M, Peak:0.00M | Scene, ViewLayer | Synchronizing object | GEO-native-regional-fracture-0-panel-48-section-4-band-0
Fra:1 Mem:32.63M (Peak 32.63M) | Time:00:00.01 | Mem:0.00M, Peak:0.00M | Scene, ViewLayer | Synchronizing object | GEO-native-regional-fracture-0-panel-48-section-3-band-0
Fra:1 Mem:32.63M (Peak 32.63M) | Time:00:00.01 | Mem:0.00M, Peak:0.00M | Scene, ViewLayer | Synchronizing object | GEO-native-regional-fracture-0-panel-48-section-2-band-0
Fra:1 Mem:32.63M (Peak 32.63M) | Time:00:00.01 | Mem:0.00M, Peak:0.00M | Scene, ViewLayer | Synchronizing object | GEO-native-regional-fracture-2-panel-47-section-15-band-2
Fra:1 Mem:32.64M (Peak 32.64M) | Time:00:00.01 | Mem:0.00M, Peak:0.00M | Scene, ViewLayer | Synchronizing object | GEO-native-regional-fracture-2-panel-47-section-15-band-1
Fra:1 Mem:32.64M (Peak 32.64M) | Time:00:00.01 | Mem:0.00M, Peak:0.00M | Scene, ViewLayer | Synchronizing object | GEO-native-regional-fracture-2-panel-47-section-14-band-2
Fra:1 Mem:32.64M (Peak 32.64M) | Time:00:00.01 | Mem:0.00M, Peak:0.00M | Scene, ViewLayer | Synchronizing object | GEO-native-regional-fracture-2-panel-47-section-11-band-2
Fra:1 Mem:32.64M (Peak 32.64M) | Time:00:00.01 | Mem:0.00M, Peak:0.00M | Scene, ViewLayer | Synchronizing object | GEO-native-regional-fracture-2-panel-47-section-10-band-2
Fra:1 Mem:32.64M (Peak 32.64M) | Time:00:00.01 | Mem:0.00M, Peak:0.00M | Scene, ViewLayer | Synchronizing object | GEO-native-regional-fracture-2-panel-44-section-16-band-2
Fra:1 Mem:32.64M (Peak 32.64M) | Time:00:00.01 | Mem:0.00M, Peak:0.00M | Scene, ViewLayer | Synchronizing object | GEO-native-regional-fracture-2-panel-44-section-15-band-2
Fra:1 Mem:32.64M (Peak 32.64M) | Time:00:00.01 | Mem:0.00M, Peak:0.00M | Scene, ViewLayer | Synchronizing object | GEO-native-regional-fracture-2-panel-44-section-15-band-1
Fra:1 Mem:32.64M (Peak 32.64M) | Time:00:00.01 | Mem:0.00M, Peak:0.00M | Scene, ViewLayer | Synchronizing object | GEO-native-regional-fracture-2-panel-44-section-15-band-0
Fra:1 Mem:32.64M (Peak 32.64M) | Time:00:00.01 | Mem:0.00M, Peak:0.00M | Scene, ViewLayer | Synchronizing object | GEO-native-regional-fracture-2-panel-44-section-14-band-0
Fra:1 Mem:32.64M (Peak 32.64M) | Time:00:00.01 | Mem:0.00M, Peak:0.00M | Scene, ViewLayer | Synchronizing object | GEO-native-regional-fracture-2-panel-43-section-15-band-2
Fra:1 Mem:32.65M (Peak 32.65M) | Time:00:00.01 | Mem:0.00M, Peak:0.00M | Scene, ViewLayer | Synchronizing object | GEO-native-regional-fracture-2-panel-43-section-15-band-1
Fra:1 Mem:32.65M (Peak 32.65M) | Time:00:00.01 | Mem:0.00M, Peak:0.00M | Scene, ViewLayer | Synchronizing object | GEO-native-regional-fracture-2-panel-43-section-14-band-2
Fra:1 Mem:32.65M (Peak 32.65M) | Time:00:00.01 | Mem:0.00M, Peak:0.00M | Scene, ViewLayer | Synchronizing object | GEO-native-regional-fracture-2-panel-43-section-14-band-1
Fra:1 Mem:32.65M (Peak 32.65M) | Time:00:00.01 | Mem:0.00M, Peak:0.00M | Scene, ViewLayer | Synchronizing object | GEO-native-regional-fracture-2-panel-43-section-11-band-2
Fra:1 Mem:32.65M (Peak 32.65M) | Time:00:00.01 | Mem:0.00M, Peak:0.00M | Scene, ViewLayer | Synchronizing object | GEO-native-regional-fracture-2-panel-43-section-11-band-1
Fra:1 Mem:32.65M (Peak 32.65M) | Time:00:00.01 | Mem:0.00M, Peak:0.00M | Scene, ViewLayer | Synchronizing object | GEO-native-regional-fracture-1-panel-41-section-15-band-1
Fra:1 Mem:32.65M (Peak 32.65M) | Time:00:00.01 | Mem:0.00M, Peak:0.00M | Scene, ViewLayer | Synchronizing object | GEO-native-regional-fracture-1-panel-41-section-15-band-0
Fra:1 Mem:32.65M (Peak 32.65M) | Time:00:00.01 | Mem:0.00M, Peak:0.00M | Scene, ViewLayer | Synchronizing object | GEO-native-regional-fracture-1-panel-41-section-14-band-2
Fra:1 Mem:32.65M (Peak 32.65M) | Time:00:00.01 | Mem:0.00M, Peak:0.00M | Scene, ViewLayer | Synchronizing object | GEO-native-regional-fracture-1-panel-41-section-14-band-1
Fra:1 Mem:32.66M (Peak 32.66M) | Time:00:00.01 | Mem:0.00M, Peak:0.00M | Scene, ViewLayer | Synchronizing object | GEO-native-regional-fracture-1-panel-41-section-14-band-0
Fra:1 Mem:32.66M (Peak 32.66M) | Time:00:00.01 | Mem:0.00M, Peak:0.00M | Scene, ViewLayer | Synchronizing object | GEO-native-regional-fracture-1-panel-41-section-11-band-2
Fra:1 Mem:32.66M (Peak 32.66M) | Time:00:00.01 | Mem:0.00M, Peak:0.00M | Scene, ViewLayer | Synchronizing object | GEO-native-regional-fracture-1-panel-41-section-11-band-1
Fra:1 Mem:32.66M (Peak 32.66M) | Time:00:00.01 | Mem:0.00M, Peak:0.00M | Scene, ViewLayer | Synchronizing object | GEO-native-regional-fracture-1-panel-41-section-11-band-0
Fra:1 Mem:32.66M (Peak 32.66M) | Time:00:00.01 | Mem:0.00M, Peak:0.00M | Scene, ViewLayer | Synchronizing object | GEO-native-regional-fracture-2-panel-34-section-4-band-2
Fra:1 Mem:32.66M (Peak 32.66M) | Time:00:00.01 | Mem:0.00M, Peak:0.00M | Scene, ViewLayer | Synchronizing object | GEO-native-regional-fracture-2-panel-34-section-3-band-2
Fra:1 Mem:32.66M (Peak 32.66M) | Time:00:00.01 | Mem:0.00M, Peak:0.00M | Scene, ViewLayer | Synchronizing object | GEO-native-regional-fracture-2-panel-34-section-2-band-2
Fra:1 Mem:32.66M (Peak 32.66M) | Time:00:00.01 | Mem:0.00M, Peak:0.00M | Scene, ViewLayer | Synchronizing object | GEO-native-regional-fracture-2-panel-34-section-1-band-2
Fra:1 Mem:32.67M (Peak 32.67M) | Time:00:00.01 | Mem:0.00M, Peak:0.00M | Scene, ViewLayer | Synchronizing object | GEO-native-regional-fracture-2-panel-33-section-2-band-2
Fra:1 Mem:32.67M (Peak 32.67M) | Time:00:00.01 | Mem:0.00M, Peak:0.00M | Scene, ViewLayer | Synchronizing object | GEO-native-regional-fracture-2-panel-33-section-1-band-2
Fra:1 Mem:32.67M (Peak 32.67M) | Time:00:00.01 | Mem:0.00M, Peak:0.00M | Scene, ViewLayer | Initializing
Fra:1 Mem:31.61M (Peak 32.67M) | Time:00:00.01 | Mem:0.00M, Peak:0.00M | Scene, ViewLayer | Updating Images | Loading Crystal9-material-7
Fra:1 Mem:31.87M (Peak 32.67M) | Time:00:00.01 | Mem:0.25M, Peak:0.25M | Scene, ViewLayer | Updating Images | Loading Crystal9-material-6
Fra:1 Mem:32.12M (Peak 32.67M) | Time:00:00.01 | Mem:0.50M, Peak:0.50M | Scene, ViewLayer | Updating Images | Loading Crystal9-material-5
Fra:1 Mem:32.37M (Peak 32.67M) | Time:00:00.01 | Mem:0.75M, Peak:0.75M | Scene, ViewLayer | Updating Images | Loading Crystal9-material-4
Fra:1 Mem:32.62M (Peak 32.67M) | Time:00:00.01 | Mem:1.00M, Peak:1.00M | Scene, ViewLayer | Updating Images | Loading Crystal9-material-3
Fra:1 Mem:32.87M (Peak 32.87M) | Time:00:00.01 | Mem:1.25M, Peak:1.25M | Scene, ViewLayer | Updating Images | Loading Crystal9-roughness-2
Fra:1 Mem:33.12M (Peak 33.12M) | Time:00:00.01 | Mem:1.50M, Peak:1.50M | Scene, ViewLayer | Updating Images | Loading Crystal9-material-2
Fra:1 Mem:33.37M (Peak 33.37M) | Time:00:00.01 | Mem:1.50M, Peak:1.50M | Scene, ViewLayer | Updating Images | Loading Crystal9-material-0
Fra:1 Mem:33.62M (Peak 33.62M) | Time:00:00.02 | Mem:1.75M, Peak:1.75M | Scene, ViewLayer | Updating Images | Loading Crystal9-roughness-0
Fra:1 Mem:33.87M (Peak 33.87M) | Time:00:00.02 | Mem:2.00M, Peak:2.00M | Scene, ViewLayer | Updating Images | Loading Crystal9-material-1
Fra:1 Mem:34.12M (Peak 34.12M) | Time:00:00.02 | Mem:2.25M, Peak:2.25M | Scene, ViewLayer | Updating Images | Loading Crystal9-roughness-1
Fra:1 Mem:26.26M (Peak 34.12M) | Time:00:00.02 | Mem:2.75M, Peak:2.75M | Scene, ViewLayer | Waiting for render to start
Fra:1 Mem:26.26M (Peak 34.12M) | Time:00:00.02 | Mem:2.75M, Peak:2.75M | Scene, ViewLayer | Loading render kernels (may take a few minutes the first time)
Fra:1 Mem:26.26M (Peak 34.12M) | Time:00:00.02 | Mem:2.75M, Peak:2.75M | Scene, ViewLayer | Updating Scene
Fra:1 Mem:26.26M (Peak 34.12M) | Time:00:00.02 | Mem:2.75M, Peak:2.75M | Scene, ViewLayer | Updating Shaders
Fra:1 Mem:26.35M (Peak 34.12M) | Time:00:00.02 | Mem:2.76M, Peak:2.76M | Scene, ViewLayer | Updating Procedurals
Fra:1 Mem:26.35M (Peak 34.12M) | Time:00:00.02 | Mem:2.76M, Peak:2.76M | Scene, ViewLayer | Updating Background
Fra:1 Mem:26.35M (Peak 34.12M) | Time:00:00.02 | Mem:2.76M, Peak:2.76M | Scene, ViewLayer | Updating Camera
Fra:1 Mem:26.35M (Peak 34.12M) | Time:00:00.02 | Mem:2.76M, Peak:2.76M | Scene, ViewLayer | Updating Meshes Flags
Fra:1 Mem:26.35M (Peak 34.12M) | Time:00:00.02 | Mem:2.76M, Peak:2.76M | Scene, ViewLayer | Updating Objects
Fra:1 Mem:26.35M (Peak 34.12M) | Time:00:00.02 | Mem:2.76M, Peak:2.76M | Scene, ViewLayer | Updating Objects | Copying Transformations to device
Fra:1 Mem:26.41M (Peak 34.12M) | Time:00:00.02 | Mem:2.82M, Peak:2.82M | Scene, ViewLayer | Updating Objects | Applying Static Transformations
Fra:1 Mem:26.41M (Peak 34.12M) | Time:00:00.02 | Mem:2.82M, Peak:2.82M | Scene, ViewLayer | Updating Particle Systems
Fra:1 Mem:26.41M (Peak 34.12M) | Time:00:00.02 | Mem:2.82M, Peak:2.82M | Scene, ViewLayer | Updating Particle Systems | Copying Particles to device
Fra:1 Mem:26.41M (Peak 34.12M) | Time:00:00.02 | Mem:2.82M, Peak:2.82M | Scene, ViewLayer | Updating Meshes
Fra:1 Mem:26.49M (Peak 34.12M) | Time:00:00.02 | Mem:2.82M, Peak:2.82M | Scene, ViewLayer | Updating Mesh | Computing attributes
Fra:1 Mem:26.78M (Peak 34.12M) | Time:00:00.02 | Mem:2.84M, Peak:2.84M | Scene, ViewLayer | Updating Mesh | Copying Attributes to device
Fra:1 Mem:26.73M (Peak 34.12M) | Time:00:00.02 | Mem:3.06M, Peak:3.06M | Scene, ViewLayer | Updating Scene BVH | Building
Fra:1 Mem:26.73M (Peak 34.12M) | Time:00:00.02 | Mem:3.06M, Peak:3.06M | Scene, ViewLayer | Updating Scene BVH | Building BVH
Fra:1 Mem:26.73M (Peak 34.12M) | Time:00:00.02 | Mem:3.22M, Peak:3.22M | Scene, ViewLayer | Updating Scene BVH | Building BVH 0%
Fra:1 Mem:26.73M (Peak 34.12M) | Time:00:00.02 | Mem:3.38M, Peak:3.54M | Scene, ViewLayer | Updating Scene BVH | Copying BVH to device
Fra:1 Mem:26.73M (Peak 34.12M) | Time:00:00.02 | Mem:3.38M, Peak:3.54M | Scene, ViewLayer | Updating Mesh | Computing normals
Fra:1 Mem:27.09M (Peak 34.12M) | Time:00:00.02 | Mem:3.38M, Peak:3.54M | Scene, ViewLayer | Updating Mesh | Copying Mesh to device
Fra:1 Mem:27.09M (Peak 34.12M) | Time:00:00.02 | Mem:3.73M, Peak:3.73M | Scene, ViewLayer | Updating Objects Flags
Fra:1 Mem:27.09M (Peak 34.12M) | Time:00:00.02 | Mem:3.74M, Peak:3.74M | Scene, ViewLayer | Updating Primitive Offsets
Fra:1 Mem:27.09M (Peak 34.12M) | Time:00:00.02 | Mem:3.74M, Peak:3.74M | Scene, ViewLayer | Updating Images
Fra:1 Mem:27.09M (Peak 34.12M) | Time:00:00.02 | Mem:3.74M, Peak:3.74M | Scene, ViewLayer | Updating Camera Volume
Fra:1 Mem:27.09M (Peak 34.12M) | Time:00:00.02 | Mem:3.74M, Peak:3.74M | Scene, ViewLayer | Updating Lookup Tables
Fra:1 Mem:27.09M (Peak 34.12M) | Time:00:00.02 | Mem:3.82M, Peak:3.82M | Scene, ViewLayer | Updating Lights
Fra:1 Mem:27.09M (Peak 34.12M) | Time:00:00.02 | Mem:3.82M, Peak:3.82M | Scene, ViewLayer | Updating Lights | Computing tree
Fra:1 Mem:27.23M (Peak 34.12M) | Time:00:00.02 | Mem:3.96M, Peak:3.96M | Scene, ViewLayer | Updating Integrator
Fra:1 Mem:27.23M (Peak 34.12M) | Time:00:00.02 | Mem:3.96M, Peak:3.96M | Scene, ViewLayer | Updating Film
Fra:1 Mem:27.24M (Peak 34.12M) | Time:00:00.02 | Mem:3.88M, Peak:3.96M | Scene, ViewLayer | Updating Lookup Tables
Fra:1 Mem:27.24M (Peak 34.12M) | Time:00:00.02 | Mem:3.97M, Peak:3.97M | Scene, ViewLayer | Updating Baking
Fra:1 Mem:27.24M (Peak 34.12M) | Time:00:00.02 | Mem:3.97M, Peak:3.97M | Scene, ViewLayer | Updating Device | Writing constant memory
Fra:1 Mem:27.24M (Peak 34.12M) | Time:00:00.02 | Mem:3.97M, Peak:3.97M | Scene, ViewLayer | Sample 0/32
Fra:1 Mem:27.46M (Peak 34.12M) | Time:00:00.03 | Remaining:00:00.12 | Mem:4.19M, Peak:4.19M | Scene, ViewLayer | Sample 1/32
Fra:1 Mem:27.55M (Peak 34.12M) | Time:00:00.13 | Mem:4.19M, Peak:4.19M | Scene, ViewLayer | Sample 32/32
Fra:1 Mem:27.55M (Peak 34.12M) | Time:00:00.13 | Mem:4.19M, Peak:4.19M | Scene, ViewLayer | Finished
Saved: '/root/sidereal_spacetime/output/playwright/planet-reference-20260914/crystal-moons-r009-parity/moon-1-native-two-sided-reference-scale.png'
Time: 00:00.14 (Saving: 00:00.00)

Fra:1 Mem:32.51M (Peak 32.51M) | Time:00:00.00 | Mem:0.00M, Peak:0.00M | Scene, ViewLayer | Synchronizing object | GEO-planets--crystal-moon-1-connected-crystalline-body
Fra:1 Mem:32.85M (Peak 32.85M) | Time:00:00.00 | Mem:0.00M, Peak:0.00M | Scene, ViewLayer | Synchronizing object | GEO-native-regional-fracture-2-panel-1-section-2-band-0
Fra:1 Mem:32.85M (Peak 32.85M) | Time:00:00.00 | Mem:0.00M, Peak:0.00M | Scene, ViewLayer | Synchronizing object | GEO-native-regional-fracture-2-panel-1-section-3-band-0
Fra:1 Mem:32.85M (Peak 32.85M) | Time:00:00.00 | Mem:0.00M, Peak:0.00M | Scene, ViewLayer | Synchronizing object | GEO-native-regional-fracture-2-panel-1-section-4-band-0
Fra:1 Mem:32.85M (Peak 32.85M) | Time:00:00.00 | Mem:0.00M, Peak:0.00M | Scene, ViewLayer | Synchronizing object | GEO-native-regional-fracture-2-panel-2-section-2-band-0
Fra:1 Mem:32.85M (Peak 32.85M) | Time:00:00.00 | Mem:0.00M, Peak:0.00M | Scene, ViewLayer | Synchronizing object | GEO-native-regional-fracture-2-panel-2-section-2-band-1
Fra:1 Mem:32.86M (Peak 32.86M) | Time:00:00.00 | Mem:0.00M, Peak:0.00M | Scene, ViewLayer | Synchronizing object | GEO-native-regional-fracture-2-panel-2-section-2-band-2
Fra:1 Mem:32.86M (Peak 32.86M) | Time:00:00.00 | Mem:0.00M, Peak:0.00M | Scene, ViewLayer | Synchronizing object | GEO-native-regional-fracture-2-panel-2-section-3-band-0
Fra:1 Mem:32.86M (Peak 32.86M) | Time:00:00.00 | Mem:0.00M, Peak:0.00M | Scene, ViewLayer | Synchronizing object | GEO-native-regional-fracture-2-panel-2-section-3-band-1
Fra:1 Mem:32.86M (Peak 32.86M) | Time:00:00.00 | Mem:0.00M, Peak:0.00M | Scene, ViewLayer | Synchronizing object | GEO-native-regional-fracture-2-panel-2-section-3-band-2
Fra:1 Mem:32.86M (Peak 32.86M) | Time:00:00.00 | Mem:0.00M, Peak:0.00M | Scene, ViewLayer | Synchronizing object | GEO-native-regional-fracture-2-panel-2-section-4-band-0
Fra:1 Mem:32.86M (Peak 32.86M) | Time:00:00.00 | Mem:0.00M, Peak:0.00M | Scene, ViewLayer | Synchronizing object | GEO-native-regional-fracture-2-panel-2-section-4-band-1
Fra:1 Mem:32.87M (Peak 32.87M) | Time:00:00.00 | Mem:0.00M, Peak:0.00M | Scene, ViewLayer | Synchronizing object | GEO-native-regional-fracture-2-panel-2-section-5-band-0
Fra:1 Mem:32.87M (Peak 32.87M) | Time:00:00.00 | Mem:0.00M, Peak:0.00M | Scene, ViewLayer | Synchronizing object | GEO-native-regional-fracture-2-panel-2-section-5-band-1
Fra:1 Mem:32.87M (Peak 32.87M) | Time:00:00.00 | Mem:0.00M, Peak:0.00M | Scene, ViewLayer | Synchronizing object | GEO-native-regional-fracture-2-panel-2-section-6-band-0
Fra:1 Mem:32.87M (Peak 32.87M) | Time:00:00.00 | Mem:0.00M, Peak:0.00M | Scene, ViewLayer | Synchronizing object | GEO-native-regional-fracture-2-panel-2-section-6-band-1
Fra:1 Mem:32.87M (Peak 32.87M) | Time:00:00.00 | Mem:0.00M, Peak:0.00M | Scene, ViewLayer | Synchronizing object | GEO-native-regional-fracture-2-panel-3-section-3-band-1
Fra:1 Mem:32.87M (Peak 32.87M) | Time:00:00.00 | Mem:0.00M, Peak:0.00M | Scene, ViewLayer | Synchronizing object | GEO-native-regional-fracture-2-panel-3-section-3-band-2
Fra:1 Mem:32.87M (Peak 32.87M) | Time:00:00.00 | Mem:0.00M, Peak:0.00M | Scene, ViewLayer | Synchronizing object | GEO-native-regional-fracture-2-panel-3-section-4-band-2
Fra:1 Mem:32.87M (Peak 32.87M) | Time:00:00.00 | Mem:0.00M, Peak:0.00M | Scene, ViewLayer | Synchronizing object | GEO-native-regional-fracture-2-panel-3-section-5-band-1
Fra:1 Mem:32.88M (Peak 32.88M) | Time:00:00.00 | Mem:0.00M, Peak:0.00M | Scene, ViewLayer | Synchronizing object | GEO-native-regional-fracture-2-panel-3-section-5-band-2
Fra:1 Mem:32.88M (Peak 32.88M) | Time:00:00.00 | Mem:0.00M, Peak:0.00M | Scene, ViewLayer | Synchronizing object | GEO-native-regional-fracture-2-panel-5-section-4-band-0
Fra:1 Mem:32.88M (Peak 32.88M) | Time:00:00.00 | Mem:0.00M, Peak:0.00M | Scene, ViewLayer | Synchronizing object | GEO-native-regional-fracture-2-panel-5-section-5-band-0
Fra:1 Mem:32.88M (Peak 32.88M) | Time:00:00.00 | Mem:0.00M, Peak:0.00M | Scene, ViewLayer | Synchronizing object | GEO-native-regional-fracture-2-panel-5-section-6-band-0
Fra:1 Mem:32.88M (Peak 32.88M) | Time:00:00.00 | Mem:0.00M, Peak:0.00M | Scene, ViewLayer | Synchronizing object | GEO-native-regional-fracture-2-panel-5-section-7-band-0
Fra:1 Mem:32.88M (Peak 32.88M) | Time:00:00.00 | Mem:0.00M, Peak:0.00M | Scene, ViewLayer | Synchronizing object | GEO-native-regional-fracture-2-panel-5-section-8-band-0
Fra:1 Mem:32.88M (Peak 32.88M) | Time:00:00.00 | Mem:0.00M, Peak:0.00M | Scene, ViewLayer | Synchronizing object | GEO-native-regional-fracture-2-panel-5-section-9-band-0
Fra:1 Mem:32.89M (Peak 32.89M) | Time:00:00.00 | Mem:0.00M, Peak:0.00M | Scene, ViewLayer | Synchronizing object | GEO-native-regional-fracture-2-panel-7-section-4-band-2
Fra:1 Mem:32.89M (Peak 32.89M) | Time:00:00.00 | Mem:0.00M, Peak:0.00M | Scene, ViewLayer | Synchronizing object | GEO-native-regional-fracture-2-panel-7-section-5-band-1
Fra:1 Mem:32.89M (Peak 32.89M) | Time:00:00.00 | Mem:0.00M, Peak:0.00M | Scene, ViewLayer | Synchronizing object | GEO-native-regional-fracture-2-panel-7-section-5-band-2
Fra:1 Mem:32.89M (Peak 32.89M) | Time:00:00.00 | Mem:0.00M, Peak:0.00M | Scene, ViewLayer | Synchronizing object | GEO-native-regional-fracture-2-panel-7-section-6-band-1
Fra:1 Mem:32.89M (Peak 32.89M) | Time:00:00.00 | Mem:0.00M, Peak:0.00M | Scene, ViewLayer | Synchronizing object | GEO-native-regional-fracture-2-panel-7-section-6-band-2
Fra:1 Mem:32.89M (Peak 32.89M) | Time:00:00.00 | Mem:0.00M, Peak:0.00M | Scene, ViewLayer | Synchronizing object | GEO-native-regional-fracture-2-panel-7-section-7-band-2
Fra:1 Mem:32.89M (Peak 32.89M) | Time:00:00.00 | Mem:0.00M, Peak:0.00M | Scene, ViewLayer | Synchronizing object | GEO-native-regional-fracture-2-panel-8-section-7-band-0
Fra:1 Mem:32.90M (Peak 32.90M) | Time:00:00.00 | Mem:0.00M, Peak:0.00M | Scene, ViewLayer | Synchronizing object | GEO-native-regional-fracture-2-panel-8-section-7-band-1
Fra:1 Mem:32.90M (Peak 32.90M) | Time:00:00.00 | Mem:0.00M, Peak:0.00M | Scene, ViewLayer | Synchronizing object | GEO-native-regional-fracture-2-panel-8-section-7-band-2
Fra:1 Mem:32.90M (Peak 32.90M) | Time:00:00.00 | Mem:0.00M, Peak:0.00M | Scene, ViewLayer | Synchronizing object | GEO-native-regional-fracture-2-panel-8-section-8-band-0
Fra:1 Mem:32.90M (Peak 32.90M) | Time:00:00.00 | Mem:0.00M, Peak:0.00M | Scene, ViewLayer | Synchronizing object | GEO-native-regional-fracture-2-panel-8-section-8-band-1
Fra:1 Mem:32.90M (Peak 32.90M) | Time:00:00.00 | Mem:0.00M, Peak:0.00M | Scene, ViewLayer | Synchronizing object | GEO-native-regional-fracture-2-panel-8-section-8-band-2
Fra:1 Mem:32.90M (Peak 32.90M) | Time:00:00.00 | Mem:0.00M, Peak:0.00M | Scene, ViewLayer | Synchronizing object | GEO-native-regional-fracture-2-panel-8-section-9-band-0
Fra:1 Mem:32.91M (Peak 32.91M) | Time:00:00.00 | Mem:0.00M, Peak:0.00M | Scene, ViewLayer | Synchronizing object | GEO-native-regional-fracture-2-panel-8-section-9-band-1
Fra:1 Mem:32.91M (Peak 32.91M) | Time:00:00.00 | Mem:0.00M, Peak:0.00M | Scene, ViewLayer | Synchronizing object | GEO-native-regional-fracture-2-panel-8-section-9-band-2
Fra:1 Mem:32.91M (Peak 32.91M) | Time:00:00.00 | Mem:0.00M, Peak:0.00M | Scene, ViewLayer | Synchronizing object | GEO-native-regional-fracture-2-panel-8-section-10-band-0
Fra:1 Mem:32.91M (Peak 32.91M) | Time:00:00.00 | Mem:0.00M, Peak:0.00M | Scene, ViewLayer | Synchronizing object | GEO-native-regional-fracture-2-panel-8-section-10-band-1
Fra:1 Mem:32.91M (Peak 32.91M) | Time:00:00.00 | Mem:0.00M, Peak:0.00M | Scene, ViewLayer | Synchronizing object | GEO-native-regional-fracture-2-panel-8-section-10-band-2
Fra:1 Mem:32.92M (Peak 32.92M) | Time:00:00.00 | Mem:0.00M, Peak:0.00M | Scene, ViewLayer | Synchronizing object | GEO-native-regional-fracture-1-panel-10-section-13-band-1
Fra:1 Mem:32.92M (Peak 32.92M) | Time:00:00.00 | Mem:0.00M, Peak:0.00M | Scene, ViewLayer | Synchronizing object | GEO-native-regional-fracture-1-panel-10-section-13-band-2
Fra:1 Mem:32.92M (Peak 32.92M) | Time:00:00.00 | Mem:0.00M, Peak:0.00M | Scene, ViewLayer | Synchronizing object | GEO-native-regional-fracture-1-panel-10-section-1-band-0
Fra:1 Mem:32.92M (Peak 32.92M) | Time:00:00.00 | Mem:0.00M, Peak:0.00M | Scene, ViewLayer | Synchronizing object | GEO-native-regional-fracture-1-panel-10-section-1-band-1
Fra:1 Mem:32.92M (Peak 32.92M) | Time:00:00.00 | Mem:0.00M, Peak:0.00M | Scene, ViewLayer | Synchronizing object | GEO-native-regional-fracture-1-panel-10-section-1-band-2
Fra:1 Mem:32.92M (Peak 32.92M) | Time:00:00.00 | Mem:0.00M, Peak:0.00M | Scene, ViewLayer | Synchronizing object | GEO-native-regional-fracture-1-panel-11-section-1-band-0
Fra:1 Mem:32.92M (Peak 32.92M) | Time:00:00.00 | Mem:0.00M, Peak:0.00M | Scene, ViewLayer | Synchronizing object | GEO-native-regional-fracture-1-panel-11-section-2-band-0
Fra:1 Mem:32.92M (Peak 32.92M) | Time:00:00.00 | Mem:0.00M, Peak:0.00M | Scene, ViewLayer | Synchronizing object | GEO-native-regional-fracture-1-panel-11-section-2-band-1
Fra:1 Mem:32.93M (Peak 32.93M) | Time:00:00.00 | Mem:0.00M, Peak:0.00M | Scene, ViewLayer | Synchronizing object | GEO-native-regional-fracture-1-panel-11-section-2-band-2
Fra:1 Mem:32.93M (Peak 32.93M) | Time:00:00.00 | Mem:0.00M, Peak:0.00M | Scene, ViewLayer | Synchronizing object | GEO-native-regional-fracture-2-panel-12-section-9-band-0
Fra:1 Mem:32.93M (Peak 32.93M) | Time:00:00.00 | Mem:0.00M, Peak:0.00M | Scene, ViewLayer | Synchronizing object | GEO-native-regional-fracture-2-panel-12-section-10-band-0
Fra:1 Mem:32.93M (Peak 32.93M) | Time:00:00.00 | Mem:0.00M, Peak:0.00M | Scene, ViewLayer | Synchronizing object | GEO-native-regional-fracture-2-panel-12-section-11-band-0
Fra:1 Mem:32.93M (Peak 32.93M) | Time:00:00.00 | Mem:0.00M, Peak:0.00M | Scene, ViewLayer | Synchronizing object | GEO-native-regional-fracture-2-panel-12-section-14-band-0
Fra:1 Mem:32.93M (Peak 32.93M) | Time:00:00.00 | Mem:0.00M, Peak:0.00M | Scene, ViewLayer | Synchronizing object | GEO-native-regional-fracture-2-panel-13-section-10-band-0
Fra:1 Mem:32.94M (Peak 32.94M) | Time:00:00.00 | Mem:0.00M, Peak:0.00M | Scene, ViewLayer | Synchronizing object | GEO-native-regional-fracture-2-panel-13-section-11-band-0
Fra:1 Mem:32.94M (Peak 32.94M) | Time:00:00.00 | Mem:0.00M, Peak:0.00M | Scene, ViewLayer | Synchronizing object | GEO-native-regional-fracture-2-panel-13-section-11-band-1
Fra:1 Mem:32.94M (Peak 32.94M) | Time:00:00.00 | Mem:0.00M, Peak:0.00M | Scene, ViewLayer | Synchronizing object | GEO-native-regional-fracture-2-panel-13-section-14-band-0
Fra:1 Mem:32.94M (Peak 32.94M) | Time:00:00.00 | Mem:0.00M, Peak:0.00M | Scene, ViewLayer | Synchronizing object | GEO-native-regional-fracture-2-panel-13-section-14-band-1
Fra:1 Mem:32.94M (Peak 32.94M) | Time:00:00.00 | Mem:0.00M, Peak:0.00M | Scene, ViewLayer | Synchronizing object | GEO-native-regional-fracture-1-panel-22-section-14-band-2
Fra:1 Mem:32.94M (Peak 32.94M) | Time:00:00.00 | Mem:0.00M, Peak:0.00M | Scene, ViewLayer | Synchronizing object | GEO-native-regional-fracture-1-panel-22-section-15-band-0
Fra:1 Mem:32.94M (Peak 32.94M) | Time:00:00.00 | Mem:0.00M, Peak:0.00M | Scene, ViewLayer | Synchronizing object | GEO-native-regional-fracture-1-panel-22-section-15-band-1
Fra:1 Mem:32.94M (Peak 32.94M) | Time:00:00.00 | Mem:0.00M, Peak:0.00M | Scene, ViewLayer | Synchronizing object | GEO-native-regional-fracture-1-panel-22-section-15-band-2
Fra:1 Mem:32.95M (Peak 32.95M) | Time:00:00.00 | Mem:0.00M, Peak:0.00M | Scene, ViewLayer | Synchronizing object | GEO-native-regional-fracture-1-panel-22-section-16-band-0
Fra:1 Mem:32.95M (Peak 32.95M) | Time:00:00.00 | Mem:0.00M, Peak:0.00M | Scene, ViewLayer | Synchronizing object | GEO-native-regional-fracture-0-panel-23-section-2-band-2
Fra:1 Mem:32.95M (Peak 32.95M) | Time:00:00.00 | Mem:0.00M, Peak:0.00M | Scene, ViewLayer | Synchronizing object | GEO-native-regional-fracture-0-panel-23-section-3-band-1
Fra:1 Mem:32.95M (Peak 32.95M) | Time:00:00.00 | Mem:0.00M, Peak:0.00M | Scene, ViewLayer | Synchronizing object | GEO-native-regional-fracture-0-panel-23-section-3-band-2
Fra:1 Mem:32.95M (Peak 32.95M) | Time:00:00.00 | Mem:0.00M, Peak:0.00M | Scene, ViewLayer | Synchronizing object | GEO-native-regional-fracture-0-panel-23-section-4-band-2
Fra:1 Mem:32.95M (Peak 32.95M) | Time:00:00.00 | Mem:0.00M, Peak:0.00M | Scene, ViewLayer | Synchronizing object | GEO-native-regional-fracture-0-panel-23-section-5-band-1
Fra:1 Mem:32.96M (Peak 32.96M) | Time:00:00.00 | Mem:0.00M, Peak:0.00M | Scene, ViewLayer | Synchronizing object | GEO-native-regional-fracture-0-panel-23-section-5-band-2
Fra:1 Mem:32.96M (Peak 32.96M) | Time:00:00.00 | Mem:0.00M, Peak:0.00M | Scene, ViewLayer | Synchronizing object | GEO-native-regional-fracture-0-panel-23-section-6-band-1
Fra:1 Mem:32.96M (Peak 32.96M) | Time:00:00.00 | Mem:0.00M, Peak:0.00M | Scene, ViewLayer | Synchronizing object | GEO-native-regional-fracture-0-panel-23-section-6-band-2
Fra:1 Mem:32.96M (Peak 32.96M) | Time:00:00.00 | Mem:0.00M, Peak:0.00M | Scene, ViewLayer | Synchronizing object | GEO-native-regional-fracture-1-panel-24-section-10-band-0
Fra:1 Mem:32.96M (Peak 32.96M) | Time:00:00.00 | Mem:0.00M, Peak:0.00M | Scene, ViewLayer | Synchronizing object | GEO-native-regional-fracture-1-panel-24-section-10-band-1
Fra:1 Mem:32.96M (Peak 32.96M) | Time:00:00.00 | Mem:0.00M, Peak:0.00M | Scene, ViewLayer | Synchronizing object | GEO-native-regional-fracture-1-panel-24-section-10-band-2
Fra:1 Mem:32.96M (Peak 32.96M) | Time:00:00.00 | Mem:0.00M, Peak:0.00M | Scene, ViewLayer | Synchronizing object | GEO-native-regional-fracture-1-panel-24-section-11-band-0
Fra:1 Mem:32.97M (Peak 32.97M) | Time:00:00.00 | Mem:0.00M, Peak:0.00M | Scene, ViewLayer | Synchronizing object | GEO-native-regional-fracture-1-panel-24-section-11-band-1
Fra:1 Mem:32.97M (Peak 32.97M) | Time:00:00.00 | Mem:0.00M, Peak:0.00M | Scene, ViewLayer | Synchronizing object | GEO-native-regional-fracture-1-panel-24-section-11-band-2
Fra:1 Mem:32.97M (Peak 32.97M) | Time:00:00.00 | Mem:0.00M, Peak:0.00M | Scene, ViewLayer | Synchronizing object | GEO-native-regional-fracture-1-panel-24-section-14-band-0
Fra:1 Mem:32.97M (Peak 32.97M) | Time:00:00.00 | Mem:0.00M, Peak:0.00M | Scene, ViewLayer | Synchronizing object | GEO-native-regional-fracture-1-panel-24-section-14-band-1
Fra:1 Mem:32.97M (Peak 32.97M) | Time:00:00.00 | Mem:0.00M, Peak:0.00M | Scene, ViewLayer | Synchronizing object | GEO-native-regional-fracture-1-panel-24-section-15-band-0
Fra:1 Mem:32.97M (Peak 32.97M) | Time:00:00.00 | Mem:0.00M, Peak:0.00M | Scene, ViewLayer | Synchronizing object | GEO-native-regional-fracture-1-panel-25-section-10-band-2
Fra:1 Mem:32.97M (Peak 32.97M) | Time:00:00.00 | Mem:0.00M, Peak:0.00M | Scene, ViewLayer | Synchronizing object | GEO-native-regional-fracture-1-panel-25-section-11-band-2
Fra:1 Mem:32.97M (Peak 32.97M) | Time:00:00.00 | Mem:0.00M, Peak:0.00M | Scene, ViewLayer | Synchronizing object | GEO-native-regional-fracture-1-panel-25-section-14-band-2
Fra:1 Mem:32.98M (Peak 32.98M) | Time:00:00.00 | Mem:0.00M, Peak:0.00M | Scene, ViewLayer | Synchronizing object | GEO-native-regional-fracture-1-panel-25-section-15-band-2
Fra:1 Mem:32.98M (Peak 32.98M) | Time:00:00.00 | Mem:0.00M, Peak:0.00M | Scene, ViewLayer | Synchronizing object | GEO-native-regional-fracture-0-panel-26-section-6-band-0
Fra:1 Mem:32.98M (Peak 32.98M) | Time:00:00.00 | Mem:0.00M, Peak:0.00M | Scene, ViewLayer | Synchronizing object | GEO-native-regional-fracture-0-panel-26-section-6-band-1
Fra:1 Mem:32.98M (Peak 32.98M) | Time:00:00.00 | Mem:0.00M, Peak:0.00M | Scene, ViewLayer | Synchronizing object | GEO-native-regional-fracture-0-panel-26-section-6-band-2
Fra:1 Mem:32.98M (Peak 32.98M) | Time:00:00.00 | Mem:0.00M, Peak:0.00M | Scene, ViewLayer | Synchronizing object | GEO-native-regional-fracture-0-panel-26-section-7-band-1
Fra:1 Mem:32.98M (Peak 32.98M) | Time:00:00.00 | Mem:0.00M, Peak:0.00M | Scene, ViewLayer | Synchronizing object | GEO-native-regional-fracture-0-panel-26-section-7-band-2
Fra:1 Mem:32.99M (Peak 32.99M) | Time:00:00.00 | Mem:0.00M, Peak:0.00M | Scene, ViewLayer | Synchronizing object | GEO-native-regional-fracture-0-panel-26-section-8-band-1
Fra:1 Mem:32.99M (Peak 32.99M) | Time:00:00.00 | Mem:0.00M, Peak:0.00M | Scene, ViewLayer | Synchronizing object | GEO-native-regional-fracture-0-panel-26-section-8-band-2
Fra:1 Mem:32.99M (Peak 32.99M) | Time:00:00.00 | Mem:0.00M, Peak:0.00M | Scene, ViewLayer | Synchronizing object | GEO-native-regional-fracture-0-panel-26-section-9-band-2
Fra:1 Mem:32.99M (Peak 32.99M) | Time:00:00.00 | Mem:0.00M, Peak:0.00M | Scene, ViewLayer | Synchronizing object | GEO-native-regional-fracture-0-panel-26-section-10-band-1
Fra:1 Mem:32.99M (Peak 32.99M) | Time:00:00.00 | Mem:0.00M, Peak:0.00M | Scene, ViewLayer | Synchronizing object | GEO-native-regional-fracture-0-panel-26-section-10-band-2
Fra:1 Mem:33.00M (Peak 33.00M) | Time:00:00.00 | Mem:0.00M, Peak:0.00M | Scene, ViewLayer | Synchronizing object | GEO-native-regional-fracture-0-panel-27-section-2-band-0
Fra:1 Mem:33.00M (Peak 33.00M) | Time:00:00.00 | Mem:0.00M, Peak:0.00M | Scene, ViewLayer | Synchronizing object | GEO-native-regional-fracture-0-panel-27-section-2-band-1
Fra:1 Mem:33.00M (Peak 33.00M) | Time:00:00.00 | Mem:0.00M, Peak:0.00M | Scene, ViewLayer | Synchronizing object | GEO-native-regional-fracture-0-panel-27-section-3-band-0
Fra:1 Mem:33.00M (Peak 33.00M) | Time:00:00.00 | Mem:0.00M, Peak:0.00M | Scene, ViewLayer | Synchronizing object | GEO-native-regional-fracture-0-panel-27-section-3-band-1
Fra:1 Mem:33.00M (Peak 33.00M) | Time:00:00.00 | Mem:0.00M, Peak:0.00M | Scene, ViewLayer | Synchronizing object | GEO-native-regional-fracture-0-panel-27-section-4-band-1
Fra:1 Mem:33.00M (Peak 33.00M) | Time:00:00.00 | Mem:0.00M, Peak:0.00M | Scene, ViewLayer | Synchronizing object | GEO-native-regional-fracture-0-panel-27-section-4-band-2
Fra:1 Mem:33.00M (Peak 33.00M) | Time:00:00.00 | Mem:0.00M, Peak:0.00M | Scene, ViewLayer | Synchronizing object | GEO-native-regional-fracture-0-panel-85-section-11-band-2
Fra:1 Mem:33.00M (Peak 33.00M) | Time:00:00.00 | Mem:0.00M, Peak:0.00M | Scene, ViewLayer | Synchronizing object | GEO-native-regional-fracture-0-panel-27-section-5-band-1
Fra:1 Mem:33.01M (Peak 33.01M) | Time:00:00.00 | Mem:0.00M, Peak:0.00M | Scene, ViewLayer | Synchronizing object | GEO-native-regional-fracture-0-panel-27-section-6-band-0
Fra:1 Mem:33.01M (Peak 33.01M) | Time:00:00.00 | Mem:0.00M, Peak:0.00M | Scene, ViewLayer | Synchronizing object | GEO-native-regional-fracture-0-panel-27-section-6-band-1
Fra:1 Mem:33.01M (Peak 33.01M) | Time:00:00.00 | Mem:0.00M, Peak:0.00M | Scene, ViewLayer | Synchronizing object | GEO-native-regional-fracture-2-panel-29-section-1-band-0
Fra:1 Mem:33.01M (Peak 33.01M) | Time:00:00.00 | Mem:0.00M, Peak:0.00M | Scene, ViewLayer | Synchronizing object | GEO-native-regional-fracture-0-panel-85-section-10-band-1
Fra:1 Mem:33.01M (Peak 33.01M) | Time:00:00.01 | Mem:0.00M, Peak:0.00M | Scene, ViewLayer | Synchronizing object | GEO-native-regional-fracture-2-panel-29-section-2-band-0
Fra:1 Mem:33.01M (Peak 33.01M) | Time:00:00.01 | Mem:0.00M, Peak:0.00M | Scene, ViewLayer | Synchronizing object | GEO-native-regional-fracture-0-panel-85-section-10-band-0
Fra:1 Mem:33.01M (Peak 33.01M) | Time:00:00.01 | Mem:0.00M, Peak:0.00M | Scene, ViewLayer | Synchronizing object | GEO-native-regional-fracture-2-panel-29-section-2-band-1
Fra:1 Mem:33.01M (Peak 33.01M) | Time:00:00.01 | Mem:0.00M, Peak:0.00M | Scene, ViewLayer | Synchronizing object | GEO-native-regional-fracture-1-panel-84-section-10-band-2
Fra:1 Mem:33.01M (Peak 33.01M) | Time:00:00.01 | Mem:0.00M, Peak:0.00M | Scene, ViewLayer | Synchronizing object | GEO-native-regional-fracture-2-panel-30-section-1-band-0
Fra:1 Mem:33.01M (Peak 33.01M) | Time:00:00.01 | Mem:0.00M, Peak:0.00M | Scene, ViewLayer | Synchronizing object | GEO-native-regional-fracture-1-panel-84-section-10-band-1
Fra:1 Mem:33.01M (Peak 33.01M) | Time:00:00.01 | Mem:0.00M, Peak:0.00M | Scene, ViewLayer | Synchronizing object | GEO-native-regional-fracture-2-panel-30-section-1-band-1
Fra:1 Mem:33.02M (Peak 33.02M) | Time:00:00.01 | Mem:0.00M, Peak:0.00M | Scene, ViewLayer | Synchronizing object | GEO-native-regional-fracture-1-panel-84-section-10-band-0
Fra:1 Mem:33.02M (Peak 33.02M) | Time:00:00.01 | Mem:0.00M, Peak:0.00M | Scene, ViewLayer | Synchronizing object | GEO-native-regional-fracture-2-panel-30-section-1-band-2
Fra:1 Mem:33.02M (Peak 33.02M) | Time:00:00.01 | Mem:0.00M, Peak:0.00M | Scene, ViewLayer | Synchronizing object | GEO-native-regional-fracture-1-panel-83-section-11-band-0
Fra:1 Mem:33.02M (Peak 33.02M) | Time:00:00.01 | Mem:0.00M, Peak:0.00M | Scene, ViewLayer | Synchronizing object | GEO-native-regional-fracture-2-panel-30-section-2-band-0
Fra:1 Mem:33.02M (Peak 33.02M) | Time:00:00.01 | Mem:0.00M, Peak:0.00M | Scene, ViewLayer | Synchronizing object | GEO-native-regional-fracture-1-panel-83-section-10-band-0
Fra:1 Mem:33.02M (Peak 33.02M) | Time:00:00.01 | Mem:0.00M, Peak:0.00M | Scene, ViewLayer | Synchronizing object | GEO-native-regional-fracture-2-panel-30-section-2-band-1
Fra:1 Mem:33.02M (Peak 33.02M) | Time:00:00.01 | Mem:0.00M, Peak:0.00M | Scene, ViewLayer | Synchronizing object | GEO-native-regional-fracture-0-panel-81-section-16-band-2
Fra:1 Mem:33.02M (Peak 33.02M) | Time:00:00.01 | Mem:0.00M, Peak:0.00M | Scene, ViewLayer | Synchronizing object | GEO-native-regional-fracture-2-panel-30-section-2-band-2
Fra:1 Mem:33.02M (Peak 33.02M) | Time:00:00.01 | Mem:0.00M, Peak:0.00M | Scene, ViewLayer | Synchronizing object | GEO-native-regional-fracture-0-panel-81-section-15-band-2
Fra:1 Mem:33.02M (Peak 33.02M) | Time:00:00.01 | Mem:0.00M, Peak:0.00M | Scene, ViewLayer | Synchronizing object | GEO-native-regional-fracture-2-panel-30-section-3-band-2
Fra:1 Mem:33.02M (Peak 33.02M) | Time:00:00.01 | Mem:0.00M, Peak:0.00M | Scene, ViewLayer | Synchronizing object | GEO-native-regional-fracture-0-panel-81-section-15-band-1
Fra:1 Mem:33.03M (Peak 33.03M) | Time:00:00.01 | Mem:0.00M, Peak:0.00M | Scene, ViewLayer | Synchronizing object | GEO-native-regional-fracture-2-panel-32-section-13-band-0
Fra:1 Mem:33.03M (Peak 33.03M) | Time:00:00.01 | Mem:0.00M, Peak:0.00M | Scene, ViewLayer | Synchronizing object | GEO-native-regional-fracture-0-panel-81-section-14-band-2
Fra:1 Mem:33.03M (Peak 33.03M) | Time:00:00.01 | Mem:0.00M, Peak:0.00M | Scene, ViewLayer | Synchronizing object | GEO-native-regional-fracture-2-panel-32-section-1-band-0
Fra:1 Mem:33.03M (Peak 33.03M) | Time:00:00.01 | Mem:0.00M, Peak:0.00M | Scene, ViewLayer | Synchronizing object | GEO-native-regional-fracture-0-panel-81-section-14-band-1
Fra:1 Mem:33.03M (Peak 33.03M) | Time:00:00.01 | Mem:0.00M, Peak:0.00M | Scene, ViewLayer | Synchronizing object | GEO-native-regional-fracture-2-panel-33-section-13-band-0
Fra:1 Mem:33.03M (Peak 33.03M) | Time:00:00.01 | Mem:0.00M, Peak:0.00M | Scene, ViewLayer | Synchronizing object | GEO-native-regional-fracture-0-panel-81-section-14-band-0
Fra:1 Mem:33.03M (Peak 33.03M) | Time:00:00.01 | Mem:0.00M, Peak:0.00M | Scene, ViewLayer | Synchronizing object | GEO-native-regional-fracture-2-panel-33-section-13-band-1
Fra:1 Mem:33.03M (Peak 33.03M) | Time:00:00.01 | Mem:0.00M, Peak:0.00M | Scene, ViewLayer | Synchronizing object | GEO-native-regional-fracture-0-panel-81-section-11-band-2
Fra:1 Mem:33.03M (Peak 33.03M) | Time:00:00.01 | Mem:0.00M, Peak:0.00M | Scene, ViewLayer | Synchronizing object | GEO-native-regional-fracture-2-panel-33-section-13-band-2
Fra:1 Mem:33.04M (Peak 33.04M) | Time:00:00.01 | Mem:0.00M, Peak:0.00M | Scene, ViewLayer | Synchronizing object | GEO-native-regional-fracture-0-panel-81-section-11-band-1
Fra:1 Mem:33.04M (Peak 33.04M) | Time:00:00.01 | Mem:0.00M, Peak:0.00M | Scene, ViewLayer | Synchronizing object | GEO-native-regional-fracture-2-panel-33-section-1-band-0
Fra:1 Mem:33.04M (Peak 33.04M) | Time:00:00.01 | Mem:0.00M, Peak:0.00M | Scene, ViewLayer | Synchronizing object | GEO-native-regional-fracture-0-panel-81-section-11-band-0
Fra:1 Mem:33.04M (Peak 33.04M) | Time:00:00.01 | Mem:0.00M, Peak:0.00M | Scene, ViewLayer | Synchronizing object | GEO-native-regional-fracture-2-panel-33-section-1-band-1
Fra:1 Mem:33.04M (Peak 33.04M) | Time:00:00.01 | Mem:0.00M, Peak:0.00M | Scene, ViewLayer | Synchronizing object | GEO-native-regional-fracture-1-panel-80-section-8-band-2
Fra:1 Mem:33.04M (Peak 33.04M) | Time:00:00.01 | Mem:0.00M, Peak:0.00M | Scene, ViewLayer | Synchronizing object | GEO-native-regional-fracture-2-panel-33-section-1-band-2
Fra:1 Mem:33.04M (Peak 33.04M) | Time:00:00.01 | Mem:0.00M, Peak:0.00M | Scene, ViewLayer | Synchronizing object | GEO-native-regional-fracture-1-panel-80-section-7-band-2
Fra:1 Mem:33.04M (Peak 33.04M) | Time:00:00.01 | Mem:0.00M, Peak:0.00M | Scene, ViewLayer | Synchronizing object | GEO-native-regional-fracture-2-panel-33-section-2-band-2
Fra:1 Mem:33.04M (Peak 33.04M) | Time:00:00.01 | Mem:0.00M, Peak:0.00M | Scene, ViewLayer | Synchronizing object | GEO-native-regional-fracture-1-panel-80-section-6-band-2
Fra:1 Mem:33.04M (Peak 33.04M) | Time:00:00.01 | Mem:0.00M, Peak:0.00M | Scene, ViewLayer | Synchronizing object | GEO-native-regional-fracture-2-panel-34-section-1-band-2
Fra:1 Mem:33.05M (Peak 33.05M) | Time:00:00.01 | Mem:0.00M, Peak:0.00M | Scene, ViewLayer | Synchronizing object | GEO-native-regional-fracture-1-panel-80-section-6-band-1
Fra:1 Mem:33.05M (Peak 33.05M) | Time:00:00.01 | Mem:0.00M, Peak:0.00M | Scene, ViewLayer | Synchronizing object | GEO-native-regional-fracture-2-panel-34-section-2-band-2
Fra:1 Mem:33.05M (Peak 33.05M) | Time:00:00.01 | Mem:0.00M, Peak:0.00M | Scene, ViewLayer | Synchronizing object | GEO-native-regional-fracture-1-panel-80-section-5-band-2
Fra:1 Mem:33.05M (Peak 33.05M) | Time:00:00.01 | Mem:0.00M, Peak:0.00M | Scene, ViewLayer | Synchronizing object | GEO-native-regional-fracture-2-panel-34-section-3-band-2
Fra:1 Mem:33.05M (Peak 33.05M) | Time:00:00.01 | Mem:0.00M, Peak:0.00M | Scene, ViewLayer | Synchronizing object | GEO-native-regional-fracture-1-panel-80-section-5-band-1
Fra:1 Mem:33.05M (Peak 33.05M) | Time:00:00.01 | Mem:0.00M, Peak:0.00M | Scene, ViewLayer | Synchronizing object | GEO-native-regional-fracture-2-panel-34-section-4-band-2
Fra:1 Mem:33.05M (Peak 33.05M) | Time:00:00.01 | Mem:0.00M, Peak:0.00M | Scene, ViewLayer | Synchronizing object | GEO-native-regional-fracture-1-panel-79-section-8-band-2
Fra:1 Mem:33.05M (Peak 33.05M) | Time:00:00.01 | Mem:0.00M, Peak:0.00M | Scene, ViewLayer | Synchronizing object | GEO-native-regional-fracture-1-panel-41-section-11-band-0
Fra:1 Mem:33.05M (Peak 33.05M) | Time:00:00.01 | Mem:0.00M, Peak:0.00M | Scene, ViewLayer | Synchronizing object | GEO-native-regional-fracture-1-panel-79-section-8-band-1
Fra:1 Mem:33.05M (Peak 33.05M) | Time:00:00.01 | Mem:0.00M, Peak:0.00M | Scene, ViewLayer | Synchronizing object | GEO-native-regional-fracture-1-panel-41-section-11-band-1
Fra:1 Mem:33.06M (Peak 33.06M) | Time:00:00.01 | Mem:0.00M, Peak:0.00M | Scene, ViewLayer | Synchronizing object | GEO-native-regional-fracture-1-panel-79-section-8-band-0
Fra:1 Mem:33.06M (Peak 33.06M) | Time:00:00.01 | Mem:0.00M, Peak:0.00M | Scene, ViewLayer | Synchronizing object | GEO-native-regional-fracture-1-panel-41-section-11-band-2
Fra:1 Mem:33.06M (Peak 33.06M) | Time:00:00.01 | Mem:0.00M, Peak:0.00M | Scene, ViewLayer | Synchronizing object | GEO-native-regional-fracture-1-panel-79-section-7-band-2
Fra:1 Mem:33.06M (Peak 33.06M) | Time:00:00.01 | Mem:0.00M, Peak:0.00M | Scene, ViewLayer | Synchronizing object | GEO-native-regional-fracture-1-panel-41-section-14-band-0
Fra:1 Mem:33.06M (Peak 33.06M) | Time:00:00.01 | Mem:0.00M, Peak:0.00M | Scene, ViewLayer | Synchronizing object | GEO-native-regional-fracture-1-panel-79-section-7-band-1
Fra:1 Mem:33.06M (Peak 33.06M) | Time:00:00.01 | Mem:0.00M, Peak:0.00M | Scene, ViewLayer | Synchronizing object | GEO-native-regional-fracture-1-panel-41-section-14-band-1
Fra:1 Mem:33.06M (Peak 33.06M) | Time:00:00.01 | Mem:0.00M, Peak:0.00M | Scene, ViewLayer | Synchronizing object | GEO-native-regional-fracture-1-panel-79-section-7-band-0
Fra:1 Mem:33.06M (Peak 33.06M) | Time:00:00.01 | Mem:0.00M, Peak:0.00M | Scene, ViewLayer | Synchronizing object | GEO-native-regional-fracture-1-panel-41-section-14-band-2
Fra:1 Mem:33.06M (Peak 33.06M) | Time:00:00.01 | Mem:0.00M, Peak:0.00M | Scene, ViewLayer | Synchronizing object | GEO-native-regional-fracture-1-panel-79-section-6-band-1
Fra:1 Mem:33.07M (Peak 33.07M) | Time:00:00.01 | Mem:0.00M, Peak:0.00M | Scene, ViewLayer | Synchronizing object | GEO-native-regional-fracture-1-panel-41-section-15-band-0
Fra:1 Mem:33.07M (Peak 33.07M) | Time:00:00.01 | Mem:0.00M, Peak:0.00M | Scene, ViewLayer | Synchronizing object | GEO-native-regional-fracture-1-panel-79-section-6-band-0
Fra:1 Mem:33.07M (Peak 33.07M) | Time:00:00.01 | Mem:0.00M, Peak:0.00M | Scene, ViewLayer | Synchronizing object | GEO-native-regional-fracture-1-panel-41-section-15-band-1
Fra:1 Mem:33.07M (Peak 33.07M) | Time:00:00.01 | Mem:0.00M, Peak:0.00M | Scene, ViewLayer | Synchronizing object | GEO-native-regional-fracture-1-panel-79-section-5-band-1
Fra:1 Mem:33.07M (Peak 33.07M) | Time:00:00.01 | Mem:0.00M, Peak:0.00M | Scene, ViewLayer | Synchronizing object | GEO-native-regional-fracture-2-panel-43-section-11-band-1
Fra:1 Mem:33.07M (Peak 33.07M) | Time:00:00.01 | Mem:0.00M, Peak:0.00M | Scene, ViewLayer | Synchronizing object | GEO-native-regional-fracture-1-panel-79-section-5-band-0
Fra:1 Mem:33.07M (Peak 33.07M) | Time:00:00.01 | Mem:0.00M, Peak:0.00M | Scene, ViewLayer | Synchronizing object | GEO-native-regional-fracture-2-panel-43-section-11-band-2
Fra:1 Mem:33.07M (Peak 33.07M) | Time:00:00.01 | Mem:0.00M, Peak:0.00M | Scene, ViewLayer | Synchronizing object | GEO-native-regional-fracture-0-panel-78-section-14-band-2
Fra:1 Mem:33.07M (Peak 33.07M) | Time:00:00.01 | Mem:0.00M, Peak:0.00M | Scene, ViewLayer | Synchronizing object | GEO-native-regional-fracture-2-panel-43-section-14-band-1
Fra:1 Mem:33.07M (Peak 33.07M) | Time:00:00.01 | Mem:0.00M, Peak:0.00M | Scene, ViewLayer | Synchronizing object | GEO-native-regional-fracture-0-panel-78-section-14-band-1
Fra:1 Mem:33.07M (Peak 33.07M) | Time:00:00.01 | Mem:0.00M, Peak:0.00M | Scene, ViewLayer | Synchronizing object | GEO-native-regional-fracture-2-panel-43-section-14-band-2
Fra:1 Mem:33.08M (Peak 33.08M) | Time:00:00.01 | Mem:0.00M, Peak:0.00M | Scene, ViewLayer | Synchronizing object | GEO-native-regional-fracture-0-panel-78-section-14-band-0
Fra:1 Mem:33.08M (Peak 33.08M) | Time:00:00.01 | Mem:0.00M, Peak:0.00M | Scene, ViewLayer | Synchronizing object | GEO-native-regional-fracture-2-panel-43-section-15-band-1
Fra:1 Mem:33.08M (Peak 33.08M) | Time:00:00.01 | Mem:0.00M, Peak:0.00M | Scene, ViewLayer | Synchronizing object | GEO-native-regional-fracture-1-panel-76-section-5-band-1
Fra:1 Mem:33.08M (Peak 33.08M) | Time:00:00.01 | Mem:0.00M, Peak:0.00M | Scene, ViewLayer | Synchronizing object | GEO-native-regional-fracture-2-panel-43-section-15-band-2
Fra:1 Mem:33.08M (Peak 33.08M) | Time:00:00.01 | Mem:0.00M, Peak:0.00M | Scene, ViewLayer | Synchronizing object | GEO-native-regional-fracture-1-panel-76-section-5-band-0
Fra:1 Mem:33.08M (Peak 33.08M) | Time:00:00.01 | Mem:0.00M, Peak:0.00M | Scene, ViewLayer | Synchronizing object | GEO-native-regional-fracture-2-panel-44-section-14-band-0
Fra:1 Mem:33.08M (Peak 33.08M) | Time:00:00.01 | Mem:0.00M, Peak:0.00M | Scene, ViewLayer | Synchronizing object | GEO-native-regional-fracture-1-panel-76-section-4-band-2
Fra:1 Mem:33.08M (Peak 33.08M) | Time:00:00.01 | Mem:0.00M, Peak:0.00M | Scene, ViewLayer | Synchronizing object | GEO-native-regional-fracture-2-panel-44-section-15-band-0
Fra:1 Mem:33.09M (Peak 33.09M) | Time:00:00.01 | Mem:0.00M, Peak:0.00M | Scene, ViewLayer | Synchronizing object | GEO-native-regional-fracture-1-panel-76-section-4-band-1
Fra:1 Mem:33.09M (Peak 33.09M) | Time:00:00.01 | Mem:0.00M, Peak:0.00M | Scene, ViewLayer | Synchronizing object | GEO-native-regional-fracture-2-panel-44-section-15-band-1
Fra:1 Mem:33.09M (Peak 33.09M) | Time:00:00.01 | Mem:0.00M, Peak:0.00M | Scene, ViewLayer | Synchronizing object | GEO-native-regional-fracture-1-panel-76-section-4-band-0
Fra:1 Mem:33.09M (Peak 33.09M) | Time:00:00.01 | Mem:0.00M, Peak:0.00M | Scene, ViewLayer | Synchronizing object | GEO-native-regional-fracture-2-panel-44-section-15-band-2
Fra:1 Mem:33.09M (Peak 33.09M) | Time:00:00.01 | Mem:0.00M, Peak:0.00M | Scene, ViewLayer | Synchronizing object | GEO-native-regional-fracture-1-panel-76-section-3-band-1
Fra:1 Mem:33.09M (Peak 33.09M) | Time:00:00.01 | Mem:0.00M, Peak:0.00M | Scene, ViewLayer | Synchronizing object | GEO-native-regional-fracture-2-panel-44-section-16-band-2
Fra:1 Mem:33.09M (Peak 33.09M) | Time:00:00.01 | Mem:0.00M, Peak:0.00M | Scene, ViewLayer | Synchronizing object | GEO-native-regional-fracture-1-panel-76-section-3-band-0
Fra:1 Mem:33.09M (Peak 33.09M) | Time:00:00.01 | Mem:0.00M, Peak:0.00M | Scene, ViewLayer | Synchronizing object | GEO-native-regional-fracture-2-panel-47-section-10-band-2
Fra:1 Mem:33.09M (Peak 33.09M) | Time:00:00.01 | Mem:0.00M, Peak:0.00M | Scene, ViewLayer | Synchronizing object | GEO-native-regional-fracture-1-panel-75-section-6-band-0
Fra:1 Mem:33.09M (Peak 33.09M) | Time:00:00.01 | Mem:0.00M, Peak:0.00M | Scene, ViewLayer | Synchronizing object | GEO-native-regional-fracture-2-panel-47-section-11-band-2
Fra:1 Mem:33.09M (Peak 33.09M) | Time:00:00.01 | Mem:0.00M, Peak:0.00M | Scene, ViewLayer | Synchronizing object | GEO-native-regional-fracture-1-panel-75-section-5-band-0
Fra:1 Mem:33.10M (Peak 33.10M) | Time:00:00.01 | Mem:0.00M, Peak:0.00M | Scene, ViewLayer | Synchronizing object | GEO-native-regional-fracture-2-panel-47-section-14-band-2
Fra:1 Mem:33.10M (Peak 33.10M) | Time:00:00.01 | Mem:0.00M, Peak:0.00M | Scene, ViewLayer | Synchronizing object | GEO-native-regional-fracture-1-panel-75-section-4-band-0
Fra:1 Mem:33.10M (Peak 33.10M) | Time:00:00.01 | Mem:0.00M, Peak:0.00M | Scene, ViewLayer | Synchronizing object | GEO-native-regional-fracture-2-panel-47-section-15-band-1
Fra:1 Mem:33.10M (Peak 33.10M) | Time:00:00.01 | Mem:0.00M, Peak:0.00M | Scene, ViewLayer | Synchronizing object | GEO-native-regional-fracture-1-panel-75-section-3-band-0
Fra:1 Mem:33.10M (Peak 33.10M) | Time:00:00.01 | Mem:0.00M, Peak:0.00M | Scene, ViewLayer | Synchronizing object | GEO-native-regional-fracture-2-panel-47-section-15-band-2
Fra:1 Mem:33.10M (Peak 33.10M) | Time:00:00.01 | Mem:0.00M, Peak:0.00M | Scene, ViewLayer | Synchronizing object | GEO-native-regional-fracture-0-panel-74-section-14-band-2
Fra:1 Mem:33.10M (Peak 33.10M) | Time:00:00.01 | Mem:0.00M, Peak:0.00M | Scene, ViewLayer | Synchronizing object | GEO-native-regional-fracture-0-panel-48-section-2-band-0
Fra:1 Mem:33.10M (Peak 33.10M) | Time:00:00.01 | Mem:0.00M, Peak:0.00M | Scene, ViewLayer | Synchronizing object | GEO-native-regional-fracture-0-panel-74-section-14-band-1
Fra:1 Mem:33.10M (Peak 33.10M) | Time:00:00.01 | Mem:0.00M, Peak:0.00M | Scene, ViewLayer | Synchronizing object | GEO-native-regional-fracture-0-panel-48-section-3-band-0
Fra:1 Mem:33.10M (Peak 33.10M) | Time:00:00.01 | Mem:0.00M, Peak:0.00M | Scene, ViewLayer | Synchronizing object | GEO-native-regional-fracture-0-panel-74-section-11-band-2
Fra:1 Mem:33.11M (Peak 33.11M) | Time:00:00.01 | Mem:0.00M, Peak:0.00M | Scene, ViewLayer | Synchronizing object | GEO-native-regional-fracture-0-panel-48-section-4-band-0
Fra:1 Mem:33.11M (Peak 33.11M) | Time:00:00.01 | Mem:0.00M, Peak:0.00M | Scene, ViewLayer | Synchronizing object | GEO-native-regional-fracture-0-panel-74-section-10-band-2
Fra:1 Mem:33.11M (Peak 33.11M) | Time:00:00.01 | Mem:0.00M, Peak:0.00M | Scene, ViewLayer | Synchronizing object | GEO-native-regional-fracture-0-panel-48-section-4-band-1
Fra:1 Mem:33.11M (Peak 33.11M) | Time:00:00.01 | Mem:0.00M, Peak:0.00M | Scene, ViewLayer | Synchronizing object | GEO-native-regional-fracture-1-panel-73-section-3-band-1
Fra:1 Mem:33.11M (Peak 33.11M) | Time:00:00.01 | Mem:0.00M, Peak:0.00M | Scene, ViewLayer | Synchronizing object | GEO-native-regional-fracture-1-panel-52-section-5-band-2
Fra:1 Mem:33.11M (Peak 33.11M) | Time:00:00.01 | Mem:0.00M, Peak:0.00M | Scene, ViewLayer | Synchronizing object | GEO-native-regional-fracture-1-panel-73-section-3-band-0
Fra:1 Mem:33.11M (Peak 33.11M) | Time:00:00.01 | Mem:0.00M, Peak:0.00M | Scene, ViewLayer | Synchronizing object | GEO-native-regional-fracture-1-panel-52-section-6-band-2
Fra:1 Mem:33.11M (Peak 33.11M) | Time:00:00.01 | Mem:0.00M, Peak:0.00M | Scene, ViewLayer | Synchronizing object | GEO-native-regional-fracture-1-panel-73-section-2-band-1
Fra:1 Mem:33.11M (Peak 33.11M) | Time:00:00.01 | Mem:0.00M, Peak:0.00M | Scene, ViewLayer | Synchronizing object | GEO-native-regional-fracture-1-panel-52-section-7-band-2
Fra:1 Mem:33.11M (Peak 33.11M) | Time:00:00.01 | Mem:0.00M, Peak:0.00M | Scene, ViewLayer | Synchronizing object | GEO-native-regional-fracture-1-panel-73-section-2-band-0
Fra:1 Mem:33.11M (Peak 33.11M) | Time:00:00.01 | Mem:0.00M, Peak:0.00M | Scene, ViewLayer | Synchronizing object | GEO-native-regional-fracture-0-panel-53-section-3-band-0
Fra:1 Mem:33.12M (Peak 33.12M) | Time:00:00.01 | Mem:0.00M, Peak:0.00M | Scene, ViewLayer | Synchronizing object | GEO-native-regional-fracture-0-panel-71-section-2-band-2
Fra:1 Mem:33.12M (Peak 33.12M) | Time:00:00.01 | Mem:0.00M, Peak:0.00M | Scene, ViewLayer | Synchronizing object | GEO-native-regional-fracture-0-panel-53-section-4-band-0
Fra:1 Mem:33.12M (Peak 33.12M) | Time:00:00.01 | Mem:0.00M, Peak:0.00M | Scene, ViewLayer | Synchronizing object | GEO-native-regional-fracture-0-panel-71-section-1-band-2
Fra:1 Mem:33.12M (Peak 33.12M) | Time:00:00.01 | Mem:0.00M, Peak:0.00M | Scene, ViewLayer | Synchronizing object | GEO-native-regional-fracture-0-panel-53-section-5-band-0
Fra:1 Mem:33.12M (Peak 33.12M) | Time:00:00.01 | Mem:0.00M, Peak:0.00M | Scene, ViewLayer | Synchronizing object | GEO-native-regional-fracture-0-panel-71-section-1-band-1
Fra:1 Mem:33.12M (Peak 33.12M) | Time:00:00.01 | Mem:0.00M, Peak:0.00M | Scene, ViewLayer | Synchronizing object | GEO-native-regional-fracture-0-panel-53-section-6-band-0
Fra:1 Mem:33.12M (Peak 33.12M) | Time:00:00.01 | Mem:0.00M, Peak:0.00M | Scene, ViewLayer | Synchronizing object | GEO-native-regional-fracture-0-panel-70-section-3-band-0
Fra:1 Mem:33.13M (Peak 33.13M) | Time:00:00.01 | Mem:0.00M, Peak:0.00M | Scene, ViewLayer | Synchronizing object | GEO-native-regional-fracture-0-panel-70-section-2-band-0
Fra:1 Mem:33.13M (Peak 33.13M) | Time:00:00.01 | Mem:0.00M, Peak:0.00M | Scene, ViewLayer | Synchronizing object | GEO-native-regional-fracture-0-panel-54-section-7-band-0
Fra:1 Mem:33.13M (Peak 33.13M) | Time:00:00.01 | Mem:0.00M, Peak:0.00M | Scene, ViewLayer | Synchronizing object | GEO-native-regional-fracture-1-panel-69-section-5-band-2
Fra:1 Mem:33.13M (Peak 33.13M) | Time:00:00.01 | Mem:0.00M, Peak:0.00M | Scene, ViewLayer | Synchronizing object | GEO-native-regional-fracture-0-panel-54-section-8-band-0
Fra:1 Mem:33.13M (Peak 33.13M) | Time:00:00.01 | Mem:0.00M, Peak:0.00M | Scene, ViewLayer | Synchronizing object | GEO-native-regional-fracture-1-panel-69-section-5-band-1
Fra:1 Mem:33.13M (Peak 33.13M) | Time:00:00.01 | Mem:0.00M, Peak:0.00M | Scene, ViewLayer | Synchronizing object | GEO-native-regional-fracture-0-panel-54-section-8-band-1
Fra:1 Mem:33.13M (Peak 33.13M) | Time:00:00.01 | Mem:0.00M, Peak:0.00M | Scene, ViewLayer | Synchronizing object | GEO-native-regional-fracture-1-panel-69-section-4-band-2
Fra:1 Mem:33.13M (Peak 33.13M) | Time:00:00.01 | Mem:0.00M, Peak:0.00M | Scene, ViewLayer | Synchronizing object | GEO-native-regional-fracture-0-panel-54-section-9-band-0
Fra:1 Mem:33.13M (Peak 33.13M) | Time:00:00.01 | Mem:0.00M, Peak:0.00M | Scene, ViewLayer | Synchronizing object | GEO-native-regional-fracture-1-panel-69-section-4-band-1
Fra:1 Mem:33.13M (Peak 33.13M) | Time:00:00.01 | Mem:0.00M, Peak:0.00M | Scene, ViewLayer | Synchronizing object | GEO-native-regional-fracture-0-panel-54-section-9-band-1
Fra:1 Mem:33.14M (Peak 33.14M) | Time:00:00.01 | Mem:0.00M, Peak:0.00M | Scene, ViewLayer | Synchronizing object | GEO-native-regional-fracture-1-panel-69-section-3-band-2
Fra:1 Mem:33.14M (Peak 33.14M) | Time:00:00.01 | Mem:0.00M, Peak:0.00M | Scene, ViewLayer | Synchronizing object | GEO-native-regional-fracture-0-panel-54-section-10-band-0
Fra:1 Mem:33.14M (Peak 33.14M) | Time:00:00.01 | Mem:0.00M, Peak:0.00M | Scene, ViewLayer | Synchronizing object | GEO-native-regional-fracture-1-panel-69-section-3-band-1
Fra:1 Mem:33.14M (Peak 33.14M) | Time:00:00.01 | Mem:0.00M, Peak:0.00M | Scene, ViewLayer | Synchronizing object | GEO-native-regional-fracture-0-panel-54-section-10-band-1
Fra:1 Mem:33.14M (Peak 33.14M) | Time:00:00.01 | Mem:0.00M, Peak:0.00M | Scene, ViewLayer | Synchronizing object | GEO-native-regional-fracture-1-panel-69-section-2-band-2
Fra:1 Mem:33.14M (Peak 33.14M) | Time:00:00.01 | Mem:0.00M, Peak:0.00M | Scene, ViewLayer | Synchronizing object | GEO-native-regional-fracture-0-panel-55-section-10-band-0
Fra:1 Mem:33.14M (Peak 33.14M) | Time:00:00.01 | Mem:0.00M, Peak:0.00M | Scene, ViewLayer | Synchronizing object | GEO-native-regional-fracture-1-panel-69-section-2-band-1
Fra:1 Mem:33.14M (Peak 33.14M) | Time:00:00.01 | Mem:0.00M, Peak:0.00M | Scene, ViewLayer | Synchronizing object | GEO-native-regional-fracture-0-panel-55-section-11-band-0
Fra:1 Mem:33.14M (Peak 33.14M) | Time:00:00.01 | Mem:0.00M, Peak:0.00M | Scene, ViewLayer | Synchronizing object | GEO-native-regional-fracture-0-panel-68-section-3-band-1
Fra:1 Mem:33.14M (Peak 33.14M) | Time:00:00.01 | Mem:0.00M, Peak:0.00M | Scene, ViewLayer | Synchronizing object | GEO-native-regional-fracture-0-panel-56-section-4-band-0
Fra:1 Mem:33.14M (Peak 33.14M) | Time:00:00.01 | Mem:0.00M, Peak:0.00M | Scene, ViewLayer | Synchronizing object | GEO-native-regional-fracture-0-panel-68-section-3-band-0
Fra:1 Mem:33.14M (Peak 33.14M) | Time:00:00.01 | Mem:0.00M, Peak:0.00M | Scene, ViewLayer | Synchronizing object | GEO-native-regional-fracture-0-panel-56-section-4-band-1
Fra:1 Mem:33.15M (Peak 33.15M) | Time:00:00.01 | Mem:0.00M, Peak:0.00M | Scene, ViewLayer | Synchronizing object | GEO-native-regional-fracture-0-panel-68-section-2-band-2
Fra:1 Mem:33.15M (Peak 33.15M) | Time:00:00.01 | Mem:0.00M, Peak:0.00M | Scene, ViewLayer | Synchronizing object | GEO-native-regional-fracture-0-panel-56-section-5-band-0
Fra:1 Mem:33.15M (Peak 33.15M) | Time:00:00.01 | Mem:0.00M, Peak:0.00M | Scene, ViewLayer | Synchronizing object | GEO-native-regional-fracture-0-panel-68-section-2-band-1
Fra:1 Mem:33.15M (Peak 33.15M) | Time:00:00.01 | Mem:0.00M, Peak:0.00M | Scene, ViewLayer | Synchronizing object | GEO-native-regional-fracture-0-panel-56-section-6-band-0
Fra:1 Mem:33.15M (Peak 33.15M) | Time:00:00.01 | Mem:0.00M, Peak:0.00M | Scene, ViewLayer | Synchronizing object | GEO-native-regional-fracture-0-panel-68-section-2-band-0
Fra:1 Mem:33.15M (Peak 33.15M) | Time:00:00.01 | Mem:0.00M, Peak:0.00M | Scene, ViewLayer | Synchronizing object | GEO-native-regional-fracture-0-panel-57-section-6-band-0
Fra:1 Mem:33.15M (Peak 33.15M) | Time:00:00.01 | Mem:0.00M, Peak:0.00M | Scene, ViewLayer | Synchronizing object | GEO-native-regional-fracture-0-panel-68-section-1-band-0
Fra:1 Mem:33.15M (Peak 33.15M) | Time:00:00.01 | Mem:0.00M, Peak:0.00M | Scene, ViewLayer | Synchronizing object | GEO-native-regional-fracture-0-panel-57-section-7-band-0
Fra:1 Mem:33.16M (Peak 33.16M) | Time:00:00.01 | Mem:0.00M, Peak:0.00M | Scene, ViewLayer | Synchronizing object | GEO-native-regional-fracture-0-panel-65-section-2-band-0
Fra:1 Mem:33.16M (Peak 33.16M) | Time:00:00.01 | Mem:0.00M, Peak:0.00M | Scene, ViewLayer | Synchronizing object | GEO-native-regional-fracture-0-panel-57-section-7-band-1
Fra:1 Mem:33.16M (Peak 33.16M) | Time:00:00.01 | Mem:0.00M, Peak:0.00M | Scene, ViewLayer | Synchronizing object | GEO-native-regional-fracture-0-panel-65-section-1-band-0
Fra:1 Mem:33.16M (Peak 33.16M) | Time:00:00.01 | Mem:0.00M, Peak:0.00M | Scene, ViewLayer | Synchronizing object | GEO-native-regional-fracture-0-panel-57-section-8-band-0
Fra:1 Mem:33.16M (Peak 33.16M) | Time:00:00.01 | Mem:0.00M, Peak:0.00M | Scene, ViewLayer | Synchronizing object | GEO-native-regional-fracture-0-panel-65-section-13-band-0
Fra:1 Mem:33.16M (Peak 33.16M) | Time:00:00.01 | Mem:0.00M, Peak:0.00M | Scene, ViewLayer | Synchronizing object | GEO-native-regional-fracture-0-panel-57-section-8-band-1
Fra:1 Mem:33.16M (Peak 33.16M) | Time:00:00.01 | Mem:0.00M, Peak:0.00M | Scene, ViewLayer | Synchronizing object | GEO-native-regional-fracture-0-panel-59-section-10-band-1
Fra:1 Mem:33.16M (Peak 33.16M) | Time:00:00.01 | Mem:0.00M, Peak:0.00M | Scene, ViewLayer | Synchronizing object | GEO-native-regional-fracture-0-panel-59-section-10-band-0
Fra:1 Mem:33.16M (Peak 33.16M) | Time:00:00.01 | Mem:0.00M, Peak:0.00M | Scene, ViewLayer | Initializing
Fra:1 Mem:32.10M (Peak 33.16M) | Time:00:00.01 | Mem:0.00M, Peak:0.00M | Scene, ViewLayer | Updating Images | Loading Crystal9-material-0
Fra:1 Mem:32.10M (Peak 33.16M) | Time:00:00.01 | Mem:0.00M, Peak:0.00M | Scene, ViewLayer | Updating Images | Loading Crystal9-material-7
Fra:1 Mem:32.62M (Peak 33.16M) | Time:00:00.01 | Mem:0.25M, Peak:0.25M | Scene, ViewLayer | Updating Images | Loading Crystal9-material-6
Fra:1 Mem:32.87M (Peak 33.16M) | Time:00:00.01 | Mem:0.50M, Peak:0.50M | Scene, ViewLayer | Updating Images | Loading Crystal9-roughness-0
Fra:1 Mem:33.62M (Peak 33.62M) | Time:00:00.01 | Mem:0.75M, Peak:0.75M | Scene, ViewLayer | Updating Images | Loading Crystal9-material-5
Fra:1 Mem:33.11M (Peak 33.62M) | Time:00:00.01 | Mem:1.00M, Peak:1.00M | Scene, ViewLayer | Updating Images | Loading Crystal9-material-1
Fra:1 Mem:33.62M (Peak 33.62M) | Time:00:00.01 | Mem:1.25M, Peak:1.25M | Scene, ViewLayer | Updating Images | Loading Crystal9-material-4
Fra:1 Mem:33.87M (Peak 33.87M) | Time:00:00.01 | Mem:1.50M, Peak:1.50M | Scene, ViewLayer | Updating Images | Loading Crystal9-roughness-1
Fra:1 Mem:34.12M (Peak 34.12M) | Time:00:00.01 | Mem:1.75M, Peak:1.75M | Scene, ViewLayer | Updating Images | Loading Crystal9-material-3
Fra:1 Mem:34.37M (Peak 34.37M) | Time:00:00.01 | Mem:2.00M, Peak:2.00M | Scene, ViewLayer | Updating Images | Loading Crystal9-material-2
Fra:1 Mem:34.62M (Peak 34.62M) | Time:00:00.01 | Mem:2.25M, Peak:2.25M | Scene, ViewLayer | Updating Images | Loading Crystal9-roughness-2
Fra:1 Mem:26.59M (Peak 34.62M) | Time:00:00.01 | Mem:2.75M, Peak:2.75M | Scene, ViewLayer | Waiting for render to start
Fra:1 Mem:26.59M (Peak 34.62M) | Time:00:00.01 | Mem:2.75M, Peak:2.75M | Scene, ViewLayer | Loading render kernels (may take a few minutes the first time)
Fra:1 Mem:26.59M (Peak 34.62M) | Time:00:00.01 | Mem:2.75M, Peak:2.75M | Scene, ViewLayer | Updating Scene
Fra:1 Mem:26.59M (Peak 34.62M) | Time:00:00.01 | Mem:2.75M, Peak:2.75M | Scene, ViewLayer | Updating Shaders
Fra:1 Mem:26.68M (Peak 34.62M) | Time:00:00.01 | Mem:2.76M, Peak:2.76M | Scene, ViewLayer | Updating Procedurals
Fra:1 Mem:26.68M (Peak 34.62M) | Time:00:00.01 | Mem:2.76M, Peak:2.76M | Scene, ViewLayer | Updating Background
Fra:1 Mem:26.68M (Peak 34.62M) | Time:00:00.01 | Mem:2.76M, Peak:2.76M | Scene, ViewLayer | Updating Camera
Fra:1 Mem:26.68M (Peak 34.62M) | Time:00:00.01 | Mem:2.76M, Peak:2.76M | Scene, ViewLayer | Updating Meshes Flags
Fra:1 Mem:26.68M (Peak 34.62M) | Time:00:00.01 | Mem:2.76M, Peak:2.76M | Scene, ViewLayer | Updating Objects
Fra:1 Mem:26.68M (Peak 34.62M) | Time:00:00.01 | Mem:2.76M, Peak:2.76M | Scene, ViewLayer | Updating Objects | Copying Transformations to device
Fra:1 Mem:26.75M (Peak 34.62M) | Time:00:00.01 | Mem:2.82M, Peak:2.82M | Scene, ViewLayer | Updating Objects | Applying Static Transformations
Fra:1 Mem:26.75M (Peak 34.62M) | Time:00:00.01 | Mem:2.82M, Peak:2.82M | Scene, ViewLayer | Updating Particle Systems
Fra:1 Mem:26.75M (Peak 34.62M) | Time:00:00.01 | Mem:2.82M, Peak:2.82M | Scene, ViewLayer | Updating Particle Systems | Copying Particles to device
Fra:1 Mem:26.75M (Peak 34.62M) | Time:00:00.01 | Mem:2.82M, Peak:2.82M | Scene, ViewLayer | Updating Meshes
Fra:1 Mem:26.83M (Peak 34.62M) | Time:00:00.01 | Mem:2.82M, Peak:2.82M | Scene, ViewLayer | Updating Mesh | Computing attributes
Fra:1 Mem:27.12M (Peak 34.62M) | Time:00:00.01 | Mem:2.84M, Peak:2.84M | Scene, ViewLayer | Updating Mesh | Copying Attributes to device
Fra:1 Mem:27.07M (Peak 34.62M) | Time:00:00.01 | Mem:3.06M, Peak:3.06M | Scene, ViewLayer | Updating Scene BVH | Building
Fra:1 Mem:27.07M (Peak 34.62M) | Time:00:00.01 | Mem:3.06M, Peak:3.06M | Scene, ViewLayer | Updating Scene BVH | Building BVH
Fra:1 Mem:27.07M (Peak 34.62M) | Time:00:00.02 | Mem:3.38M, Peak:3.54M | Scene, ViewLayer | Updating Scene BVH | Copying BVH to device
Fra:1 Mem:27.07M (Peak 34.62M) | Time:00:00.02 | Mem:3.38M, Peak:3.54M | Scene, ViewLayer | Updating Mesh | Computing normals
Fra:1 Mem:27.43M (Peak 34.62M) | Time:00:00.02 | Mem:3.38M, Peak:3.54M | Scene, ViewLayer | Updating Mesh | Copying Mesh to device
Fra:1 Mem:27.43M (Peak 34.62M) | Time:00:00.02 | Mem:3.74M, Peak:3.74M | Scene, ViewLayer | Updating Objects Flags
Fra:1 Mem:27.43M (Peak 34.62M) | Time:00:00.02 | Mem:3.74M, Peak:3.74M | Scene, ViewLayer | Updating Primitive Offsets
Fra:1 Mem:27.43M (Peak 34.62M) | Time:00:00.02 | Mem:3.74M, Peak:3.74M | Scene, ViewLayer | Updating Images
Fra:1 Mem:27.43M (Peak 34.62M) | Time:00:00.02 | Mem:3.74M, Peak:3.74M | Scene, ViewLayer | Updating Camera Volume
Fra:1 Mem:27.43M (Peak 34.62M) | Time:00:00.02 | Mem:3.74M, Peak:3.74M | Scene, ViewLayer | Updating Lookup Tables
Fra:1 Mem:27.43M (Peak 34.62M) | Time:00:00.02 | Mem:3.82M, Peak:3.82M | Scene, ViewLayer | Updating Lights
Fra:1 Mem:27.43M (Peak 34.62M) | Time:00:00.02 | Mem:3.82M, Peak:3.82M | Scene, ViewLayer | Updating Lights | Computing tree
Fra:1 Mem:27.57M (Peak 34.62M) | Time:00:00.02 | Mem:3.96M, Peak:3.96M | Scene, ViewLayer | Updating Integrator
Fra:1 Mem:27.57M (Peak 34.62M) | Time:00:00.02 | Mem:3.96M, Peak:3.96M | Scene, ViewLayer | Updating Film
Fra:1 Mem:27.57M (Peak 34.62M) | Time:00:00.02 | Mem:3.88M, Peak:3.96M | Scene, ViewLayer | Updating Lookup Tables
Fra:1 Mem:27.57M (Peak 34.62M) | Time:00:00.02 | Mem:3.97M, Peak:3.97M | Scene, ViewLayer | Updating Baking
Fra:1 Mem:27.57M (Peak 34.62M) | Time:00:00.02 | Mem:3.97M, Peak:3.97M | Scene, ViewLayer | Updating Device | Writing constant memory
Fra:1 Mem:27.58M (Peak 34.62M) | Time:00:00.02 | Mem:3.97M, Peak:3.97M | Scene, ViewLayer | Sample 0/32
Fra:1 Mem:55.40M (Peak 55.40M) | Time:00:00.49 | Remaining:00:14.59 | Mem:31.79M, Peak:31.79M | Scene, ViewLayer | Sample 1/32
Fra:1 Mem:67.76M (Peak 92.48M) | Time:00:13.65 | Mem:31.79M, Peak:31.79M | Scene, ViewLayer | Sample 32/32
Fra:1 Mem:67.76M (Peak 92.48M) | Time:00:13.65 | Mem:31.79M, Peak:31.79M | Scene, ViewLayer | Finished
Saved: '/root/sidereal_spacetime/output/playwright/planet-reference-20260914/crystal-moons-r009-parity/moon-1-gltf-front-faces-only-matched-angle2.png'
Time: 00:13.71 (Saving: 00:00.05)

Fra:1 Mem:32.51M (Peak 32.51M) | Time:00:00.01 | Mem:0.00M, Peak:0.00M | Scene, ViewLayer | Synchronizing object | GEO-planets--crystal-moon-1-connected-crystalline-body
Fra:1 Mem:32.85M (Peak 32.85M) | Time:00:00.01 | Mem:0.00M, Peak:0.00M | Scene, ViewLayer | Synchronizing object | GEO-native-regional-fracture-2-panel-1-section-2-band-0
Fra:1 Mem:32.85M (Peak 32.85M) | Time:00:00.01 | Mem:0.00M, Peak:0.00M | Scene, ViewLayer | Synchronizing object | GEO-native-regional-fracture-2-panel-1-section-3-band-0
Fra:1 Mem:32.85M (Peak 32.85M) | Time:00:00.01 | Mem:0.00M, Peak:0.00M | Scene, ViewLayer | Synchronizing object | GEO-native-regional-fracture-2-panel-1-section-4-band-0
Fra:1 Mem:32.86M (Peak 32.86M) | Time:00:00.01 | Mem:0.00M, Peak:0.00M | Scene, ViewLayer | Synchronizing object | GEO-native-regional-fracture-2-panel-2-section-2-band-0
Fra:1 Mem:32.86M (Peak 32.86M) | Time:00:00.01 | Mem:0.00M, Peak:0.00M | Scene, ViewLayer | Synchronizing object | GEO-native-regional-fracture-2-panel-2-section-2-band-1
Fra:1 Mem:32.86M (Peak 32.86M) | Time:00:00.01 | Mem:0.00M, Peak:0.00M | Scene, ViewLayer | Synchronizing object | GEO-native-regional-fracture-2-panel-2-section-2-band-2
Fra:1 Mem:32.86M (Peak 32.86M) | Time:00:00.01 | Mem:0.00M, Peak:0.00M | Scene, ViewLayer | Synchronizing object | GEO-native-regional-fracture-2-panel-2-section-3-band-0
Fra:1 Mem:32.86M (Peak 32.86M) | Time:00:00.01 | Mem:0.00M, Peak:0.00M | Scene, ViewLayer | Synchronizing object | GEO-native-regional-fracture-2-panel-2-section-3-band-1
Fra:1 Mem:32.86M (Peak 32.86M) | Time:00:00.01 | Mem:0.00M, Peak:0.00M | Scene, ViewLayer | Synchronizing object | GEO-native-regional-fracture-2-panel-2-section-3-band-2
Fra:1 Mem:32.86M (Peak 32.86M) | Time:00:00.01 | Mem:0.00M, Peak:0.00M | Scene, ViewLayer | Synchronizing object | GEO-native-regional-fracture-2-panel-2-section-4-band-0
Fra:1 Mem:32.87M (Peak 32.87M) | Time:00:00.01 | Mem:0.00M, Peak:0.00M | Scene, ViewLayer | Synchronizing object | GEO-native-regional-fracture-2-panel-2-section-4-band-1
Fra:1 Mem:32.87M (Peak 32.87M) | Time:00:00.01 | Mem:0.00M, Peak:0.00M | Scene, ViewLayer | Synchronizing object | GEO-native-regional-fracture-2-panel-2-section-5-band-0
Fra:1 Mem:32.87M (Peak 32.87M) | Time:00:00.01 | Mem:0.00M, Peak:0.00M | Scene, ViewLayer | Synchronizing object | GEO-native-regional-fracture-2-panel-2-section-5-band-1
Fra:1 Mem:32.87M (Peak 32.87M) | Time:00:00.01 | Mem:0.00M, Peak:0.00M | Scene, ViewLayer | Synchronizing object | GEO-native-regional-fracture-2-panel-2-section-6-band-0
Fra:1 Mem:32.87M (Peak 32.87M) | Time:00:00.01 | Mem:0.00M, Peak:0.00M | Scene, ViewLayer | Synchronizing object | GEO-native-regional-fracture-2-panel-2-section-6-band-1
Fra:1 Mem:32.87M (Peak 32.87M) | Time:00:00.01 | Mem:0.00M, Peak:0.00M | Scene, ViewLayer | Synchronizing object | GEO-native-regional-fracture-2-panel-3-section-3-band-1
Fra:1 Mem:32.87M (Peak 32.87M) | Time:00:00.01 | Mem:0.00M, Peak:0.00M | Scene, ViewLayer | Synchronizing object | GEO-native-regional-fracture-2-panel-3-section-3-band-2
Fra:1 Mem:32.87M (Peak 32.87M) | Time:00:00.01 | Mem:0.00M, Peak:0.00M | Scene, ViewLayer | Synchronizing object | GEO-native-regional-fracture-2-panel-3-section-4-band-2
Fra:1 Mem:32.88M (Peak 32.88M) | Time:00:00.01 | Mem:0.00M, Peak:0.00M | Scene, ViewLayer | Synchronizing object | GEO-native-regional-fracture-2-panel-3-section-5-band-1
Fra:1 Mem:32.88M (Peak 32.88M) | Time:00:00.01 | Mem:0.00M, Peak:0.00M | Scene, ViewLayer | Synchronizing object | GEO-native-regional-fracture-2-panel-3-section-5-band-2
Fra:1 Mem:32.88M (Peak 32.88M) | Time:00:00.01 | Mem:0.00M, Peak:0.00M | Scene, ViewLayer | Synchronizing object | GEO-native-regional-fracture-2-panel-5-section-4-band-0
Fra:1 Mem:32.88M (Peak 32.88M) | Time:00:00.01 | Mem:0.00M, Peak:0.00M | Scene, ViewLayer | Synchronizing object | GEO-native-regional-fracture-2-panel-5-section-5-band-0
Fra:1 Mem:32.88M (Peak 32.88M) | Time:00:00.01 | Mem:0.00M, Peak:0.00M | Scene, ViewLayer | Synchronizing object | GEO-native-regional-fracture-2-panel-5-section-6-band-0
Fra:1 Mem:32.88M (Peak 32.88M) | Time:00:00.01 | Mem:0.00M, Peak:0.00M | Scene, ViewLayer | Synchronizing object | GEO-native-regional-fracture-2-panel-5-section-7-band-0
Fra:1 Mem:32.89M (Peak 32.89M) | Time:00:00.01 | Mem:0.00M, Peak:0.00M | Scene, ViewLayer | Synchronizing object | GEO-native-regional-fracture-2-panel-5-section-8-band-0
Fra:1 Mem:32.89M (Peak 32.89M) | Time:00:00.01 | Mem:0.00M, Peak:0.00M | Scene, ViewLayer | Synchronizing object | GEO-native-regional-fracture-2-panel-5-section-9-band-0
Fra:1 Mem:32.89M (Peak 32.89M) | Time:00:00.01 | Mem:0.00M, Peak:0.00M | Scene, ViewLayer | Synchronizing object | GEO-native-regional-fracture-2-panel-7-section-4-band-2
Fra:1 Mem:32.89M (Peak 32.89M) | Time:00:00.01 | Mem:0.00M, Peak:0.00M | Scene, ViewLayer | Synchronizing object | GEO-native-regional-fracture-2-panel-7-section-5-band-1
Fra:1 Mem:32.89M (Peak 32.89M) | Time:00:00.01 | Mem:0.00M, Peak:0.00M | Scene, ViewLayer | Synchronizing object | GEO-native-regional-fracture-2-panel-7-section-5-band-2
Fra:1 Mem:32.89M (Peak 32.89M) | Time:00:00.01 | Mem:0.00M, Peak:0.00M | Scene, ViewLayer | Synchronizing object | GEO-native-regional-fracture-2-panel-7-section-6-band-1
Fra:1 Mem:32.89M (Peak 32.89M) | Time:00:00.01 | Mem:0.00M, Peak:0.00M | Scene, ViewLayer | Synchronizing object | GEO-native-regional-fracture-2-panel-7-section-6-band-2
Fra:1 Mem:32.90M (Peak 32.90M) | Time:00:00.01 | Mem:0.00M, Peak:0.00M | Scene, ViewLayer | Synchronizing object | GEO-native-regional-fracture-2-panel-7-section-7-band-2
Fra:1 Mem:32.90M (Peak 32.90M) | Time:00:00.01 | Mem:0.00M, Peak:0.00M | Scene, ViewLayer | Synchronizing object | GEO-native-regional-fracture-2-panel-8-section-7-band-0
Fra:1 Mem:32.90M (Peak 32.90M) | Time:00:00.01 | Mem:0.00M, Peak:0.00M | Scene, ViewLayer | Synchronizing object | GEO-native-regional-fracture-2-panel-8-section-7-band-1
Fra:1 Mem:32.90M (Peak 32.90M) | Time:00:00.01 | Mem:0.00M, Peak:0.00M | Scene, ViewLayer | Synchronizing object | GEO-native-regional-fracture-2-panel-8-section-7-band-2
Fra:1 Mem:32.90M (Peak 32.90M) | Time:00:00.01 | Mem:0.00M, Peak:0.00M | Scene, ViewLayer | Synchronizing object | GEO-native-regional-fracture-2-panel-8-section-8-band-0
Fra:1 Mem:32.90M (Peak 32.90M) | Time:00:00.01 | Mem:0.00M, Peak:0.00M | Scene, ViewLayer | Synchronizing object | GEO-native-regional-fracture-2-panel-8-section-8-band-1
Fra:1 Mem:32.90M (Peak 32.90M) | Time:00:00.01 | Mem:0.00M, Peak:0.00M | Scene, ViewLayer | Synchronizing object | GEO-native-regional-fracture-2-panel-8-section-8-band-2
Fra:1 Mem:32.91M (Peak 32.91M) | Time:00:00.01 | Mem:0.00M, Peak:0.00M | Scene, ViewLayer | Synchronizing object | GEO-native-regional-fracture-2-panel-8-section-9-band-0
Fra:1 Mem:32.91M (Peak 32.91M) | Time:00:00.01 | Mem:0.00M, Peak:0.00M | Scene, ViewLayer | Synchronizing object | GEO-native-regional-fracture-2-panel-8-section-9-band-1
Fra:1 Mem:32.91M (Peak 32.91M) | Time:00:00.01 | Mem:0.00M, Peak:0.00M | Scene, ViewLayer | Synchronizing object | GEO-native-regional-fracture-2-panel-8-section-9-band-2
Fra:1 Mem:32.91M (Peak 32.91M) | Time:00:00.01 | Mem:0.00M, Peak:0.00M | Scene, ViewLayer | Synchronizing object | GEO-native-regional-fracture-2-panel-8-section-10-band-0
Fra:1 Mem:32.91M (Peak 32.91M) | Time:00:00.01 | Mem:0.00M, Peak:0.00M | Scene, ViewLayer | Synchronizing object | GEO-native-regional-fracture-2-panel-8-section-10-band-1
Fra:1 Mem:32.92M (Peak 32.92M) | Time:00:00.01 | Mem:0.00M, Peak:0.00M | Scene, ViewLayer | Synchronizing object | GEO-native-regional-fracture-2-panel-8-section-10-band-2
Fra:1 Mem:32.92M (Peak 32.92M) | Time:00:00.01 | Mem:0.00M, Peak:0.00M | Scene, ViewLayer | Synchronizing object | GEO-native-regional-fracture-1-panel-10-section-13-band-1
Fra:1 Mem:32.92M (Peak 32.92M) | Time:00:00.01 | Mem:0.00M, Peak:0.00M | Scene, ViewLayer | Synchronizing object | GEO-native-regional-fracture-1-panel-10-section-13-band-2
Fra:1 Mem:32.92M (Peak 32.92M) | Time:00:00.01 | Mem:0.00M, Peak:0.00M | Scene, ViewLayer | Synchronizing object | GEO-native-regional-fracture-1-panel-10-section-1-band-0
Fra:1 Mem:32.92M (Peak 32.92M) | Time:00:00.01 | Mem:0.00M, Peak:0.00M | Scene, ViewLayer | Synchronizing object | GEO-native-regional-fracture-1-panel-10-section-1-band-1
Fra:1 Mem:32.92M (Peak 32.92M) | Time:00:00.01 | Mem:0.00M, Peak:0.00M | Scene, ViewLayer | Synchronizing object | GEO-native-regional-fracture-1-panel-10-section-1-band-2
Fra:1 Mem:32.92M (Peak 32.92M) | Time:00:00.01 | Mem:0.00M, Peak:0.00M | Scene, ViewLayer | Synchronizing object | GEO-native-regional-fracture-1-panel-11-section-1-band-0
Fra:1 Mem:32.92M (Peak 32.92M) | Time:00:00.01 | Mem:0.00M, Peak:0.00M | Scene, ViewLayer | Synchronizing object | GEO-native-regional-fracture-1-panel-11-section-2-band-0
Fra:1 Mem:32.93M (Peak 32.93M) | Time:00:00.01 | Mem:0.00M, Peak:0.00M | Scene, ViewLayer | Synchronizing object | GEO-native-regional-fracture-1-panel-11-section-2-band-1
Fra:1 Mem:32.93M (Peak 32.93M) | Time:00:00.01 | Mem:0.00M, Peak:0.00M | Scene, ViewLayer | Synchronizing object | GEO-native-regional-fracture-1-panel-11-section-2-band-2
Fra:1 Mem:32.93M (Peak 32.93M) | Time:00:00.01 | Mem:0.00M, Peak:0.00M | Scene, ViewLayer | Synchronizing object | GEO-native-regional-fracture-2-panel-12-section-9-band-0
Fra:1 Mem:32.93M (Peak 32.93M) | Time:00:00.01 | Mem:0.00M, Peak:0.00M | Scene, ViewLayer | Synchronizing object | GEO-native-regional-fracture-2-panel-12-section-10-band-0
Fra:1 Mem:32.93M (Peak 32.93M) | Time:00:00.01 | Mem:0.00M, Peak:0.00M | Scene, ViewLayer | Synchronizing object | GEO-native-regional-fracture-2-panel-12-section-11-band-0
Fra:1 Mem:32.93M (Peak 32.93M) | Time:00:00.01 | Mem:0.00M, Peak:0.00M | Scene, ViewLayer | Synchronizing object | GEO-native-regional-fracture-2-panel-12-section-14-band-0
Fra:1 Mem:32.94M (Peak 32.94M) | Time:00:00.01 | Mem:0.00M, Peak:0.00M | Scene, ViewLayer | Synchronizing object | GEO-native-regional-fracture-2-panel-13-section-10-band-0
Fra:1 Mem:32.94M (Peak 32.94M) | Time:00:00.01 | Mem:0.00M, Peak:0.00M | Scene, ViewLayer | Synchronizing object | GEO-native-regional-fracture-2-panel-13-section-11-band-0
Fra:1 Mem:32.94M (Peak 32.94M) | Time:00:00.01 | Mem:0.00M, Peak:0.00M | Scene, ViewLayer | Synchronizing object | GEO-native-regional-fracture-2-panel-13-section-11-band-1
Fra:1 Mem:32.94M (Peak 32.94M) | Time:00:00.01 | Mem:0.00M, Peak:0.00M | Scene, ViewLayer | Synchronizing object | GEO-native-regional-fracture-2-panel-13-section-14-band-0
Fra:1 Mem:32.94M (Peak 32.94M) | Time:00:00.01 | Mem:0.00M, Peak:0.00M | Scene, ViewLayer | Synchronizing object | GEO-native-regional-fracture-2-panel-13-section-14-band-1
Fra:1 Mem:32.94M (Peak 32.94M) | Time:00:00.01 | Mem:0.00M, Peak:0.00M | Scene, ViewLayer | Synchronizing object | GEO-native-regional-fracture-1-panel-22-section-14-band-2
Fra:1 Mem:32.94M (Peak 32.94M) | Time:00:00.01 | Mem:0.00M, Peak:0.00M | Scene, ViewLayer | Synchronizing object | GEO-native-regional-fracture-1-panel-22-section-15-band-0
Fra:1 Mem:32.95M (Peak 32.95M) | Time:00:00.01 | Mem:0.00M, Peak:0.00M | Scene, ViewLayer | Synchronizing object | GEO-native-regional-fracture-1-panel-22-section-15-band-1
Fra:1 Mem:32.95M (Peak 32.95M) | Time:00:00.01 | Mem:0.00M, Peak:0.00M | Scene, ViewLayer | Synchronizing object | GEO-native-regional-fracture-1-panel-22-section-15-band-2
Fra:1 Mem:32.95M (Peak 32.95M) | Time:00:00.01 | Mem:0.00M, Peak:0.00M | Scene, ViewLayer | Synchronizing object | GEO-native-regional-fracture-1-panel-22-section-16-band-0
Fra:1 Mem:32.95M (Peak 32.95M) | Time:00:00.01 | Mem:0.00M, Peak:0.00M | Scene, ViewLayer | Synchronizing object | GEO-native-regional-fracture-0-panel-23-section-2-band-2
Fra:1 Mem:32.95M (Peak 32.95M) | Time:00:00.01 | Mem:0.00M, Peak:0.00M | Scene, ViewLayer | Synchronizing object | GEO-native-regional-fracture-0-panel-23-section-3-band-1
Fra:1 Mem:32.96M (Peak 32.96M) | Time:00:00.01 | Mem:0.00M, Peak:0.00M | Scene, ViewLayer | Synchronizing object | GEO-native-regional-fracture-0-panel-23-section-3-band-2
Fra:1 Mem:32.96M (Peak 32.96M) | Time:00:00.01 | Mem:0.00M, Peak:0.00M | Scene, ViewLayer | Synchronizing object | GEO-native-regional-fracture-0-panel-23-section-4-band-2
Fra:1 Mem:32.96M (Peak 32.96M) | Time:00:00.01 | Mem:0.00M, Peak:0.00M | Scene, ViewLayer | Synchronizing object | GEO-native-regional-fracture-0-panel-23-section-5-band-1
Fra:1 Mem:32.96M (Peak 32.96M) | Time:00:00.01 | Mem:0.00M, Peak:0.00M | Scene, ViewLayer | Synchronizing object | GEO-native-regional-fracture-0-panel-23-section-5-band-2
Fra:1 Mem:32.96M (Peak 32.96M) | Time:00:00.01 | Mem:0.00M, Peak:0.00M | Scene, ViewLayer | Synchronizing object | GEO-native-regional-fracture-0-panel-23-section-6-band-1
Fra:1 Mem:32.96M (Peak 32.96M) | Time:00:00.01 | Mem:0.00M, Peak:0.00M | Scene, ViewLayer | Synchronizing object | GEO-native-regional-fracture-0-panel-23-section-6-band-2
Fra:1 Mem:32.96M (Peak 32.96M) | Time:00:00.01 | Mem:0.00M, Peak:0.00M | Scene, ViewLayer | Synchronizing object | GEO-native-regional-fracture-1-panel-24-section-10-band-0
Fra:1 Mem:32.96M (Peak 32.96M) | Time:00:00.01 | Mem:0.00M, Peak:0.00M | Scene, ViewLayer | Synchronizing object | GEO-native-regional-fracture-1-panel-24-section-10-band-1
Fra:1 Mem:32.97M (Peak 32.97M) | Time:00:00.01 | Mem:0.00M, Peak:0.00M | Scene, ViewLayer | Synchronizing object | GEO-native-regional-fracture-1-panel-24-section-10-band-2
Fra:1 Mem:32.97M (Peak 32.97M) | Time:00:00.01 | Mem:0.00M, Peak:0.00M | Scene, ViewLayer | Synchronizing object | GEO-native-regional-fracture-1-panel-24-section-11-band-0
Fra:1 Mem:32.97M (Peak 32.97M) | Time:00:00.01 | Mem:0.00M, Peak:0.00M | Scene, ViewLayer | Synchronizing object | GEO-native-regional-fracture-1-panel-24-section-11-band-1
Fra:1 Mem:32.97M (Peak 32.97M) | Time:00:00.01 | Mem:0.00M, Peak:0.00M | Scene, ViewLayer | Synchronizing object | GEO-native-regional-fracture-1-panel-24-section-11-band-2
Fra:1 Mem:32.97M (Peak 32.97M) | Time:00:00.01 | Mem:0.00M, Peak:0.00M | Scene, ViewLayer | Synchronizing object | GEO-native-regional-fracture-1-panel-24-section-14-band-0
Fra:1 Mem:32.97M (Peak 32.97M) | Time:00:00.01 | Mem:0.00M, Peak:0.00M | Scene, ViewLayer | Synchronizing object | GEO-native-regional-fracture-1-panel-24-section-14-band-1
Fra:1 Mem:32.97M (Peak 32.97M) | Time:00:00.01 | Mem:0.00M, Peak:0.00M | Scene, ViewLayer | Synchronizing object | GEO-native-regional-fracture-1-panel-24-section-15-band-0
Fra:1 Mem:32.97M (Peak 32.97M) | Time:00:00.01 | Mem:0.00M, Peak:0.00M | Scene, ViewLayer | Synchronizing object | GEO-native-regional-fracture-1-panel-25-section-10-band-2
Fra:1 Mem:32.98M (Peak 32.98M) | Time:00:00.01 | Mem:0.00M, Peak:0.00M | Scene, ViewLayer | Synchronizing object | GEO-native-regional-fracture-1-panel-25-section-11-band-2
Fra:1 Mem:32.98M (Peak 32.98M) | Time:00:00.01 | Mem:0.00M, Peak:0.00M | Scene, ViewLayer | Synchronizing object | GEO-native-regional-fracture-1-panel-25-section-14-band-2
Fra:1 Mem:32.98M (Peak 32.98M) | Time:00:00.01 | Mem:0.00M, Peak:0.00M | Scene, ViewLayer | Synchronizing object | GEO-native-regional-fracture-1-panel-25-section-15-band-2
Fra:1 Mem:32.98M (Peak 32.98M) | Time:00:00.01 | Mem:0.00M, Peak:0.00M | Scene, ViewLayer | Synchronizing object | GEO-native-regional-fracture-0-panel-26-section-6-band-0
Fra:1 Mem:32.98M (Peak 32.98M) | Time:00:00.01 | Mem:0.00M, Peak:0.00M | Scene, ViewLayer | Synchronizing object | GEO-native-regional-fracture-0-panel-26-section-6-band-1
Fra:1 Mem:32.98M (Peak 32.98M) | Time:00:00.01 | Mem:0.00M, Peak:0.00M | Scene, ViewLayer | Synchronizing object | GEO-native-regional-fracture-0-panel-26-section-6-band-2
Fra:1 Mem:32.98M (Peak 32.98M) | Time:00:00.01 | Mem:0.00M, Peak:0.00M | Scene, ViewLayer | Synchronizing object | GEO-native-regional-fracture-0-panel-26-section-7-band-1
Fra:1 Mem:32.99M (Peak 32.99M) | Time:00:00.01 | Mem:0.00M, Peak:0.00M | Scene, ViewLayer | Synchronizing object | GEO-native-regional-fracture-0-panel-26-section-7-band-2
Fra:1 Mem:32.99M (Peak 32.99M) | Time:00:00.01 | Mem:0.00M, Peak:0.00M | Scene, ViewLayer | Synchronizing object | GEO-native-regional-fracture-0-panel-26-section-8-band-1
Fra:1 Mem:32.99M (Peak 32.99M) | Time:00:00.01 | Mem:0.00M, Peak:0.00M | Scene, ViewLayer | Synchronizing object | GEO-native-regional-fracture-0-panel-26-section-8-band-2
Fra:1 Mem:33.00M (Peak 33.00M) | Time:00:00.01 | Mem:0.00M, Peak:0.00M | Scene, ViewLayer | Synchronizing object | GEO-native-regional-fracture-0-panel-26-section-9-band-2
Fra:1 Mem:33.00M (Peak 33.00M) | Time:00:00.01 | Mem:0.00M, Peak:0.00M | Scene, ViewLayer | Synchronizing object | GEO-native-regional-fracture-0-panel-26-section-10-band-1
Fra:1 Mem:33.00M (Peak 33.00M) | Time:00:00.01 | Mem:0.00M, Peak:0.00M | Scene, ViewLayer | Synchronizing object | GEO-native-regional-fracture-0-panel-26-section-10-band-2
Fra:1 Mem:33.00M (Peak 33.00M) | Time:00:00.01 | Mem:0.00M, Peak:0.00M | Scene, ViewLayer | Synchronizing object | GEO-native-regional-fracture-0-panel-85-section-11-band-2
Fra:1 Mem:33.00M (Peak 33.00M) | Time:00:00.01 | Mem:0.00M, Peak:0.00M | Scene, ViewLayer | Synchronizing object | GEO-native-regional-fracture-0-panel-27-section-2-band-0
Fra:1 Mem:33.00M (Peak 33.00M) | Time:00:00.01 | Mem:0.00M, Peak:0.00M | Scene, ViewLayer | Synchronizing object | GEO-native-regional-fracture-0-panel-85-section-11-band-1
Fra:1 Mem:33.00M (Peak 33.00M) | Time:00:00.01 | Mem:0.00M, Peak:0.00M | Scene, ViewLayer | Synchronizing object | GEO-native-regional-fracture-0-panel-27-section-2-band-1
Fra:1 Mem:33.00M (Peak 33.00M) | Time:00:00.01 | Mem:0.00M, Peak:0.00M | Scene, ViewLayer | Synchronizing object | GEO-native-regional-fracture-0-panel-85-section-10-band-1
Fra:1 Mem:33.00M (Peak 33.00M) | Time:00:00.01 | Mem:0.00M, Peak:0.00M | Scene, ViewLayer | Synchronizing object | GEO-native-regional-fracture-0-panel-27-section-3-band-0
Fra:1 Mem:33.00M (Peak 33.00M) | Time:00:00.01 | Mem:0.00M, Peak:0.00M | Scene, ViewLayer | Synchronizing object | GEO-native-regional-fracture-0-panel-85-section-10-band-0
Fra:1 Mem:33.00M (Peak 33.00M) | Time:00:00.01 | Mem:0.00M, Peak:0.00M | Scene, ViewLayer | Synchronizing object | GEO-native-regional-fracture-0-panel-27-section-3-band-1
Fra:1 Mem:33.01M (Peak 33.01M) | Time:00:00.01 | Mem:0.00M, Peak:0.00M | Scene, ViewLayer | Synchronizing object | GEO-native-regional-fracture-1-panel-84-section-10-band-2
Fra:1 Mem:33.01M (Peak 33.01M) | Time:00:00.01 | Mem:0.00M, Peak:0.00M | Scene, ViewLayer | Synchronizing object | GEO-native-regional-fracture-0-panel-27-section-4-band-1
Fra:1 Mem:33.01M (Peak 33.01M) | Time:00:00.01 | Mem:0.00M, Peak:0.00M | Scene, ViewLayer | Synchronizing object | GEO-native-regional-fracture-1-panel-84-section-10-band-1
Fra:1 Mem:33.01M (Peak 33.01M) | Time:00:00.01 | Mem:0.00M, Peak:0.00M | Scene, ViewLayer | Synchronizing object | GEO-native-regional-fracture-0-panel-27-section-4-band-2
Fra:1 Mem:33.01M (Peak 33.01M) | Time:00:00.01 | Mem:0.00M, Peak:0.00M | Scene, ViewLayer | Synchronizing object | GEO-native-regional-fracture-1-panel-84-section-10-band-0
Fra:1 Mem:33.01M (Peak 33.01M) | Time:00:00.01 | Mem:0.00M, Peak:0.00M | Scene, ViewLayer | Synchronizing object | GEO-native-regional-fracture-0-panel-27-section-5-band-1
Fra:1 Mem:33.01M (Peak 33.01M) | Time:00:00.01 | Mem:0.00M, Peak:0.00M | Scene, ViewLayer | Synchronizing object | GEO-native-regional-fracture-1-panel-83-section-11-band-0
Fra:1 Mem:33.01M (Peak 33.01M) | Time:00:00.01 | Mem:0.00M, Peak:0.00M | Scene, ViewLayer | Synchronizing object | GEO-native-regional-fracture-0-panel-27-section-6-band-0
Fra:1 Mem:33.01M (Peak 33.01M) | Time:00:00.01 | Mem:0.00M, Peak:0.00M | Scene, ViewLayer | Synchronizing object | GEO-native-regional-fracture-1-panel-83-section-10-band-0
Fra:1 Mem:33.01M (Peak 33.01M) | Time:00:00.01 | Mem:0.00M, Peak:0.00M | Scene, ViewLayer | Synchronizing object | GEO-native-regional-fracture-0-panel-27-section-6-band-1
Fra:1 Mem:33.02M (Peak 33.02M) | Time:00:00.01 | Mem:0.00M, Peak:0.00M | Scene, ViewLayer | Synchronizing object | GEO-native-regional-fracture-0-panel-81-section-16-band-2
Fra:1 Mem:33.02M (Peak 33.02M) | Time:00:00.01 | Mem:0.00M, Peak:0.00M | Scene, ViewLayer | Synchronizing object | GEO-native-regional-fracture-0-panel-81-section-15-band-2
Fra:1 Mem:33.02M (Peak 33.02M) | Time:00:00.01 | Mem:0.00M, Peak:0.00M | Scene, ViewLayer | Synchronizing object | GEO-native-regional-fracture-0-panel-81-section-15-band-1
Fra:1 Mem:33.02M (Peak 33.02M) | Time:00:00.01 | Mem:0.00M, Peak:0.00M | Scene, ViewLayer | Synchronizing object | GEO-native-regional-fracture-2-panel-29-section-2-band-0
Fra:1 Mem:33.02M (Peak 33.02M) | Time:00:00.01 | Mem:0.00M, Peak:0.00M | Scene, ViewLayer | Synchronizing object | GEO-native-regional-fracture-0-panel-81-section-14-band-2
Fra:1 Mem:33.02M (Peak 33.02M) | Time:00:00.01 | Mem:0.00M, Peak:0.00M | Scene, ViewLayer | Synchronizing object | GEO-native-regional-fracture-2-panel-29-section-2-band-1
Fra:1 Mem:33.02M (Peak 33.02M) | Time:00:00.01 | Mem:0.00M, Peak:0.00M | Scene, ViewLayer | Synchronizing object | GEO-native-regional-fracture-0-panel-81-section-14-band-1
Fra:1 Mem:33.02M (Peak 33.02M) | Time:00:00.01 | Mem:0.00M, Peak:0.00M | Scene, ViewLayer | Synchronizing object | GEO-native-regional-fracture-2-panel-30-section-1-band-0
Fra:1 Mem:33.02M (Peak 33.02M) | Time:00:00.01 | Mem:0.00M, Peak:0.00M | Scene, ViewLayer | Synchronizing object | GEO-native-regional-fracture-0-panel-81-section-14-band-0
Fra:1 Mem:33.02M (Peak 33.02M) | Time:00:00.01 | Mem:0.00M, Peak:0.00M | Scene, ViewLayer | Synchronizing object | GEO-native-regional-fracture-2-panel-30-section-1-band-1
Fra:1 Mem:33.03M (Peak 33.03M) | Time:00:00.01 | Mem:0.00M, Peak:0.00M | Scene, ViewLayer | Synchronizing object | GEO-native-regional-fracture-0-panel-81-section-11-band-2
Fra:1 Mem:33.03M (Peak 33.03M) | Time:00:00.01 | Mem:0.00M, Peak:0.00M | Scene, ViewLayer | Synchronizing object | GEO-native-regional-fracture-2-panel-30-section-1-band-2
Fra:1 Mem:33.03M (Peak 33.03M) | Time:00:00.01 | Mem:0.00M, Peak:0.00M | Scene, ViewLayer | Synchronizing object | GEO-native-regional-fracture-0-panel-81-section-11-band-1
Fra:1 Mem:33.03M (Peak 33.03M) | Time:00:00.01 | Mem:0.00M, Peak:0.00M | Scene, ViewLayer | Synchronizing object | GEO-native-regional-fracture-2-panel-30-section-2-band-0
Fra:1 Mem:33.03M (Peak 33.03M) | Time:00:00.01 | Mem:0.00M, Peak:0.00M | Scene, ViewLayer | Synchronizing object | GEO-native-regional-fracture-0-panel-81-section-11-band-0
Fra:1 Mem:33.03M (Peak 33.03M) | Time:00:00.01 | Mem:0.00M, Peak:0.00M | Scene, ViewLayer | Synchronizing object | GEO-native-regional-fracture-2-panel-30-section-2-band-1
Fra:1 Mem:33.03M (Peak 33.03M) | Time:00:00.01 | Mem:0.00M, Peak:0.00M | Scene, ViewLayer | Synchronizing object | GEO-native-regional-fracture-1-panel-80-section-8-band-2
Fra:1 Mem:33.03M (Peak 33.03M) | Time:00:00.01 | Mem:0.00M, Peak:0.00M | Scene, ViewLayer | Synchronizing object | GEO-native-regional-fracture-2-panel-30-section-2-band-2
Fra:1 Mem:33.03M (Peak 33.03M) | Time:00:00.01 | Mem:0.00M, Peak:0.00M | Scene, ViewLayer | Synchronizing object | GEO-native-regional-fracture-1-panel-80-section-7-band-2
Fra:1 Mem:33.03M (Peak 33.03M) | Time:00:00.01 | Mem:0.00M, Peak:0.00M | Scene, ViewLayer | Synchronizing object | GEO-native-regional-fracture-2-panel-30-section-3-band-2
Fra:1 Mem:33.03M (Peak 33.03M) | Time:00:00.01 | Mem:0.00M, Peak:0.00M | Scene, ViewLayer | Synchronizing object | GEO-native-regional-fracture-1-panel-80-section-6-band-2
Fra:1 Mem:33.04M (Peak 33.04M) | Time:00:00.01 | Mem:0.00M, Peak:0.00M | Scene, ViewLayer | Synchronizing object | GEO-native-regional-fracture-2-panel-32-section-13-band-0
Fra:1 Mem:33.04M (Peak 33.04M) | Time:00:00.01 | Mem:0.00M, Peak:0.00M | Scene, ViewLayer | Synchronizing object | GEO-native-regional-fracture-1-panel-80-section-6-band-1
Fra:1 Mem:33.04M (Peak 33.04M) | Time:00:00.01 | Mem:0.00M, Peak:0.00M | Scene, ViewLayer | Synchronizing object | GEO-native-regional-fracture-2-panel-32-section-1-band-0
Fra:1 Mem:33.04M (Peak 33.04M) | Time:00:00.01 | Mem:0.00M, Peak:0.00M | Scene, ViewLayer | Synchronizing object | GEO-native-regional-fracture-1-panel-80-section-5-band-2
Fra:1 Mem:33.04M (Peak 33.04M) | Time:00:00.01 | Mem:0.00M, Peak:0.00M | Scene, ViewLayer | Synchronizing object | GEO-native-regional-fracture-2-panel-33-section-13-band-0
Fra:1 Mem:33.04M (Peak 33.04M) | Time:00:00.01 | Mem:0.00M, Peak:0.00M | Scene, ViewLayer | Synchronizing object | GEO-native-regional-fracture-1-panel-80-section-5-band-1
Fra:1 Mem:33.04M (Peak 33.04M) | Time:00:00.01 | Mem:0.00M, Peak:0.00M | Scene, ViewLayer | Synchronizing object | GEO-native-regional-fracture-2-panel-33-section-13-band-1
Fra:1 Mem:33.04M (Peak 33.04M) | Time:00:00.01 | Mem:0.00M, Peak:0.00M | Scene, ViewLayer | Synchronizing object | GEO-native-regional-fracture-1-panel-79-section-8-band-2
Fra:1 Mem:33.04M (Peak 33.04M) | Time:00:00.01 | Mem:0.00M, Peak:0.00M | Scene, ViewLayer | Synchronizing object | GEO-native-regional-fracture-2-panel-33-section-13-band-2
Fra:1 Mem:33.04M (Peak 33.04M) | Time:00:00.01 | Mem:0.00M, Peak:0.00M | Scene, ViewLayer | Synchronizing object | GEO-native-regional-fracture-1-panel-79-section-8-band-1
Fra:1 Mem:33.04M (Peak 33.04M) | Time:00:00.01 | Mem:0.00M, Peak:0.00M | Scene, ViewLayer | Synchronizing object | GEO-native-regional-fracture-2-panel-33-section-1-band-0
Fra:1 Mem:33.04M (Peak 33.04M) | Time:00:00.01 | Mem:0.00M, Peak:0.00M | Scene, ViewLayer | Synchronizing object | GEO-native-regional-fracture-1-panel-79-section-8-band-0
Fra:1 Mem:33.05M (Peak 33.05M) | Time:00:00.01 | Mem:0.00M, Peak:0.00M | Scene, ViewLayer | Synchronizing object | GEO-native-regional-fracture-2-panel-33-section-1-band-1
Fra:1 Mem:33.05M (Peak 33.05M) | Time:00:00.01 | Mem:0.00M, Peak:0.00M | Scene, ViewLayer | Synchronizing object | GEO-native-regional-fracture-1-panel-79-section-7-band-2
Fra:1 Mem:33.05M (Peak 33.05M) | Time:00:00.01 | Mem:0.00M, Peak:0.00M | Scene, ViewLayer | Synchronizing object | GEO-native-regional-fracture-2-panel-33-section-1-band-2
Fra:1 Mem:33.05M (Peak 33.05M) | Time:00:00.01 | Mem:0.00M, Peak:0.00M | Scene, ViewLayer | Synchronizing object | GEO-native-regional-fracture-1-panel-79-section-7-band-1
Fra:1 Mem:33.05M (Peak 33.05M) | Time:00:00.01 | Mem:0.00M, Peak:0.00M | Scene, ViewLayer | Synchronizing object | GEO-native-regional-fracture-2-panel-33-section-2-band-2
Fra:1 Mem:33.05M (Peak 33.05M) | Time:00:00.01 | Mem:0.00M, Peak:0.00M | Scene, ViewLayer | Synchronizing object | GEO-native-regional-fracture-1-panel-79-section-7-band-0
Fra:1 Mem:33.05M (Peak 33.05M) | Time:00:00.01 | Mem:0.00M, Peak:0.00M | Scene, ViewLayer | Synchronizing object | GEO-native-regional-fracture-2-panel-34-section-1-band-2
Fra:1 Mem:33.05M (Peak 33.05M) | Time:00:00.01 | Mem:0.00M, Peak:0.00M | Scene, ViewLayer | Synchronizing object | GEO-native-regional-fracture-1-panel-79-section-6-band-1
Fra:1 Mem:33.05M (Peak 33.05M) | Time:00:00.01 | Mem:0.00M, Peak:0.00M | Scene, ViewLayer | Synchronizing object | GEO-native-regional-fracture-2-panel-34-section-2-band-2
Fra:1 Mem:33.06M (Peak 33.06M) | Time:00:00.01 | Mem:0.00M, Peak:0.00M | Scene, ViewLayer | Synchronizing object | GEO-native-regional-fracture-1-panel-79-section-6-band-0
Fra:1 Mem:33.06M (Peak 33.06M) | Time:00:00.01 | Mem:0.00M, Peak:0.00M | Scene, ViewLayer | Synchronizing object | GEO-native-regional-fracture-2-panel-34-section-3-band-2
Fra:1 Mem:33.06M (Peak 33.06M) | Time:00:00.01 | Mem:0.00M, Peak:0.00M | Scene, ViewLayer | Synchronizing object | GEO-native-regional-fracture-1-panel-79-section-5-band-1
Fra:1 Mem:33.06M (Peak 33.06M) | Time:00:00.01 | Mem:0.00M, Peak:0.00M | Scene, ViewLayer | Synchronizing object | GEO-native-regional-fracture-2-panel-34-section-4-band-2
Fra:1 Mem:33.06M (Peak 33.06M) | Time:00:00.01 | Mem:0.00M, Peak:0.00M | Scene, ViewLayer | Synchronizing object | GEO-native-regional-fracture-1-panel-79-section-5-band-0
Fra:1 Mem:33.06M (Peak 33.06M) | Time:00:00.01 | Mem:0.00M, Peak:0.00M | Scene, ViewLayer | Synchronizing object | GEO-native-regional-fracture-1-panel-41-section-11-band-0
Fra:1 Mem:33.06M (Peak 33.06M) | Time:00:00.01 | Mem:0.00M, Peak:0.00M | Scene, ViewLayer | Synchronizing object | GEO-native-regional-fracture-0-panel-78-section-14-band-2
Fra:1 Mem:33.06M (Peak 33.06M) | Time:00:00.01 | Mem:0.00M, Peak:0.00M | Scene, ViewLayer | Synchronizing object | GEO-native-regional-fracture-1-panel-41-section-11-band-1
Fra:1 Mem:33.06M (Peak 33.06M) | Time:00:00.01 | Mem:0.00M, Peak:0.00M | Scene, ViewLayer | Synchronizing object | GEO-native-regional-fracture-0-panel-78-section-14-band-1
Fra:1 Mem:33.06M (Peak 33.06M) | Time:00:00.01 | Mem:0.00M, Peak:0.00M | Scene, ViewLayer | Synchronizing object | GEO-native-regional-fracture-1-panel-41-section-11-band-2
Fra:1 Mem:33.07M (Peak 33.07M) | Time:00:00.01 | Mem:0.00M, Peak:0.00M | Scene, ViewLayer | Synchronizing object | GEO-native-regional-fracture-0-panel-78-section-14-band-0
Fra:1 Mem:33.07M (Peak 33.07M) | Time:00:00.01 | Mem:0.00M, Peak:0.00M | Scene, ViewLayer | Synchronizing object | GEO-native-regional-fracture-1-panel-76-section-5-band-1
Fra:1 Mem:33.07M (Peak 33.07M) | Time:00:00.01 | Mem:0.00M, Peak:0.00M | Scene, ViewLayer | Synchronizing object | GEO-native-regional-fracture-1-panel-41-section-14-band-0
Fra:1 Mem:33.07M (Peak 33.07M) | Time:00:00.01 | Mem:0.00M, Peak:0.00M | Scene, ViewLayer | Synchronizing object | GEO-native-regional-fracture-1-panel-76-section-5-band-0
Fra:1 Mem:33.07M (Peak 33.07M) | Time:00:00.01 | Mem:0.00M, Peak:0.00M | Scene, ViewLayer | Synchronizing object | GEO-native-regional-fracture-1-panel-41-section-14-band-1
Fra:1 Mem:33.07M (Peak 33.07M) | Time:00:00.01 | Mem:0.00M, Peak:0.00M | Scene, ViewLayer | Synchronizing object | GEO-native-regional-fracture-1-panel-76-section-4-band-2
Fra:1 Mem:33.07M (Peak 33.07M) | Time:00:00.01 | Mem:0.00M, Peak:0.00M | Scene, ViewLayer | Synchronizing object | GEO-native-regional-fracture-1-panel-41-section-14-band-2
Fra:1 Mem:33.07M (Peak 33.07M) | Time:00:00.01 | Mem:0.00M, Peak:0.00M | Scene, ViewLayer | Synchronizing object | GEO-native-regional-fracture-1-panel-76-section-4-band-1
Fra:1 Mem:33.08M (Peak 33.08M) | Time:00:00.01 | Mem:0.00M, Peak:0.00M | Scene, ViewLayer | Synchronizing object | GEO-native-regional-fracture-1-panel-41-section-15-band-0
Fra:1 Mem:33.08M (Peak 33.08M) | Time:00:00.01 | Mem:0.00M, Peak:0.00M | Scene, ViewLayer | Synchronizing object | GEO-native-regional-fracture-1-panel-76-section-4-band-0
Fra:1 Mem:33.08M (Peak 33.08M) | Time:00:00.01 | Mem:0.00M, Peak:0.00M | Scene, ViewLayer | Synchronizing object | GEO-native-regional-fracture-1-panel-41-section-15-band-1
Fra:1 Mem:33.08M (Peak 33.08M) | Time:00:00.01 | Mem:0.00M, Peak:0.00M | Scene, ViewLayer | Synchronizing object | GEO-native-regional-fracture-1-panel-76-section-3-band-1
Fra:1 Mem:33.08M (Peak 33.08M) | Time:00:00.01 | Mem:0.00M, Peak:0.00M | Scene, ViewLayer | Synchronizing object | GEO-native-regional-fracture-2-panel-43-section-11-band-1
Fra:1 Mem:33.08M (Peak 33.08M) | Time:00:00.01 | Mem:0.00M, Peak:0.00M | Scene, ViewLayer | Synchronizing object | GEO-native-regional-fracture-1-panel-76-section-3-band-0
Fra:1 Mem:33.08M (Peak 33.08M) | Time:00:00.01 | Mem:0.00M, Peak:0.00M | Scene, ViewLayer | Synchronizing object | GEO-native-regional-fracture-2-panel-43-section-11-band-2
Fra:1 Mem:33.08M (Peak 33.08M) | Time:00:00.01 | Mem:0.00M, Peak:0.00M | Scene, ViewLayer | Synchronizing object | GEO-native-regional-fracture-1-panel-75-section-6-band-0
Fra:1 Mem:33.08M (Peak 33.08M) | Time:00:00.01 | Mem:0.00M, Peak:0.00M | Scene, ViewLayer | Synchronizing object | GEO-native-regional-fracture-2-panel-43-section-14-band-1
Fra:1 Mem:33.08M (Peak 33.08M) | Time:00:00.01 | Mem:0.00M, Peak:0.00M | Scene, ViewLayer | Synchronizing object | GEO-native-regional-fracture-1-panel-75-section-5-band-0
Fra:1 Mem:33.08M (Peak 33.08M) | Time:00:00.01 | Mem:0.00M, Peak:0.00M | Scene, ViewLayer | Synchronizing object | GEO-native-regional-fracture-2-panel-43-section-14-band-2
Fra:1 Mem:33.09M (Peak 33.09M) | Time:00:00.01 | Mem:0.00M, Peak:0.00M | Scene, ViewLayer | Synchronizing object | GEO-native-regional-fracture-1-panel-75-section-4-band-0
Fra:1 Mem:33.09M (Peak 33.09M) | Time:00:00.01 | Mem:0.00M, Peak:0.00M | Scene, ViewLayer | Synchronizing object | GEO-native-regional-fracture-2-panel-43-section-15-band-1
Fra:1 Mem:33.09M (Peak 33.09M) | Time:00:00.01 | Mem:0.00M, Peak:0.00M | Scene, ViewLayer | Synchronizing object | GEO-native-regional-fracture-1-panel-75-section-3-band-0
Fra:1 Mem:33.09M (Peak 33.09M) | Time:00:00.01 | Mem:0.00M, Peak:0.00M | Scene, ViewLayer | Synchronizing object | GEO-native-regional-fracture-2-panel-43-section-15-band-2
Fra:1 Mem:33.09M (Peak 33.09M) | Time:00:00.01 | Mem:0.00M, Peak:0.00M | Scene, ViewLayer | Synchronizing object | GEO-native-regional-fracture-0-panel-74-section-14-band-2
Fra:1 Mem:33.09M (Peak 33.09M) | Time:00:00.01 | Mem:0.00M, Peak:0.00M | Scene, ViewLayer | Synchronizing object | GEO-native-regional-fracture-2-panel-44-section-14-band-0
Fra:1 Mem:33.09M (Peak 33.09M) | Time:00:00.01 | Mem:0.00M, Peak:0.00M | Scene, ViewLayer | Synchronizing object | GEO-native-regional-fracture-0-panel-74-section-14-band-1
Fra:1 Mem:33.09M (Peak 33.09M) | Time:00:00.01 | Mem:0.00M, Peak:0.00M | Scene, ViewLayer | Synchronizing object | GEO-native-regional-fracture-0-panel-74-section-11-band-2
Fra:1 Mem:33.09M (Peak 33.09M) | Time:00:00.01 | Mem:0.00M, Peak:0.00M | Scene, ViewLayer | Synchronizing object | GEO-native-regional-fracture-0-panel-74-section-10-band-2
Fra:1 Mem:33.10M (Peak 33.10M) | Time:00:00.01 | Mem:0.00M, Peak:0.00M | Scene, ViewLayer | Synchronizing object | GEO-native-regional-fracture-1-panel-73-section-3-band-1
Fra:1 Mem:33.10M (Peak 33.10M) | Time:00:00.01 | Mem:0.00M, Peak:0.00M | Scene, ViewLayer | Synchronizing object | GEO-native-regional-fracture-2-panel-44-section-15-band-1
Fra:1 Mem:33.10M (Peak 33.10M) | Time:00:00.01 | Mem:0.00M, Peak:0.00M | Scene, ViewLayer | Synchronizing object | GEO-native-regional-fracture-1-panel-73-section-3-band-0
Fra:1 Mem:33.10M (Peak 33.10M) | Time:00:00.01 | Mem:0.00M, Peak:0.00M | Scene, ViewLayer | Synchronizing object | GEO-native-regional-fracture-2-panel-44-section-15-band-2
Fra:1 Mem:33.10M (Peak 33.10M) | Time:00:00.01 | Mem:0.00M, Peak:0.00M | Scene, ViewLayer | Synchronizing object | GEO-native-regional-fracture-1-panel-73-section-2-band-1
Fra:1 Mem:33.10M (Peak 33.10M) | Time:00:00.01 | Mem:0.00M, Peak:0.00M | Scene, ViewLayer | Synchronizing object | GEO-native-regional-fracture-2-panel-44-section-16-band-2
Fra:1 Mem:33.10M (Peak 33.10M) | Time:00:00.01 | Mem:0.00M, Peak:0.00M | Scene, ViewLayer | Synchronizing object | GEO-native-regional-fracture-1-panel-73-section-2-band-0
Fra:1 Mem:33.10M (Peak 33.10M) | Time:00:00.01 | Mem:0.00M, Peak:0.00M | Scene, ViewLayer | Synchronizing object | GEO-native-regional-fracture-0-panel-71-section-2-band-2
Fra:1 Mem:33.10M (Peak 33.10M) | Time:00:00.01 | Mem:0.00M, Peak:0.00M | Scene, ViewLayer | Synchronizing object | GEO-native-regional-fracture-2-panel-47-section-10-band-2
Fra:1 Mem:33.11M (Peak 33.11M) | Time:00:00.01 | Mem:0.00M, Peak:0.00M | Scene, ViewLayer | Synchronizing object | GEO-native-regional-fracture-0-panel-71-section-1-band-2
Fra:1 Mem:33.11M (Peak 33.11M) | Time:00:00.01 | Mem:0.00M, Peak:0.00M | Scene, ViewLayer | Synchronizing object | GEO-native-regional-fracture-2-panel-47-section-11-band-2
Fra:1 Mem:33.11M (Peak 33.11M) | Time:00:00.01 | Mem:0.00M, Peak:0.00M | Scene, ViewLayer | Synchronizing object | GEO-native-regional-fracture-0-panel-71-section-1-band-1
Fra:1 Mem:33.11M (Peak 33.11M) | Time:00:00.01 | Mem:0.00M, Peak:0.00M | Scene, ViewLayer | Synchronizing object | GEO-native-regional-fracture-2-panel-47-section-14-band-2
Fra:1 Mem:33.11M (Peak 33.11M) | Time:00:00.01 | Mem:0.00M, Peak:0.00M | Scene, ViewLayer | Synchronizing object | GEO-native-regional-fracture-0-panel-70-section-3-band-0
Fra:1 Mem:33.11M (Peak 33.11M) | Time:00:00.01 | Mem:0.00M, Peak:0.00M | Scene, ViewLayer | Synchronizing object | GEO-native-regional-fracture-2-panel-47-section-15-band-1
Fra:1 Mem:33.11M (Peak 33.11M) | Time:00:00.01 | Mem:0.00M, Peak:0.00M | Scene, ViewLayer | Synchronizing object | GEO-native-regional-fracture-0-panel-70-section-2-band-0
Fra:1 Mem:33.11M (Peak 33.11M) | Time:00:00.01 | Mem:0.00M, Peak:0.00M | Scene, ViewLayer | Synchronizing object | GEO-native-regional-fracture-2-panel-47-section-15-band-2
Fra:1 Mem:33.11M (Peak 33.11M) | Time:00:00.01 | Mem:0.00M, Peak:0.00M | Scene, ViewLayer | Synchronizing object | GEO-native-regional-fracture-1-panel-69-section-5-band-2
Fra:1 Mem:33.11M (Peak 33.11M) | Time:00:00.01 | Mem:0.00M, Peak:0.00M | Scene, ViewLayer | Synchronizing object | GEO-native-regional-fracture-0-panel-48-section-2-band-0
Fra:1 Mem:33.11M (Peak 33.11M) | Time:00:00.01 | Mem:0.00M, Peak:0.00M | Scene, ViewLayer | Synchronizing object | GEO-native-regional-fracture-1-panel-69-section-5-band-1
Fra:1 Mem:33.12M (Peak 33.12M) | Time:00:00.01 | Mem:0.00M, Peak:0.00M | Scene, ViewLayer | Synchronizing object | GEO-native-regional-fracture-0-panel-48-section-3-band-0
Fra:1 Mem:33.12M (Peak 33.12M) | Time:00:00.01 | Mem:0.00M, Peak:0.00M | Scene, ViewLayer | Synchronizing object | GEO-native-regional-fracture-1-panel-69-section-4-band-2
Fra:1 Mem:33.12M (Peak 33.12M) | Time:00:00.01 | Mem:0.00M, Peak:0.00M | Scene, ViewLayer | Synchronizing object | GEO-native-regional-fracture-0-panel-48-section-4-band-0
Fra:1 Mem:33.12M (Peak 33.12M) | Time:00:00.01 | Mem:0.00M, Peak:0.00M | Scene, ViewLayer | Synchronizing object | GEO-native-regional-fracture-1-panel-69-section-4-band-1
Fra:1 Mem:33.12M (Peak 33.12M) | Time:00:00.01 | Mem:0.00M, Peak:0.00M | Scene, ViewLayer | Synchronizing object | GEO-native-regional-fracture-0-panel-48-section-4-band-1
Fra:1 Mem:33.12M (Peak 33.12M) | Time:00:00.01 | Mem:0.00M, Peak:0.00M | Scene, ViewLayer | Synchronizing object | GEO-native-regional-fracture-1-panel-69-section-3-band-2
Fra:1 Mem:33.12M (Peak 33.12M) | Time:00:00.01 | Mem:0.00M, Peak:0.00M | Scene, ViewLayer | Synchronizing object | GEO-native-regional-fracture-1-panel-52-section-5-band-2
Fra:1 Mem:33.12M (Peak 33.12M) | Time:00:00.01 | Mem:0.00M, Peak:0.00M | Scene, ViewLayer | Synchronizing object | GEO-native-regional-fracture-1-panel-69-section-3-band-1
Fra:1 Mem:33.12M (Peak 33.12M) | Time:00:00.01 | Mem:0.00M, Peak:0.00M | Scene, ViewLayer | Synchronizing object | GEO-native-regional-fracture-1-panel-52-section-6-band-2
Fra:1 Mem:33.13M (Peak 33.13M) | Time:00:00.01 | Mem:0.00M, Peak:0.00M | Scene, ViewLayer | Synchronizing object | GEO-native-regional-fracture-1-panel-69-section-2-band-2
Fra:1 Mem:33.13M (Peak 33.13M) | Time:00:00.01 | Mem:0.00M, Peak:0.00M | Scene, ViewLayer | Synchronizing object | GEO-native-regional-fracture-1-panel-52-section-7-band-2
Fra:1 Mem:33.13M (Peak 33.13M) | Time:00:00.01 | Mem:0.00M, Peak:0.00M | Scene, ViewLayer | Synchronizing object | GEO-native-regional-fracture-1-panel-69-section-2-band-1
Fra:1 Mem:33.13M (Peak 33.13M) | Time:00:00.01 | Mem:0.00M, Peak:0.00M | Scene, ViewLayer | Synchronizing object | GEO-native-regional-fracture-0-panel-53-section-3-band-0
Fra:1 Mem:33.13M (Peak 33.13M) | Time:00:00.01 | Mem:0.00M, Peak:0.00M | Scene, ViewLayer | Synchronizing object | GEO-native-regional-fracture-0-panel-68-section-3-band-1
Fra:1 Mem:33.13M (Peak 33.13M) | Time:00:00.01 | Mem:0.00M, Peak:0.00M | Scene, ViewLayer | Synchronizing object | GEO-native-regional-fracture-0-panel-53-section-4-band-0
Fra:1 Mem:33.13M (Peak 33.13M) | Time:00:00.01 | Mem:0.00M, Peak:0.00M | Scene, ViewLayer | Synchronizing object | GEO-native-regional-fracture-0-panel-68-section-3-band-0
Fra:1 Mem:33.13M (Peak 33.13M) | Time:00:00.01 | Mem:0.00M, Peak:0.00M | Scene, ViewLayer | Synchronizing object | GEO-native-regional-fracture-0-panel-53-section-5-band-0
Fra:1 Mem:33.13M (Peak 33.13M) | Time:00:00.01 | Mem:0.00M, Peak:0.00M | Scene, ViewLayer | Synchronizing object | GEO-native-regional-fracture-0-panel-68-section-2-band-2
Fra:1 Mem:33.13M (Peak 33.13M) | Time:00:00.01 | Mem:0.00M, Peak:0.00M | Scene, ViewLayer | Synchronizing object | GEO-native-regional-fracture-0-panel-53-section-6-band-0
Fra:1 Mem:33.14M (Peak 33.14M) | Time:00:00.01 | Mem:0.00M, Peak:0.00M | Scene, ViewLayer | Synchronizing object | GEO-native-regional-fracture-0-panel-68-section-2-band-1
Fra:1 Mem:33.14M (Peak 33.14M) | Time:00:00.01 | Mem:0.00M, Peak:0.00M | Scene, ViewLayer | Synchronizing object | GEO-native-regional-fracture-0-panel-68-section-2-band-0
Fra:1 Mem:33.14M (Peak 33.14M) | Time:00:00.01 | Mem:0.00M, Peak:0.00M | Scene, ViewLayer | Synchronizing object | GEO-native-regional-fracture-0-panel-54-section-6-band-0
Fra:1 Mem:33.14M (Peak 33.14M) | Time:00:00.01 | Mem:0.00M, Peak:0.00M | Scene, ViewLayer | Synchronizing object | GEO-native-regional-fracture-0-panel-68-section-1-band-0
Fra:1 Mem:33.14M (Peak 33.14M) | Time:00:00.01 | Mem:0.00M, Peak:0.00M | Scene, ViewLayer | Synchronizing object | GEO-native-regional-fracture-0-panel-54-section-7-band-0
Fra:1 Mem:33.14M (Peak 33.14M) | Time:00:00.01 | Mem:0.00M, Peak:0.00M | Scene, ViewLayer | Synchronizing object | GEO-native-regional-fracture-0-panel-65-section-2-band-0
Fra:1 Mem:33.14M (Peak 33.14M) | Time:00:00.01 | Mem:0.00M, Peak:0.00M | Scene, ViewLayer | Synchronizing object | GEO-native-regional-fracture-0-panel-54-section-8-band-0
Fra:1 Mem:33.14M (Peak 33.14M) | Time:00:00.01 | Mem:0.00M, Peak:0.00M | Scene, ViewLayer | Synchronizing object | GEO-native-regional-fracture-0-panel-65-section-1-band-0
Fra:1 Mem:33.15M (Peak 33.15M) | Time:00:00.01 | Mem:0.00M, Peak:0.00M | Scene, ViewLayer | Synchronizing object | GEO-native-regional-fracture-0-panel-54-section-8-band-1
Fra:1 Mem:33.15M (Peak 33.15M) | Time:00:00.01 | Mem:0.00M, Peak:0.00M | Scene, ViewLayer | Synchronizing object | GEO-native-regional-fracture-0-panel-65-section-13-band-0
Fra:1 Mem:33.15M (Peak 33.15M) | Time:00:00.01 | Mem:0.00M, Peak:0.00M | Scene, ViewLayer | Synchronizing object | GEO-native-regional-fracture-0-panel-54-section-9-band-0
Fra:1 Mem:33.15M (Peak 33.15M) | Time:00:00.01 | Mem:0.00M, Peak:0.00M | Scene, ViewLayer | Synchronizing object | GEO-native-regional-fracture-0-panel-59-section-10-band-1
Fra:1 Mem:33.15M (Peak 33.15M) | Time:00:00.01 | Mem:0.00M, Peak:0.00M | Scene, ViewLayer | Synchronizing object | GEO-native-regional-fracture-0-panel-54-section-9-band-1
Fra:1 Mem:33.15M (Peak 33.15M) | Time:00:00.01 | Mem:0.00M, Peak:0.00M | Scene, ViewLayer | Synchronizing object | GEO-native-regional-fracture-0-panel-59-section-10-band-0
Fra:1 Mem:33.15M (Peak 33.15M) | Time:00:00.01 | Mem:0.00M, Peak:0.00M | Scene, ViewLayer | Synchronizing object | GEO-native-regional-fracture-0-panel-54-section-10-band-0
Fra:1 Mem:33.15M (Peak 33.15M) | Time:00:00.01 | Mem:0.00M, Peak:0.00M | Scene, ViewLayer | Synchronizing object | GEO-native-regional-fracture-0-panel-57-section-8-band-1
Fra:1 Mem:33.15M (Peak 33.15M) | Time:00:00.01 | Mem:0.00M, Peak:0.00M | Scene, ViewLayer | Synchronizing object | GEO-native-regional-fracture-0-panel-54-section-10-band-1
Fra:1 Mem:33.15M (Peak 33.15M) | Time:00:00.01 | Mem:0.00M, Peak:0.00M | Scene, ViewLayer | Synchronizing object | GEO-native-regional-fracture-0-panel-57-section-8-band-0
Fra:1 Mem:33.15M (Peak 33.15M) | Time:00:00.01 | Mem:0.00M, Peak:0.00M | Scene, ViewLayer | Synchronizing object | GEO-native-regional-fracture-0-panel-55-section-10-band-0
Fra:1 Mem:33.15M (Peak 33.15M) | Time:00:00.01 | Mem:0.00M, Peak:0.00M | Scene, ViewLayer | Synchronizing object | GEO-native-regional-fracture-0-panel-57-section-7-band-1
Fra:1 Mem:33.16M (Peak 33.16M) | Time:00:00.01 | Mem:0.00M, Peak:0.00M | Scene, ViewLayer | Synchronizing object | GEO-native-regional-fracture-0-panel-55-section-11-band-0
Fra:1 Mem:33.16M (Peak 33.16M) | Time:00:00.01 | Mem:0.00M, Peak:0.00M | Scene, ViewLayer | Synchronizing object | GEO-native-regional-fracture-0-panel-57-section-7-band-0
Fra:1 Mem:33.16M (Peak 33.16M) | Time:00:00.01 | Mem:0.00M, Peak:0.00M | Scene, ViewLayer | Synchronizing object | GEO-native-regional-fracture-0-panel-56-section-4-band-0
Fra:1 Mem:33.16M (Peak 33.16M) | Time:00:00.01 | Mem:0.00M, Peak:0.00M | Scene, ViewLayer | Synchronizing object | GEO-native-regional-fracture-0-panel-57-section-6-band-0
Fra:1 Mem:33.16M (Peak 33.16M) | Time:00:00.01 | Mem:0.00M, Peak:0.00M | Scene, ViewLayer | Synchronizing object | GEO-native-regional-fracture-0-panel-56-section-4-band-1
Fra:1 Mem:33.16M (Peak 33.16M) | Time:00:00.01 | Mem:0.00M, Peak:0.00M | Scene, ViewLayer | Synchronizing object | GEO-native-regional-fracture-0-panel-56-section-6-band-0
Fra:1 Mem:33.16M (Peak 33.16M) | Time:00:00.01 | Mem:0.00M, Peak:0.00M | Scene, ViewLayer | Synchronizing object | GEO-native-regional-fracture-0-panel-56-section-5-band-0
Fra:1 Mem:33.16M (Peak 33.16M) | Time:00:00.01 | Mem:0.00M, Peak:0.00M | Scene, ViewLayer | Initializing
Fra:1 Mem:32.10M (Peak 33.16M) | Time:00:00.01 | Mem:0.00M, Peak:0.00M | Scene, ViewLayer | Updating Images | Loading Crystal9-material-0
Fra:1 Mem:32.62M (Peak 33.16M) | Time:00:00.01 | Mem:0.25M, Peak:0.25M | Scene, ViewLayer | Updating Images | Loading Crystal9-material-6
Fra:1 Mem:32.87M (Peak 33.16M) | Time:00:00.01 | Mem:0.50M, Peak:0.50M | Scene, ViewLayer | Updating Images | Loading Crystal9-roughness-0
Fra:1 Mem:33.12M (Peak 33.16M) | Time:00:00.01 | Mem:0.75M, Peak:0.75M | Scene, ViewLayer | Updating Images | Loading Crystal9-material-5
Fra:1 Mem:33.37M (Peak 33.37M) | Time:00:00.01 | Mem:1.00M, Peak:1.00M | Scene, ViewLayer | Updating Images | Loading Crystal9-material-1
Fra:1 Mem:33.62M (Peak 33.62M) | Time:00:00.01 | Mem:1.25M, Peak:1.25M | Scene, ViewLayer | Updating Images | Loading Crystal9-material-4
Fra:1 Mem:33.87M (Peak 33.87M) | Time:00:00.01 | Mem:1.50M, Peak:1.50M | Scene, ViewLayer | Updating Images | Loading Crystal9-material-3
Fra:1 Mem:34.12M (Peak 34.12M) | Time:00:00.01 | Mem:1.75M, Peak:1.75M | Scene, ViewLayer | Updating Images | Loading Crystal9-roughness-1
Fra:1 Mem:34.37M (Peak 34.37M) | Time:00:00.01 | Mem:2.00M, Peak:2.00M | Scene, ViewLayer | Updating Images | Loading Crystal9-roughness-2
Fra:1 Mem:34.62M (Peak 34.62M) | Time:00:00.01 | Mem:2.25M, Peak:2.25M | Scene, ViewLayer | Updating Images | Loading Crystal9-material-2
Fra:1 Mem:26.59M (Peak 34.62M) | Time:00:00.02 | Mem:2.75M, Peak:2.75M | Scene, ViewLayer | Waiting for render to start
Fra:1 Mem:26.59M (Peak 34.62M) | Time:00:00.02 | Mem:2.75M, Peak:2.75M | Scene, ViewLayer | Loading render kernels (may take a few minutes the first time)
Fra:1 Mem:26.59M (Peak 34.62M) | Time:00:00.02 | Mem:2.75M, Peak:2.75M | Scene, ViewLayer | Updating Scene
Fra:1 Mem:26.59M (Peak 34.62M) | Time:00:00.02 | Mem:2.75M, Peak:2.75M | Scene, ViewLayer | Updating Shaders
Fra:1 Mem:26.68M (Peak 34.62M) | Time:00:00.02 | Mem:2.76M, Peak:2.76M | Scene, ViewLayer | Updating Procedurals
Fra:1 Mem:26.68M (Peak 34.62M) | Time:00:00.02 | Mem:2.76M, Peak:2.76M | Scene, ViewLayer | Updating Background
Fra:1 Mem:26.68M (Peak 34.62M) | Time:00:00.02 | Mem:2.76M, Peak:2.76M | Scene, ViewLayer | Updating Camera
Fra:1 Mem:26.68M (Peak 34.62M) | Time:00:00.02 | Mem:2.76M, Peak:2.76M | Scene, ViewLayer | Updating Meshes Flags
Fra:1 Mem:26.68M (Peak 34.62M) | Time:00:00.02 | Mem:2.76M, Peak:2.76M | Scene, ViewLayer | Updating Objects
Fra:1 Mem:26.68M (Peak 34.62M) | Time:00:00.02 | Mem:2.76M, Peak:2.76M | Scene, ViewLayer | Updating Objects | Copying Transformations to device
Fra:1 Mem:26.75M (Peak 34.62M) | Time:00:00.02 | Mem:2.82M, Peak:2.82M | Scene, ViewLayer | Updating Objects | Applying Static Transformations
Fra:1 Mem:26.75M (Peak 34.62M) | Time:00:00.02 | Mem:2.82M, Peak:2.82M | Scene, ViewLayer | Updating Particle Systems
Fra:1 Mem:26.75M (Peak 34.62M) | Time:00:00.02 | Mem:2.82M, Peak:2.82M | Scene, ViewLayer | Updating Particle Systems | Copying Particles to device
Fra:1 Mem:26.75M (Peak 34.62M) | Time:00:00.02 | Mem:2.82M, Peak:2.82M | Scene, ViewLayer | Updating Meshes
Fra:1 Mem:26.83M (Peak 34.62M) | Time:00:00.02 | Mem:2.82M, Peak:2.82M | Scene, ViewLayer | Updating Mesh | Computing attributes
Fra:1 Mem:27.12M (Peak 34.62M) | Time:00:00.02 | Mem:2.84M, Peak:2.84M | Scene, ViewLayer | Updating Mesh | Copying Attributes to device
Fra:1 Mem:27.07M (Peak 34.62M) | Time:00:00.02 | Mem:3.06M, Peak:3.06M | Scene, ViewLayer | Updating Scene BVH | Building
Fra:1 Mem:27.07M (Peak 34.62M) | Time:00:00.02 | Mem:3.06M, Peak:3.06M | Scene, ViewLayer | Updating Scene BVH | Building BVH
Fra:1 Mem:27.07M (Peak 34.62M) | Time:00:00.02 | Mem:3.22M, Peak:3.22M | Scene, ViewLayer | Updating Scene BVH | Building BVH 0%
Fra:1 Mem:27.07M (Peak 34.62M) | Time:00:00.02 | Mem:3.38M, Peak:3.54M | Scene, ViewLayer | Updating Scene BVH | Copying BVH to device
Fra:1 Mem:27.07M (Peak 34.62M) | Time:00:00.02 | Mem:3.38M, Peak:3.54M | Scene, ViewLayer | Updating Mesh | Computing normals
Fra:1 Mem:27.43M (Peak 34.62M) | Time:00:00.02 | Mem:3.38M, Peak:3.54M | Scene, ViewLayer | Updating Mesh | Copying Mesh to device
Fra:1 Mem:27.43M (Peak 34.62M) | Time:00:00.02 | Mem:3.74M, Peak:3.74M | Scene, ViewLayer | Updating Objects Flags
Fra:1 Mem:27.43M (Peak 34.62M) | Time:00:00.02 | Mem:3.74M, Peak:3.74M | Scene, ViewLayer | Updating Primitive Offsets
Fra:1 Mem:27.43M (Peak 34.62M) | Time:00:00.02 | Mem:3.74M, Peak:3.74M | Scene, ViewLayer | Updating Images
Fra:1 Mem:27.43M (Peak 34.62M) | Time:00:00.02 | Mem:3.74M, Peak:3.74M | Scene, ViewLayer | Updating Camera Volume
Fra:1 Mem:27.43M (Peak 34.62M) | Time:00:00.02 | Mem:3.74M, Peak:3.74M | Scene, ViewLayer | Updating Lookup Tables
Fra:1 Mem:27.43M (Peak 34.62M) | Time:00:00.02 | Mem:3.82M, Peak:3.82M | Scene, ViewLayer | Updating Lights
Fra:1 Mem:27.43M (Peak 34.62M) | Time:00:00.02 | Mem:3.82M, Peak:3.82M | Scene, ViewLayer | Updating Lights | Computing tree
Fra:1 Mem:27.57M (Peak 34.62M) | Time:00:00.02 | Mem:3.96M, Peak:3.96M | Scene, ViewLayer | Updating Integrator
Fra:1 Mem:27.57M (Peak 34.62M) | Time:00:00.02 | Mem:3.96M, Peak:3.96M | Scene, ViewLayer | Updating Film
Fra:1 Mem:27.57M (Peak 34.62M) | Time:00:00.02 | Mem:3.88M, Peak:3.96M | Scene, ViewLayer | Updating Lookup Tables
Fra:1 Mem:27.57M (Peak 34.62M) | Time:00:00.02 | Mem:3.97M, Peak:3.97M | Scene, ViewLayer | Updating Baking
Fra:1 Mem:27.57M (Peak 34.62M) | Time:00:00.02 | Mem:3.97M, Peak:3.97M | Scene, ViewLayer | Updating Device | Writing constant memory
Fra:1 Mem:27.58M (Peak 34.62M) | Time:00:00.02 | Mem:3.97M, Peak:3.97M | Scene, ViewLayer | Sample 0/32
Fra:1 Mem:27.80M (Peak 34.62M) | Time:00:00.02 | Remaining:00:00.12 | Mem:4.19M, Peak:4.19M | Scene, ViewLayer | Sample 1/32
Fra:1 Mem:27.89M (Peak 34.62M) | Time:00:00.13 | Mem:4.19M, Peak:4.19M | Scene, ViewLayer | Sample 32/32
Fra:1 Mem:27.89M (Peak 34.62M) | Time:00:00.13 | Mem:4.19M, Peak:4.19M | Scene, ViewLayer | Finished
Saved: '/root/sidereal_spacetime/output/playwright/planet-reference-20260914/crystal-moons-r009-parity/moon-1-gltf-front-faces-only-reference-scale.png'
Time: 00:00.13 (Saving: 00:00.00)

Read blend: "/root/sidereal_spacetime/output/playwright/planet-reference-20260914/crystal-moon-2-r009/kit.blend"
Fra:1 Mem:22.04M (Peak 22.04M) | Time:00:00.00 | Mem:0.00M, Peak:0.00M | Scene, ViewLayer | Synchronizing object | GEO-planets--crystal-moon-2-connected-crystalline-body
Fra:1 Mem:22.19M (Peak 22.19M) | Time:00:00.00 | Mem:0.00M, Peak:0.00M | Scene, ViewLayer | Synchronizing object | GEO-native-regional-fracture-2-panel-1-section-5-band-2
Fra:1 Mem:22.19M (Peak 22.19M) | Time:00:00.00 | Mem:0.00M, Peak:0.00M | Scene, ViewLayer | Synchronizing object | GEO-native-regional-fracture-2-panel-1-section-6-band-0
Fra:1 Mem:22.19M (Peak 22.19M) | Time:00:00.00 | Mem:0.00M, Peak:0.00M | Scene, ViewLayer | Synchronizing object | GEO-native-regional-fracture-2-panel-1-section-6-band-1
Fra:1 Mem:22.19M (Peak 22.19M) | Time:00:00.00 | Mem:0.00M, Peak:0.00M | Scene, ViewLayer | Synchronizing object | GEO-native-regional-fracture-2-panel-1-section-6-band-2
Fra:1 Mem:22.20M (Peak 22.20M) | Time:00:00.00 | Mem:0.00M, Peak:0.00M | Scene, ViewLayer | Synchronizing object | GEO-native-regional-fracture-2-panel-1-section-7-band-0
Fra:1 Mem:22.20M (Peak 22.20M) | Time:00:00.00 | Mem:0.00M, Peak:0.00M | Scene, ViewLayer | Synchronizing object | GEO-native-regional-fracture-2-panel-1-section-7-band-1
Fra:1 Mem:22.20M (Peak 22.20M) | Time:00:00.00 | Mem:0.00M, Peak:0.00M | Scene, ViewLayer | Synchronizing object | GEO-native-regional-fracture-2-panel-1-section-7-band-2
Fra:1 Mem:22.20M (Peak 22.20M) | Time:00:00.00 | Mem:0.00M, Peak:0.00M | Scene, ViewLayer | Synchronizing object | GEO-native-regional-fracture-2-panel-1-section-8-band-0
Fra:1 Mem:22.20M (Peak 22.20M) | Time:00:00.00 | Mem:0.00M, Peak:0.00M | Scene, ViewLayer | Synchronizing object | GEO-native-regional-fracture-2-panel-1-section-8-band-1
Fra:1 Mem:22.21M (Peak 22.21M) | Time:00:00.00 | Mem:0.00M, Peak:0.00M | Scene, ViewLayer | Synchronizing object | GEO-native-regional-fracture-2-panel-1-section-8-band-2
Fra:1 Mem:22.21M (Peak 22.21M) | Time:00:00.00 | Mem:0.00M, Peak:0.00M | Scene, ViewLayer | Synchronizing object | GEO-native-regional-fracture-1-panel-2-section-12-band-2
Fra:1 Mem:22.21M (Peak 22.21M) | Time:00:00.00 | Mem:0.00M, Peak:0.00M | Scene, ViewLayer | Synchronizing object | GEO-native-regional-fracture-1-panel-2-section-13-band-1
Fra:1 Mem:22.21M (Peak 22.21M) | Time:00:00.00 | Mem:0.00M, Peak:0.00M | Scene, ViewLayer | Synchronizing object | GEO-native-regional-fracture-1-panel-2-section-13-band-2
Fra:1 Mem:22.21M (Peak 22.21M) | Time:00:00.00 | Mem:0.00M, Peak:0.00M | Scene, ViewLayer | Synchronizing object | GEO-native-regional-fracture-1-panel-2-section-1-band-0
Fra:1 Mem:22.22M (Peak 22.22M) | Time:00:00.00 | Mem:0.00M, Peak:0.00M | Scene, ViewLayer | Synchronizing object | GEO-native-regional-fracture-1-panel-2-section-1-band-1
Fra:1 Mem:22.22M (Peak 22.22M) | Time:00:00.00 | Mem:0.00M, Peak:0.00M | Scene, ViewLayer | Synchronizing object | GEO-native-regional-fracture-1-panel-2-section-1-band-2
Fra:1 Mem:22.22M (Peak 22.22M) | Time:00:00.00 | Mem:0.00M, Peak:0.00M | Scene, ViewLayer | Synchronizing object | GEO-native-regional-fracture-1-panel-2-section-2-band-0
Fra:1 Mem:22.22M (Peak 22.22M) | Time:00:00.00 | Mem:0.00M, Peak:0.00M | Scene, ViewLayer | Synchronizing object | GEO-native-regional-fracture-1-panel-2-section-2-band-1
Fra:1 Mem:22.22M (Peak 22.22M) | Time:00:00.00 | Mem:0.00M, Peak:0.00M | Scene, ViewLayer | Synchronizing object | GEO-native-regional-fracture-1-panel-2-section-2-band-2
Fra:1 Mem:22.23M (Peak 22.23M) | Time:00:00.00 | Mem:0.00M, Peak:0.00M | Scene, ViewLayer | Synchronizing object | GEO-native-regional-fracture-1-panel-2-section-3-band-0
Fra:1 Mem:22.23M (Peak 22.23M) | Time:00:00.00 | Mem:0.00M, Peak:0.00M | Scene, ViewLayer | Synchronizing object | GEO-native-regional-fracture-1-panel-2-section-3-band-1
Fra:1 Mem:22.23M (Peak 22.23M) | Time:00:00.00 | Mem:0.00M, Peak:0.00M | Scene, ViewLayer | Synchronizing object | GEO-native-regional-fracture-1-panel-2-section-3-band-2
Fra:1 Mem:22.23M (Peak 22.23M) | Time:00:00.00 | Mem:0.00M, Peak:0.00M | Scene, ViewLayer | Synchronizing object | GEO-native-regional-fracture-1-panel-2-section-4-band-0
Fra:1 Mem:22.23M (Peak 22.23M) | Time:00:00.00 | Mem:0.00M, Peak:0.00M | Scene, ViewLayer | Synchronizing object | GEO-native-regional-fracture-1-panel-2-section-4-band-1
Fra:1 Mem:22.24M (Peak 22.24M) | Time:00:00.00 | Mem:0.00M, Peak:0.00M | Scene, ViewLayer | Synchronizing object | GEO-native-regional-fracture-1-panel-2-section-4-band-2
Fra:1 Mem:22.24M (Peak 22.24M) | Time:00:00.00 | Mem:0.00M, Peak:0.00M | Scene, ViewLayer | Synchronizing object | GEO-native-regional-fracture-1-panel-4-section-11-band-0
Fra:1 Mem:22.24M (Peak 22.24M) | Time:00:00.00 | Mem:0.00M, Peak:0.00M | Scene, ViewLayer | Synchronizing object | GEO-native-regional-fracture-1-panel-4-section-11-band-1
Fra:1 Mem:22.24M (Peak 22.24M) | Time:00:00.00 | Mem:0.00M, Peak:0.00M | Scene, ViewLayer | Synchronizing object | GEO-native-regional-fracture-1-panel-4-section-11-band-2
Fra:1 Mem:22.25M (Peak 22.25M) | Time:00:00.00 | Mem:0.00M, Peak:0.00M | Scene, ViewLayer | Synchronizing object | GEO-native-regional-fracture-1-panel-4-section-14-band-1
Fra:1 Mem:22.25M (Peak 22.25M) | Time:00:00.00 | Mem:0.00M, Peak:0.00M | Scene, ViewLayer | Synchronizing object | GEO-native-regional-fracture-1-panel-4-section-14-band-2
Fra:1 Mem:22.25M (Peak 22.25M) | Time:00:00.00 | Mem:0.00M, Peak:0.00M | Scene, ViewLayer | Synchronizing object | GEO-native-regional-fracture-0-panel-5-section-1-band-0
Fra:1 Mem:22.25M (Peak 22.25M) | Time:00:00.00 | Mem:0.00M, Peak:0.00M | Scene, ViewLayer | Synchronizing object | GEO-native-regional-fracture-0-panel-5-section-1-band-1
Fra:1 Mem:22.25M (Peak 22.25M) | Time:00:00.00 | Mem:0.00M, Peak:0.00M | Scene, ViewLayer | Synchronizing object | GEO-native-regional-fracture-0-panel-5-section-2-band-0
Fra:1 Mem:22.26M (Peak 22.26M) | Time:00:00.00 | Mem:0.00M, Peak:0.00M | Scene, ViewLayer | Synchronizing object | GEO-native-regional-fracture-0-panel-5-section-2-band-1
Fra:1 Mem:22.26M (Peak 22.26M) | Time:00:00.00 | Mem:0.00M, Peak:0.00M | Scene, ViewLayer | Synchronizing object | GEO-native-regional-fracture-0-panel-5-section-2-band-2
Fra:1 Mem:22.26M (Peak 22.26M) | Time:00:00.00 | Mem:0.00M, Peak:0.00M | Scene, ViewLayer | Synchronizing object | GEO-native-regional-fracture-0-panel-5-section-3-band-0
Fra:1 Mem:22.26M (Peak 22.26M) | Time:00:00.00 | Mem:0.00M, Peak:0.00M | Scene, ViewLayer | Synchronizing object | GEO-native-regional-fracture-0-panel-5-section-3-band-1
Fra:1 Mem:22.27M (Peak 22.27M) | Time:00:00.00 | Mem:0.00M, Peak:0.00M | Scene, ViewLayer | Synchronizing object | GEO-native-regional-fracture-0-panel-5-section-3-band-2
Fra:1 Mem:22.27M (Peak 22.27M) | Time:00:00.00 | Mem:0.00M, Peak:0.00M | Scene, ViewLayer | Synchronizing object | GEO-native-regional-fracture-0-panel-25-section-15-band-2
Fra:1 Mem:22.27M (Peak 22.27M) | Time:00:00.00 | Mem:0.00M, Peak:0.00M | Scene, ViewLayer | Synchronizing object | GEO-native-regional-fracture-0-panel-5-section-4-band-1
Fra:1 Mem:22.27M (Peak 22.27M) | Time:00:00.00 | Mem:0.00M, Peak:0.00M | Scene, ViewLayer | Synchronizing object | GEO-native-regional-fracture-0-panel-5-section-4-band-2
Fra:1 Mem:22.27M (Peak 22.27M) | Time:00:00.00 | Mem:0.00M, Peak:0.00M | Scene, ViewLayer | Synchronizing object | GEO-native-regional-fracture-0-panel-25-section-14-band-2
Fra:1 Mem:22.27M (Peak 22.27M) | Time:00:00.00 | Mem:0.00M, Peak:0.00M | Scene, ViewLayer | Synchronizing object | GEO-native-regional-fracture-0-panel-5-section-5-band-1
Fra:1 Mem:22.27M (Peak 22.27M) | Time:00:00.00 | Mem:0.00M, Peak:0.00M | Scene, ViewLayer | Synchronizing object | GEO-native-regional-fracture-0-panel-25-section-11-band-2
Fra:1 Mem:22.29M (Peak 22.29M) | Time:00:00.00 | Mem:0.00M, Peak:0.00M | Scene, ViewLayer | Synchronizing object | GEO-native-regional-fracture-1-panel-6-section-10-band-0
Fra:1 Mem:22.28M (Peak 22.29M) | Time:00:00.00 | Mem:0.00M, Peak:0.00M | Scene, ViewLayer | Synchronizing object | GEO-native-regional-fracture-0-panel-25-section-10-band-2
Fra:1 Mem:22.28M (Peak 22.29M) | Time:00:00.00 | Mem:0.00M, Peak:0.00M | Scene, ViewLayer | Synchronizing object | GEO-native-regional-fracture-1-panel-6-section-11-band-0
Fra:1 Mem:22.28M (Peak 22.29M) | Time:00:00.00 | Mem:0.00M, Peak:0.00M | Scene, ViewLayer | Synchronizing object | GEO-native-regional-fracture-0-panel-23-section-15-band-2
Fra:1 Mem:22.28M (Peak 22.29M) | Time:00:00.00 | Mem:0.00M, Peak:0.00M | Scene, ViewLayer | Synchronizing object | GEO-native-regional-fracture-1-panel-6-section-14-band-0
Fra:1 Mem:22.28M (Peak 22.29M) | Time:00:00.00 | Mem:0.00M, Peak:0.00M | Scene, ViewLayer | Synchronizing object | GEO-native-regional-fracture-0-panel-23-section-14-band-2
Fra:1 Mem:22.29M (Peak 22.29M) | Time:00:00.00 | Mem:0.00M, Peak:0.00M | Scene, ViewLayer | Synchronizing object | GEO-native-regional-fracture-1-panel-6-section-14-band-1
Fra:1 Mem:22.29M (Peak 22.29M) | Time:00:00.00 | Mem:0.00M, Peak:0.00M | Scene, ViewLayer | Synchronizing object | GEO-native-regional-fracture-0-panel-23-section-14-band-1
Fra:1 Mem:22.29M (Peak 22.29M) | Time:00:00.00 | Mem:0.00M, Peak:0.00M | Scene, ViewLayer | Synchronizing object | GEO-native-regional-fracture-1-panel-6-section-15-band-1
Fra:1 Mem:22.29M (Peak 22.29M) | Time:00:00.00 | Mem:0.00M, Peak:0.00M | Scene, ViewLayer | Synchronizing object | GEO-native-regional-fracture-0-panel-23-section-11-band-1
Fra:1 Mem:22.29M (Peak 22.29M) | Time:00:00.00 | Mem:0.00M, Peak:0.00M | Scene, ViewLayer | Synchronizing object | GEO-native-regional-fracture-1-panel-6-section-15-band-2
Fra:1 Mem:22.30M (Peak 22.30M) | Time:00:00.00 | Mem:0.00M, Peak:0.00M | Scene, ViewLayer | Synchronizing object | GEO-native-regional-fracture-0-panel-23-section-11-band-0
Fra:1 Mem:22.31M (Peak 22.31M) | Time:00:00.00 | Mem:0.00M, Peak:0.00M | Scene, ViewLayer | Synchronizing object | GEO-native-regional-fracture-0-panel-7-section-4-band-2
Fra:1 Mem:22.30M (Peak 22.31M) | Time:00:00.00 | Mem:0.00M, Peak:0.00M | Scene, ViewLayer | Synchronizing object | GEO-native-regional-fracture-0-panel-23-section-10-band-0
Fra:1 Mem:22.30M (Peak 22.31M) | Time:00:00.00 | Mem:0.00M, Peak:0.00M | Scene, ViewLayer | Synchronizing object | GEO-native-regional-fracture-0-panel-7-section-5-band-1
Fra:1 Mem:22.30M (Peak 22.31M) | Time:00:00.00 | Mem:0.00M, Peak:0.00M | Scene, ViewLayer | Synchronizing object | GEO-native-regional-fracture-2-panel-22-section-10-band-0
Fra:1 Mem:22.30M (Peak 22.31M) | Time:00:00.00 | Mem:0.00M, Peak:0.00M | Scene, ViewLayer | Synchronizing object | GEO-native-regional-fracture-0-panel-7-section-5-band-2
Fra:1 Mem:22.32M (Peak 22.32M) | Time:00:00.00 | Mem:0.00M, Peak:0.00M | Scene, ViewLayer | Synchronizing object | GEO-native-regional-fracture-2-panel-22-section-9-band-0
Fra:1 Mem:22.31M (Peak 22.32M) | Time:00:00.00 | Mem:0.00M, Peak:0.00M | Scene, ViewLayer | Synchronizing object | GEO-native-regional-fracture-0-panel-7-section-6-band-1
Fra:1 Mem:22.31M (Peak 22.32M) | Time:00:00.00 | Mem:0.00M, Peak:0.00M | Scene, ViewLayer | Synchronizing object | GEO-native-regional-fracture-2-panel-22-section-8-band-0
Fra:1 Mem:22.31M (Peak 22.32M) | Time:00:00.00 | Mem:0.00M, Peak:0.00M | Scene, ViewLayer | Synchronizing object | GEO-native-regional-fracture-0-panel-7-section-6-band-2
Fra:1 Mem:22.31M (Peak 22.32M) | Time:00:00.00 | Mem:0.00M, Peak:0.00M | Scene, ViewLayer | Synchronizing object | GEO-native-regional-fracture-2-panel-22-section-7-band-0
Fra:1 Mem:22.31M (Peak 22.32M) | Time:00:00.00 | Mem:0.00M, Peak:0.00M | Scene, ViewLayer | Synchronizing object | GEO-native-regional-fracture-0-panel-7-section-7-band-2
Fra:1 Mem:22.31M (Peak 22.32M) | Time:00:00.00 | Mem:0.00M, Peak:0.00M | Scene, ViewLayer | Synchronizing object | GEO-native-regional-fracture-0-panel-21-section-11-band-2
Fra:1 Mem:22.32M (Peak 22.32M) | Time:00:00.00 | Mem:0.00M, Peak:0.00M | Scene, ViewLayer | Synchronizing object | GEO-native-regional-fracture-0-panel-7-section-8-band-1
Fra:1 Mem:22.32M (Peak 22.32M) | Time:00:00.00 | Mem:0.00M, Peak:0.00M | Scene, ViewLayer | Synchronizing object | GEO-native-regional-fracture-0-panel-21-section-10-band-2
Fra:1 Mem:22.32M (Peak 22.32M) | Time:00:00.00 | Mem:0.00M, Peak:0.00M | Scene, ViewLayer | Synchronizing object | GEO-native-regional-fracture-0-panel-7-section-8-band-2
Fra:1 Mem:22.32M (Peak 22.32M) | Time:00:00.00 | Mem:0.00M, Peak:0.00M | Scene, ViewLayer | Synchronizing object | GEO-native-regional-fracture-0-panel-21-section-10-band-1
Fra:1 Mem:22.32M (Peak 22.32M) | Time:00:00.00 | Mem:0.00M, Peak:0.00M | Scene, ViewLayer | Synchronizing object | GEO-native-regional-fracture-2-panel-8-section-2-band-0
Fra:1 Mem:22.32M (Peak 22.32M) | Time:00:00.00 | Mem:0.00M, Peak:0.00M | Scene, ViewLayer | Synchronizing object | GEO-native-regional-fracture-0-panel-21-section-10-band-0
Fra:1 Mem:22.33M (Peak 22.33M) | Time:00:00.00 | Mem:0.00M, Peak:0.00M | Scene, ViewLayer | Synchronizing object | GEO-native-regional-fracture-2-panel-8-section-2-band-1
Fra:1 Mem:22.33M (Peak 22.33M) | Time:00:00.00 | Mem:0.00M, Peak:0.00M | Scene, ViewLayer | Synchronizing object | GEO-native-regional-fracture-0-panel-21-section-9-band-2
Fra:1 Mem:22.33M (Peak 22.33M) | Time:00:00.00 | Mem:0.00M, Peak:0.00M | Scene, ViewLayer | Synchronizing object | GEO-native-regional-fracture-2-panel-8-section-2-band-2
Fra:1 Mem:22.33M (Peak 22.33M) | Time:00:00.00 | Mem:0.00M, Peak:0.00M | Scene, ViewLayer | Synchronizing object | GEO-native-regional-fracture-0-panel-21-section-9-band-1
Fra:1 Mem:22.33M (Peak 22.33M) | Time:00:00.00 | Mem:0.00M, Peak:0.00M | Scene, ViewLayer | Synchronizing object | GEO-native-regional-fracture-1-panel-10-section-1-band-2
Fra:1 Mem:22.33M (Peak 22.33M) | Time:00:00.00 | Mem:0.00M, Peak:0.00M | Scene, ViewLayer | Synchronizing object | GEO-native-regional-fracture-0-panel-21-section-9-band-0
Fra:1 Mem:22.33M (Peak 22.33M) | Time:00:00.00 | Mem:0.00M, Peak:0.00M | Scene, ViewLayer | Synchronizing object | GEO-native-regional-fracture-1-panel-10-section-2-band-2
Fra:1 Mem:22.34M (Peak 22.34M) | Time:00:00.00 | Mem:0.00M, Peak:0.00M | Scene, ViewLayer | Synchronizing object | GEO-native-regional-fracture-0-panel-21-section-8-band-2
Fra:1 Mem:22.34M (Peak 22.34M) | Time:00:00.00 | Mem:0.00M, Peak:0.00M | Scene, ViewLayer | Synchronizing object | GEO-native-regional-fracture-1-panel-10-section-3-band-1
Fra:1 Mem:22.34M (Peak 22.34M) | Time:00:00.00 | Mem:0.00M, Peak:0.00M | Scene, ViewLayer | Synchronizing object | GEO-native-regional-fracture-0-panel-21-section-8-band-1
Fra:1 Mem:22.36M (Peak 22.36M) | Time:00:00.00 | Mem:0.00M, Peak:0.00M | Scene, ViewLayer | Synchronizing object | GEO-native-regional-fracture-1-panel-10-section-3-band-2
Fra:1 Mem:22.34M (Peak 22.36M) | Time:00:00.00 | Mem:0.00M, Peak:0.00M | Scene, ViewLayer | Synchronizing object | GEO-native-regional-fracture-0-panel-21-section-8-band-0
Fra:1 Mem:22.34M (Peak 22.36M) | Time:00:00.00 | Mem:0.00M, Peak:0.00M | Scene, ViewLayer | Synchronizing object | GEO-native-regional-fracture-1-panel-10-section-4-band-2
Fra:1 Mem:22.34M (Peak 22.36M) | Time:00:00.00 | Mem:0.00M, Peak:0.00M | Scene, ViewLayer | Synchronizing object | GEO-native-regional-fracture-2-panel-17-section-6-band-2
Fra:1 Mem:22.35M (Peak 22.36M) | Time:00:00.00 | Mem:0.00M, Peak:0.00M | Scene, ViewLayer | Synchronizing object | GEO-native-regional-fracture-1-panel-10-section-5-band-1
Fra:1 Mem:22.35M (Peak 22.36M) | Time:00:00.00 | Mem:0.00M, Peak:0.00M | Scene, ViewLayer | Synchronizing object | GEO-native-regional-fracture-2-panel-17-section-5-band-2
Fra:1 Mem:22.36M (Peak 22.36M) | Time:00:00.00 | Mem:0.00M, Peak:0.00M | Scene, ViewLayer | Synchronizing object | GEO-native-regional-fracture-1-panel-10-section-5-band-2
Fra:1 Mem:22.35M (Peak 22.36M) | Time:00:00.00 | Mem:0.00M, Peak:0.00M | Scene, ViewLayer | Synchronizing object | GEO-native-regional-fracture-2-panel-17-section-4-band-2
Fra:1 Mem:22.35M (Peak 22.36M) | Time:00:00.00 | Mem:0.00M, Peak:0.00M | Scene, ViewLayer | Synchronizing object | GEO-native-regional-fracture-1-panel-10-section-6-band-1
Fra:1 Mem:22.35M (Peak 22.36M) | Time:00:00.00 | Mem:0.00M, Peak:0.00M | Scene, ViewLayer | Synchronizing object | GEO-native-regional-fracture-2-panel-17-section-4-band-1
Fra:1 Mem:22.36M (Peak 22.36M) | Time:00:00.00 | Mem:0.00M, Peak:0.00M | Scene, ViewLayer | Synchronizing object | GEO-native-regional-fracture-1-panel-10-section-6-band-2
Fra:1 Mem:22.36M (Peak 22.36M) | Time:00:00.00 | Mem:0.00M, Peak:0.00M | Scene, ViewLayer | Synchronizing object | GEO-native-regional-fracture-2-panel-17-section-4-band-0
Fra:1 Mem:22.36M (Peak 22.36M) | Time:00:00.00 | Mem:0.00M, Peak:0.00M | Scene, ViewLayer | Synchronizing object | GEO-native-regional-fracture-1-panel-10-section-7-band-2
Fra:1 Mem:22.36M (Peak 22.36M) | Time:00:00.00 | Mem:0.00M, Peak:0.00M | Scene, ViewLayer | Synchronizing object | GEO-native-regional-fracture-2-panel-17-section-3-band-2
Fra:1 Mem:22.38M (Peak 22.38M) | Time:00:00.00 | Mem:0.00M, Peak:0.00M | Scene, ViewLayer | Synchronizing object | GEO-native-regional-fracture-2-panel-11-section-2-band-0
Fra:1 Mem:22.36M (Peak 22.38M) | Time:00:00.00 | Mem:0.00M, Peak:0.00M | Scene, ViewLayer | Synchronizing object | GEO-native-regional-fracture-2-panel-17-section-3-band-1
Fra:1 Mem:22.38M (Peak 22.38M) | Time:00:00.00 | Mem:0.00M, Peak:0.00M | Scene, ViewLayer | Synchronizing object | GEO-native-regional-fracture-2-panel-11-section-2-band-1
Fra:1 Mem:22.37M (Peak 22.38M) | Time:00:00.00 | Mem:0.00M, Peak:0.00M | Scene, ViewLayer | Synchronizing object | GEO-native-regional-fracture-2-panel-17-section-3-band-0
Fra:1 Mem:22.37M (Peak 22.38M) | Time:00:00.00 | Mem:0.00M, Peak:0.00M | Scene, ViewLayer | Synchronizing object | GEO-native-regional-fracture-2-panel-11-section-2-band-2
Fra:1 Mem:22.37M (Peak 22.38M) | Time:00:00.00 | Mem:0.00M, Peak:0.00M | Scene, ViewLayer | Synchronizing object | GEO-native-regional-fracture-2-panel-17-section-2-band-1
Fra:1 Mem:22.37M (Peak 22.38M) | Time:00:00.00 | Mem:0.00M, Peak:0.00M | Scene, ViewLayer | Synchronizing object | GEO-native-regional-fracture-2-panel-11-section-3-band-0
Fra:1 Mem:22.37M (Peak 22.38M) | Time:00:00.00 | Mem:0.00M, Peak:0.00M | Scene, ViewLayer | Synchronizing object | GEO-native-regional-fracture-2-panel-17-section-2-band-0
Fra:1 Mem:22.37M (Peak 22.38M) | Time:00:00.00 | Mem:0.00M, Peak:0.00M | Scene, ViewLayer | Synchronizing object | GEO-native-regional-fracture-2-panel-11-section-3-band-1
Fra:1 Mem:22.37M (Peak 22.38M) | Time:00:00.00 | Mem:0.00M, Peak:0.00M | Scene, ViewLayer | Synchronizing object | GEO-native-regional-fracture-0-panel-16-section-5-band-1
Fra:1 Mem:22.38M (Peak 22.38M) | Time:00:00.00 | Mem:0.00M, Peak:0.00M | Scene, ViewLayer | Synchronizing object | GEO-native-regional-fracture-2-panel-11-section-3-band-2
Fra:1 Mem:22.38M (Peak 22.38M) | Time:00:00.00 | Mem:0.00M, Peak:0.00M | Scene, ViewLayer | Synchronizing object | GEO-native-regional-fracture-0-panel-16-section-5-band-0
Fra:1 Mem:22.38M (Peak 22.38M) | Time:00:00.00 | Mem:0.00M, Peak:0.00M | Scene, ViewLayer | Synchronizing object | GEO-native-regional-fracture-2-panel-11-section-4-band-2
Fra:1 Mem:22.38M (Peak 22.38M) | Time:00:00.00 | Mem:0.00M, Peak:0.00M | Scene, ViewLayer | Synchronizing object | GEO-native-regional-fracture-0-panel-16-section-4-band-1
Fra:1 Mem:22.38M (Peak 22.38M) | Time:00:00.00 | Mem:0.00M, Peak:0.00M | Scene, ViewLayer | Synchronizing object | GEO-native-regional-fracture-2-panel-11-section-5-band-2
Fra:1 Mem:22.38M (Peak 22.38M) | Time:00:00.00 | Mem:0.00M, Peak:0.00M | Scene, ViewLayer | Synchronizing object | GEO-native-regional-fracture-0-panel-16-section-4-band-0
Fra:1 Mem:22.38M (Peak 22.38M) | Time:00:00.00 | Mem:0.00M, Peak:0.00M | Scene, ViewLayer | Synchronizing object | GEO-native-regional-fracture-2-panel-14-section-2-band-0
Fra:1 Mem:22.39M (Peak 22.39M) | Time:00:00.00 | Mem:0.00M, Peak:0.00M | Scene, ViewLayer | Synchronizing object | GEO-native-regional-fracture-0-panel-16-section-3-band-1
Fra:1 Mem:22.39M (Peak 22.39M) | Time:00:00.00 | Mem:0.00M, Peak:0.00M | Scene, ViewLayer | Synchronizing object | GEO-native-regional-fracture-2-panel-14-section-3-band-0
Fra:1 Mem:22.39M (Peak 22.39M) | Time:00:00.00 | Mem:0.00M, Peak:0.00M | Scene, ViewLayer | Synchronizing object | GEO-native-regional-fracture-0-panel-16-section-3-band-0
Fra:1 Mem:22.39M (Peak 22.39M) | Time:00:00.00 | Mem:0.00M, Peak:0.00M | Scene, ViewLayer | Synchronizing object | GEO-native-regional-fracture-2-panel-14-section-4-band-0
Fra:1 Mem:22.41M (Peak 22.41M) | Time:00:00.00 | Mem:0.00M, Peak:0.00M | Scene, ViewLayer | Synchronizing object | GEO-native-regional-fracture-0-panel-16-section-2-band-0
Fra:1 Mem:22.40M (Peak 22.41M) | Time:00:00.00 | Mem:0.00M, Peak:0.00M | Scene, ViewLayer | Synchronizing object | GEO-native-regional-fracture-2-panel-14-section-4-band-1
Fra:1 Mem:22.40M (Peak 22.41M) | Time:00:00.00 | Mem:0.00M, Peak:0.00M | Scene, ViewLayer | Synchronizing object | GEO-native-regional-fracture-1-panel-15-section-10-band-2
Fra:1 Mem:22.40M (Peak 22.41M) | Time:00:00.00 | Mem:0.00M, Peak:0.00M | Scene, ViewLayer | Synchronizing object | GEO-native-regional-fracture-2-panel-14-section-4-band-2
Fra:1 Mem:22.40M (Peak 22.41M) | Time:00:00.00 | Mem:0.00M, Peak:0.00M | Scene, ViewLayer | Synchronizing object | GEO-native-regional-fracture-1-panel-15-section-9-band-2
Fra:1 Mem:22.40M (Peak 22.41M) | Time:00:00.00 | Mem:0.00M, Peak:0.00M | Scene, ViewLayer | Synchronizing object | GEO-native-regional-fracture-2-panel-14-section-5-band-0
Fra:1 Mem:22.40M (Peak 22.41M) | Time:00:00.00 | Mem:0.00M, Peak:0.00M | Scene, ViewLayer | Synchronizing object | GEO-native-regional-fracture-1-panel-15-section-8-band-2
Fra:1 Mem:22.40M (Peak 22.41M) | Time:00:00.00 | Mem:0.00M, Peak:0.00M | Scene, ViewLayer | Synchronizing object | GEO-native-regional-fracture-2-panel-14-section-5-band-1
Fra:1 Mem:22.40M (Peak 22.41M) | Time:00:00.00 | Mem:0.00M, Peak:0.00M | Scene, ViewLayer | Synchronizing object | GEO-native-regional-fracture-1-panel-15-section-7-band-2
Fra:1 Mem:22.41M (Peak 22.41M) | Time:00:00.00 | Mem:0.00M, Peak:0.00M | Scene, ViewLayer | Synchronizing object | GEO-native-regional-fracture-2-panel-14-section-5-band-2
Fra:1 Mem:22.41M (Peak 22.41M) | Time:00:00.00 | Mem:0.00M, Peak:0.00M | Scene, ViewLayer | Synchronizing object | GEO-native-regional-fracture-1-panel-15-section-6-band-2
Fra:1 Mem:22.41M (Peak 22.41M) | Time:00:00.00 | Mem:0.00M, Peak:0.00M | Scene, ViewLayer | Synchronizing object | GEO-native-regional-fracture-2-panel-14-section-6-band-0
Fra:1 Mem:22.41M (Peak 22.41M) | Time:00:00.00 | Mem:0.00M, Peak:0.00M | Scene, ViewLayer | Synchronizing object | GEO-native-regional-fracture-1-panel-15-section-5-band-2
Fra:1 Mem:22.41M (Peak 22.41M) | Time:00:00.00 | Mem:0.00M, Peak:0.00M | Scene, ViewLayer | Synchronizing object | GEO-native-regional-fracture-2-panel-14-section-6-band-1
Fra:1 Mem:22.41M (Peak 22.41M) | Time:00:00.00 | Mem:0.00M, Peak:0.00M | Scene, ViewLayer | Synchronizing object | GEO-native-regional-fracture-1-panel-15-section-4-band-2
Fra:1 Mem:22.41M (Peak 22.41M) | Time:00:00.00 | Mem:0.00M, Peak:0.00M | Scene, ViewLayer | Synchronizing object | GEO-native-regional-fracture-2-panel-14-section-6-band-2
Fra:1 Mem:22.42M (Peak 22.42M) | Time:00:00.00 | Mem:0.00M, Peak:0.00M | Scene, ViewLayer | Synchronizing object | GEO-native-regional-fracture-1-panel-15-section-3-band-2
Fra:1 Mem:22.43M (Peak 22.43M) | Time:00:00.00 | Mem:0.00M, Peak:0.00M | Scene, ViewLayer | Synchronizing object | GEO-native-regional-fracture-1-panel-15-section-2-band-2
Fra:1 Mem:22.42M (Peak 22.43M) | Time:00:00.00 | Mem:0.00M, Peak:0.00M | Scene, ViewLayer | Initializing
Fra:1 Mem:21.87M (Peak 22.43M) | Time:00:00.00 | Mem:0.00M, Peak:0.00M | Scene, ViewLayer | Updating Images | Loading Crystal9-material-7
Fra:1 Mem:22.38M (Peak 22.43M) | Time:00:00.00 | Mem:0.25M, Peak:0.25M | Scene, ViewLayer | Updating Images | Loading Crystal9-material-6
Fra:1 Mem:22.63M (Peak 22.63M) | Time:00:00.00 | Mem:0.50M, Peak:0.50M | Scene, ViewLayer | Updating Images | Loading Crystal9-roughness-0
Fra:1 Mem:22.88M (Peak 22.88M) | Time:00:00.00 | Mem:0.75M, Peak:0.75M | Scene, ViewLayer | Updating Images | Loading Crystal9-material-5
Fra:1 Mem:23.13M (Peak 23.13M) | Time:00:00.00 | Mem:1.00M, Peak:1.00M | Scene, ViewLayer | Updating Images | Loading Crystal9-material-1
Fra:1 Mem:23.38M (Peak 23.38M) | Time:00:00.00 | Mem:1.25M, Peak:1.25M | Scene, ViewLayer | Updating Images | Loading Crystal9-material-4
Fra:1 Mem:23.63M (Peak 23.63M) | Time:00:00.00 | Mem:1.50M, Peak:1.50M | Scene, ViewLayer | Updating Images | Loading Crystal9-material-3
Fra:1 Mem:23.88M (Peak 23.88M) | Time:00:00.00 | Mem:1.75M, Peak:1.75M | Scene, ViewLayer | Updating Images | Loading Crystal9-roughness-1
Fra:1 Mem:24.13M (Peak 24.13M) | Time:00:00.00 | Mem:2.00M, Peak:2.00M | Scene, ViewLayer | Updating Images | Loading Crystal9-roughness-2
Fra:1 Mem:24.38M (Peak 24.38M) | Time:00:00.00 | Mem:2.25M, Peak:2.25M | Scene, ViewLayer | Updating Images | Loading Crystal9-material-2
Fra:1 Mem:20.13M (Peak 24.38M) | Time:00:00.01 | Mem:2.75M, Peak:2.75M | Scene, ViewLayer | Waiting for render to start
Fra:1 Mem:20.13M (Peak 24.38M) | Time:00:00.01 | Mem:2.75M, Peak:2.75M | Scene, ViewLayer | Loading render kernels (may take a few minutes the first time)
Fra:1 Mem:20.13M (Peak 24.38M) | Time:00:00.01 | Mem:2.75M, Peak:2.75M | Scene, ViewLayer | Updating Scene
Fra:1 Mem:20.13M (Peak 24.38M) | Time:00:00.01 | Mem:2.75M, Peak:2.75M | Scene, ViewLayer | Updating Shaders
Fra:1 Mem:20.22M (Peak 24.38M) | Time:00:00.01 | Mem:2.76M, Peak:2.76M | Scene, ViewLayer | Updating Procedurals
Fra:1 Mem:20.22M (Peak 24.38M) | Time:00:00.01 | Mem:2.76M, Peak:2.76M | Scene, ViewLayer | Updating Background
Fra:1 Mem:20.22M (Peak 24.38M) | Time:00:00.01 | Mem:2.76M, Peak:2.76M | Scene, ViewLayer | Updating Camera
Fra:1 Mem:20.22M (Peak 24.38M) | Time:00:00.01 | Mem:2.76M, Peak:2.76M | Scene, ViewLayer | Updating Meshes Flags
Fra:1 Mem:20.22M (Peak 24.38M) | Time:00:00.01 | Mem:2.76M, Peak:2.76M | Scene, ViewLayer | Updating Objects
Fra:1 Mem:20.22M (Peak 24.38M) | Time:00:00.01 | Mem:2.76M, Peak:2.76M | Scene, ViewLayer | Updating Objects | Copying Transformations to device
Fra:1 Mem:20.25M (Peak 24.38M) | Time:00:00.01 | Mem:2.79M, Peak:2.79M | Scene, ViewLayer | Updating Objects | Applying Static Transformations
Fra:1 Mem:20.25M (Peak 24.38M) | Time:00:00.01 | Mem:2.79M, Peak:2.79M | Scene, ViewLayer | Updating Particle Systems
Fra:1 Mem:20.25M (Peak 24.38M) | Time:00:00.01 | Mem:2.79M, Peak:2.79M | Scene, ViewLayer | Updating Particle Systems | Copying Particles to device
Fra:1 Mem:20.25M (Peak 24.38M) | Time:00:00.01 | Mem:2.79M, Peak:2.79M | Scene, ViewLayer | Updating Meshes
Fra:1 Mem:20.29M (Peak 24.38M) | Time:00:00.01 | Mem:2.79M, Peak:2.79M | Scene, ViewLayer | Updating Mesh | Computing attributes
Fra:1 Mem:20.42M (Peak 24.38M) | Time:00:00.01 | Mem:2.80M, Peak:2.80M | Scene, ViewLayer | Updating Mesh | Copying Attributes to device
Fra:1 Mem:20.39M (Peak 24.38M) | Time:00:00.01 | Mem:2.89M, Peak:2.89M | Scene, ViewLayer | Updating Scene BVH | Building
Fra:1 Mem:20.39M (Peak 24.38M) | Time:00:00.01 | Mem:2.89M, Peak:2.89M | Scene, ViewLayer | Updating Scene BVH | Building BVH
Fra:1 Mem:20.39M (Peak 24.38M) | Time:00:00.01 | Mem:3.03M, Peak:3.10M | Scene, ViewLayer | Updating Scene BVH | Copying BVH to device
Fra:1 Mem:20.39M (Peak 24.38M) | Time:00:00.01 | Mem:3.03M, Peak:3.10M | Scene, ViewLayer | Updating Mesh | Computing normals
Fra:1 Mem:20.53M (Peak 24.38M) | Time:00:00.01 | Mem:3.03M, Peak:3.10M | Scene, ViewLayer | Updating Mesh | Copying Mesh to device
Fra:1 Mem:20.53M (Peak 24.38M) | Time:00:00.01 | Mem:3.17M, Peak:3.17M | Scene, ViewLayer | Updating Objects Flags
Fra:1 Mem:20.53M (Peak 24.38M) | Time:00:00.01 | Mem:3.17M, Peak:3.17M | Scene, ViewLayer | Updating Primitive Offsets
Fra:1 Mem:20.53M (Peak 24.38M) | Time:00:00.01 | Mem:3.17M, Peak:3.17M | Scene, ViewLayer | Updating Images
Fra:1 Mem:20.53M (Peak 24.38M) | Time:00:00.01 | Mem:3.17M, Peak:3.17M | Scene, ViewLayer | Updating Camera Volume
Fra:1 Mem:20.53M (Peak 24.38M) | Time:00:00.01 | Mem:3.17M, Peak:3.17M | Scene, ViewLayer | Updating Lookup Tables
Fra:1 Mem:20.53M (Peak 24.38M) | Time:00:00.01 | Mem:3.25M, Peak:3.25M | Scene, ViewLayer | Updating Lights
Fra:1 Mem:20.53M (Peak 24.38M) | Time:00:00.01 | Mem:3.26M, Peak:3.26M | Scene, ViewLayer | Updating Lights | Computing tree
Fra:1 Mem:20.59M (Peak 24.38M) | Time:00:00.01 | Mem:3.32M, Peak:3.32M | Scene, ViewLayer | Updating Integrator
Fra:1 Mem:20.59M (Peak 24.38M) | Time:00:00.01 | Mem:3.32M, Peak:3.32M | Scene, ViewLayer | Updating Film
Fra:1 Mem:20.59M (Peak 24.38M) | Time:00:00.01 | Mem:3.24M, Peak:3.32M | Scene, ViewLayer | Updating Lookup Tables
Fra:1 Mem:20.59M (Peak 24.38M) | Time:00:00.01 | Mem:3.32M, Peak:3.32M | Scene, ViewLayer | Updating Baking
Fra:1 Mem:20.59M (Peak 24.38M) | Time:00:00.01 | Mem:3.32M, Peak:3.32M | Scene, ViewLayer | Updating Device | Writing constant memory
Fra:1 Mem:20.60M (Peak 24.38M) | Time:00:00.01 | Mem:3.32M, Peak:3.32M | Scene, ViewLayer | Sample 0/32
Fra:1 Mem:48.41M (Peak 48.41M) | Time:00:00.34 | Remaining:00:10.43 | Mem:31.14M, Peak:31.14M | Scene, ViewLayer | Sample 1/32
Fra:1 Mem:60.77M (Peak 85.49M) | Time:00:10.06 | Mem:31.14M, Peak:31.14M | Scene, ViewLayer | Sample 32/32
Fra:1 Mem:60.77M (Peak 85.49M) | Time:00:10.06 | Mem:31.14M, Peak:31.14M | Scene, ViewLayer | Finished
Saved: '/root/sidereal_spacetime/output/playwright/planet-reference-20260914/crystal-moons-r009-parity/moon-2-native-two-sided-matched-angle2.png'
Time: 00:10.11 (Saving: 00:00.05)

Fra:1 Mem:22.16M (Peak 22.16M) | Time:00:00.00 | Mem:0.00M, Peak:0.00M | Scene, ViewLayer | Synchronizing object | GEO-planets--crystal-moon-2-connected-crystalline-body
Fra:1 Mem:22.26M (Peak 22.26M) | Time:00:00.00 | Mem:0.00M, Peak:0.00M | Scene, ViewLayer | Synchronizing object | GEO-native-regional-fracture-2-panel-1-section-5-band-2
Fra:1 Mem:22.26M (Peak 22.26M) | Time:00:00.00 | Mem:0.00M, Peak:0.00M | Scene, ViewLayer | Synchronizing object | GEO-native-regional-fracture-2-panel-1-section-6-band-0
Fra:1 Mem:22.27M (Peak 22.27M) | Time:00:00.00 | Mem:0.00M, Peak:0.00M | Scene, ViewLayer | Synchronizing object | GEO-native-regional-fracture-2-panel-1-section-6-band-1
Fra:1 Mem:22.27M (Peak 22.27M) | Time:00:00.00 | Mem:0.00M, Peak:0.00M | Scene, ViewLayer | Synchronizing object | GEO-native-regional-fracture-2-panel-1-section-6-band-2
Fra:1 Mem:22.27M (Peak 22.27M) | Time:00:00.00 | Mem:0.00M, Peak:0.00M | Scene, ViewLayer | Synchronizing object | GEO-native-regional-fracture-2-panel-1-section-7-band-0
Fra:1 Mem:22.27M (Peak 22.27M) | Time:00:00.00 | Mem:0.00M, Peak:0.00M | Scene, ViewLayer | Synchronizing object | GEO-native-regional-fracture-2-panel-1-section-7-band-1
Fra:1 Mem:22.27M (Peak 22.27M) | Time:00:00.00 | Mem:0.00M, Peak:0.00M | Scene, ViewLayer | Synchronizing object | GEO-native-regional-fracture-2-panel-1-section-7-band-2
Fra:1 Mem:22.27M (Peak 22.27M) | Time:00:00.00 | Mem:0.00M, Peak:0.00M | Scene, ViewLayer | Synchronizing object | GEO-native-regional-fracture-2-panel-1-section-8-band-0
Fra:1 Mem:22.27M (Peak 22.27M) | Time:00:00.00 | Mem:0.00M, Peak:0.00M | Scene, ViewLayer | Synchronizing object | GEO-native-regional-fracture-2-panel-1-section-8-band-1
Fra:1 Mem:22.28M (Peak 22.28M) | Time:00:00.00 | Mem:0.00M, Peak:0.00M | Scene, ViewLayer | Synchronizing object | GEO-native-regional-fracture-2-panel-1-section-8-band-2
Fra:1 Mem:22.28M (Peak 22.28M) | Time:00:00.00 | Mem:0.00M, Peak:0.00M | Scene, ViewLayer | Synchronizing object | GEO-native-regional-fracture-1-panel-2-section-12-band-2
Fra:1 Mem:22.28M (Peak 22.28M) | Time:00:00.00 | Mem:0.00M, Peak:0.00M | Scene, ViewLayer | Synchronizing object | GEO-native-regional-fracture-1-panel-2-section-13-band-1
Fra:1 Mem:22.28M (Peak 22.28M) | Time:00:00.00 | Mem:0.00M, Peak:0.00M | Scene, ViewLayer | Synchronizing object | GEO-native-regional-fracture-1-panel-2-section-13-band-2
Fra:1 Mem:22.28M (Peak 22.28M) | Time:00:00.00 | Mem:0.00M, Peak:0.00M | Scene, ViewLayer | Synchronizing object | GEO-native-regional-fracture-1-panel-2-section-1-band-0
Fra:1 Mem:22.28M (Peak 22.28M) | Time:00:00.00 | Mem:0.00M, Peak:0.00M | Scene, ViewLayer | Synchronizing object | GEO-native-regional-fracture-1-panel-2-section-1-band-1
Fra:1 Mem:22.28M (Peak 22.28M) | Time:00:00.00 | Mem:0.00M, Peak:0.00M | Scene, ViewLayer | Synchronizing object | GEO-native-regional-fracture-1-panel-2-section-1-band-2
Fra:1 Mem:22.29M (Peak 22.29M) | Time:00:00.00 | Mem:0.00M, Peak:0.00M | Scene, ViewLayer | Synchronizing object | GEO-native-regional-fracture-1-panel-2-section-2-band-0
Fra:1 Mem:22.29M (Peak 22.29M) | Time:00:00.00 | Mem:0.00M, Peak:0.00M | Scene, ViewLayer | Synchronizing object | GEO-native-regional-fracture-1-panel-2-section-2-band-1
Fra:1 Mem:22.29M (Peak 22.29M) | Time:00:00.00 | Mem:0.00M, Peak:0.00M | Scene, ViewLayer | Synchronizing object | GEO-native-regional-fracture-1-panel-2-section-2-band-2
Fra:1 Mem:22.29M (Peak 22.29M) | Time:00:00.00 | Mem:0.00M, Peak:0.00M | Scene, ViewLayer | Synchronizing object | GEO-native-regional-fracture-1-panel-2-section-3-band-0
Fra:1 Mem:22.29M (Peak 22.29M) | Time:00:00.00 | Mem:0.00M, Peak:0.00M | Scene, ViewLayer | Synchronizing object | GEO-native-regional-fracture-1-panel-2-section-3-band-1
Fra:1 Mem:22.29M (Peak 22.29M) | Time:00:00.00 | Mem:0.00M, Peak:0.00M | Scene, ViewLayer | Synchronizing object | GEO-native-regional-fracture-1-panel-2-section-3-band-2
Fra:1 Mem:22.29M (Peak 22.29M) | Time:00:00.00 | Mem:0.00M, Peak:0.00M | Scene, ViewLayer | Synchronizing object | GEO-native-regional-fracture-1-panel-2-section-4-band-0
Fra:1 Mem:22.30M (Peak 22.30M) | Time:00:00.00 | Mem:0.00M, Peak:0.00M | Scene, ViewLayer | Synchronizing object | GEO-native-regional-fracture-1-panel-2-section-4-band-1
Fra:1 Mem:22.30M (Peak 22.30M) | Time:00:00.00 | Mem:0.00M, Peak:0.00M | Scene, ViewLayer | Synchronizing object | GEO-native-regional-fracture-1-panel-2-section-4-band-2
Fra:1 Mem:22.30M (Peak 22.30M) | Time:00:00.00 | Mem:0.00M, Peak:0.00M | Scene, ViewLayer | Synchronizing object | GEO-native-regional-fracture-1-panel-4-section-11-band-0
Fra:1 Mem:22.30M (Peak 22.30M) | Time:00:00.00 | Mem:0.00M, Peak:0.00M | Scene, ViewLayer | Synchronizing object | GEO-native-regional-fracture-1-panel-4-section-11-band-1
Fra:1 Mem:22.30M (Peak 22.30M) | Time:00:00.00 | Mem:0.00M, Peak:0.00M | Scene, ViewLayer | Synchronizing object | GEO-native-regional-fracture-1-panel-4-section-11-band-2
Fra:1 Mem:22.30M (Peak 22.30M) | Time:00:00.00 | Mem:0.00M, Peak:0.00M | Scene, ViewLayer | Synchronizing object | GEO-native-regional-fracture-1-panel-4-section-14-band-1
Fra:1 Mem:22.30M (Peak 22.30M) | Time:00:00.00 | Mem:0.00M, Peak:0.00M | Scene, ViewLayer | Synchronizing object | GEO-native-regional-fracture-1-panel-4-section-14-band-2
Fra:1 Mem:22.31M (Peak 22.31M) | Time:00:00.00 | Mem:0.00M, Peak:0.00M | Scene, ViewLayer | Synchronizing object | GEO-native-regional-fracture-0-panel-5-section-1-band-0
Fra:1 Mem:22.31M (Peak 22.31M) | Time:00:00.00 | Mem:0.00M, Peak:0.00M | Scene, ViewLayer | Synchronizing object | GEO-native-regional-fracture-0-panel-5-section-1-band-1
Fra:1 Mem:22.31M (Peak 22.31M) | Time:00:00.00 | Mem:0.00M, Peak:0.00M | Scene, ViewLayer | Synchronizing object | GEO-native-regional-fracture-0-panel-5-section-2-band-0
Fra:1 Mem:22.31M (Peak 22.31M) | Time:00:00.00 | Mem:0.00M, Peak:0.00M | Scene, ViewLayer | Synchronizing object | GEO-native-regional-fracture-0-panel-5-section-2-band-1
Fra:1 Mem:22.31M (Peak 22.31M) | Time:00:00.00 | Mem:0.00M, Peak:0.00M | Scene, ViewLayer | Synchronizing object | GEO-native-regional-fracture-0-panel-5-section-2-band-2
Fra:1 Mem:22.31M (Peak 22.31M) | Time:00:00.00 | Mem:0.00M, Peak:0.00M | Scene, ViewLayer | Synchronizing object | GEO-native-regional-fracture-0-panel-5-section-3-band-0
Fra:1 Mem:22.31M (Peak 22.31M) | Time:00:00.00 | Mem:0.00M, Peak:0.00M | Scene, ViewLayer | Synchronizing object | GEO-native-regional-fracture-0-panel-5-section-3-band-1
Fra:1 Mem:22.31M (Peak 22.31M) | Time:00:00.00 | Mem:0.00M, Peak:0.00M | Scene, ViewLayer | Synchronizing object | GEO-native-regional-fracture-0-panel-5-section-3-band-2
Fra:1 Mem:22.32M (Peak 22.32M) | Time:00:00.00 | Mem:0.00M, Peak:0.00M | Scene, ViewLayer | Synchronizing object | GEO-native-regional-fracture-0-panel-5-section-4-band-1
Fra:1 Mem:22.32M (Peak 22.32M) | Time:00:00.00 | Mem:0.00M, Peak:0.00M | Scene, ViewLayer | Synchronizing object | GEO-native-regional-fracture-0-panel-5-section-4-band-2
Fra:1 Mem:22.32M (Peak 22.32M) | Time:00:00.00 | Mem:0.00M, Peak:0.00M | Scene, ViewLayer | Synchronizing object | GEO-native-regional-fracture-0-panel-5-section-5-band-1
Fra:1 Mem:22.32M (Peak 22.32M) | Time:00:00.00 | Mem:0.00M, Peak:0.00M | Scene, ViewLayer | Synchronizing object | GEO-native-regional-fracture-1-panel-6-section-10-band-0
Fra:1 Mem:22.32M (Peak 22.32M) | Time:00:00.00 | Mem:0.00M, Peak:0.00M | Scene, ViewLayer | Synchronizing object | GEO-native-regional-fracture-1-panel-6-section-11-band-0
Fra:1 Mem:22.32M (Peak 22.32M) | Time:00:00.00 | Mem:0.00M, Peak:0.00M | Scene, ViewLayer | Synchronizing object | GEO-native-regional-fracture-1-panel-6-section-14-band-0
Fra:1 Mem:22.33M (Peak 22.33M) | Time:00:00.00 | Mem:0.00M, Peak:0.00M | Scene, ViewLayer | Synchronizing object | GEO-native-regional-fracture-1-panel-6-section-14-band-1
Fra:1 Mem:22.33M (Peak 22.33M) | Time:00:00.00 | Mem:0.00M, Peak:0.00M | Scene, ViewLayer | Synchronizing object | GEO-native-regional-fracture-1-panel-6-section-15-band-1
Fra:1 Mem:22.33M (Peak 22.33M) | Time:00:00.00 | Mem:0.00M, Peak:0.00M | Scene, ViewLayer | Synchronizing object | GEO-native-regional-fracture-1-panel-6-section-15-band-2
Fra:1 Mem:22.33M (Peak 22.33M) | Time:00:00.00 | Mem:0.00M, Peak:0.00M | Scene, ViewLayer | Synchronizing object | GEO-native-regional-fracture-0-panel-7-section-4-band-2
Fra:1 Mem:22.33M (Peak 22.33M) | Time:00:00.00 | Mem:0.00M, Peak:0.00M | Scene, ViewLayer | Synchronizing object | GEO-native-regional-fracture-0-panel-25-section-15-band-2
Fra:1 Mem:22.33M (Peak 22.33M) | Time:00:00.00 | Mem:0.00M, Peak:0.00M | Scene, ViewLayer | Synchronizing object | GEO-native-regional-fracture-0-panel-7-section-5-band-1
Fra:1 Mem:22.33M (Peak 22.33M) | Time:00:00.00 | Mem:0.00M, Peak:0.00M | Scene, ViewLayer | Synchronizing object | GEO-native-regional-fracture-0-panel-25-section-14-band-2
Fra:1 Mem:22.33M (Peak 22.33M) | Time:00:00.00 | Mem:0.00M, Peak:0.00M | Scene, ViewLayer | Synchronizing object | GEO-native-regional-fracture-0-panel-7-section-5-band-2
Fra:1 Mem:22.34M (Peak 22.34M) | Time:00:00.00 | Mem:0.00M, Peak:0.00M | Scene, ViewLayer | Synchronizing object | GEO-native-regional-fracture-0-panel-25-section-11-band-2
Fra:1 Mem:22.34M (Peak 22.34M) | Time:00:00.00 | Mem:0.00M, Peak:0.00M | Scene, ViewLayer | Synchronizing object | GEO-native-regional-fracture-0-panel-7-section-6-band-1
Fra:1 Mem:22.34M (Peak 22.34M) | Time:00:00.00 | Mem:0.00M, Peak:0.00M | Scene, ViewLayer | Synchronizing object | GEO-native-regional-fracture-0-panel-25-section-10-band-2
Fra:1 Mem:22.34M (Peak 22.34M) | Time:00:00.00 | Mem:0.00M, Peak:0.00M | Scene, ViewLayer | Synchronizing object | GEO-native-regional-fracture-0-panel-7-section-6-band-2
Fra:1 Mem:22.34M (Peak 22.34M) | Time:00:00.00 | Mem:0.00M, Peak:0.00M | Scene, ViewLayer | Synchronizing object | GEO-native-regional-fracture-0-panel-23-section-15-band-2
Fra:1 Mem:22.34M (Peak 22.34M) | Time:00:00.00 | Mem:0.00M, Peak:0.00M | Scene, ViewLayer | Synchronizing object | GEO-native-regional-fracture-0-panel-23-section-14-band-2
Fra:1 Mem:22.34M (Peak 22.34M) | Time:00:00.00 | Mem:0.00M, Peak:0.00M | Scene, ViewLayer | Synchronizing object | GEO-native-regional-fracture-0-panel-23-section-14-band-1
Fra:1 Mem:22.34M (Peak 22.34M) | Time:00:00.00 | Mem:0.00M, Peak:0.00M | Scene, ViewLayer | Synchronizing object | GEO-native-regional-fracture-0-panel-7-section-8-band-1
Fra:1 Mem:22.35M (Peak 22.35M) | Time:00:00.00 | Mem:0.00M, Peak:0.00M | Scene, ViewLayer | Synchronizing object | GEO-native-regional-fracture-0-panel-23-section-11-band-1
Fra:1 Mem:22.35M (Peak 22.35M) | Time:00:00.00 | Mem:0.00M, Peak:0.00M | Scene, ViewLayer | Synchronizing object | GEO-native-regional-fracture-0-panel-7-section-8-band-2
Fra:1 Mem:22.35M (Peak 22.35M) | Time:00:00.00 | Mem:0.00M, Peak:0.00M | Scene, ViewLayer | Synchronizing object | GEO-native-regional-fracture-0-panel-23-section-11-band-0
Fra:1 Mem:22.35M (Peak 22.35M) | Time:00:00.00 | Mem:0.00M, Peak:0.00M | Scene, ViewLayer | Synchronizing object | GEO-native-regional-fracture-2-panel-8-section-2-band-0
Fra:1 Mem:22.35M (Peak 22.35M) | Time:00:00.00 | Mem:0.00M, Peak:0.00M | Scene, ViewLayer | Synchronizing object | GEO-native-regional-fracture-0-panel-23-section-10-band-0
Fra:1 Mem:22.35M (Peak 22.35M) | Time:00:00.00 | Mem:0.00M, Peak:0.00M | Scene, ViewLayer | Synchronizing object | GEO-native-regional-fracture-2-panel-8-section-2-band-1
Fra:1 Mem:22.35M (Peak 22.35M) | Time:00:00.00 | Mem:0.00M, Peak:0.00M | Scene, ViewLayer | Synchronizing object | GEO-native-regional-fracture-2-panel-22-section-10-band-0
Fra:1 Mem:22.35M (Peak 22.35M) | Time:00:00.00 | Mem:0.00M, Peak:0.00M | Scene, ViewLayer | Synchronizing object | GEO-native-regional-fracture-2-panel-8-section-2-band-2
Fra:1 Mem:22.36M (Peak 22.36M) | Time:00:00.00 | Mem:0.00M, Peak:0.00M | Scene, ViewLayer | Synchronizing object | GEO-native-regional-fracture-2-panel-22-section-9-band-0
Fra:1 Mem:22.36M (Peak 22.36M) | Time:00:00.00 | Mem:0.00M, Peak:0.00M | Scene, ViewLayer | Synchronizing object | GEO-native-regional-fracture-1-panel-10-section-1-band-2
Fra:1 Mem:22.36M (Peak 22.36M) | Time:00:00.00 | Mem:0.00M, Peak:0.00M | Scene, ViewLayer | Synchronizing object | GEO-native-regional-fracture-2-panel-22-section-8-band-0
Fra:1 Mem:22.36M (Peak 22.36M) | Time:00:00.00 | Mem:0.00M, Peak:0.00M | Scene, ViewLayer | Synchronizing object | GEO-native-regional-fracture-1-panel-10-section-2-band-2
Fra:1 Mem:22.36M (Peak 22.36M) | Time:00:00.00 | Mem:0.00M, Peak:0.00M | Scene, ViewLayer | Synchronizing object | GEO-native-regional-fracture-2-panel-22-section-7-band-0
Fra:1 Mem:22.36M (Peak 22.36M) | Time:00:00.00 | Mem:0.00M, Peak:0.00M | Scene, ViewLayer | Synchronizing object | GEO-native-regional-fracture-1-panel-10-section-3-band-1
Fra:1 Mem:22.36M (Peak 22.36M) | Time:00:00.00 | Mem:0.00M, Peak:0.00M | Scene, ViewLayer | Synchronizing object | GEO-native-regional-fracture-0-panel-21-section-11-band-2
Fra:1 Mem:22.36M (Peak 22.36M) | Time:00:00.00 | Mem:0.00M, Peak:0.00M | Scene, ViewLayer | Synchronizing object | GEO-native-regional-fracture-1-panel-10-section-3-band-2
Fra:1 Mem:22.36M (Peak 22.36M) | Time:00:00.00 | Mem:0.00M, Peak:0.00M | Scene, ViewLayer | Synchronizing object | GEO-native-regional-fracture-0-panel-21-section-10-band-2
Fra:1 Mem:22.36M (Peak 22.36M) | Time:00:00.00 | Mem:0.00M, Peak:0.00M | Scene, ViewLayer | Synchronizing object | GEO-native-regional-fracture-1-panel-10-section-4-band-2
Fra:1 Mem:22.36M (Peak 22.36M) | Time:00:00.00 | Mem:0.00M, Peak:0.00M | Scene, ViewLayer | Synchronizing object | GEO-native-regional-fracture-0-panel-21-section-10-band-1
Fra:1 Mem:22.36M (Peak 22.36M) | Time:00:00.00 | Mem:0.00M, Peak:0.00M | Scene, ViewLayer | Synchronizing object | GEO-native-regional-fracture-1-panel-10-section-5-band-1
Fra:1 Mem:22.37M (Peak 22.37M) | Time:00:00.00 | Mem:0.00M, Peak:0.00M | Scene, ViewLayer | Synchronizing object | GEO-native-regional-fracture-0-panel-21-section-10-band-0
Fra:1 Mem:22.37M (Peak 22.37M) | Time:00:00.00 | Mem:0.00M, Peak:0.00M | Scene, ViewLayer | Synchronizing object | GEO-native-regional-fracture-1-panel-10-section-5-band-2
Fra:1 Mem:22.37M (Peak 22.37M) | Time:00:00.00 | Mem:0.00M, Peak:0.00M | Scene, ViewLayer | Synchronizing object | GEO-native-regional-fracture-0-panel-21-section-9-band-2
Fra:1 Mem:22.37M (Peak 22.37M) | Time:00:00.00 | Mem:0.00M, Peak:0.00M | Scene, ViewLayer | Synchronizing object | GEO-native-regional-fracture-1-panel-10-section-6-band-1
Fra:1 Mem:22.37M (Peak 22.37M) | Time:00:00.00 | Mem:0.00M, Peak:0.00M | Scene, ViewLayer | Synchronizing object | GEO-native-regional-fracture-0-panel-21-section-9-band-1
Fra:1 Mem:22.37M (Peak 22.37M) | Time:00:00.00 | Mem:0.00M, Peak:0.00M | Scene, ViewLayer | Synchronizing object | GEO-native-regional-fracture-1-panel-10-section-6-band-2
Fra:1 Mem:22.37M (Peak 22.37M) | Time:00:00.00 | Mem:0.00M, Peak:0.00M | Scene, ViewLayer | Synchronizing object | GEO-native-regional-fracture-0-panel-21-section-9-band-0
Fra:1 Mem:22.37M (Peak 22.37M) | Time:00:00.00 | Mem:0.00M, Peak:0.00M | Scene, ViewLayer | Synchronizing object | GEO-native-regional-fracture-1-panel-10-section-7-band-2
Fra:1 Mem:22.37M (Peak 22.37M) | Time:00:00.00 | Mem:0.00M, Peak:0.00M | Scene, ViewLayer | Synchronizing object | GEO-native-regional-fracture-0-panel-21-section-8-band-2
Fra:1 Mem:22.38M (Peak 22.38M) | Time:00:00.00 | Mem:0.00M, Peak:0.00M | Scene, ViewLayer | Synchronizing object | GEO-native-regional-fracture-0-panel-21-section-8-band-1
Fra:1 Mem:22.38M (Peak 22.38M) | Time:00:00.00 | Mem:0.00M, Peak:0.00M | Scene, ViewLayer | Synchronizing object | GEO-native-regional-fracture-2-panel-11-section-2-band-0
Fra:1 Mem:22.38M (Peak 22.38M) | Time:00:00.00 | Mem:0.00M, Peak:0.00M | Scene, ViewLayer | Synchronizing object | GEO-native-regional-fracture-0-panel-21-section-8-band-0
Fra:1 Mem:22.38M (Peak 22.38M) | Time:00:00.00 | Mem:0.00M, Peak:0.00M | Scene, ViewLayer | Synchronizing object | GEO-native-regional-fracture-2-panel-11-section-2-band-1
Fra:1 Mem:22.38M (Peak 22.38M) | Time:00:00.00 | Mem:0.00M, Peak:0.00M | Scene, ViewLayer | Synchronizing object | GEO-native-regional-fracture-2-panel-17-section-6-band-2
Fra:1 Mem:22.38M (Peak 22.38M) | Time:00:00.00 | Mem:0.00M, Peak:0.00M | Scene, ViewLayer | Synchronizing object | GEO-native-regional-fracture-2-panel-11-section-3-band-0
Fra:1 Mem:22.38M (Peak 22.38M) | Time:00:00.00 | Mem:0.00M, Peak:0.00M | Scene, ViewLayer | Synchronizing object | GEO-native-regional-fracture-2-panel-17-section-5-band-2
Fra:1 Mem:22.38M (Peak 22.38M) | Time:00:00.00 | Mem:0.00M, Peak:0.00M | Scene, ViewLayer | Synchronizing object | GEO-native-regional-fracture-2-panel-11-section-3-band-1
Fra:1 Mem:22.38M (Peak 22.38M) | Time:00:00.00 | Mem:0.00M, Peak:0.00M | Scene, ViewLayer | Synchronizing object | GEO-native-regional-fracture-2-panel-17-section-4-band-2
Fra:1 Mem:22.38M (Peak 22.38M) | Time:00:00.00 | Mem:0.00M, Peak:0.00M | Scene, ViewLayer | Synchronizing object | GEO-native-regional-fracture-2-panel-11-section-3-band-2
Fra:1 Mem:22.39M (Peak 22.39M) | Time:00:00.00 | Mem:0.00M, Peak:0.00M | Scene, ViewLayer | Synchronizing object | GEO-native-regional-fracture-2-panel-17-section-4-band-1
Fra:1 Mem:22.39M (Peak 22.39M) | Time:00:00.00 | Mem:0.00M, Peak:0.00M | Scene, ViewLayer | Synchronizing object | GEO-native-regional-fracture-2-panel-11-section-4-band-2
Fra:1 Mem:22.39M (Peak 22.39M) | Time:00:00.00 | Mem:0.00M, Peak:0.00M | Scene, ViewLayer | Synchronizing object | GEO-native-regional-fracture-2-panel-17-section-4-band-0
Fra:1 Mem:22.39M (Peak 22.39M) | Time:00:00.00 | Mem:0.00M, Peak:0.00M | Scene, ViewLayer | Synchronizing object | GEO-native-regional-fracture-2-panel-11-section-5-band-2
Fra:1 Mem:22.39M (Peak 22.39M) | Time:00:00.00 | Mem:0.00M, Peak:0.00M | Scene, ViewLayer | Synchronizing object | GEO-native-regional-fracture-2-panel-17-section-3-band-2
Fra:1 Mem:22.39M (Peak 22.39M) | Time:00:00.00 | Mem:0.00M, Peak:0.00M | Scene, ViewLayer | Synchronizing object | GEO-native-regional-fracture-2-panel-14-section-2-band-0
Fra:1 Mem:22.39M (Peak 22.39M) | Time:00:00.00 | Mem:0.00M, Peak:0.00M | Scene, ViewLayer | Synchronizing object | GEO-native-regional-fracture-2-panel-17-section-3-band-1
Fra:1 Mem:22.39M (Peak 22.39M) | Time:00:00.00 | Mem:0.00M, Peak:0.00M | Scene, ViewLayer | Synchronizing object | GEO-native-regional-fracture-2-panel-14-section-3-band-0
Fra:1 Mem:22.39M (Peak 22.39M) | Time:00:00.00 | Mem:0.00M, Peak:0.00M | Scene, ViewLayer | Synchronizing object | GEO-native-regional-fracture-2-panel-17-section-3-band-0
Fra:1 Mem:22.40M (Peak 22.40M) | Time:00:00.00 | Mem:0.00M, Peak:0.00M | Scene, ViewLayer | Synchronizing object | GEO-native-regional-fracture-2-panel-14-section-4-band-0
Fra:1 Mem:22.40M (Peak 22.40M) | Time:00:00.00 | Mem:0.00M, Peak:0.00M | Scene, ViewLayer | Synchronizing object | GEO-native-regional-fracture-2-panel-17-section-2-band-1
Fra:1 Mem:22.40M (Peak 22.40M) | Time:00:00.00 | Mem:0.00M, Peak:0.00M | Scene, ViewLayer | Synchronizing object | GEO-native-regional-fracture-2-panel-14-section-4-band-1
Fra:1 Mem:22.40M (Peak 22.40M) | Time:00:00.00 | Mem:0.00M, Peak:0.00M | Scene, ViewLayer | Synchronizing object | GEO-native-regional-fracture-2-panel-17-section-2-band-0
Fra:1 Mem:22.40M (Peak 22.40M) | Time:00:00.00 | Mem:0.00M, Peak:0.00M | Scene, ViewLayer | Synchronizing object | GEO-native-regional-fracture-2-panel-14-section-4-band-2
Fra:1 Mem:22.40M (Peak 22.40M) | Time:00:00.00 | Mem:0.00M, Peak:0.00M | Scene, ViewLayer | Synchronizing object | GEO-native-regional-fracture-0-panel-16-section-5-band-1
Fra:1 Mem:22.40M (Peak 22.40M) | Time:00:00.00 | Mem:0.00M, Peak:0.00M | Scene, ViewLayer | Synchronizing object | GEO-native-regional-fracture-2-panel-14-section-5-band-0
Fra:1 Mem:22.40M (Peak 22.40M) | Time:00:00.00 | Mem:0.00M, Peak:0.00M | Scene, ViewLayer | Synchronizing object | GEO-native-regional-fracture-0-panel-16-section-5-band-0
Fra:1 Mem:22.40M (Peak 22.40M) | Time:00:00.00 | Mem:0.00M, Peak:0.00M | Scene, ViewLayer | Synchronizing object | GEO-native-regional-fracture-2-panel-14-section-5-band-1
Fra:1 Mem:22.40M (Peak 22.40M) | Time:00:00.00 | Mem:0.00M, Peak:0.00M | Scene, ViewLayer | Synchronizing object | GEO-native-regional-fracture-0-panel-16-section-4-band-1
Fra:1 Mem:22.40M (Peak 22.40M) | Time:00:00.00 | Mem:0.00M, Peak:0.00M | Scene, ViewLayer | Synchronizing object | GEO-native-regional-fracture-2-panel-14-section-5-band-2
Fra:1 Mem:22.40M (Peak 22.40M) | Time:00:00.00 | Mem:0.00M, Peak:0.00M | Scene, ViewLayer | Synchronizing object | GEO-native-regional-fracture-0-panel-16-section-4-band-0
Fra:1 Mem:22.41M (Peak 22.41M) | Time:00:00.00 | Mem:0.00M, Peak:0.00M | Scene, ViewLayer | Synchronizing object | GEO-native-regional-fracture-2-panel-14-section-6-band-0
Fra:1 Mem:22.41M (Peak 22.41M) | Time:00:00.00 | Mem:0.00M, Peak:0.00M | Scene, ViewLayer | Synchronizing object | GEO-native-regional-fracture-0-panel-16-section-3-band-1
Fra:1 Mem:22.41M (Peak 22.41M) | Time:00:00.00 | Mem:0.00M, Peak:0.00M | Scene, ViewLayer | Synchronizing object | GEO-native-regional-fracture-2-panel-14-section-6-band-1
Fra:1 Mem:22.41M (Peak 22.41M) | Time:00:00.00 | Mem:0.00M, Peak:0.00M | Scene, ViewLayer | Synchronizing object | GEO-native-regional-fracture-0-panel-16-section-3-band-0
Fra:1 Mem:22.41M (Peak 22.41M) | Time:00:00.00 | Mem:0.00M, Peak:0.00M | Scene, ViewLayer | Synchronizing object | GEO-native-regional-fracture-2-panel-14-section-6-band-2
Fra:1 Mem:22.41M (Peak 22.41M) | Time:00:00.00 | Mem:0.00M, Peak:0.00M | Scene, ViewLayer | Synchronizing object | GEO-native-regional-fracture-0-panel-16-section-2-band-0
Fra:1 Mem:22.41M (Peak 22.41M) | Time:00:00.00 | Mem:0.00M, Peak:0.00M | Scene, ViewLayer | Synchronizing object | GEO-native-regional-fracture-1-panel-15-section-2-band-2
Fra:1 Mem:22.41M (Peak 22.41M) | Time:00:00.00 | Mem:0.00M, Peak:0.00M | Scene, ViewLayer | Synchronizing object | GEO-native-regional-fracture-1-panel-15-section-10-band-2
Fra:1 Mem:22.41M (Peak 22.41M) | Time:00:00.00 | Mem:0.00M, Peak:0.00M | Scene, ViewLayer | Synchronizing object | GEO-native-regional-fracture-1-panel-15-section-3-band-2
Fra:1 Mem:22.41M (Peak 22.41M) | Time:00:00.00 | Mem:0.00M, Peak:0.00M | Scene, ViewLayer | Synchronizing object | GEO-native-regional-fracture-1-panel-15-section-9-band-2
Fra:1 Mem:22.42M (Peak 22.42M) | Time:00:00.00 | Mem:0.00M, Peak:0.00M | Scene, ViewLayer | Synchronizing object | GEO-native-regional-fracture-1-panel-15-section-4-band-2
Fra:1 Mem:22.42M (Peak 22.42M) | Time:00:00.00 | Mem:0.00M, Peak:0.00M | Scene, ViewLayer | Synchronizing object | GEO-native-regional-fracture-1-panel-15-section-8-band-2
Fra:1 Mem:22.42M (Peak 22.42M) | Time:00:00.00 | Mem:0.00M, Peak:0.00M | Scene, ViewLayer | Synchronizing object | GEO-native-regional-fracture-1-panel-15-section-5-band-2
Fra:1 Mem:22.42M (Peak 22.42M) | Time:00:00.00 | Mem:0.00M, Peak:0.00M | Scene, ViewLayer | Synchronizing object | GEO-native-regional-fracture-1-panel-15-section-7-band-2
Fra:1 Mem:22.42M (Peak 22.42M) | Time:00:00.00 | Mem:0.00M, Peak:0.00M | Scene, ViewLayer | Synchronizing object | GEO-native-regional-fracture-1-panel-15-section-6-band-2
Fra:1 Mem:22.42M (Peak 22.42M) | Time:00:00.00 | Mem:0.00M, Peak:0.00M | Scene, ViewLayer | Initializing
Fra:1 Mem:21.87M (Peak 22.42M) | Time:00:00.00 | Mem:0.00M, Peak:0.00M | Scene, ViewLayer | Updating Images | Loading Crystal9-material-0
Fra:1 Mem:21.87M (Peak 22.42M) | Time:00:00.00 | Mem:0.00M, Peak:0.00M | Scene, ViewLayer | Updating Images | Loading Crystal9-material-7
Fra:1 Mem:22.38M (Peak 22.42M) | Time:00:00.00 | Mem:0.25M, Peak:0.25M | Scene, ViewLayer | Updating Images | Loading Crystal9-material-6
Fra:1 Mem:22.63M (Peak 22.63M) | Time:00:00.00 | Mem:0.50M, Peak:0.50M | Scene, ViewLayer | Updating Images | Loading Crystal9-roughness-0
Fra:1 Mem:22.88M (Peak 22.88M) | Time:00:00.00 | Mem:0.75M, Peak:0.75M | Scene, ViewLayer | Updating Images | Loading Crystal9-material-5
Fra:1 Mem:23.13M (Peak 23.13M) | Time:00:00.00 | Mem:1.00M, Peak:1.00M | Scene, ViewLayer | Updating Images | Loading Crystal9-material-1
Fra:1 Mem:23.38M (Peak 23.38M) | Time:00:00.00 | Mem:1.25M, Peak:1.25M | Scene, ViewLayer | Updating Images | Loading Crystal9-material-4
Fra:1 Mem:24.14M (Peak 24.14M) | Time:00:00.00 | Mem:1.50M, Peak:1.50M | Scene, ViewLayer | Updating Images | Loading Crystal9-roughness-1
Fra:1 Mem:23.63M (Peak 24.14M) | Time:00:00.01 | Mem:1.75M, Peak:1.75M | Scene, ViewLayer | Updating Images | Loading Crystal9-material-3
Fra:1 Mem:24.64M (Peak 24.64M) | Time:00:00.01 | Mem:2.00M, Peak:2.00M | Scene, ViewLayer | Updating Images | Loading Crystal9-material-2
Fra:1 Mem:24.13M (Peak 24.64M) | Time:00:00.01 | Mem:2.25M, Peak:2.25M | Scene, ViewLayer | Updating Images | Loading Crystal9-roughness-2
Fra:1 Mem:20.13M (Peak 24.64M) | Time:00:00.01 | Mem:2.75M, Peak:2.75M | Scene, ViewLayer | Waiting for render to start
Fra:1 Mem:20.13M (Peak 24.64M) | Time:00:00.01 | Mem:2.75M, Peak:2.75M | Scene, ViewLayer | Loading render kernels (may take a few minutes the first time)
Fra:1 Mem:20.13M (Peak 24.64M) | Time:00:00.01 | Mem:2.75M, Peak:2.75M | Scene, ViewLayer | Updating Scene
Fra:1 Mem:20.13M (Peak 24.64M) | Time:00:00.01 | Mem:2.75M, Peak:2.75M | Scene, ViewLayer | Updating Shaders
Fra:1 Mem:20.22M (Peak 24.64M) | Time:00:00.01 | Mem:2.76M, Peak:2.76M | Scene, ViewLayer | Updating Procedurals
Fra:1 Mem:20.22M (Peak 24.64M) | Time:00:00.01 | Mem:2.76M, Peak:2.76M | Scene, ViewLayer | Updating Background
Fra:1 Mem:20.22M (Peak 24.64M) | Time:00:00.01 | Mem:2.76M, Peak:2.76M | Scene, ViewLayer | Updating Camera
Fra:1 Mem:20.22M (Peak 24.64M) | Time:00:00.01 | Mem:2.76M, Peak:2.76M | Scene, ViewLayer | Updating Meshes Flags
Fra:1 Mem:20.22M (Peak 24.64M) | Time:00:00.01 | Mem:2.76M, Peak:2.76M | Scene, ViewLayer | Updating Objects
Fra:1 Mem:20.22M (Peak 24.64M) | Time:00:00.01 | Mem:2.76M, Peak:2.76M | Scene, ViewLayer | Updating Objects | Copying Transformations to device
Fra:1 Mem:20.25M (Peak 24.64M) | Time:00:00.01 | Mem:2.79M, Peak:2.79M | Scene, ViewLayer | Updating Objects | Applying Static Transformations
Fra:1 Mem:20.25M (Peak 24.64M) | Time:00:00.01 | Mem:2.79M, Peak:2.79M | Scene, ViewLayer | Updating Particle Systems
Fra:1 Mem:20.25M (Peak 24.64M) | Time:00:00.01 | Mem:2.79M, Peak:2.79M | Scene, ViewLayer | Updating Particle Systems | Copying Particles to device
Fra:1 Mem:20.25M (Peak 24.64M) | Time:00:00.01 | Mem:2.79M, Peak:2.79M | Scene, ViewLayer | Updating Meshes
Fra:1 Mem:20.29M (Peak 24.64M) | Time:00:00.01 | Mem:2.79M, Peak:2.79M | Scene, ViewLayer | Updating Mesh | Computing attributes
Fra:1 Mem:20.42M (Peak 24.64M) | Time:00:00.01 | Mem:2.80M, Peak:2.80M | Scene, ViewLayer | Updating Mesh | Copying Attributes to device
Fra:1 Mem:20.39M (Peak 24.64M) | Time:00:00.01 | Mem:2.89M, Peak:2.89M | Scene, ViewLayer | Updating Scene BVH | Building
Fra:1 Mem:20.39M (Peak 24.64M) | Time:00:00.01 | Mem:2.89M, Peak:2.89M | Scene, ViewLayer | Updating Scene BVH | Building BVH
Fra:1 Mem:20.39M (Peak 24.64M) | Time:00:00.01 | Mem:2.96M, Peak:2.96M | Scene, ViewLayer | Updating Scene BVH | Building BVH 0%
Fra:1 Mem:20.39M (Peak 24.64M) | Time:00:00.01 | Mem:3.03M, Peak:3.10M | Scene, ViewLayer | Updating Scene BVH | Copying BVH to device
Fra:1 Mem:20.39M (Peak 24.64M) | Time:00:00.01 | Mem:3.03M, Peak:3.10M | Scene, ViewLayer | Updating Mesh | Computing normals
Fra:1 Mem:20.53M (Peak 24.64M) | Time:00:00.01 | Mem:3.03M, Peak:3.10M | Scene, ViewLayer | Updating Mesh | Copying Mesh to device
Fra:1 Mem:20.53M (Peak 24.64M) | Time:00:00.01 | Mem:3.17M, Peak:3.17M | Scene, ViewLayer | Updating Objects Flags
Fra:1 Mem:20.53M (Peak 24.64M) | Time:00:00.01 | Mem:3.17M, Peak:3.17M | Scene, ViewLayer | Updating Primitive Offsets
Fra:1 Mem:20.53M (Peak 24.64M) | Time:00:00.01 | Mem:3.17M, Peak:3.17M | Scene, ViewLayer | Updating Images
Fra:1 Mem:20.53M (Peak 24.64M) | Time:00:00.01 | Mem:3.17M, Peak:3.17M | Scene, ViewLayer | Updating Camera Volume
Fra:1 Mem:20.53M (Peak 24.64M) | Time:00:00.01 | Mem:3.17M, Peak:3.17M | Scene, ViewLayer | Updating Lookup Tables
Fra:1 Mem:20.53M (Peak 24.64M) | Time:00:00.01 | Mem:3.25M, Peak:3.25M | Scene, ViewLayer | Updating Lights
Fra:1 Mem:20.53M (Peak 24.64M) | Time:00:00.01 | Mem:3.26M, Peak:3.26M | Scene, ViewLayer | Updating Lights | Computing tree
Fra:1 Mem:20.59M (Peak 24.64M) | Time:00:00.01 | Mem:3.32M, Peak:3.32M | Scene, ViewLayer | Updating Integrator
Fra:1 Mem:20.59M (Peak 24.64M) | Time:00:00.01 | Mem:3.32M, Peak:3.32M | Scene, ViewLayer | Updating Film
Fra:1 Mem:20.59M (Peak 24.64M) | Time:00:00.01 | Mem:3.24M, Peak:3.32M | Scene, ViewLayer | Updating Lookup Tables
Fra:1 Mem:20.59M (Peak 24.64M) | Time:00:00.01 | Mem:3.32M, Peak:3.32M | Scene, ViewLayer | Updating Baking
Fra:1 Mem:20.59M (Peak 24.64M) | Time:00:00.01 | Mem:3.32M, Peak:3.32M | Scene, ViewLayer | Updating Device | Writing constant memory
Fra:1 Mem:20.60M (Peak 24.64M) | Time:00:00.01 | Mem:3.32M, Peak:3.32M | Scene, ViewLayer | Sample 0/32
Fra:1 Mem:20.75M (Peak 24.64M) | Time:00:00.01 | Remaining:00:00.06 | Mem:3.48M, Peak:3.48M | Scene, ViewLayer | Sample 1/32
Fra:1 Mem:20.82M (Peak 24.64M) | Time:00:00.07 | Mem:3.48M, Peak:3.48M | Scene, ViewLayer | Sample 32/32
Fra:1 Mem:20.82M (Peak 24.64M) | Time:00:00.07 | Mem:3.48M, Peak:3.48M | Scene, ViewLayer | Finished
Saved: '/root/sidereal_spacetime/output/playwright/planet-reference-20260914/crystal-moons-r009-parity/moon-2-native-two-sided-reference-scale.png'
Time: 00:00.07 (Saving: 00:00.00)

Fra:1 Mem:22.65M (Peak 22.65M) | Time:00:00.00 | Mem:0.00M, Peak:0.00M | Scene, ViewLayer | Synchronizing object | GEO-planets--crystal-moon-2-connected-crystalline-body
Fra:1 Mem:22.76M (Peak 22.76M) | Time:00:00.00 | Mem:0.00M, Peak:0.00M | Scene, ViewLayer | Synchronizing object | GEO-native-regional-fracture-2-panel-1-section-5-band-2
Fra:1 Mem:22.76M (Peak 22.76M) | Time:00:00.00 | Mem:0.00M, Peak:0.00M | Scene, ViewLayer | Synchronizing object | GEO-native-regional-fracture-2-panel-1-section-6-band-0
Fra:1 Mem:22.76M (Peak 22.76M) | Time:00:00.00 | Mem:0.00M, Peak:0.00M | Scene, ViewLayer | Synchronizing object | GEO-native-regional-fracture-2-panel-1-section-6-band-1
Fra:1 Mem:22.76M (Peak 22.76M) | Time:00:00.00 | Mem:0.00M, Peak:0.00M | Scene, ViewLayer | Synchronizing object | GEO-native-regional-fracture-2-panel-1-section-6-band-2
Fra:1 Mem:22.76M (Peak 22.76M) | Time:00:00.00 | Mem:0.00M, Peak:0.00M | Scene, ViewLayer | Synchronizing object | GEO-native-regional-fracture-2-panel-1-section-7-band-0
Fra:1 Mem:22.76M (Peak 22.76M) | Time:00:00.00 | Mem:0.00M, Peak:0.00M | Scene, ViewLayer | Synchronizing object | GEO-native-regional-fracture-2-panel-1-section-7-band-1
Fra:1 Mem:22.76M (Peak 22.76M) | Time:00:00.00 | Mem:0.00M, Peak:0.00M | Scene, ViewLayer | Synchronizing object | GEO-native-regional-fracture-2-panel-1-section-7-band-2
Fra:1 Mem:22.77M (Peak 22.77M) | Time:00:00.00 | Mem:0.00M, Peak:0.00M | Scene, ViewLayer | Synchronizing object | GEO-native-regional-fracture-2-panel-1-section-8-band-0
Fra:1 Mem:22.77M (Peak 22.77M) | Time:00:00.00 | Mem:0.00M, Peak:0.00M | Scene, ViewLayer | Synchronizing object | GEO-native-regional-fracture-2-panel-1-section-8-band-1
Fra:1 Mem:22.77M (Peak 22.77M) | Time:00:00.00 | Mem:0.00M, Peak:0.00M | Scene, ViewLayer | Synchronizing object | GEO-native-regional-fracture-2-panel-1-section-8-band-2
Fra:1 Mem:22.77M (Peak 22.77M) | Time:00:00.00 | Mem:0.00M, Peak:0.00M | Scene, ViewLayer | Synchronizing object | GEO-native-regional-fracture-1-panel-2-section-12-band-2
Fra:1 Mem:22.77M (Peak 22.77M) | Time:00:00.00 | Mem:0.00M, Peak:0.00M | Scene, ViewLayer | Synchronizing object | GEO-native-regional-fracture-1-panel-2-section-13-band-1
Fra:1 Mem:22.77M (Peak 22.77M) | Time:00:00.00 | Mem:0.00M, Peak:0.00M | Scene, ViewLayer | Synchronizing object | GEO-native-regional-fracture-1-panel-2-section-13-band-2
Fra:1 Mem:22.77M (Peak 22.77M) | Time:00:00.00 | Mem:0.00M, Peak:0.00M | Scene, ViewLayer | Synchronizing object | GEO-native-regional-fracture-1-panel-2-section-1-band-0
Fra:1 Mem:22.77M (Peak 22.77M) | Time:00:00.00 | Mem:0.00M, Peak:0.00M | Scene, ViewLayer | Synchronizing object | GEO-native-regional-fracture-1-panel-2-section-1-band-1
Fra:1 Mem:22.78M (Peak 22.78M) | Time:00:00.00 | Mem:0.00M, Peak:0.00M | Scene, ViewLayer | Synchronizing object | GEO-native-regional-fracture-1-panel-2-section-1-band-2
Fra:1 Mem:22.78M (Peak 22.78M) | Time:00:00.00 | Mem:0.00M, Peak:0.00M | Scene, ViewLayer | Synchronizing object | GEO-native-regional-fracture-1-panel-2-section-2-band-0
Fra:1 Mem:22.78M (Peak 22.78M) | Time:00:00.00 | Mem:0.00M, Peak:0.00M | Scene, ViewLayer | Synchronizing object | GEO-native-regional-fracture-1-panel-2-section-2-band-1
Fra:1 Mem:22.78M (Peak 22.78M) | Time:00:00.00 | Mem:0.00M, Peak:0.00M | Scene, ViewLayer | Synchronizing object | GEO-native-regional-fracture-1-panel-2-section-2-band-2
Fra:1 Mem:22.78M (Peak 22.78M) | Time:00:00.00 | Mem:0.00M, Peak:0.00M | Scene, ViewLayer | Synchronizing object | GEO-native-regional-fracture-1-panel-2-section-3-band-0
Fra:1 Mem:22.78M (Peak 22.78M) | Time:00:00.00 | Mem:0.00M, Peak:0.00M | Scene, ViewLayer | Synchronizing object | GEO-native-regional-fracture-1-panel-2-section-3-band-1
Fra:1 Mem:22.78M (Peak 22.78M) | Time:00:00.00 | Mem:0.00M, Peak:0.00M | Scene, ViewLayer | Synchronizing object | GEO-native-regional-fracture-1-panel-2-section-3-band-2
Fra:1 Mem:22.79M (Peak 22.79M) | Time:00:00.00 | Mem:0.00M, Peak:0.00M | Scene, ViewLayer | Synchronizing object | GEO-native-regional-fracture-1-panel-2-section-4-band-0
Fra:1 Mem:22.79M (Peak 22.79M) | Time:00:00.00 | Mem:0.00M, Peak:0.00M | Scene, ViewLayer | Synchronizing object | GEO-native-regional-fracture-1-panel-2-section-4-band-1
Fra:1 Mem:22.79M (Peak 22.79M) | Time:00:00.00 | Mem:0.00M, Peak:0.00M | Scene, ViewLayer | Synchronizing object | GEO-native-regional-fracture-1-panel-2-section-4-band-2
Fra:1 Mem:22.79M (Peak 22.79M) | Time:00:00.00 | Mem:0.00M, Peak:0.00M | Scene, ViewLayer | Synchronizing object | GEO-native-regional-fracture-1-panel-4-section-11-band-0
Fra:1 Mem:22.79M (Peak 22.79M) | Time:00:00.00 | Mem:0.00M, Peak:0.00M | Scene, ViewLayer | Synchronizing object | GEO-native-regional-fracture-1-panel-4-section-11-band-1
Fra:1 Mem:22.79M (Peak 22.79M) | Time:00:00.00 | Mem:0.00M, Peak:0.00M | Scene, ViewLayer | Synchronizing object | GEO-native-regional-fracture-1-panel-4-section-11-band-2
Fra:1 Mem:22.79M (Peak 22.79M) | Time:00:00.00 | Mem:0.00M, Peak:0.00M | Scene, ViewLayer | Synchronizing object | GEO-native-regional-fracture-1-panel-4-section-14-band-1
Fra:1 Mem:22.79M (Peak 22.79M) | Time:00:00.00 | Mem:0.00M, Peak:0.00M | Scene, ViewLayer | Synchronizing object | GEO-native-regional-fracture-1-panel-4-section-14-band-2
Fra:1 Mem:22.80M (Peak 22.80M) | Time:00:00.00 | Mem:0.00M, Peak:0.00M | Scene, ViewLayer | Synchronizing object | GEO-native-regional-fracture-0-panel-5-section-1-band-0
Fra:1 Mem:22.80M (Peak 22.80M) | Time:00:00.00 | Mem:0.00M, Peak:0.00M | Scene, ViewLayer | Synchronizing object | GEO-native-regional-fracture-0-panel-5-section-1-band-1
Fra:1 Mem:22.80M (Peak 22.80M) | Time:00:00.00 | Mem:0.00M, Peak:0.00M | Scene, ViewLayer | Synchronizing object | GEO-native-regional-fracture-0-panel-5-section-2-band-0
Fra:1 Mem:22.80M (Peak 22.80M) | Time:00:00.00 | Mem:0.00M, Peak:0.00M | Scene, ViewLayer | Synchronizing object | GEO-native-regional-fracture-0-panel-5-section-2-band-1
Fra:1 Mem:22.80M (Peak 22.80M) | Time:00:00.00 | Mem:0.00M, Peak:0.00M | Scene, ViewLayer | Synchronizing object | GEO-native-regional-fracture-0-panel-5-section-2-band-2
Fra:1 Mem:22.80M (Peak 22.80M) | Time:00:00.00 | Mem:0.00M, Peak:0.00M | Scene, ViewLayer | Synchronizing object | GEO-native-regional-fracture-0-panel-5-section-3-band-0
Fra:1 Mem:22.80M (Peak 22.80M) | Time:00:00.00 | Mem:0.00M, Peak:0.00M | Scene, ViewLayer | Synchronizing object | GEO-native-regional-fracture-0-panel-5-section-3-band-1
Fra:1 Mem:22.81M (Peak 22.81M) | Time:00:00.00 | Mem:0.00M, Peak:0.00M | Scene, ViewLayer | Synchronizing object | GEO-native-regional-fracture-0-panel-5-section-3-band-2
Fra:1 Mem:22.81M (Peak 22.81M) | Time:00:00.00 | Mem:0.00M, Peak:0.00M | Scene, ViewLayer | Synchronizing object | GEO-native-regional-fracture-0-panel-5-section-4-band-1
Fra:1 Mem:22.81M (Peak 22.81M) | Time:00:00.00 | Mem:0.00M, Peak:0.00M | Scene, ViewLayer | Synchronizing object | GEO-native-regional-fracture-0-panel-5-section-4-band-2
Fra:1 Mem:22.81M (Peak 22.81M) | Time:00:00.00 | Mem:0.00M, Peak:0.00M | Scene, ViewLayer | Synchronizing object | GEO-native-regional-fracture-0-panel-5-section-5-band-1
Fra:1 Mem:22.81M (Peak 22.81M) | Time:00:00.00 | Mem:0.00M, Peak:0.00M | Scene, ViewLayer | Synchronizing object | GEO-native-regional-fracture-1-panel-6-section-10-band-0
Fra:1 Mem:22.81M (Peak 22.81M) | Time:00:00.00 | Mem:0.00M, Peak:0.00M | Scene, ViewLayer | Synchronizing object | GEO-native-regional-fracture-1-panel-6-section-11-band-0
Fra:1 Mem:22.81M (Peak 22.81M) | Time:00:00.00 | Mem:0.00M, Peak:0.00M | Scene, ViewLayer | Synchronizing object | GEO-native-regional-fracture-1-panel-6-section-14-band-0
Fra:1 Mem:22.82M (Peak 22.82M) | Time:00:00.00 | Mem:0.00M, Peak:0.00M | Scene, ViewLayer | Synchronizing object | GEO-native-regional-fracture-1-panel-6-section-14-band-1
Fra:1 Mem:22.82M (Peak 22.82M) | Time:00:00.00 | Mem:0.00M, Peak:0.00M | Scene, ViewLayer | Synchronizing object | GEO-native-regional-fracture-1-panel-6-section-15-band-1
Fra:1 Mem:22.82M (Peak 22.82M) | Time:00:00.00 | Mem:0.00M, Peak:0.00M | Scene, ViewLayer | Synchronizing object | GEO-native-regional-fracture-1-panel-6-section-15-band-2
Fra:1 Mem:22.82M (Peak 22.82M) | Time:00:00.00 | Mem:0.00M, Peak:0.00M | Scene, ViewLayer | Synchronizing object | GEO-native-regional-fracture-0-panel-7-section-4-band-2
Fra:1 Mem:22.82M (Peak 22.82M) | Time:00:00.00 | Mem:0.00M, Peak:0.00M | Scene, ViewLayer | Synchronizing object | GEO-native-regional-fracture-0-panel-7-section-5-band-1
Fra:1 Mem:22.82M (Peak 22.82M) | Time:00:00.00 | Mem:0.00M, Peak:0.00M | Scene, ViewLayer | Synchronizing object | GEO-native-regional-fracture-0-panel-7-section-5-band-2
Fra:1 Mem:22.83M (Peak 22.83M) | Time:00:00.00 | Mem:0.00M, Peak:0.00M | Scene, ViewLayer | Synchronizing object | GEO-native-regional-fracture-0-panel-7-section-6-band-1
Fra:1 Mem:22.83M (Peak 22.83M) | Time:00:00.00 | Mem:0.00M, Peak:0.00M | Scene, ViewLayer | Synchronizing object | GEO-native-regional-fracture-0-panel-7-section-6-band-2
Fra:1 Mem:22.83M (Peak 22.83M) | Time:00:00.00 | Mem:0.00M, Peak:0.00M | Scene, ViewLayer | Synchronizing object | GEO-native-regional-fracture-0-panel-7-section-7-band-2
Fra:1 Mem:22.83M (Peak 22.83M) | Time:00:00.00 | Mem:0.00M, Peak:0.00M | Scene, ViewLayer | Synchronizing object | GEO-native-regional-fracture-0-panel-7-section-8-band-1
Fra:1 Mem:22.83M (Peak 22.83M) | Time:00:00.00 | Mem:0.00M, Peak:0.00M | Scene, ViewLayer | Synchronizing object | GEO-native-regional-fracture-0-panel-7-section-8-band-2
Fra:1 Mem:22.83M (Peak 22.83M) | Time:00:00.00 | Mem:0.00M, Peak:0.00M | Scene, ViewLayer | Synchronizing object | GEO-native-regional-fracture-2-panel-8-section-2-band-0
Fra:1 Mem:22.83M (Peak 22.83M) | Time:00:00.00 | Mem:0.00M, Peak:0.00M | Scene, ViewLayer | Synchronizing object | GEO-native-regional-fracture-2-panel-8-section-2-band-1
Fra:1 Mem:22.83M (Peak 22.83M) | Time:00:00.00 | Mem:0.00M, Peak:0.00M | Scene, ViewLayer | Synchronizing object | GEO-native-regional-fracture-0-panel-25-section-14-band-2
Fra:1 Mem:22.84M (Peak 22.84M) | Time:00:00.00 | Mem:0.00M, Peak:0.00M | Scene, ViewLayer | Synchronizing object | GEO-native-regional-fracture-2-panel-8-section-2-band-2
Fra:1 Mem:22.84M (Peak 22.84M) | Time:00:00.00 | Mem:0.00M, Peak:0.00M | Scene, ViewLayer | Synchronizing object | GEO-native-regional-fracture-0-panel-25-section-11-band-2
Fra:1 Mem:22.84M (Peak 22.84M) | Time:00:00.00 | Mem:0.00M, Peak:0.00M | Scene, ViewLayer | Synchronizing object | GEO-native-regional-fracture-1-panel-10-section-1-band-2
Fra:1 Mem:22.84M (Peak 22.84M) | Time:00:00.00 | Mem:0.00M, Peak:0.00M | Scene, ViewLayer | Synchronizing object | GEO-native-regional-fracture-0-panel-25-section-10-band-2
Fra:1 Mem:22.84M (Peak 22.84M) | Time:00:00.00 | Mem:0.00M, Peak:0.00M | Scene, ViewLayer | Synchronizing object | GEO-native-regional-fracture-1-panel-10-section-2-band-2
Fra:1 Mem:22.84M (Peak 22.84M) | Time:00:00.00 | Mem:0.00M, Peak:0.00M | Scene, ViewLayer | Synchronizing object | GEO-native-regional-fracture-0-panel-23-section-15-band-2
Fra:1 Mem:22.84M (Peak 22.84M) | Time:00:00.00 | Mem:0.00M, Peak:0.00M | Scene, ViewLayer | Synchronizing object | GEO-native-regional-fracture-1-panel-10-section-3-band-1
Fra:1 Mem:22.84M (Peak 22.84M) | Time:00:00.00 | Mem:0.00M, Peak:0.00M | Scene, ViewLayer | Synchronizing object | GEO-native-regional-fracture-0-panel-23-section-14-band-2
Fra:1 Mem:22.84M (Peak 22.84M) | Time:00:00.00 | Mem:0.00M, Peak:0.00M | Scene, ViewLayer | Synchronizing object | GEO-native-regional-fracture-1-panel-10-section-3-band-2
Fra:1 Mem:22.84M (Peak 22.84M) | Time:00:00.00 | Mem:0.00M, Peak:0.00M | Scene, ViewLayer | Synchronizing object | GEO-native-regional-fracture-0-panel-23-section-14-band-1
Fra:1 Mem:22.85M (Peak 22.85M) | Time:00:00.00 | Mem:0.00M, Peak:0.00M | Scene, ViewLayer | Synchronizing object | GEO-native-regional-fracture-1-panel-10-section-4-band-2
Fra:1 Mem:22.85M (Peak 22.85M) | Time:00:00.00 | Mem:0.00M, Peak:0.00M | Scene, ViewLayer | Synchronizing object | GEO-native-regional-fracture-0-panel-23-section-11-band-1
Fra:1 Mem:22.85M (Peak 22.85M) | Time:00:00.00 | Mem:0.00M, Peak:0.00M | Scene, ViewLayer | Synchronizing object | GEO-native-regional-fracture-1-panel-10-section-5-band-1
Fra:1 Mem:22.85M (Peak 22.85M) | Time:00:00.00 | Mem:0.00M, Peak:0.00M | Scene, ViewLayer | Synchronizing object | GEO-native-regional-fracture-0-panel-23-section-11-band-0
Fra:1 Mem:22.85M (Peak 22.85M) | Time:00:00.00 | Mem:0.00M, Peak:0.00M | Scene, ViewLayer | Synchronizing object | GEO-native-regional-fracture-1-panel-10-section-5-band-2
Fra:1 Mem:22.85M (Peak 22.85M) | Time:00:00.00 | Mem:0.00M, Peak:0.00M | Scene, ViewLayer | Synchronizing object | GEO-native-regional-fracture-0-panel-23-section-10-band-0
Fra:1 Mem:22.85M (Peak 22.85M) | Time:00:00.00 | Mem:0.00M, Peak:0.00M | Scene, ViewLayer | Synchronizing object | GEO-native-regional-fracture-1-panel-10-section-6-band-1
Fra:1 Mem:22.85M (Peak 22.85M) | Time:00:00.00 | Mem:0.00M, Peak:0.00M | Scene, ViewLayer | Synchronizing object | GEO-native-regional-fracture-2-panel-22-section-10-band-0
Fra:1 Mem:22.85M (Peak 22.85M) | Time:00:00.00 | Mem:0.00M, Peak:0.00M | Scene, ViewLayer | Synchronizing object | GEO-native-regional-fracture-1-panel-10-section-6-band-2
Fra:1 Mem:22.86M (Peak 22.86M) | Time:00:00.00 | Mem:0.00M, Peak:0.00M | Scene, ViewLayer | Synchronizing object | GEO-native-regional-fracture-2-panel-22-section-9-band-0
Fra:1 Mem:22.86M (Peak 22.86M) | Time:00:00.00 | Mem:0.00M, Peak:0.00M | Scene, ViewLayer | Synchronizing object | GEO-native-regional-fracture-1-panel-10-section-7-band-2
Fra:1 Mem:22.86M (Peak 22.86M) | Time:00:00.00 | Mem:0.00M, Peak:0.00M | Scene, ViewLayer | Synchronizing object | GEO-native-regional-fracture-2-panel-22-section-8-band-0
Fra:1 Mem:22.86M (Peak 22.86M) | Time:00:00.00 | Mem:0.00M, Peak:0.00M | Scene, ViewLayer | Synchronizing object | GEO-native-regional-fracture-2-panel-11-section-2-band-0
Fra:1 Mem:22.86M (Peak 22.86M) | Time:00:00.00 | Mem:0.00M, Peak:0.00M | Scene, ViewLayer | Synchronizing object | GEO-native-regional-fracture-2-panel-22-section-7-band-0
Fra:1 Mem:22.86M (Peak 22.86M) | Time:00:00.00 | Mem:0.00M, Peak:0.00M | Scene, ViewLayer | Synchronizing object | GEO-native-regional-fracture-2-panel-11-section-2-band-1
Fra:1 Mem:22.86M (Peak 22.86M) | Time:00:00.00 | Mem:0.00M, Peak:0.00M | Scene, ViewLayer | Synchronizing object | GEO-native-regional-fracture-0-panel-21-section-11-band-2
Fra:1 Mem:22.86M (Peak 22.86M) | Time:00:00.00 | Mem:0.00M, Peak:0.00M | Scene, ViewLayer | Synchronizing object | GEO-native-regional-fracture-2-panel-11-section-2-band-2
Fra:1 Mem:22.86M (Peak 22.86M) | Time:00:00.00 | Mem:0.00M, Peak:0.00M | Scene, ViewLayer | Synchronizing object | GEO-native-regional-fracture-0-panel-21-section-10-band-2
Fra:1 Mem:22.86M (Peak 22.86M) | Time:00:00.00 | Mem:0.00M, Peak:0.00M | Scene, ViewLayer | Synchronizing object | GEO-native-regional-fracture-2-panel-11-section-3-band-0
Fra:1 Mem:22.87M (Peak 22.87M) | Time:00:00.00 | Mem:0.00M, Peak:0.00M | Scene, ViewLayer | Synchronizing object | GEO-native-regional-fracture-0-panel-21-section-10-band-1
Fra:1 Mem:22.87M (Peak 22.87M) | Time:00:00.00 | Mem:0.00M, Peak:0.00M | Scene, ViewLayer | Synchronizing object | GEO-native-regional-fracture-2-panel-11-section-3-band-1
Fra:1 Mem:22.87M (Peak 22.87M) | Time:00:00.00 | Mem:0.00M, Peak:0.00M | Scene, ViewLayer | Synchronizing object | GEO-native-regional-fracture-0-panel-21-section-10-band-0
Fra:1 Mem:22.87M (Peak 22.87M) | Time:00:00.00 | Mem:0.00M, Peak:0.00M | Scene, ViewLayer | Synchronizing object | GEO-native-regional-fracture-2-panel-11-section-3-band-2
Fra:1 Mem:22.87M (Peak 22.87M) | Time:00:00.00 | Mem:0.00M, Peak:0.00M | Scene, ViewLayer | Synchronizing object | GEO-native-regional-fracture-0-panel-21-section-9-band-2
Fra:1 Mem:22.87M (Peak 22.87M) | Time:00:00.00 | Mem:0.00M, Peak:0.00M | Scene, ViewLayer | Synchronizing object | GEO-native-regional-fracture-2-panel-11-section-4-band-2
Fra:1 Mem:22.87M (Peak 22.87M) | Time:00:00.00 | Mem:0.00M, Peak:0.00M | Scene, ViewLayer | Synchronizing object | GEO-native-regional-fracture-0-panel-21-section-9-band-1
Fra:1 Mem:22.87M (Peak 22.87M) | Time:00:00.00 | Mem:0.00M, Peak:0.00M | Scene, ViewLayer | Synchronizing object | GEO-native-regional-fracture-2-panel-11-section-5-band-2
Fra:1 Mem:22.87M (Peak 22.87M) | Time:00:00.00 | Mem:0.00M, Peak:0.00M | Scene, ViewLayer | Synchronizing object | GEO-native-regional-fracture-0-panel-21-section-9-band-0
Fra:1 Mem:22.88M (Peak 22.88M) | Time:00:00.00 | Mem:0.00M, Peak:0.00M | Scene, ViewLayer | Synchronizing object | GEO-native-regional-fracture-2-panel-14-section-2-band-0
Fra:1 Mem:22.88M (Peak 22.88M) | Time:00:00.00 | Mem:0.00M, Peak:0.00M | Scene, ViewLayer | Synchronizing object | GEO-native-regional-fracture-0-panel-21-section-8-band-2
Fra:1 Mem:22.88M (Peak 22.88M) | Time:00:00.00 | Mem:0.00M, Peak:0.00M | Scene, ViewLayer | Synchronizing object | GEO-native-regional-fracture-2-panel-14-section-3-band-0
Fra:1 Mem:22.88M (Peak 22.88M) | Time:00:00.00 | Mem:0.00M, Peak:0.00M | Scene, ViewLayer | Synchronizing object | GEO-native-regional-fracture-0-panel-21-section-8-band-1
Fra:1 Mem:22.88M (Peak 22.88M) | Time:00:00.00 | Mem:0.00M, Peak:0.00M | Scene, ViewLayer | Synchronizing object | GEO-native-regional-fracture-2-panel-14-section-4-band-0
Fra:1 Mem:22.88M (Peak 22.88M) | Time:00:00.00 | Mem:0.00M, Peak:0.00M | Scene, ViewLayer | Synchronizing object | GEO-native-regional-fracture-0-panel-21-section-8-band-0
Fra:1 Mem:22.88M (Peak 22.88M) | Time:00:00.00 | Mem:0.00M, Peak:0.00M | Scene, ViewLayer | Synchronizing object | GEO-native-regional-fracture-2-panel-14-section-4-band-1
Fra:1 Mem:22.88M (Peak 22.88M) | Time:00:00.00 | Mem:0.00M, Peak:0.00M | Scene, ViewLayer | Synchronizing object | GEO-native-regional-fracture-2-panel-17-section-6-band-2
Fra:1 Mem:22.88M (Peak 22.88M) | Time:00:00.00 | Mem:0.00M, Peak:0.00M | Scene, ViewLayer | Synchronizing object | GEO-native-regional-fracture-2-panel-14-section-4-band-2
Fra:1 Mem:22.88M (Peak 22.88M) | Time:00:00.00 | Mem:0.00M, Peak:0.00M | Scene, ViewLayer | Synchronizing object | GEO-native-regional-fracture-2-panel-17-section-5-band-2
Fra:1 Mem:22.88M (Peak 22.88M) | Time:00:00.00 | Mem:0.00M, Peak:0.00M | Scene, ViewLayer | Synchronizing object | GEO-native-regional-fracture-2-panel-14-section-5-band-0
Fra:1 Mem:22.89M (Peak 22.89M) | Time:00:00.00 | Mem:0.00M, Peak:0.00M | Scene, ViewLayer | Synchronizing object | GEO-native-regional-fracture-2-panel-17-section-4-band-2
Fra:1 Mem:22.89M (Peak 22.89M) | Time:00:00.00 | Mem:0.00M, Peak:0.00M | Scene, ViewLayer | Synchronizing object | GEO-native-regional-fracture-2-panel-14-section-5-band-1
Fra:1 Mem:22.89M (Peak 22.89M) | Time:00:00.00 | Mem:0.00M, Peak:0.00M | Scene, ViewLayer | Synchronizing object | GEO-native-regional-fracture-2-panel-17-section-4-band-1
Fra:1 Mem:22.89M (Peak 22.89M) | Time:00:00.00 | Mem:0.00M, Peak:0.00M | Scene, ViewLayer | Synchronizing object | GEO-native-regional-fracture-2-panel-14-section-5-band-2
Fra:1 Mem:22.89M (Peak 22.89M) | Time:00:00.00 | Mem:0.00M, Peak:0.00M | Scene, ViewLayer | Synchronizing object | GEO-native-regional-fracture-2-panel-17-section-4-band-0
Fra:1 Mem:22.89M (Peak 22.89M) | Time:00:00.00 | Mem:0.00M, Peak:0.00M | Scene, ViewLayer | Synchronizing object | GEO-native-regional-fracture-2-panel-14-section-6-band-0
Fra:1 Mem:22.89M (Peak 22.89M) | Time:00:00.00 | Mem:0.00M, Peak:0.00M | Scene, ViewLayer | Synchronizing object | GEO-native-regional-fracture-2-panel-17-section-3-band-2
Fra:1 Mem:22.89M (Peak 22.89M) | Time:00:00.00 | Mem:0.00M, Peak:0.00M | Scene, ViewLayer | Synchronizing object | GEO-native-regional-fracture-2-panel-14-section-6-band-1
Fra:1 Mem:22.89M (Peak 22.89M) | Time:00:00.00 | Mem:0.00M, Peak:0.00M | Scene, ViewLayer | Synchronizing object | GEO-native-regional-fracture-2-panel-17-section-3-band-1
Fra:1 Mem:22.89M (Peak 22.89M) | Time:00:00.00 | Mem:0.00M, Peak:0.00M | Scene, ViewLayer | Synchronizing object | GEO-native-regional-fracture-2-panel-14-section-6-band-2
Fra:1 Mem:22.90M (Peak 22.90M) | Time:00:00.00 | Mem:0.00M, Peak:0.00M | Scene, ViewLayer | Synchronizing object | GEO-native-regional-fracture-2-panel-17-section-3-band-0
Fra:1 Mem:22.90M (Peak 22.90M) | Time:00:00.00 | Mem:0.00M, Peak:0.00M | Scene, ViewLayer | Synchronizing object | GEO-native-regional-fracture-1-panel-15-section-2-band-2
Fra:1 Mem:22.90M (Peak 22.90M) | Time:00:00.00 | Mem:0.00M, Peak:0.00M | Scene, ViewLayer | Synchronizing object | GEO-native-regional-fracture-2-panel-17-section-2-band-1
Fra:1 Mem:22.90M (Peak 22.90M) | Time:00:00.00 | Mem:0.00M, Peak:0.00M | Scene, ViewLayer | Synchronizing object | GEO-native-regional-fracture-2-panel-17-section-2-band-0
Fra:1 Mem:22.90M (Peak 22.90M) | Time:00:00.00 | Mem:0.00M, Peak:0.00M | Scene, ViewLayer | Synchronizing object | GEO-native-regional-fracture-1-panel-15-section-3-band-2
Fra:1 Mem:22.90M (Peak 22.90M) | Time:00:00.00 | Mem:0.00M, Peak:0.00M | Scene, ViewLayer | Synchronizing object | GEO-native-regional-fracture-0-panel-16-section-5-band-1
Fra:1 Mem:22.90M (Peak 22.90M) | Time:00:00.00 | Mem:0.00M, Peak:0.00M | Scene, ViewLayer | Synchronizing object | GEO-native-regional-fracture-1-panel-15-section-4-band-2
Fra:1 Mem:22.90M (Peak 22.90M) | Time:00:00.00 | Mem:0.00M, Peak:0.00M | Scene, ViewLayer | Synchronizing object | GEO-native-regional-fracture-0-panel-16-section-5-band-0
Fra:1 Mem:22.90M (Peak 22.90M) | Time:00:00.00 | Mem:0.00M, Peak:0.00M | Scene, ViewLayer | Synchronizing object | GEO-native-regional-fracture-1-panel-15-section-5-band-2
Fra:1 Mem:22.90M (Peak 22.90M) | Time:00:00.00 | Mem:0.00M, Peak:0.00M | Scene, ViewLayer | Synchronizing object | GEO-native-regional-fracture-0-panel-16-section-4-band-1
Fra:1 Mem:22.90M (Peak 22.90M) | Time:00:00.00 | Mem:0.00M, Peak:0.00M | Scene, ViewLayer | Synchronizing object | GEO-native-regional-fracture-1-panel-15-section-6-band-2
Fra:1 Mem:22.91M (Peak 22.91M) | Time:00:00.00 | Mem:0.00M, Peak:0.00M | Scene, ViewLayer | Synchronizing object | GEO-native-regional-fracture-0-panel-16-section-4-band-0
Fra:1 Mem:22.91M (Peak 22.91M) | Time:00:00.00 | Mem:0.00M, Peak:0.00M | Scene, ViewLayer | Synchronizing object | GEO-native-regional-fracture-1-panel-15-section-7-band-2
Fra:1 Mem:22.91M (Peak 22.91M) | Time:00:00.00 | Mem:0.00M, Peak:0.00M | Scene, ViewLayer | Synchronizing object | GEO-native-regional-fracture-0-panel-16-section-3-band-1
Fra:1 Mem:22.91M (Peak 22.91M) | Time:00:00.00 | Mem:0.00M, Peak:0.00M | Scene, ViewLayer | Synchronizing object | GEO-native-regional-fracture-1-panel-15-section-8-band-2
Fra:1 Mem:22.91M (Peak 22.91M) | Time:00:00.00 | Mem:0.00M, Peak:0.00M | Scene, ViewLayer | Synchronizing object | GEO-native-regional-fracture-0-panel-16-section-3-band-0
Fra:1 Mem:22.91M (Peak 22.91M) | Time:00:00.00 | Mem:0.00M, Peak:0.00M | Scene, ViewLayer | Synchronizing object | GEO-native-regional-fracture-1-panel-15-section-9-band-2
Fra:1 Mem:22.91M (Peak 22.91M) | Time:00:00.00 | Mem:0.00M, Peak:0.00M | Scene, ViewLayer | Synchronizing object | GEO-native-regional-fracture-0-panel-16-section-2-band-0
Fra:1 Mem:22.91M (Peak 22.91M) | Time:00:00.00 | Mem:0.00M, Peak:0.00M | Scene, ViewLayer | Synchronizing object | GEO-native-regional-fracture-1-panel-15-section-10-band-2
Fra:1 Mem:22.91M (Peak 22.91M) | Time:00:00.00 | Mem:0.00M, Peak:0.00M | Scene, ViewLayer | Initializing
Fra:1 Mem:22.36M (Peak 22.91M) | Time:00:00.00 | Mem:0.00M, Peak:0.00M | Scene, ViewLayer | Updating Images | Loading Crystal9-material-7
Fra:1 Mem:22.87M (Peak 22.91M) | Time:00:00.00 | Mem:0.25M, Peak:0.25M | Scene, ViewLayer | Updating Images | Loading Crystal9-material-6
Fra:1 Mem:23.12M (Peak 23.12M) | Time:00:00.00 | Mem:0.50M, Peak:0.50M | Scene, ViewLayer | Updating Images | Loading Crystal9-roughness-0
Fra:1 Mem:23.37M (Peak 23.37M) | Time:00:00.00 | Mem:0.75M, Peak:0.75M | Scene, ViewLayer | Updating Images | Loading Crystal9-material-5
Fra:1 Mem:23.62M (Peak 23.62M) | Time:00:00.00 | Mem:1.00M, Peak:1.00M | Scene, ViewLayer | Updating Images | Loading Crystal9-material-1
Fra:1 Mem:23.87M (Peak 23.87M) | Time:00:00.00 | Mem:1.25M, Peak:1.25M | Scene, ViewLayer | Updating Images | Loading Crystal9-material-4
Fra:1 Mem:24.12M (Peak 24.12M) | Time:00:00.00 | Mem:1.50M, Peak:1.50M | Scene, ViewLayer | Updating Images | Loading Crystal9-roughness-1
Fra:1 Mem:24.37M (Peak 24.37M) | Time:00:00.00 | Mem:1.75M, Peak:1.75M | Scene, ViewLayer | Updating Images | Loading Crystal9-material-3
Fra:1 Mem:24.62M (Peak 24.62M) | Time:00:00.00 | Mem:2.00M, Peak:2.00M | Scene, ViewLayer | Updating Images | Loading Crystal9-material-2
Fra:1 Mem:24.87M (Peak 24.87M) | Time:00:00.00 | Mem:2.25M, Peak:2.25M | Scene, ViewLayer | Updating Images | Loading Crystal9-roughness-2
Fra:1 Mem:20.47M (Peak 24.87M) | Time:00:00.01 | Mem:2.75M, Peak:2.75M | Scene, ViewLayer | Waiting for render to start
Fra:1 Mem:20.47M (Peak 24.87M) | Time:00:00.01 | Mem:2.75M, Peak:2.75M | Scene, ViewLayer | Loading render kernels (may take a few minutes the first time)
Fra:1 Mem:20.47M (Peak 24.87M) | Time:00:00.01 | Mem:2.75M, Peak:2.75M | Scene, ViewLayer | Updating Scene
Fra:1 Mem:20.47M (Peak 24.87M) | Time:00:00.01 | Mem:2.75M, Peak:2.75M | Scene, ViewLayer | Updating Shaders
Fra:1 Mem:20.56M (Peak 24.87M) | Time:00:00.01 | Mem:2.76M, Peak:2.76M | Scene, ViewLayer | Updating Procedurals
Fra:1 Mem:20.56M (Peak 24.87M) | Time:00:00.01 | Mem:2.76M, Peak:2.76M | Scene, ViewLayer | Updating Background
Fra:1 Mem:20.56M (Peak 24.87M) | Time:00:00.01 | Mem:2.76M, Peak:2.76M | Scene, ViewLayer | Updating Camera
Fra:1 Mem:20.56M (Peak 24.87M) | Time:00:00.01 | Mem:2.76M, Peak:2.76M | Scene, ViewLayer | Updating Meshes Flags
Fra:1 Mem:20.56M (Peak 24.87M) | Time:00:00.01 | Mem:2.76M, Peak:2.76M | Scene, ViewLayer | Updating Objects
Fra:1 Mem:20.56M (Peak 24.87M) | Time:00:00.01 | Mem:2.76M, Peak:2.76M | Scene, ViewLayer | Updating Objects | Copying Transformations to device
Fra:1 Mem:20.59M (Peak 24.87M) | Time:00:00.01 | Mem:2.79M, Peak:2.79M | Scene, ViewLayer | Updating Objects | Applying Static Transformations
Fra:1 Mem:20.59M (Peak 24.87M) | Time:00:00.01 | Mem:2.79M, Peak:2.79M | Scene, ViewLayer | Updating Particle Systems
Fra:1 Mem:20.59M (Peak 24.87M) | Time:00:00.01 | Mem:2.79M, Peak:2.79M | Scene, ViewLayer | Updating Particle Systems | Copying Particles to device
Fra:1 Mem:20.59M (Peak 24.87M) | Time:00:00.01 | Mem:2.79M, Peak:2.79M | Scene, ViewLayer | Updating Meshes
Fra:1 Mem:20.63M (Peak 24.87M) | Time:00:00.01 | Mem:2.79M, Peak:2.79M | Scene, ViewLayer | Updating Mesh | Computing attributes
Fra:1 Mem:20.75M (Peak 24.87M) | Time:00:00.01 | Mem:2.80M, Peak:2.80M | Scene, ViewLayer | Updating Mesh | Copying Attributes to device
Fra:1 Mem:20.72M (Peak 24.87M) | Time:00:00.01 | Mem:2.89M, Peak:2.89M | Scene, ViewLayer | Updating Scene BVH | Building
Fra:1 Mem:20.73M (Peak 24.87M) | Time:00:00.01 | Mem:2.89M, Peak:2.89M | Scene, ViewLayer | Updating Scene BVH | Building BVH
Fra:1 Mem:20.73M (Peak 24.87M) | Time:00:00.01 | Mem:3.04M, Peak:3.10M | Scene, ViewLayer | Updating Scene BVH | Copying BVH to device
Fra:1 Mem:20.73M (Peak 24.87M) | Time:00:00.01 | Mem:3.04M, Peak:3.10M | Scene, ViewLayer | Updating Mesh | Computing normals
Fra:1 Mem:20.86M (Peak 24.87M) | Time:00:00.01 | Mem:3.04M, Peak:3.10M | Scene, ViewLayer | Updating Mesh | Copying Mesh to device
Fra:1 Mem:20.86M (Peak 24.87M) | Time:00:00.01 | Mem:3.17M, Peak:3.17M | Scene, ViewLayer | Updating Objects Flags
Fra:1 Mem:20.86M (Peak 24.87M) | Time:00:00.01 | Mem:3.17M, Peak:3.17M | Scene, ViewLayer | Updating Primitive Offsets
Fra:1 Mem:20.86M (Peak 24.87M) | Time:00:00.01 | Mem:3.17M, Peak:3.17M | Scene, ViewLayer | Updating Images
Fra:1 Mem:20.86M (Peak 24.87M) | Time:00:00.01 | Mem:3.17M, Peak:3.17M | Scene, ViewLayer | Updating Camera Volume
Fra:1 Mem:20.86M (Peak 24.87M) | Time:00:00.01 | Mem:3.17M, Peak:3.17M | Scene, ViewLayer | Updating Lookup Tables
Fra:1 Mem:20.86M (Peak 24.87M) | Time:00:00.01 | Mem:3.26M, Peak:3.26M | Scene, ViewLayer | Updating Lights
Fra:1 Mem:20.87M (Peak 24.87M) | Time:00:00.01 | Mem:3.26M, Peak:3.26M | Scene, ViewLayer | Updating Lights | Computing tree
Fra:1 Mem:20.93M (Peak 24.87M) | Time:00:00.01 | Mem:3.32M, Peak:3.32M | Scene, ViewLayer | Updating Integrator
Fra:1 Mem:20.93M (Peak 24.87M) | Time:00:00.01 | Mem:3.32M, Peak:3.32M | Scene, ViewLayer | Updating Film
Fra:1 Mem:20.93M (Peak 24.87M) | Time:00:00.01 | Mem:3.24M, Peak:3.32M | Scene, ViewLayer | Updating Lookup Tables
Fra:1 Mem:20.93M (Peak 24.87M) | Time:00:00.01 | Mem:3.32M, Peak:3.32M | Scene, ViewLayer | Updating Baking
Fra:1 Mem:20.93M (Peak 24.87M) | Time:00:00.01 | Mem:3.32M, Peak:3.32M | Scene, ViewLayer | Updating Device | Writing constant memory
Fra:1 Mem:20.93M (Peak 24.87M) | Time:00:00.01 | Mem:3.32M, Peak:3.32M | Scene, ViewLayer | Sample 0/32
Fra:1 Mem:48.75M (Peak 48.75M) | Time:00:00.38 | Remaining:00:11.40 | Mem:31.15M, Peak:31.15M | Scene, ViewLayer | Sample 1/32
Fra:1 Mem:61.11M (Peak 85.83M) | Time:00:10.60 | Mem:31.15M, Peak:31.15M | Scene, ViewLayer | Sample 32/32
Fra:1 Mem:61.11M (Peak 85.83M) | Time:00:10.60 | Mem:31.15M, Peak:31.15M | Scene, ViewLayer | Finished
Saved: '/root/sidereal_spacetime/output/playwright/planet-reference-20260914/crystal-moons-r009-parity/moon-2-gltf-front-faces-only-matched-angle2.png'
Time: 00:10.66 (Saving: 00:00.05)

Fra:1 Mem:22.65M (Peak 22.65M) | Time:00:00.00 | Mem:0.00M, Peak:0.00M | Scene, ViewLayer | Synchronizing object | GEO-planets--crystal-moon-2-connected-crystalline-body
Fra:1 Mem:22.76M (Peak 22.76M) | Time:00:00.00 | Mem:0.00M, Peak:0.00M | Scene, ViewLayer | Synchronizing object | GEO-native-regional-fracture-2-panel-1-section-5-band-2
Fra:1 Mem:22.76M (Peak 22.76M) | Time:00:00.00 | Mem:0.00M, Peak:0.00M | Scene, ViewLayer | Synchronizing object | GEO-native-regional-fracture-2-panel-1-section-6-band-0
Fra:1 Mem:22.76M (Peak 22.76M) | Time:00:00.00 | Mem:0.00M, Peak:0.00M | Scene, ViewLayer | Synchronizing object | GEO-native-regional-fracture-2-panel-1-section-6-band-1
Fra:1 Mem:22.76M (Peak 22.76M) | Time:00:00.00 | Mem:0.00M, Peak:0.00M | Scene, ViewLayer | Synchronizing object | GEO-native-regional-fracture-2-panel-1-section-6-band-2
Fra:1 Mem:22.76M (Peak 22.76M) | Time:00:00.00 | Mem:0.00M, Peak:0.00M | Scene, ViewLayer | Synchronizing object | GEO-native-regional-fracture-2-panel-1-section-7-band-0
Fra:1 Mem:22.76M (Peak 22.76M) | Time:00:00.00 | Mem:0.00M, Peak:0.00M | Scene, ViewLayer | Synchronizing object | GEO-native-regional-fracture-2-panel-1-section-7-band-1
Fra:1 Mem:22.77M (Peak 22.77M) | Time:00:00.00 | Mem:0.00M, Peak:0.00M | Scene, ViewLayer | Synchronizing object | GEO-native-regional-fracture-2-panel-1-section-7-band-2
Fra:1 Mem:22.77M (Peak 22.77M) | Time:00:00.00 | Mem:0.00M, Peak:0.00M | Scene, ViewLayer | Synchronizing object | GEO-native-regional-fracture-2-panel-1-section-8-band-0
Fra:1 Mem:22.77M (Peak 22.77M) | Time:00:00.00 | Mem:0.00M, Peak:0.00M | Scene, ViewLayer | Synchronizing object | GEO-native-regional-fracture-2-panel-1-section-8-band-1
Fra:1 Mem:22.77M (Peak 22.77M) | Time:00:00.00 | Mem:0.00M, Peak:0.00M | Scene, ViewLayer | Synchronizing object | GEO-native-regional-fracture-2-panel-1-section-8-band-2
Fra:1 Mem:22.77M (Peak 22.77M) | Time:00:00.00 | Mem:0.00M, Peak:0.00M | Scene, ViewLayer | Synchronizing object | GEO-native-regional-fracture-1-panel-2-section-12-band-2
Fra:1 Mem:22.77M (Peak 22.77M) | Time:00:00.00 | Mem:0.00M, Peak:0.00M | Scene, ViewLayer | Synchronizing object | GEO-native-regional-fracture-1-panel-2-section-13-band-1
Fra:1 Mem:22.77M (Peak 22.77M) | Time:00:00.00 | Mem:0.00M, Peak:0.00M | Scene, ViewLayer | Synchronizing object | GEO-native-regional-fracture-1-panel-2-section-13-band-2
Fra:1 Mem:22.77M (Peak 22.77M) | Time:00:00.00 | Mem:0.00M, Peak:0.00M | Scene, ViewLayer | Synchronizing object | GEO-native-regional-fracture-1-panel-2-section-1-band-0
Fra:1 Mem:22.78M (Peak 22.78M) | Time:00:00.00 | Mem:0.00M, Peak:0.00M | Scene, ViewLayer | Synchronizing object | GEO-native-regional-fracture-1-panel-2-section-1-band-1
Fra:1 Mem:22.78M (Peak 22.78M) | Time:00:00.00 | Mem:0.00M, Peak:0.00M | Scene, ViewLayer | Synchronizing object | GEO-native-regional-fracture-1-panel-2-section-1-band-2
Fra:1 Mem:22.78M (Peak 22.78M) | Time:00:00.00 | Mem:0.00M, Peak:0.00M | Scene, ViewLayer | Synchronizing object | GEO-native-regional-fracture-1-panel-2-section-2-band-0
Fra:1 Mem:22.78M (Peak 22.78M) | Time:00:00.00 | Mem:0.00M, Peak:0.00M | Scene, ViewLayer | Synchronizing object | GEO-native-regional-fracture-1-panel-2-section-2-band-1
Fra:1 Mem:22.78M (Peak 22.78M) | Time:00:00.00 | Mem:0.00M, Peak:0.00M | Scene, ViewLayer | Synchronizing object | GEO-native-regional-fracture-1-panel-2-section-2-band-2
Fra:1 Mem:22.78M (Peak 22.78M) | Time:00:00.00 | Mem:0.00M, Peak:0.00M | Scene, ViewLayer | Synchronizing object | GEO-native-regional-fracture-1-panel-2-section-3-band-0
Fra:1 Mem:22.78M (Peak 22.78M) | Time:00:00.00 | Mem:0.00M, Peak:0.00M | Scene, ViewLayer | Synchronizing object | GEO-native-regional-fracture-1-panel-2-section-3-band-1
Fra:1 Mem:22.79M (Peak 22.79M) | Time:00:00.00 | Mem:0.00M, Peak:0.00M | Scene, ViewLayer | Synchronizing object | GEO-native-regional-fracture-1-panel-2-section-3-band-2
Fra:1 Mem:22.79M (Peak 22.79M) | Time:00:00.00 | Mem:0.00M, Peak:0.00M | Scene, ViewLayer | Synchronizing object | GEO-native-regional-fracture-1-panel-2-section-4-band-0
Fra:1 Mem:22.79M (Peak 22.79M) | Time:00:00.00 | Mem:0.00M, Peak:0.00M | Scene, ViewLayer | Synchronizing object | GEO-native-regional-fracture-1-panel-2-section-4-band-1
Fra:1 Mem:22.79M (Peak 22.79M) | Time:00:00.00 | Mem:0.00M, Peak:0.00M | Scene, ViewLayer | Synchronizing object | GEO-native-regional-fracture-1-panel-2-section-4-band-2
Fra:1 Mem:22.79M (Peak 22.79M) | Time:00:00.00 | Mem:0.00M, Peak:0.00M | Scene, ViewLayer | Synchronizing object | GEO-native-regional-fracture-1-panel-4-section-11-band-0
Fra:1 Mem:22.79M (Peak 22.79M) | Time:00:00.00 | Mem:0.00M, Peak:0.00M | Scene, ViewLayer | Synchronizing object | GEO-native-regional-fracture-1-panel-4-section-11-band-1
Fra:1 Mem:22.80M (Peak 22.80M) | Time:00:00.00 | Mem:0.00M, Peak:0.00M | Scene, ViewLayer | Synchronizing object | GEO-native-regional-fracture-1-panel-4-section-11-band-2
Fra:1 Mem:22.80M (Peak 22.80M) | Time:00:00.00 | Mem:0.00M, Peak:0.00M | Scene, ViewLayer | Synchronizing object | GEO-native-regional-fracture-1-panel-4-section-14-band-1
Fra:1 Mem:22.80M (Peak 22.80M) | Time:00:00.00 | Mem:0.00M, Peak:0.00M | Scene, ViewLayer | Synchronizing object | GEO-native-regional-fracture-1-panel-4-section-14-band-2
Fra:1 Mem:22.80M (Peak 22.80M) | Time:00:00.00 | Mem:0.00M, Peak:0.00M | Scene, ViewLayer | Synchronizing object | GEO-native-regional-fracture-0-panel-5-section-1-band-0
Fra:1 Mem:22.80M (Peak 22.80M) | Time:00:00.00 | Mem:0.00M, Peak:0.00M | Scene, ViewLayer | Synchronizing object | GEO-native-regional-fracture-0-panel-5-section-1-band-1
Fra:1 Mem:22.80M (Peak 22.80M) | Time:00:00.00 | Mem:0.00M, Peak:0.00M | Scene, ViewLayer | Synchronizing object | GEO-native-regional-fracture-0-panel-5-section-2-band-0
Fra:1 Mem:22.80M (Peak 22.80M) | Time:00:00.00 | Mem:0.00M, Peak:0.00M | Scene, ViewLayer | Synchronizing object | GEO-native-regional-fracture-0-panel-5-section-2-band-1
Fra:1 Mem:22.80M (Peak 22.80M) | Time:00:00.00 | Mem:0.00M, Peak:0.00M | Scene, ViewLayer | Synchronizing object | GEO-native-regional-fracture-0-panel-5-section-2-band-2
Fra:1 Mem:22.81M (Peak 22.81M) | Time:00:00.00 | Mem:0.00M, Peak:0.00M | Scene, ViewLayer | Synchronizing object | GEO-native-regional-fracture-0-panel-5-section-3-band-0
Fra:1 Mem:22.81M (Peak 22.81M) | Time:00:00.00 | Mem:0.00M, Peak:0.00M | Scene, ViewLayer | Synchronizing object | GEO-native-regional-fracture-0-panel-5-section-3-band-1
Fra:1 Mem:22.81M (Peak 22.81M) | Time:00:00.00 | Mem:0.00M, Peak:0.00M | Scene, ViewLayer | Synchronizing object | GEO-native-regional-fracture-0-panel-5-section-3-band-2
Fra:1 Mem:22.81M (Peak 22.81M) | Time:00:00.00 | Mem:0.00M, Peak:0.00M | Scene, ViewLayer | Synchronizing object | GEO-native-regional-fracture-0-panel-5-section-4-band-1
Fra:1 Mem:22.81M (Peak 22.81M) | Time:00:00.00 | Mem:0.00M, Peak:0.00M | Scene, ViewLayer | Synchronizing object | GEO-native-regional-fracture-0-panel-5-section-4-band-2
Fra:1 Mem:22.81M (Peak 22.81M) | Time:00:00.00 | Mem:0.00M, Peak:0.00M | Scene, ViewLayer | Synchronizing object | GEO-native-regional-fracture-0-panel-5-section-5-band-1
Fra:1 Mem:22.81M (Peak 22.81M) | Time:00:00.00 | Mem:0.00M, Peak:0.00M | Scene, ViewLayer | Synchronizing object | GEO-native-regional-fracture-1-panel-6-section-10-band-0
Fra:1 Mem:22.82M (Peak 22.82M) | Time:00:00.00 | Mem:0.00M, Peak:0.00M | Scene, ViewLayer | Synchronizing object | GEO-native-regional-fracture-1-panel-6-section-11-band-0
Fra:1 Mem:22.82M (Peak 22.82M) | Time:00:00.00 | Mem:0.00M, Peak:0.00M | Scene, ViewLayer | Synchronizing object | GEO-native-regional-fracture-1-panel-6-section-14-band-0
Fra:1 Mem:22.82M (Peak 22.82M) | Time:00:00.00 | Mem:0.00M, Peak:0.00M | Scene, ViewLayer | Synchronizing object | GEO-native-regional-fracture-1-panel-6-section-14-band-1
Fra:1 Mem:22.82M (Peak 22.82M) | Time:00:00.00 | Mem:0.00M, Peak:0.00M | Scene, ViewLayer | Synchronizing object | GEO-native-regional-fracture-1-panel-6-section-15-band-1
Fra:1 Mem:22.82M (Peak 22.82M) | Time:00:00.00 | Mem:0.00M, Peak:0.00M | Scene, ViewLayer | Synchronizing object | GEO-native-regional-fracture-1-panel-6-section-15-band-2
Fra:1 Mem:22.82M (Peak 22.82M) | Time:00:00.00 | Mem:0.00M, Peak:0.00M | Scene, ViewLayer | Synchronizing object | GEO-native-regional-fracture-0-panel-7-section-4-band-2
Fra:1 Mem:22.82M (Peak 22.82M) | Time:00:00.00 | Mem:0.00M, Peak:0.00M | Scene, ViewLayer | Synchronizing object | GEO-native-regional-fracture-0-panel-7-section-5-band-1
Fra:1 Mem:22.83M (Peak 22.83M) | Time:00:00.00 | Mem:0.00M, Peak:0.00M | Scene, ViewLayer | Synchronizing object | GEO-native-regional-fracture-0-panel-7-section-5-band-2
Fra:1 Mem:22.83M (Peak 22.83M) | Time:00:00.00 | Mem:0.00M, Peak:0.00M | Scene, ViewLayer | Synchronizing object | GEO-native-regional-fracture-0-panel-7-section-6-band-1
Fra:1 Mem:22.83M (Peak 22.83M) | Time:00:00.00 | Mem:0.00M, Peak:0.00M | Scene, ViewLayer | Synchronizing object | GEO-native-regional-fracture-0-panel-7-section-6-band-2
Fra:1 Mem:22.83M (Peak 22.83M) | Time:00:00.00 | Mem:0.00M, Peak:0.00M | Scene, ViewLayer | Synchronizing object | GEO-native-regional-fracture-0-panel-7-section-7-band-2
Fra:1 Mem:22.83M (Peak 22.83M) | Time:00:00.00 | Mem:0.00M, Peak:0.00M | Scene, ViewLayer | Synchronizing object | GEO-native-regional-fracture-0-panel-25-section-15-band-2
Fra:1 Mem:22.83M (Peak 22.83M) | Time:00:00.00 | Mem:0.00M, Peak:0.00M | Scene, ViewLayer | Synchronizing object | GEO-native-regional-fracture-0-panel-7-section-8-band-1
Fra:1 Mem:22.83M (Peak 22.83M) | Time:00:00.00 | Mem:0.00M, Peak:0.00M | Scene, ViewLayer | Synchronizing object | GEO-native-regional-fracture-0-panel-7-section-8-band-2
Fra:1 Mem:22.83M (Peak 22.83M) | Time:00:00.00 | Mem:0.00M, Peak:0.00M | Scene, ViewLayer | Synchronizing object | GEO-native-regional-fracture-0-panel-25-section-14-band-2
Fra:1 Mem:22.83M (Peak 22.83M) | Time:00:00.00 | Mem:0.00M, Peak:0.00M | Scene, ViewLayer | Synchronizing object | GEO-native-regional-fracture-2-panel-8-section-2-band-0
Fra:1 Mem:22.83M (Peak 22.83M) | Time:00:00.00 | Mem:0.00M, Peak:0.00M | Scene, ViewLayer | Synchronizing object | GEO-native-regional-fracture-0-panel-25-section-11-band-2
Fra:1 Mem:22.84M (Peak 22.84M) | Time:00:00.00 | Mem:0.00M, Peak:0.00M | Scene, ViewLayer | Synchronizing object | GEO-native-regional-fracture-2-panel-8-section-2-band-1
Fra:1 Mem:22.84M (Peak 22.84M) | Time:00:00.00 | Mem:0.00M, Peak:0.00M | Scene, ViewLayer | Synchronizing object | GEO-native-regional-fracture-0-panel-25-section-10-band-2
Fra:1 Mem:22.84M (Peak 22.84M) | Time:00:00.00 | Mem:0.00M, Peak:0.00M | Scene, ViewLayer | Synchronizing object | GEO-native-regional-fracture-2-panel-8-section-2-band-2
Fra:1 Mem:22.84M (Peak 22.84M) | Time:00:00.00 | Mem:0.00M, Peak:0.00M | Scene, ViewLayer | Synchronizing object | GEO-native-regional-fracture-0-panel-23-section-15-band-2
Fra:1 Mem:22.84M (Peak 22.84M) | Time:00:00.00 | Mem:0.00M, Peak:0.00M | Scene, ViewLayer | Synchronizing object | GEO-native-regional-fracture-1-panel-10-section-1-band-2
Fra:1 Mem:22.84M (Peak 22.84M) | Time:00:00.00 | Mem:0.00M, Peak:0.00M | Scene, ViewLayer | Synchronizing object | GEO-native-regional-fracture-0-panel-23-section-14-band-2
Fra:1 Mem:22.84M (Peak 22.84M) | Time:00:00.00 | Mem:0.00M, Peak:0.00M | Scene, ViewLayer | Synchronizing object | GEO-native-regional-fracture-0-panel-23-section-14-band-1
Fra:1 Mem:22.84M (Peak 22.84M) | Time:00:00.00 | Mem:0.00M, Peak:0.00M | Scene, ViewLayer | Synchronizing object | GEO-native-regional-fracture-0-panel-23-section-11-band-1
Fra:1 Mem:22.84M (Peak 22.84M) | Time:00:00.00 | Mem:0.00M, Peak:0.00M | Scene, ViewLayer | Synchronizing object | GEO-native-regional-fracture-1-panel-10-section-3-band-1
Fra:1 Mem:22.85M (Peak 22.85M) | Time:00:00.00 | Mem:0.00M, Peak:0.00M | Scene, ViewLayer | Synchronizing object | GEO-native-regional-fracture-0-panel-23-section-11-band-0
Fra:1 Mem:22.85M (Peak 22.85M) | Time:00:00.00 | Mem:0.00M, Peak:0.00M | Scene, ViewLayer | Synchronizing object | GEO-native-regional-fracture-1-panel-10-section-3-band-2
Fra:1 Mem:22.85M (Peak 22.85M) | Time:00:00.00 | Mem:0.00M, Peak:0.00M | Scene, ViewLayer | Synchronizing object | GEO-native-regional-fracture-0-panel-23-section-10-band-0
Fra:1 Mem:22.85M (Peak 22.85M) | Time:00:00.00 | Mem:0.00M, Peak:0.00M | Scene, ViewLayer | Synchronizing object | GEO-native-regional-fracture-1-panel-10-section-4-band-2
Fra:1 Mem:22.85M (Peak 22.85M) | Time:00:00.00 | Mem:0.00M, Peak:0.00M | Scene, ViewLayer | Synchronizing object | GEO-native-regional-fracture-2-panel-22-section-10-band-0
Fra:1 Mem:22.85M (Peak 22.85M) | Time:00:00.00 | Mem:0.00M, Peak:0.00M | Scene, ViewLayer | Synchronizing object | GEO-native-regional-fracture-1-panel-10-section-5-band-1
Fra:1 Mem:22.85M (Peak 22.85M) | Time:00:00.00 | Mem:0.00M, Peak:0.00M | Scene, ViewLayer | Synchronizing object | GEO-native-regional-fracture-2-panel-22-section-9-band-0
Fra:1 Mem:22.85M (Peak 22.85M) | Time:00:00.00 | Mem:0.00M, Peak:0.00M | Scene, ViewLayer | Synchronizing object | GEO-native-regional-fracture-1-panel-10-section-5-band-2
Fra:1 Mem:22.86M (Peak 22.86M) | Time:00:00.00 | Mem:0.00M, Peak:0.00M | Scene, ViewLayer | Synchronizing object | GEO-native-regional-fracture-2-panel-22-section-8-band-0
Fra:1 Mem:22.86M (Peak 22.86M) | Time:00:00.00 | Mem:0.00M, Peak:0.00M | Scene, ViewLayer | Synchronizing object | GEO-native-regional-fracture-1-panel-10-section-6-band-1
Fra:1 Mem:22.86M (Peak 22.86M) | Time:00:00.00 | Mem:0.00M, Peak:0.00M | Scene, ViewLayer | Synchronizing object | GEO-native-regional-fracture-2-panel-22-section-7-band-0
Fra:1 Mem:22.86M (Peak 22.86M) | Time:00:00.00 | Mem:0.00M, Peak:0.00M | Scene, ViewLayer | Synchronizing object | GEO-native-regional-fracture-1-panel-10-section-6-band-2
Fra:1 Mem:22.86M (Peak 22.86M) | Time:00:00.00 | Mem:0.00M, Peak:0.00M | Scene, ViewLayer | Synchronizing object | GEO-native-regional-fracture-0-panel-21-section-11-band-2
Fra:1 Mem:22.86M (Peak 22.86M) | Time:00:00.00 | Mem:0.00M, Peak:0.00M | Scene, ViewLayer | Synchronizing object | GEO-native-regional-fracture-1-panel-10-section-7-band-2
Fra:1 Mem:22.86M (Peak 22.86M) | Time:00:00.00 | Mem:0.00M, Peak:0.00M | Scene, ViewLayer | Synchronizing object | GEO-native-regional-fracture-0-panel-21-section-10-band-2
Fra:1 Mem:22.86M (Peak 22.86M) | Time:00:00.00 | Mem:0.00M, Peak:0.00M | Scene, ViewLayer | Synchronizing object | GEO-native-regional-fracture-2-panel-11-section-2-band-0
Fra:1 Mem:22.86M (Peak 22.86M) | Time:00:00.00 | Mem:0.00M, Peak:0.00M | Scene, ViewLayer | Synchronizing object | GEO-native-regional-fracture-0-panel-21-section-10-band-1
Fra:1 Mem:22.86M (Peak 22.86M) | Time:00:00.00 | Mem:0.00M, Peak:0.00M | Scene, ViewLayer | Synchronizing object | GEO-native-regional-fracture-2-panel-11-section-2-band-1
Fra:1 Mem:22.87M (Peak 22.87M) | Time:00:00.00 | Mem:0.00M, Peak:0.00M | Scene, ViewLayer | Synchronizing object | GEO-native-regional-fracture-0-panel-21-section-10-band-0
Fra:1 Mem:22.87M (Peak 22.87M) | Time:00:00.00 | Mem:0.00M, Peak:0.00M | Scene, ViewLayer | Synchronizing object | GEO-native-regional-fracture-2-panel-11-section-2-band-2
Fra:1 Mem:22.87M (Peak 22.87M) | Time:00:00.00 | Mem:0.00M, Peak:0.00M | Scene, ViewLayer | Synchronizing object | GEO-native-regional-fracture-0-panel-21-section-9-band-2
Fra:1 Mem:22.87M (Peak 22.87M) | Time:00:00.00 | Mem:0.00M, Peak:0.00M | Scene, ViewLayer | Synchronizing object | GEO-native-regional-fracture-2-panel-11-section-3-band-0
Fra:1 Mem:22.87M (Peak 22.87M) | Time:00:00.00 | Mem:0.00M, Peak:0.00M | Scene, ViewLayer | Synchronizing object | GEO-native-regional-fracture-0-panel-21-section-9-band-1
Fra:1 Mem:22.87M (Peak 22.87M) | Time:00:00.00 | Mem:0.00M, Peak:0.00M | Scene, ViewLayer | Synchronizing object | GEO-native-regional-fracture-2-panel-11-section-3-band-1
Fra:1 Mem:22.87M (Peak 22.87M) | Time:00:00.00 | Mem:0.00M, Peak:0.00M | Scene, ViewLayer | Synchronizing object | GEO-native-regional-fracture-0-panel-21-section-9-band-0
Fra:1 Mem:22.87M (Peak 22.87M) | Time:00:00.00 | Mem:0.00M, Peak:0.00M | Scene, ViewLayer | Synchronizing object | GEO-native-regional-fracture-2-panel-11-section-3-band-2
Fra:1 Mem:22.87M (Peak 22.87M) | Time:00:00.00 | Mem:0.00M, Peak:0.00M | Scene, ViewLayer | Synchronizing object | GEO-native-regional-fracture-0-panel-21-section-8-band-2
Fra:1 Mem:22.87M (Peak 22.87M) | Time:00:00.00 | Mem:0.00M, Peak:0.00M | Scene, ViewLayer | Synchronizing object | GEO-native-regional-fracture-2-panel-11-section-4-band-2
Fra:1 Mem:22.88M (Peak 22.88M) | Time:00:00.00 | Mem:0.00M, Peak:0.00M | Scene, ViewLayer | Synchronizing object | GEO-native-regional-fracture-0-panel-21-section-8-band-1
Fra:1 Mem:22.88M (Peak 22.88M) | Time:00:00.00 | Mem:0.00M, Peak:0.00M | Scene, ViewLayer | Synchronizing object | GEO-native-regional-fracture-2-panel-11-section-5-band-2
Fra:1 Mem:22.88M (Peak 22.88M) | Time:00:00.00 | Mem:0.00M, Peak:0.00M | Scene, ViewLayer | Synchronizing object | GEO-native-regional-fracture-0-panel-21-section-8-band-0
Fra:1 Mem:22.88M (Peak 22.88M) | Time:00:00.00 | Mem:0.00M, Peak:0.00M | Scene, ViewLayer | Synchronizing object | GEO-native-regional-fracture-2-panel-14-section-2-band-0
Fra:1 Mem:22.88M (Peak 22.88M) | Time:00:00.00 | Mem:0.00M, Peak:0.00M | Scene, ViewLayer | Synchronizing object | GEO-native-regional-fracture-2-panel-17-section-6-band-2
Fra:1 Mem:22.88M (Peak 22.88M) | Time:00:00.00 | Mem:0.00M, Peak:0.00M | Scene, ViewLayer | Synchronizing object | GEO-native-regional-fracture-2-panel-14-section-3-band-0
Fra:1 Mem:22.88M (Peak 22.88M) | Time:00:00.00 | Mem:0.00M, Peak:0.00M | Scene, ViewLayer | Synchronizing object | GEO-native-regional-fracture-2-panel-17-section-5-band-2
Fra:1 Mem:22.88M (Peak 22.88M) | Time:00:00.00 | Mem:0.00M, Peak:0.00M | Scene, ViewLayer | Synchronizing object | GEO-native-regional-fracture-2-panel-14-section-4-band-0
Fra:1 Mem:22.88M (Peak 22.88M) | Time:00:00.00 | Mem:0.00M, Peak:0.00M | Scene, ViewLayer | Synchronizing object | GEO-native-regional-fracture-2-panel-17-section-4-band-2
Fra:1 Mem:22.88M (Peak 22.88M) | Time:00:00.00 | Mem:0.00M, Peak:0.00M | Scene, ViewLayer | Synchronizing object | GEO-native-regional-fracture-2-panel-14-section-4-band-1
Fra:1 Mem:22.89M (Peak 22.89M) | Time:00:00.00 | Mem:0.00M, Peak:0.00M | Scene, ViewLayer | Synchronizing object | GEO-native-regional-fracture-2-panel-17-section-4-band-1
Fra:1 Mem:22.89M (Peak 22.89M) | Time:00:00.00 | Mem:0.00M, Peak:0.00M | Scene, ViewLayer | Synchronizing object | GEO-native-regional-fracture-2-panel-17-section-4-band-0
Fra:1 Mem:22.89M (Peak 22.89M) | Time:00:00.00 | Mem:0.00M, Peak:0.00M | Scene, ViewLayer | Synchronizing object | GEO-native-regional-fracture-2-panel-17-section-3-band-2
Fra:1 Mem:22.89M (Peak 22.89M) | Time:00:00.00 | Mem:0.00M, Peak:0.00M | Scene, ViewLayer | Synchronizing object | GEO-native-regional-fracture-2-panel-14-section-5-band-0
Fra:1 Mem:22.89M (Peak 22.89M) | Time:00:00.00 | Mem:0.00M, Peak:0.00M | Scene, ViewLayer | Synchronizing object | GEO-native-regional-fracture-2-panel-17-section-3-band-1
Fra:1 Mem:22.89M (Peak 22.89M) | Time:00:00.00 | Mem:0.00M, Peak:0.00M | Scene, ViewLayer | Synchronizing object | GEO-native-regional-fracture-2-panel-14-section-5-band-1
Fra:1 Mem:22.89M (Peak 22.89M) | Time:00:00.00 | Mem:0.00M, Peak:0.00M | Scene, ViewLayer | Synchronizing object | GEO-native-regional-fracture-2-panel-17-section-3-band-0
Fra:1 Mem:22.89M (Peak 22.89M) | Time:00:00.00 | Mem:0.00M, Peak:0.00M | Scene, ViewLayer | Synchronizing object | GEO-native-regional-fracture-2-panel-14-section-5-band-2
Fra:1 Mem:22.89M (Peak 22.89M) | Time:00:00.00 | Mem:0.00M, Peak:0.00M | Scene, ViewLayer | Synchronizing object | GEO-native-regional-fracture-2-panel-17-section-2-band-1
Fra:1 Mem:22.90M (Peak 22.90M) | Time:00:00.00 | Mem:0.00M, Peak:0.00M | Scene, ViewLayer | Synchronizing object | GEO-native-regional-fracture-2-panel-14-section-6-band-0
Fra:1 Mem:22.90M (Peak 22.90M) | Time:00:00.00 | Mem:0.00M, Peak:0.00M | Scene, ViewLayer | Synchronizing object | GEO-native-regional-fracture-2-panel-17-section-2-band-0
Fra:1 Mem:22.90M (Peak 22.90M) | Time:00:00.00 | Mem:0.00M, Peak:0.00M | Scene, ViewLayer | Synchronizing object | GEO-native-regional-fracture-2-panel-14-section-6-band-1
Fra:1 Mem:22.90M (Peak 22.90M) | Time:00:00.00 | Mem:0.00M, Peak:0.00M | Scene, ViewLayer | Synchronizing object | GEO-native-regional-fracture-0-panel-16-section-5-band-1
Fra:1 Mem:22.90M (Peak 22.90M) | Time:00:00.00 | Mem:0.00M, Peak:0.00M | Scene, ViewLayer | Synchronizing object | GEO-native-regional-fracture-2-panel-14-section-6-band-2
Fra:1 Mem:22.90M (Peak 22.90M) | Time:00:00.00 | Mem:0.00M, Peak:0.00M | Scene, ViewLayer | Synchronizing object | GEO-native-regional-fracture-0-panel-16-section-5-band-0
Fra:1 Mem:22.90M (Peak 22.90M) | Time:00:00.00 | Mem:0.00M, Peak:0.00M | Scene, ViewLayer | Synchronizing object | GEO-native-regional-fracture-1-panel-15-section-2-band-2
Fra:1 Mem:22.90M (Peak 22.90M) | Time:00:00.00 | Mem:0.00M, Peak:0.00M | Scene, ViewLayer | Synchronizing object | GEO-native-regional-fracture-0-panel-16-section-4-band-1
Fra:1 Mem:22.90M (Peak 22.90M) | Time:00:00.00 | Mem:0.00M, Peak:0.00M | Scene, ViewLayer | Synchronizing object | GEO-native-regional-fracture-1-panel-15-section-3-band-2
Fra:1 Mem:22.90M (Peak 22.90M) | Time:00:00.00 | Mem:0.00M, Peak:0.00M | Scene, ViewLayer | Synchronizing object | GEO-native-regional-fracture-0-panel-16-section-4-band-0
Fra:1 Mem:22.90M (Peak 22.90M) | Time:00:00.00 | Mem:0.00M, Peak:0.00M | Scene, ViewLayer | Synchronizing object | GEO-native-regional-fracture-1-panel-15-section-4-band-2
Fra:1 Mem:22.90M (Peak 22.90M) | Time:00:00.00 | Mem:0.00M, Peak:0.00M | Scene, ViewLayer | Synchronizing object | GEO-native-regional-fracture-0-panel-16-section-3-band-1
Fra:1 Mem:22.91M (Peak 22.91M) | Time:00:00.00 | Mem:0.00M, Peak:0.00M | Scene, ViewLayer | Synchronizing object | GEO-native-regional-fracture-1-panel-15-section-5-band-2
Fra:1 Mem:22.91M (Peak 22.91M) | Time:00:00.00 | Mem:0.00M, Peak:0.00M | Scene, ViewLayer | Synchronizing object | GEO-native-regional-fracture-0-panel-16-section-3-band-0
Fra:1 Mem:22.91M (Peak 22.91M) | Time:00:00.00 | Mem:0.00M, Peak:0.00M | Scene, ViewLayer | Synchronizing object | GEO-native-regional-fracture-1-panel-15-section-6-band-2
Fra:1 Mem:22.91M (Peak 22.91M) | Time:00:00.00 | Mem:0.00M, Peak:0.00M | Scene, ViewLayer | Synchronizing object | GEO-native-regional-fracture-0-panel-16-section-2-band-0
Fra:1 Mem:22.91M (Peak 22.91M) | Time:00:00.00 | Mem:0.00M, Peak:0.00M | Scene, ViewLayer | Synchronizing object | GEO-native-regional-fracture-1-panel-15-section-7-band-2
Fra:1 Mem:22.91M (Peak 22.91M) | Time:00:00.00 | Mem:0.00M, Peak:0.00M | Scene, ViewLayer | Synchronizing object | GEO-native-regional-fracture-1-panel-15-section-10-band-2
Fra:1 Mem:22.91M (Peak 22.91M) | Time:00:00.00 | Mem:0.00M, Peak:0.00M | Scene, ViewLayer | Synchronizing object | GEO-native-regional-fracture-1-panel-15-section-8-band-2
Fra:1 Mem:22.91M (Peak 22.91M) | Time:00:00.00 | Mem:0.00M, Peak:0.00M | Scene, ViewLayer | Synchronizing object | GEO-native-regional-fracture-1-panel-15-section-9-band-2
Fra:1 Mem:22.91M (Peak 22.91M) | Time:00:00.00 | Mem:0.00M, Peak:0.00M | Scene, ViewLayer | Initializing
Fra:1 Mem:22.36M (Peak 22.91M) | Time:00:00.00 | Mem:0.00M, Peak:0.00M | Scene, ViewLayer | Updating Images | Loading Crystal9-material-7
Fra:1 Mem:22.36M (Peak 22.91M) | Time:00:00.00 | Mem:0.00M, Peak:0.00M | Scene, ViewLayer | Updating Images | Loading Crystal9-material-0
Fra:1 Mem:22.87M (Peak 22.91M) | Time:00:00.00 | Mem:0.25M, Peak:0.25M | Scene, ViewLayer | Updating Images | Loading Crystal9-material-6
Fra:1 Mem:23.12M (Peak 23.12M) | Time:00:00.00 | Mem:0.50M, Peak:0.50M | Scene, ViewLayer | Updating Images | Loading Crystal9-roughness-0
Fra:1 Mem:23.37M (Peak 23.37M) | Time:00:00.00 | Mem:0.75M, Peak:0.75M | Scene, ViewLayer | Updating Images | Loading Crystal9-material-5
Fra:1 Mem:23.62M (Peak 23.62M) | Time:00:00.00 | Mem:1.00M, Peak:1.00M | Scene, ViewLayer | Updating Images | Loading Crystal9-material-1
Fra:1 Mem:23.87M (Peak 23.87M) | Time:00:00.00 | Mem:1.25M, Peak:1.25M | Scene, ViewLayer | Updating Images | Loading Crystal9-material-4
Fra:1 Mem:24.63M (Peak 24.63M) | Time:00:00.00 | Mem:1.50M, Peak:1.50M | Scene, ViewLayer | Updating Images | Loading Crystal9-material-3
Fra:1 Mem:24.37M (Peak 24.63M) | Time:00:00.00 | Mem:1.75M, Peak:1.75M | Scene, ViewLayer | Updating Images | Loading Crystal9-roughness-1
Fra:1 Mem:24.62M (Peak 24.63M) | Time:00:00.01 | Mem:2.00M, Peak:2.00M | Scene, ViewLayer | Updating Images | Loading Crystal9-roughness-2
Fra:1 Mem:24.87M (Peak 24.87M) | Time:00:00.01 | Mem:2.25M, Peak:2.25M | Scene, ViewLayer | Updating Images | Loading Crystal9-material-2
Fra:1 Mem:20.47M (Peak 24.87M) | Time:00:00.01 | Mem:2.75M, Peak:2.75M | Scene, ViewLayer | Waiting for render to start
Fra:1 Mem:20.47M (Peak 24.87M) | Time:00:00.01 | Mem:2.75M, Peak:2.75M | Scene, ViewLayer | Loading render kernels (may take a few minutes the first time)
Fra:1 Mem:20.47M (Peak 24.87M) | Time:00:00.01 | Mem:2.75M, Peak:2.75M | Scene, ViewLayer | Updating Scene
Fra:1 Mem:20.47M (Peak 24.87M) | Time:00:00.01 | Mem:2.75M, Peak:2.75M | Scene, ViewLayer | Updating Shaders
Fra:1 Mem:20.56M (Peak 24.87M) | Time:00:00.01 | Mem:2.76M, Peak:2.76M | Scene, ViewLayer | Updating Procedurals
Fra:1 Mem:20.56M (Peak 24.87M) | Time:00:00.01 | Mem:2.76M, Peak:2.76M | Scene, ViewLayer | Updating Background
Fra:1 Mem:20.56M (Peak 24.87M) | Time:00:00.01 | Mem:2.76M, Peak:2.76M | Scene, ViewLayer | Updating Camera
Fra:1 Mem:20.56M (Peak 24.87M) | Time:00:00.01 | Mem:2.76M, Peak:2.76M | Scene, ViewLayer | Updating Meshes Flags
Fra:1 Mem:20.56M (Peak 24.87M) | Time:00:00.01 | Mem:2.76M, Peak:2.76M | Scene, ViewLayer | Updating Objects
Fra:1 Mem:20.56M (Peak 24.87M) | Time:00:00.01 | Mem:2.76M, Peak:2.76M | Scene, ViewLayer | Updating Objects | Copying Transformations to device
Fra:1 Mem:20.59M (Peak 24.87M) | Time:00:00.01 | Mem:2.79M, Peak:2.79M | Scene, ViewLayer | Updating Objects | Applying Static Transformations
Fra:1 Mem:20.59M (Peak 24.87M) | Time:00:00.01 | Mem:2.79M, Peak:2.79M | Scene, ViewLayer | Updating Particle Systems
Fra:1 Mem:20.59M (Peak 24.87M) | Time:00:00.01 | Mem:2.79M, Peak:2.79M | Scene, ViewLayer | Updating Particle Systems | Copying Particles to device
Fra:1 Mem:20.59M (Peak 24.87M) | Time:00:00.01 | Mem:2.79M, Peak:2.79M | Scene, ViewLayer | Updating Meshes
Fra:1 Mem:20.63M (Peak 24.87M) | Time:00:00.01 | Mem:2.79M, Peak:2.79M | Scene, ViewLayer | Updating Mesh | Computing attributes
Fra:1 Mem:20.75M (Peak 24.87M) | Time:00:00.01 | Mem:2.80M, Peak:2.80M | Scene, ViewLayer | Updating Mesh | Copying Attributes to device
Fra:1 Mem:20.73M (Peak 24.87M) | Time:00:00.01 | Mem:2.89M, Peak:2.89M | Scene, ViewLayer | Updating Scene BVH | Building
Fra:1 Mem:20.73M (Peak 24.87M) | Time:00:00.01 | Mem:2.89M, Peak:2.89M | Scene, ViewLayer | Updating Scene BVH | Building BVH
Fra:1 Mem:20.73M (Peak 24.87M) | Time:00:00.01 | Mem:2.96M, Peak:2.96M | Scene, ViewLayer | Updating Scene BVH | Building BVH 0%
Fra:1 Mem:20.73M (Peak 24.87M) | Time:00:00.01 | Mem:3.04M, Peak:3.10M | Scene, ViewLayer | Updating Scene BVH | Copying BVH to device
Fra:1 Mem:20.73M (Peak 24.87M) | Time:00:00.01 | Mem:3.04M, Peak:3.10M | Scene, ViewLayer | Updating Mesh | Computing normals
Fra:1 Mem:20.86M (Peak 24.87M) | Time:00:00.01 | Mem:3.04M, Peak:3.10M | Scene, ViewLayer | Updating Mesh | Copying Mesh to device
Fra:1 Mem:20.86M (Peak 24.87M) | Time:00:00.01 | Mem:3.17M, Peak:3.17M | Scene, ViewLayer | Updating Objects Flags
Fra:1 Mem:20.86M (Peak 24.87M) | Time:00:00.01 | Mem:3.17M, Peak:3.17M | Scene, ViewLayer | Updating Primitive Offsets
Fra:1 Mem:20.87M (Peak 24.87M) | Time:00:00.01 | Mem:3.17M, Peak:3.17M | Scene, ViewLayer | Updating Images
Fra:1 Mem:20.87M (Peak 24.87M) | Time:00:00.01 | Mem:3.17M, Peak:3.17M | Scene, ViewLayer | Updating Camera Volume
Fra:1 Mem:20.87M (Peak 24.87M) | Time:00:00.01 | Mem:3.17M, Peak:3.17M | Scene, ViewLayer | Updating Lookup Tables
Fra:1 Mem:20.87M (Peak 24.87M) | Time:00:00.01 | Mem:3.26M, Peak:3.26M | Scene, ViewLayer | Updating Lights
Fra:1 Mem:20.87M (Peak 24.87M) | Time:00:00.01 | Mem:3.26M, Peak:3.26M | Scene, ViewLayer | Updating Lights | Computing tree
Fra:1 Mem:20.93M (Peak 24.87M) | Time:00:00.01 | Mem:3.32M, Peak:3.32M | Scene, ViewLayer | Updating Integrator
Fra:1 Mem:20.93M (Peak 24.87M) | Time:00:00.01 | Mem:3.32M, Peak:3.32M | Scene, ViewLayer | Updating Film
Fra:1 Mem:20.93M (Peak 24.87M) | Time:00:00.01 | Mem:3.24M, Peak:3.32M | Scene, ViewLayer | Updating Lookup Tables
Fra:1 Mem:20.93M (Peak 24.87M) | Time:00:00.01 | Mem:3.32M, Peak:3.32M | Scene, ViewLayer | Updating Baking
Fra:1 Mem:20.93M (Peak 24.87M) | Time:00:00.01 | Mem:3.32M, Peak:3.32M | Scene, ViewLayer | Updating Device | Writing constant memory
Fra:1 Mem:20.94M (Peak 24.87M) | Time:00:00.01 | Mem:3.32M, Peak:3.32M | Scene, ViewLayer | Sample 0/32
Fra:1 Mem:21.09M (Peak 24.87M) | Time:00:00.01 | Remaining:00:00.07 | Mem:3.48M, Peak:3.48M | Scene, ViewLayer | Sample 1/32
Fra:1 Mem:21.15M (Peak 24.87M) | Time:00:00.07 | Mem:3.48M, Peak:3.48M | Scene, ViewLayer | Sample 32/32
Fra:1 Mem:21.15M (Peak 24.87M) | Time:00:00.07 | Mem:3.48M, Peak:3.48M | Scene, ViewLayer | Finished
Saved: '/root/sidereal_spacetime/output/playwright/planet-reference-20260914/crystal-moons-r009-parity/moon-2-gltf-front-faces-only-reference-scale.png'
Time: 00:00.07 (Saving: 00:00.00)


Blender quit
