22:50:31 | INFO: Data are loaded, start creating Blender stuff
22:50:31 | INFO: Blender create Mesh node MESH-armor-block-f94c0ba2aa04f31fb6a5-closed-incoming-wrapped-b
22:50:31 | INFO: Blender create Mesh node MESH-armor-block-f94c0ba2aa04f31fb6a5-closed-outgoing-wrapped-b
22:50:31 | INFO: Blender create Mesh node MESH-armor-block-f94c0ba2aa04f31fb6a5-closed-solid-body
22:50:31 | INFO: Blender create Mesh node MESH-armor-block-f94c0ba2aa04f31fb6a5-cyan-flush-status-lens
22:50:31 | INFO: Blender create Mesh node MESH-armor-block-f94c0ba2aa04f31fb6a5-interchangeable-plain-fac
22:50:31 | INFO: Blender create Mesh node MESH-armor-block-f94c0ba2aa04f31fb6a5-lower-impact-rail-right
22:50:31 | INFO: Blender create Mesh node MESH-armor-block-f94c0ba2aa04f31fb6a5-lower-impact-rail-cut-poc
22:50:31 | INFO: Blender create Mesh node MESH-armor-block-f94c0ba2aa04f31fb6a5-lower-impact-rail-left
22:50:31 | INFO: Blender create Mesh node MESH-armor-block-f94c0ba2aa04f31fb6a5-pale-wrapped-connector-ou
22:50:31 | INFO: Blender create Mesh node MESH-armor-block-f94c0ba2aa04f31fb6a5-pale-wrapped-connector-in
22:50:31 | INFO: Blender create Mesh node MESH-armor-block-f94c0ba2aa04f31fb6a5-recess-shadow-seat
22:50:31 | INFO: Blender create Mesh node MESH-armor-block-f94c0ba2aa04f31fb6a5-upper-stepped-shoulder
22:50:31 | INFO: glTF import finished in 0.01s
22:50:31 | INFO: Data are loaded, start creating Blender stuff
22:50:31 | INFO: Blender create Mesh node MESH-armor-block-7c657ee01a90318dec3e-closed-incoming-wrapped-b
22:50:31 | INFO: Blender create Mesh node MESH-armor-block-7c657ee01a90318dec3e-closed-outgoing-wrapped-b
22:50:31 | INFO: Blender create Mesh node MESH-armor-block-7c657ee01a90318dec3e-closed-solid-body
22:50:31 | INFO: Blender create Mesh node MESH-armor-block-7c657ee01a90318dec3e-cyan-flush-status-lens
22:50:31 | INFO: Blender create Mesh node MESH-armor-block-7c657ee01a90318dec3e-deep-vent-louver-1
22:50:31 | INFO: Blender create Mesh node MESH-armor-block-7c657ee01a90318dec3e-deep-vent-louver-2
22:50:31 | INFO: Blender create Mesh node MESH-armor-block-7c657ee01a90318dec3e-deep-vent-louver-3
22:50:31 | INFO: Blender create Mesh node MESH-armor-block-7c657ee01a90318dec3e-deep-vent-louver-4
22:50:31 | INFO: Blender create Mesh node MESH-armor-block-7c657ee01a90318dec3e-deep-vent-louver-5
22:50:31 | INFO: Blender create Mesh node MESH-armor-block-7c657ee01a90318dec3e-deep-vent-louver-6
22:50:31 | INFO: Blender create Mesh node MESH-armor-block-7c657ee01a90318dec3e-deep-vent-louver-7
22:50:31 | INFO: Blender create Mesh node MESH-armor-block-7c657ee01a90318dec3e-deep-vent-louver-8
22:50:31 | INFO: Blender create Mesh node MESH-armor-block-7c657ee01a90318dec3e-deep-vent-louver-0
22:50:31 | INFO: Blender create Mesh node MESH-armor-block-7c657ee01a90318dec3e-interchangeable-vent-face
22:50:31 | INFO: Blender create Mesh node MESH-armor-block-7c657ee01a90318dec3e-lower-impact-rail-right
22:50:31 | INFO: Blender create Mesh node MESH-armor-block-7c657ee01a90318dec3e-lower-impact-rail-cut-poc
22:50:31 | INFO: Blender create Mesh node MESH-armor-block-7c657ee01a90318dec3e-lower-impact-rail-left
22:50:31 | INFO: Blender create Mesh node MESH-armor-block-7c657ee01a90318dec3e-pale-wrapped-connector-ou
22:50:31 | INFO: Blender create Mesh node MESH-armor-block-7c657ee01a90318dec3e-pale-wrapped-connector-in
22:50:31 | INFO: Blender create Mesh node MESH-armor-block-7c657ee01a90318dec3e-recess-shadow-seat
22:50:31 | INFO: Blender create Mesh node MESH-armor-block-7c657ee01a90318dec3e-upper-stepped-shoulder
22:50:31 | INFO: Blender create Mesh node MESH-armor-block-7c657ee01a90318dec3e-vent-dark-well
22:50:31 | INFO: glTF import finished in 0.01s
22:50:31 | INFO: Data are loaded, start creating Blender stuff
22:50:31 | INFO: Blender create Mesh node MESH-armor-block-fe79dfaf2e1542dbd67c-closed-incoming-wrapped-b
22:50:31 | INFO: Blender create Mesh node MESH-armor-block-fe79dfaf2e1542dbd67c-closed-outgoing-wrapped-b
22:50:31 | INFO: Blender create Mesh node MESH-armor-block-fe79dfaf2e1542dbd67c-closed-solid-body
22:50:31 | INFO: Blender create Mesh node MESH-armor-block-fe79dfaf2e1542dbd67c-cyan-flush-status-lens
22:50:31 | INFO: Blender create Mesh node MESH-armor-block-fe79dfaf2e1542dbd67c-interchangeable-red-servi
22:50:31 | INFO: Blender create Mesh node MESH-armor-block-fe79dfaf2e1542dbd67c-lower-impact-rail-right
22:50:31 | INFO: Blender create Mesh node MESH-armor-block-fe79dfaf2e1542dbd67c-lower-impact-rail-cut-poc
22:50:31 | INFO: Blender create Mesh node MESH-armor-block-fe79dfaf2e1542dbd67c-lower-impact-rail-left
22:50:31 | INFO: Blender create Mesh node MESH-armor-block-fe79dfaf2e1542dbd67c-pale-wrapped-connector-ou
22:50:31 | INFO: Blender create Mesh node MESH-armor-block-fe79dfaf2e1542dbd67c-pale-wrapped-connector-in
22:50:31 | INFO: Blender create Mesh node MESH-armor-block-fe79dfaf2e1542dbd67c-recess-shadow-seat
22:50:31 | INFO: Blender create Mesh node MESH-armor-block-fe79dfaf2e1542dbd67c-upper-stepped-shoulder
22:50:31 | INFO: glTF import finished in 0.01s
Blender 4.3.2
Fra:1 Mem:17.87M (Peak 17.87M) | Time:00:00.00 | Mem:0.00M, Peak:0.00M | Scene, ViewLayer | Synchronizing object | GEO-armor-block-f94c0ba2aa04f31fb6a5--BACKING--closed-incoming-
Fra:1 Mem:18.88M (Peak 18.88M) | Time:00:00.00 | Mem:0.00M, Peak:0.00M | Scene, ViewLayer | Synchronizing object | GEO-armor-block-f94c0ba2aa04f31fb6a5--BACKING--closed-solid-bod
Fra:1 Mem:19.89M (Peak 19.89M) | Time:00:00.00 | Mem:0.00M, Peak:0.00M | Scene, ViewLayer | Synchronizing object | GEO-armor-block-fe79dfaf2e1542dbd67c--FINISH--upper-stepped-sho
Fra:1 Mem:19.90M (Peak 19.90M) | Time:00:00.00 | Mem:0.00M, Peak:0.00M | Scene, ViewLayer | Synchronizing object | GEO-armor-block-fe79dfaf2e1542dbd67c--FINISH--recess-shadow-sea
Fra:1 Mem:19.90M (Peak 19.90M) | Time:00:00.00 | Mem:0.00M, Peak:0.00M | Scene, ViewLayer | Synchronizing object | GEO-armor-block-f94c0ba2aa04f31fb6a5--FINISH--lower-impact-
Fra:1 Mem:19.90M (Peak 19.90M) | Time:00:00.00 | Mem:0.00M, Peak:0.00M | Scene, ViewLayer | Synchronizing object | GEO-armor-block-f94c0ba2aa04f31fb6a5--FINISH--lower-impact-.001
Fra:1 Mem:19.91M (Peak 19.91M) | Time:00:00.00 | Mem:0.00M, Peak:0.00M | Scene, ViewLayer | Synchronizing object | GEO-armor-block-f94c0ba2aa04f31fb6a5--FINISH--lower-impact-rail
Fra:1 Mem:19.92M (Peak 19.92M) | Time:00:00.00 | Mem:0.00M, Peak:0.00M | Scene, ViewLayer | Synchronizing object | GEO-armor-block-f94c0ba2aa04f31fb6a5--FINISH--pale-wrapped-
Fra:1 Mem:19.92M (Peak 19.92M) | Time:00:00.00 | Mem:0.00M, Peak:0.00M | Scene, ViewLayer | Synchronizing object | GEO-armor-block-f94c0ba2aa04f31fb6a5--FINISH--pale-wrapped-conn
Fra:1 Mem:19.93M (Peak 19.93M) | Time:00:00.00 | Mem:0.00M, Peak:0.00M | Scene, ViewLayer | Synchronizing object | GEO-armor-block-f94c0ba2aa04f31fb6a5--FINISH--recess-shadow-sea
Fra:1 Mem:19.93M (Peak 19.93M) | Time:00:00.00 | Mem:0.00M, Peak:0.00M | Scene, ViewLayer | Synchronizing object | GEO-armor-block-f94c0ba2aa04f31fb6a5--FINISH--upper-stepped-sho
Fra:1 Mem:19.93M (Peak 19.93M) | Time:00:00.00 | Mem:0.00M, Peak:0.00M | Scene, ViewLayer | Synchronizing object | GEO-armor-block-7c657ee01a90318dec3e--BACKING--closed-incoming-
Fra:1 Mem:19.94M (Peak 19.94M) | Time:00:00.00 | Mem:0.00M, Peak:0.00M | Scene, ViewLayer | Synchronizing object | GEO-armor-block-7c657ee01a90318dec3e--BACKING--closed-outgoing-
Fra:1 Mem:19.94M (Peak 19.94M) | Time:00:00.00 | Mem:0.00M, Peak:0.00M | Scene, ViewLayer | Synchronizing object | GEO-armor-block-7c657ee01a90318dec3e--BACKING--closed-solid-bod
Fra:1 Mem:19.94M (Peak 19.94M) | Time:00:00.00 | Mem:0.00M, Peak:0.00M | Scene, ViewLayer | Synchronizing object | GEO-armor-block-7c657ee01a90318dec3e--FINISH--cyan-flush-status
Fra:1 Mem:19.95M (Peak 19.95M) | Time:00:00.00 | Mem:0.00M, Peak:0.00M | Scene, ViewLayer | Synchronizing object | GEO-armor-block-7c657ee01a90318dec3e--FINISH--deep-vent-lou
Fra:1 Mem:19.95M (Peak 19.95M) | Time:00:00.00 | Mem:0.00M, Peak:0.00M | Scene, ViewLayer | Synchronizing object | GEO-armor-block-7c657ee01a90318dec3e--FINISH--deep-vent-lou.001
Fra:1 Mem:19.95M (Peak 19.95M) | Time:00:00.00 | Mem:0.00M, Peak:0.00M | Scene, ViewLayer | Synchronizing object | GEO-armor-block-7c657ee01a90318dec3e--FINISH--deep-vent-lou.002
Fra:1 Mem:19.96M (Peak 19.96M) | Time:00:00.00 | Mem:0.00M, Peak:0.00M | Scene, ViewLayer | Synchronizing object | GEO-armor-block-7c657ee01a90318dec3e--FINISH--deep-vent-lou.003
Fra:1 Mem:19.96M (Peak 19.96M) | Time:00:00.00 | Mem:0.00M, Peak:0.00M | Scene, ViewLayer | Synchronizing object | GEO-armor-block-7c657ee01a90318dec3e--FINISH--deep-vent-lou.004
Fra:1 Mem:19.96M (Peak 19.96M) | Time:00:00.00 | Mem:0.00M, Peak:0.00M | Scene, ViewLayer | Synchronizing object | GEO-armor-block-7c657ee01a90318dec3e--FINISH--deep-vent-lou.005
Fra:1 Mem:19.96M (Peak 19.96M) | Time:00:00.00 | Mem:0.00M, Peak:0.00M | Scene, ViewLayer | Synchronizing object | GEO-armor-block-7c657ee01a90318dec3e--FINISH--deep-vent-lou.006
Fra:1 Mem:19.97M (Peak 19.97M) | Time:00:00.00 | Mem:0.00M, Peak:0.00M | Scene, ViewLayer | Synchronizing object | GEO-armor-block-7c657ee01a90318dec3e--FINISH--deep-vent-lou.007
Fra:1 Mem:19.97M (Peak 19.97M) | Time:00:00.00 | Mem:0.00M, Peak:0.00M | Scene, ViewLayer | Synchronizing object | GEO-armor-block-7c657ee01a90318dec3e--FINISH--deep-vent-louver-
Fra:1 Mem:19.97M (Peak 19.97M) | Time:00:00.00 | Mem:0.00M, Peak:0.00M | Scene, ViewLayer | Synchronizing object | GEO-armor-block-7c657ee01a90318dec3e--FINISH--interchangeable-v
Fra:1 Mem:19.98M (Peak 19.98M) | Time:00:00.00 | Mem:0.00M, Peak:0.00M | Scene, ViewLayer | Synchronizing object | GEO-armor-block-7c657ee01a90318dec3e--FINISH--lower-impact-
Fra:1 Mem:19.99M (Peak 19.99M) | Time:00:00.00 | Mem:0.00M, Peak:0.00M | Scene, ViewLayer | Synchronizing object | GEO-armor-block-7c657ee01a90318dec3e--FINISH--lower-impact-.001
Fra:1 Mem:20.00M (Peak 20.00M) | Time:00:00.00 | Mem:0.00M, Peak:0.00M | Scene, ViewLayer | Synchronizing object | GEO-armor-block-7c657ee01a90318dec3e--FINISH--lower-impact-rail
Fra:1 Mem:20.00M (Peak 20.00M) | Time:00:00.00 | Mem:0.00M, Peak:0.00M | Scene, ViewLayer | Synchronizing object | GEO-armor-block-7c657ee01a90318dec3e--FINISH--pale-wrapped-
Fra:1 Mem:20.01M (Peak 20.01M) | Time:00:00.00 | Mem:0.00M, Peak:0.00M | Scene, ViewLayer | Synchronizing object | GEO-armor-block-7c657ee01a90318dec3e--FINISH--pale-wrapped-conn
Fra:1 Mem:20.01M (Peak 20.01M) | Time:00:00.00 | Mem:0.00M, Peak:0.00M | Scene, ViewLayer | Synchronizing object | GEO-armor-block-7c657ee01a90318dec3e--FINISH--recess-shadow-sea
Fra:1 Mem:20.02M (Peak 20.02M) | Time:00:00.00 | Mem:0.00M, Peak:0.00M | Scene, ViewLayer | Synchronizing object | GEO-armor-block-7c657ee01a90318dec3e--FINISH--upper-stepped-sho
Fra:1 Mem:20.02M (Peak 20.02M) | Time:00:00.00 | Mem:0.00M, Peak:0.00M | Scene, ViewLayer | Synchronizing object | GEO-armor-block-7c657ee01a90318dec3e--FINISH--vent-dark-well
Fra:1 Mem:20.03M (Peak 20.03M) | Time:00:00.00 | Mem:0.00M, Peak:0.00M | Scene, ViewLayer | Synchronizing object | GEO-armor-block-fe79dfaf2e1542dbd67c--BACKING--closed-incoming-
Fra:1 Mem:20.03M (Peak 20.03M) | Time:00:00.00 | Mem:0.00M, Peak:0.00M | Scene, ViewLayer | Synchronizing object | GEO-armor-block-fe79dfaf2e1542dbd67c--BACKING--closed-outgoing-
Fra:1 Mem:20.03M (Peak 20.03M) | Time:00:00.00 | Mem:0.00M, Peak:0.00M | Scene, ViewLayer | Synchronizing object | GEO-armor-block-fe79dfaf2e1542dbd67c--BACKING--closed-solid-bod
Fra:1 Mem:20.04M (Peak 20.04M) | Time:00:00.00 | Mem:0.00M, Peak:0.00M | Scene, ViewLayer | Synchronizing object | GEO-armor-block-fe79dfaf2e1542dbd67c--FINISH--cyan-flush-status
Fra:1 Mem:20.04M (Peak 20.04M) | Time:00:00.00 | Mem:0.00M, Peak:0.00M | Scene, ViewLayer | Synchronizing object | GEO-armor-block-fe79dfaf2e1542dbd67c--FINISH--interchangeable-r
Fra:1 Mem:20.05M (Peak 20.05M) | Time:00:00.00 | Mem:0.00M, Peak:0.00M | Scene, ViewLayer | Synchronizing object | GEO-armor-block-fe79dfaf2e1542dbd67c--FINISH--lower-impact-
Fra:1 Mem:20.05M (Peak 20.05M) | Time:00:00.00 | Mem:0.00M, Peak:0.00M | Scene, ViewLayer | Synchronizing object | GEO-armor-block-fe79dfaf2e1542dbd67c--FINISH--lower-impact-.001
Fra:1 Mem:20.06M (Peak 20.06M) | Time:00:00.00 | Mem:0.00M, Peak:0.00M | Scene, ViewLayer | Synchronizing object | GEO-armor-block-fe79dfaf2e1542dbd67c--FINISH--lower-impact-rail
Fra:1 Mem:20.07M (Peak 20.07M) | Time:00:00.00 | Mem:0.00M, Peak:0.00M | Scene, ViewLayer | Synchronizing object | GEO-armor-block-fe79dfaf2e1542dbd67c--FINISH--pale-wrapped-
Fra:1 Mem:20.09M (Peak 20.09M) | Time:00:00.00 | Mem:0.00M, Peak:0.00M | Scene, ViewLayer | Initializing
Fra:1 Mem:19.91M (Peak 20.09M) | Time:00:00.00 | Mem:0.00M, Peak:0.00M | Scene, ViewLayer | Updating Images | Loading armor-normal.002
Fra:1 Mem:19.91M (Peak 20.09M) | Time:00:00.00 | Mem:0.00M, Peak:0.00M | Scene, ViewLayer | Updating Images | Loading armor-roughness
Fra:1 Mem:19.91M (Peak 20.09M) | Time:00:00.00 | Mem:0.00M, Peak:0.00M | Scene, ViewLayer | Updating Images | Loading armor-normal
Fra:1 Mem:59.95M (Peak 67.95M) | Time:00:00.05 | Mem:4.00M, Peak:4.00M | Scene, ViewLayer | Updating Images | Loading armor-basecolor.001
Fra:1 Mem:55.94M (Peak 67.95M) | Time:00:00.05 | Mem:8.00M, Peak:8.00M | Scene, ViewLayer | Updating Images | Loading armor-roughness.001
Fra:1 Mem:51.93M (Peak 67.95M) | Time:00:00.05 | Mem:12.00M, Peak:12.00M | Scene, ViewLayer | Updating Images | Loading armor-normal.001
Fra:1 Mem:47.92M (Peak 67.95M) | Time:00:00.05 | Mem:16.00M, Peak:16.00M | Scene, ViewLayer | Updating Images | Loading armor-roughness.002
Fra:1 Mem:51.93M (Peak 67.95M) | Time:00:00.06 | Mem:20.00M, Peak:20.00M | Scene, ViewLayer | Updating Images | Loading armor-basecolor.002
Fra:1 Mem:53.90M (Peak 71.94M) | Time:00:00.08 | Mem:36.00M, Peak:36.00M | Scene, ViewLayer | Waiting for render to start
Fra:1 Mem:53.91M (Peak 71.94M) | Time:00:00.08 | Mem:36.00M, Peak:36.00M | Scene, ViewLayer | Loading render kernels (may take a few minutes the first time)
Fra:1 Mem:53.91M (Peak 71.94M) | Time:00:00.08 | Mem:36.00M, Peak:36.00M | Scene, ViewLayer | Updating Scene
Fra:1 Mem:53.91M (Peak 71.94M) | Time:00:00.08 | Mem:36.00M, Peak:36.00M | Scene, ViewLayer | Updating Shaders
Fra:1 Mem:53.99M (Peak 71.94M) | Time:00:00.08 | Mem:36.01M, Peak:36.01M | Scene, ViewLayer | Updating Procedurals
Fra:1 Mem:53.99M (Peak 71.94M) | Time:00:00.08 | Mem:36.01M, Peak:36.01M | Scene, ViewLayer | Updating Background
Fra:1 Mem:53.99M (Peak 71.94M) | Time:00:00.08 | Mem:36.01M, Peak:36.01M | Scene, ViewLayer | Updating Camera
Fra:1 Mem:53.99M (Peak 71.94M) | Time:00:00.08 | Mem:36.01M, Peak:36.01M | Scene, ViewLayer | Updating Meshes Flags
Fra:1 Mem:53.99M (Peak 71.94M) | Time:00:00.08 | Mem:36.01M, Peak:36.01M | Scene, ViewLayer | Updating Objects
Fra:1 Mem:53.99M (Peak 71.94M) | Time:00:00.08 | Mem:36.01M, Peak:36.01M | Scene, ViewLayer | Updating Objects | Copying Transformations to device
Fra:1 Mem:54.00M (Peak 71.94M) | Time:00:00.08 | Mem:36.02M, Peak:36.02M | Scene, ViewLayer | Updating Objects | Applying Static Transformations
Fra:1 Mem:54.00M (Peak 71.94M) | Time:00:00.08 | Mem:36.02M, Peak:36.02M | Scene, ViewLayer | Updating Particle Systems
Fra:1 Mem:54.00M (Peak 71.94M) | Time:00:00.08 | Mem:36.02M, Peak:36.02M | Scene, ViewLayer | Updating Particle Systems | Copying Particles to device
Fra:1 Mem:54.00M (Peak 71.94M) | Time:00:00.08 | Mem:36.02M, Peak:36.02M | Scene, ViewLayer | Updating Meshes
Fra:1 Mem:54.02M (Peak 71.94M) | Time:00:00.08 | Mem:36.02M, Peak:36.02M | Scene, ViewLayer | Updating Mesh | Computing attributes
Fra:1 Mem:54.12M (Peak 71.94M) | Time:00:00.08 | Mem:36.02M, Peak:36.02M | Scene, ViewLayer | Updating Mesh | Copying Attributes to device
Fra:1 Mem:54.10M (Peak 71.94M) | Time:00:00.08 | Mem:36.10M, Peak:36.10M | Scene, ViewLayer | Updating Scene BVH | Building
Fra:1 Mem:54.11M (Peak 71.94M) | Time:00:00.08 | Mem:36.10M, Peak:36.10M | Scene, ViewLayer | Updating Scene BVH | Building BVH
Fra:1 Mem:54.11M (Peak 71.94M) | Time:00:00.08 | Mem:36.13M, Peak:36.13M | Scene, ViewLayer | Updating Scene BVH | Building BVH 0%
Fra:1 Mem:54.11M (Peak 71.94M) | Time:00:00.08 | Mem:36.16M, Peak:36.19M | Scene, ViewLayer | Updating Scene BVH | Copying BVH to device
Fra:1 Mem:54.11M (Peak 71.94M) | Time:00:00.08 | Mem:36.16M, Peak:36.19M | Scene, ViewLayer | Updating Mesh | Computing normals
Fra:1 Mem:54.19M (Peak 71.94M) | Time:00:00.08 | Mem:36.16M, Peak:36.19M | Scene, ViewLayer | Updating Mesh | Copying Mesh to device
Fra:1 Mem:54.19M (Peak 71.94M) | Time:00:00.08 | Mem:36.25M, Peak:36.25M | Scene, ViewLayer | Updating Objects Flags
Fra:1 Mem:54.19M (Peak 71.94M) | Time:00:00.08 | Mem:36.25M, Peak:36.25M | Scene, ViewLayer | Updating Primitive Offsets
Fra:1 Mem:54.19M (Peak 71.94M) | Time:00:00.08 | Mem:36.25M, Peak:36.25M | Scene, ViewLayer | Updating Images
Fra:1 Mem:54.19M (Peak 71.94M) | Time:00:00.08 | Mem:36.25M, Peak:36.25M | Scene, ViewLayer | Updating Camera Volume
Fra:1 Mem:54.19M (Peak 71.94M) | Time:00:00.08 | Mem:36.25M, Peak:36.25M | Scene, ViewLayer | Updating Lookup Tables
Fra:1 Mem:54.19M (Peak 71.94M) | Time:00:00.08 | Mem:36.33M, Peak:36.33M | Scene, ViewLayer | Updating Lights
Fra:1 Mem:54.19M (Peak 71.94M) | Time:00:00.08 | Mem:36.33M, Peak:36.33M | Scene, ViewLayer | Updating Lights | Computing tree
Fra:1 Mem:54.20M (Peak 71.94M) | Time:00:00.08 | Mem:36.34M, Peak:36.34M | Scene, ViewLayer | Updating Integrator
Fra:1 Mem:54.20M (Peak 71.94M) | Time:00:00.08 | Mem:36.34M, Peak:36.34M | Scene, ViewLayer | Updating Film
Fra:1 Mem:54.20M (Peak 71.94M) | Time:00:00.08 | Mem:36.26M, Peak:36.34M | Scene, ViewLayer | Updating Lookup Tables
Fra:1 Mem:54.20M (Peak 71.94M) | Time:00:00.08 | Mem:36.34M, Peak:36.34M | Scene, ViewLayer | Updating Baking
Fra:1 Mem:54.20M (Peak 71.94M) | Time:00:00.08 | Mem:36.34M, Peak:36.34M | Scene, ViewLayer | Updating Device | Writing constant memory
Fra:1 Mem:54.20M (Peak 71.94M) | Time:00:00.08 | Mem:36.34M, Peak:36.34M | Scene, ViewLayer | Sample 0/64
Fra:1 Mem:91.30M (Peak 91.30M) | Time:00:00.31 | Remaining:00:14.51 | Mem:73.43M, Peak:73.43M | Scene, ViewLayer | Sample 1/64
Fra:1 Mem:107.78M (Peak 140.74M) | Time:00:11.11 | Mem:73.43M, Peak:73.43M | Scene, ViewLayer | Sample 64/64
Fra:1 Mem:107.78M (Peak 140.74M) | Time:00:11.11 | Mem:73.43M, Peak:73.43M | Scene, ViewLayer | Finished
Saved: '/root/sidereal_spacetime/assets/art-library/framed-wayfarer/r005/family-03/renders/joined-bay.png'
Time: 00:11.37 (Saving: 00:00.26)

22:50:42 | INFO: Data are loaded, start creating Blender stuff
22:50:42 | INFO: Blender create Mesh node MESH-armor-block-f94c0ba2aa04f31fb6a5-closed-incoming-wrapped-b
22:50:42 | INFO: Blender create Mesh node MESH-armor-block-f94c0ba2aa04f31fb6a5-closed-outgoing-wrapped-b
22:50:42 | INFO: Blender create Mesh node MESH-armor-block-f94c0ba2aa04f31fb6a5-closed-solid-body
22:50:42 | INFO: Blender create Mesh node MESH-armor-block-f94c0ba2aa04f31fb6a5-cyan-flush-status-lens
22:50:42 | INFO: Blender create Mesh node MESH-armor-block-f94c0ba2aa04f31fb6a5-interchangeable-plain-fac
22:50:42 | INFO: Blender create Mesh node MESH-armor-block-f94c0ba2aa04f31fb6a5-lower-impact-rail-right
22:50:42 | INFO: Blender create Mesh node MESH-armor-block-f94c0ba2aa04f31fb6a5-lower-impact-rail-cut-poc
22:50:42 | INFO: Blender create Mesh node MESH-armor-block-f94c0ba2aa04f31fb6a5-lower-impact-rail-left
22:50:42 | INFO: Blender create Mesh node MESH-armor-block-f94c0ba2aa04f31fb6a5-pale-wrapped-connector-ou
22:50:42 | INFO: Blender create Mesh node MESH-armor-block-f94c0ba2aa04f31fb6a5-pale-wrapped-connector-in
22:50:42 | INFO: Blender create Mesh node MESH-armor-block-f94c0ba2aa04f31fb6a5-recess-shadow-seat
22:50:42 | INFO: Blender create Mesh node MESH-armor-block-f94c0ba2aa04f31fb6a5-upper-stepped-shoulder
22:50:42 | INFO: glTF import finished in 0.01s
Fra:1 Mem:14.23M (Peak 14.23M) | Time:00:00.00 | Mem:0.00M, Peak:0.00M | Scene, ViewLayer | Synchronizing object | EVIDENCE-structural-datum-250mm
Fra:1 Mem:14.23M (Peak 14.23M) | Time:00:00.00 | Mem:0.00M, Peak:0.00M | Scene, ViewLayer | Synchronizing object | GEO-armor-block-f94c0ba2aa04f31fb6a5--BACKING--closed-outgoing-
Fra:1 Mem:14.24M (Peak 14.24M) | Time:00:00.00 | Mem:0.00M, Peak:0.00M | Scene, ViewLayer | Initializing
Fra:1 Mem:14.22M (Peak 14.24M) | Time:00:00.00 | Mem:0.00M, Peak:0.00M | Scene, ViewLayer | Updating Images | Loading armor-normal
Fra:1 Mem:14.22M (Peak 14.24M) | Time:00:00.00 | Mem:0.00M, Peak:0.00M | Scene, ViewLayer | Updating Images | Loading armor-basecolor
Fra:1 Mem:22.23M (Peak 22.23M) | Time:00:00.00 | Mem:0.00M, Peak:0.00M | Scene, ViewLayer | Updating Images | Loading armor-roughness
Fra:1 Mem:25.83M (Peak 42.26M) | Time:00:00.06 | Mem:12.00M, Peak:12.00M | Scene, ViewLayer | Waiting for render to start
Fra:1 Mem:25.83M (Peak 42.26M) | Time:00:00.06 | Mem:12.00M, Peak:12.00M | Scene, ViewLayer | Loading render kernels (may take a few minutes the first time)
Fra:1 Mem:25.83M (Peak 42.26M) | Time:00:00.06 | Mem:12.00M, Peak:12.00M | Scene, ViewLayer | Updating Scene
Fra:1 Mem:25.83M (Peak 42.26M) | Time:00:00.06 | Mem:12.00M, Peak:12.00M | Scene, ViewLayer | Updating Shaders
Fra:1 Mem:25.92M (Peak 42.26M) | Time:00:00.06 | Mem:12.00M, Peak:12.00M | Scene, ViewLayer | Updating Procedurals
Fra:1 Mem:25.92M (Peak 42.26M) | Time:00:00.06 | Mem:12.00M, Peak:12.00M | Scene, ViewLayer | Updating Background
Fra:1 Mem:25.92M (Peak 42.26M) | Time:00:00.06 | Mem:12.00M, Peak:12.00M | Scene, ViewLayer | Updating Camera
Fra:1 Mem:25.92M (Peak 42.26M) | Time:00:00.06 | Mem:12.00M, Peak:12.00M | Scene, ViewLayer | Updating Meshes Flags
Fra:1 Mem:25.92M (Peak 42.26M) | Time:00:00.06 | Mem:12.00M, Peak:12.00M | Scene, ViewLayer | Updating Objects
Fra:1 Mem:25.92M (Peak 42.26M) | Time:00:00.06 | Mem:12.00M, Peak:12.00M | Scene, ViewLayer | Updating Objects | Copying Transformations to device
Fra:1 Mem:25.92M (Peak 42.26M) | Time:00:00.06 | Mem:12.00M, Peak:12.00M | Scene, ViewLayer | Updating Objects | Applying Static Transformations
Fra:1 Mem:25.92M (Peak 42.26M) | Time:00:00.06 | Mem:12.00M, Peak:12.00M | Scene, ViewLayer | Updating Particle Systems
Fra:1 Mem:25.92M (Peak 42.26M) | Time:00:00.06 | Mem:12.00M, Peak:12.00M | Scene, ViewLayer | Updating Particle Systems | Copying Particles to device
Fra:1 Mem:25.92M (Peak 42.26M) | Time:00:00.06 | Mem:12.00M, Peak:12.00M | Scene, ViewLayer | Updating Meshes
Fra:1 Mem:25.92M (Peak 42.26M) | Time:00:00.06 | Mem:12.00M, Peak:12.00M | Scene, ViewLayer | Updating Mesh | Computing attributes
Fra:1 Mem:25.92M (Peak 42.26M) | Time:00:00.06 | Mem:12.00M, Peak:12.00M | Scene, ViewLayer | Updating Mesh | Copying Attributes to device
Fra:1 Mem:25.92M (Peak 42.26M) | Time:00:00.06 | Mem:12.01M, Peak:12.01M | Scene, ViewLayer | Updating Scene BVH | Building
Fra:1 Mem:25.92M (Peak 42.26M) | Time:00:00.06 | Mem:12.01M, Peak:12.01M | Scene, ViewLayer | Updating Scene BVH | Building BVH
Fra:1 Mem:25.92M (Peak 42.26M) | Time:00:00.06 | Mem:12.01M, Peak:12.01M | Scene, ViewLayer | Updating Scene BVH | Building BVH 0%
Fra:1 Mem:25.92M (Peak 42.26M) | Time:00:00.06 | Mem:12.01M, Peak:12.01M | Scene, ViewLayer | Updating Scene BVH | Copying BVH to device
Fra:1 Mem:25.92M (Peak 42.26M) | Time:00:00.06 | Mem:12.01M, Peak:12.01M | Scene, ViewLayer | Updating Mesh | Computing normals
Fra:1 Mem:25.93M (Peak 42.26M) | Time:00:00.06 | Mem:12.01M, Peak:12.01M | Scene, ViewLayer | Updating Mesh | Copying Mesh to device
Fra:1 Mem:25.93M (Peak 42.26M) | Time:00:00.06 | Mem:12.02M, Peak:12.02M | Scene, ViewLayer | Updating Objects Flags
Fra:1 Mem:25.93M (Peak 42.26M) | Time:00:00.06 | Mem:12.02M, Peak:12.02M | Scene, ViewLayer | Updating Primitive Offsets
Fra:1 Mem:25.93M (Peak 42.26M) | Time:00:00.06 | Mem:12.02M, Peak:12.02M | Scene, ViewLayer | Updating Images
Fra:1 Mem:25.93M (Peak 42.26M) | Time:00:00.06 | Mem:12.02M, Peak:12.02M | Scene, ViewLayer | Updating Camera Volume
Fra:1 Mem:25.93M (Peak 42.26M) | Time:00:00.06 | Mem:12.02M, Peak:12.02M | Scene, ViewLayer | Updating Lookup Tables
Fra:1 Mem:25.93M (Peak 42.26M) | Time:00:00.06 | Mem:12.10M, Peak:12.10M | Scene, ViewLayer | Updating Lights
Fra:1 Mem:25.93M (Peak 42.26M) | Time:00:00.06 | Mem:12.10M, Peak:12.10M | Scene, ViewLayer | Updating Lights | Computing tree
Fra:1 Mem:25.93M (Peak 42.26M) | Time:00:00.06 | Mem:12.10M, Peak:12.10M | Scene, ViewLayer | Updating Integrator
Fra:1 Mem:25.93M (Peak 42.26M) | Time:00:00.06 | Mem:12.10M, Peak:12.10M | Scene, ViewLayer | Updating Film
Fra:1 Mem:25.93M (Peak 42.26M) | Time:00:00.06 | Mem:12.02M, Peak:12.10M | Scene, ViewLayer | Updating Lookup Tables
Fra:1 Mem:25.93M (Peak 42.26M) | Time:00:00.06 | Mem:12.10M, Peak:12.10M | Scene, ViewLayer | Updating Baking
Fra:1 Mem:25.93M (Peak 42.26M) | Time:00:00.06 | Mem:12.10M, Peak:12.10M | Scene, ViewLayer | Updating Device | Writing constant memory
Fra:1 Mem:25.93M (Peak 42.26M) | Time:00:00.06 | Mem:12.10M, Peak:12.10M | Scene, ViewLayer | Sample 0/64
Fra:1 Mem:63.03M (Peak 63.03M) | Time:00:00.29 | Remaining:00:14.44 | Mem:49.19M, Peak:49.19M | Scene, ViewLayer | Sample 1/64
Fra:1 Mem:79.51M (Peak 112.47M) | Time:00:09.07 | Mem:49.19M, Peak:49.19M | Scene, ViewLayer | Sample 64/64
Fra:1 Mem:79.51M (Peak 112.47M) | Time:00:09.07 | Mem:49.19M, Peak:49.19M | Scene, ViewLayer | Finished
Saved: '/root/sidereal_spacetime/assets/art-library/framed-wayfarer/r005/family-03/renders/solid-section.png'
Time: 00:09.21 (Saving: 00:00.14)

22:50:52 | INFO: Data are loaded, start creating Blender stuff
22:50:52 | INFO: Blender create Mesh node MESH-armor-block-f94c0ba2aa04f31fb6a5-closed-incoming-wrapped-b
22:50:52 | INFO: Blender create Mesh node MESH-armor-block-f94c0ba2aa04f31fb6a5-closed-outgoing-wrapped-b
22:50:52 | INFO: Blender create Mesh node MESH-armor-block-f94c0ba2aa04f31fb6a5-closed-solid-body
22:50:52 | INFO: Blender create Mesh node MESH-armor-block-f94c0ba2aa04f31fb6a5-cyan-flush-status-lens
22:50:52 | INFO: Blender create Mesh node MESH-armor-block-f94c0ba2aa04f31fb6a5-interchangeable-plain-fac
22:50:52 | INFO: Blender create Mesh node MESH-armor-block-f94c0ba2aa04f31fb6a5-lower-impact-rail-right
22:50:52 | INFO: Blender create Mesh node MESH-armor-block-f94c0ba2aa04f31fb6a5-lower-impact-rail-cut-poc
22:50:52 | INFO: Blender create Mesh node MESH-armor-block-f94c0ba2aa04f31fb6a5-lower-impact-rail-left
22:50:52 | INFO: Blender create Mesh node MESH-armor-block-f94c0ba2aa04f31fb6a5-pale-wrapped-connector-ou
22:50:52 | INFO: Blender create Mesh node MESH-armor-block-f94c0ba2aa04f31fb6a5-pale-wrapped-connector-in
22:50:52 | INFO: Blender create Mesh node MESH-armor-block-f94c0ba2aa04f31fb6a5-recess-shadow-seat
22:50:52 | INFO: Blender create Mesh node MESH-armor-block-f94c0ba2aa04f31fb6a5-upper-stepped-shoulder
22:50:52 | INFO: glTF import finished in 0.01s
Fra:1 Mem:14.52M (Peak 14.52M) | Time:00:00.00 | Mem:0.00M, Peak:0.00M | Scene, ViewLayer | Synchronizing object | EVIDENCE-structural-datum-250mm
Fra:1 Mem:14.52M (Peak 14.52M) | Time:00:00.00 | Mem:0.00M, Peak:0.00M | Scene, ViewLayer | Synchronizing object | GEO-armor-block-f94c0ba2aa04f31fb6a5--BACKING--closed-outgoing-
Fra:1 Mem:14.53M (Peak 14.53M) | Time:00:00.00 | Mem:0.00M, Peak:0.00M | Scene, ViewLayer | Synchronizing object | GEO-armor-block-f94c0ba2aa04f31fb6a5--FINISH--upper-stepped-sho
Fra:1 Mem:14.54M (Peak 14.54M) | Time:00:00.00 | Mem:0.00M, Peak:0.00M | Scene, ViewLayer | Synchronizing object | GEO-armor-block-f94c0ba2aa04f31fb6a5--BACKING--closed-solid-bod
Fra:1 Mem:14.55M (Peak 14.55M) | Time:00:00.00 | Mem:0.00M, Peak:0.00M | Scene, ViewLayer | Synchronizing object | GEO-armor-block-f94c0ba2aa04f31fb6a5--FINISH--cyan-flush-status
Fra:1 Mem:14.55M (Peak 14.55M) | Time:00:00.00 | Mem:0.00M, Peak:0.00M | Scene, ViewLayer | Synchronizing object | GEO-armor-block-f94c0ba2aa04f31fb6a5--FINISH--lower-impact-
Fra:1 Mem:14.56M (Peak 14.56M) | Time:00:00.00 | Mem:0.00M, Peak:0.00M | Scene, ViewLayer | Synchronizing object | GEO-armor-block-f94c0ba2aa04f31fb6a5--FINISH--lower-impact-.001
Fra:1 Mem:14.57M (Peak 14.57M) | Time:00:00.00 | Mem:0.00M, Peak:0.00M | Scene, ViewLayer | Synchronizing object | GEO-armor-block-f94c0ba2aa04f31fb6a5--FINISH--recess-shadow-sea
Fra:1 Mem:14.58M (Peak 14.58M) | Time:00:00.00 | Mem:0.00M, Peak:0.00M | Scene, ViewLayer | Synchronizing object | GEO-armor-block-f94c0ba2aa04f31fb6a5--FINISH--lower-impact-rail
Fra:1 Mem:14.59M (Peak 14.59M) | Time:00:00.00 | Mem:0.00M, Peak:0.00M | Scene, ViewLayer | Synchronizing object | GEO-armor-block-f94c0ba2aa04f31fb6a5--FINISH--pale-wrapped-
Fra:1 Mem:14.61M (Peak 14.61M) | Time:00:00.00 | Mem:0.00M, Peak:0.00M | Scene, ViewLayer | Synchronizing object | GEO-armor-block-f94c0ba2aa04f31fb6a5--FINISH--pale-wrapped-conn
Fra:1 Mem:14.58M (Peak 14.61M) | Time:00:00.00 | Mem:0.00M, Peak:0.00M | Scene, ViewLayer | Initializing
Fra:1 Mem:14.53M (Peak 14.61M) | Time:00:00.00 | Mem:0.00M, Peak:0.00M | Scene, ViewLayer | Updating Images | Loading armor-basecolor
Fra:1 Mem:25.85M (Peak 42.55M) | Time:00:00.08 | Mem:12.00M, Peak:12.00M | Scene, ViewLayer | Waiting for render to start
Fra:1 Mem:25.85M (Peak 42.55M) | Time:00:00.08 | Mem:12.00M, Peak:12.00M | Scene, ViewLayer | Loading render kernels (may take a few minutes the first time)
Fra:1 Mem:25.85M (Peak 42.55M) | Time:00:00.08 | Mem:12.00M, Peak:12.00M | Scene, ViewLayer | Updating Scene
Fra:1 Mem:25.85M (Peak 42.55M) | Time:00:00.08 | Mem:12.00M, Peak:12.00M | Scene, ViewLayer | Updating Shaders
Fra:1 Mem:25.93M (Peak 42.55M) | Time:00:00.08 | Mem:12.00M, Peak:12.00M | Scene, ViewLayer | Updating Procedurals
Fra:1 Mem:25.93M (Peak 42.55M) | Time:00:00.08 | Mem:12.00M, Peak:12.00M | Scene, ViewLayer | Updating Background
Fra:1 Mem:25.93M (Peak 42.55M) | Time:00:00.08 | Mem:12.00M, Peak:12.00M | Scene, ViewLayer | Updating Camera
Fra:1 Mem:25.93M (Peak 42.55M) | Time:00:00.08 | Mem:12.00M, Peak:12.00M | Scene, ViewLayer | Updating Meshes Flags
Fra:1 Mem:25.93M (Peak 42.55M) | Time:00:00.08 | Mem:12.00M, Peak:12.00M | Scene, ViewLayer | Updating Objects
Fra:1 Mem:25.93M (Peak 42.55M) | Time:00:00.08 | Mem:12.00M, Peak:12.00M | Scene, ViewLayer | Updating Objects | Copying Transformations to device
Fra:1 Mem:25.94M (Peak 42.55M) | Time:00:00.08 | Mem:12.01M, Peak:12.01M | Scene, ViewLayer | Updating Objects | Applying Static Transformations
Fra:1 Mem:25.94M (Peak 42.55M) | Time:00:00.08 | Mem:12.01M, Peak:12.01M | Scene, ViewLayer | Updating Particle Systems
Fra:1 Mem:25.94M (Peak 42.55M) | Time:00:00.08 | Mem:12.01M, Peak:12.01M | Scene, ViewLayer | Updating Particle Systems | Copying Particles to device
Fra:1 Mem:25.94M (Peak 42.55M) | Time:00:00.08 | Mem:12.01M, Peak:12.01M | Scene, ViewLayer | Updating Meshes
Fra:1 Mem:25.94M (Peak 42.55M) | Time:00:00.08 | Mem:12.01M, Peak:12.01M | Scene, ViewLayer | Updating Mesh | Computing attributes
Fra:1 Mem:25.97M (Peak 42.55M) | Time:00:00.08 | Mem:12.01M, Peak:12.01M | Scene, ViewLayer | Updating Mesh | Copying Attributes to device
Fra:1 Mem:25.97M (Peak 42.55M) | Time:00:00.08 | Mem:12.03M, Peak:12.03M | Scene, ViewLayer | Updating Scene BVH | Building
Fra:1 Mem:25.97M (Peak 42.55M) | Time:00:00.08 | Mem:12.03M, Peak:12.03M | Scene, ViewLayer | Updating Scene BVH | Building BVH
Fra:1 Mem:25.97M (Peak 42.55M) | Time:00:00.08 | Mem:12.04M, Peak:12.04M | Scene, ViewLayer | Updating Scene BVH | Building BVH 0%
Fra:1 Mem:25.97M (Peak 42.55M) | Time:00:00.08 | Mem:12.05M, Peak:12.06M | Scene, ViewLayer | Updating Scene BVH | Copying BVH to device
Fra:1 Mem:25.97M (Peak 42.55M) | Time:00:00.08 | Mem:12.05M, Peak:12.06M | Scene, ViewLayer | Updating Mesh | Computing normals
Fra:1 Mem:25.99M (Peak 42.55M) | Time:00:00.08 | Mem:12.05M, Peak:12.06M | Scene, ViewLayer | Updating Mesh | Copying Mesh to device
Fra:1 Mem:25.99M (Peak 42.55M) | Time:00:00.08 | Mem:12.08M, Peak:12.08M | Scene, ViewLayer | Updating Objects Flags
Fra:1 Mem:25.99M (Peak 42.55M) | Time:00:00.08 | Mem:12.08M, Peak:12.08M | Scene, ViewLayer | Updating Primitive Offsets
Fra:1 Mem:25.99M (Peak 42.55M) | Time:00:00.08 | Mem:12.08M, Peak:12.08M | Scene, ViewLayer | Updating Images
Fra:1 Mem:25.99M (Peak 42.55M) | Time:00:00.08 | Mem:12.08M, Peak:12.08M | Scene, ViewLayer | Updating Camera Volume
Fra:1 Mem:25.99M (Peak 42.55M) | Time:00:00.08 | Mem:12.08M, Peak:12.08M | Scene, ViewLayer | Updating Lookup Tables
Fra:1 Mem:25.99M (Peak 42.55M) | Time:00:00.08 | Mem:12.16M, Peak:12.16M | Scene, ViewLayer | Updating Lights
Fra:1 Mem:25.99M (Peak 42.55M) | Time:00:00.08 | Mem:12.16M, Peak:12.16M | Scene, ViewLayer | Updating Lights | Computing tree
Fra:1 Mem:25.99M (Peak 42.55M) | Time:00:00.08 | Mem:12.16M, Peak:12.16M | Scene, ViewLayer | Updating Integrator
Fra:1 Mem:25.99M (Peak 42.55M) | Time:00:00.08 | Mem:12.16M, Peak:12.16M | Scene, ViewLayer | Updating Film
Fra:1 Mem:26.00M (Peak 42.55M) | Time:00:00.08 | Mem:12.08M, Peak:12.16M | Scene, ViewLayer | Updating Lookup Tables
Fra:1 Mem:26.00M (Peak 42.55M) | Time:00:00.08 | Mem:12.17M, Peak:12.17M | Scene, ViewLayer | Updating Baking
Fra:1 Mem:26.00M (Peak 42.55M) | Time:00:00.08 | Mem:12.17M, Peak:12.17M | Scene, ViewLayer | Updating Device | Writing constant memory
Fra:1 Mem:26.00M (Peak 42.55M) | Time:00:00.08 | Mem:12.17M, Peak:12.17M | Scene, ViewLayer | Sample 0/64
Fra:1 Mem:63.09M (Peak 63.09M) | Time:00:00.31 | Remaining:00:14.16 | Mem:49.26M, Peak:49.26M | Scene, ViewLayer | Sample 1/64
Fra:1 Mem:79.57M (Peak 112.53M) | Time:00:09.82 | Mem:49.26M, Peak:49.26M | Scene, ViewLayer | Sample 64/64
Fra:1 Mem:79.57M (Peak 112.53M) | Time:00:09.82 | Mem:49.26M, Peak:49.26M | Scene, ViewLayer | Finished
Saved: '/root/sidereal_spacetime/assets/art-library/framed-wayfarer/r005/family-03/renders/exploded-section.png'
Time: 00:10.02 (Saving: 00:00.19)

22:51:02 | INFO: Data are loaded, start creating Blender stuff
22:51:02 | INFO: Blender create Mesh node MESH-armor-block-9ca59f6db637d3afceb9-closed-incoming-wrapped-b
22:51:02 | INFO: Blender create Mesh node MESH-armor-block-9ca59f6db637d3afceb9-closed-outgoing-wrapped-b
22:51:02 | INFO: Blender create Mesh node MESH-armor-block-9ca59f6db637d3afceb9-closed-solid-body
22:51:02 | INFO: Blender create Mesh node MESH-armor-block-9ca59f6db637d3afceb9-cyan-flush-status-lens
22:51:02 | INFO: Blender create Mesh node MESH-armor-block-9ca59f6db637d3afceb9-interchangeable-plain-fac
22:51:02 | INFO: Blender create Mesh node MESH-armor-block-9ca59f6db637d3afceb9-lower-impact-rail-right
22:51:02 | INFO: Blender create Mesh node MESH-armor-block-9ca59f6db637d3afceb9-lower-impact-rail-cut-poc
22:51:02 | INFO: Blender create Mesh node MESH-armor-block-9ca59f6db637d3afceb9-lower-impact-rail-left
22:51:02 | INFO: Blender create Mesh node MESH-armor-block-9ca59f6db637d3afceb9-pale-wrapped-connector-ou
22:51:02 | INFO: Blender create Mesh node MESH-armor-block-9ca59f6db637d3afceb9-pale-wrapped-connector-in
22:51:02 | INFO: Blender create Mesh node MESH-armor-block-9ca59f6db637d3afceb9-recess-shadow-seat
22:51:02 | INFO: Blender create Mesh node MESH-armor-block-9ca59f6db637d3afceb9-upper-stepped-shoulder
22:51:02 | INFO: glTF import finished in 0.01s
22:51:02 | INFO: Data are loaded, start creating Blender stuff
22:51:02 | INFO: Blender create Mesh node MESH-armor-block-70b34597548b284a0a7f-closed-junction-wedge
22:51:02 | INFO: Blender create Mesh node MESH-armor-block-70b34597548b284a0a7f-junction-lower-navy-shoe
22:51:02 | INFO: Blender create Mesh node MESH-armor-block-70b34597548b284a0a7f-junction-upper-navy-shoul
22:51:02 | INFO: Blender create Mesh node MESH-armor-block-70b34597548b284a0a7f-junction-wrapped-pale-con
22:51:02 | INFO: glTF import finished in 0.00s
22:51:02 | INFO: Data are loaded, start creating Blender stuff
22:51:02 | INFO: Blender create Mesh node MESH-armor-block-cd2f17ea0cf58cb60b7f-closed-incoming-wrapped-b
22:51:02 | INFO: Blender create Mesh node MESH-armor-block-cd2f17ea0cf58cb60b7f-closed-outgoing-wrapped-b
22:51:02 | INFO: Blender create Mesh node MESH-armor-block-cd2f17ea0cf58cb60b7f-closed-solid-body
22:51:02 | INFO: Blender create Mesh node MESH-armor-block-cd2f17ea0cf58cb60b7f-cyan-flush-status-lens
22:51:02 | INFO: Blender create Mesh node MESH-armor-block-cd2f17ea0cf58cb60b7f-deep-vent-louver-1
22:51:02 | INFO: Blender create Mesh node MESH-armor-block-cd2f17ea0cf58cb60b7f-deep-vent-louver-0
22:51:02 | INFO: Blender create Mesh node MESH-armor-block-cd2f17ea0cf58cb60b7f-interchangeable-vent-face
22:51:02 | INFO: Blender create Mesh node MESH-armor-block-cd2f17ea0cf58cb60b7f-lower-impact-rail-right
22:51:02 | INFO: Blender create Mesh node MESH-armor-block-cd2f17ea0cf58cb60b7f-lower-impact-rail-cut-poc
22:51:02 | INFO: Blender create Mesh node MESH-armor-block-cd2f17ea0cf58cb60b7f-lower-impact-rail-left
22:51:02 | INFO: Blender create Mesh node MESH-armor-block-cd2f17ea0cf58cb60b7f-pale-wrapped-connector-ou
22:51:02 | INFO: Blender create Mesh node MESH-armor-block-cd2f17ea0cf58cb60b7f-pale-wrapped-connector-in
22:51:02 | INFO: Blender create Mesh node MESH-armor-block-cd2f17ea0cf58cb60b7f-recess-shadow-seat
22:51:02 | INFO: Blender create Mesh node MESH-armor-block-cd2f17ea0cf58cb60b7f-upper-stepped-shoulder
22:51:02 | INFO: Blender create Mesh node MESH-armor-block-cd2f17ea0cf58cb60b7f-vent-dark-well
22:51:02 | INFO: glTF import finished in 0.01s
Fra:1 Mem:18.57M (Peak 18.57M) | Time:00:00.00 | Mem:0.00M, Peak:0.00M | Scene, ViewLayer | Synchronizing object | GEO-armor-block-9ca59f6db637d3afceb9--BACKING--closed-incoming-
Fra:1 Mem:18.57M (Peak 18.57M) | Time:00:00.00 | Mem:0.00M, Peak:0.00M | Scene, ViewLayer | Synchronizing object | GEO-armor-block-9ca59f6db637d3afceb9--BACKING--closed-solid-bod
Fra:1 Mem:18.58M (Peak 18.58M) | Time:00:00.00 | Mem:0.00M, Peak:0.00M | Scene, ViewLayer | Synchronizing object | GEO-armor-block-9ca59f6db637d3afceb9--FINISH--cyan-flush-status
Fra:1 Mem:18.58M (Peak 18.58M) | Time:00:00.00 | Mem:0.00M, Peak:0.00M | Scene, ViewLayer | Synchronizing object | GEO-armor-block-cd2f17ea0cf58cb60b7f--FINISH--vent-dark-well
Fra:1 Mem:18.59M (Peak 18.59M) | Time:00:00.00 | Mem:0.00M, Peak:0.00M | Scene, ViewLayer | Synchronizing object | GEO-armor-block-9ca59f6db637d3afceb9--FINISH--lower-impact-.001
Fra:1 Mem:18.63M (Peak 18.63M) | Time:00:00.00 | Mem:0.00M, Peak:0.00M | Scene, ViewLayer | Synchronizing object | GEO-armor-block-9ca59f6db637d3afceb9--FINISH--lower-impact-rail
Fra:1 Mem:18.63M (Peak 18.63M) | Time:00:00.00 | Mem:0.00M, Peak:0.00M | Scene, ViewLayer | Synchronizing object | GEO-armor-block-9ca59f6db637d3afceb9--FINISH--pale-wrapped-
Fra:1 Mem:18.64M (Peak 18.64M) | Time:00:00.00 | Mem:0.00M, Peak:0.00M | Scene, ViewLayer | Synchronizing object | GEO-armor-block-9ca59f6db637d3afceb9--FINISH--pale-wrapped-conn
Fra:1 Mem:18.64M (Peak 18.64M) | Time:00:00.00 | Mem:0.00M, Peak:0.00M | Scene, ViewLayer | Synchronizing object | GEO-armor-block-9ca59f6db637d3afceb9--FINISH--recess-shadow-sea
Fra:1 Mem:18.64M (Peak 18.64M) | Time:00:00.00 | Mem:0.00M, Peak:0.00M | Scene, ViewLayer | Synchronizing object | GEO-armor-block-cd2f17ea0cf58cb60b7f--FINISH--upper-stepped-sho
Fra:1 Mem:18.63M (Peak 18.64M) | Time:00:00.00 | Mem:0.00M, Peak:0.00M | Scene, ViewLayer | Synchronizing object | GEO-armor-block-70b34597548b284a0a7f--FINISH--junction-lower-na
Fra:1 Mem:18.66M (Peak 18.66M) | Time:00:00.00 | Mem:0.00M, Peak:0.00M | Scene, ViewLayer | Synchronizing object | GEO-armor-block-cd2f17ea0cf58cb60b7f--FINISH--recess-shadow-sea
Fra:1 Mem:18.66M (Peak 18.66M) | Time:00:00.00 | Mem:0.00M, Peak:0.00M | Scene, ViewLayer | Synchronizing object | GEO-armor-block-70b34597548b284a0a7f--FINISH--junction-wrapped-
Fra:1 Mem:18.66M (Peak 18.66M) | Time:00:00.00 | Mem:0.00M, Peak:0.00M | Scene, ViewLayer | Synchronizing object | GEO-armor-block-cd2f17ea0cf58cb60b7f--BACKING--closed-incoming-
Fra:1 Mem:18.69M (Peak 18.69M) | Time:00:00.00 | Mem:0.00M, Peak:0.00M | Scene, ViewLayer | Synchronizing object | GEO-armor-block-cd2f17ea0cf58cb60b7f--FINISH--pale-wrapped-conn
Fra:1 Mem:18.69M (Peak 18.69M) | Time:00:00.00 | Mem:0.00M, Peak:0.00M | Scene, ViewLayer | Synchronizing object | GEO-armor-block-cd2f17ea0cf58cb60b7f--BACKING--closed-outgoing-
Fra:1 Mem:18.69M (Peak 18.69M) | Time:00:00.00 | Mem:0.00M, Peak:0.00M | Scene, ViewLayer | Synchronizing object | GEO-armor-block-cd2f17ea0cf58cb60b7f--FINISH--cyan-flush-status
Fra:1 Mem:18.69M (Peak 18.69M) | Time:00:00.00 | Mem:0.00M, Peak:0.00M | Scene, ViewLayer | Synchronizing object | GEO-armor-block-cd2f17ea0cf58cb60b7f--FINISH--pale-wrapped-
Fra:1 Mem:18.71M (Peak 18.71M) | Time:00:00.00 | Mem:0.00M, Peak:0.00M | Scene, ViewLayer | Synchronizing object | GEO-armor-block-cd2f17ea0cf58cb60b7f--FINISH--deep-vent-lou
Fra:1 Mem:18.70M (Peak 18.71M) | Time:00:00.00 | Mem:0.00M, Peak:0.00M | Scene, ViewLayer | Synchronizing object | GEO-armor-block-cd2f17ea0cf58cb60b7f--FINISH--interchangeable-v
Fra:1 Mem:18.72M (Peak 18.72M) | Time:00:00.00 | Mem:0.00M, Peak:0.00M | Scene, ViewLayer | Synchronizing object | GEO-armor-block-cd2f17ea0cf58cb60b7f--FINISH--lower-impact-rail
Fra:1 Mem:18.72M (Peak 18.72M) | Time:00:00.00 | Mem:0.00M, Peak:0.00M | Scene, ViewLayer | Synchronizing object | GEO-armor-block-cd2f17ea0cf58cb60b7f--FINISH--lower-impact-
Fra:1 Mem:18.73M (Peak 18.73M) | Time:00:00.00 | Mem:0.00M, Peak:0.00M | Scene, ViewLayer | Synchronizing object | GEO-armor-block-cd2f17ea0cf58cb60b7f--FINISH--lower-impact-.001
Fra:1 Mem:18.73M (Peak 18.73M) | Time:00:00.00 | Mem:0.00M, Peak:0.00M | Scene, ViewLayer | Initializing
Fra:1 Mem:18.60M (Peak 18.73M) | Time:00:00.00 | Mem:0.00M, Peak:0.00M | Scene, ViewLayer | Updating Images | Loading armor-basecolor
Fra:1 Mem:18.60M (Peak 18.73M) | Time:00:00.00 | Mem:0.00M, Peak:0.00M | Scene, ViewLayer | Updating Images | Loading armor-normal
Fra:1 Mem:42.63M (Peak 50.63M) | Time:00:00.02 | Mem:4.00M, Peak:4.00M | Scene, ViewLayer | Updating Images | Loading armor-basecolor.001
Fra:1 Mem:38.62M (Peak 50.63M) | Time:00:00.02 | Mem:8.00M, Peak:8.00M | Scene, ViewLayer | Updating Images | Loading armor-roughness.001
Fra:1 Mem:50.63M (Peak 58.64M) | Time:00:00.03 | Mem:12.00M, Peak:12.00M | Scene, ViewLayer | Updating Images | Loading armor-normal.001
Fra:1 Mem:46.62M (Peak 58.64M) | Time:00:00.03 | Mem:16.00M, Peak:16.00M | Scene, ViewLayer | Updating Images | Loading armor-basecolor.002
Fra:1 Mem:70.65M (Peak 78.66M) | Time:00:00.05 | Mem:20.00M, Peak:20.00M | Scene, ViewLayer | Updating Images | Loading armor-roughness.002
Fra:1 Mem:53.12M (Peak 78.66M) | Time:00:00.06 | Mem:36.00M, Peak:36.00M | Scene, ViewLayer | Waiting for render to start
Fra:1 Mem:53.12M (Peak 78.66M) | Time:00:00.06 | Mem:36.00M, Peak:36.00M | Scene, ViewLayer | Loading render kernels (may take a few minutes the first time)
Fra:1 Mem:53.12M (Peak 78.66M) | Time:00:00.06 | Mem:36.00M, Peak:36.00M | Scene, ViewLayer | Updating Scene
Fra:1 Mem:53.12M (Peak 78.66M) | Time:00:00.06 | Mem:36.00M, Peak:36.00M | Scene, ViewLayer | Updating Shaders
Fra:1 Mem:53.21M (Peak 78.66M) | Time:00:00.06 | Mem:36.00M, Peak:36.00M | Scene, ViewLayer | Updating Procedurals
Fra:1 Mem:53.21M (Peak 78.66M) | Time:00:00.06 | Mem:36.00M, Peak:36.00M | Scene, ViewLayer | Updating Background
Fra:1 Mem:53.21M (Peak 78.66M) | Time:00:00.06 | Mem:36.00M, Peak:36.00M | Scene, ViewLayer | Updating Camera
Fra:1 Mem:53.21M (Peak 78.66M) | Time:00:00.06 | Mem:36.00M, Peak:36.00M | Scene, ViewLayer | Updating Meshes Flags
Fra:1 Mem:53.21M (Peak 78.66M) | Time:00:00.06 | Mem:36.00M, Peak:36.00M | Scene, ViewLayer | Updating Objects
Fra:1 Mem:53.21M (Peak 78.66M) | Time:00:00.06 | Mem:36.00M, Peak:36.00M | Scene, ViewLayer | Updating Objects | Copying Transformations to device
Fra:1 Mem:53.21M (Peak 78.66M) | Time:00:00.06 | Mem:36.01M, Peak:36.01M | Scene, ViewLayer | Updating Objects | Applying Static Transformations
Fra:1 Mem:53.21M (Peak 78.66M) | Time:00:00.06 | Mem:36.01M, Peak:36.01M | Scene, ViewLayer | Updating Particle Systems
Fra:1 Mem:53.21M (Peak 78.66M) | Time:00:00.06 | Mem:36.01M, Peak:36.01M | Scene, ViewLayer | Updating Particle Systems | Copying Particles to device
Fra:1 Mem:53.21M (Peak 78.66M) | Time:00:00.06 | Mem:36.01M, Peak:36.01M | Scene, ViewLayer | Updating Meshes
Fra:1 Mem:53.22M (Peak 78.66M) | Time:00:00.06 | Mem:36.01M, Peak:36.01M | Scene, ViewLayer | Updating Mesh | Computing attributes
Fra:1 Mem:53.30M (Peak 78.66M) | Time:00:00.06 | Mem:36.02M, Peak:36.02M | Scene, ViewLayer | Updating Mesh | Copying Attributes to device
Fra:1 Mem:53.29M (Peak 78.66M) | Time:00:00.06 | Mem:36.08M, Peak:36.08M | Scene, ViewLayer | Updating Scene BVH | Building
Fra:1 Mem:53.29M (Peak 78.66M) | Time:00:00.06 | Mem:36.08M, Peak:36.08M | Scene, ViewLayer | Updating Scene BVH | Building BVH
Fra:1 Mem:53.29M (Peak 78.66M) | Time:00:00.06 | Mem:36.10M, Peak:36.10M | Scene, ViewLayer | Updating Scene BVH | Building BVH 0%
Fra:1 Mem:53.29M (Peak 78.66M) | Time:00:00.06 | Mem:36.12M, Peak:36.14M | Scene, ViewLayer | Updating Scene BVH | Copying BVH to device
Fra:1 Mem:53.29M (Peak 78.66M) | Time:00:00.06 | Mem:36.12M, Peak:36.14M | Scene, ViewLayer | Updating Mesh | Computing normals
Fra:1 Mem:53.35M (Peak 78.66M) | Time:00:00.06 | Mem:36.12M, Peak:36.14M | Scene, ViewLayer | Updating Mesh | Copying Mesh to device
Fra:1 Mem:53.35M (Peak 78.66M) | Time:00:00.06 | Mem:36.19M, Peak:36.19M | Scene, ViewLayer | Updating Objects Flags
Fra:1 Mem:53.35M (Peak 78.66M) | Time:00:00.06 | Mem:36.19M, Peak:36.19M | Scene, ViewLayer | Updating Primitive Offsets
Fra:1 Mem:53.35M (Peak 78.66M) | Time:00:00.06 | Mem:36.19M, Peak:36.19M | Scene, ViewLayer | Updating Images
Fra:1 Mem:53.35M (Peak 78.66M) | Time:00:00.06 | Mem:36.19M, Peak:36.19M | Scene, ViewLayer | Updating Camera Volume
Fra:1 Mem:53.35M (Peak 78.66M) | Time:00:00.06 | Mem:36.19M, Peak:36.19M | Scene, ViewLayer | Updating Lookup Tables
Fra:1 Mem:53.35M (Peak 78.66M) | Time:00:00.06 | Mem:36.27M, Peak:36.27M | Scene, ViewLayer | Updating Lights
Fra:1 Mem:53.35M (Peak 78.66M) | Time:00:00.06 | Mem:36.27M, Peak:36.27M | Scene, ViewLayer | Updating Lights | Computing tree
Fra:1 Mem:53.36M (Peak 78.66M) | Time:00:00.06 | Mem:36.27M, Peak:36.27M | Scene, ViewLayer | Updating Integrator
Fra:1 Mem:53.36M (Peak 78.66M) | Time:00:00.06 | Mem:36.27M, Peak:36.27M | Scene, ViewLayer | Updating Film
Fra:1 Mem:53.36M (Peak 78.66M) | Time:00:00.06 | Mem:36.19M, Peak:36.27M | Scene, ViewLayer | Updating Lookup Tables
Fra:1 Mem:53.36M (Peak 78.66M) | Time:00:00.06 | Mem:36.28M, Peak:36.28M | Scene, ViewLayer | Updating Baking
Fra:1 Mem:53.36M (Peak 78.66M) | Time:00:00.06 | Mem:36.28M, Peak:36.28M | Scene, ViewLayer | Updating Device | Writing constant memory
Fra:1 Mem:53.36M (Peak 78.66M) | Time:00:00.06 | Mem:36.28M, Peak:36.28M | Scene, ViewLayer | Sample 0/64
Fra:1 Mem:90.46M (Peak 90.46M) | Time:00:00.28 | Remaining:00:13.87 | Mem:73.37M, Peak:73.37M | Scene, ViewLayer | Sample 1/64
Fra:1 Mem:106.94M (Peak 139.90M) | Time:00:09.67 | Mem:73.37M, Peak:73.37M | Scene, ViewLayer | Sample 64/64
Fra:1 Mem:106.94M (Peak 139.90M) | Time:00:09.67 | Mem:73.37M, Peak:73.37M | Scene, ViewLayer | Finished
Saved: '/root/sidereal_spacetime/assets/art-library/framed-wayfarer/r005/family-03/renders/convex-45-half-height.png'
Time: 00:09.87 (Saving: 00:00.20)

22:51:12 | INFO: Data are loaded, start creating Blender stuff
22:51:12 | INFO: Blender create Mesh node MESH-armor-block-f94c0ba2aa04f31fb6a5-closed-incoming-wrapped-b
22:51:12 | INFO: Blender create Mesh node MESH-armor-block-f94c0ba2aa04f31fb6a5-closed-outgoing-wrapped-b
22:51:12 | INFO: Blender create Mesh node MESH-armor-block-f94c0ba2aa04f31fb6a5-closed-solid-body
22:51:12 | INFO: Blender create Mesh node MESH-armor-block-f94c0ba2aa04f31fb6a5-cyan-flush-status-lens
22:51:12 | INFO: Blender create Mesh node MESH-armor-block-f94c0ba2aa04f31fb6a5-interchangeable-plain-fac
22:51:12 | INFO: Blender create Mesh node MESH-armor-block-f94c0ba2aa04f31fb6a5-lower-impact-rail-right
22:51:12 | INFO: Blender create Mesh node MESH-armor-block-f94c0ba2aa04f31fb6a5-lower-impact-rail-cut-poc
22:51:12 | INFO: Blender create Mesh node MESH-armor-block-f94c0ba2aa04f31fb6a5-lower-impact-rail-left
22:51:12 | INFO: Blender create Mesh node MESH-armor-block-f94c0ba2aa04f31fb6a5-pale-wrapped-connector-ou
22:51:12 | INFO: Blender create Mesh node MESH-armor-block-f94c0ba2aa04f31fb6a5-pale-wrapped-connector-in
22:51:12 | INFO: Blender create Mesh node MESH-armor-block-f94c0ba2aa04f31fb6a5-recess-shadow-seat
22:51:12 | INFO: Blender create Mesh node MESH-armor-block-f94c0ba2aa04f31fb6a5-upper-stepped-shoulder
22:51:12 | INFO: glTF import finished in 0.01s
22:51:12 | INFO: Data are loaded, start creating Blender stuff
22:51:12 | INFO: Blender create Mesh node MESH-armor-block-1676c64748013f376c0a-closed-junction-wedge
22:51:12 | INFO: Blender create Mesh node MESH-armor-block-1676c64748013f376c0a-junction-lower-navy-shoe
22:51:12 | INFO: Blender create Mesh node MESH-armor-block-1676c64748013f376c0a-junction-upper-navy-shoul
22:51:12 | INFO: Blender create Mesh node MESH-armor-block-1676c64748013f376c0a-junction-wrapped-pale-con
22:51:12 | INFO: glTF import finished in 0.01s
22:51:12 | INFO: Data are loaded, start creating Blender stuff
22:51:12 | INFO: Blender create Mesh node MESH-armor-block-fe79dfaf2e1542dbd67c-closed-incoming-wrapped-b
22:51:12 | INFO: Blender create Mesh node MESH-armor-block-fe79dfaf2e1542dbd67c-closed-outgoing-wrapped-b
22:51:12 | INFO: Blender create Mesh node MESH-armor-block-fe79dfaf2e1542dbd67c-closed-solid-body
22:51:12 | INFO: Blender create Mesh node MESH-armor-block-fe79dfaf2e1542dbd67c-cyan-flush-status-lens
22:51:12 | INFO: Blender create Mesh node MESH-armor-block-fe79dfaf2e1542dbd67c-interchangeable-red-servi
22:51:12 | INFO: Blender create Mesh node MESH-armor-block-fe79dfaf2e1542dbd67c-lower-impact-rail-right
22:51:12 | INFO: Blender create Mesh node MESH-armor-block-fe79dfaf2e1542dbd67c-lower-impact-rail-cut-poc
22:51:12 | INFO: Blender create Mesh node MESH-armor-block-fe79dfaf2e1542dbd67c-lower-impact-rail-left
22:51:12 | INFO: Blender create Mesh node MESH-armor-block-fe79dfaf2e1542dbd67c-pale-wrapped-connector-ou
22:51:12 | INFO: Blender create Mesh node MESH-armor-block-fe79dfaf2e1542dbd67c-pale-wrapped-connector-in
22:51:12 | INFO: Blender create Mesh node MESH-armor-block-fe79dfaf2e1542dbd67c-recess-shadow-seat
22:51:12 | INFO: Blender create Mesh node MESH-armor-block-fe79dfaf2e1542dbd67c-upper-stepped-shoulder
22:51:12 | INFO: glTF import finished in 0.02s
Fra:1 Mem:18.35M (Peak 18.35M) | Time:00:00.00 | Mem:0.00M, Peak:0.00M | Scene, ViewLayer | Synchronizing object | GEO-armor-block-f94c0ba2aa04f31fb6a5--BACKING--closed-incoming-
Fra:1 Mem:18.35M (Peak 18.35M) | Time:00:00.00 | Mem:0.00M, Peak:0.00M | Scene, ViewLayer | Synchronizing object | GEO-armor-block-f94c0ba2aa04f31fb6a5--BACKING--closed-solid-bod
Fra:1 Mem:18.39M (Peak 18.39M) | Time:00:00.00 | Mem:0.00M, Peak:0.00M | Scene, ViewLayer | Synchronizing object | GEO-armor-block-fe79dfaf2e1542dbd67c--FINISH--upper-stepped-sho
Fra:1 Mem:18.37M (Peak 18.39M) | Time:00:00.00 | Mem:0.00M, Peak:0.00M | Scene, ViewLayer | Synchronizing object | GEO-armor-block-f94c0ba2aa04f31fb6a5--FINISH--lower-impact-
Fra:1 Mem:18.41M (Peak 18.41M) | Time:00:00.00 | Mem:0.00M, Peak:0.00M | Scene, ViewLayer | Synchronizing object | GEO-armor-block-f94c0ba2aa04f31fb6a5--FINISH--lower-impact-.001
Fra:1 Mem:18.41M (Peak 18.41M) | Time:00:00.00 | Mem:0.00M, Peak:0.00M | Scene, ViewLayer | Synchronizing object | GEO-armor-block-f94c0ba2aa04f31fb6a5--FINISH--lower-impact-rail
Fra:1 Mem:18.42M (Peak 18.42M) | Time:00:00.00 | Mem:0.00M, Peak:0.00M | Scene, ViewLayer | Synchronizing object | GEO-armor-block-f94c0ba2aa04f31fb6a5--FINISH--pale-wrapped-
Fra:1 Mem:18.41M (Peak 18.42M) | Time:00:00.00 | Mem:0.00M, Peak:0.00M | Scene, ViewLayer | Synchronizing object | GEO-armor-block-fe79dfaf2e1542dbd67c--FINISH--recess-shadow-sea
Fra:1 Mem:18.42M (Peak 18.42M) | Time:00:00.00 | Mem:0.00M, Peak:0.00M | Scene, ViewLayer | Synchronizing object | GEO-armor-block-f94c0ba2aa04f31fb6a5--FINISH--recess-shadow-sea
Fra:1 Mem:18.43M (Peak 18.43M) | Time:00:00.00 | Mem:0.00M, Peak:0.00M | Scene, ViewLayer | Synchronizing object | GEO-armor-block-f94c0ba2aa04f31fb6a5--FINISH--upper-stepped-sho
Fra:1 Mem:18.43M (Peak 18.43M) | Time:00:00.00 | Mem:0.00M, Peak:0.00M | Scene, ViewLayer | Synchronizing object | GEO-armor-block-1676c64748013f376c0a--BACKING--closed-junction-
Fra:1 Mem:18.44M (Peak 18.44M) | Time:00:00.00 | Mem:0.00M, Peak:0.00M | Scene, ViewLayer | Synchronizing object | GEO-armor-block-1676c64748013f376c0a--FINISH--junction-lower-na
Fra:1 Mem:18.46M (Peak 18.46M) | Time:00:00.00 | Mem:0.00M, Peak:0.00M | Scene, ViewLayer | Synchronizing object | GEO-armor-block-1676c64748013f376c0a--FINISH--junction-upper-na
Fra:1 Mem:18.45M (Peak 18.46M) | Time:00:00.00 | Mem:0.00M, Peak:0.00M | Scene, ViewLayer | Synchronizing object | GEO-armor-block-1676c64748013f376c0a--FINISH--junction-wrapped-
Fra:1 Mem:18.46M (Peak 18.46M) | Time:00:00.00 | Mem:0.00M, Peak:0.00M | Scene, ViewLayer | Synchronizing object | GEO-armor-block-fe79dfaf2e1542dbd67c--FINISH--pale-wrapped-
Fra:1 Mem:18.47M (Peak 18.47M) | Time:00:00.00 | Mem:0.00M, Peak:0.00M | Scene, ViewLayer | Synchronizing object | GEO-armor-block-fe79dfaf2e1542dbd67c--BACKING--closed-incoming-
Fra:1 Mem:18.47M (Peak 18.47M) | Time:00:00.00 | Mem:0.00M, Peak:0.00M | Scene, ViewLayer | Synchronizing object | GEO-armor-block-fe79dfaf2e1542dbd67c--BACKING--closed-outgoing-
Fra:1 Mem:18.48M (Peak 18.48M) | Time:00:00.00 | Mem:0.00M, Peak:0.00M | Scene, ViewLayer | Synchronizing object | GEO-armor-block-fe79dfaf2e1542dbd67c--BACKING--closed-solid-bod
Fra:1 Mem:18.47M (Peak 18.48M) | Time:00:00.00 | Mem:0.00M, Peak:0.00M | Scene, ViewLayer | Synchronizing object | GEO-armor-block-fe79dfaf2e1542dbd67c--FINISH--cyan-flush-status
Fra:1 Mem:18.47M (Peak 18.48M) | Time:00:00.00 | Mem:0.00M, Peak:0.00M | Scene, ViewLayer | Synchronizing object | GEO-armor-block-fe79dfaf2e1542dbd67c--FINISH--lower-impact-
Fra:1 Mem:18.49M (Peak 18.49M) | Time:00:00.00 | Mem:0.00M, Peak:0.00M | Scene, ViewLayer | Synchronizing object | GEO-armor-block-fe79dfaf2e1542dbd67c--FINISH--lower-impact-.001
Fra:1 Mem:18.50M (Peak 18.50M) | Time:00:00.00 | Mem:0.00M, Peak:0.00M | Scene, ViewLayer | Initializing
Fra:1 Mem:18.38M (Peak 18.50M) | Time:00:00.00 | Mem:0.00M, Peak:0.00M | Scene, ViewLayer | Updating Images | Loading armor-normal.002
Fra:1 Mem:18.38M (Peak 18.50M) | Time:00:00.00 | Mem:0.00M, Peak:0.00M | Scene, ViewLayer | Updating Images | Loading armor-normal
Fra:1 Mem:34.40M (Peak 42.40M) | Time:00:00.00 | Mem:4.00M, Peak:4.00M | Scene, ViewLayer | Updating Images | Loading armor-basecolor.001
Fra:1 Mem:46.41M (Peak 54.42M) | Time:00:00.01 | Mem:8.00M, Peak:8.00M | Scene, ViewLayer | Updating Images | Loading armor-roughness.001
Fra:1 Mem:42.40M (Peak 54.42M) | Time:00:00.02 | Mem:12.00M, Peak:12.00M | Scene, ViewLayer | Updating Images | Loading armor-normal.001
Fra:1 Mem:46.40M (Peak 54.42M) | Time:00:00.03 | Mem:16.00M, Peak:16.00M | Scene, ViewLayer | Updating Images | Loading armor-basecolor.002
Fra:1 Mem:50.40M (Peak 58.41M) | Time:00:00.03 | Mem:20.00M, Peak:20.00M | Scene, ViewLayer | Updating Images | Loading armor-roughness.002
Fra:1 Mem:52.98M (Peak 70.42M) | Time:00:00.14 | Mem:36.00M, Peak:36.00M | Scene, ViewLayer | Waiting for render to start
Fra:1 Mem:52.98M (Peak 70.42M) | Time:00:00.14 | Mem:36.00M, Peak:36.00M | Scene, ViewLayer | Loading render kernels (may take a few minutes the first time)
Fra:1 Mem:52.98M (Peak 70.42M) | Time:00:00.14 | Mem:36.00M, Peak:36.00M | Scene, ViewLayer | Updating Scene
Fra:1 Mem:52.98M (Peak 70.42M) | Time:00:00.14 | Mem:36.00M, Peak:36.00M | Scene, ViewLayer | Updating Shaders
Fra:1 Mem:53.07M (Peak 70.42M) | Time:00:00.14 | Mem:36.00M, Peak:36.00M | Scene, ViewLayer | Updating Procedurals
Fra:1 Mem:53.07M (Peak 70.42M) | Time:00:00.14 | Mem:36.00M, Peak:36.00M | Scene, ViewLayer | Updating Background
Fra:1 Mem:53.07M (Peak 70.42M) | Time:00:00.14 | Mem:36.00M, Peak:36.00M | Scene, ViewLayer | Updating Camera
Fra:1 Mem:53.07M (Peak 70.42M) | Time:00:00.14 | Mem:36.00M, Peak:36.00M | Scene, ViewLayer | Updating Meshes Flags
Fra:1 Mem:53.07M (Peak 70.42M) | Time:00:00.14 | Mem:36.00M, Peak:36.00M | Scene, ViewLayer | Updating Objects
Fra:1 Mem:53.07M (Peak 70.42M) | Time:00:00.14 | Mem:36.00M, Peak:36.00M | Scene, ViewLayer | Updating Objects | Copying Transformations to device
Fra:1 Mem:53.08M (Peak 70.42M) | Time:00:00.14 | Mem:36.01M, Peak:36.01M | Scene, ViewLayer | Updating Objects | Applying Static Transformations
Fra:1 Mem:53.08M (Peak 70.42M) | Time:00:00.14 | Mem:36.01M, Peak:36.01M | Scene, ViewLayer | Updating Particle Systems
Fra:1 Mem:53.08M (Peak 70.42M) | Time:00:00.14 | Mem:36.01M, Peak:36.01M | Scene, ViewLayer | Updating Particle Systems | Copying Particles to device
Fra:1 Mem:53.08M (Peak 70.42M) | Time:00:00.14 | Mem:36.01M, Peak:36.01M | Scene, ViewLayer | Updating Meshes
Fra:1 Mem:53.08M (Peak 70.42M) | Time:00:00.14 | Mem:36.01M, Peak:36.01M | Scene, ViewLayer | Updating Mesh | Computing attributes
Fra:1 Mem:53.15M (Peak 70.42M) | Time:00:00.14 | Mem:36.02M, Peak:36.02M | Scene, ViewLayer | Updating Mesh | Copying Attributes to device
Fra:1 Mem:53.14M (Peak 70.42M) | Time:00:00.14 | Mem:36.07M, Peak:36.07M | Scene, ViewLayer | Updating Scene BVH | Building
Fra:1 Mem:53.14M (Peak 70.42M) | Time:00:00.14 | Mem:36.07M, Peak:36.07M | Scene, ViewLayer | Updating Scene BVH | Building BVH
Fra:1 Mem:53.14M (Peak 70.42M) | Time:00:00.14 | Mem:36.09M, Peak:36.09M | Scene, ViewLayer | Updating Scene BVH | Building BVH 0%
Fra:1 Mem:53.14M (Peak 70.42M) | Time:00:00.14 | Mem:36.11M, Peak:36.13M | Scene, ViewLayer | Updating Scene BVH | Copying BVH to device
Fra:1 Mem:53.14M (Peak 70.42M) | Time:00:00.14 | Mem:36.11M, Peak:36.13M | Scene, ViewLayer | Updating Mesh | Computing normals
Fra:1 Mem:53.20M (Peak 70.42M) | Time:00:00.14 | Mem:36.11M, Peak:36.13M | Scene, ViewLayer | Updating Mesh | Copying Mesh to device
Fra:1 Mem:53.20M (Peak 70.42M) | Time:00:00.14 | Mem:36.17M, Peak:36.17M | Scene, ViewLayer | Updating Objects Flags
Fra:1 Mem:53.20M (Peak 70.42M) | Time:00:00.14 | Mem:36.17M, Peak:36.17M | Scene, ViewLayer | Updating Primitive Offsets
Fra:1 Mem:53.20M (Peak 70.42M) | Time:00:00.14 | Mem:36.17M, Peak:36.17M | Scene, ViewLayer | Updating Images
Fra:1 Mem:53.20M (Peak 70.42M) | Time:00:00.14 | Mem:36.17M, Peak:36.17M | Scene, ViewLayer | Updating Camera Volume
Fra:1 Mem:53.20M (Peak 70.42M) | Time:00:00.14 | Mem:36.17M, Peak:36.17M | Scene, ViewLayer | Updating Lookup Tables
Fra:1 Mem:53.20M (Peak 70.42M) | Time:00:00.14 | Mem:36.25M, Peak:36.25M | Scene, ViewLayer | Updating Lights
Fra:1 Mem:53.20M (Peak 70.42M) | Time:00:00.14 | Mem:36.25M, Peak:36.25M | Scene, ViewLayer | Updating Lights | Computing tree
Fra:1 Mem:53.21M (Peak 70.42M) | Time:00:00.14 | Mem:36.25M, Peak:36.25M | Scene, ViewLayer | Updating Integrator
Fra:1 Mem:53.21M (Peak 70.42M) | Time:00:00.14 | Mem:36.25M, Peak:36.25M | Scene, ViewLayer | Updating Film
Fra:1 Mem:53.21M (Peak 70.42M) | Time:00:00.14 | Mem:36.17M, Peak:36.25M | Scene, ViewLayer | Updating Lookup Tables
Fra:1 Mem:53.21M (Peak 70.42M) | Time:00:00.14 | Mem:36.26M, Peak:36.26M | Scene, ViewLayer | Updating Baking
Fra:1 Mem:53.21M (Peak 70.42M) | Time:00:00.14 | Mem:36.26M, Peak:36.26M | Scene, ViewLayer | Updating Device | Writing constant memory
Fra:1 Mem:53.21M (Peak 70.42M) | Time:00:00.14 | Mem:36.26M, Peak:36.26M | Scene, ViewLayer | Sample 0/64
Fra:1 Mem:90.30M (Peak 90.30M) | Time:00:00.40 | Remaining:00:16.42 | Mem:73.35M, Peak:73.35M | Scene, ViewLayer | Sample 1/64
Fra:1 Mem:106.78M (Peak 139.74M) | Time:00:11.86 | Mem:73.35M, Peak:73.35M | Scene, ViewLayer | Sample 64/64
Fra:1 Mem:106.78M (Peak 139.74M) | Time:00:11.86 | Mem:73.35M, Peak:73.35M | Scene, ViewLayer | Finished
Saved: '/root/sidereal_spacetime/assets/art-library/framed-wayfarer/r005/family-03/renders/concave-90.png'
Time: 00:12.02 (Saving: 00:00.15)

22:51:24 | INFO: Data are loaded, start creating Blender stuff
22:51:24 | INFO: Blender create Mesh node MESH-armor-block-f94c0ba2aa04f31fb6a5-closed-incoming-wrapped-b
22:51:24 | INFO: Blender create Mesh node MESH-armor-block-f94c0ba2aa04f31fb6a5-closed-outgoing-wrapped-b
22:51:24 | INFO: Blender create Mesh node MESH-armor-block-f94c0ba2aa04f31fb6a5-closed-solid-body
22:51:24 | INFO: Blender create Mesh node MESH-armor-block-f94c0ba2aa04f31fb6a5-cyan-flush-status-lens
22:51:24 | INFO: Blender create Mesh node MESH-armor-block-f94c0ba2aa04f31fb6a5-interchangeable-plain-fac
22:51:24 | INFO: Blender create Mesh node MESH-armor-block-f94c0ba2aa04f31fb6a5-lower-impact-rail-right
22:51:24 | INFO: Blender create Mesh node MESH-armor-block-f94c0ba2aa04f31fb6a5-lower-impact-rail-cut-poc
22:51:24 | INFO: Blender create Mesh node MESH-armor-block-f94c0ba2aa04f31fb6a5-lower-impact-rail-left
22:51:24 | INFO: Blender create Mesh node MESH-armor-block-f94c0ba2aa04f31fb6a5-pale-wrapped-connector-ou
22:51:24 | INFO: Blender create Mesh node MESH-armor-block-f94c0ba2aa04f31fb6a5-pale-wrapped-connector-in
22:51:24 | INFO: Blender create Mesh node MESH-armor-block-f94c0ba2aa04f31fb6a5-recess-shadow-seat
22:51:24 | INFO: Blender create Mesh node MESH-armor-block-f94c0ba2aa04f31fb6a5-upper-stepped-shoulder
22:51:24 | INFO: glTF import finished in 0.01s
22:51:24 | INFO: Data are loaded, start creating Blender stuff
22:51:24 | INFO: Blender create Mesh node MESH-armor-block-1676c64748013f376c0a-closed-junction-wedge
22:51:24 | INFO: Blender create Mesh node MESH-armor-block-1676c64748013f376c0a-junction-lower-navy-shoe
22:51:24 | INFO: Blender create Mesh node MESH-armor-block-1676c64748013f376c0a-junction-upper-navy-shoul
22:51:24 | INFO: Blender create Mesh node MESH-armor-block-1676c64748013f376c0a-junction-wrapped-pale-con
22:51:24 | INFO: glTF import finished in 0.00s
22:51:24 | INFO: Data are loaded, start creating Blender stuff
22:51:24 | INFO: Blender create Mesh node MESH-armor-block-fe79dfaf2e1542dbd67c-closed-incoming-wrapped-b
22:51:24 | INFO: Blender create Mesh node MESH-armor-block-fe79dfaf2e1542dbd67c-closed-outgoing-wrapped-b
22:51:24 | INFO: Blender create Mesh node MESH-armor-block-fe79dfaf2e1542dbd67c-closed-solid-body
22:51:24 | INFO: Blender create Mesh node MESH-armor-block-fe79dfaf2e1542dbd67c-cyan-flush-status-lens
22:51:24 | INFO: Blender create Mesh node MESH-armor-block-fe79dfaf2e1542dbd67c-interchangeable-red-servi
22:51:24 | INFO: Blender create Mesh node MESH-armor-block-fe79dfaf2e1542dbd67c-lower-impact-rail-right
22:51:24 | INFO: Blender create Mesh node MESH-armor-block-fe79dfaf2e1542dbd67c-lower-impact-rail-cut-poc
22:51:24 | INFO: Blender create Mesh node MESH-armor-block-fe79dfaf2e1542dbd67c-lower-impact-rail-left
22:51:24 | INFO: Blender create Mesh node MESH-armor-block-fe79dfaf2e1542dbd67c-pale-wrapped-connector-ou
22:51:24 | INFO: Blender create Mesh node MESH-armor-block-fe79dfaf2e1542dbd67c-pale-wrapped-connector-in
22:51:24 | INFO: Blender create Mesh node MESH-armor-block-fe79dfaf2e1542dbd67c-recess-shadow-seat
22:51:24 | INFO: Blender create Mesh node MESH-armor-block-fe79dfaf2e1542dbd67c-upper-stepped-shoulder
22:51:24 | INFO: glTF import finished in 0.01s
Fra:1 Mem:18.35M (Peak 18.35M) | Time:00:00.00 | Mem:0.00M, Peak:0.00M | Scene, ViewLayer | Synchronizing object | GEO-armor-block-f94c0ba2aa04f31fb6a5--BACKING--closed-incoming-
Fra:1 Mem:18.36M (Peak 18.36M) | Time:00:00.00 | Mem:0.00M, Peak:0.00M | Scene, ViewLayer | Synchronizing object | GEO-armor-block-f94c0ba2aa04f31fb6a5--BACKING--closed-solid-bod
Fra:1 Mem:18.39M (Peak 18.39M) | Time:00:00.00 | Mem:0.00M, Peak:0.00M | Scene, ViewLayer | Synchronizing object | GEO-armor-block-fe79dfaf2e1542dbd67c--FINISH--upper-stepped-sho
Fra:1 Mem:18.38M (Peak 18.39M) | Time:00:00.00 | Mem:0.00M, Peak:0.00M | Scene, ViewLayer | Synchronizing object | GEO-armor-block-f94c0ba2aa04f31fb6a5--FINISH--cyan-flush-status
Fra:1 Mem:18.38M (Peak 18.39M) | Time:00:00.00 | Mem:0.00M, Peak:0.00M | Scene, ViewLayer | Synchronizing object | GEO-armor-block-f94c0ba2aa04f31fb6a5--FINISH--lower-impact-
Fra:1 Mem:18.40M (Peak 18.40M) | Time:00:00.00 | Mem:0.00M, Peak:0.00M | Scene, ViewLayer | Synchronizing object | GEO-armor-block-f94c0ba2aa04f31fb6a5--FINISH--lower-impact-.001
Fra:1 Mem:18.41M (Peak 18.41M) | Time:00:00.00 | Mem:0.00M, Peak:0.00M | Scene, ViewLayer | Synchronizing object | GEO-armor-block-fe79dfaf2e1542dbd67c--FINISH--recess-shadow-sea
Fra:1 Mem:18.42M (Peak 18.42M) | Time:00:00.00 | Mem:0.00M, Peak:0.00M | Scene, ViewLayer | Synchronizing object | GEO-armor-block-f94c0ba2aa04f31fb6a5--FINISH--lower-impact-rail
Fra:1 Mem:18.41M (Peak 18.42M) | Time:00:00.00 | Mem:0.00M, Peak:0.00M | Scene, ViewLayer | Synchronizing object | GEO-armor-block-f94c0ba2aa04f31fb6a5--FINISH--pale-wrapped-
Fra:1 Mem:18.41M (Peak 18.42M) | Time:00:00.00 | Mem:0.00M, Peak:0.00M | Scene, ViewLayer | Synchronizing object | GEO-armor-block-fe79dfaf2e1542dbd67c--FINISH--pale-wrapped-conn
Fra:1 Mem:18.42M (Peak 18.42M) | Time:00:00.00 | Mem:0.00M, Peak:0.00M | Scene, ViewLayer | Synchronizing object | GEO-armor-block-f94c0ba2aa04f31fb6a5--FINISH--recess-shadow-sea
Fra:1 Mem:18.44M (Peak 18.44M) | Time:00:00.00 | Mem:0.00M, Peak:0.00M | Scene, ViewLayer | Synchronizing object | GEO-armor-block-f94c0ba2aa04f31fb6a5--FINISH--upper-stepped-sho
Fra:1 Mem:18.43M (Peak 18.44M) | Time:00:00.00 | Mem:0.00M, Peak:0.00M | Scene, ViewLayer | Synchronizing object | GEO-armor-block-fe79dfaf2e1542dbd67c--FINISH--pale-wrapped-
Fra:1 Mem:18.44M (Peak 18.44M) | Time:00:00.00 | Mem:0.00M, Peak:0.00M | Scene, ViewLayer | Synchronizing object | GEO-armor-block-1676c64748013f376c0a--FINISH--junction-lower-na
Fra:1 Mem:18.44M (Peak 18.44M) | Time:00:00.00 | Mem:0.00M, Peak:0.00M | Scene, ViewLayer | Synchronizing object | GEO-armor-block-1676c64748013f376c0a--FINISH--junction-upper-na
Fra:1 Mem:18.47M (Peak 18.47M) | Time:00:00.00 | Mem:0.00M, Peak:0.00M | Scene, ViewLayer | Synchronizing object | GEO-armor-block-fe79dfaf2e1542dbd67c--FINISH--lower-impact-rail
Fra:1 Mem:18.46M (Peak 18.47M) | Time:00:00.00 | Mem:0.00M, Peak:0.00M | Scene, ViewLayer | Synchronizing object | GEO-armor-block-1676c64748013f376c0a--FINISH--junction-wrapped-
Fra:1 Mem:18.47M (Peak 18.47M) | Time:00:00.00 | Mem:0.00M, Peak:0.00M | Scene, ViewLayer | Synchronizing object | GEO-armor-block-fe79dfaf2e1542dbd67c--BACKING--closed-outgoing-
Fra:1 Mem:18.47M (Peak 18.47M) | Time:00:00.00 | Mem:0.00M, Peak:0.00M | Scene, ViewLayer | Synchronizing object | GEO-armor-block-fe79dfaf2e1542dbd67c--FINISH--lower-impact-.001
Fra:1 Mem:18.48M (Peak 18.48M) | Time:00:00.00 | Mem:0.00M, Peak:0.00M | Scene, ViewLayer | Synchronizing object | GEO-armor-block-fe79dfaf2e1542dbd67c--BACKING--closed-solid-bod
Fra:1 Mem:18.49M (Peak 18.49M) | Time:00:00.00 | Mem:0.00M, Peak:0.00M | Scene, ViewLayer | Synchronizing object | GEO-armor-block-fe79dfaf2e1542dbd67c--FINISH--cyan-flush-status
Fra:1 Mem:18.50M (Peak 18.50M) | Time:00:00.00 | Mem:0.00M, Peak:0.00M | Scene, ViewLayer | Synchronizing object | GEO-armor-block-fe79dfaf2e1542dbd67c--FINISH--interchangeable-r
Fra:1 Mem:18.49M (Peak 18.50M) | Time:00:00.00 | Mem:0.00M, Peak:0.00M | Scene, ViewLayer | Synchronizing object | GEO-armor-block-fe79dfaf2e1542dbd67c--FINISH--lower-impact-
Fra:1 Mem:18.50M (Peak 18.50M) | Time:00:00.00 | Mem:0.00M, Peak:0.00M | Scene, ViewLayer | Initializing
Fra:1 Mem:18.39M (Peak 18.50M) | Time:00:00.00 | Mem:0.00M, Peak:0.00M | Scene, ViewLayer | Updating Images | Loading armor-roughness
Fra:1 Mem:18.39M (Peak 18.50M) | Time:00:00.00 | Mem:0.00M, Peak:0.00M | Scene, ViewLayer | Updating Images | Loading armor-basecolor
Fra:1 Mem:34.40M (Peak 42.40M) | Time:00:00.01 | Mem:4.00M, Peak:4.00M | Scene, ViewLayer | Updating Images | Loading armor-basecolor.001
Fra:1 Mem:62.43M (Peak 70.44M) | Time:00:00.02 | Mem:8.00M, Peak:8.00M | Scene, ViewLayer | Updating Images | Loading armor-roughness.001
Fra:1 Mem:58.42M (Peak 70.44M) | Time:00:00.02 | Mem:12.00M, Peak:12.00M | Scene, ViewLayer | Updating Images | Loading armor-normal.001
Fra:1 Mem:54.41M (Peak 70.44M) | Time:00:00.03 | Mem:16.00M, Peak:16.00M | Scene, ViewLayer | Updating Images | Loading armor-basecolor.002
Fra:1 Mem:50.40M (Peak 70.44M) | Time:00:00.03 | Mem:20.00M, Peak:20.00M | Scene, ViewLayer | Updating Images | Loading armor-roughness.002
Fra:1 Mem:52.98M (Peak 70.44M) | Time:00:00.10 | Mem:36.00M, Peak:36.00M | Scene, ViewLayer | Waiting for render to start
Fra:1 Mem:52.98M (Peak 70.44M) | Time:00:00.10 | Mem:36.00M, Peak:36.00M | Scene, ViewLayer | Loading render kernels (may take a few minutes the first time)
Fra:1 Mem:52.98M (Peak 70.44M) | Time:00:00.10 | Mem:36.00M, Peak:36.00M | Scene, ViewLayer | Updating Scene
Fra:1 Mem:52.98M (Peak 70.44M) | Time:00:00.10 | Mem:36.00M, Peak:36.00M | Scene, ViewLayer | Updating Shaders
Fra:1 Mem:53.07M (Peak 70.44M) | Time:00:00.10 | Mem:36.00M, Peak:36.00M | Scene, ViewLayer | Updating Procedurals
Fra:1 Mem:53.07M (Peak 70.44M) | Time:00:00.10 | Mem:36.00M, Peak:36.00M | Scene, ViewLayer | Updating Background
Fra:1 Mem:53.07M (Peak 70.44M) | Time:00:00.10 | Mem:36.00M, Peak:36.00M | Scene, ViewLayer | Updating Camera
Fra:1 Mem:53.07M (Peak 70.44M) | Time:00:00.10 | Mem:36.00M, Peak:36.00M | Scene, ViewLayer | Updating Meshes Flags
Fra:1 Mem:53.07M (Peak 70.44M) | Time:00:00.10 | Mem:36.00M, Peak:36.00M | Scene, ViewLayer | Updating Objects
Fra:1 Mem:53.07M (Peak 70.44M) | Time:00:00.10 | Mem:36.00M, Peak:36.00M | Scene, ViewLayer | Updating Objects | Copying Transformations to device
Fra:1 Mem:53.08M (Peak 70.44M) | Time:00:00.10 | Mem:36.01M, Peak:36.01M | Scene, ViewLayer | Updating Objects | Applying Static Transformations
Fra:1 Mem:53.08M (Peak 70.44M) | Time:00:00.10 | Mem:36.01M, Peak:36.01M | Scene, ViewLayer | Updating Particle Systems
Fra:1 Mem:53.08M (Peak 70.44M) | Time:00:00.10 | Mem:36.01M, Peak:36.01M | Scene, ViewLayer | Updating Particle Systems | Copying Particles to device
Fra:1 Mem:53.08M (Peak 70.44M) | Time:00:00.10 | Mem:36.01M, Peak:36.01M | Scene, ViewLayer | Updating Meshes
Fra:1 Mem:53.09M (Peak 70.44M) | Time:00:00.10 | Mem:36.01M, Peak:36.01M | Scene, ViewLayer | Updating Mesh | Computing attributes
Fra:1 Mem:53.15M (Peak 70.44M) | Time:00:00.10 | Mem:36.02M, Peak:36.02M | Scene, ViewLayer | Updating Mesh | Copying Attributes to device
Fra:1 Mem:53.14M (Peak 70.44M) | Time:00:00.10 | Mem:36.07M, Peak:36.07M | Scene, ViewLayer | Updating Scene BVH | Building
Fra:1 Mem:53.14M (Peak 70.44M) | Time:00:00.10 | Mem:36.07M, Peak:36.07M | Scene, ViewLayer | Updating Scene BVH | Building BVH
Fra:1 Mem:53.14M (Peak 70.44M) | Time:00:00.10 | Mem:36.09M, Peak:36.09M | Scene, ViewLayer | Updating Scene BVH | Building BVH 0%
Fra:1 Mem:53.14M (Peak 70.44M) | Time:00:00.10 | Mem:36.11M, Peak:36.13M | Scene, ViewLayer | Updating Scene BVH | Copying BVH to device
Fra:1 Mem:53.14M (Peak 70.44M) | Time:00:00.10 | Mem:36.11M, Peak:36.13M | Scene, ViewLayer | Updating Mesh | Computing normals
Fra:1 Mem:53.20M (Peak 70.44M) | Time:00:00.10 | Mem:36.11M, Peak:36.13M | Scene, ViewLayer | Updating Mesh | Copying Mesh to device
Fra:1 Mem:53.20M (Peak 70.44M) | Time:00:00.10 | Mem:36.17M, Peak:36.17M | Scene, ViewLayer | Updating Objects Flags
Fra:1 Mem:53.20M (Peak 70.44M) | Time:00:00.10 | Mem:36.17M, Peak:36.17M | Scene, ViewLayer | Updating Primitive Offsets
Fra:1 Mem:53.20M (Peak 70.44M) | Time:00:00.10 | Mem:36.17M, Peak:36.17M | Scene, ViewLayer | Updating Images
Fra:1 Mem:53.20M (Peak 70.44M) | Time:00:00.10 | Mem:36.17M, Peak:36.17M | Scene, ViewLayer | Updating Camera Volume
Fra:1 Mem:53.20M (Peak 70.44M) | Time:00:00.10 | Mem:36.17M, Peak:36.17M | Scene, ViewLayer | Updating Lookup Tables
Fra:1 Mem:53.20M (Peak 70.44M) | Time:00:00.10 | Mem:36.25M, Peak:36.25M | Scene, ViewLayer | Updating Lights
Fra:1 Mem:53.20M (Peak 70.44M) | Time:00:00.10 | Mem:36.25M, Peak:36.25M | Scene, ViewLayer | Updating Lights | Computing tree
Fra:1 Mem:53.21M (Peak 70.44M) | Time:00:00.10 | Mem:36.25M, Peak:36.25M | Scene, ViewLayer | Updating Integrator
Fra:1 Mem:53.21M (Peak 70.44M) | Time:00:00.10 | Mem:36.25M, Peak:36.25M | Scene, ViewLayer | Updating Film
Fra:1 Mem:53.21M (Peak 70.44M) | Time:00:00.10 | Mem:36.17M, Peak:36.25M | Scene, ViewLayer | Updating Lookup Tables
Fra:1 Mem:53.21M (Peak 70.44M) | Time:00:00.10 | Mem:36.26M, Peak:36.26M | Scene, ViewLayer | Updating Baking
Fra:1 Mem:53.21M (Peak 70.44M) | Time:00:00.10 | Mem:36.26M, Peak:36.26M | Scene, ViewLayer | Updating Device | Writing constant memory
Fra:1 Mem:53.21M (Peak 70.44M) | Time:00:00.10 | Mem:36.26M, Peak:36.26M | Scene, ViewLayer | Sample 0/64
Fra:1 Mem:90.30M (Peak 90.30M) | Time:00:00.22 | Remaining:00:07.17 | Mem:73.35M, Peak:73.35M | Scene, ViewLayer | Sample 1/64
Fra:1 Mem:106.79M (Peak 139.74M) | Time:00:06.19 | Mem:73.35M, Peak:73.35M | Scene, ViewLayer | Sample 64/64
Fra:1 Mem:106.79M (Peak 139.74M) | Time:00:06.19 | Mem:73.35M, Peak:73.35M | Scene, ViewLayer | Finished
Saved: '/root/sidereal_spacetime/assets/art-library/framed-wayfarer/r005/family-03/renders/concave-90-top.png'
Time: 00:06.40 (Saving: 00:00.20)

22:51:30 | INFO: Data are loaded, start creating Blender stuff
22:51:30 | INFO: Blender create Mesh node MESH-armor-block-aabac0a89386b4aa9045-closed-incoming-wrapped-b
22:51:30 | INFO: Blender create Mesh node MESH-armor-block-aabac0a89386b4aa9045-closed-outgoing-wrapped-b
22:51:30 | INFO: Blender create Mesh node MESH-armor-block-aabac0a89386b4aa9045-closed-solid-body
22:51:30 | INFO: Blender create Mesh node MESH-armor-block-aabac0a89386b4aa9045-cyan-flush-status-lens
22:51:30 | INFO: Blender create Mesh node MESH-armor-block-aabac0a89386b4aa9045-interchangeable-identity-
22:51:30 | INFO: Blender create Mesh node MESH-armor-block-aabac0a89386b4aa9045-lower-impact-rail-right
22:51:30 | INFO: Blender create Mesh node MESH-armor-block-aabac0a89386b4aa9045-lower-impact-rail-cut-poc
22:51:30 | INFO: Blender create Mesh node MESH-armor-block-aabac0a89386b4aa9045-lower-impact-rail-left
22:51:30 | INFO: Blender create Mesh node MESH-armor-block-aabac0a89386b4aa9045-pale-wrapped-connector-ou
22:51:30 | INFO: Blender create Mesh node MESH-armor-block-aabac0a89386b4aa9045-pale-wrapped-connector-in
22:51:30 | INFO: Blender create Mesh node MESH-armor-block-aabac0a89386b4aa9045-recess-shadow-seat
22:51:30 | INFO: Blender create Mesh node MESH-armor-block-aabac0a89386b4aa9045-upper-stepped-shoulder
22:51:30 | INFO: glTF import finished in 0.01s
Fra:1 Mem:14.45M (Peak 14.45M) | Time:00:00.00 | Mem:0.00M, Peak:0.00M | Scene, ViewLayer | Synchronizing object | GEO-armor-block-aabac0a89386b4aa9045--BACKING--closed-incoming-
Fra:1 Mem:14.45M (Peak 14.45M) | Time:00:00.00 | Mem:0.00M, Peak:0.00M | Scene, ViewLayer | Synchronizing object | GEO-armor-block-aabac0a89386b4aa9045--BACKING--closed-outgoing-
Fra:1 Mem:14.46M (Peak 14.46M) | Time:00:00.00 | Mem:0.00M, Peak:0.00M | Scene, ViewLayer | Synchronizing object | GEO-armor-block-aabac0a89386b4aa9045--FINISH--upper-stepped-sho
Fra:1 Mem:14.47M (Peak 14.47M) | Time:00:00.00 | Mem:0.00M, Peak:0.00M | Scene, ViewLayer | Synchronizing object | GEO-armor-block-aabac0a89386b4aa9045--BACKING--closed-solid-bod
Fra:1 Mem:14.48M (Peak 14.48M) | Time:00:00.00 | Mem:0.00M, Peak:0.00M | Scene, ViewLayer | Synchronizing object | GEO-armor-block-aabac0a89386b4aa9045--FINISH--cyan-flush-status
Fra:1 Mem:14.48M (Peak 14.48M) | Time:00:00.00 | Mem:0.00M, Peak:0.00M | Scene, ViewLayer | Synchronizing object | GEO-armor-block-aabac0a89386b4aa9045--FINISH--recess-shadow-sea
Fra:1 Mem:14.48M (Peak 14.48M) | Time:00:00.00 | Mem:0.00M, Peak:0.00M | Scene, ViewLayer | Synchronizing object | GEO-armor-block-aabac0a89386b4aa9045--FINISH--interchangeable-i
Fra:1 Mem:14.47M (Peak 14.48M) | Time:00:00.00 | Mem:0.00M, Peak:0.00M | Scene, ViewLayer | Synchronizing object | GEO-armor-block-aabac0a89386b4aa9045--FINISH--lower-impact-.001
Fra:1 Mem:14.50M (Peak 14.50M) | Time:00:00.00 | Mem:0.00M, Peak:0.00M | Scene, ViewLayer | Synchronizing object | GEO-armor-block-aabac0a89386b4aa9045--FINISH--lower-impact-rail
Fra:1 Mem:14.52M (Peak 14.52M) | Time:00:00.00 | Mem:0.00M, Peak:0.00M | Scene, ViewLayer | Synchronizing object | GEO-armor-block-aabac0a89386b4aa9045--FINISH--pale-wrapped-
Fra:1 Mem:14.51M (Peak 14.52M) | Time:00:00.00 | Mem:0.00M, Peak:0.00M | Scene, ViewLayer | Initializing
Fra:1 Mem:14.46M (Peak 14.52M) | Time:00:00.00 | Mem:0.00M, Peak:0.00M | Scene, ViewLayer | Updating Images | Loading armor-normal
Fra:1 Mem:14.46M (Peak 14.52M) | Time:00:00.00 | Mem:0.00M, Peak:0.00M | Scene, ViewLayer | Updating Images | Loading armor-roughness
Fra:1 Mem:25.81M (Peak 42.49M) | Time:00:00.01 | Mem:12.00M, Peak:12.00M | Scene, ViewLayer | Waiting for render to start
Fra:1 Mem:25.81M (Peak 42.49M) | Time:00:00.01 | Mem:12.00M, Peak:12.00M | Scene, ViewLayer | Loading render kernels (may take a few minutes the first time)
Fra:1 Mem:25.81M (Peak 42.49M) | Time:00:00.01 | Mem:12.00M, Peak:12.00M | Scene, ViewLayer | Updating Scene
Fra:1 Mem:25.81M (Peak 42.49M) | Time:00:00.01 | Mem:12.00M, Peak:12.00M | Scene, ViewLayer | Updating Shaders
Fra:1 Mem:25.90M (Peak 42.49M) | Time:00:00.01 | Mem:12.00M, Peak:12.00M | Scene, ViewLayer | Updating Procedurals
Fra:1 Mem:25.90M (Peak 42.49M) | Time:00:00.01 | Mem:12.00M, Peak:12.00M | Scene, ViewLayer | Updating Background
Fra:1 Mem:25.90M (Peak 42.49M) | Time:00:00.01 | Mem:12.00M, Peak:12.00M | Scene, ViewLayer | Updating Camera
Fra:1 Mem:25.90M (Peak 42.49M) | Time:00:00.01 | Mem:12.00M, Peak:12.00M | Scene, ViewLayer | Updating Meshes Flags
Fra:1 Mem:25.90M (Peak 42.49M) | Time:00:00.01 | Mem:12.00M, Peak:12.00M | Scene, ViewLayer | Updating Objects
Fra:1 Mem:25.90M (Peak 42.49M) | Time:00:00.01 | Mem:12.00M, Peak:12.00M | Scene, ViewLayer | Updating Objects | Copying Transformations to device
Fra:1 Mem:25.90M (Peak 42.49M) | Time:00:00.01 | Mem:12.01M, Peak:12.01M | Scene, ViewLayer | Updating Objects | Applying Static Transformations
Fra:1 Mem:25.90M (Peak 42.49M) | Time:00:00.01 | Mem:12.01M, Peak:12.01M | Scene, ViewLayer | Updating Particle Systems
Fra:1 Mem:25.90M (Peak 42.49M) | Time:00:00.01 | Mem:12.01M, Peak:12.01M | Scene, ViewLayer | Updating Particle Systems | Copying Particles to device
Fra:1 Mem:25.90M (Peak 42.49M) | Time:00:00.01 | Mem:12.01M, Peak:12.01M | Scene, ViewLayer | Updating Meshes
Fra:1 Mem:25.90M (Peak 42.49M) | Time:00:00.01 | Mem:12.01M, Peak:12.01M | Scene, ViewLayer | Updating Mesh | Computing attributes
Fra:1 Mem:25.93M (Peak 42.49M) | Time:00:00.01 | Mem:12.01M, Peak:12.01M | Scene, ViewLayer | Updating Mesh | Copying Attributes to device
Fra:1 Mem:25.93M (Peak 42.49M) | Time:00:00.01 | Mem:12.03M, Peak:12.03M | Scene, ViewLayer | Updating Scene BVH | Building
Fra:1 Mem:25.93M (Peak 42.49M) | Time:00:00.01 | Mem:12.03M, Peak:12.03M | Scene, ViewLayer | Updating Scene BVH | Building BVH
Fra:1 Mem:25.93M (Peak 42.49M) | Time:00:00.01 | Mem:12.04M, Peak:12.04M | Scene, ViewLayer | Updating Scene BVH | Building BVH 0%
Fra:1 Mem:25.93M (Peak 42.49M) | Time:00:00.01 | Mem:12.05M, Peak:12.06M | Scene, ViewLayer | Updating Scene BVH | Copying BVH to device
Fra:1 Mem:25.93M (Peak 42.49M) | Time:00:00.01 | Mem:12.05M, Peak:12.06M | Scene, ViewLayer | Updating Mesh | Computing normals
Fra:1 Mem:25.95M (Peak 42.49M) | Time:00:00.01 | Mem:12.05M, Peak:12.06M | Scene, ViewLayer | Updating Mesh | Copying Mesh to device
Fra:1 Mem:25.95M (Peak 42.49M) | Time:00:00.01 | Mem:12.07M, Peak:12.07M | Scene, ViewLayer | Updating Objects Flags
Fra:1 Mem:25.95M (Peak 42.49M) | Time:00:00.01 | Mem:12.07M, Peak:12.07M | Scene, ViewLayer | Updating Primitive Offsets
Fra:1 Mem:25.95M (Peak 42.49M) | Time:00:00.01 | Mem:12.07M, Peak:12.07M | Scene, ViewLayer | Updating Images
Fra:1 Mem:25.95M (Peak 42.49M) | Time:00:00.01 | Mem:12.07M, Peak:12.07M | Scene, ViewLayer | Updating Camera Volume
Fra:1 Mem:25.95M (Peak 42.49M) | Time:00:00.01 | Mem:12.07M, Peak:12.07M | Scene, ViewLayer | Updating Lookup Tables
Fra:1 Mem:25.95M (Peak 42.49M) | Time:00:00.01 | Mem:12.16M, Peak:12.16M | Scene, ViewLayer | Updating Lights
Fra:1 Mem:25.95M (Peak 42.49M) | Time:00:00.01 | Mem:12.16M, Peak:12.16M | Scene, ViewLayer | Updating Lights | Computing tree
Fra:1 Mem:25.96M (Peak 42.49M) | Time:00:00.01 | Mem:12.16M, Peak:12.16M | Scene, ViewLayer | Updating Integrator
Fra:1 Mem:25.96M (Peak 42.49M) | Time:00:00.01 | Mem:12.16M, Peak:12.16M | Scene, ViewLayer | Updating Film
Fra:1 Mem:25.96M (Peak 42.49M) | Time:00:00.01 | Mem:12.08M, Peak:12.16M | Scene, ViewLayer | Updating Lookup Tables
Fra:1 Mem:25.96M (Peak 42.49M) | Time:00:00.01 | Mem:12.16M, Peak:12.16M | Scene, ViewLayer | Updating Baking
Fra:1 Mem:25.96M (Peak 42.49M) | Time:00:00.01 | Mem:12.16M, Peak:12.16M | Scene, ViewLayer | Updating Device | Writing constant memory
Fra:1 Mem:25.96M (Peak 42.49M) | Time:00:00.01 | Mem:12.16M, Peak:12.16M | Scene, ViewLayer | Sample 0/64
Fra:1 Mem:63.05M (Peak 63.05M) | Time:00:00.23 | Remaining:00:13.60 | Mem:49.25M, Peak:49.25M | Scene, ViewLayer | Sample 1/64
Fra:1 Mem:79.53M (Peak 112.49M) | Time:00:09.42 | Mem:49.25M, Peak:49.25M | Scene, ViewLayer | Sample 64/64
Fra:1 Mem:79.53M (Peak 112.49M) | Time:00:09.42 | Mem:49.25M, Peak:49.25M | Scene, ViewLayer | Finished
Saved: '/root/sidereal_spacetime/assets/art-library/framed-wayfarer/r005/family-03/renders/identity-single-bay.png'
Time: 00:09.61 (Saving: 00:00.18)

22:51:40 | INFO: Data are loaded, start creating Blender stuff
22:51:40 | INFO: Blender create Mesh node MESH-armor-block-bb2e153a868e9214017f-closed-junction-wedge
22:51:40 | INFO: Blender create Mesh node MESH-armor-block-bb2e153a868e9214017f-junction-lower-navy-shoe
22:51:40 | INFO: Blender create Mesh node MESH-armor-block-bb2e153a868e9214017f-junction-upper-navy-shoul
22:51:40 | INFO: Blender create Mesh node MESH-armor-block-bb2e153a868e9214017f-junction-wrapped-pale-con
22:51:40 | INFO: glTF import finished in 0.00s
22:51:40 | INFO: Data are loaded, start creating Blender stuff
22:51:40 | INFO: Blender create Mesh node MESH-armor-block-b5debfc1efb6816ed06d-closed-junction-wedge
22:51:40 | INFO: Blender create Mesh node MESH-armor-block-b5debfc1efb6816ed06d-junction-lower-navy-shoe
22:51:40 | INFO: Blender create Mesh node MESH-armor-block-b5debfc1efb6816ed06d-junction-upper-navy-shoul
22:51:40 | INFO: Blender create Mesh node MESH-armor-block-b5debfc1efb6816ed06d-junction-wrapped-pale-con
22:51:40 | INFO: glTF import finished in 0.00s
22:51:40 | INFO: Data are loaded, start creating Blender stuff
22:51:40 | INFO: Blender create Mesh node MESH-armor-block-19cb454187f2b808d0f7-closed-junction-wedge
22:51:40 | INFO: Blender create Mesh node MESH-armor-block-19cb454187f2b808d0f7-junction-lower-navy-shoe
22:51:40 | INFO: Blender create Mesh node MESH-armor-block-19cb454187f2b808d0f7-junction-upper-navy-shoul
22:51:40 | INFO: Blender create Mesh node MESH-armor-block-19cb454187f2b808d0f7-junction-wrapped-pale-con
22:51:40 | INFO: glTF import finished in 0.00s
22:51:40 | INFO: Data are loaded, start creating Blender stuff
22:51:40 | INFO: Blender create Mesh node MESH-armor-block-8c601c2467812dda7c97-closed-junction-wedge
22:51:40 | INFO: Blender create Mesh node MESH-armor-block-8c601c2467812dda7c97-junction-lower-navy-shoe
22:51:40 | INFO: Blender create Mesh node MESH-armor-block-8c601c2467812dda7c97-junction-upper-navy-shoul
22:51:40 | INFO: Blender create Mesh node MESH-armor-block-8c601c2467812dda7c97-junction-wrapped-pale-con
22:51:40 | INFO: glTF import finished in 0.00s
22:51:40 | INFO: Data are loaded, start creating Blender stuff
22:51:40 | INFO: Blender create Mesh node MESH-armor-block-04506299cdccdc3362d3-closed-junction-wedge
22:51:40 | INFO: Blender create Mesh node MESH-armor-block-04506299cdccdc3362d3-junction-lower-navy-shoe
22:51:40 | INFO: Blender create Mesh node MESH-armor-block-04506299cdccdc3362d3-junction-upper-navy-shoul
22:51:40 | INFO: Blender create Mesh node MESH-armor-block-04506299cdccdc3362d3-junction-wrapped-pale-con
22:51:40 | INFO: glTF import finished in 0.00s
22:51:40 | INFO: Data are loaded, start creating Blender stuff
22:51:40 | INFO: Blender create Mesh node MESH-armor-block-b9889f7ac1379ef477d3-closed-junction-wedge
22:51:40 | INFO: Blender create Mesh node MESH-armor-block-b9889f7ac1379ef477d3-junction-lower-navy-shoe
22:51:40 | INFO: Blender create Mesh node MESH-armor-block-b9889f7ac1379ef477d3-junction-upper-navy-shoul
22:51:40 | INFO: Blender create Mesh node MESH-armor-block-b9889f7ac1379ef477d3-junction-wrapped-pale-con
22:51:40 | INFO: glTF import finished in 0.00s
22:51:40 | INFO: Data are loaded, start creating Blender stuff
22:51:40 | INFO: Blender create Mesh node MESH-armor-block-70b34597548b284a0a7f-closed-junction-wedge
22:51:40 | INFO: Blender create Mesh node MESH-armor-block-70b34597548b284a0a7f-junction-lower-navy-shoe
22:51:40 | INFO: Blender create Mesh node MESH-armor-block-70b34597548b284a0a7f-junction-upper-navy-shoul
22:51:40 | INFO: Blender create Mesh node MESH-armor-block-70b34597548b284a0a7f-junction-wrapped-pale-con
22:51:40 | INFO: glTF import finished in 0.00s
22:51:40 | INFO: Data are loaded, start creating Blender stuff
22:51:40 | INFO: Blender create Mesh node MESH-armor-block-e465b7594b2433a77396-closed-junction-wedge
22:51:40 | INFO: Blender create Mesh node MESH-armor-block-e465b7594b2433a77396-junction-lower-navy-shoe
22:51:40 | INFO: Blender create Mesh node MESH-armor-block-e465b7594b2433a77396-junction-upper-navy-shoul
22:51:40 | INFO: Blender create Mesh node MESH-armor-block-e465b7594b2433a77396-junction-wrapped-pale-con
22:51:40 | INFO: glTF import finished in 0.00s
22:51:40 | INFO: Data are loaded, start creating Blender stuff
22:51:40 | INFO: Blender create Mesh node MESH-armor-block-c3e51deb6848ddb10001-closed-junction-wedge
22:51:40 | INFO: Blender create Mesh node MESH-armor-block-c3e51deb6848ddb10001-junction-lower-navy-shoe
22:51:40 | INFO: Blender create Mesh node MESH-armor-block-c3e51deb6848ddb10001-junction-upper-navy-shoul
22:51:40 | INFO: Blender create Mesh node MESH-armor-block-c3e51deb6848ddb10001-junction-wrapped-pale-con
22:51:40 | INFO: glTF import finished in 0.00s
22:51:40 | INFO: Data are loaded, start creating Blender stuff
22:51:40 | INFO: Blender create Mesh node MESH-armor-block-b8ebf4aa6991e098a6d3-closed-junction-wedge
22:51:40 | INFO: Blender create Mesh node MESH-armor-block-b8ebf4aa6991e098a6d3-junction-lower-navy-shoe
22:51:40 | INFO: Blender create Mesh node MESH-armor-block-b8ebf4aa6991e098a6d3-junction-upper-navy-shoul
22:51:40 | INFO: Blender create Mesh node MESH-armor-block-b8ebf4aa6991e098a6d3-junction-wrapped-pale-con
22:51:40 | INFO: glTF import finished in 0.01s
22:51:40 | INFO: Data are loaded, start creating Blender stuff
22:51:40 | INFO: Blender create Mesh node MESH-armor-block-bdffe58423963910d02b-closed-junction-wedge
22:51:40 | INFO: Blender create Mesh node MESH-armor-block-bdffe58423963910d02b-junction-lower-navy-shoe
22:51:40 | INFO: Blender create Mesh node MESH-armor-block-bdffe58423963910d02b-junction-upper-navy-shoul
22:51:40 | INFO: Blender create Mesh node MESH-armor-block-bdffe58423963910d02b-junction-wrapped-pale-con
22:51:40 | INFO: glTF import finished in 0.00s
22:51:40 | INFO: Data are loaded, start creating Blender stuff
22:51:40 | INFO: Blender create Mesh node MESH-armor-block-098c86a675e3e951ace9-closed-junction-wedge
22:51:40 | INFO: Blender create Mesh node MESH-armor-block-098c86a675e3e951ace9-junction-lower-navy-shoe
22:51:40 | INFO: Blender create Mesh node MESH-armor-block-098c86a675e3e951ace9-junction-upper-navy-shoul
22:51:40 | INFO: Blender create Mesh node MESH-armor-block-098c86a675e3e951ace9-junction-wrapped-pale-con
22:51:40 | INFO: glTF import finished in 0.01s
22:51:40 | INFO: Data are loaded, start creating Blender stuff
22:51:40 | INFO: Blender create Mesh node MESH-armor-block-0f4edf0963be28b7952b-closed-junction-wedge
22:51:40 | INFO: Blender create Mesh node MESH-armor-block-0f4edf0963be28b7952b-junction-lower-navy-shoe
22:51:40 | INFO: Blender create Mesh node MESH-armor-block-0f4edf0963be28b7952b-junction-upper-navy-shoul
22:51:40 | INFO: Blender create Mesh node MESH-armor-block-0f4edf0963be28b7952b-junction-wrapped-pale-con
22:51:40 | INFO: glTF import finished in 0.01s
22:51:40 | INFO: Data are loaded, start creating Blender stuff
22:51:40 | INFO: Blender create Mesh node MESH-armor-block-eae57557166988330b70-closed-junction-wedge
22:51:40 | INFO: Blender create Mesh node MESH-armor-block-eae57557166988330b70-junction-lower-navy-shoe
22:51:40 | INFO: Blender create Mesh node MESH-armor-block-eae57557166988330b70-junction-upper-navy-shoul
22:51:40 | INFO: Blender create Mesh node MESH-armor-block-eae57557166988330b70-junction-wrapped-pale-con
22:51:40 | INFO: glTF import finished in 0.00s
22:51:40 | INFO: Data are loaded, start creating Blender stuff
22:51:40 | INFO: Blender create Mesh node MESH-armor-block-54094cde041737badaf2-closed-junction-wedge
22:51:40 | INFO: Blender create Mesh node MESH-armor-block-54094cde041737badaf2-junction-lower-navy-shoe
22:51:40 | INFO: Blender create Mesh node MESH-armor-block-54094cde041737badaf2-junction-upper-navy-shoul
22:51:40 | INFO: Blender create Mesh node MESH-armor-block-54094cde041737badaf2-junction-wrapped-pale-con
22:51:40 | INFO: glTF import finished in 0.01s
22:51:40 | INFO: Data are loaded, start creating Blender stuff
22:51:40 | INFO: Blender create Mesh node MESH-armor-block-2cce8582f894eec65110-closed-junction-wedge
22:51:40 | INFO: Blender create Mesh node MESH-armor-block-2cce8582f894eec65110-junction-lower-navy-shoe
22:51:40 | INFO: Blender create Mesh node MESH-armor-block-2cce8582f894eec65110-junction-upper-navy-shoul
22:51:40 | INFO: Blender create Mesh node MESH-armor-block-2cce8582f894eec65110-junction-wrapped-pale-con
22:51:40 | INFO: glTF import finished in 0.01s
Fra:1 Mem:37.08M (Peak 37.08M) | Time:00:00.00 | Mem:0.00M, Peak:0.00M | Scene, ViewLayer | Synchronizing object | GEO-armor-block-bb2e153a868e9214017f--BACKING--closed-junction-
Fra:1 Mem:37.08M (Peak 37.08M) | Time:00:00.00 | Mem:0.00M, Peak:0.00M | Scene, ViewLayer | Synchronizing object | GEO-armor-block-bb2e153a868e9214017f--FINISH--junction-upper-na
Fra:1 Mem:37.10M (Peak 37.10M) | Time:00:00.00 | Mem:0.00M, Peak:0.00M | Scene, ViewLayer | Synchronizing object | GEO-armor-block-bb2e153a868e9214017f--FINISH--junction-wrapped-
Fra:1 Mem:37.11M (Peak 37.11M) | Time:00:00.00 | Mem:0.00M, Peak:0.00M | Scene, ViewLayer | Synchronizing object | GEO-armor-block-b5debfc1efb6816ed06d--FINISH--junction-lower-na
Fra:1 Mem:37.13M (Peak 37.13M) | Time:00:00.00 | Mem:0.00M, Peak:0.00M | Scene, ViewLayer | Synchronizing object | GEO-armor-block-b5debfc1efb6816ed06d--FINISH--junction-upper-na
Fra:1 Mem:37.14M (Peak 37.14M) | Time:00:00.00 | Mem:0.00M, Peak:0.00M | Scene, ViewLayer | Synchronizing object | GEO-armor-block-b5debfc1efb6816ed06d--FINISH--junction-wrapped-
Fra:1 Mem:37.14M (Peak 37.14M) | Time:00:00.00 | Mem:0.00M, Peak:0.00M | Scene, ViewLayer | Synchronizing object | GEO-armor-block-19cb454187f2b808d0f7--BACKING--closed-junction-
Fra:1 Mem:37.16M (Peak 37.16M) | Time:00:00.00 | Mem:0.00M, Peak:0.00M | Scene, ViewLayer | Synchronizing object | GEO-armor-block-19cb454187f2b808d0f7--FINISH--junction-lower-na
Fra:1 Mem:37.15M (Peak 37.16M) | Time:00:00.00 | Mem:0.00M, Peak:0.00M | Scene, ViewLayer | Synchronizing object | GEO-armor-block-19cb454187f2b808d0f7--FINISH--junction-upper-na
Fra:1 Mem:37.16M (Peak 37.16M) | Time:00:00.00 | Mem:0.00M, Peak:0.00M | Scene, ViewLayer | Synchronizing object | GEO-armor-block-19cb454187f2b808d0f7--FINISH--junction-wrapped-
Fra:1 Mem:37.17M (Peak 37.17M) | Time:00:00.00 | Mem:0.00M, Peak:0.00M | Scene, ViewLayer | Synchronizing object | GEO-armor-block-8c601c2467812dda7c97--BACKING--closed-junction-
Fra:1 Mem:37.19M (Peak 37.19M) | Time:00:00.00 | Mem:0.00M, Peak:0.00M | Scene, ViewLayer | Synchronizing object | GEO-armor-block-2cce8582f894eec65110--FINISH--junction-wrapped-
Fra:1 Mem:37.17M (Peak 37.19M) | Time:00:00.00 | Mem:0.00M, Peak:0.00M | Scene, ViewLayer | Synchronizing object | GEO-armor-block-8c601c2467812dda7c97--FINISH--junction-wrapped-
Fra:1 Mem:37.20M (Peak 37.20M) | Time:00:00.00 | Mem:0.00M, Peak:0.00M | Scene, ViewLayer | Synchronizing object | GEO-armor-block-04506299cdccdc3362d3--BACKING--closed-junction-
Fra:1 Mem:37.21M (Peak 37.21M) | Time:00:00.00 | Mem:0.00M, Peak:0.00M | Scene, ViewLayer | Synchronizing object | GEO-armor-block-04506299cdccdc3362d3--FINISH--junction-lower-na
Fra:1 Mem:37.21M (Peak 37.21M) | Time:00:00.00 | Mem:0.00M, Peak:0.00M | Scene, ViewLayer | Synchronizing object | GEO-armor-block-04506299cdccdc3362d3--FINISH--junction-upper-na
Fra:1 Mem:37.23M (Peak 37.23M) | Time:00:00.00 | Mem:0.00M, Peak:0.00M | Scene, ViewLayer | Synchronizing object | GEO-armor-block-04506299cdccdc3362d3--FINISH--junction-wrapped-
Fra:1 Mem:37.23M (Peak 37.23M) | Time:00:00.00 | Mem:0.00M, Peak:0.00M | Scene, ViewLayer | Synchronizing object | GEO-armor-block-2cce8582f894eec65110--FINISH--junction-upper-na
Fra:1 Mem:37.23M (Peak 37.23M) | Time:00:00.00 | Mem:0.00M, Peak:0.00M | Scene, ViewLayer | Synchronizing object | GEO-armor-block-b9889f7ac1379ef477d3--BACKING--closed-junction-
Fra:1 Mem:37.23M (Peak 37.23M) | Time:00:00.00 | Mem:0.00M, Peak:0.00M | Scene, ViewLayer | Synchronizing object | GEO-armor-block-b9889f7ac1379ef477d3--FINISH--junction-lower-na
Fra:1 Mem:37.25M (Peak 37.25M) | Time:00:00.00 | Mem:0.00M, Peak:0.00M | Scene, ViewLayer | Synchronizing object | GEO-armor-block-b9889f7ac1379ef477d3--FINISH--junction-upper-na
Fra:1 Mem:37.25M (Peak 37.25M) | Time:00:00.00 | Mem:0.00M, Peak:0.00M | Scene, ViewLayer | Synchronizing object | GEO-armor-block-2cce8582f894eec65110--FINISH--junction-lower-na
Fra:1 Mem:37.26M (Peak 37.26M) | Time:00:00.00 | Mem:0.00M, Peak:0.00M | Scene, ViewLayer | Synchronizing object | GEO-armor-block-b9889f7ac1379ef477d3--FINISH--junction-wrapped-
Fra:1 Mem:37.26M (Peak 37.26M) | Time:00:00.00 | Mem:0.00M, Peak:0.00M | Scene, ViewLayer | Synchronizing object | GEO-armor-block-70b34597548b284a0a7f--BACKING--closed-junction-
Fra:1 Mem:37.27M (Peak 37.27M) | Time:00:00.00 | Mem:0.00M, Peak:0.00M | Scene, ViewLayer | Synchronizing object | GEO-armor-block-70b34597548b284a0a7f--FINISH--junction-lower-na
Fra:1 Mem:37.27M (Peak 37.27M) | Time:00:00.00 | Mem:0.00M, Peak:0.00M | Scene, ViewLayer | Synchronizing object | GEO-armor-block-2cce8582f894eec65110--BACKING--closed-junction-
Fra:1 Mem:37.28M (Peak 37.28M) | Time:00:00.00 | Mem:0.00M, Peak:0.00M | Scene, ViewLayer | Synchronizing object | GEO-armor-block-70b34597548b284a0a7f--FINISH--junction-upper-na
Fra:1 Mem:37.29M (Peak 37.29M) | Time:00:00.00 | Mem:0.00M, Peak:0.00M | Scene, ViewLayer | Synchronizing object | GEO-armor-block-70b34597548b284a0a7f--FINISH--junction-wrapped-
Fra:1 Mem:37.29M (Peak 37.29M) | Time:00:00.00 | Mem:0.00M, Peak:0.00M | Scene, ViewLayer | Synchronizing object | GEO-armor-block-e465b7594b2433a77396--BACKING--closed-junction-
Fra:1 Mem:37.30M (Peak 37.30M) | Time:00:00.00 | Mem:0.00M, Peak:0.00M | Scene, ViewLayer | Synchronizing object | GEO-armor-block-54094cde041737badaf2--FINISH--junction-wrapped-
Fra:1 Mem:37.30M (Peak 37.30M) | Time:00:00.00 | Mem:0.00M, Peak:0.00M | Scene, ViewLayer | Synchronizing object | GEO-armor-block-e465b7594b2433a77396--FINISH--junction-lower-na
Fra:1 Mem:37.32M (Peak 37.32M) | Time:00:00.00 | Mem:0.00M, Peak:0.00M | Scene, ViewLayer | Synchronizing object | GEO-armor-block-e465b7594b2433a77396--FINISH--junction-upper-na
Fra:1 Mem:37.31M (Peak 37.32M) | Time:00:00.00 | Mem:0.00M, Peak:0.00M | Scene, ViewLayer | Synchronizing object | GEO-armor-block-e465b7594b2433a77396--FINISH--junction-wrapped-
Fra:1 Mem:37.32M (Peak 37.32M) | Time:00:00.00 | Mem:0.00M, Peak:0.00M | Scene, ViewLayer | Synchronizing object | GEO-armor-block-54094cde041737badaf2--FINISH--junction-upper-na
Fra:1 Mem:37.33M (Peak 37.33M) | Time:00:00.00 | Mem:0.00M, Peak:0.00M | Scene, ViewLayer | Synchronizing object | GEO-armor-block-c3e51deb6848ddb10001--BACKING--closed-junction-
Fra:1 Mem:37.33M (Peak 37.33M) | Time:00:00.00 | Mem:0.00M, Peak:0.00M | Scene, ViewLayer | Synchronizing object | GEO-armor-block-c3e51deb6848ddb10001--FINISH--junction-upper-na
Fra:1 Mem:37.36M (Peak 37.36M) | Time:00:00.00 | Mem:0.00M, Peak:0.00M | Scene, ViewLayer | Synchronizing object | GEO-armor-block-54094cde041737badaf2--FINISH--junction-lower-na
Fra:1 Mem:37.37M (Peak 37.37M) | Time:00:00.00 | Mem:0.00M, Peak:0.00M | Scene, ViewLayer | Synchronizing object | GEO-armor-block-c3e51deb6848ddb10001--FINISH--junction-wrapped-
Fra:1 Mem:37.37M (Peak 37.37M) | Time:00:00.00 | Mem:0.00M, Peak:0.00M | Scene, ViewLayer | Synchronizing object | GEO-armor-block-b8ebf4aa6991e098a6d3--BACKING--closed-junction-
Fra:1 Mem:37.37M (Peak 37.37M) | Time:00:00.00 | Mem:0.00M, Peak:0.00M | Scene, ViewLayer | Synchronizing object | GEO-armor-block-b8ebf4aa6991e098a6d3--FINISH--junction-lower-na
Fra:1 Mem:37.38M (Peak 37.38M) | Time:00:00.00 | Mem:0.00M, Peak:0.00M | Scene, ViewLayer | Synchronizing object | GEO-armor-block-54094cde041737badaf2--BACKING--closed-junction-
Fra:1 Mem:37.37M (Peak 37.38M) | Time:00:00.00 | Mem:0.00M, Peak:0.00M | Scene, ViewLayer | Synchronizing object | GEO-armor-block-b8ebf4aa6991e098a6d3--FINISH--junction-upper-na
Fra:1 Mem:37.38M (Peak 37.38M) | Time:00:00.00 | Mem:0.00M, Peak:0.00M | Scene, ViewLayer | Synchronizing object | GEO-armor-block-b8ebf4aa6991e098a6d3--FINISH--junction-wrapped-
Fra:1 Mem:37.39M (Peak 37.39M) | Time:00:00.00 | Mem:0.00M, Peak:0.00M | Scene, ViewLayer | Synchronizing object | GEO-armor-block-bdffe58423963910d02b--BACKING--closed-junction-
Fra:1 Mem:37.40M (Peak 37.40M) | Time:00:00.00 | Mem:0.00M, Peak:0.00M | Scene, ViewLayer | Synchronizing object | GEO-armor-block-eae57557166988330b70--FINISH--junction-wrapped-
Fra:1 Mem:37.39M (Peak 37.40M) | Time:00:00.00 | Mem:0.00M, Peak:0.00M | Scene, ViewLayer | Synchronizing object | GEO-armor-block-bdffe58423963910d02b--FINISH--junction-upper-na
Fra:1 Mem:37.40M (Peak 37.40M) | Time:00:00.00 | Mem:0.00M, Peak:0.00M | Scene, ViewLayer | Synchronizing object | GEO-armor-block-bdffe58423963910d02b--FINISH--junction-wrapped-
Fra:1 Mem:37.43M (Peak 37.43M) | Time:00:00.00 | Mem:0.00M, Peak:0.00M | Scene, ViewLayer | Synchronizing object | GEO-armor-block-eae57557166988330b70--FINISH--junction-upper-na
Fra:1 Mem:37.43M (Peak 37.43M) | Time:00:00.00 | Mem:0.00M, Peak:0.00M | Scene, ViewLayer | Synchronizing object | GEO-armor-block-098c86a675e3e951ace9--BACKING--closed-junction-
Fra:1 Mem:37.43M (Peak 37.43M) | Time:00:00.00 | Mem:0.00M, Peak:0.00M | Scene, ViewLayer | Synchronizing object | GEO-armor-block-098c86a675e3e951ace9--FINISH--junction-upper-na
Fra:1 Mem:37.43M (Peak 37.43M) | Time:00:00.00 | Mem:0.00M, Peak:0.00M | Scene, ViewLayer | Synchronizing object | GEO-armor-block-eae57557166988330b70--FINISH--junction-lower-na
Fra:1 Mem:37.46M (Peak 37.46M) | Time:00:00.00 | Mem:0.00M, Peak:0.00M | Scene, ViewLayer | Synchronizing object | GEO-armor-block-098c86a675e3e951ace9--FINISH--junction-wrapped-
Fra:1 Mem:37.46M (Peak 37.46M) | Time:00:00.00 | Mem:0.00M, Peak:0.00M | Scene, ViewLayer | Synchronizing object | GEO-armor-block-eae57557166988330b70--BACKING--closed-junction-
Fra:1 Mem:37.46M (Peak 37.46M) | Time:00:00.00 | Mem:0.00M, Peak:0.00M | Scene, ViewLayer | Synchronizing object | GEO-armor-block-0f4edf0963be28b7952b--BACKING--closed-junction-
Fra:1 Mem:37.48M (Peak 37.48M) | Time:00:00.00 | Mem:0.00M, Peak:0.00M | Scene, ViewLayer | Synchronizing object | GEO-armor-block-0f4edf0963be28b7952b--FINISH--junction-lower-na
Fra:1 Mem:37.47M (Peak 37.48M) | Time:00:00.00 | Mem:0.00M, Peak:0.00M | Scene, ViewLayer | Synchronizing object | GEO-armor-block-0f4edf0963be28b7952b--FINISH--junction-upper-na
Fra:1 Mem:37.47M (Peak 37.48M) | Time:00:00.00 | Mem:0.00M, Peak:0.00M | Scene, ViewLayer | Synchronizing object | GEO-armor-block-0f4edf0963be28b7952b--FINISH--junction-wrapped-
Fra:1 Mem:37.48M (Peak 37.48M) | Time:00:00.00 | Mem:0.00M, Peak:0.00M | Scene, ViewLayer | Initializing
Fra:1 Mem:37.22M (Peak 37.48M) | Time:00:00.00 | Mem:0.00M, Peak:0.00M | Scene, ViewLayer | Updating Images | Loading armor-basecolor
Fra:1 Mem:37.22M (Peak 37.48M) | Time:00:00.00 | Mem:0.00M, Peak:0.00M | Scene, ViewLayer | Updating Images | Loading armor-normal.015
Fra:1 Mem:69.26M (Peak 77.26M) | Time:00:00.05 | Mem:4.00M, Peak:4.00M | Scene, ViewLayer | Updating Images | Loading armor-basecolor.001
Fra:1 Mem:73.26M (Peak 81.27M) | Time:00:00.05 | Mem:8.00M, Peak:8.00M | Scene, ViewLayer | Updating Images | Loading armor-roughness.001
Fra:1 Mem:69.25M (Peak 81.27M) | Time:00:00.05 | Mem:12.00M, Peak:12.00M | Scene, ViewLayer | Updating Images | Loading armor-roughness.015
Fra:1 Mem:65.24M (Peak 81.27M) | Time:00:00.05 | Mem:16.00M, Peak:16.00M | Scene, ViewLayer | Updating Images | Loading armor-normal.001
Fra:1 Mem:89.27M (Peak 97.28M) | Time:00:00.08 | Mem:20.00M, Peak:20.00M | Scene, ViewLayer | Updating Images | Loading armor-basecolor.002
Fra:1 Mem:85.26M (Peak 97.28M) | Time:00:00.08 | Mem:24.00M, Peak:24.00M | Scene, ViewLayer | Updating Images | Loading armor-basecolor.015
Fra:1 Mem:77.25M (Peak 97.28M) | Time:00:00.08 | Mem:28.00M, Peak:28.00M | Scene, ViewLayer | Updating Images | Loading armor-roughness.002
Fra:1 Mem:85.25M (Peak 97.28M) | Time:00:00.09 | Mem:32.00M, Peak:32.00M | Scene, ViewLayer | Updating Images | Loading armor-normal.002
Fra:1 Mem:97.26M (Peak 105.27M) | Time:00:00.09 | Mem:36.00M, Peak:36.00M | Scene, ViewLayer | Updating Images | Loading armor-basecolor.003
Fra:1 Mem:93.25M (Peak 105.27M) | Time:00:00.09 | Mem:40.00M, Peak:40.00M | Scene, ViewLayer | Updating Images | Loading armor-normal.014
Fra:1 Mem:97.25M (Peak 105.27M) | Time:00:00.11 | Mem:44.00M, Peak:44.00M | Scene, ViewLayer | Updating Images | Loading armor-roughness.003
Fra:1 Mem:109.26M (Peak 117.27M) | Time:00:00.11 | Mem:48.00M, Peak:48.00M | Scene, ViewLayer | Updating Images | Loading armor-roughness.014
Fra:1 Mem:101.25M (Peak 117.27M) | Time:00:00.11 | Mem:52.00M, Peak:52.00M | Scene, ViewLayer | Updating Images | Loading armor-normal.003
Fra:1 Mem:109.25M (Peak 117.27M) | Time:00:00.12 | Mem:56.00M, Peak:56.00M | Scene, ViewLayer | Updating Images | Loading armor-basecolor.004
Fra:1 Mem:121.26M (Peak 129.27M) | Time:00:00.13 | Mem:60.00M, Peak:60.00M | Scene, ViewLayer | Updating Images | Loading armor-roughness.004
Fra:1 Mem:117.25M (Peak 129.27M) | Time:00:00.13 | Mem:64.00M, Peak:64.00M | Scene, ViewLayer | Updating Images | Loading armor-basecolor.014
Fra:1 Mem:125.25M (Peak 133.26M) | Time:00:00.14 | Mem:68.00M, Peak:68.00M | Scene, ViewLayer | Updating Images | Loading armor-normal.004
Fra:1 Mem:129.25M (Peak 137.26M) | Time:00:00.14 | Mem:72.00M, Peak:72.00M | Scene, ViewLayer | Updating Images | Loading armor-basecolor.005
Fra:1 Mem:125.24M (Peak 137.26M) | Time:00:00.15 | Mem:76.00M, Peak:76.00M | Scene, ViewLayer | Updating Images | Loading armor-roughness.005
Fra:1 Mem:129.24M (Peak 137.26M) | Time:00:00.15 | Mem:80.00M, Peak:80.00M | Scene, ViewLayer | Updating Images | Loading armor-normal.013
Fra:1 Mem:133.24M (Peak 141.25M) | Time:00:00.15 | Mem:84.00M, Peak:84.00M | Scene, ViewLayer | Updating Images | Loading armor-normal.005
Fra:1 Mem:157.27M (Peak 165.28M) | Time:00:00.19 | Mem:88.00M, Peak:88.00M | Scene, ViewLayer | Updating Images | Loading armor-basecolor.006
Fra:1 Mem:157.26M (Peak 165.28M) | Time:00:00.19 | Mem:92.00M, Peak:92.00M | Scene, ViewLayer | Updating Images | Loading armor-roughness.006
Fra:1 Mem:153.25M (Peak 165.28M) | Time:00:00.19 | Mem:96.00M, Peak:96.00M | Scene, ViewLayer | Updating Images | Loading armor-normal.006
Fra:1 Mem:149.24M (Peak 165.28M) | Time:00:00.19 | Mem:100.00M, Peak:100.00M | Scene, ViewLayer | Updating Images | Loading armor-roughness.013
Fra:1 Mem:153.24M (Peak 165.28M) | Time:00:00.20 | Mem:104.00M, Peak:104.00M | Scene, ViewLayer | Updating Images | Loading armor-basecolor.007
Fra:1 Mem:165.26M (Peak 173.27M) | Time:00:00.24 | Mem:108.00M, Peak:108.00M | Scene, ViewLayer | Updating Images | Loading armor-roughness.007
Fra:1 Mem:169.25M (Peak 177.26M) | Time:00:00.24 | Mem:112.00M, Peak:112.00M | Scene, ViewLayer | Updating Images | Loading armor-normal.007
Fra:1 Mem:165.24M (Peak 177.26M) | Time:00:00.25 | Mem:116.00M, Peak:116.00M | Scene, ViewLayer | Updating Images | Loading armor-basecolor.013
Fra:1 Mem:177.25M (Peak 185.26M) | Time:00:00.25 | Mem:120.00M, Peak:120.00M | Scene, ViewLayer | Updating Images | Loading armor-basecolor.008
Fra:1 Mem:173.24M (Peak 185.26M) | Time:00:00.26 | Mem:124.00M, Peak:124.00M | Scene, ViewLayer | Updating Images | Loading armor-roughness.008
Fra:1 Mem:185.25M (Peak 193.26M) | Time:00:00.26 | Mem:128.00M, Peak:128.00M | Scene, ViewLayer | Updating Images | Loading armor-normal.012
Fra:1 Mem:181.24M (Peak 193.26M) | Time:00:00.27 | Mem:132.00M, Peak:132.00M | Scene, ViewLayer | Updating Images | Loading armor-normal.008
Fra:1 Mem:193.25M (Peak 201.26M) | Time:00:00.29 | Mem:136.00M, Peak:136.00M | Scene, ViewLayer | Updating Images | Loading armor-basecolor.009
Fra:1 Mem:201.26M (Peak 209.27M) | Time:00:00.29 | Mem:140.00M, Peak:140.00M | Scene, ViewLayer | Updating Images | Loading armor-roughness.009
Fra:1 Mem:201.25M (Peak 209.27M) | Time:00:00.29 | Mem:144.00M, Peak:144.00M | Scene, ViewLayer | Updating Images | Loading armor-roughness.012
Fra:1 Mem:197.24M (Peak 209.27M) | Time:00:00.30 | Mem:148.00M, Peak:148.00M | Scene, ViewLayer | Updating Images | Loading armor-normal.009
Fra:1 Mem:225.27M (Peak 233.28M) | Time:00:00.33 | Mem:152.00M, Peak:152.00M | Scene, ViewLayer | Updating Images | Loading armor-basecolor.012
Fra:1 Mem:213.25M (Peak 233.28M) | Time:00:00.33 | Mem:160.00M, Peak:160.00M | Scene, ViewLayer | Updating Images | Loading armor-basecolor.010
Fra:1 Mem:217.25M (Peak 233.28M) | Time:00:00.33 | Mem:160.00M, Peak:160.00M | Scene, ViewLayer | Updating Images | Loading armor-roughness.010
Fra:1 Mem:213.24M (Peak 233.28M) | Time:00:00.33 | Mem:164.00M, Peak:164.00M | Scene, ViewLayer | Updating Images | Loading armor-normal.010
Fra:1 Mem:237.27M (Peak 245.28M) | Time:00:00.35 | Mem:168.00M, Peak:168.00M | Scene, ViewLayer | Updating Images | Loading armor-basecolor.011
Fra:1 Mem:237.26M (Peak 245.28M) | Time:00:00.36 | Mem:172.00M, Peak:172.00M | Scene, ViewLayer | Updating Images | Loading armor-roughness.011
Fra:1 Mem:233.25M (Peak 245.28M) | Time:00:00.36 | Mem:176.00M, Peak:176.00M | Scene, ViewLayer | Updating Images | Loading armor-normal.011
Fra:1 Mem:225.48M (Peak 261.28M) | Time:00:00.43 | Mem:192.00M, Peak:192.00M | Scene, ViewLayer | Waiting for render to start
Fra:1 Mem:225.48M (Peak 261.28M) | Time:00:00.43 | Mem:192.00M, Peak:192.00M | Scene, ViewLayer | Loading render kernels (may take a few minutes the first time)
Fra:1 Mem:225.48M (Peak 261.28M) | Time:00:00.43 | Mem:192.00M, Peak:192.00M | Scene, ViewLayer | Updating Scene
Fra:1 Mem:225.48M (Peak 261.28M) | Time:00:00.43 | Mem:192.00M, Peak:192.00M | Scene, ViewLayer | Updating Shaders
Fra:1 Mem:225.58M (Peak 261.28M) | Time:00:00.43 | Mem:192.01M, Peak:192.01M | Scene, ViewLayer | Updating Procedurals
Fra:1 Mem:225.58M (Peak 261.28M) | Time:00:00.43 | Mem:192.01M, Peak:192.01M | Scene, ViewLayer | Updating Background
Fra:1 Mem:225.58M (Peak 261.28M) | Time:00:00.43 | Mem:192.01M, Peak:192.01M | Scene, ViewLayer | Updating Camera
Fra:1 Mem:225.58M (Peak 261.28M) | Time:00:00.43 | Mem:192.01M, Peak:192.01M | Scene, ViewLayer | Updating Meshes Flags
Fra:1 Mem:225.58M (Peak 261.28M) | Time:00:00.43 | Mem:192.01M, Peak:192.01M | Scene, ViewLayer | Updating Objects
Fra:1 Mem:225.58M (Peak 261.28M) | Time:00:00.43 | Mem:192.01M, Peak:192.01M | Scene, ViewLayer | Updating Objects | Copying Transformations to device
Fra:1 Mem:225.59M (Peak 261.28M) | Time:00:00.43 | Mem:192.03M, Peak:192.03M | Scene, ViewLayer | Updating Objects | Applying Static Transformations
Fra:1 Mem:225.59M (Peak 261.28M) | Time:00:00.43 | Mem:192.03M, Peak:192.03M | Scene, ViewLayer | Updating Particle Systems
Fra:1 Mem:225.59M (Peak 261.28M) | Time:00:00.43 | Mem:192.03M, Peak:192.03M | Scene, ViewLayer | Updating Particle Systems | Copying Particles to device
Fra:1 Mem:225.59M (Peak 261.28M) | Time:00:00.43 | Mem:192.03M, Peak:192.03M | Scene, ViewLayer | Updating Meshes
Fra:1 Mem:225.62M (Peak 261.28M) | Time:00:00.44 | Mem:192.03M, Peak:192.03M | Scene, ViewLayer | Updating Mesh | Computing attributes
Fra:1 Mem:225.80M (Peak 261.28M) | Time:00:00.44 | Mem:192.04M, Peak:192.04M | Scene, ViewLayer | Updating Mesh | Copying Attributes to device
Fra:1 Mem:225.78M (Peak 261.28M) | Time:00:00.44 | Mem:192.19M, Peak:192.19M | Scene, ViewLayer | Updating Scene BVH | Building
Fra:1 Mem:225.78M (Peak 261.28M) | Time:00:00.44 | Mem:192.19M, Peak:192.19M | Scene, ViewLayer | Updating Scene BVH | Building BVH
Fra:1 Mem:225.78M (Peak 261.28M) | Time:00:00.44 | Mem:192.24M, Peak:192.24M | Scene, ViewLayer | Updating Scene BVH | Building BVH 0%
Fra:1 Mem:225.78M (Peak 261.28M) | Time:00:00.44 | Mem:192.29M, Peak:192.33M | Scene, ViewLayer | Updating Scene BVH | Copying BVH to device
Fra:1 Mem:225.78M (Peak 261.28M) | Time:00:00.44 | Mem:192.29M, Peak:192.33M | Scene, ViewLayer | Updating Mesh | Computing normals
Fra:1 Mem:225.95M (Peak 261.28M) | Time:00:00.44 | Mem:192.29M, Peak:192.33M | Scene, ViewLayer | Updating Mesh | Copying Mesh to device
Fra:1 Mem:225.95M (Peak 261.28M) | Time:00:00.44 | Mem:192.45M, Peak:192.45M | Scene, ViewLayer | Updating Objects Flags
Fra:1 Mem:225.95M (Peak 261.28M) | Time:00:00.44 | Mem:192.45M, Peak:192.45M | Scene, ViewLayer | Updating Primitive Offsets
Fra:1 Mem:225.95M (Peak 261.28M) | Time:00:00.44 | Mem:192.45M, Peak:192.45M | Scene, ViewLayer | Updating Images
Fra:1 Mem:225.95M (Peak 261.28M) | Time:00:00.44 | Mem:192.45M, Peak:192.45M | Scene, ViewLayer | Updating Camera Volume
Fra:1 Mem:225.95M (Peak 261.28M) | Time:00:00.44 | Mem:192.45M, Peak:192.45M | Scene, ViewLayer | Updating Lookup Tables
Fra:1 Mem:225.95M (Peak 261.28M) | Time:00:00.44 | Mem:192.53M, Peak:192.53M | Scene, ViewLayer | Updating Lights
Fra:1 Mem:225.95M (Peak 261.28M) | Time:00:00.44 | Mem:192.54M, Peak:192.54M | Scene, ViewLayer | Updating Lights | Computing tree
Fra:1 Mem:225.95M (Peak 261.28M) | Time:00:00.44 | Mem:192.54M, Peak:192.54M | Scene, ViewLayer | Updating Integrator
Fra:1 Mem:225.95M (Peak 261.28M) | Time:00:00.44 | Mem:192.54M, Peak:192.54M | Scene, ViewLayer | Updating Film
Fra:1 Mem:225.95M (Peak 261.28M) | Time:00:00.44 | Mem:192.46M, Peak:192.54M | Scene, ViewLayer | Updating Lookup Tables
Fra:1 Mem:225.95M (Peak 261.28M) | Time:00:00.44 | Mem:192.54M, Peak:192.54M | Scene, ViewLayer | Updating Baking
Fra:1 Mem:225.95M (Peak 261.28M) | Time:00:00.44 | Mem:192.54M, Peak:192.54M | Scene, ViewLayer | Updating Device | Writing constant memory
Fra:1 Mem:225.96M (Peak 261.28M) | Time:00:00.44 | Mem:192.54M, Peak:192.54M | Scene, ViewLayer | Sample 0/64
Fra:1 Mem:263.05M (Peak 263.05M) | Time:00:00.57 | Remaining:00:08.35 | Mem:229.63M, Peak:229.63M | Scene, ViewLayer | Sample 1/64
Fra:1 Mem:279.53M (Peak 312.49M) | Time:00:03.45 | Mem:229.63M, Peak:229.63M | Scene, ViewLayer | Sample 64/64
Fra:1 Mem:279.53M (Peak 312.49M) | Time:00:03.45 | Mem:229.63M, Peak:229.63M | Scene, ViewLayer | Finished
Saved: '/root/sidereal_spacetime/assets/art-library/framed-wayfarer/r005/family-03/renders/junction-registry.png'
Time: 00:03.62 (Saving: 00:00.16)

22:51:43 | INFO: Data are loaded, start creating Blender stuff
22:51:43 | INFO: Blender create Mesh node MESH-armor-block-975ae6c56dd5c22ae720-closed-incoming-wrapped-b
22:51:43 | INFO: Blender create Mesh node MESH-armor-block-975ae6c56dd5c22ae720-closed-outgoing-wrapped-b
22:51:44 | INFO: Blender create Mesh node MESH-armor-block-975ae6c56dd5c22ae720-closed-solid-body
22:51:44 | INFO: Blender create Mesh node MESH-armor-block-975ae6c56dd5c22ae720-interchangeable-plain-fac
22:51:44 | INFO: Blender create Mesh node MESH-armor-block-975ae6c56dd5c22ae720-lower-impact-rail
22:51:44 | INFO: Blender create Mesh node MESH-armor-block-975ae6c56dd5c22ae720-pale-wrapped-connector-ou
22:51:44 | INFO: Blender create Mesh node MESH-armor-block-975ae6c56dd5c22ae720-pale-wrapped-connector-in
22:51:44 | INFO: Blender create Mesh node MESH-armor-block-975ae6c56dd5c22ae720-recess-shadow-seat
22:51:44 | INFO: Blender create Mesh node MESH-armor-block-975ae6c56dd5c22ae720-upper-stepped-shoulder
22:51:44 | INFO: glTF import finished in 0.01s
22:51:44 | INFO: Data are loaded, start creating Blender stuff
22:51:44 | INFO: Blender create Mesh node MESH-armor-block-9ca59f6db637d3afceb9-closed-incoming-wrapped-b
22:51:44 | INFO: Blender create Mesh node MESH-armor-block-9ca59f6db637d3afceb9-closed-outgoing-wrapped-b
22:51:44 | INFO: Blender create Mesh node MESH-armor-block-9ca59f6db637d3afceb9-closed-solid-body
22:51:44 | INFO: Blender create Mesh node MESH-armor-block-9ca59f6db637d3afceb9-cyan-flush-status-lens
22:51:44 | INFO: Blender create Mesh node MESH-armor-block-9ca59f6db637d3afceb9-interchangeable-plain-fac
22:51:44 | INFO: Blender create Mesh node MESH-armor-block-9ca59f6db637d3afceb9-lower-impact-rail-right
22:51:44 | INFO: Blender create Mesh node MESH-armor-block-9ca59f6db637d3afceb9-lower-impact-rail-cut-poc
22:51:44 | INFO: Blender create Mesh node MESH-armor-block-9ca59f6db637d3afceb9-lower-impact-rail-left
22:51:44 | INFO: Blender create Mesh node MESH-armor-block-9ca59f6db637d3afceb9-pale-wrapped-connector-ou
22:51:44 | INFO: Blender create Mesh node MESH-armor-block-9ca59f6db637d3afceb9-pale-wrapped-connector-in
22:51:44 | INFO: Blender create Mesh node MESH-armor-block-9ca59f6db637d3afceb9-recess-shadow-seat
22:51:44 | INFO: Blender create Mesh node MESH-armor-block-9ca59f6db637d3afceb9-upper-stepped-shoulder
22:51:44 | INFO: glTF import finished in 0.01s
22:51:44 | INFO: Data are loaded, start creating Blender stuff
22:51:44 | INFO: Blender create Mesh node MESH-armor-block-0609cba1e9e5472c20b6-closed-incoming-wrapped-b
22:51:44 | INFO: Blender create Mesh node MESH-armor-block-0609cba1e9e5472c20b6-closed-outgoing-wrapped-b
22:51:44 | INFO: Blender create Mesh node MESH-armor-block-0609cba1e9e5472c20b6-closed-solid-body
22:51:44 | INFO: Blender create Mesh node MESH-armor-block-0609cba1e9e5472c20b6-cyan-flush-status-lens
22:51:44 | INFO: Blender create Mesh node MESH-armor-block-0609cba1e9e5472c20b6-interchangeable-plain-fac
22:51:44 | INFO: Blender create Mesh node MESH-armor-block-0609cba1e9e5472c20b6-lower-impact-rail-right
22:51:44 | INFO: Blender create Mesh node MESH-armor-block-0609cba1e9e5472c20b6-lower-impact-rail-cut-poc
22:51:44 | INFO: Blender create Mesh node MESH-armor-block-0609cba1e9e5472c20b6-lower-impact-rail-left
22:51:44 | INFO: Blender create Mesh node MESH-armor-block-0609cba1e9e5472c20b6-pale-wrapped-connector-ou
22:51:44 | INFO: Blender create Mesh node MESH-armor-block-0609cba1e9e5472c20b6-pale-wrapped-connector-in
22:51:44 | INFO: Blender create Mesh node MESH-armor-block-0609cba1e9e5472c20b6-recess-shadow-seat
22:51:44 | INFO: Blender create Mesh node MESH-armor-block-0609cba1e9e5472c20b6-upper-stepped-shoulder
22:51:44 | INFO: glTF import finished in 0.01s
22:51:44 | INFO: Data are loaded, start creating Blender stuff
22:51:44 | INFO: Blender create Mesh node MESH-armor-block-fbbf224dbd286d805ac1-closed-incoming-wrapped-b
22:51:44 | INFO: Blender create Mesh node MESH-armor-block-fbbf224dbd286d805ac1-closed-outgoing-wrapped-b
22:51:44 | INFO: Blender create Mesh node MESH-armor-block-fbbf224dbd286d805ac1-closed-solid-body
22:51:44 | INFO: Blender create Mesh node MESH-armor-block-fbbf224dbd286d805ac1-cyan-flush-status-lens
22:51:44 | INFO: Blender create Mesh node MESH-armor-block-fbbf224dbd286d805ac1-interchangeable-plain-fac
22:51:44 | INFO: Blender create Mesh node MESH-armor-block-fbbf224dbd286d805ac1-lower-impact-rail-right
22:51:44 | INFO: Blender create Mesh node MESH-armor-block-fbbf224dbd286d805ac1-lower-impact-rail-cut-poc
22:51:44 | INFO: Blender create Mesh node MESH-armor-block-fbbf224dbd286d805ac1-lower-impact-rail-left
22:51:44 | INFO: Blender create Mesh node MESH-armor-block-fbbf224dbd286d805ac1-pale-wrapped-connector-ou
22:51:44 | INFO: Blender create Mesh node MESH-armor-block-fbbf224dbd286d805ac1-pale-wrapped-connector-in
22:51:44 | INFO: Blender create Mesh node MESH-armor-block-fbbf224dbd286d805ac1-recess-shadow-seat
22:51:44 | INFO: Blender create Mesh node MESH-armor-block-fbbf224dbd286d805ac1-upper-stepped-shoulder
22:51:44 | INFO: glTF import finished in 0.01s
Fra:1 Mem:23.22M (Peak 23.22M) | Time:00:00.00 | Mem:0.00M, Peak:0.00M | Scene, ViewLayer | Synchronizing object | GEO-armor-block-975ae6c56dd5c22ae720--FINISH--lower-impact-
Fra:1 Mem:23.23M (Peak 23.23M) | Time:00:00.00 | Mem:0.00M, Peak:0.00M | Scene, ViewLayer | Synchronizing object | GEO-armor-block-975ae6c56dd5c22ae720--FINISH--recess-shadow
Fra:1 Mem:23.24M (Peak 23.24M) | Time:00:00.00 | Mem:0.00M, Peak:0.00M | Scene, ViewLayer | Synchronizing object | GEO-armor-block-975ae6c56dd5c22ae720--BACKING--closed-solid
Fra:1 Mem:23.25M (Peak 23.25M) | Time:00:00.00 | Mem:0.00M, Peak:0.00M | Scene, ViewLayer | Synchronizing object | GEO-armor-block-975ae6c56dd5c22ae720--BACKING--closed-outgo
Fra:1 Mem:23.26M (Peak 23.26M) | Time:00:00.00 | Mem:0.00M, Peak:0.00M | Scene, ViewLayer | Synchronizing object | GEO-armor-block-975ae6c56dd5c22ae720--BACKING--closed-incom
Fra:1 Mem:23.27M (Peak 23.27M) | Time:00:00.00 | Mem:0.00M, Peak:0.00M | Scene, ViewLayer | Synchronizing object | GEO-armor-block-975ae6c56dd5c22ae720--FINISH--pale-wrapped-.002
Fra:1 Mem:23.27M (Peak 23.27M) | Time:00:00.00 | Mem:0.00M, Peak:0.00M | Scene, ViewLayer | Synchronizing object | GEO-armor-block-975ae6c56dd5c22ae720--FINISH--upper-stepped
Fra:1 Mem:23.29M (Peak 23.29M) | Time:00:00.00 | Mem:0.00M, Peak:0.00M | Scene, ViewLayer | Synchronizing object | GEO-armor-block-9ca59f6db637d3afceb9--BACKING--closed-incoming-
Fra:1 Mem:23.28M (Peak 23.29M) | Time:00:00.00 | Mem:0.00M, Peak:0.00M | Scene, ViewLayer | Synchronizing object | GEO-armor-block-9ca59f6db637d3afceb9--BACKING--closed-outgoing-
Fra:1 Mem:23.29M (Peak 23.29M) | Time:00:00.00 | Mem:0.00M, Peak:0.00M | Scene, ViewLayer | Synchronizing object | GEO-armor-block-9ca59f6db637d3afceb9--BACKING--closed-solid-bod
Fra:1 Mem:23.30M (Peak 23.30M) | Time:00:00.00 | Mem:0.00M, Peak:0.00M | Scene, ViewLayer | Synchronizing object | GEO-armor-block-9ca59f6db637d3afceb9--FINISH--cyan-flush-status
Fra:1 Mem:23.29M (Peak 23.30M) | Time:00:00.00 | Mem:0.00M, Peak:0.00M | Scene, ViewLayer | Synchronizing object | GEO-armor-block-9ca59f6db637d3afceb9--FINISH--lower-impact-
Fra:1 Mem:23.31M (Peak 23.31M) | Time:00:00.00 | Mem:0.00M, Peak:0.00M | Scene, ViewLayer | Synchronizing object | GEO-armor-block-9ca59f6db637d3afceb9--FINISH--lower-impact-.001
Fra:1 Mem:23.33M (Peak 23.33M) | Time:00:00.00 | Mem:0.00M, Peak:0.00M | Scene, ViewLayer | Synchronizing object | GEO-armor-block-9ca59f6db637d3afceb9--FINISH--lower-impact-rail
Fra:1 Mem:23.33M (Peak 23.33M) | Time:00:00.00 | Mem:0.00M, Peak:0.00M | Scene, ViewLayer | Synchronizing object | GEO-armor-block-9ca59f6db637d3afceb9--FINISH--pale-wrapped-
Fra:1 Mem:23.34M (Peak 23.34M) | Time:00:00.00 | Mem:0.00M, Peak:0.00M | Scene, ViewLayer | Synchronizing object | GEO-armor-block-9ca59f6db637d3afceb9--FINISH--pale-wrapped-conn
Fra:1 Mem:23.34M (Peak 23.34M) | Time:00:00.00 | Mem:0.00M, Peak:0.00M | Scene, ViewLayer | Synchronizing object | GEO-armor-block-9ca59f6db637d3afceb9--FINISH--recess-shadow-sea
Fra:1 Mem:23.35M (Peak 23.35M) | Time:00:00.00 | Mem:0.00M, Peak:0.00M | Scene, ViewLayer | Synchronizing object | GEO-armor-block-9ca59f6db637d3afceb9--FINISH--upper-stepped-sho
Fra:1 Mem:23.33M (Peak 23.35M) | Time:00:00.00 | Mem:0.00M, Peak:0.00M | Scene, ViewLayer | Synchronizing object | GEO-armor-block-0609cba1e9e5472c20b6--BACKING--closed-outgoing-
Fra:1 Mem:23.36M (Peak 23.36M) | Time:00:00.00 | Mem:0.00M, Peak:0.00M | Scene, ViewLayer | Synchronizing object | GEO-armor-block-0609cba1e9e5472c20b6--BACKING--closed-solid-bod
Fra:1 Mem:23.36M (Peak 23.36M) | Time:00:00.00 | Mem:0.00M, Peak:0.00M | Scene, ViewLayer | Synchronizing object | GEO-armor-block-0609cba1e9e5472c20b6--FINISH--interchangeable-p
Fra:1 Mem:23.37M (Peak 23.37M) | Time:00:00.00 | Mem:0.00M, Peak:0.00M | Scene, ViewLayer | Synchronizing object | GEO-armor-block-0609cba1e9e5472c20b6--FINISH--lower-impact-
Fra:1 Mem:23.38M (Peak 23.38M) | Time:00:00.00 | Mem:0.00M, Peak:0.00M | Scene, ViewLayer | Synchronizing object | GEO-armor-block-0609cba1e9e5472c20b6--FINISH--lower-impact-.001
Fra:1 Mem:23.39M (Peak 23.39M) | Time:00:00.00 | Mem:0.00M, Peak:0.00M | Scene, ViewLayer | Synchronizing object | GEO-armor-block-0609cba1e9e5472c20b6--FINISH--lower-impact-rail
Fra:1 Mem:23.40M (Peak 23.40M) | Time:00:00.00 | Mem:0.00M, Peak:0.00M | Scene, ViewLayer | Synchronizing object | GEO-armor-block-fbbf224dbd286d805ac1--FINISH--recess-shadow-sea
Fra:1 Mem:23.39M (Peak 23.40M) | Time:00:00.00 | Mem:0.00M, Peak:0.00M | Scene, ViewLayer | Synchronizing object | GEO-armor-block-0609cba1e9e5472c20b6--FINISH--recess-shadow-sea
Fra:1 Mem:23.40M (Peak 23.40M) | Time:00:00.00 | Mem:0.00M, Peak:0.00M | Scene, ViewLayer | Synchronizing object | GEO-armor-block-fbbf224dbd286d805ac1--FINISH--pale-wrapped-conn
Fra:1 Mem:23.41M (Peak 23.41M) | Time:00:00.00 | Mem:0.00M, Peak:0.00M | Scene, ViewLayer | Synchronizing object | GEO-armor-block-fbbf224dbd286d805ac1--BACKING--closed-outgoing-
Fra:1 Mem:23.44M (Peak 23.44M) | Time:00:00.00 | Mem:0.00M, Peak:0.00M | Scene, ViewLayer | Synchronizing object | GEO-armor-block-fbbf224dbd286d805ac1--FINISH--pale-wrapped-
Fra:1 Mem:23.42M (Peak 23.44M) | Time:00:00.00 | Mem:0.00M, Peak:0.00M | Scene, ViewLayer | Synchronizing object | GEO-armor-block-fbbf224dbd286d805ac1--BACKING--closed-solid-bod
Fra:1 Mem:23.44M (Peak 23.44M) | Time:00:00.00 | Mem:0.00M, Peak:0.00M | Scene, ViewLayer | Synchronizing object | GEO-armor-block-fbbf224dbd286d805ac1--FINISH--cyan-flush-status
Fra:1 Mem:23.44M (Peak 23.45M) | Time:00:00.00 | Mem:0.00M, Peak:0.00M | Scene, ViewLayer | Synchronizing object | GEO-armor-block-fbbf224dbd286d805ac1--FINISH--interchangeable-p
Fra:1 Mem:23.43M (Peak 23.45M) | Time:00:00.00 | Mem:0.00M, Peak:0.00M | Scene, ViewLayer | Synchronizing object | GEO-armor-block-fbbf224dbd286d805ac1--FINISH--lower-impact-.001
Fra:1 Mem:23.46M (Peak 23.46M) | Time:00:00.00 | Mem:0.00M, Peak:0.00M | Scene, ViewLayer | Initializing
Fra:1 Mem:23.14M (Peak 23.46M) | Time:00:00.00 | Mem:0.00M, Peak:0.00M | Scene, ViewLayer | Updating Images | Loading armor-normal.003
Fra:1 Mem:23.14M (Peak 23.46M) | Time:00:00.00 | Mem:0.00M, Peak:0.00M | Scene, ViewLayer | Updating Images | Loading armor-basecolor
Fra:1 Mem:43.16M (Peak 51.16M) | Time:00:00.01 | Mem:4.00M, Peak:4.00M | Scene, ViewLayer | Updating Images | Loading armor-basecolor.001
Fra:1 Mem:47.16M (Peak 55.17M) | Time:00:00.01 | Mem:8.00M, Peak:8.00M | Scene, ViewLayer | Updating Images | Loading armor-roughness.001
Fra:1 Mem:55.16M (Peak 63.17M) | Time:00:00.02 | Mem:12.00M, Peak:12.00M | Scene, ViewLayer | Updating Images | Loading armor-normal.001
Fra:1 Mem:51.15M (Peak 63.17M) | Time:00:00.03 | Mem:16.00M, Peak:16.00M | Scene, ViewLayer | Updating Images | Loading armor-roughness.003
Fra:1 Mem:63.16M (Peak 71.17M) | Time:00:00.03 | Mem:20.00M, Peak:20.00M | Scene, ViewLayer | Updating Images | Loading armor-basecolor.002
Fra:1 Mem:67.16M (Peak 75.17M) | Time:00:00.03 | Mem:24.00M, Peak:24.00M | Scene, ViewLayer | Updating Images | Loading armor-roughness.002
Fra:1 Mem:63.15M (Peak 75.17M) | Time:00:00.03 | Mem:28.00M, Peak:28.00M | Scene, ViewLayer | Updating Images | Loading armor-normal.002
Fra:1 Mem:91.18M (Peak 99.19M) | Time:00:00.05 | Mem:32.00M, Peak:32.00M | Scene, ViewLayer | Updating Images | Loading armor-basecolor.003
Fra:1 Mem:68.22M (Peak 99.19M) | Time:00:00.06 | Mem:48.00M, Peak:48.00M | Scene, ViewLayer | Waiting for render to start
Fra:1 Mem:68.22M (Peak 99.19M) | Time:00:00.06 | Mem:48.00M, Peak:48.00M | Scene, ViewLayer | Loading render kernels (may take a few minutes the first time)
Fra:1 Mem:68.22M (Peak 99.19M) | Time:00:00.06 | Mem:48.00M, Peak:48.00M | Scene, ViewLayer | Updating Scene
Fra:1 Mem:68.22M (Peak 99.19M) | Time:00:00.06 | Mem:48.00M, Peak:48.00M | Scene, ViewLayer | Updating Shaders
Fra:1 Mem:68.31M (Peak 99.19M) | Time:00:00.06 | Mem:48.01M, Peak:48.01M | Scene, ViewLayer | Updating Procedurals
Fra:1 Mem:68.31M (Peak 99.19M) | Time:00:00.06 | Mem:48.01M, Peak:48.01M | Scene, ViewLayer | Updating Background
Fra:1 Mem:68.31M (Peak 99.19M) | Time:00:00.06 | Mem:48.01M, Peak:48.01M | Scene, ViewLayer | Updating Camera
Fra:1 Mem:68.31M (Peak 99.19M) | Time:00:00.06 | Mem:48.01M, Peak:48.01M | Scene, ViewLayer | Updating Meshes Flags
Fra:1 Mem:68.31M (Peak 99.19M) | Time:00:00.06 | Mem:48.01M, Peak:48.01M | Scene, ViewLayer | Updating Objects
Fra:1 Mem:68.31M (Peak 99.19M) | Time:00:00.06 | Mem:48.01M, Peak:48.01M | Scene, ViewLayer | Updating Objects | Copying Transformations to device
Fra:1 Mem:68.33M (Peak 99.19M) | Time:00:00.06 | Mem:48.02M, Peak:48.02M | Scene, ViewLayer | Updating Objects | Applying Static Transformations
Fra:1 Mem:68.33M (Peak 99.19M) | Time:00:00.06 | Mem:48.02M, Peak:48.02M | Scene, ViewLayer | Updating Particle Systems
Fra:1 Mem:68.33M (Peak 99.19M) | Time:00:00.06 | Mem:48.02M, Peak:48.02M | Scene, ViewLayer | Updating Particle Systems | Copying Particles to device
Fra:1 Mem:68.33M (Peak 99.19M) | Time:00:00.06 | Mem:48.02M, Peak:48.02M | Scene, ViewLayer | Updating Meshes
Fra:1 Mem:68.34M (Peak 99.19M) | Time:00:00.06 | Mem:48.02M, Peak:48.02M | Scene, ViewLayer | Updating Mesh | Computing attributes
Fra:1 Mem:68.45M (Peak 99.19M) | Time:00:00.06 | Mem:48.03M, Peak:48.03M | Scene, ViewLayer | Updating Mesh | Copying Attributes to device
Fra:1 Mem:68.44M (Peak 99.19M) | Time:00:00.06 | Mem:48.12M, Peak:48.12M | Scene, ViewLayer | Updating Geometry BVH MESH-armor-block-975ae6c56dd5c22ae720-lower-impact-rail 1/9 | Building BVH
Fra:1 Mem:68.44M (Peak 99.19M) | Time:00:00.06 | Mem:48.12M, Peak:48.12M | Scene, ViewLayer | Updating Geometry BVH MESH-armor-block-975ae6c56dd5c22ae720-recess-shadow-seat 3/9 | Building BVH
Fra:1 Mem:68.44M (Peak 99.19M) | Time:00:00.06 | Mem:48.12M, Peak:48.12M | Scene, ViewLayer | Updating Geometry BVH MESH-armor-block-975ae6c56dd5c22ae720-recess-shadow-seat 3/9 | Building BVH 0%
Fra:1 Mem:68.44M (Peak 99.19M) | Time:00:00.06 | Mem:48.12M, Peak:48.12M | Scene, ViewLayer | Updating Geometry BVH MESH-armor-block-975ae6c56dd5c22ae720-pale-wrapped-connector-in 8/9 | Building BVH
Fra:1 Mem:68.44M (Peak 99.19M) | Time:00:00.06 | Mem:48.12M, Peak:48.12M | Scene, ViewLayer | Updating Geometry BVH MESH-armor-block-975ae6c56dd5c22ae720-closed-outgoing-wrapped-b 5/9 | Building BVH
Fra:1 Mem:68.44M (Peak 99.19M) | Time:00:00.06 | Mem:48.12M, Peak:48.12M | Scene, ViewLayer | Updating Geometry BVH MESH-armor-block-975ae6c56dd5c22ae720-closed-incoming-wrapped-b 7/9 | Building BVH
Fra:1 Mem:68.44M (Peak 99.19M) | Time:00:00.06 | Mem:48.13M, Peak:48.13M | Scene, ViewLayer | Updating Geometry BVH MESH-armor-block-975ae6c56dd5c22ae720-interchangeable-plain-fac 6/9 | Building BVH
Fra:1 Mem:68.44M (Peak 99.19M) | Time:00:00.06 | Mem:48.13M, Peak:48.14M | Scene, ViewLayer | Updating Scene BVH | Building
Fra:1 Mem:68.44M (Peak 99.19M) | Time:00:00.06 | Mem:48.13M, Peak:48.14M | Scene, ViewLayer | Updating Scene BVH | Building BVH
Fra:1 Mem:68.44M (Peak 99.19M) | Time:00:00.06 | Mem:48.20M, Peak:48.23M | Scene, ViewLayer | Updating Scene BVH | Copying BVH to device
Fra:1 Mem:68.44M (Peak 99.19M) | Time:00:00.06 | Mem:48.20M, Peak:48.23M | Scene, ViewLayer | Updating Mesh | Computing normals
Fra:1 Mem:68.53M (Peak 99.19M) | Time:00:00.06 | Mem:48.20M, Peak:48.23M | Scene, ViewLayer | Updating Mesh | Copying Mesh to device
Fra:1 Mem:68.53M (Peak 99.19M) | Time:00:00.06 | Mem:48.29M, Peak:48.29M | Scene, ViewLayer | Updating Objects Flags
Fra:1 Mem:68.53M (Peak 99.19M) | Time:00:00.06 | Mem:48.29M, Peak:48.29M | Scene, ViewLayer | Updating Primitive Offsets
Fra:1 Mem:68.53M (Peak 99.19M) | Time:00:00.06 | Mem:48.30M, Peak:48.30M | Scene, ViewLayer | Updating Images
Fra:1 Mem:68.53M (Peak 99.19M) | Time:00:00.06 | Mem:48.30M, Peak:48.30M | Scene, ViewLayer | Updating Camera Volume
Fra:1 Mem:68.53M (Peak 99.19M) | Time:00:00.06 | Mem:48.30M, Peak:48.30M | Scene, ViewLayer | Updating Lookup Tables
Fra:1 Mem:68.53M (Peak 99.19M) | Time:00:00.06 | Mem:48.38M, Peak:48.38M | Scene, ViewLayer | Updating Lights
Fra:1 Mem:68.53M (Peak 99.19M) | Time:00:00.06 | Mem:48.38M, Peak:48.38M | Scene, ViewLayer | Updating Lights | Computing tree
Fra:1 Mem:68.53M (Peak 99.19M) | Time:00:00.06 | Mem:48.38M, Peak:48.38M | Scene, ViewLayer | Updating Integrator
Fra:1 Mem:68.53M (Peak 99.19M) | Time:00:00.06 | Mem:48.38M, Peak:48.38M | Scene, ViewLayer | Updating Film
Fra:1 Mem:68.54M (Peak 99.19M) | Time:00:00.06 | Mem:48.30M, Peak:48.38M | Scene, ViewLayer | Updating Lookup Tables
Fra:1 Mem:68.54M (Peak 99.19M) | Time:00:00.06 | Mem:48.39M, Peak:48.39M | Scene, ViewLayer | Updating Baking
Fra:1 Mem:68.54M (Peak 99.19M) | Time:00:00.06 | Mem:48.39M, Peak:48.39M | Scene, ViewLayer | Updating Device | Writing constant memory
Fra:1 Mem:68.54M (Peak 99.19M) | Time:00:00.06 | Mem:48.39M, Peak:48.39M | Scene, ViewLayer | Sample 0/64
Fra:1 Mem:105.63M (Peak 105.63M) | Time:00:00.27 | Remaining:00:12.85 | Mem:85.48M, Peak:85.48M | Scene, ViewLayer | Sample 1/64
Fra:1 Mem:122.11M (Peak 155.07M) | Time:00:05.73 | Mem:85.48M, Peak:85.48M | Scene, ViewLayer | Sample 64/64
Fra:1 Mem:122.11M (Peak 155.07M) | Time:00:05.73 | Mem:85.48M, Peak:85.48M | Scene, ViewLayer | Finished
Saved: '/root/sidereal_spacetime/assets/art-library/framed-wayfarer/r005/family-03/renders/heights.png'
Time: 00:05.89 (Saving: 00:00.15)

22:51:49 | INFO: Data are loaded, start creating Blender stuff
22:51:49 | INFO: Blender create Mesh node MESH-armor-block-49384936da4b4c531fcc-closed-incoming-wrapped-b
22:51:49 | INFO: Blender create Mesh node MESH-armor-block-49384936da4b4c531fcc-closed-outgoing-wrapped-b
22:51:49 | INFO: Blender create Mesh node MESH-armor-block-49384936da4b4c531fcc-closed-solid-body
22:51:49 | INFO: Blender create Mesh node MESH-armor-block-49384936da4b4c531fcc-interchangeable-plain-fac
22:51:49 | INFO: Blender create Mesh node MESH-armor-block-49384936da4b4c531fcc-lower-impact-rail
22:51:49 | INFO: Blender create Mesh node MESH-armor-block-49384936da4b4c531fcc-pale-wrapped-connector-ou
22:51:49 | INFO: Blender create Mesh node MESH-armor-block-49384936da4b4c531fcc-pale-wrapped-connector-in
22:51:49 | INFO: Blender create Mesh node MESH-armor-block-49384936da4b4c531fcc-recess-shadow-seat
22:51:49 | INFO: Blender create Mesh node MESH-armor-block-49384936da4b4c531fcc-upper-stepped-shoulder
22:51:49 | INFO: glTF import finished in 0.01s
22:51:49 | INFO: Data are loaded, start creating Blender stuff
22:51:49 | INFO: Blender create Mesh node MESH-armor-block-e8152b71edd21a544d55-closed-incoming-wrapped-b
22:51:49 | INFO: Blender create Mesh node MESH-armor-block-e8152b71edd21a544d55-closed-outgoing-wrapped-b
22:51:49 | INFO: Blender create Mesh node MESH-armor-block-e8152b71edd21a544d55-closed-solid-body
22:51:49 | INFO: Blender create Mesh node MESH-armor-block-e8152b71edd21a544d55-cyan-flush-status-lens
22:51:49 | INFO: Blender create Mesh node MESH-armor-block-e8152b71edd21a544d55-interchangeable-plain-fac
22:51:49 | INFO: Blender create Mesh node MESH-armor-block-e8152b71edd21a544d55-lower-impact-rail-right
22:51:49 | INFO: Blender create Mesh node MESH-armor-block-e8152b71edd21a544d55-lower-impact-rail-cut-poc
22:51:49 | INFO: Blender create Mesh node MESH-armor-block-e8152b71edd21a544d55-lower-impact-rail-left
22:51:49 | INFO: Blender create Mesh node MESH-armor-block-e8152b71edd21a544d55-pale-wrapped-connector-ou
22:51:49 | INFO: Blender create Mesh node MESH-armor-block-e8152b71edd21a544d55-pale-wrapped-connector-in
22:51:49 | INFO: Blender create Mesh node MESH-armor-block-e8152b71edd21a544d55-recess-shadow-seat
22:51:49 | INFO: Blender create Mesh node MESH-armor-block-e8152b71edd21a544d55-upper-stepped-shoulder
22:51:49 | INFO: glTF import finished in 0.01s
22:51:49 | INFO: Data are loaded, start creating Blender stuff
22:51:49 | INFO: Blender create Mesh node MESH-armor-block-c2da9d9d47c98c01ceb8-closed-incoming-wrapped-b
22:51:49 | INFO: Blender create Mesh node MESH-armor-block-c2da9d9d47c98c01ceb8-closed-outgoing-wrapped-b
22:51:49 | INFO: Blender create Mesh node MESH-armor-block-c2da9d9d47c98c01ceb8-closed-solid-body
22:51:49 | INFO: Blender create Mesh node MESH-armor-block-c2da9d9d47c98c01ceb8-cyan-flush-status-lens
22:51:49 | INFO: Blender create Mesh node MESH-armor-block-c2da9d9d47c98c01ceb8-interchangeable-plain-fac
22:51:49 | INFO: Blender create Mesh node MESH-armor-block-c2da9d9d47c98c01ceb8-lower-impact-rail-right
22:51:49 | INFO: Blender create Mesh node MESH-armor-block-c2da9d9d47c98c01ceb8-lower-impact-rail-cut-poc
22:51:49 | INFO: Blender create Mesh node MESH-armor-block-c2da9d9d47c98c01ceb8-lower-impact-rail-left
22:51:49 | INFO: Blender create Mesh node MESH-armor-block-c2da9d9d47c98c01ceb8-pale-wrapped-connector-ou
22:51:49 | INFO: Blender create Mesh node MESH-armor-block-c2da9d9d47c98c01ceb8-pale-wrapped-connector-in
22:51:49 | INFO: Blender create Mesh node MESH-armor-block-c2da9d9d47c98c01ceb8-recess-shadow-seat
22:51:49 | INFO: Blender create Mesh node MESH-armor-block-c2da9d9d47c98c01ceb8-upper-stepped-shoulder
22:51:49 | INFO: glTF import finished in 0.01s
22:51:49 | INFO: Data are loaded, start creating Blender stuff
22:51:49 | INFO: Blender create Mesh node MESH-armor-block-e7a26fe3b6e058621d39-closed-incoming-wrapped-b
22:51:49 | INFO: Blender create Mesh node MESH-armor-block-e7a26fe3b6e058621d39-closed-outgoing-wrapped-b
22:51:49 | INFO: Blender create Mesh node MESH-armor-block-e7a26fe3b6e058621d39-closed-solid-body
22:51:49 | INFO: Blender create Mesh node MESH-armor-block-e7a26fe3b6e058621d39-cyan-flush-status-lens
22:51:49 | INFO: Blender create Mesh node MESH-armor-block-e7a26fe3b6e058621d39-interchangeable-plain-fac
22:51:49 | INFO: Blender create Mesh node MESH-armor-block-e7a26fe3b6e058621d39-lower-impact-rail-right
22:51:49 | INFO: Blender create Mesh node MESH-armor-block-e7a26fe3b6e058621d39-lower-impact-rail-cut-poc
22:51:49 | INFO: Blender create Mesh node MESH-armor-block-e7a26fe3b6e058621d39-lower-impact-rail-left
22:51:49 | INFO: Blender create Mesh node MESH-armor-block-e7a26fe3b6e058621d39-pale-wrapped-connector-ou
22:51:49 | INFO: Blender create Mesh node MESH-armor-block-e7a26fe3b6e058621d39-pale-wrapped-connector-in
22:51:49 | INFO: Blender create Mesh node MESH-armor-block-e7a26fe3b6e058621d39-recess-shadow-seat
22:51:49 | INFO: Blender create Mesh node MESH-armor-block-e7a26fe3b6e058621d39-upper-stepped-shoulder
22:51:49 | INFO: glTF import finished in 0.01s
Fra:1 Mem:21.21M (Peak 21.21M) | Time:00:00.00 | Mem:0.00M, Peak:0.00M | Scene, ViewLayer | Synchronizing object | GEO-armor-block-49384936da4b4c531fcc--BACKING--closed-incoming-
Fra:1 Mem:21.21M (Peak 21.21M) | Time:00:00.00 | Mem:0.00M, Peak:0.00M | Scene, ViewLayer | Synchronizing object | GEO-armor-block-49384936da4b4c531fcc--BACKING--closed-solid-bod
Fra:1 Mem:21.23M (Peak 21.23M) | Time:00:00.00 | Mem:0.00M, Peak:0.00M | Scene, ViewLayer | Synchronizing object | GEO-armor-block-49384936da4b4c531fcc--FINISH--interchangeable-p
Fra:1 Mem:21.23M (Peak 21.23M) | Time:00:00.00 | Mem:0.00M, Peak:0.00M | Scene, ViewLayer | Synchronizing object | GEO-armor-block-49384936da4b4c531fcc--FINISH--pale-wrapped-
Fra:1 Mem:21.26M (Peak 21.26M) | Time:00:00.00 | Mem:0.00M, Peak:0.00M | Scene, ViewLayer | Synchronizing object | GEO-armor-block-49384936da4b4c531fcc--FINISH--pale-wrapped-conn
Fra:1 Mem:21.26M (Peak 21.26M) | Time:00:00.00 | Mem:0.00M, Peak:0.00M | Scene, ViewLayer | Synchronizing object | GEO-armor-block-49384936da4b4c531fcc--FINISH--recess-shadow-sea
Fra:1 Mem:21.26M (Peak 21.26M) | Time:00:00.00 | Mem:0.00M, Peak:0.00M | Scene, ViewLayer | Synchronizing object | GEO-armor-block-49384936da4b4c531fcc--FINISH--upper-stepped-sho
Fra:1 Mem:21.27M (Peak 21.27M) | Time:00:00.00 | Mem:0.00M, Peak:0.00M | Scene, ViewLayer | Synchronizing object | GEO-armor-block-e8152b71edd21a544d55--BACKING--closed-incoming-
Fra:1 Mem:21.28M (Peak 21.28M) | Time:00:00.00 | Mem:0.00M, Peak:0.00M | Scene, ViewLayer | Synchronizing object | GEO-armor-block-e8152b71edd21a544d55--BACKING--closed-outgoing-
Fra:1 Mem:21.28M (Peak 21.28M) | Time:00:00.00 | Mem:0.00M, Peak:0.00M | Scene, ViewLayer | Synchronizing object | GEO-armor-block-e8152b71edd21a544d55--BACKING--closed-solid-bod
Fra:1 Mem:21.28M (Peak 21.28M) | Time:00:00.00 | Mem:0.00M, Peak:0.00M | Scene, ViewLayer | Synchronizing object | GEO-armor-block-e8152b71edd21a544d55--FINISH--cyan-flush-status
Fra:1 Mem:21.28M (Peak 21.28M) | Time:00:00.00 | Mem:0.00M, Peak:0.00M | Scene, ViewLayer | Synchronizing object | GEO-armor-block-e7a26fe3b6e058621d39--FINISH--upper-stepped-sho
Fra:1 Mem:21.27M (Peak 21.28M) | Time:00:00.00 | Mem:0.00M, Peak:0.00M | Scene, ViewLayer | Synchronizing object | GEO-armor-block-e8152b71edd21a544d55--FINISH--lower-impact-.001
Fra:1 Mem:21.32M (Peak 21.32M) | Time:00:00.00 | Mem:0.00M, Peak:0.00M | Scene, ViewLayer | Synchronizing object | GEO-armor-block-e8152b71edd21a544d55--FINISH--lower-impact-rail
Fra:1 Mem:21.31M (Peak 21.32M) | Time:00:00.00 | Mem:0.00M, Peak:0.00M | Scene, ViewLayer | Synchronizing object | GEO-armor-block-e8152b71edd21a544d55--FINISH--pale-wrapped-conn
Fra:1 Mem:21.33M (Peak 21.33M) | Time:00:00.00 | Mem:0.00M, Peak:0.00M | Scene, ViewLayer | Synchronizing object | GEO-armor-block-e8152b71edd21a544d55--FINISH--recess-shadow-sea
Fra:1 Mem:21.32M (Peak 21.33M) | Time:00:00.00 | Mem:0.00M, Peak:0.00M | Scene, ViewLayer | Synchronizing object | GEO-armor-block-c2da9d9d47c98c01ceb8--BACKING--closed-incoming-
Fra:1 Mem:21.34M (Peak 21.34M) | Time:00:00.00 | Mem:0.00M, Peak:0.00M | Scene, ViewLayer | Synchronizing object | GEO-armor-block-e7a26fe3b6e058621d39--FINISH--recess-shadow-sea
Fra:1 Mem:21.35M (Peak 21.35M) | Time:00:00.00 | Mem:0.00M, Peak:0.00M | Scene, ViewLayer | Synchronizing object | GEO-armor-block-c2da9d9d47c98c01ceb8--BACKING--closed-outgoing-
Fra:1 Mem:21.35M (Peak 21.35M) | Time:00:00.00 | Mem:0.00M, Peak:0.00M | Scene, ViewLayer | Synchronizing object | GEO-armor-block-c2da9d9d47c98c01ceb8--BACKING--closed-solid-bod
Fra:1 Mem:21.35M (Peak 21.35M) | Time:00:00.00 | Mem:0.00M, Peak:0.00M | Scene, ViewLayer | Synchronizing object | GEO-armor-block-c2da9d9d47c98c01ceb8--FINISH--cyan-flush-status
Fra:1 Mem:21.36M (Peak 21.36M) | Time:00:00.00 | Mem:0.00M, Peak:0.00M | Scene, ViewLayer | Synchronizing object | GEO-armor-block-c2da9d9d47c98c01ceb8--FINISH--interchangeable-p
Fra:1 Mem:21.36M (Peak 21.36M) | Time:00:00.00 | Mem:0.00M, Peak:0.00M | Scene, ViewLayer | Synchronizing object | GEO-armor-block-c2da9d9d47c98c01ceb8--FINISH--lower-impact-
Fra:1 Mem:21.36M (Peak 21.36M) | Time:00:00.00 | Mem:0.00M, Peak:0.00M | Scene, ViewLayer | Synchronizing object | GEO-armor-block-c2da9d9d47c98c01ceb8--FINISH--lower-impact-.001
Fra:1 Mem:21.37M (Peak 21.37M) | Time:00:00.00 | Mem:0.00M, Peak:0.00M | Scene, ViewLayer | Synchronizing object | GEO-armor-block-e7a26fe3b6e058621d39--FINISH--pale-wrapped-conn
Fra:1 Mem:21.37M (Peak 21.37M) | Time:00:00.00 | Mem:0.00M, Peak:0.00M | Scene, ViewLayer | Synchronizing object | GEO-armor-block-c2da9d9d47c98c01ceb8--FINISH--lower-impact-rail
Fra:1 Mem:21.39M (Peak 21.39M) | Time:00:00.00 | Mem:0.00M, Peak:0.00M | Scene, ViewLayer | Synchronizing object | GEO-armor-block-e7a26fe3b6e058621d39--FINISH--pale-wrapped-
Fra:1 Mem:21.38M (Peak 21.39M) | Time:00:00.00 | Mem:0.00M, Peak:0.00M | Scene, ViewLayer | Synchronizing object | GEO-armor-block-c2da9d9d47c98c01ceb8--FINISH--recess-shadow-sea
Fra:1 Mem:21.38M (Peak 21.39M) | Time:00:00.00 | Mem:0.00M, Peak:0.00M | Scene, ViewLayer | Synchronizing object | GEO-armor-block-e7a26fe3b6e058621d39--FINISH--lower-impact-rail
Fra:1 Mem:21.40M (Peak 21.40M) | Time:00:00.00 | Mem:0.00M, Peak:0.00M | Scene, ViewLayer | Synchronizing object | GEO-armor-block-c2da9d9d47c98c01ceb8--FINISH--upper-stepped-sho
Fra:1 Mem:21.40M (Peak 21.40M) | Time:00:00.00 | Mem:0.00M, Peak:0.00M | Scene, ViewLayer | Synchronizing object | GEO-armor-block-e7a26fe3b6e058621d39--FINISH--lower-impact-.001
Fra:1 Mem:21.41M (Peak 21.41M) | Time:00:00.00 | Mem:0.00M, Peak:0.00M | Scene, ViewLayer | Synchronizing object | GEO-armor-block-e7a26fe3b6e058621d39--BACKING--closed-incoming-
Fra:1 Mem:21.43M (Peak 21.43M) | Time:00:00.00 | Mem:0.00M, Peak:0.00M | Scene, ViewLayer | Synchronizing object | GEO-armor-block-e7a26fe3b6e058621d39--BACKING--closed-outgoing-
Fra:1 Mem:21.42M (Peak 21.43M) | Time:00:00.00 | Mem:0.00M, Peak:0.00M | Scene, ViewLayer | Synchronizing object | GEO-armor-block-e7a26fe3b6e058621d39--FINISH--lower-impact-
Fra:1 Mem:21.44M (Peak 21.44M) | Time:00:00.00 | Mem:0.00M, Peak:0.00M | Scene, ViewLayer | Synchronizing object | GEO-armor-block-e7a26fe3b6e058621d39--FINISH--cyan-flush-status
Fra:1 Mem:21.43M (Peak 21.44M) | Time:00:00.00 | Mem:0.00M, Peak:0.00M | Scene, ViewLayer | Synchronizing object | GEO-armor-block-e7a26fe3b6e058621d39--FINISH--interchangeable-p
Fra:1 Mem:21.44M (Peak 21.44M) | Time:00:00.00 | Mem:0.00M, Peak:0.00M | Scene, ViewLayer | Initializing
Fra:1 Mem:21.26M (Peak 21.44M) | Time:00:00.00 | Mem:0.00M, Peak:0.00M | Scene, ViewLayer | Updating Images | Loading armor-basecolor
Fra:1 Mem:21.26M (Peak 21.44M) | Time:00:00.00 | Mem:0.00M, Peak:0.00M | Scene, ViewLayer | Updating Images | Loading armor-normal
Fra:1 Mem:37.28M (Peak 45.28M) | Time:00:00.01 | Mem:4.00M, Peak:4.00M | Scene, ViewLayer | Updating Images | Loading armor-basecolor.001
Fra:1 Mem:41.28M (Peak 49.29M) | Time:00:00.01 | Mem:8.00M, Peak:8.00M | Scene, ViewLayer | Updating Images | Loading armor-roughness.001
Fra:1 Mem:45.28M (Peak 53.29M) | Time:00:00.04 | Mem:12.00M, Peak:12.00M | Scene, ViewLayer | Updating Images | Loading armor-normal.001
Fra:1 Mem:49.28M (Peak 57.29M) | Time:00:00.04 | Mem:16.00M, Peak:16.00M | Scene, ViewLayer | Updating Images | Loading armor-basecolor.002
Fra:1 Mem:53.28M (Peak 61.29M) | Time:00:00.05 | Mem:20.00M, Peak:20.00M | Scene, ViewLayer | Updating Images | Loading armor-roughness.002
Fra:1 Mem:65.29M (Peak 73.30M) | Time:00:00.06 | Mem:24.00M, Peak:24.00M | Scene, ViewLayer | Updating Images | Loading armor-normal.002
Fra:1 Mem:61.28M (Peak 73.30M) | Time:00:00.06 | Mem:28.00M, Peak:28.00M | Scene, ViewLayer | Updating Images | Loading armor-roughness.003
Fra:1 Mem:69.29M (Peak 77.30M) | Time:00:00.06 | Mem:32.00M, Peak:32.00M | Scene, ViewLayer | Updating Images | Loading armor-basecolor.003
Fra:1 Mem:67.14M (Peak 89.31M) | Time:00:00.08 | Mem:48.00M, Peak:48.00M | Scene, ViewLayer | Waiting for render to start
Fra:1 Mem:67.14M (Peak 89.31M) | Time:00:00.08 | Mem:48.00M, Peak:48.00M | Scene, ViewLayer | Loading render kernels (may take a few minutes the first time)
Fra:1 Mem:67.14M (Peak 89.31M) | Time:00:00.08 | Mem:48.00M, Peak:48.00M | Scene, ViewLayer | Updating Scene
Fra:1 Mem:67.14M (Peak 89.31M) | Time:00:00.08 | Mem:48.00M, Peak:48.00M | Scene, ViewLayer | Updating Shaders
Fra:1 Mem:67.23M (Peak 89.31M) | Time:00:00.08 | Mem:48.01M, Peak:48.01M | Scene, ViewLayer | Updating Procedurals
Fra:1 Mem:67.23M (Peak 89.31M) | Time:00:00.08 | Mem:48.01M, Peak:48.01M | Scene, ViewLayer | Updating Background
Fra:1 Mem:67.23M (Peak 89.31M) | Time:00:00.08 | Mem:48.01M, Peak:48.01M | Scene, ViewLayer | Updating Camera
Fra:1 Mem:67.23M (Peak 89.31M) | Time:00:00.08 | Mem:48.01M, Peak:48.01M | Scene, ViewLayer | Updating Meshes Flags
Fra:1 Mem:67.23M (Peak 89.31M) | Time:00:00.08 | Mem:48.01M, Peak:48.01M | Scene, ViewLayer | Updating Objects
Fra:1 Mem:67.23M (Peak 89.31M) | Time:00:00.08 | Mem:48.01M, Peak:48.01M | Scene, ViewLayer | Updating Objects | Copying Transformations to device
Fra:1 Mem:67.24M (Peak 89.31M) | Time:00:00.08 | Mem:48.02M, Peak:48.02M | Scene, ViewLayer | Updating Objects | Applying Static Transformations
Fra:1 Mem:67.24M (Peak 89.31M) | Time:00:00.08 | Mem:48.02M, Peak:48.02M | Scene, ViewLayer | Updating Particle Systems
Fra:1 Mem:67.24M (Peak 89.31M) | Time:00:00.08 | Mem:48.02M, Peak:48.02M | Scene, ViewLayer | Updating Particle Systems | Copying Particles to device
Fra:1 Mem:67.24M (Peak 89.31M) | Time:00:00.08 | Mem:48.02M, Peak:48.02M | Scene, ViewLayer | Updating Meshes
Fra:1 Mem:67.25M (Peak 89.31M) | Time:00:00.08 | Mem:48.02M, Peak:48.02M | Scene, ViewLayer | Updating Mesh | Computing attributes
Fra:1 Mem:67.36M (Peak 89.31M) | Time:00:00.08 | Mem:48.02M, Peak:48.02M | Scene, ViewLayer | Updating Mesh | Copying Attributes to device
Fra:1 Mem:67.34M (Peak 89.31M) | Time:00:00.08 | Mem:48.11M, Peak:48.11M | Scene, ViewLayer | Updating Scene BVH | Building
Fra:1 Mem:67.34M (Peak 89.31M) | Time:00:00.08 | Mem:48.11M, Peak:48.11M | Scene, ViewLayer | Updating Scene BVH | Building BVH
Fra:1 Mem:67.34M (Peak 89.31M) | Time:00:00.08 | Mem:48.14M, Peak:48.14M | Scene, ViewLayer | Updating Scene BVH | Building BVH 0%
Fra:1 Mem:67.34M (Peak 89.31M) | Time:00:00.08 | Mem:48.17M, Peak:48.20M | Scene, ViewLayer | Updating Scene BVH | Copying BVH to device
Fra:1 Mem:67.34M (Peak 89.31M) | Time:00:00.08 | Mem:48.17M, Peak:48.20M | Scene, ViewLayer | Updating Mesh | Computing normals
Fra:1 Mem:67.43M (Peak 89.31M) | Time:00:00.08 | Mem:48.17M, Peak:48.20M | Scene, ViewLayer | Updating Mesh | Copying Mesh to device
Fra:1 Mem:67.43M (Peak 89.31M) | Time:00:00.08 | Mem:48.26M, Peak:48.26M | Scene, ViewLayer | Updating Objects Flags
Fra:1 Mem:67.43M (Peak 89.31M) | Time:00:00.08 | Mem:48.26M, Peak:48.26M | Scene, ViewLayer | Updating Primitive Offsets
Fra:1 Mem:67.43M (Peak 89.31M) | Time:00:00.08 | Mem:48.26M, Peak:48.26M | Scene, ViewLayer | Updating Images
Fra:1 Mem:67.43M (Peak 89.31M) | Time:00:00.08 | Mem:48.26M, Peak:48.26M | Scene, ViewLayer | Updating Camera Volume
Fra:1 Mem:67.43M (Peak 89.31M) | Time:00:00.08 | Mem:48.26M, Peak:48.26M | Scene, ViewLayer | Updating Lookup Tables
Fra:1 Mem:67.43M (Peak 89.31M) | Time:00:00.08 | Mem:48.34M, Peak:48.34M | Scene, ViewLayer | Updating Lights
Fra:1 Mem:67.44M (Peak 89.31M) | Time:00:00.08 | Mem:48.34M, Peak:48.34M | Scene, ViewLayer | Updating Lights | Computing tree
Fra:1 Mem:67.44M (Peak 89.31M) | Time:00:00.08 | Mem:48.35M, Peak:48.35M | Scene, ViewLayer | Updating Integrator
Fra:1 Mem:67.44M (Peak 89.31M) | Time:00:00.08 | Mem:48.35M, Peak:48.35M | Scene, ViewLayer | Updating Film
Fra:1 Mem:67.44M (Peak 89.31M) | Time:00:00.08 | Mem:48.27M, Peak:48.35M | Scene, ViewLayer | Updating Lookup Tables
Fra:1 Mem:67.44M (Peak 89.31M) | Time:00:00.08 | Mem:48.35M, Peak:48.35M | Scene, ViewLayer | Updating Baking
Fra:1 Mem:67.44M (Peak 89.31M) | Time:00:00.08 | Mem:48.35M, Peak:48.35M | Scene, ViewLayer | Updating Device | Writing constant memory
Fra:1 Mem:67.44M (Peak 89.31M) | Time:00:00.08 | Mem:48.35M, Peak:48.35M | Scene, ViewLayer | Sample 0/64
Fra:1 Mem:104.54M (Peak 104.54M) | Time:00:00.24 | Remaining:00:10.23 | Mem:85.44M, Peak:85.44M | Scene, ViewLayer | Sample 1/64
Fra:1 Mem:121.02M (Peak 153.98M) | Time:00:05.56 | Mem:85.44M, Peak:85.44M | Scene, ViewLayer | Sample 64/64
Fra:1 Mem:121.02M (Peak 153.98M) | Time:00:05.56 | Mem:85.44M, Peak:85.44M | Scene, ViewLayer | Finished
Saved: '/root/sidereal_spacetime/assets/art-library/framed-wayfarer/r005/family-03/renders/bulkheads.png'
Time: 00:05.76 (Saving: 00:00.19)

22:51:55 | INFO: Data are loaded, start creating Blender stuff
22:51:55 | INFO: Blender create Mesh node MESH-armor-block-8233c1a3a948a91de0c7-closed-incoming-wrapped-b
22:51:55 | INFO: Blender create Mesh node MESH-armor-block-8233c1a3a948a91de0c7-closed-outgoing-wrapped-b
22:51:55 | INFO: Blender create Mesh node MESH-armor-block-8233c1a3a948a91de0c7-closed-solid-body
22:51:55 | INFO: Blender create Mesh node MESH-armor-block-8233c1a3a948a91de0c7-interchangeable-plain-fac
22:51:55 | INFO: Blender create Mesh node MESH-armor-block-8233c1a3a948a91de0c7-lower-impact-rail
22:51:55 | INFO: Blender create Mesh node MESH-armor-block-8233c1a3a948a91de0c7-pale-wrapped-connector-ou
22:51:55 | INFO: Blender create Mesh node MESH-armor-block-8233c1a3a948a91de0c7-pale-wrapped-connector-in
22:51:55 | INFO: Blender create Mesh node MESH-armor-block-8233c1a3a948a91de0c7-recess-shadow-seat
22:51:55 | INFO: Blender create Mesh node MESH-armor-block-8233c1a3a948a91de0c7-upper-stepped-shoulder
22:51:55 | INFO: glTF import finished in 0.00s
22:51:55 | INFO: Data are loaded, start creating Blender stuff
22:51:55 | INFO: Blender create Mesh node MESH-armor-block-a252a121923cfb248f94-closed-incoming-wrapped-b
22:51:55 | INFO: Blender create Mesh node MESH-armor-block-a252a121923cfb248f94-closed-outgoing-wrapped-b
22:51:55 | INFO: Blender create Mesh node MESH-armor-block-a252a121923cfb248f94-closed-solid-body
22:51:55 | INFO: Blender create Mesh node MESH-armor-block-a252a121923cfb248f94-interchangeable-plain-fac
22:51:55 | INFO: Blender create Mesh node MESH-armor-block-a252a121923cfb248f94-lower-impact-rail
22:51:55 | INFO: Blender create Mesh node MESH-armor-block-a252a121923cfb248f94-pale-wrapped-connector-ou
22:51:55 | INFO: Blender create Mesh node MESH-armor-block-a252a121923cfb248f94-pale-wrapped-connector-in
22:51:55 | INFO: Blender create Mesh node MESH-armor-block-a252a121923cfb248f94-recess-shadow-seat
22:51:55 | INFO: Blender create Mesh node MESH-armor-block-a252a121923cfb248f94-upper-stepped-shoulder
22:51:55 | INFO: glTF import finished in 0.00s
22:51:55 | INFO: Data are loaded, start creating Blender stuff
22:51:55 | INFO: Blender create Mesh node MESH-armor-block-981bd24736c640366791-closed-incoming-wrapped-b
22:51:55 | INFO: Blender create Mesh node MESH-armor-block-981bd24736c640366791-closed-outgoing-wrapped-b
22:51:55 | INFO: Blender create Mesh node MESH-armor-block-981bd24736c640366791-closed-solid-body
22:51:55 | INFO: Blender create Mesh node MESH-armor-block-981bd24736c640366791-interchangeable-plain-fac
22:51:55 | INFO: Blender create Mesh node MESH-armor-block-981bd24736c640366791-lower-impact-rail
22:51:55 | INFO: Blender create Mesh node MESH-armor-block-981bd24736c640366791-pale-wrapped-connector-ou
22:51:55 | INFO: Blender create Mesh node MESH-armor-block-981bd24736c640366791-pale-wrapped-connector-in
22:51:55 | INFO: Blender create Mesh node MESH-armor-block-981bd24736c640366791-recess-shadow-seat
22:51:55 | INFO: Blender create Mesh node MESH-armor-block-981bd24736c640366791-upper-stepped-shoulder
22:51:55 | INFO: glTF import finished in 0.00s
22:51:55 | INFO: Data are loaded, start creating Blender stuff
22:51:55 | INFO: Blender create Mesh node MESH-armor-block-7bcf58fae727b968e126-closed-incoming-wrapped-b
22:51:55 | INFO: Blender create Mesh node MESH-armor-block-7bcf58fae727b968e126-closed-outgoing-wrapped-b
22:51:55 | INFO: Blender create Mesh node MESH-armor-block-7bcf58fae727b968e126-closed-solid-body
22:51:55 | INFO: Blender create Mesh node MESH-armor-block-7bcf58fae727b968e126-interchangeable-plain-fac
22:51:55 | INFO: Blender create Mesh node MESH-armor-block-7bcf58fae727b968e126-lower-impact-rail
22:51:55 | INFO: Blender create Mesh node MESH-armor-block-7bcf58fae727b968e126-pale-wrapped-connector-ou
22:51:55 | INFO: Blender create Mesh node MESH-armor-block-7bcf58fae727b968e126-pale-wrapped-connector-in
22:51:55 | INFO: Blender create Mesh node MESH-armor-block-7bcf58fae727b968e126-recess-shadow-seat
22:51:55 | INFO: Blender create Mesh node MESH-armor-block-7bcf58fae727b968e126-upper-stepped-shoulder
22:51:55 | INFO: glTF import finished in 0.01s
22:51:55 | INFO: Data are loaded, start creating Blender stuff
22:51:55 | INFO: Blender create Mesh node MESH-armor-block-825d61aeb52f08f61c14-closed-incoming-wrapped-b
22:51:55 | INFO: Blender create Mesh node MESH-armor-block-825d61aeb52f08f61c14-closed-outgoing-wrapped-b
22:51:55 | INFO: Blender create Mesh node MESH-armor-block-825d61aeb52f08f61c14-closed-solid-body
22:51:55 | INFO: Blender create Mesh node MESH-armor-block-825d61aeb52f08f61c14-interchangeable-plain-fac
22:51:55 | INFO: Blender create Mesh node MESH-armor-block-825d61aeb52f08f61c14-lower-impact-rail
22:51:55 | INFO: Blender create Mesh node MESH-armor-block-825d61aeb52f08f61c14-pale-wrapped-connector-ou
22:51:55 | INFO: Blender create Mesh node MESH-armor-block-825d61aeb52f08f61c14-pale-wrapped-connector-in
22:51:55 | INFO: Blender create Mesh node MESH-armor-block-825d61aeb52f08f61c14-recess-shadow-seat
22:51:55 | INFO: Blender create Mesh node MESH-armor-block-825d61aeb52f08f61c14-upper-stepped-shoulder
22:51:55 | INFO: glTF import finished in 0.01s
Fra:1 Mem:36.17M (Peak 36.17M) | Time:00:00.01 | Mem:0.00M, Peak:0.00M | Scene, ViewLayer | Synchronizing object | GEO-armor-block-981bd24736c640366791--FINISH--pale-wrapped-.001
Fra:1 Mem:36.17M (Peak 36.17M) | Time:00:00.01 | Mem:0.00M, Peak:0.00M | Scene, ViewLayer | Synchronizing object | GEO-armor-block-981bd24736c640366791--FINISH--pale-wrapped-.002
Fra:1 Mem:36.20M (Peak 36.20M) | Time:00:00.01 | Mem:0.00M, Peak:0.00M | Scene, ViewLayer | Synchronizing object | GEO-armor-block-981bd24736c640366791--BACKING--closed-outgo
Fra:1 Mem:36.18M (Peak 36.20M) | Time:00:00.01 | Mem:0.00M, Peak:0.00M | Scene, ViewLayer | Synchronizing object | GEO-armor-block-981bd24736c640366791--BACKING--closed-solid
Fra:1 Mem:36.21M (Peak 36.21M) | Time:00:00.01 | Mem:0.00M, Peak:0.00M | Scene, ViewLayer | Synchronizing object | GEO-armor-block-981bd24736c640366791--FINISH--upper-stepped
Fra:1 Mem:36.21M (Peak 36.21M) | Time:00:00.01 | Mem:0.00M, Peak:0.00M | Scene, ViewLayer | Synchronizing object | GEO-armor-block-981bd24736c640366791--FINISH--lower-impact-
Fra:1 Mem:36.22M (Peak 36.22M) | Time:00:00.01 | Mem:0.00M, Peak:0.00M | Scene, ViewLayer | Synchronizing object | GEO-armor-block-981bd24736c640366791--FINISH--recess-shadow
Fra:1 Mem:36.23M (Peak 36.23M) | Time:00:00.01 | Mem:0.00M, Peak:0.00M | Scene, ViewLayer | Synchronizing object | GEO-armor-block-a252a121923cfb248f94--BACKING--closed-incom
Fra:1 Mem:36.22M (Peak 36.23M) | Time:00:00.01 | Mem:0.00M, Peak:0.00M | Scene, ViewLayer | Synchronizing object | GEO-armor-block-a252a121923cfb248f94--FINISH--lower-impact-
Fra:1 Mem:36.24M (Peak 36.24M) | Time:00:00.01 | Mem:0.00M, Peak:0.00M | Scene, ViewLayer | Synchronizing object | GEO-armor-block-a252a121923cfb248f94--FINISH--pale-wrapped-.001
Fra:1 Mem:36.23M (Peak 36.24M) | Time:00:00.01 | Mem:0.00M, Peak:0.00M | Scene, ViewLayer | Synchronizing object | GEO-armor-block-a252a121923cfb248f94--BACKING--closed-solid
Fra:1 Mem:36.24M (Peak 36.24M) | Time:00:00.01 | Mem:0.00M, Peak:0.00M | Scene, ViewLayer | Synchronizing object | GEO-armor-block-a252a121923cfb248f94--FINISH--recess-shadow
Fra:1 Mem:36.25M (Peak 36.25M) | Time:00:00.01 | Mem:0.00M, Peak:0.00M | Scene, ViewLayer | Synchronizing object | GEO-armor-block-a252a121923cfb248f94--FINISH--pale-wrapped-.002
Fra:1 Mem:36.24M (Peak 36.25M) | Time:00:00.01 | Mem:0.00M, Peak:0.00M | Scene, ViewLayer | Synchronizing object | GEO-armor-block-a252a121923cfb248f94--BACKING--closed-outgo
Fra:1 Mem:36.25M (Peak 36.25M) | Time:00:00.01 | Mem:0.00M, Peak:0.00M | Scene, ViewLayer | Synchronizing object | GEO-armor-block-a252a121923cfb248f94--FINISH--interchangeab
Fra:1 Mem:36.27M (Peak 36.27M) | Time:00:00.01 | Mem:0.00M, Peak:0.00M | Scene, ViewLayer | Synchronizing object | GEO-armor-block-8233c1a3a948a91de0c7--BACKING--closed-solid
Fra:1 Mem:36.28M (Peak 36.28M) | Time:00:00.01 | Mem:0.00M, Peak:0.00M | Scene, ViewLayer | Synchronizing object | GEO-armor-block-8233c1a3a948a91de0c7--FINISH--pale-wrapped-.001
Fra:1 Mem:36.28M (Peak 36.28M) | Time:00:00.01 | Mem:0.00M, Peak:0.00M | Scene, ViewLayer | Synchronizing object | GEO-armor-block-8233c1a3a948a91de0c7--FINISH--upper-stepped
Fra:1 Mem:36.29M (Peak 36.29M) | Time:00:00.01 | Mem:0.00M, Peak:0.00M | Scene, ViewLayer | Synchronizing object | GEO-armor-block-8233c1a3a948a91de0c7--BACKING--closed-outgo
Fra:1 Mem:36.29M (Peak 36.29M) | Time:00:00.01 | Mem:0.00M, Peak:0.00M | Scene, ViewLayer | Synchronizing object | GEO-armor-block-8233c1a3a948a91de0c7--BACKING--closed-incom
Fra:1 Mem:36.28M (Peak 36.29M) | Time:00:00.01 | Mem:0.00M, Peak:0.00M | Scene, ViewLayer | Synchronizing object | GEO-armor-block-8233c1a3a948a91de0c7--FINISH--interchangeab
Fra:1 Mem:36.30M (Peak 36.30M) | Time:00:00.01 | Mem:0.00M, Peak:0.00M | Scene, ViewLayer | Synchronizing object | GEO-armor-block-8233c1a3a948a91de0c7--FINISH--lower-impact-
Fra:1 Mem:36.30M (Peak 36.30M) | Time:00:00.01 | Mem:0.00M, Peak:0.00M | Scene, ViewLayer | Synchronizing object | GEO-armor-block-8233c1a3a948a91de0c7--FINISH--pale-wrapped-.002
Fra:1 Mem:36.31M (Peak 36.31M) | Time:00:00.01 | Mem:0.00M, Peak:0.00M | Scene, ViewLayer | Synchronizing object | GEO-armor-block-8233c1a3a948a91de0c7--FINISH--recess-shadow
Fra:1 Mem:36.31M (Peak 36.31M) | Time:00:00.01 | Mem:0.00M, Peak:0.00M | Scene, ViewLayer | Synchronizing object | GEO-armor-block-7bcf58fae727b968e126--FINISH--pale-wrapped-.001
Fra:1 Mem:36.33M (Peak 36.33M) | Time:00:00.01 | Mem:0.00M, Peak:0.00M | Scene, ViewLayer | Synchronizing object | GEO-armor-block-7bcf58fae727b968e126--BACKING--closed-incom
Fra:1 Mem:36.33M (Peak 36.33M) | Time:00:00.01 | Mem:0.00M, Peak:0.00M | Scene, ViewLayer | Synchronizing object | GEO-armor-block-7bcf58fae727b968e126--BACKING--closed-outgo
Fra:1 Mem:36.32M (Peak 36.33M) | Time:00:00.01 | Mem:0.00M, Peak:0.00M | Scene, ViewLayer | Synchronizing object | GEO-armor-block-7bcf58fae727b968e126--FINISH--recess-shadow
Fra:1 Mem:36.33M (Peak 36.33M) | Time:00:00.01 | Mem:0.00M, Peak:0.00M | Scene, ViewLayer | Synchronizing object | GEO-armor-block-7bcf58fae727b968e126--FINISH--interchangeab
Fra:1 Mem:36.33M (Peak 36.33M) | Time:00:00.01 | Mem:0.00M, Peak:0.00M | Scene, ViewLayer | Synchronizing object | GEO-armor-block-7bcf58fae727b968e126--FINISH--upper-stepped
Fra:1 Mem:36.34M (Peak 36.34M) | Time:00:00.01 | Mem:0.00M, Peak:0.00M | Scene, ViewLayer | Synchronizing object | GEO-armor-block-7bcf58fae727b968e126--FINISH--lower-impact-
Fra:1 Mem:36.36M (Peak 36.36M) | Time:00:00.01 | Mem:0.00M, Peak:0.00M | Scene, ViewLayer | Synchronizing object | GEO-armor-block-7bcf58fae727b968e126--FINISH--pale-wrapped-.002
Fra:1 Mem:36.37M (Peak 36.37M) | Time:00:00.01 | Mem:0.00M, Peak:0.00M | Scene, ViewLayer | Synchronizing object | GEO-armor-block-7bcf58fae727b968e126--BACKING--closed-solid
Fra:1 Mem:36.37M (Peak 36.37M) | Time:00:00.01 | Mem:0.00M, Peak:0.00M | Scene, ViewLayer | Synchronizing object | GEO-armor-block-825d61aeb52f08f61c14--FINISH--pale-wrapped-.001
Fra:1 Mem:36.37M (Peak 36.37M) | Time:00:00.01 | Mem:0.00M, Peak:0.00M | Scene, ViewLayer | Synchronizing object | GEO-armor-block-825d61aeb52f08f61c14--FINISH--interchangeab
Fra:1 Mem:36.38M (Peak 36.38M) | Time:00:00.01 | Mem:0.00M, Peak:0.00M | Scene, ViewLayer | Synchronizing object | GEO-armor-block-825d61aeb52f08f61c14--BACKING--closed-outgo
Fra:1 Mem:36.38M (Peak 36.38M) | Time:00:00.01 | Mem:0.00M, Peak:0.00M | Scene, ViewLayer | Synchronizing object | GEO-armor-block-825d61aeb52f08f61c14--FINISH--pale-wrapped-.002
Fra:1 Mem:36.38M (Peak 36.38M) | Time:00:00.01 | Mem:0.00M, Peak:0.00M | Scene, ViewLayer | Synchronizing object | GEO-armor-block-825d61aeb52f08f61c14--FINISH--recess-shadow
Fra:1 Mem:36.40M (Peak 36.40M) | Time:00:00.01 | Mem:0.00M, Peak:0.00M | Scene, ViewLayer | Synchronizing object | GEO-armor-block-825d61aeb52f08f61c14--BACKING--closed-solid
Fra:1 Mem:36.40M (Peak 36.40M) | Time:00:00.01 | Mem:0.00M, Peak:0.00M | Scene, ViewLayer | Synchronizing object | GEO-armor-block-825d61aeb52f08f61c14--FINISH--upper-stepped
Fra:1 Mem:36.40M (Peak 36.40M) | Time:00:00.01 | Mem:0.00M, Peak:0.00M | Scene, ViewLayer | Synchronizing object | GEO-armor-block-825d61aeb52f08f61c14--FINISH--lower-impact-
Fra:1 Mem:36.40M (Peak 36.40M) | Time:00:00.01 | Mem:0.00M, Peak:0.00M | Scene, ViewLayer | Synchronizing object | GEO-armor-block-825d61aeb52f08f61c14--BACKING--closed-incom
Fra:1 Mem:36.42M (Peak 36.42M) | Time:00:00.01 | Mem:0.00M, Peak:0.00M | Scene, ViewLayer | Initializing
Fra:1 Mem:35.29M (Peak 36.42M) | Time:00:00.01 | Mem:0.00M, Peak:0.00M | Scene, ViewLayer | Updating Images | Loading armor-normal.004
Fra:1 Mem:35.29M (Peak 36.42M) | Time:00:00.01 | Mem:0.00M, Peak:0.00M | Scene, ViewLayer | Updating Images | Loading armor-roughness.002
Fra:1 Mem:59.31M (Peak 67.31M) | Time:00:00.02 | Mem:4.00M, Peak:4.00M | Scene, ViewLayer | Updating Images | Loading armor-basecolor.001
Fra:1 Mem:55.30M (Peak 67.31M) | Time:00:00.02 | Mem:8.00M, Peak:8.00M | Scene, ViewLayer | Updating Images | Loading armor-roughness.004
Fra:1 Mem:67.31M (Peak 75.32M) | Time:00:00.03 | Mem:12.00M, Peak:12.00M | Scene, ViewLayer | Updating Images | Loading armor-roughness.001
Fra:1 Mem:63.30M (Peak 75.32M) | Time:00:00.03 | Mem:16.00M, Peak:16.00M | Scene, ViewLayer | Updating Images | Loading armor-normal.001
Fra:1 Mem:75.31M (Peak 83.32M) | Time:00:00.04 | Mem:20.00M, Peak:20.00M | Scene, ViewLayer | Updating Images | Loading armor-basecolor
Fra:1 Mem:79.31M (Peak 87.32M) | Time:00:00.05 | Mem:24.00M, Peak:24.00M | Scene, ViewLayer | Updating Images | Loading armor-roughness
Fra:1 Mem:75.30M (Peak 87.32M) | Time:00:00.05 | Mem:28.00M, Peak:28.00M | Scene, ViewLayer | Updating Images | Loading armor-basecolor.004
Fra:1 Mem:79.30M (Peak 87.32M) | Time:00:00.06 | Mem:32.00M, Peak:32.00M | Scene, ViewLayer | Updating Images | Loading armor-normal
Fra:1 Mem:107.33M (Peak 115.34M) | Time:00:00.06 | Mem:36.00M, Peak:36.00M | Scene, ViewLayer | Updating Images | Loading armor-basecolor.003
Fra:1 Mem:103.32M (Peak 115.34M) | Time:00:00.06 | Mem:40.00M, Peak:40.00M | Scene, ViewLayer | Updating Images | Loading armor-roughness.003
Fra:1 Mem:99.31M (Peak 115.34M) | Time:00:00.06 | Mem:44.00M, Peak:44.00M | Scene, ViewLayer | Updating Images | Loading armor-normal.003
Fra:1 Mem:87.57M (Peak 115.34M) | Time:00:00.08 | Mem:60.00M, Peak:60.00M | Scene, ViewLayer | Waiting for render to start
Fra:1 Mem:87.57M (Peak 115.34M) | Time:00:00.08 | Mem:60.00M, Peak:60.00M | Scene, ViewLayer | Loading render kernels (may take a few minutes the first time)
Fra:1 Mem:87.57M (Peak 115.34M) | Time:00:00.08 | Mem:60.00M, Peak:60.00M | Scene, ViewLayer | Updating Scene
Fra:1 Mem:87.57M (Peak 115.34M) | Time:00:00.08 | Mem:60.00M, Peak:60.00M | Scene, ViewLayer | Updating Shaders
Fra:1 Mem:87.65M (Peak 115.34M) | Time:00:00.08 | Mem:60.00M, Peak:60.00M | Scene, ViewLayer | Updating Procedurals
Fra:1 Mem:87.65M (Peak 115.34M) | Time:00:00.08 | Mem:60.00M, Peak:60.00M | Scene, ViewLayer | Updating Background
Fra:1 Mem:87.65M (Peak 115.34M) | Time:00:00.08 | Mem:60.00M, Peak:60.00M | Scene, ViewLayer | Updating Camera
Fra:1 Mem:87.65M (Peak 115.34M) | Time:00:00.08 | Mem:60.00M, Peak:60.00M | Scene, ViewLayer | Updating Meshes Flags
Fra:1 Mem:87.65M (Peak 115.34M) | Time:00:00.08 | Mem:60.00M, Peak:60.00M | Scene, ViewLayer | Updating Objects
Fra:1 Mem:87.65M (Peak 115.34M) | Time:00:00.08 | Mem:60.00M, Peak:60.00M | Scene, ViewLayer | Updating Objects | Copying Transformations to device
Fra:1 Mem:87.72M (Peak 115.34M) | Time:00:00.08 | Mem:60.07M, Peak:60.07M | Scene, ViewLayer | Updating Objects | Applying Static Transformations
Fra:1 Mem:87.72M (Peak 115.34M) | Time:00:00.08 | Mem:60.07M, Peak:60.07M | Scene, ViewLayer | Updating Particle Systems
Fra:1 Mem:87.72M (Peak 115.34M) | Time:00:00.08 | Mem:60.07M, Peak:60.07M | Scene, ViewLayer | Updating Particle Systems | Copying Particles to device
Fra:1 Mem:87.72M (Peak 115.34M) | Time:00:00.08 | Mem:60.07M, Peak:60.07M | Scene, ViewLayer | Updating Meshes
Fra:1 Mem:87.73M (Peak 115.34M) | Time:00:00.08 | Mem:60.07M, Peak:60.07M | Scene, ViewLayer | Updating Mesh | Computing attributes
Fra:1 Mem:87.86M (Peak 115.34M) | Time:00:00.08 | Mem:60.08M, Peak:60.08M | Scene, ViewLayer | Updating Mesh | Copying Attributes to device
Fra:1 Mem:87.82M (Peak 115.34M) | Time:00:00.08 | Mem:60.16M, Peak:60.16M | Scene, ViewLayer | Updating Geometry BVH MESH-armor-block-981bd24736c640366791-closed-incoming-wrapped-b 2/45 | Building BVH
Fra:1 Mem:87.82M (Peak 115.34M) | Time:00:00.08 | Mem:60.16M, Peak:60.16M | Scene, ViewLayer | Updating Geometry BVH MESH-armor-block-981bd24736c640366791-pale-wrapped-connector-in 3/45 | Building BVH
Fra:1 Mem:87.82M (Peak 115.34M) | Time:00:00.08 | Mem:60.16M, Peak:60.16M | Scene, ViewLayer | Updating Geometry BVH MESH-armor-block-981bd24736c640366791-pale-wrapped-connector-in 3/45 | Building BVH 0%
Fra:1 Mem:87.82M (Peak 115.34M) | Time:00:00.08 | Mem:60.16M, Peak:60.16M | Scene, ViewLayer | Updating Geometry BVH MESH-armor-block-981bd24736c640366791-closed-outgoing-wrapped-b 4/45 | Building BVH
Fra:1 Mem:87.82M (Peak 115.34M) | Time:00:00.08 | Mem:60.17M, Peak:60.17M | Scene, ViewLayer | Updating Geometry BVH MESH-armor-block-981bd24736c640366791-interchangeable-plain-fac 5/45 | Building BVH
Fra:1 Mem:87.82M (Peak 115.34M) | Time:00:00.08 | Mem:60.17M, Peak:60.17M | Scene, ViewLayer | Updating Geometry BVH MESH-armor-block-981bd24736c640366791-closed-solid-body 6/45 | Building BVH
Fra:1 Mem:87.82M (Peak 115.34M) | Time:00:00.08 | Mem:60.17M, Peak:60.17M | Scene, ViewLayer | Updating Geometry BVH MESH-armor-block-981bd24736c640366791-upper-stepped-shoulder 7/45 | Building BVH
Fra:1 Mem:87.82M (Peak 115.34M) | Time:00:00.08 | Mem:60.17M, Peak:60.17M | Scene, ViewLayer | Updating Geometry BVH MESH-armor-block-981bd24736c640366791-lower-impact-rail 8/45 | Building BVH
Fra:1 Mem:87.82M (Peak 115.34M) | Time:00:00.08 | Mem:60.17M, Peak:60.17M | Scene, ViewLayer | Updating Geometry BVH MESH-armor-block-981bd24736c640366791-recess-shadow-seat 9/45 | Building BVH
Fra:1 Mem:87.82M (Peak 115.34M) | Time:00:00.08 | Mem:60.17M, Peak:60.17M | Scene, ViewLayer | Updating Geometry BVH MESH-armor-block-a252a121923cfb248f94-closed-incoming-wrapped-b 10/45 | Building BVH
Fra:1 Mem:87.82M (Peak 115.34M) | Time:00:00.08 | Mem:60.18M, Peak:60.18M | Scene, ViewLayer | Updating Geometry BVH MESH-armor-block-a252a121923cfb248f94-upper-stepped-shoulder 11/45 | Building BVH
Fra:1 Mem:87.82M (Peak 115.34M) | Time:00:00.08 | Mem:60.18M, Peak:60.18M | Scene, ViewLayer | Updating Geometry BVH MESH-armor-block-a252a121923cfb248f94-lower-impact-rail 12/45 | Building BVH
Fra:1 Mem:87.82M (Peak 115.34M) | Time:00:00.08 | Mem:60.18M, Peak:60.18M | Scene, ViewLayer | Updating Geometry BVH MESH-armor-block-a252a121923cfb248f94-pale-wrapped-connector-ou 13/45 | Building BVH
Fra:1 Mem:87.82M (Peak 115.34M) | Time:00:00.08 | Mem:60.18M, Peak:60.18M | Scene, ViewLayer | Updating Geometry BVH MESH-armor-block-a252a121923cfb248f94-closed-solid-body 14/45 | Building BVH
Fra:1 Mem:87.82M (Peak 115.34M) | Time:00:00.08 | Mem:60.18M, Peak:60.18M | Scene, ViewLayer | Updating Geometry BVH MESH-armor-block-a252a121923cfb248f94-recess-shadow-seat 15/45 | Building BVH
Fra:1 Mem:87.82M (Peak 115.34M) | Time:00:00.08 | Mem:60.18M, Peak:60.18M | Scene, ViewLayer | Updating Geometry BVH MESH-armor-block-a252a121923cfb248f94-pale-wrapped-connector-in 16/45 | Building BVH
Fra:1 Mem:87.82M (Peak 115.34M) | Time:00:00.08 | Mem:60.19M, Peak:60.19M | Scene, ViewLayer | Updating Geometry BVH MESH-armor-block-a252a121923cfb248f94-closed-outgoing-wrapped-b 17/45 | Building BVH
Fra:1 Mem:87.82M (Peak 115.34M) | Time:00:00.08 | Mem:60.19M, Peak:60.19M | Scene, ViewLayer | Updating Geometry BVH MESH-armor-block-a252a121923cfb248f94-interchangeable-plain-fac 18/45 | Building BVH
Fra:1 Mem:87.82M (Peak 115.34M) | Time:00:00.08 | Mem:60.19M, Peak:60.19M | Scene, ViewLayer | Updating Geometry BVH MESH-armor-block-8233c1a3a948a91de0c7-closed-solid-body 19/45 | Building BVH
Fra:1 Mem:87.82M (Peak 115.34M) | Time:00:00.08 | Mem:60.19M, Peak:60.19M | Scene, ViewLayer | Updating Geometry BVH MESH-armor-block-8233c1a3a948a91de0c7-pale-wrapped-connector-ou 20/45 | Building BVH
Fra:1 Mem:87.82M (Peak 115.34M) | Time:00:00.08 | Mem:60.20M, Peak:60.20M | Scene, ViewLayer | Updating Geometry BVH MESH-armor-block-8233c1a3a948a91de0c7-upper-stepped-shoulder 21/45 | Building BVH
Fra:1 Mem:87.82M (Peak 115.34M) | Time:00:00.08 | Mem:60.20M, Peak:60.20M | Scene, ViewLayer | Updating Geometry BVH MESH-armor-block-8233c1a3a948a91de0c7-closed-outgoing-wrapped-b 22/45 | Building BVH
Fra:1 Mem:87.82M (Peak 115.34M) | Time:00:00.08 | Mem:60.20M, Peak:60.20M | Scene, ViewLayer | Updating Geometry BVH MESH-armor-block-8233c1a3a948a91de0c7-closed-incoming-wrapped-b 23/45 | Building BVH
Fra:1 Mem:87.82M (Peak 115.34M) | Time:00:00.08 | Mem:60.20M, Peak:60.20M | Scene, ViewLayer | Updating Geometry BVH MESH-armor-block-8233c1a3a948a91de0c7-interchangeable-plain-fac 24/45 | Building BVH
Fra:1 Mem:87.82M (Peak 115.34M) | Time:00:00.08 | Mem:60.20M, Peak:60.21M | Scene, ViewLayer | Updating Geometry BVH MESH-armor-block-8233c1a3a948a91de0c7-lower-impact-rail 25/45 | Building BVH
Fra:1 Mem:87.82M (Peak 115.34M) | Time:00:00.08 | Mem:60.20M, Peak:60.21M | Scene, ViewLayer | Updating Geometry BVH MESH-armor-block-8233c1a3a948a91de0c7-pale-wrapped-connector-in 26/45 | Building BVH
Fra:1 Mem:87.82M (Peak 115.34M) | Time:00:00.08 | Mem:60.21M, Peak:60.21M | Scene, ViewLayer | Updating Geometry BVH MESH-armor-block-8233c1a3a948a91de0c7-recess-shadow-seat 27/45 | Building BVH
Fra:1 Mem:87.82M (Peak 115.34M) | Time:00:00.08 | Mem:60.21M, Peak:60.21M | Scene, ViewLayer | Updating Geometry BVH MESH-armor-block-7bcf58fae727b968e126-pale-wrapped-connector-ou 28/45 | Building BVH
Fra:1 Mem:87.82M (Peak 115.34M) | Time:00:00.08 | Mem:60.21M, Peak:60.21M | Scene, ViewLayer | Updating Geometry BVH MESH-armor-block-7bcf58fae727b968e126-closed-incoming-wrapped-b 29/45 | Building BVH
Fra:1 Mem:87.83M (Peak 115.34M) | Time:00:00.08 | Mem:60.21M, Peak:60.21M | Scene, ViewLayer | Updating Geometry BVH MESH-armor-block-7bcf58fae727b968e126-closed-outgoing-wrapped-b 30/45 | Building BVH
Fra:1 Mem:87.83M (Peak 115.34M) | Time:00:00.08 | Mem:60.21M, Peak:60.22M | Scene, ViewLayer | Updating Geometry BVH MESH-armor-block-7bcf58fae727b968e126-recess-shadow-seat 31/45 | Building BVH
Fra:1 Mem:87.83M (Peak 115.34M) | Time:00:00.08 | Mem:60.22M, Peak:60.22M | Scene, ViewLayer | Updating Geometry BVH MESH-armor-block-7bcf58fae727b968e126-interchangeable-plain-fac 32/45 | Building BVH
Fra:1 Mem:87.83M (Peak 115.34M) | Time:00:00.08 | Mem:60.22M, Peak:60.22M | Scene, ViewLayer | Updating Geometry BVH MESH-armor-block-7bcf58fae727b968e126-upper-stepped-shoulder 33/45 | Building BVH
Fra:1 Mem:87.83M (Peak 115.34M) | Time:00:00.08 | Mem:60.22M, Peak:60.22M | Scene, ViewLayer | Updating Geometry BVH MESH-armor-block-7bcf58fae727b968e126-lower-impact-rail 34/45 | Building BVH
Fra:1 Mem:87.83M (Peak 115.34M) | Time:00:00.08 | Mem:60.22M, Peak:60.22M | Scene, ViewLayer | Updating Geometry BVH MESH-armor-block-7bcf58fae727b968e126-pale-wrapped-connector-in 35/45 | Building BVH
Fra:1 Mem:87.83M (Peak 115.34M) | Time:00:00.08 | Mem:60.23M, Peak:60.23M | Scene, ViewLayer | Updating Geometry BVH MESH-armor-block-7bcf58fae727b968e126-closed-solid-body 36/45 | Building BVH
Fra:1 Mem:87.83M (Peak 115.34M) | Time:00:00.08 | Mem:60.23M, Peak:60.23M | Scene, ViewLayer | Updating Geometry BVH MESH-armor-block-825d61aeb52f08f61c14-pale-wrapped-connector-in 37/45 | Building BVH
Fra:1 Mem:87.83M (Peak 115.34M) | Time:00:00.08 | Mem:60.23M, Peak:60.23M | Scene, ViewLayer | Updating Geometry BVH MESH-armor-block-825d61aeb52f08f61c14-interchangeable-plain-fac 38/45 | Building BVH
Fra:1 Mem:87.83M (Peak 115.34M) | Time:00:00.08 | Mem:60.23M, Peak:60.24M | Scene, ViewLayer | Updating Geometry BVH MESH-armor-block-825d61aeb52f08f61c14-closed-outgoing-wrapped-b 39/45 | Building BVH
Fra:1 Mem:87.83M (Peak 115.34M) | Time:00:00.08 | Mem:60.24M, Peak:60.24M | Scene, ViewLayer | Updating Geometry BVH MESH-armor-block-825d61aeb52f08f61c14-pale-wrapped-connector-ou 40/45 | Building BVH
Fra:1 Mem:87.83M (Peak 115.34M) | Time:00:00.08 | Mem:60.24M, Peak:60.24M | Scene, ViewLayer | Updating Geometry BVH MESH-armor-block-825d61aeb52f08f61c14-recess-shadow-seat 41/45 | Building BVH
Fra:1 Mem:87.83M (Peak 115.34M) | Time:00:00.08 | Mem:60.24M, Peak:60.24M | Scene, ViewLayer | Updating Geometry BVH MESH-armor-block-825d61aeb52f08f61c14-closed-solid-body 42/45 | Building BVH
Fra:1 Mem:87.83M (Peak 115.34M) | Time:00:00.08 | Mem:60.24M, Peak:60.24M | Scene, ViewLayer | Updating Geometry BVH MESH-armor-block-825d61aeb52f08f61c14-upper-stepped-shoulder 43/45 | Building BVH
Fra:1 Mem:87.83M (Peak 115.34M) | Time:00:00.08 | Mem:60.24M, Peak:60.24M | Scene, ViewLayer | Updating Geometry BVH MESH-armor-block-825d61aeb52f08f61c14-lower-impact-rail 44/45 | Building BVH
Fra:1 Mem:87.83M (Peak 115.34M) | Time:00:00.08 | Mem:60.25M, Peak:60.25M | Scene, ViewLayer | Updating Scene BVH | Building
Fra:1 Mem:87.83M (Peak 115.34M) | Time:00:00.08 | Mem:60.25M, Peak:60.25M | Scene, ViewLayer | Updating Scene BVH | Building BVH
Fra:1 Mem:87.83M (Peak 115.34M) | Time:00:00.08 | Mem:60.34M, Peak:60.35M | Scene, ViewLayer | Updating Scene BVH | Copying BVH to device
Fra:1 Mem:87.83M (Peak 115.34M) | Time:00:00.08 | Mem:60.34M, Peak:60.35M | Scene, ViewLayer | Updating Mesh | Computing normals
Fra:1 Mem:87.91M (Peak 115.34M) | Time:00:00.08 | Mem:60.34M, Peak:60.35M | Scene, ViewLayer | Updating Mesh | Copying Mesh to device
Fra:1 Mem:87.91M (Peak 115.34M) | Time:00:00.08 | Mem:60.42M, Peak:60.42M | Scene, ViewLayer | Updating Objects Flags
Fra:1 Mem:87.91M (Peak 115.34M) | Time:00:00.08 | Mem:60.43M, Peak:60.43M | Scene, ViewLayer | Updating Primitive Offsets
Fra:1 Mem:87.91M (Peak 115.34M) | Time:00:00.08 | Mem:60.43M, Peak:60.43M | Scene, ViewLayer | Updating Images
Fra:1 Mem:87.91M (Peak 115.34M) | Time:00:00.08 | Mem:60.43M, Peak:60.43M | Scene, ViewLayer | Updating Camera Volume
Fra:1 Mem:87.91M (Peak 115.34M) | Time:00:00.08 | Mem:60.43M, Peak:60.43M | Scene, ViewLayer | Updating Lookup Tables
Fra:1 Mem:87.91M (Peak 115.34M) | Time:00:00.08 | Mem:60.51M, Peak:60.51M | Scene, ViewLayer | Updating Lights
Fra:1 Mem:87.91M (Peak 115.34M) | Time:00:00.08 | Mem:60.51M, Peak:60.51M | Scene, ViewLayer | Updating Lights | Computing tree
Fra:1 Mem:87.92M (Peak 115.34M) | Time:00:00.08 | Mem:60.51M, Peak:60.51M | Scene, ViewLayer | Updating Integrator
Fra:1 Mem:87.92M (Peak 115.34M) | Time:00:00.08 | Mem:60.51M, Peak:60.51M | Scene, ViewLayer | Updating Film
Fra:1 Mem:87.92M (Peak 115.34M) | Time:00:00.08 | Mem:60.43M, Peak:60.51M | Scene, ViewLayer | Updating Lookup Tables
Fra:1 Mem:87.92M (Peak 115.34M) | Time:00:00.08 | Mem:60.52M, Peak:60.52M | Scene, ViewLayer | Updating Baking
Fra:1 Mem:87.92M (Peak 115.34M) | Time:00:00.08 | Mem:60.52M, Peak:60.52M | Scene, ViewLayer | Updating Device | Writing constant memory
Fra:1 Mem:87.92M (Peak 115.34M) | Time:00:00.08 | Mem:60.52M, Peak:60.52M | Scene, ViewLayer | Sample 0/64
Fra:1 Mem:125.02M (Peak 125.02M) | Time:00:00.18 | Remaining:00:06.22 | Mem:97.61M, Peak:97.61M | Scene, ViewLayer | Sample 1/64
Fra:1 Mem:141.50M (Peak 174.46M) | Time:00:04.29 | Mem:97.61M, Peak:97.61M | Scene, ViewLayer | Sample 64/64
Fra:1 Mem:141.50M (Peak 174.46M) | Time:00:04.29 | Mem:97.61M, Peak:97.61M | Scene, ViewLayer | Finished
Saved: '/root/sidereal_spacetime/assets/art-library/framed-wayfarer/r005/family-03/renders/directions-32.png'
Time: 00:04.38 (Saving: 00:00.09)

22:52:00 | INFO: Data are loaded, start creating Blender stuff
22:52:00 | INFO: Blender create Mesh node MESH-armor-block-a6743a347ee2fcdd1ce9-closed-incoming-wrapped-b
22:52:00 | INFO: Blender create Mesh node MESH-armor-block-a6743a347ee2fcdd1ce9-closed-outgoing-wrapped-b
22:52:00 | INFO: Blender create Mesh node MESH-armor-block-a6743a347ee2fcdd1ce9-closed-solid-body
22:52:00 | INFO: Blender create Mesh node MESH-armor-block-a6743a347ee2fcdd1ce9-cyan-flush-status-lens
22:52:00 | INFO: Blender create Mesh node MESH-armor-block-a6743a347ee2fcdd1ce9-interchangeable-plain-fac
22:52:00 | INFO: Blender create Mesh node MESH-armor-block-a6743a347ee2fcdd1ce9-lower-impact-rail-right
22:52:00 | INFO: Blender create Mesh node MESH-armor-block-a6743a347ee2fcdd1ce9-lower-impact-rail-cut-poc
22:52:00 | INFO: Blender create Mesh node MESH-armor-block-a6743a347ee2fcdd1ce9-lower-impact-rail-left
22:52:00 | INFO: Blender create Mesh node MESH-armor-block-a6743a347ee2fcdd1ce9-pale-wrapped-connector-ou
22:52:00 | INFO: Blender create Mesh node MESH-armor-block-a6743a347ee2fcdd1ce9-pale-wrapped-connector-in
22:52:00 | INFO: Blender create Mesh node MESH-armor-block-a6743a347ee2fcdd1ce9-recess-shadow-seat
22:52:00 | INFO: Blender create Mesh node MESH-armor-block-a6743a347ee2fcdd1ce9-upper-stepped-shoulder
22:52:00 | INFO: glTF import finished in 0.01s
22:52:00 | INFO: Data are loaded, start creating Blender stuff
22:52:00 | INFO: Blender create Mesh node MESH-armor-block-62ad930c45227d5287a0-closed-incoming-wrapped-b
22:52:00 | INFO: Blender create Mesh node MESH-armor-block-62ad930c45227d5287a0-closed-outgoing-wrapped-b
22:52:00 | INFO: Blender create Mesh node MESH-armor-block-62ad930c45227d5287a0-closed-solid-body
22:52:00 | INFO: Blender create Mesh node MESH-armor-block-62ad930c45227d5287a0-cyan-flush-status-lens
22:52:00 | INFO: Blender create Mesh node MESH-armor-block-62ad930c45227d5287a0-interchangeable-plain-fac
22:52:00 | INFO: Blender create Mesh node MESH-armor-block-62ad930c45227d5287a0-lower-impact-rail-right
22:52:00 | INFO: Blender create Mesh node MESH-armor-block-62ad930c45227d5287a0-lower-impact-rail-cut-poc
22:52:00 | INFO: Blender create Mesh node MESH-armor-block-62ad930c45227d5287a0-lower-impact-rail-left
22:52:00 | INFO: Blender create Mesh node MESH-armor-block-62ad930c45227d5287a0-pale-wrapped-connector-ou
22:52:00 | INFO: Blender create Mesh node MESH-armor-block-62ad930c45227d5287a0-pale-wrapped-connector-in
22:52:00 | INFO: Blender create Mesh node MESH-armor-block-62ad930c45227d5287a0-recess-shadow-seat
22:52:00 | INFO: Blender create Mesh node MESH-armor-block-62ad930c45227d5287a0-upper-stepped-shoulder
22:52:00 | INFO: glTF import finished in 0.01s
22:52:00 | INFO: Data are loaded, start creating Blender stuff
22:52:00 | INFO: Blender create Mesh node MESH-armor-block-e1affbf19f4b7fa30311-closed-junction-wedge
22:52:00 | INFO: Blender create Mesh node MESH-armor-block-e1affbf19f4b7fa30311-junction-lower-navy-shoe
22:52:00 | INFO: Blender create Mesh node MESH-armor-block-e1affbf19f4b7fa30311-junction-upper-navy-shoul
22:52:00 | INFO: Blender create Mesh node MESH-armor-block-e1affbf19f4b7fa30311-junction-wrapped-pale-con
22:52:00 | INFO: glTF import finished in 0.01s
22:52:00 | INFO: Data are loaded, start creating Blender stuff
22:52:00 | INFO: Blender create Mesh node MESH-armor-block-926961217b49c21a526b-closed-incoming-wrapped-b
22:52:00 | INFO: Blender create Mesh node MESH-armor-block-926961217b49c21a526b-closed-outgoing-wrapped-b
22:52:00 | INFO: Blender create Mesh node MESH-armor-block-926961217b49c21a526b-closed-solid-body
22:52:00 | INFO: Blender create Mesh node MESH-armor-block-926961217b49c21a526b-cyan-flush-status-lens
22:52:00 | INFO: Blender create Mesh node MESH-armor-block-926961217b49c21a526b-interchangeable-red-servi
22:52:00 | INFO: Blender create Mesh node MESH-armor-block-926961217b49c21a526b-lower-impact-rail-right
22:52:00 | INFO: Blender create Mesh node MESH-armor-block-926961217b49c21a526b-lower-impact-rail-cut-poc
22:52:00 | INFO: Blender create Mesh node MESH-armor-block-926961217b49c21a526b-lower-impact-rail-left
22:52:00 | INFO: Blender create Mesh node MESH-armor-block-926961217b49c21a526b-pale-wrapped-connector-ou
22:52:00 | INFO: Blender create Mesh node MESH-armor-block-926961217b49c21a526b-pale-wrapped-connector-in
22:52:00 | INFO: Blender create Mesh node MESH-armor-block-926961217b49c21a526b-recess-shadow-seat
22:52:00 | INFO: Blender create Mesh node MESH-armor-block-926961217b49c21a526b-upper-stepped-shoulder
22:52:00 | INFO: glTF import finished in 0.01s
22:52:00 | INFO: Data are loaded, start creating Blender stuff
22:52:00 | INFO: Blender create Mesh node MESH-armor-block-137adc2153a878094d60-closed-incoming-wrapped-b
22:52:00 | INFO: Blender create Mesh node MESH-armor-block-137adc2153a878094d60-closed-outgoing-wrapped-b
22:52:00 | INFO: Blender create Mesh node MESH-armor-block-137adc2153a878094d60-closed-solid-body
22:52:00 | INFO: Blender create Mesh node MESH-armor-block-137adc2153a878094d60-cyan-flush-status-lens
22:52:00 | INFO: Blender create Mesh node MESH-armor-block-137adc2153a878094d60-interchangeable-utility-f
22:52:00 | INFO: Blender create Mesh node MESH-armor-block-137adc2153a878094d60-lower-impact-rail-right
22:52:00 | INFO: Blender create Mesh node MESH-armor-block-137adc2153a878094d60-lower-impact-rail-cut-poc
22:52:00 | INFO: Blender create Mesh node MESH-armor-block-137adc2153a878094d60-lower-impact-rail-left
22:52:00 | INFO: Blender create Mesh node MESH-armor-block-137adc2153a878094d60-pale-wrapped-connector-ou
22:52:00 | INFO: Blender create Mesh node MESH-armor-block-137adc2153a878094d60-pale-wrapped-connector-in
22:52:00 | INFO: Blender create Mesh node MESH-armor-block-137adc2153a878094d60-recess-shadow-seat
22:52:00 | INFO: Blender create Mesh node MESH-armor-block-137adc2153a878094d60-upper-stepped-shoulder
22:52:00 | INFO: Blender create Mesh node MESH-armor-block-137adc2153a878094d60-utility-removable-box
22:52:00 | INFO: Blender create Mesh node MESH-armor-block-137adc2153a878094d60-utility-status-lens
22:52:00 | INFO: glTF import finished in 0.01s
22:52:00 | INFO: Data are loaded, start creating Blender stuff
22:52:00 | INFO: Blender create Mesh node MESH-armor-block-e40f082abbcbe4f55a62-closed-incoming-wrapped-b
22:52:00 | INFO: Blender create Mesh node MESH-armor-block-e40f082abbcbe4f55a62-closed-outgoing-wrapped-b
22:52:00 | INFO: Blender create Mesh node MESH-armor-block-e40f082abbcbe4f55a62-closed-solid-body
22:52:00 | INFO: Blender create Mesh node MESH-armor-block-e40f082abbcbe4f55a62-cyan-flush-status-lens
22:52:00 | INFO: Blender create Mesh node MESH-armor-block-e40f082abbcbe4f55a62-interchangeable-identity-
22:52:00 | INFO: Blender create Mesh node MESH-armor-block-e40f082abbcbe4f55a62-lower-impact-rail-right
22:52:00 | INFO: Blender create Mesh node MESH-armor-block-e40f082abbcbe4f55a62-lower-impact-rail-cut-poc
22:52:00 | INFO: Blender create Mesh node MESH-armor-block-e40f082abbcbe4f55a62-lower-impact-rail-left
22:52:00 | INFO: Blender create Mesh node MESH-armor-block-e40f082abbcbe4f55a62-pale-wrapped-connector-ou
22:52:00 | INFO: Blender create Mesh node MESH-armor-block-e40f082abbcbe4f55a62-pale-wrapped-connector-in
22:52:00 | INFO: Blender create Mesh node MESH-armor-block-e40f082abbcbe4f55a62-recess-shadow-seat
22:52:00 | INFO: Blender create Mesh node MESH-armor-block-e40f082abbcbe4f55a62-upper-stepped-shoulder
22:52:00 | INFO: glTF import finished in 0.01s
22:52:00 | INFO: Data are loaded, start creating Blender stuff
22:52:00 | INFO: Blender create Mesh node MESH-armor-block-649dcbda86c17c7952c9-closed-incoming-wrapped-b
22:52:00 | INFO: Blender create Mesh node MESH-armor-block-649dcbda86c17c7952c9-closed-outgoing-wrapped-b
22:52:00 | INFO: Blender create Mesh node MESH-armor-block-649dcbda86c17c7952c9-closed-solid-body
22:52:00 | INFO: Blender create Mesh node MESH-armor-block-649dcbda86c17c7952c9-cyan-flush-status-lens
22:52:00 | INFO: Blender create Mesh node MESH-armor-block-649dcbda86c17c7952c9-deep-vent-louver-1
22:52:00 | INFO: Blender create Mesh node MESH-armor-block-649dcbda86c17c7952c9-deep-vent-louver-2
22:52:00 | INFO: Blender create Mesh node MESH-armor-block-649dcbda86c17c7952c9-deep-vent-louver-3
22:52:00 | INFO: Blender create Mesh node MESH-armor-block-649dcbda86c17c7952c9-deep-vent-louver-4
22:52:00 | INFO: Blender create Mesh node MESH-armor-block-649dcbda86c17c7952c9-deep-vent-louver-5
22:52:00 | INFO: Blender create Mesh node MESH-armor-block-649dcbda86c17c7952c9-deep-vent-louver-6
22:52:00 | INFO: Blender create Mesh node MESH-armor-block-649dcbda86c17c7952c9-deep-vent-louver-7
22:52:00 | INFO: Blender create Mesh node MESH-armor-block-649dcbda86c17c7952c9-deep-vent-louver-8
22:52:00 | INFO: Blender create Mesh node MESH-armor-block-649dcbda86c17c7952c9-deep-vent-louver-0
22:52:00 | INFO: Blender create Mesh node MESH-armor-block-649dcbda86c17c7952c9-interchangeable-vent-face
22:52:00 | INFO: Blender create Mesh node MESH-armor-block-649dcbda86c17c7952c9-lower-impact-rail-right
22:52:00 | INFO: Blender create Mesh node MESH-armor-block-649dcbda86c17c7952c9-lower-impact-rail-cut-poc
22:52:00 | INFO: Blender create Mesh node MESH-armor-block-649dcbda86c17c7952c9-lower-impact-rail-left
22:52:00 | INFO: Blender create Mesh node MESH-armor-block-649dcbda86c17c7952c9-pale-wrapped-connector-ou
22:52:00 | INFO: Blender create Mesh node MESH-armor-block-649dcbda86c17c7952c9-pale-wrapped-connector-in
22:52:00 | INFO: Blender create Mesh node MESH-armor-block-649dcbda86c17c7952c9-recess-shadow-seat
22:52:00 | INFO: Blender create Mesh node MESH-armor-block-649dcbda86c17c7952c9-upper-stepped-shoulder
22:52:00 | INFO: Blender create Mesh node MESH-armor-block-649dcbda86c17c7952c9-vent-dark-well
22:52:00 | INFO: glTF import finished in 0.02s
22:52:00 | INFO: Data are loaded, start creating Blender stuff
22:52:00 | INFO: Blender create Mesh node MESH-armor-block-2b558e7ac8eb4184c2af-closed-incoming-wrapped-b
22:52:00 | INFO: Blender create Mesh node MESH-armor-block-2b558e7ac8eb4184c2af-closed-outgoing-wrapped-b
22:52:00 | INFO: Blender create Mesh node MESH-armor-block-2b558e7ac8eb4184c2af-closed-solid-body
22:52:00 | INFO: Blender create Mesh node MESH-armor-block-2b558e7ac8eb4184c2af-interchangeable-utility-f
22:52:00 | INFO: Blender create Mesh node MESH-armor-block-2b558e7ac8eb4184c2af-lower-impact-rail
22:52:00 | INFO: Blender create Mesh node MESH-armor-block-2b558e7ac8eb4184c2af-pale-wrapped-connector-ou
22:52:00 | INFO: Blender create Mesh node MESH-armor-block-2b558e7ac8eb4184c2af-pale-wrapped-connector-in
22:52:00 | INFO: Blender create Mesh node MESH-armor-block-2b558e7ac8eb4184c2af-recess-shadow-seat
22:52:00 | INFO: Blender create Mesh node MESH-armor-block-2b558e7ac8eb4184c2af-upper-stepped-shoulder
22:52:00 | INFO: glTF import finished in 0.01s
22:52:00 | INFO: Data are loaded, start creating Blender stuff
22:52:00 | INFO: Blender create Mesh node MESH-armor-block-b235419d9a165659f2e8-closed-incoming-wrapped-b
22:52:00 | INFO: Blender create Mesh node MESH-armor-block-b235419d9a165659f2e8-closed-outgoing-wrapped-b
22:52:00 | INFO: Blender create Mesh node MESH-armor-block-b235419d9a165659f2e8-closed-solid-body
22:52:00 | INFO: Blender create Mesh node MESH-armor-block-b235419d9a165659f2e8-interchangeable-plain-fac
22:52:00 | INFO: Blender create Mesh node MESH-armor-block-b235419d9a165659f2e8-lower-impact-rail
22:52:00 | INFO: Blender create Mesh node MESH-armor-block-b235419d9a165659f2e8-pale-wrapped-connector-ou
22:52:00 | INFO: Blender create Mesh node MESH-armor-block-b235419d9a165659f2e8-pale-wrapped-connector-in
22:52:00 | INFO: Blender create Mesh node MESH-armor-block-b235419d9a165659f2e8-recess-shadow-seat
22:52:00 | INFO: Blender create Mesh node MESH-armor-block-b235419d9a165659f2e8-upper-stepped-shoulder
22:52:00 | INFO: glTF import finished in 0.02s
22:52:00 | INFO: Data are loaded, start creating Blender stuff
22:52:00 | INFO: Blender create Mesh node MESH-armor-block-fabbd7b0578ea00b5791-closed-height-transition-
22:52:00 | INFO: Blender create Mesh node MESH-armor-block-fabbd7b0578ea00b5791-closed-junction-wedge
22:52:00 | INFO: Blender create Mesh node MESH-armor-block-fabbd7b0578ea00b5791-height-transition-pale-en
22:52:00 | INFO: Blender create Mesh node MESH-armor-block-fabbd7b0578ea00b5791-junction-lower-navy-shoe
22:52:00 | INFO: Blender create Mesh node MESH-armor-block-fabbd7b0578ea00b5791-junction-upper-navy-shoul
22:52:00 | INFO: Blender create Mesh node MESH-armor-block-fabbd7b0578ea00b5791-junction-wrapped-pale-con
22:52:00 | INFO: glTF import finished in 0.02s
22:52:00 | INFO: Data are loaded, start creating Blender stuff
22:52:00 | INFO: Blender create Mesh node MESH-armor-block-e120acd13dae3b493668-closed-incoming-wrapped-b
22:52:00 | INFO: Blender create Mesh node MESH-armor-block-e120acd13dae3b493668-closed-outgoing-wrapped-b
22:52:00 | INFO: Blender create Mesh node MESH-armor-block-e120acd13dae3b493668-closed-solid-body
22:52:00 | INFO: Blender create Mesh node MESH-armor-block-e120acd13dae3b493668-cyan-flush-status-lens
22:52:00 | INFO: Blender create Mesh node MESH-armor-block-e120acd13dae3b493668-deep-vent-louver-1
22:52:00 | INFO: Blender create Mesh node MESH-armor-block-e120acd13dae3b493668-deep-vent-louver-0
22:52:00 | INFO: Blender create Mesh node MESH-armor-block-e120acd13dae3b493668-interchangeable-vent-face
22:52:00 | INFO: Blender create Mesh node MESH-armor-block-e120acd13dae3b493668-lower-impact-rail-right
22:52:00 | INFO: Blender create Mesh node MESH-armor-block-e120acd13dae3b493668-lower-impact-rail-cut-poc
22:52:00 | INFO: Blender create Mesh node MESH-armor-block-e120acd13dae3b493668-lower-impact-rail-left
22:52:00 | INFO: Blender create Mesh node MESH-armor-block-e120acd13dae3b493668-pale-wrapped-connector-ou
22:52:00 | INFO: Blender create Mesh node MESH-armor-block-e120acd13dae3b493668-pale-wrapped-connector-in
22:52:00 | INFO: Blender create Mesh node MESH-armor-block-e120acd13dae3b493668-recess-shadow-seat
22:52:00 | INFO: Blender create Mesh node MESH-armor-block-e120acd13dae3b493668-upper-stepped-shoulder
22:52:00 | INFO: Blender create Mesh node MESH-armor-block-e120acd13dae3b493668-vent-dark-well
22:52:00 | INFO: glTF import finished in 0.09s
22:52:00 | INFO: Data are loaded, start creating Blender stuff
22:52:00 | INFO: Blender create Mesh node MESH-armor-block-70b34597548b284a0a7f-closed-junction-wedge
22:52:00 | INFO: Blender create Mesh node MESH-armor-block-70b34597548b284a0a7f-junction-lower-navy-shoe
22:52:00 | INFO: Blender create Mesh node MESH-armor-block-70b34597548b284a0a7f-junction-upper-navy-shoul
22:52:00 | INFO: Blender create Mesh node MESH-armor-block-70b34597548b284a0a7f-junction-wrapped-pale-con
22:52:00 | INFO: glTF import finished in 0.01s
22:52:00 | INFO: Data are loaded, start creating Blender stuff
22:52:00 | INFO: Blender create Mesh node MESH-armor-block-98477a5dd3e88b931589-closed-incoming-wrapped-b
22:52:00 | INFO: Blender create Mesh node MESH-armor-block-98477a5dd3e88b931589-closed-outgoing-wrapped-b
22:52:00 | INFO: Blender create Mesh node MESH-armor-block-98477a5dd3e88b931589-closed-solid-body
22:52:00 | INFO: Blender create Mesh node MESH-armor-block-98477a5dd3e88b931589-cyan-flush-status-lens
22:52:00 | INFO: Blender create Mesh node MESH-armor-block-98477a5dd3e88b931589-interchangeable-plain-fac
22:52:00 | INFO: Blender create Mesh node MESH-armor-block-98477a5dd3e88b931589-lower-impact-rail-right
22:52:00 | INFO: Blender create Mesh node MESH-armor-block-98477a5dd3e88b931589-lower-impact-rail-cut-poc
22:52:00 | INFO: Blender create Mesh node MESH-armor-block-98477a5dd3e88b931589-lower-impact-rail-left
22:52:00 | INFO: Blender create Mesh node MESH-armor-block-98477a5dd3e88b931589-pale-wrapped-connector-ou
22:52:00 | INFO: Blender create Mesh node MESH-armor-block-98477a5dd3e88b931589-pale-wrapped-connector-in
22:52:00 | INFO: Blender create Mesh node MESH-armor-block-98477a5dd3e88b931589-recess-shadow-seat
22:52:00 | INFO: Blender create Mesh node MESH-armor-block-98477a5dd3e88b931589-upper-stepped-shoulder
22:52:00 | INFO: glTF import finished in 0.02s
22:52:00 | INFO: Data are loaded, start creating Blender stuff
22:52:00 | INFO: Blender create Mesh node MESH-armor-block-a7ef36310c50dc565d00-closed-height-transition-
22:52:00 | INFO: Blender create Mesh node MESH-armor-block-a7ef36310c50dc565d00-closed-junction-wedge
22:52:00 | INFO: Blender create Mesh node MESH-armor-block-a7ef36310c50dc565d00-height-transition-pale-en
22:52:00 | INFO: Blender create Mesh node MESH-armor-block-a7ef36310c50dc565d00-junction-lower-navy-shoe
22:52:00 | INFO: Blender create Mesh node MESH-armor-block-a7ef36310c50dc565d00-junction-upper-navy-shoul
22:52:00 | INFO: Blender create Mesh node MESH-armor-block-a7ef36310c50dc565d00-junction-wrapped-pale-con
22:52:00 | INFO: glTF import finished in 0.02s
22:52:00 | INFO: Data are loaded, start creating Blender stuff
22:52:00 | INFO: Blender create Mesh node MESH-armor-block-4896cc9388c49fcb9b2e-closed-incoming-wrapped-b
22:52:00 | INFO: Blender create Mesh node MESH-armor-block-4896cc9388c49fcb9b2e-closed-outgoing-wrapped-b
22:52:00 | INFO: Blender create Mesh node MESH-armor-block-4896cc9388c49fcb9b2e-closed-solid-body
22:52:00 | INFO: Blender create Mesh node MESH-armor-block-4896cc9388c49fcb9b2e-cyan-flush-status-lens
22:52:00 | INFO: Blender create Mesh node MESH-armor-block-4896cc9388c49fcb9b2e-interchangeable-red-servi
22:52:00 | INFO: Blender create Mesh node MESH-armor-block-4896cc9388c49fcb9b2e-lower-impact-rail-right
22:52:00 | INFO: Blender create Mesh node MESH-armor-block-4896cc9388c49fcb9b2e-lower-impact-rail-cut-poc
22:52:00 | INFO: Blender create Mesh node MESH-armor-block-4896cc9388c49fcb9b2e-lower-impact-rail-left
22:52:00 | INFO: Blender create Mesh node MESH-armor-block-4896cc9388c49fcb9b2e-pale-wrapped-connector-ou
22:52:00 | INFO: Blender create Mesh node MESH-armor-block-4896cc9388c49fcb9b2e-pale-wrapped-connector-in
22:52:00 | INFO: Blender create Mesh node MESH-armor-block-4896cc9388c49fcb9b2e-recess-shadow-seat
22:52:00 | INFO: Blender create Mesh node MESH-armor-block-4896cc9388c49fcb9b2e-upper-stepped-shoulder
22:52:00 | INFO: glTF import finished in 0.03s
Fra:1 Mem:60.83M (Peak 60.83M) | Time:00:00.02 | Mem:0.00M, Peak:0.00M | Scene, ViewLayer | Synchronizing object | GEO-armor-block-a6743a347ee2fcdd1ce9--BACKING--closed-outgo
Fra:1 Mem:60.83M (Peak 60.83M) | Time:00:00.02 | Mem:0.00M, Peak:0.00M | Scene, ViewLayer | Synchronizing object | GEO-armor-block-a6743a347ee2fcdd1ce9--FINISH--lower-impact-.002
Fra:1 Mem:60.85M (Peak 60.85M) | Time:00:00.03 | Mem:0.00M, Peak:0.00M | Scene, ViewLayer | Synchronizing object | GEO-armor-block-a6743a347ee2fcdd1ce9--FINISH--upper-stepped
Fra:1 Mem:60.85M (Peak 60.85M) | Time:00:00.03 | Mem:0.00M, Peak:0.00M | Scene, ViewLayer | Synchronizing object | GEO-armor-block-a6743a347ee2fcdd1ce9--BACKING--closed-solid
Fra:1 Mem:60.85M (Peak 60.85M) | Time:00:00.03 | Mem:0.00M, Peak:0.00M | Scene, ViewLayer | Synchronizing object | GEO-armor-block-a6743a347ee2fcdd1ce9--FINISH--lower-impact-.003
Fra:1 Mem:60.86M (Peak 60.86M) | Time:00:00.03 | Mem:0.00M, Peak:0.00M | Scene, ViewLayer | Synchronizing object | GEO-armor-block-a6743a347ee2fcdd1ce9--FINISH--pale-wrapped-.001
Fra:1 Mem:60.88M (Peak 60.88M) | Time:00:00.03 | Mem:0.00M, Peak:0.00M | Scene, ViewLayer | Synchronizing object | GEO-armor-block-a6743a347ee2fcdd1ce9--FINISH--cyan-flush-st
Fra:1 Mem:60.88M (Peak 60.88M) | Time:00:00.03 | Mem:0.00M, Peak:0.00M | Scene, ViewLayer | Synchronizing object | GEO-armor-block-a6743a347ee2fcdd1ce9--BACKING--closed-incom
Fra:1 Mem:60.88M (Peak 60.88M) | Time:00:00.03 | Mem:0.00M, Peak:0.00M | Scene, ViewLayer | Synchronizing object | GEO-armor-block-a6743a347ee2fcdd1ce9--FINISH--interchangeab
Fra:1 Mem:60.89M (Peak 60.89M) | Time:00:00.03 | Mem:0.00M, Peak:0.00M | Scene, ViewLayer | Synchronizing object | GEO-armor-block-a6743a347ee2fcdd1ce9--FINISH--pale-wrapped-.002
Fra:1 Mem:60.90M (Peak 60.90M) | Time:00:00.03 | Mem:0.00M, Peak:0.00M | Scene, ViewLayer | Synchronizing object | GEO-armor-block-a6743a347ee2fcdd1ce9--FINISH--lower-impact-.004
Fra:1 Mem:60.90M (Peak 60.90M) | Time:00:00.03 | Mem:0.00M, Peak:0.00M | Scene, ViewLayer | Synchronizing object | GEO-armor-block-a6743a347ee2fcdd1ce9--FINISH--recess-shadow
Fra:1 Mem:60.90M (Peak 60.90M) | Time:00:00.03 | Mem:0.00M, Peak:0.00M | Scene, ViewLayer | Synchronizing object | GEO-armor-block-926961217b49c21a526b--BACKING--closed-incom
Fra:1 Mem:60.90M (Peak 60.90M) | Time:00:00.03 | Mem:0.00M, Peak:0.00M | Scene, ViewLayer | Synchronizing object | GEO-armor-block-926961217b49c21a526b--FINISH--pale-wrapped-.001
Fra:1 Mem:60.92M (Peak 60.92M) | Time:00:00.03 | Mem:0.00M, Peak:0.00M | Scene, ViewLayer | Synchronizing object | GEO-armor-block-926961217b49c21a526b--FINISH--lower-impact-.002
Fra:1 Mem:60.93M (Peak 60.93M) | Time:00:00.03 | Mem:0.00M, Peak:0.00M | Scene, ViewLayer | Synchronizing object | GEO-armor-block-926961217b49c21a526b--BACKING--closed-outgo
Fra:1 Mem:60.93M (Peak 60.93M) | Time:00:00.03 | Mem:0.00M, Peak:0.00M | Scene, ViewLayer | Synchronizing object | GEO-armor-block-926961217b49c21a526b--FINISH--upper-stepped
Fra:1 Mem:60.93M (Peak 60.93M) | Time:00:00.03 | Mem:0.00M, Peak:0.00M | Scene, ViewLayer | Synchronizing object | GEO-armor-block-926961217b49c21a526b--FINISH--cyan-flush-st
Fra:1 Mem:60.93M (Peak 60.93M) | Time:00:00.03 | Mem:0.00M, Peak:0.00M | Scene, ViewLayer | Synchronizing object | GEO-armor-block-926961217b49c21a526b--FINISH--pale-wrapped-.002
Fra:1 Mem:60.93M (Peak 60.93M) | Time:00:00.03 | Mem:0.00M, Peak:0.00M | Scene, ViewLayer | Synchronizing object | GEO-armor-block-926961217b49c21a526b--FINISH--lower-impact-.003
Fra:1 Mem:60.95M (Peak 60.95M) | Time:00:00.03 | Mem:0.00M, Peak:0.00M | Scene, ViewLayer | Synchronizing object | GEO-armor-block-926961217b49c21a526b--FINISH--recess-shadow
Fra:1 Mem:60.95M (Peak 60.95M) | Time:00:00.03 | Mem:0.00M, Peak:0.00M | Scene, ViewLayer | Synchronizing object | GEO-armor-block-926961217b49c21a526b--BACKING--closed-solid
Fra:1 Mem:60.96M (Peak 60.96M) | Time:00:00.03 | Mem:0.00M, Peak:0.00M | Scene, ViewLayer | Synchronizing object | GEO-armor-block-926961217b49c21a526b--FINISH--lower-impact-.004
Fra:1 Mem:60.96M (Peak 60.96M) | Time:00:00.03 | Mem:0.00M, Peak:0.00M | Scene, ViewLayer | Synchronizing object | GEO-armor-block-926961217b49c21a526b--FINISH--interchangeab
Fra:1 Mem:60.97M (Peak 60.97M) | Time:00:00.03 | Mem:0.00M, Peak:0.00M | Scene, ViewLayer | Synchronizing object | GEO-armor-block-137adc2153a878094d60--FINISH--lower-impact-.002
Fra:1 Mem:60.99M (Peak 60.99M) | Time:00:00.03 | Mem:0.00M, Peak:0.00M | Scene, ViewLayer | Synchronizing object | GEO-armor-block-137adc2153a878094d60--FINISH--utility-remov
Fra:1 Mem:60.99M (Peak 60.99M) | Time:00:00.03 | Mem:0.00M, Peak:0.00M | Scene, ViewLayer | Synchronizing object | GEO-armor-block-137adc2153a878094d60--FINISH--pale-wrapped-.001
Fra:1 Mem:61.00M (Peak 61.00M) | Time:00:00.03 | Mem:0.00M, Peak:0.00M | Scene, ViewLayer | Synchronizing object | GEO-armor-block-137adc2153a878094d60--FINISH--interchangeab
Fra:1 Mem:61.00M (Peak 61.00M) | Time:00:00.03 | Mem:0.00M, Peak:0.00M | Scene, ViewLayer | Synchronizing object | GEO-armor-block-137adc2153a878094d60--BACKING--closed-outgo
Fra:1 Mem:61.01M (Peak 61.01M) | Time:00:00.03 | Mem:0.00M, Peak:0.00M | Scene, ViewLayer | Synchronizing object | GEO-armor-block-137adc2153a878094d60--FINISH--lower-impact-.003
Fra:1 Mem:61.01M (Peak 61.01M) | Time:00:00.03 | Mem:0.00M, Peak:0.00M | Scene, ViewLayer | Synchronizing object | GEO-armor-block-137adc2153a878094d60--BACKING--closed-incom
Fra:1 Mem:61.02M (Peak 61.02M) | Time:00:00.03 | Mem:0.00M, Peak:0.00M | Scene, ViewLayer | Synchronizing object | GEO-armor-block-137adc2153a878094d60--FINISH--lower-impact-.004
Fra:1 Mem:61.03M (Peak 61.03M) | Time:00:00.03 | Mem:0.00M, Peak:0.00M | Scene, ViewLayer | Synchronizing object | GEO-armor-block-137adc2153a878094d60--FINISH--upper-stepped
Fra:1 Mem:61.04M (Peak 61.04M) | Time:00:00.03 | Mem:0.00M, Peak:0.00M | Scene, ViewLayer | Synchronizing object | GEO-armor-block-137adc2153a878094d60--FINISH--cyan-flush-st
Fra:1 Mem:61.04M (Peak 61.04M) | Time:00:00.03 | Mem:0.00M, Peak:0.00M | Scene, ViewLayer | Synchronizing object | GEO-armor-block-137adc2153a878094d60--FINISH--pale-wrapped-.002
Fra:1 Mem:61.04M (Peak 61.04M) | Time:00:00.03 | Mem:0.00M, Peak:0.00M | Scene, ViewLayer | Synchronizing object | GEO-armor-block-137adc2153a878094d60--FINISH--utility-statu
Fra:1 Mem:61.04M (Peak 61.04M) | Time:00:00.03 | Mem:0.00M, Peak:0.00M | Scene, ViewLayer | Synchronizing object | GEO-armor-block-137adc2153a878094d60--FINISH--recess-shadow
Fra:1 Mem:61.05M (Peak 61.05M) | Time:00:00.03 | Mem:0.00M, Peak:0.00M | Scene, ViewLayer | Synchronizing object | GEO-armor-block-137adc2153a878094d60--BACKING--closed-solid
Fra:1 Mem:61.05M (Peak 61.05M) | Time:00:00.03 | Mem:0.00M, Peak:0.00M | Scene, ViewLayer | Synchronizing object | GEO-armor-block-62ad930c45227d5287a0--FINISH--recess-shadow
Fra:1 Mem:61.05M (Peak 61.05M) | Time:00:00.03 | Mem:0.00M, Peak:0.00M | Scene, ViewLayer | Synchronizing object | GEO-armor-block-62ad930c45227d5287a0--FINISH--lower-impact-.002
Fra:1 Mem:61.07M (Peak 61.07M) | Time:00:00.03 | Mem:0.00M, Peak:0.00M | Scene, ViewLayer | Synchronizing object | GEO-armor-block-62ad930c45227d5287a0--BACKING--closed-outgo
Fra:1 Mem:61.06M (Peak 61.07M) | Time:00:00.03 | Mem:0.00M, Peak:0.00M | Scene, ViewLayer | Synchronizing object | GEO-armor-block-62ad930c45227d5287a0--BACKING--closed-incom
Fra:1 Mem:61.07M (Peak 61.07M) | Time:00:00.03 | Mem:0.00M, Peak:0.00M | Scene, ViewLayer | Synchronizing object | GEO-armor-block-62ad930c45227d5287a0--FINISH--lower-impact-.003
Fra:1 Mem:61.08M (Peak 61.08M) | Time:00:00.03 | Mem:0.00M, Peak:0.00M | Scene, ViewLayer | Synchronizing object | GEO-armor-block-62ad930c45227d5287a0--FINISH--cyan-flush-st
Fra:1 Mem:61.08M (Peak 61.08M) | Time:00:00.03 | Mem:0.00M, Peak:0.00M | Scene, ViewLayer | Synchronizing object | GEO-armor-block-62ad930c45227d5287a0--FINISH--pale-wrapped-.001
Fra:1 Mem:61.09M (Peak 61.09M) | Time:00:00.03 | Mem:0.00M, Peak:0.00M | Scene, ViewLayer | Synchronizing object | GEO-armor-block-62ad930c45227d5287a0--FINISH--upper-stepped
Fra:1 Mem:61.09M (Peak 61.09M) | Time:00:00.03 | Mem:0.00M, Peak:0.00M | Scene, ViewLayer | Synchronizing object | GEO-armor-block-62ad930c45227d5287a0--BACKING--closed-solid
Fra:1 Mem:61.09M (Peak 61.09M) | Time:00:00.03 | Mem:0.00M, Peak:0.00M | Scene, ViewLayer | Synchronizing object | GEO-armor-block-62ad930c45227d5287a0--FINISH--interchangeab
Fra:1 Mem:61.10M (Peak 61.10M) | Time:00:00.03 | Mem:0.00M, Peak:0.00M | Scene, ViewLayer | Synchronizing object | GEO-armor-block-62ad930c45227d5287a0--FINISH--pale-wrapped-.002
Fra:1 Mem:61.11M (Peak 61.11M) | Time:00:00.03 | Mem:0.00M, Peak:0.00M | Scene, ViewLayer | Synchronizing object | GEO-armor-block-62ad930c45227d5287a0--FINISH--lower-impact-.004
Fra:1 Mem:61.11M (Peak 61.11M) | Time:00:00.03 | Mem:0.00M, Peak:0.00M | Scene, ViewLayer | Synchronizing object | GEO-armor-block-e1affbf19f4b7fa30311--FINISH--junction-wrap
Fra:1 Mem:61.13M (Peak 61.13M) | Time:00:00.03 | Mem:0.00M, Peak:0.00M | Scene, ViewLayer | Synchronizing object | GEO-armor-block-e1affbf19f4b7fa30311--BACKING--closed-junct
Fra:1 Mem:61.13M (Peak 61.13M) | Time:00:00.03 | Mem:0.00M, Peak:0.00M | Scene, ViewLayer | Synchronizing object | GEO-armor-block-e1affbf19f4b7fa30311--FINISH--junction-lowe
Fra:1 Mem:61.14M (Peak 61.14M) | Time:00:00.03 | Mem:0.00M, Peak:0.00M | Scene, ViewLayer | Synchronizing object | GEO-armor-block-e1affbf19f4b7fa30311--FINISH--junction-uppe
Fra:1 Mem:61.14M (Peak 61.14M) | Time:00:00.03 | Mem:0.00M, Peak:0.00M | Scene, ViewLayer | Synchronizing object | GEO-armor-block-e120acd13dae3b493668--BACKING--closed-incom
Fra:1 Mem:61.15M (Peak 61.15M) | Time:00:00.03 | Mem:0.00M, Peak:0.00M | Scene, ViewLayer | Synchronizing object | GEO-armor-block-e120acd13dae3b493668--FINISH--lower-impact-.002
Fra:1 Mem:61.15M (Peak 61.15M) | Time:00:00.03 | Mem:0.00M, Peak:0.00M | Scene, ViewLayer | Synchronizing object | GEO-armor-block-e120acd13dae3b493668--FINISH--upper-stepped
Fra:1 Mem:61.16M (Peak 61.16M) | Time:00:00.03 | Mem:0.00M, Peak:0.00M | Scene, ViewLayer | Synchronizing object | GEO-armor-block-e120acd13dae3b493668--BACKING--closed-outgo
Fra:1 Mem:61.16M (Peak 61.16M) | Time:00:00.03 | Mem:0.00M, Peak:0.00M | Scene, ViewLayer | Synchronizing object | GEO-armor-block-e120acd13dae3b493668--FINISH--pale-wrapped-.001
Fra:1 Mem:61.17M (Peak 61.17M) | Time:00:00.03 | Mem:0.00M, Peak:0.00M | Scene, ViewLayer | Synchronizing object | GEO-armor-block-e120acd13dae3b493668--FINISH--cyan-flush-st
Fra:1 Mem:61.17M (Peak 61.17M) | Time:00:00.03 | Mem:0.00M, Peak:0.00M | Scene, ViewLayer | Synchronizing object | GEO-armor-block-e120acd13dae3b493668--FINISH--interchangeab
Fra:1 Mem:61.18M (Peak 61.18M) | Time:00:00.03 | Mem:0.00M, Peak:0.00M | Scene, ViewLayer | Synchronizing object | GEO-armor-block-e120acd13dae3b493668--FINISH--recess-shadow
Fra:1 Mem:61.18M (Peak 61.18M) | Time:00:00.03 | Mem:0.00M, Peak:0.00M | Scene, ViewLayer | Synchronizing object | GEO-armor-block-e120acd13dae3b493668--FINISH--deep-vent-lou.001
Fra:1 Mem:61.19M (Peak 61.19M) | Time:00:00.03 | Mem:0.00M, Peak:0.00M | Scene, ViewLayer | Synchronizing object | GEO-armor-block-e120acd13dae3b493668--FINISH--lower-impact-.003
Fra:1 Mem:61.20M (Peak 61.20M) | Time:00:00.03 | Mem:0.00M, Peak:0.00M | Scene, ViewLayer | Synchronizing object | GEO-armor-block-e120acd13dae3b493668--FINISH--vent-dark-wel
Fra:1 Mem:61.20M (Peak 61.20M) | Time:00:00.03 | Mem:0.00M, Peak:0.00M | Scene, ViewLayer | Synchronizing object | GEO-armor-block-e120acd13dae3b493668--BACKING--closed-solid
Fra:1 Mem:61.20M (Peak 61.20M) | Time:00:00.03 | Mem:0.00M, Peak:0.00M | Scene, ViewLayer | Synchronizing object | GEO-armor-block-e120acd13dae3b493668--FINISH--deep-vent-lou.002
Fra:1 Mem:61.21M (Peak 61.21M) | Time:00:00.03 | Mem:0.00M, Peak:0.00M | Scene, ViewLayer | Synchronizing object | GEO-armor-block-e120acd13dae3b493668--FINISH--pale-wrapped-.002
Fra:1 Mem:61.22M (Peak 61.22M) | Time:00:00.03 | Mem:0.00M, Peak:0.00M | Scene, ViewLayer | Synchronizing object | GEO-armor-block-e120acd13dae3b493668--FINISH--lower-impact-.004
Fra:1 Mem:61.22M (Peak 61.22M) | Time:00:00.03 | Mem:0.00M, Peak:0.00M | Scene, ViewLayer | Synchronizing object | GEO-armor-block-70b34597548b284a0a7f--BACKING--closed-junct
Fra:1 Mem:61.23M (Peak 61.23M) | Time:00:00.03 | Mem:0.00M, Peak:0.00M | Scene, ViewLayer | Synchronizing object | GEO-armor-block-70b34597548b284a0a7f--FINISH--junction-lowe
Fra:1 Mem:61.24M (Peak 61.24M) | Time:00:00.03 | Mem:0.00M, Peak:0.00M | Scene, ViewLayer | Synchronizing object | GEO-armor-block-70b34597548b284a0a7f--FINISH--junction-wrap
Fra:1 Mem:61.25M (Peak 61.25M) | Time:00:00.03 | Mem:0.00M, Peak:0.00M | Scene, ViewLayer | Synchronizing object | GEO-armor-block-70b34597548b284a0a7f--FINISH--junction-uppe
Fra:1 Mem:61.25M (Peak 61.25M) | Time:00:00.03 | Mem:0.00M, Peak:0.00M | Scene, ViewLayer | Synchronizing object | GEO-armor-block-b235419d9a165659f2e8--BACKING--closed-incom
Fra:1 Mem:61.26M (Peak 61.26M) | Time:00:00.03 | Mem:0.00M, Peak:0.00M | Scene, ViewLayer | Synchronizing object | GEO-armor-block-b235419d9a165659f2e8--FINISH--pale-wrapped-.001
Fra:1 Mem:61.25M (Peak 61.26M) | Time:00:00.03 | Mem:0.00M, Peak:0.00M | Scene, ViewLayer | Synchronizing object | GEO-armor-block-b235419d9a165659f2e8--BACKING--closed-outgo
Fra:1 Mem:61.26M (Peak 61.26M) | Time:00:00.03 | Mem:0.00M, Peak:0.00M | Scene, ViewLayer | Synchronizing object | GEO-armor-block-b235419d9a165659f2e8--FINISH--interchangeab
Fra:1 Mem:61.26M (Peak 61.26M) | Time:00:00.03 | Mem:0.00M, Peak:0.00M | Scene, ViewLayer | Synchronizing object | GEO-armor-block-b235419d9a165659f2e8--FINISH--pale-wrapped-.002
Fra:1 Mem:61.28M (Peak 61.28M) | Time:00:00.03 | Mem:0.00M, Peak:0.00M | Scene, ViewLayer | Synchronizing object | GEO-armor-block-b235419d9a165659f2e8--FINISH--recess-shadow
Fra:1 Mem:61.28M (Peak 61.28M) | Time:00:00.03 | Mem:0.00M, Peak:0.00M | Scene, ViewLayer | Synchronizing object | GEO-armor-block-b235419d9a165659f2e8--BACKING--closed-solid
Fra:1 Mem:61.29M (Peak 61.29M) | Time:00:00.03 | Mem:0.00M, Peak:0.00M | Scene, ViewLayer | Synchronizing object | GEO-armor-block-b235419d9a165659f2e8--FINISH--upper-stepped
Fra:1 Mem:61.29M (Peak 61.29M) | Time:00:00.03 | Mem:0.00M, Peak:0.00M | Scene, ViewLayer | Synchronizing object | GEO-armor-block-b235419d9a165659f2e8--FINISH--lower-impact-
Fra:1 Mem:61.30M (Peak 61.30M) | Time:00:00.03 | Mem:0.00M, Peak:0.00M | Scene, ViewLayer | Synchronizing object | GEO-armor-block-2b558e7ac8eb4184c2af--FINISH--pale-wrapped-.001
Fra:1 Mem:61.30M (Peak 61.30M) | Time:00:00.03 | Mem:0.00M, Peak:0.00M | Scene, ViewLayer | Synchronizing object | GEO-armor-block-2b558e7ac8eb4184c2af--BACKING--closed-outgo
Fra:1 Mem:61.30M (Peak 61.30M) | Time:00:00.03 | Mem:0.00M, Peak:0.00M | Scene, ViewLayer | Synchronizing object | GEO-armor-block-2b558e7ac8eb4184c2af--FINISH--interchangeab
Fra:1 Mem:61.31M (Peak 61.31M) | Time:00:00.03 | Mem:0.00M, Peak:0.00M | Scene, ViewLayer | Synchronizing object | GEO-armor-block-2b558e7ac8eb4184c2af--BACKING--closed-incom
Fra:1 Mem:61.32M (Peak 61.32M) | Time:00:00.03 | Mem:0.00M, Peak:0.00M | Scene, ViewLayer | Synchronizing object | GEO-armor-block-2b558e7ac8eb4184c2af--FINISH--pale-wrapped-.002
Fra:1 Mem:61.33M (Peak 61.33M) | Time:00:00.03 | Mem:0.00M, Peak:0.00M | Scene, ViewLayer | Synchronizing object | GEO-armor-block-2b558e7ac8eb4184c2af--FINISH--upper-stepped
Fra:1 Mem:61.33M (Peak 61.33M) | Time:00:00.03 | Mem:0.00M, Peak:0.00M | Scene, ViewLayer | Synchronizing object | GEO-armor-block-2b558e7ac8eb4184c2af--FINISH--recess-shadow
Fra:1 Mem:61.34M (Peak 61.34M) | Time:00:00.03 | Mem:0.00M, Peak:0.00M | Scene, ViewLayer | Synchronizing object | GEO-armor-block-2b558e7ac8eb4184c2af--BACKING--closed-solid
Fra:1 Mem:61.35M (Peak 61.35M) | Time:00:00.03 | Mem:0.00M, Peak:0.00M | Scene, ViewLayer | Synchronizing object | GEO-armor-block-2b558e7ac8eb4184c2af--FINISH--lower-impact-
Fra:1 Mem:61.35M (Peak 61.35M) | Time:00:00.03 | Mem:0.00M, Peak:0.00M | Scene, ViewLayer | Synchronizing object | GEO-armor-block-649dcbda86c17c7952c9--FINISH--interchangeab
Fra:1 Mem:61.35M (Peak 61.35M) | Time:00:00.03 | Mem:0.00M, Peak:0.00M | Scene, ViewLayer | Synchronizing object | GEO-armor-block-649dcbda86c17c7952c9--FINISH--deep-vent-lou.008
Fra:1 Mem:61.36M (Peak 61.36M) | Time:00:00.03 | Mem:0.00M, Peak:0.00M | Scene, ViewLayer | Synchronizing object | GEO-armor-block-649dcbda86c17c7952c9--FINISH--vent-dark-wel
Fra:1 Mem:61.36M (Peak 61.36M) | Time:00:00.03 | Mem:0.00M, Peak:0.00M | Scene, ViewLayer | Synchronizing object | GEO-armor-block-649dcbda86c17c7952c9--FINISH--deep-vent-lou.009
Fra:1 Mem:61.37M (Peak 61.37M) | Time:00:00.03 | Mem:0.00M, Peak:0.00M | Scene, ViewLayer | Synchronizing object | GEO-armor-block-649dcbda86c17c7952c9--FINISH--pale-wrapped-.001
Fra:1 Mem:61.37M (Peak 61.37M) | Time:00:00.03 | Mem:0.00M, Peak:0.00M | Scene, ViewLayer | Synchronizing object | GEO-armor-block-649dcbda86c17c7952c9--FINISH--deep-vent-lou.010
Fra:1 Mem:61.37M (Peak 61.37M) | Time:00:00.03 | Mem:0.00M, Peak:0.00M | Scene, ViewLayer | Synchronizing object | GEO-armor-block-649dcbda86c17c7952c9--FINISH--lower-impact-.002
Fra:1 Mem:61.38M (Peak 61.38M) | Time:00:00.03 | Mem:0.00M, Peak:0.00M | Scene, ViewLayer | Synchronizing object | GEO-armor-block-649dcbda86c17c7952c9--BACKING--closed-solid
Fra:1 Mem:61.40M (Peak 61.40M) | Time:00:00.03 | Mem:0.00M, Peak:0.00M | Scene, ViewLayer | Synchronizing object | GEO-armor-block-649dcbda86c17c7952c9--FINISH--lower-impact-.003
Fra:1 Mem:61.40M (Peak 61.40M) | Time:00:00.03 | Mem:0.00M, Peak:0.00M | Scene, ViewLayer | Synchronizing object | GEO-armor-block-649dcbda86c17c7952c9--FINISH--deep-vent-lou.011
Fra:1 Mem:61.40M (Peak 61.40M) | Time:00:00.03 | Mem:0.00M, Peak:0.00M | Scene, ViewLayer | Synchronizing object | GEO-armor-block-649dcbda86c17c7952c9--FINISH--upper-stepped
Fra:1 Mem:61.41M (Peak 61.41M) | Time:00:00.03 | Mem:0.00M, Peak:0.00M | Scene, ViewLayer | Synchronizing object | GEO-armor-block-649dcbda86c17c7952c9--FINISH--deep-vent-lou.012
Fra:1 Mem:61.41M (Peak 61.41M) | Time:00:00.03 | Mem:0.00M, Peak:0.00M | Scene, ViewLayer | Synchronizing object | GEO-armor-block-649dcbda86c17c7952c9--FINISH--pale-wrapped-.002
Fra:1 Mem:61.41M (Peak 61.41M) | Time:00:00.03 | Mem:0.00M, Peak:0.00M | Scene, ViewLayer | Synchronizing object | GEO-armor-block-649dcbda86c17c7952c9--FINISH--deep-vent-lou.013
Fra:1 Mem:61.41M (Peak 61.41M) | Time:00:00.03 | Mem:0.00M, Peak:0.00M | Scene, ViewLayer | Synchronizing object | GEO-armor-block-649dcbda86c17c7952c9--BACKING--closed-incom
Fra:1 Mem:61.42M (Peak 61.42M) | Time:00:00.03 | Mem:0.00M, Peak:0.00M | Scene, ViewLayer | Synchronizing object | GEO-armor-block-649dcbda86c17c7952c9--BACKING--closed-outgo
Fra:1 Mem:61.42M (Peak 61.42M) | Time:00:00.03 | Mem:0.00M, Peak:0.00M | Scene, ViewLayer | Synchronizing object | GEO-armor-block-649dcbda86c17c7952c9--FINISH--lower-impact-.004
Fra:1 Mem:61.42M (Peak 61.42M) | Time:00:00.03 | Mem:0.00M, Peak:0.00M | Scene, ViewLayer | Synchronizing object | GEO-armor-block-649dcbda86c17c7952c9--FINISH--deep-vent-lou.014
Fra:1 Mem:61.43M (Peak 61.43M) | Time:00:00.03 | Mem:0.00M, Peak:0.00M | Scene, ViewLayer | Synchronizing object | GEO-armor-block-649dcbda86c17c7952c9--FINISH--recess-shadow
Fra:1 Mem:61.43M (Peak 61.43M) | Time:00:00.03 | Mem:0.00M, Peak:0.00M | Scene, ViewLayer | Synchronizing object | GEO-armor-block-649dcbda86c17c7952c9--FINISH--deep-vent-lou.016
Fra:1 Mem:61.45M (Peak 61.45M) | Time:00:00.03 | Mem:0.00M, Peak:0.00M | Scene, ViewLayer | Synchronizing object | GEO-armor-block-649dcbda86c17c7952c9--FINISH--cyan-flush-st
Fra:1 Mem:61.45M (Peak 61.45M) | Time:00:00.03 | Mem:0.00M, Peak:0.00M | Scene, ViewLayer | Synchronizing object | GEO-armor-block-e40f082abbcbe4f55a62--BACKING--closed-incom
Fra:1 Mem:61.46M (Peak 61.46M) | Time:00:00.03 | Mem:0.00M, Peak:0.00M | Scene, ViewLayer | Synchronizing object | GEO-armor-block-e40f082abbcbe4f55a62--FINISH--lower-impact-.002
Fra:1 Mem:61.45M (Peak 61.46M) | Time:00:00.03 | Mem:0.00M, Peak:0.00M | Scene, ViewLayer | Synchronizing object | GEO-armor-block-e40f082abbcbe4f55a62--BACKING--closed-outgo
Fra:1 Mem:61.46M (Peak 61.46M) | Time:00:00.03 | Mem:0.00M, Peak:0.00M | Scene, ViewLayer | Synchronizing object | GEO-armor-block-e40f082abbcbe4f55a62--FINISH--cyan-flush-st
Fra:1 Mem:61.46M (Peak 61.46M) | Time:00:00.03 | Mem:0.00M, Peak:0.00M | Scene, ViewLayer | Synchronizing object | GEO-armor-block-e40f082abbcbe4f55a62--FINISH--pale-wrapped-.001
Fra:1 Mem:61.47M (Peak 61.47M) | Time:00:00.03 | Mem:0.00M, Peak:0.00M | Scene, ViewLayer | Synchronizing object | GEO-armor-block-e40f082abbcbe4f55a62--FINISH--interchangeab
Fra:1 Mem:61.46M (Peak 61.47M) | Time:00:00.03 | Mem:0.00M, Peak:0.00M | Scene, ViewLayer | Synchronizing object | GEO-armor-block-e40f082abbcbe4f55a62--FINISH--upper-stepped
Fra:1 Mem:61.47M (Peak 61.47M) | Time:00:00.03 | Mem:0.00M, Peak:0.00M | Scene, ViewLayer | Synchronizing object | GEO-armor-block-e40f082abbcbe4f55a62--FINISH--lower-impact-.003
Fra:1 Mem:61.49M (Peak 61.49M) | Time:00:00.03 | Mem:0.00M, Peak:0.00M | Scene, ViewLayer | Synchronizing object | GEO-armor-block-e40f082abbcbe4f55a62--FINISH--lower-impact-.004
Fra:1 Mem:61.49M (Peak 61.49M) | Time:00:00.03 | Mem:0.00M, Peak:0.00M | Scene, ViewLayer | Synchronizing object | GEO-armor-block-e40f082abbcbe4f55a62--BACKING--closed-solid
Fra:1 Mem:61.50M (Peak 61.50M) | Time:00:00.03 | Mem:0.00M, Peak:0.00M | Scene, ViewLayer | Synchronizing object | GEO-armor-block-e40f082abbcbe4f55a62--FINISH--pale-wrapped-.002
Fra:1 Mem:61.51M (Peak 61.51M) | Time:00:00.03 | Mem:0.00M, Peak:0.00M | Scene, ViewLayer | Synchronizing object | GEO-armor-block-e40f082abbcbe4f55a62--FINISH--recess-shadow
Fra:1 Mem:61.51M (Peak 61.51M) | Time:00:00.03 | Mem:0.00M, Peak:0.00M | Scene, ViewLayer | Synchronizing object | GEO-armor-block-fabbd7b0578ea00b5791--BACKING--closed-height-tr
Fra:1 Mem:61.51M (Peak 61.51M) | Time:00:00.03 | Mem:0.00M, Peak:0.00M | Scene, ViewLayer | Synchronizing object | GEO-armor-block-fabbd7b0578ea00b5791--BACKING--closed-junction-
Fra:1 Mem:61.52M (Peak 61.52M) | Time:00:00.03 | Mem:0.00M, Peak:0.00M | Scene, ViewLayer | Synchronizing object | GEO-armor-block-fabbd7b0578ea00b5791--FINISH--height-transition
Fra:1 Mem:61.53M (Peak 61.53M) | Time:00:00.03 | Mem:0.00M, Peak:0.00M | Scene, ViewLayer | Synchronizing object | GEO-armor-block-fabbd7b0578ea00b5791--FINISH--junction-lower-na
Fra:1 Mem:61.53M (Peak 61.53M) | Time:00:00.03 | Mem:0.00M, Peak:0.00M | Scene, ViewLayer | Synchronizing object | GEO-armor-block-fabbd7b0578ea00b5791--FINISH--junction-upper-na
Fra:1 Mem:61.54M (Peak 61.54M) | Time:00:00.03 | Mem:0.00M, Peak:0.00M | Scene, ViewLayer | Synchronizing object | GEO-armor-block-fabbd7b0578ea00b5791--FINISH--junction-wrapped-
Fra:1 Mem:61.54M (Peak 61.54M) | Time:00:00.03 | Mem:0.00M, Peak:0.00M | Scene, ViewLayer | Synchronizing object | GEO-armor-block-98477a5dd3e88b931589--BACKING--closed-incoming-
Fra:1 Mem:61.55M (Peak 61.55M) | Time:00:00.03 | Mem:0.00M, Peak:0.00M | Scene, ViewLayer | Synchronizing object | GEO-armor-block-98477a5dd3e88b931589--BACKING--closed-outgoing-
Fra:1 Mem:61.55M (Peak 61.55M) | Time:00:00.03 | Mem:0.00M, Peak:0.00M | Scene, ViewLayer | Synchronizing object | GEO-armor-block-98477a5dd3e88b931589--BACKING--closed-solid-bod
Fra:1 Mem:61.55M (Peak 61.55M) | Time:00:00.03 | Mem:0.00M, Peak:0.00M | Scene, ViewLayer | Synchronizing object | GEO-armor-block-98477a5dd3e88b931589--FINISH--cyan-flush-status
Fra:1 Mem:61.56M (Peak 61.56M) | Time:00:00.03 | Mem:0.00M, Peak:0.00M | Scene, ViewLayer | Synchronizing object | GEO-armor-block-98477a5dd3e88b931589--FINISH--interchangeable-p
Fra:1 Mem:61.56M (Peak 61.56M) | Time:00:00.03 | Mem:0.00M, Peak:0.00M | Scene, ViewLayer | Synchronizing object | GEO-armor-block-98477a5dd3e88b931589--FINISH--lower-impact-
Fra:1 Mem:61.57M (Peak 61.57M) | Time:00:00.03 | Mem:0.00M, Peak:0.00M | Scene, ViewLayer | Synchronizing object | GEO-armor-block-98477a5dd3e88b931589--FINISH--lower-impact-.001
Fra:1 Mem:61.57M (Peak 61.57M) | Time:00:00.03 | Mem:0.00M, Peak:0.00M | Scene, ViewLayer | Synchronizing object | GEO-armor-block-98477a5dd3e88b931589--FINISH--lower-impact-rail
Fra:1 Mem:61.59M (Peak 61.59M) | Time:00:00.03 | Mem:0.00M, Peak:0.00M | Scene, ViewLayer | Synchronizing object | GEO-armor-block-98477a5dd3e88b931589--FINISH--pale-wrapped-
Fra:1 Mem:61.59M (Peak 61.59M) | Time:00:00.03 | Mem:0.00M, Peak:0.00M | Scene, ViewLayer | Synchronizing object | GEO-armor-block-98477a5dd3e88b931589--FINISH--pale-wrapped-conn
Fra:1 Mem:61.59M (Peak 61.59M) | Time:00:00.03 | Mem:0.00M, Peak:0.00M | Scene, ViewLayer | Synchronizing object | GEO-armor-block-4896cc9388c49fcb9b2e--FINISH--upper-stepped-sho
Fra:1 Mem:61.60M (Peak 61.60M) | Time:00:00.03 | Mem:0.00M, Peak:0.00M | Scene, ViewLayer | Synchronizing object | GEO-armor-block-98477a5dd3e88b931589--FINISH--upper-stepped-sho
Fra:1 Mem:61.62M (Peak 61.62M) | Time:00:00.03 | Mem:0.00M, Peak:0.00M | Scene, ViewLayer | Synchronizing object | GEO-armor-block-a7ef36310c50dc565d00--BACKING--closed-height-tr
Fra:1 Mem:61.61M (Peak 61.62M) | Time:00:00.03 | Mem:0.00M, Peak:0.00M | Scene, ViewLayer | Synchronizing object | GEO-armor-block-a7ef36310c50dc565d00--BACKING--closed-junction-
Fra:1 Mem:61.63M (Peak 61.63M) | Time:00:00.03 | Mem:0.00M, Peak:0.00M | Scene, ViewLayer | Synchronizing object | GEO-armor-block-a7ef36310c50dc565d00--FINISH--height-transition
Fra:1 Mem:61.64M (Peak 61.64M) | Time:00:00.03 | Mem:0.00M, Peak:0.00M | Scene, ViewLayer | Synchronizing object | GEO-armor-block-a7ef36310c50dc565d00--FINISH--junction-lower-na
Fra:1 Mem:61.63M (Peak 61.64M) | Time:00:00.03 | Mem:0.00M, Peak:0.00M | Scene, ViewLayer | Synchronizing object | GEO-armor-block-4896cc9388c49fcb9b2e--FINISH--recess-shadow-sea
Fra:1 Mem:61.63M (Peak 61.64M) | Time:00:00.03 | Mem:0.00M, Peak:0.00M | Scene, ViewLayer | Synchronizing object | GEO-armor-block-a7ef36310c50dc565d00--FINISH--junction-upper-na
Fra:1 Mem:61.65M (Peak 61.65M) | Time:00:00.03 | Mem:0.00M, Peak:0.00M | Scene, ViewLayer | Synchronizing object | GEO-armor-block-a7ef36310c50dc565d00--FINISH--junction-wrapped-
Fra:1 Mem:61.65M (Peak 61.65M) | Time:00:00.03 | Mem:0.00M, Peak:0.00M | Scene, ViewLayer | Synchronizing object | GEO-armor-block-4896cc9388c49fcb9b2e--FINISH--pale-wrapped-conn
Fra:1 Mem:61.66M (Peak 61.66M) | Time:00:00.03 | Mem:0.00M, Peak:0.00M | Scene, ViewLayer | Synchronizing object | GEO-armor-block-4896cc9388c49fcb9b2e--BACKING--closed-incoming-
Fra:1 Mem:61.66M (Peak 61.66M) | Time:00:00.03 | Mem:0.00M, Peak:0.00M | Scene, ViewLayer | Synchronizing object | GEO-armor-block-4896cc9388c49fcb9b2e--BACKING--closed-outgoing-
Fra:1 Mem:61.66M (Peak 61.66M) | Time:00:00.03 | Mem:0.00M, Peak:0.00M | Scene, ViewLayer | Synchronizing object | GEO-armor-block-4896cc9388c49fcb9b2e--FINISH--pale-wrapped-
Fra:1 Mem:61.66M (Peak 61.66M) | Time:00:00.03 | Mem:0.00M, Peak:0.00M | Scene, ViewLayer | Synchronizing object | GEO-armor-block-4896cc9388c49fcb9b2e--BACKING--closed-solid-bod
Fra:1 Mem:61.66M (Peak 61.66M) | Time:00:00.03 | Mem:0.00M, Peak:0.00M | Scene, ViewLayer | Synchronizing object | GEO-armor-block-4896cc9388c49fcb9b2e--FINISH--cyan-flush-status
Fra:1 Mem:61.67M (Peak 61.67M) | Time:00:00.03 | Mem:0.00M, Peak:0.00M | Scene, ViewLayer | Synchronizing object | GEO-armor-block-4896cc9388c49fcb9b2e--FINISH--lower-impact-rail
Fra:1 Mem:61.66M (Peak 61.67M) | Time:00:00.03 | Mem:0.00M, Peak:0.00M | Scene, ViewLayer | Synchronizing object | GEO-armor-block-4896cc9388c49fcb9b2e--FINISH--lower-impact-
Fra:1 Mem:61.69M (Peak 61.69M) | Time:00:00.03 | Mem:0.00M, Peak:0.00M | Scene, ViewLayer | Synchronizing object | GEO-armor-block-4896cc9388c49fcb9b2e--FINISH--lower-impact-.001
Fra:1 Mem:61.69M (Peak 61.69M) | Time:00:00.03 | Mem:0.00M, Peak:0.00M | Scene, ViewLayer | Initializing
Fra:1 Mem:59.90M (Peak 61.69M) | Time:00:00.03 | Mem:0.00M, Peak:0.00M | Scene, ViewLayer | Updating Images | Loading armor-basecolor
Fra:1 Mem:59.90M (Peak 61.69M) | Time:00:00.03 | Mem:0.00M, Peak:0.00M | Scene, ViewLayer | Updating Images | Loading armor-normal.014
Fra:1 Mem:59.90M (Peak 61.69M) | Time:00:00.03 | Mem:0.00M, Peak:0.00M | Scene, ViewLayer | Updating Images | Loading armor-normal
Fra:1 Mem:91.93M (Peak 99.93M) | Time:00:00.05 | Mem:4.00M, Peak:4.00M | Scene, ViewLayer | Updating Images | Loading armor-basecolor.003
Fra:1 Mem:87.92M (Peak 99.93M) | Time:00:00.05 | Mem:8.00M, Peak:8.00M | Scene, ViewLayer | Updating Images | Loading armor-roughness.003
Fra:1 Mem:91.92M (Peak 99.93M) | Time:00:00.05 | Mem:12.00M, Peak:12.00M | Scene, ViewLayer | Updating Images | Loading armor-normal.003
Fra:1 Mem:103.93M (Peak 111.94M) | Time:00:00.06 | Mem:16.00M, Peak:16.00M | Scene, ViewLayer | Updating Images | Loading armor-basecolor.004
Fra:1 Mem:99.92M (Peak 111.94M) | Time:00:00.06 | Mem:20.00M, Peak:20.00M | Scene, ViewLayer | Updating Images | Loading armor-roughness.004
Fra:1 Mem:103.92M (Peak 111.94M) | Time:00:00.07 | Mem:24.00M, Peak:24.00M | Scene, ViewLayer | Updating Images | Loading armor-normal.004
Fra:1 Mem:115.93M (Peak 123.94M) | Time:00:00.08 | Mem:28.00M, Peak:28.00M | Scene, ViewLayer | Updating Images | Loading armor-basecolor.001
Fra:1 Mem:111.92M (Peak 123.94M) | Time:00:00.08 | Mem:32.00M, Peak:32.00M | Scene, ViewLayer | Updating Images | Loading armor-roughness.001
Fra:1 Mem:123.93M (Peak 131.94M) | Time:00:00.09 | Mem:36.00M, Peak:36.00M | Scene, ViewLayer | Updating Images | Loading armor-normal.001
Fra:1 Mem:119.92M (Peak 131.94M) | Time:00:00.09 | Mem:40.00M, Peak:40.00M | Scene, ViewLayer | Updating Images | Loading armor-basecolor.002
Fra:1 Mem:123.92M (Peak 131.94M) | Time:00:00.10 | Mem:44.00M, Peak:44.00M | Scene, ViewLayer | Updating Images | Loading armor-roughness.002
Fra:1 Mem:127.92M (Peak 135.93M) | Time:00:00.11 | Mem:48.00M, Peak:48.00M | Scene, ViewLayer | Updating Images | Loading armor-normal.002
Fra:1 Mem:131.92M (Peak 139.93M) | Time:00:00.11 | Mem:52.00M, Peak:52.00M | Scene, ViewLayer | Updating Images | Loading armor-basecolor.010
Fra:1 Mem:135.93M (Peak 143.93M) | Time:00:00.12 | Mem:56.00M, Peak:56.00M | Scene, ViewLayer | Updating Images | Loading armor-roughness.010
Fra:1 Mem:139.92M (Peak 147.93M) | Time:00:00.12 | Mem:60.00M, Peak:60.00M | Scene, ViewLayer | Updating Images | Loading armor-normal.010
Fra:1 Mem:143.92M (Peak 151.93M) | Time:00:00.14 | Mem:64.00M, Peak:64.00M | Scene, ViewLayer | Updating Images | Loading armor-basecolor.011
Fra:1 Mem:155.93M (Peak 163.94M) | Time:00:00.15 | Mem:68.00M, Peak:68.00M | Scene, ViewLayer | Updating Images | Loading armor-roughness.011
Fra:1 Mem:151.92M (Peak 163.94M) | Time:00:00.15 | Mem:72.00M, Peak:72.00M | Scene, ViewLayer | Updating Images | Loading armor-normal.011
Fra:1 Mem:163.93M (Peak 171.94M) | Time:00:00.16 | Mem:76.00M, Peak:76.00M | Scene, ViewLayer | Updating Images | Loading armor-basecolor.008
Fra:1 Mem:167.93M (Peak 175.94M) | Time:00:00.18 | Mem:80.00M, Peak:80.00M | Scene, ViewLayer | Updating Images | Loading armor-roughness.014
Fra:1 Mem:163.92M (Peak 175.94M) | Time:00:00.19 | Mem:84.00M, Peak:84.00M | Scene, ViewLayer | Updating Images | Loading armor-roughness.008
Fra:1 Mem:167.92M (Peak 175.94M) | Time:00:00.19 | Mem:88.00M, Peak:88.00M | Scene, ViewLayer | Updating Images | Loading armor-normal.008
Fra:1 Mem:171.92M (Peak 179.93M) | Time:00:00.20 | Mem:92.00M, Peak:92.00M | Scene, ViewLayer | Updating Images | Loading armor-basecolor.014
Fra:1 Mem:167.91M (Peak 179.93M) | Time:00:00.20 | Mem:96.00M, Peak:96.00M | Scene, ViewLayer | Updating Images | Loading armor-basecolor.007
Fra:1 Mem:171.91M (Peak 179.93M) | Time:00:00.20 | Mem:100.00M, Peak:100.00M | Scene, ViewLayer | Updating Images | Loading armor-roughness.007
Fra:1 Mem:175.91M (Peak 183.92M) | Time:00:00.21 | Mem:104.00M, Peak:104.00M | Scene, ViewLayer | Updating Images | Loading armor-normal.013
Fra:1 Mem:187.92M (Peak 195.93M) | Time:00:00.21 | Mem:108.00M, Peak:108.00M | Scene, ViewLayer | Updating Images | Loading armor-normal.007
Fra:1 Mem:183.92M (Peak 195.93M) | Time:00:00.22 | Mem:112.00M, Peak:112.00M | Scene, ViewLayer | Updating Images | Loading armor-basecolor.006
Fra:1 Mem:195.92M (Peak 203.93M) | Time:00:00.22 | Mem:116.00M, Peak:116.00M | Scene, ViewLayer | Updating Images | Loading armor-roughness.006
Fra:1 Mem:199.92M (Peak 207.93M) | Time:00:00.24 | Mem:120.00M, Peak:120.00M | Scene, ViewLayer | Updating Images | Loading armor-roughness.013
Fra:1 Mem:195.91M (Peak 207.93M) | Time:00:00.24 | Mem:124.00M, Peak:124.00M | Scene, ViewLayer | Updating Images | Loading armor-normal.006
Fra:1 Mem:223.94M (Peak 231.95M) | Time:00:00.25 | Mem:128.00M, Peak:128.00M | Scene, ViewLayer | Updating Images | Loading armor-basecolor.005
Fra:1 Mem:219.93M (Peak 231.95M) | Time:00:00.25 | Mem:132.00M, Peak:132.00M | Scene, ViewLayer | Updating Images | Loading armor-roughness.005
Fra:1 Mem:215.92M (Peak 231.95M) | Time:00:00.25 | Mem:136.00M, Peak:136.00M | Scene, ViewLayer | Updating Images | Loading armor-basecolor.013
Fra:1 Mem:211.91M (Peak 231.95M) | Time:00:00.25 | Mem:140.00M, Peak:140.00M | Scene, ViewLayer | Updating Images | Loading armor-normal.005
Fra:1 Mem:223.92M (Peak 231.95M) | Time:00:00.27 | Mem:144.00M, Peak:144.00M | Scene, ViewLayer | Updating Images | Loading armor-basecolor.009
Fra:1 Mem:219.91M (Peak 231.95M) | Time:00:00.27 | Mem:148.00M, Peak:148.00M | Scene, ViewLayer | Updating Images | Loading armor-roughness.009
Fra:1 Mem:223.91M (Peak 231.95M) | Time:00:00.28 | Mem:152.00M, Peak:152.00M | Scene, ViewLayer | Updating Images | Loading armor-normal.012
Fra:1 Mem:235.92M (Peak 243.93M) | Time:00:00.30 | Mem:156.00M, Peak:156.00M | Scene, ViewLayer | Updating Images | Loading armor-roughness.012
Fra:1 Mem:235.92M (Peak 243.93M) | Time:00:00.30 | Mem:160.00M, Peak:160.00M | Scene, ViewLayer | Updating Images | Loading armor-normal.009
Fra:1 Mem:235.91M (Peak 243.93M) | Time:00:00.31 | Mem:164.00M, Peak:164.00M | Scene, ViewLayer | Updating Images | Loading armor-basecolor.012
Fra:1 Mem:226.56M (Peak 255.93M) | Time:00:00.32 | Mem:180.00M, Peak:180.00M | Scene, ViewLayer | Waiting for render to start
Fra:1 Mem:226.56M (Peak 255.93M) | Time:00:00.32 | Mem:180.00M, Peak:180.00M | Scene, ViewLayer | Loading render kernels (may take a few minutes the first time)
Fra:1 Mem:226.56M (Peak 255.93M) | Time:00:00.32 | Mem:180.00M, Peak:180.00M | Scene, ViewLayer | Updating Scene
Fra:1 Mem:226.56M (Peak 255.93M) | Time:00:00.32 | Mem:180.00M, Peak:180.00M | Scene, ViewLayer | Updating Shaders
Fra:1 Mem:226.66M (Peak 255.93M) | Time:00:00.32 | Mem:180.02M, Peak:180.02M | Scene, ViewLayer | Updating Procedurals
Fra:1 Mem:226.66M (Peak 255.93M) | Time:00:00.32 | Mem:180.02M, Peak:180.02M | Scene, ViewLayer | Updating Background
Fra:1 Mem:226.66M (Peak 255.93M) | Time:00:00.32 | Mem:180.02M, Peak:180.02M | Scene, ViewLayer | Updating Camera
Fra:1 Mem:226.66M (Peak 255.93M) | Time:00:00.32 | Mem:180.02M, Peak:180.02M | Scene, ViewLayer | Updating Meshes Flags
Fra:1 Mem:226.66M (Peak 255.93M) | Time:00:00.32 | Mem:180.02M, Peak:180.02M | Scene, ViewLayer | Updating Objects
Fra:1 Mem:226.66M (Peak 255.93M) | Time:00:00.32 | Mem:180.02M, Peak:180.02M | Scene, ViewLayer | Updating Objects | Copying Transformations to device
Fra:1 Mem:226.76M (Peak 255.93M) | Time:00:00.32 | Mem:180.12M, Peak:180.12M | Scene, ViewLayer | Updating Objects | Applying Static Transformations
Fra:1 Mem:226.76M (Peak 255.93M) | Time:00:00.32 | Mem:180.12M, Peak:180.12M | Scene, ViewLayer | Updating Particle Systems
Fra:1 Mem:226.76M (Peak 255.93M) | Time:00:00.32 | Mem:180.12M, Peak:180.12M | Scene, ViewLayer | Updating Particle Systems | Copying Particles to device
Fra:1 Mem:226.76M (Peak 255.93M) | Time:00:00.32 | Mem:180.12M, Peak:180.12M | Scene, ViewLayer | Updating Meshes
Fra:1 Mem:226.81M (Peak 255.93M) | Time:00:00.32 | Mem:180.12M, Peak:180.12M | Scene, ViewLayer | Updating Mesh | Computing attributes
Fra:1 Mem:227.22M (Peak 255.93M) | Time:00:00.33 | Mem:180.15M, Peak:180.15M | Scene, ViewLayer | Updating Mesh | Copying Attributes to device
Fra:1 Mem:227.14M (Peak 255.93M) | Time:00:00.33 | Mem:180.45M, Peak:180.45M | Scene, ViewLayer | Updating Geometry BVH MESH-armor-block-a6743a347ee2fcdd1ce9-closed-outgoing-wrapped-b 1/125 | Building BVH
Fra:1 Mem:227.14M (Peak 255.93M) | Time:00:00.33 | Mem:180.45M, Peak:180.45M | Scene, ViewLayer | Updating Geometry BVH MESH-armor-block-e40f082abbcbe4f55a62-recess-shadow-seat 125/125 | Building BVH
Fra:1 Mem:227.14M (Peak 255.93M) | Time:00:00.33 | Mem:180.45M, Peak:180.45M | Scene, ViewLayer | Updating Geometry BVH MESH-armor-block-e40f082abbcbe4f55a62-recess-shadow-seat 125/125 | Building BVH 0%
Fra:1 Mem:227.14M (Peak 255.93M) | Time:00:00.33 | Mem:180.46M, Peak:180.46M | Scene, ViewLayer | Updating Geometry BVH MESH-armor-block-e40f082abbcbe4f55a62-pale-wrapped-connector-ou 124/125 | Building BVH
Fra:1 Mem:227.14M (Peak 255.93M) | Time:00:00.33 | Mem:180.46M, Peak:180.46M | Scene, ViewLayer | Updating Geometry BVH MESH-armor-block-a6743a347ee2fcdd1ce9-lower-impact-rail-cut-poc 5/125 | Building BVH
Fra:1 Mem:227.14M (Peak 255.93M) | Time:00:00.33 | Mem:180.46M, Peak:180.46M | Scene, ViewLayer | Updating Geometry BVH MESH-armor-block-e40f082abbcbe4f55a62-closed-solid-body 123/125 | Building BVH
Fra:1 Mem:227.14M (Peak 255.93M) | Time:00:00.33 | Mem:180.47M, Peak:180.47M | Scene, ViewLayer | Updating Geometry BVH MESH-armor-block-a6743a347ee2fcdd1ce9-closed-incoming-wrapped-b 8/125 | Building BVH
Fra:1 Mem:227.14M (Peak 255.93M) | Time:00:00.33 | Mem:180.47M, Peak:180.47M | Scene, ViewLayer | Updating Geometry BVH MESH-armor-block-a6743a347ee2fcdd1ce9-interchangeable-plain-fac 9/125 | Building BVH
Fra:1 Mem:227.14M (Peak 255.93M) | Time:00:00.33 | Mem:180.47M, Peak:180.47M | Scene, ViewLayer | Updating Geometry BVH MESH-armor-block-a6743a347ee2fcdd1ce9-pale-wrapped-connector-in 10/125 | Building BVH
Fra:1 Mem:227.14M (Peak 255.93M) | Time:00:00.33 | Mem:180.47M, Peak:180.47M | Scene, ViewLayer | Updating Geometry BVH MESH-armor-block-a6743a347ee2fcdd1ce9-lower-impact-rail-left 11/125 | Building BVH
Fra:1 Mem:227.14M (Peak 255.93M) | Time:00:00.33 | Mem:180.48M, Peak:180.48M | Scene, ViewLayer | Updating Geometry BVH MESH-armor-block-a6743a347ee2fcdd1ce9-recess-shadow-seat 12/125 | Building BVH
Fra:1 Mem:227.14M (Peak 255.93M) | Time:00:00.33 | Mem:180.48M, Peak:180.48M | Scene, ViewLayer | Updating Geometry BVH MESH-armor-block-e40f082abbcbe4f55a62-lower-impact-rail-left 121/125 | Building BVH
Fra:1 Mem:227.14M (Peak 255.93M) | Time:00:00.33 | Mem:180.48M, Peak:180.49M | Scene, ViewLayer | Updating Geometry BVH MESH-armor-block-926961217b49c21a526b-closed-incoming-wrapped-b 13/125 | Building BVH
Fra:1 Mem:227.14M (Peak 255.93M) | Time:00:00.33 | Mem:180.49M, Peak:180.49M | Scene, ViewLayer | Updating Geometry BVH MESH-armor-block-926961217b49c21a526b-pale-wrapped-connector-in 14/125 | Building BVH
Fra:1 Mem:227.14M (Peak 255.93M) | Time:00:00.33 | Mem:180.49M, Peak:180.49M | Scene, ViewLayer | Updating Geometry BVH MESH-armor-block-926961217b49c21a526b-lower-impact-rail-cut-poc 15/125 | Building BVH
Fra:1 Mem:227.14M (Peak 255.93M) | Time:00:00.33 | Mem:180.49M, Peak:180.49M | Scene, ViewLayer | Updating Geometry BVH MESH-armor-block-926961217b49c21a526b-closed-outgoing-wrapped-b 16/125 | Building BVH
Fra:1 Mem:227.14M (Peak 255.93M) | Time:00:00.33 | Mem:180.49M, Peak:180.49M | Scene, ViewLayer | Updating Geometry BVH MESH-armor-block-e40f082abbcbe4f55a62-interchangeable-identity- 119/125 | Building BVH
Fra:1 Mem:227.14M (Peak 255.93M) | Time:00:00.33 | Mem:180.50M, Peak:180.50M | Scene, ViewLayer | Updating Geometry BVH MESH-armor-block-926961217b49c21a526b-upper-stepped-shoulder 17/125 | Building BVH
Fra:1 Mem:227.14M (Peak 255.93M) | Time:00:00.33 | Mem:180.50M, Peak:180.50M | Scene, ViewLayer | Updating Geometry BVH MESH-armor-block-926961217b49c21a526b-cyan-flush-status-lens 18/125 | Building BVH
Fra:1 Mem:227.14M (Peak 255.93M) | Time:00:00.33 | Mem:180.50M, Peak:180.50M | Scene, ViewLayer | Updating Geometry BVH MESH-armor-block-926961217b49c21a526b-lower-impact-rail-right 20/125 | Building BVH
Fra:1 Mem:227.14M (Peak 255.93M) | Time:00:00.33 | Mem:180.50M, Peak:180.50M | Scene, ViewLayer | Updating Geometry BVH MESH-armor-block-926961217b49c21a526b-recess-shadow-seat 21/125 | Building BVH
Fra:1 Mem:227.14M (Peak 255.93M) | Time:00:00.33 | Mem:180.50M, Peak:180.50M | Scene, ViewLayer | Updating Geometry BVH MESH-armor-block-926961217b49c21a526b-closed-solid-body 22/125 | Building BVH
Fra:1 Mem:227.14M (Peak 255.93M) | Time:00:00.33 | Mem:180.51M, Peak:180.51M | Scene, ViewLayer | Updating Geometry BVH MESH-armor-block-926961217b49c21a526b-interchangeable-red-servi 24/125 | Building BVH
Fra:1 Mem:227.14M (Peak 255.93M) | Time:00:00.33 | Mem:180.52M, Peak:180.52M | Scene, ViewLayer | Updating Geometry BVH MESH-armor-block-137adc2153a878094d60-lower-impact-rail-cut-poc 25/125 | Building BVH
Fra:1 Mem:227.14M (Peak 255.93M) | Time:00:00.33 | Mem:180.52M, Peak:180.52M | Scene, ViewLayer | Updating Geometry BVH MESH-armor-block-e40f082abbcbe4f55a62-pale-wrapped-connector-in 118/125 | Building BVH
Fra:1 Mem:227.14M (Peak 255.93M) | Time:00:00.33 | Mem:180.53M, Peak:180.53M | Scene, ViewLayer | Updating Geometry BVH MESH-armor-block-137adc2153a878094d60-interchangeable-utility-f 28/125 | Building BVH
Fra:1 Mem:227.14M (Peak 255.93M) | Time:00:00.33 | Mem:180.53M, Peak:180.53M | Scene, ViewLayer | Updating Geometry BVH MESH-armor-block-e40f082abbcbe4f55a62-cyan-flush-status-lens 117/125 | Building BVH
Fra:1 Mem:227.14M (Peak 255.93M) | Time:00:00.33 | Mem:180.53M, Peak:180.54M | Scene, ViewLayer | Updating Geometry BVH MESH-armor-block-137adc2153a878094d60-lower-impact-rail-left 30/125 | Building BVH
Fra:1 Mem:227.14M (Peak 255.93M) | Time:00:00.33 | Mem:180.54M, Peak:180.54M | Scene, ViewLayer | Updating Geometry BVH MESH-armor-block-137adc2153a878094d60-closed-incoming-wrapped-b 31/125 | Building BVH
Fra:1 Mem:227.14M (Peak 255.93M) | Time:00:00.33 | Mem:180.54M, Peak:180.54M | Scene, ViewLayer | Updating Geometry BVH MESH-armor-block-137adc2153a878094d60-lower-impact-rail-right 32/125 | Building BVH
Fra:1 Mem:227.14M (Peak 255.93M) | Time:00:00.33 | Mem:180.54M, Peak:180.55M | Scene, ViewLayer | Updating Geometry BVH MESH-armor-block-e40f082abbcbe4f55a62-lower-impact-rail-right 115/125 | Building BVH
Fra:1 Mem:227.14M (Peak 255.93M) | Time:00:00.33 | Mem:180.54M, Peak:180.55M | Scene, ViewLayer | Updating Geometry BVH MESH-armor-block-137adc2153a878094d60-pale-wrapped-connector-ou 35/125 | Building BVH
Fra:1 Mem:227.14M (Peak 255.93M) | Time:00:00.33 | Mem:180.55M, Peak:180.55M | Scene, ViewLayer | Updating Geometry BVH MESH-armor-block-e40f082abbcbe4f55a62-closed-incoming-wrapped-b 114/125 | Building BVH
Fra:1 Mem:227.14M (Peak 255.93M) | Time:00:00.33 | Mem:180.55M, Peak:180.55M | Scene, ViewLayer | Updating Geometry BVH MESH-armor-block-137adc2153a878094d60-utility-status-lens 36/125 | Building BVH
Fra:1 Mem:227.14M (Peak 255.93M) | Time:00:00.33 | Mem:180.55M, Peak:180.55M | Scene, ViewLayer | Updating Geometry BVH MESH-armor-block-137adc2153a878094d60-recess-shadow-seat 37/125 | Building BVH
Fra:1 Mem:227.14M (Peak 255.93M) | Time:00:00.33 | Mem:180.55M, Peak:180.55M | Scene, ViewLayer | Updating Geometry BVH MESH-armor-block-137adc2153a878094d60-closed-solid-body 38/125 | Building BVH
Fra:1 Mem:227.14M (Peak 255.93M) | Time:00:00.33 | Mem:180.55M, Peak:180.55M | Scene, ViewLayer | Updating Geometry BVH MESH-armor-block-62ad930c45227d5287a0-recess-shadow-seat 39/125 | Building BVH
Fra:1 Mem:227.14M (Peak 255.93M) | Time:00:00.33 | Mem:180.55M, Peak:180.55M | Scene, ViewLayer | Updating Geometry BVH MESH-armor-block-649dcbda86c17c7952c9-cyan-flush-status-lens 113/125 | Building BVH
Fra:1 Mem:227.14M (Peak 255.93M) | Time:00:00.33 | Mem:180.56M, Peak:180.56M | Scene, ViewLayer | Updating Geometry BVH MESH-armor-block-62ad930c45227d5287a0-lower-impact-rail-cut-poc 40/125 | Building BVH
Fra:1 Mem:227.14M (Peak 255.93M) | Time:00:00.33 | Mem:180.56M, Peak:180.56M | Scene, ViewLayer | Updating Geometry BVH MESH-armor-block-649dcbda86c17c7952c9-deep-vent-louver-5 112/125 | Building BVH
Fra:1 Mem:227.14M (Peak 255.93M) | Time:00:00.33 | Mem:180.56M, Peak:180.56M | Scene, ViewLayer | Updating Geometry BVH MESH-armor-block-62ad930c45227d5287a0-closed-incoming-wrapped-b 42/125 | Building BVH
Fra:1 Mem:227.14M (Peak 255.93M) | Time:00:00.33 | Mem:180.56M, Peak:180.56M | Scene, ViewLayer | Updating Geometry BVH MESH-armor-block-62ad930c45227d5287a0-lower-impact-rail-left 43/125 | Building BVH
Fra:1 Mem:227.14M (Peak 255.93M) | Time:00:00.33 | Mem:180.56M, Peak:180.57M | Scene, ViewLayer | Updating Geometry BVH MESH-armor-block-62ad930c45227d5287a0-cyan-flush-status-lens 44/125 | Building BVH
Fra:1 Mem:227.14M (Peak 255.93M) | Time:00:00.33 | Mem:180.57M, Peak:180.57M | Scene, ViewLayer | Updating Geometry BVH MESH-armor-block-62ad930c45227d5287a0-pale-wrapped-connector-ou 45/125 | Building BVH
Fra:1 Mem:227.14M (Peak 255.93M) | Time:00:00.33 | Mem:180.57M, Peak:180.57M | Scene, ViewLayer | Updating Geometry BVH MESH-armor-block-649dcbda86c17c7952c9-recess-shadow-seat 110/125 | Building BVH
Fra:1 Mem:227.14M (Peak 255.93M) | Time:00:00.33 | Mem:180.57M, Peak:180.57M | Scene, ViewLayer | Updating Geometry BVH MESH-armor-block-62ad930c45227d5287a0-interchangeable-plain-fac 48/125 | Building BVH
Fra:1 Mem:227.14M (Peak 255.93M) | Time:00:00.33 | Mem:180.58M, Peak:180.58M | Scene, ViewLayer | Updating Geometry BVH MESH-armor-block-649dcbda86c17c7952c9-deep-vent-louver-4 109/125 | Building BVH
Fra:1 Mem:227.14M (Peak 255.93M) | Time:00:00.33 | Mem:180.58M, Peak:180.58M | Scene, ViewLayer | Updating Geometry BVH MESH-armor-block-62ad930c45227d5287a0-lower-impact-rail-right 50/125 | Building BVH
Fra:1 Mem:227.14M (Peak 255.93M) | Time:00:00.33 | Mem:180.59M, Peak:180.59M | Scene, ViewLayer | Updating Geometry BVH MESH-armor-block-e1affbf19f4b7fa30311-junction-wrapped-pale-con 51/125 | Building BVH
Fra:1 Mem:227.14M (Peak 255.93M) | Time:00:00.33 | Mem:180.59M, Peak:180.59M | Scene, ViewLayer | Updating Geometry BVH MESH-armor-block-e1affbf19f4b7fa30311-closed-junction-wedge 52/125 | Building BVH
Fra:1 Mem:227.14M (Peak 255.93M) | Time:00:00.33 | Mem:180.59M, Peak:180.59M | Scene, ViewLayer | Updating Geometry BVH MESH-armor-block-e1affbf19f4b7fa30311-junction-lower-navy-shoe 53/125 | Building BVH
Fra:1 Mem:227.14M (Peak 255.93M) | Time:00:00.33 | Mem:180.59M, Peak:180.59M | Scene, ViewLayer | Updating Geometry BVH MESH-armor-block-e1affbf19f4b7fa30311-junction-upper-navy-shoul 54/125 | Building BVH
Fra:1 Mem:227.14M (Peak 255.93M) | Time:00:00.33 | Mem:180.60M, Peak:180.60M | Scene, ViewLayer | Updating Geometry BVH MESH-armor-block-649dcbda86c17c7952c9-closed-outgoing-wrapped-b 107/125 | Building BVH
Fra:1 Mem:227.14M (Peak 255.93M) | Time:00:00.33 | Mem:180.60M, Peak:180.60M | Scene, ViewLayer | Updating Geometry BVH MESH-armor-block-e120acd13dae3b493668-closed-incoming-wrapped-b 55/125 | Building BVH
Fra:1 Mem:227.14M (Peak 255.93M) | Time:00:00.33 | Mem:180.60M, Peak:180.60M | Scene, ViewLayer | Updating Geometry BVH MESH-armor-block-649dcbda86c17c7952c9-closed-incoming-wrapped-b 106/125 | Building BVH
Fra:1 Mem:227.14M (Peak 255.93M) | Time:00:00.33 | Mem:180.60M, Peak:180.60M | Scene, ViewLayer | Updating Geometry BVH MESH-armor-block-e120acd13dae3b493668-lower-impact-rail-right 56/125 | Building BVH
Fra:1 Mem:227.14M (Peak 255.93M) | Time:00:00.33 | Mem:180.60M, Peak:180.60M | Scene, ViewLayer | Updating Geometry BVH MESH-armor-block-e120acd13dae3b493668-upper-stepped-shoulder 57/125 | Building BVH
Fra:1 Mem:227.14M (Peak 255.93M) | Time:00:00.33 | Mem:180.61M, Peak:180.61M | Scene, ViewLayer | Updating Geometry BVH MESH-armor-block-649dcbda86c17c7952c9-pale-wrapped-connector-ou 104/125 | Building BVH
Fra:1 Mem:227.14M (Peak 255.93M) | Time:00:00.33 | Mem:180.61M, Peak:180.61M | Scene, ViewLayer | Updating Geometry BVH MESH-armor-block-e120acd13dae3b493668-pale-wrapped-connector-ou 59/125 | Building BVH
Fra:1 Mem:227.14M (Peak 255.93M) | Time:00:00.33 | Mem:180.62M, Peak:180.62M | Scene, ViewLayer | Updating Geometry BVH MESH-armor-block-e120acd13dae3b493668-cyan-flush-status-lens 60/125 | Building BVH
Fra:1 Mem:227.14M (Peak 255.93M) | Time:00:00.33 | Mem:180.62M, Peak:180.62M | Scene, ViewLayer | Updating Geometry BVH MESH-armor-block-649dcbda86c17c7952c9-deep-vent-louver-0 103/125 | Building BVH
Fra:1 Mem:227.14M (Peak 255.93M) | Time:00:00.33 | Mem:180.62M, Peak:180.62M | Scene, ViewLayer | Updating Geometry BVH MESH-armor-block-649dcbda86c17c7952c9-upper-stepped-shoulder 102/125 | Building BVH
Fra:1 Mem:227.14M (Peak 255.93M) | Time:00:00.33 | Mem:180.62M, Peak:180.62M | Scene, ViewLayer | Updating Geometry BVH MESH-armor-block-e120acd13dae3b493668-deep-vent-louver-1 63/125 | Building BVH
Fra:1 Mem:227.14M (Peak 255.93M) | Time:00:00.33 | Mem:180.62M, Peak:180.62M | Scene, ViewLayer | Updating Geometry BVH MESH-armor-block-e120acd13dae3b493668-lower-impact-rail-left 64/125 | Building BVH
Fra:1 Mem:227.14M (Peak 255.93M) | Time:00:00.33 | Mem:180.63M, Peak:180.63M | Scene, ViewLayer | Updating Geometry BVH MESH-armor-block-649dcbda86c17c7952c9-deep-vent-louver-2 101/125 | Building BVH
Fra:1 Mem:227.14M (Peak 255.93M) | Time:00:00.33 | Mem:180.64M, Peak:180.64M | Scene, ViewLayer | Updating Geometry BVH MESH-armor-block-e120acd13dae3b493668-vent-dark-well 65/125 | Building BVH
Fra:1 Mem:227.14M (Peak 255.93M) | Time:00:00.33 | Mem:180.63M, Peak:180.64M | Scene, ViewLayer | Updating Geometry BVH MESH-armor-block-e120acd13dae3b493668-deep-vent-louver-0 67/125 | Building BVH
Fra:1 Mem:227.14M (Peak 255.93M) | Time:00:00.33 | Mem:180.64M, Peak:180.64M | Scene, ViewLayer | Updating Geometry BVH MESH-armor-block-e120acd13dae3b493668-pale-wrapped-connector-in 68/125 | Building BVH
Fra:1 Mem:227.14M (Peak 255.93M) | Time:00:00.33 | Mem:180.64M, Peak:180.64M | Scene, ViewLayer | Updating Geometry BVH MESH-armor-block-649dcbda86c17c7952c9-closed-solid-body 99/125 | Building BVH
Fra:1 Mem:227.14M (Peak 255.93M) | Time:00:00.33 | Mem:180.64M, Peak:180.64M | Scene, ViewLayer | Updating Geometry BVH MESH-armor-block-e120acd13dae3b493668-lower-impact-rail-cut-poc 69/125 | Building BVH
Fra:1 Mem:227.14M (Peak 255.93M) | Time:00:00.33 | Mem:180.64M, Peak:180.64M | Scene, ViewLayer | Updating Geometry BVH MESH-armor-block-70b34597548b284a0a7f-closed-junction-wedge 70/125 | Building BVH
Fra:1 Mem:227.14M (Peak 255.93M) | Time:00:00.33 | Mem:180.65M, Peak:180.65M | Scene, ViewLayer | Updating Geometry BVH MESH-armor-block-649dcbda86c17c7952c9-lower-impact-rail-cut-poc 98/125 | Building BVH
Fra:1 Mem:227.14M (Peak 255.93M) | Time:00:00.33 | Mem:180.65M, Peak:180.65M | Scene, ViewLayer | Updating Geometry BVH MESH-armor-block-70b34597548b284a0a7f-junction-wrapped-pale-con 72/125 | Building BVH
Fra:1 Mem:227.14M (Peak 255.93M) | Time:00:00.33 | Mem:180.65M, Peak:180.65M | Scene, ViewLayer | Updating Geometry BVH MESH-armor-block-70b34597548b284a0a7f-junction-upper-navy-shoul 73/125 | Building BVH
Fra:1 Mem:227.14M (Peak 255.93M) | Time:00:00.33 | Mem:180.66M, Peak:180.66M | Scene, ViewLayer | Updating Geometry BVH MESH-armor-block-649dcbda86c17c7952c9-deep-vent-louver-7 97/125 | Building BVH
Fra:1 Mem:227.14M (Peak 255.93M) | Time:00:00.33 | Mem:180.66M, Peak:180.66M | Scene, ViewLayer | Updating Geometry BVH MESH-armor-block-649dcbda86c17c7952c9-pale-wrapped-connector-in 96/125 | Building BVH
Fra:1 Mem:227.14M (Peak 255.93M) | Time:00:00.33 | Mem:180.66M, Peak:180.66M | Scene, ViewLayer | Updating Geometry BVH MESH-armor-block-b235419d9a165659f2e8-pale-wrapped-connector-in 75/125 | Building BVH
Fra:1 Mem:227.14M (Peak 255.93M) | Time:00:00.33 | Mem:180.67M, Peak:180.67M | Scene, ViewLayer | Updating Geometry BVH MESH-armor-block-649dcbda86c17c7952c9-deep-vent-louver-1 95/125 | Building BVH
Fra:1 Mem:227.14M (Peak 255.93M) | Time:00:00.33 | Mem:180.67M, Peak:180.67M | Scene, ViewLayer | Updating Geometry BVH MESH-armor-block-b235419d9a165659f2e8-interchangeable-plain-fac 77/125 | Building BVH
Fra:1 Mem:227.14M (Peak 255.93M) | Time:00:00.33 | Mem:180.68M, Peak:180.68M | Scene, ViewLayer | Updating Geometry BVH MESH-armor-block-b235419d9a165659f2e8-pale-wrapped-connector-ou 78/125 | Building BVH
Fra:1 Mem:227.14M (Peak 255.93M) | Time:00:00.33 | Mem:180.68M, Peak:180.68M | Scene, ViewLayer | Updating Geometry BVH MESH-armor-block-b235419d9a165659f2e8-recess-shadow-seat 79/125 | Building BVH
Fra:1 Mem:227.14M (Peak 255.93M) | Time:00:00.33 | Mem:180.68M, Peak:180.68M | Scene, ViewLayer | Updating Geometry BVH MESH-armor-block-649dcbda86c17c7952c9-vent-dark-well 94/125 | Building BVH
Fra:1 Mem:227.14M (Peak 255.93M) | Time:00:00.33 | Mem:180.68M, Peak:180.68M | Scene, ViewLayer | Updating Geometry BVH MESH-armor-block-b235419d9a165659f2e8-closed-solid-body 80/125 | Building BVH
Fra:1 Mem:227.14M (Peak 255.93M) | Time:00:00.33 | Mem:180.68M, Peak:180.68M | Scene, ViewLayer | Updating Geometry BVH MESH-armor-block-b235419d9a165659f2e8-upper-stepped-shoulder 81/125 | Building BVH
Fra:1 Mem:227.14M (Peak 255.93M) | Time:00:00.33 | Mem:180.68M, Peak:180.68M | Scene, ViewLayer | Updating Geometry BVH MESH-armor-block-b235419d9a165659f2e8-lower-impact-rail 82/125 | Building BVH
Fra:1 Mem:227.14M (Peak 255.93M) | Time:00:00.33 | Mem:180.68M, Peak:180.68M | Scene, ViewLayer | Updating Geometry BVH MESH-armor-block-649dcbda86c17c7952c9-interchangeable-vent-face 92/125 | Building BVH
Fra:1 Mem:227.14M (Peak 255.93M) | Time:00:00.33 | Mem:180.69M, Peak:180.69M | Scene, ViewLayer | Updating Geometry BVH MESH-armor-block-2b558e7ac8eb4184c2af-pale-wrapped-connector-in 83/125 | Building BVH
Fra:1 Mem:227.14M (Peak 255.93M) | Time:00:00.33 | Mem:180.70M, Peak:180.70M | Scene, ViewLayer | Updating Geometry BVH MESH-armor-block-2b558e7ac8eb4184c2af-interchangeable-utility-f 85/125 | Building BVH
Fra:1 Mem:227.15M (Peak 255.93M) | Time:00:00.33 | Mem:180.70M, Peak:180.70M | Scene, ViewLayer | Updating Geometry BVH MESH-armor-block-2b558e7ac8eb4184c2af-closed-incoming-wrapped-b 86/125 | Building BVH
Fra:1 Mem:227.14M (Peak 255.93M) | Time:00:00.33 | Mem:180.70M, Peak:180.70M | Scene, ViewLayer | Updating Geometry BVH MESH-armor-block-2b558e7ac8eb4184c2af-pale-wrapped-connector-ou 87/125 | Building BVH
Fra:1 Mem:227.15M (Peak 255.93M) | Time:00:00.33 | Mem:180.70M, Peak:180.70M | Scene, ViewLayer | Updating Geometry BVH MESH-armor-block-2b558e7ac8eb4184c2af-upper-stepped-shoulder 88/125 | Building BVH
Fra:1 Mem:227.15M (Peak 255.93M) | Time:00:00.33 | Mem:180.71M, Peak:180.71M | Scene, ViewLayer | Updating Geometry BVH MESH-armor-block-2b558e7ac8eb4184c2af-recess-shadow-seat 89/125 | Building BVH
Fra:1 Mem:227.14M (Peak 255.93M) | Time:00:00.33 | Mem:180.71M, Peak:180.71M | Scene, ViewLayer | Updating Scene BVH | Building
Fra:1 Mem:227.15M (Peak 255.93M) | Time:00:00.33 | Mem:180.71M, Peak:180.71M | Scene, ViewLayer | Updating Scene BVH | Building BVH
Fra:1 Mem:227.15M (Peak 255.93M) | Time:00:00.33 | Mem:180.89M, Peak:180.92M | Scene, ViewLayer | Updating Scene BVH | Copying BVH to device
Fra:1 Mem:227.15M (Peak 255.93M) | Time:00:00.33 | Mem:180.89M, Peak:180.92M | Scene, ViewLayer | Updating Mesh | Computing normals
Fra:1 Mem:227.47M (Peak 255.93M) | Time:00:00.33 | Mem:180.89M, Peak:180.92M | Scene, ViewLayer | Updating Mesh | Copying Mesh to device
Fra:1 Mem:227.47M (Peak 255.93M) | Time:00:00.33 | Mem:181.22M, Peak:181.22M | Scene, ViewLayer | Updating Objects Flags
Fra:1 Mem:227.47M (Peak 255.93M) | Time:00:00.33 | Mem:181.22M, Peak:181.22M | Scene, ViewLayer | Updating Primitive Offsets
Fra:1 Mem:227.48M (Peak 255.93M) | Time:00:00.33 | Mem:181.22M, Peak:181.22M | Scene, ViewLayer | Updating Images
Fra:1 Mem:227.48M (Peak 255.93M) | Time:00:00.33 | Mem:181.22M, Peak:181.22M | Scene, ViewLayer | Updating Camera Volume
Fra:1 Mem:227.48M (Peak 255.93M) | Time:00:00.33 | Mem:181.22M, Peak:181.22M | Scene, ViewLayer | Updating Lookup Tables
Fra:1 Mem:227.48M (Peak 255.93M) | Time:00:00.33 | Mem:181.30M, Peak:181.30M | Scene, ViewLayer | Updating Lights
Fra:1 Mem:227.48M (Peak 255.93M) | Time:00:00.33 | Mem:181.30M, Peak:181.30M | Scene, ViewLayer | Updating Lights | Computing tree
Fra:1 Mem:227.50M (Peak 255.93M) | Time:00:00.33 | Mem:181.33M, Peak:181.33M | Scene, ViewLayer | Updating Integrator
Fra:1 Mem:227.50M (Peak 255.93M) | Time:00:00.33 | Mem:181.33M, Peak:181.33M | Scene, ViewLayer | Updating Film
Fra:1 Mem:227.50M (Peak 255.93M) | Time:00:00.33 | Mem:181.24M, Peak:181.33M | Scene, ViewLayer | Updating Lookup Tables
Fra:1 Mem:227.50M (Peak 255.93M) | Time:00:00.33 | Mem:181.33M, Peak:181.33M | Scene, ViewLayer | Updating Baking
Fra:1 Mem:227.50M (Peak 255.93M) | Time:00:00.33 | Mem:181.33M, Peak:181.33M | Scene, ViewLayer | Updating Device | Writing constant memory
Fra:1 Mem:227.51M (Peak 255.93M) | Time:00:00.33 | Mem:181.33M, Peak:181.33M | Scene, ViewLayer | Sample 0/64
Fra:1 Mem:264.60M (Peak 264.60M) | Time:00:00.53 | Remaining:00:12.94 | Mem:218.42M, Peak:218.42M | Scene, ViewLayer | Sample 1/64
Fra:1 Mem:281.08M (Peak 314.04M) | Time:00:06.56 | Mem:218.42M, Peak:218.42M | Scene, ViewLayer | Sample 64/64
Fra:1 Mem:281.08M (Peak 314.04M) | Time:00:06.56 | Mem:218.42M, Peak:218.42M | Scene, ViewLayer | Finished
Saved: '/root/sidereal_spacetime/assets/art-library/framed-wayfarer/r005/family-03/renders/wayfarer-kit.png'
Time: 00:06.73 (Saving: 00:00.16)

22:52:07 | INFO: Data are loaded, start creating Blender stuff
22:52:07 | INFO: Blender create Mesh node MESH-armor-block-a6743a347ee2fcdd1ce9-closed-incoming-wrapped-b
22:52:07 | INFO: Blender create Mesh node MESH-armor-block-a6743a347ee2fcdd1ce9-closed-outgoing-wrapped-b
22:52:07 | INFO: Blender create Mesh node MESH-armor-block-a6743a347ee2fcdd1ce9-closed-solid-body
22:52:07 | INFO: Blender create Mesh node MESH-armor-block-a6743a347ee2fcdd1ce9-cyan-flush-status-lens
22:52:07 | INFO: Blender create Mesh node MESH-armor-block-a6743a347ee2fcdd1ce9-interchangeable-plain-fac
22:52:07 | INFO: Blender create Mesh node MESH-armor-block-a6743a347ee2fcdd1ce9-lower-impact-rail-right
22:52:07 | INFO: Blender create Mesh node MESH-armor-block-a6743a347ee2fcdd1ce9-lower-impact-rail-cut-poc
22:52:07 | INFO: Blender create Mesh node MESH-armor-block-a6743a347ee2fcdd1ce9-lower-impact-rail-left
22:52:07 | INFO: Blender create Mesh node MESH-armor-block-a6743a347ee2fcdd1ce9-pale-wrapped-connector-ou
22:52:07 | INFO: Blender create Mesh node MESH-armor-block-a6743a347ee2fcdd1ce9-pale-wrapped-connector-in
22:52:07 | INFO: Blender create Mesh node MESH-armor-block-a6743a347ee2fcdd1ce9-recess-shadow-seat
22:52:07 | INFO: Blender create Mesh node MESH-armor-block-a6743a347ee2fcdd1ce9-upper-stepped-shoulder
22:52:07 | INFO: glTF import finished in 0.01s
22:52:07 | INFO: Data are loaded, start creating Blender stuff
22:52:07 | INFO: Blender create Mesh node MESH-armor-block-62ad930c45227d5287a0-closed-incoming-wrapped-b
22:52:07 | INFO: Blender create Mesh node MESH-armor-block-62ad930c45227d5287a0-closed-outgoing-wrapped-b
22:52:07 | INFO: Blender create Mesh node MESH-armor-block-62ad930c45227d5287a0-closed-solid-body
22:52:07 | INFO: Blender create Mesh node MESH-armor-block-62ad930c45227d5287a0-cyan-flush-status-lens
22:52:07 | INFO: Blender create Mesh node MESH-armor-block-62ad930c45227d5287a0-interchangeable-plain-fac
22:52:07 | INFO: Blender create Mesh node MESH-armor-block-62ad930c45227d5287a0-lower-impact-rail-right
22:52:07 | INFO: Blender create Mesh node MESH-armor-block-62ad930c45227d5287a0-lower-impact-rail-cut-poc
22:52:07 | INFO: Blender create Mesh node MESH-armor-block-62ad930c45227d5287a0-lower-impact-rail-left
22:52:07 | INFO: Blender create Mesh node MESH-armor-block-62ad930c45227d5287a0-pale-wrapped-connector-ou
22:52:07 | INFO: Blender create Mesh node MESH-armor-block-62ad930c45227d5287a0-pale-wrapped-connector-in
22:52:07 | INFO: Blender create Mesh node MESH-armor-block-62ad930c45227d5287a0-recess-shadow-seat
22:52:07 | INFO: Blender create Mesh node MESH-armor-block-62ad930c45227d5287a0-upper-stepped-shoulder
22:52:07 | INFO: glTF import finished in 0.01s
22:52:07 | INFO: Data are loaded, start creating Blender stuff
22:52:07 | INFO: Blender create Mesh node MESH-armor-block-e1affbf19f4b7fa30311-closed-junction-wedge
22:52:07 | INFO: Blender create Mesh node MESH-armor-block-e1affbf19f4b7fa30311-junction-lower-navy-shoe
22:52:07 | INFO: Blender create Mesh node MESH-armor-block-e1affbf19f4b7fa30311-junction-upper-navy-shoul
22:52:07 | INFO: Blender create Mesh node MESH-armor-block-e1affbf19f4b7fa30311-junction-wrapped-pale-con
22:52:07 | INFO: glTF import finished in 0.00s
22:52:07 | INFO: Data are loaded, start creating Blender stuff
22:52:07 | INFO: Blender create Mesh node MESH-armor-block-926961217b49c21a526b-closed-incoming-wrapped-b
22:52:07 | INFO: Blender create Mesh node MESH-armor-block-926961217b49c21a526b-closed-outgoing-wrapped-b
22:52:07 | INFO: Blender create Mesh node MESH-armor-block-926961217b49c21a526b-closed-solid-body
22:52:07 | INFO: Blender create Mesh node MESH-armor-block-926961217b49c21a526b-cyan-flush-status-lens
22:52:07 | INFO: Blender create Mesh node MESH-armor-block-926961217b49c21a526b-interchangeable-red-servi
22:52:07 | INFO: Blender create Mesh node MESH-armor-block-926961217b49c21a526b-lower-impact-rail-right
22:52:07 | INFO: Blender create Mesh node MESH-armor-block-926961217b49c21a526b-lower-impact-rail-cut-poc
22:52:07 | INFO: Blender create Mesh node MESH-armor-block-926961217b49c21a526b-lower-impact-rail-left
22:52:07 | INFO: Blender create Mesh node MESH-armor-block-926961217b49c21a526b-pale-wrapped-connector-ou
22:52:07 | INFO: Blender create Mesh node MESH-armor-block-926961217b49c21a526b-pale-wrapped-connector-in
22:52:07 | INFO: Blender create Mesh node MESH-armor-block-926961217b49c21a526b-recess-shadow-seat
22:52:07 | INFO: Blender create Mesh node MESH-armor-block-926961217b49c21a526b-upper-stepped-shoulder
22:52:07 | INFO: glTF import finished in 0.01s
22:52:07 | INFO: Data are loaded, start creating Blender stuff
22:52:07 | INFO: Blender create Mesh node MESH-armor-block-137adc2153a878094d60-closed-incoming-wrapped-b
22:52:07 | INFO: Blender create Mesh node MESH-armor-block-137adc2153a878094d60-closed-outgoing-wrapped-b
22:52:07 | INFO: Blender create Mesh node MESH-armor-block-137adc2153a878094d60-closed-solid-body
22:52:07 | INFO: Blender create Mesh node MESH-armor-block-137adc2153a878094d60-cyan-flush-status-lens
22:52:07 | INFO: Blender create Mesh node MESH-armor-block-137adc2153a878094d60-interchangeable-utility-f
22:52:07 | INFO: Blender create Mesh node MESH-armor-block-137adc2153a878094d60-lower-impact-rail-right
22:52:07 | INFO: Blender create Mesh node MESH-armor-block-137adc2153a878094d60-lower-impact-rail-cut-poc
22:52:07 | INFO: Blender create Mesh node MESH-armor-block-137adc2153a878094d60-lower-impact-rail-left
22:52:07 | INFO: Blender create Mesh node MESH-armor-block-137adc2153a878094d60-pale-wrapped-connector-ou
22:52:07 | INFO: Blender create Mesh node MESH-armor-block-137adc2153a878094d60-pale-wrapped-connector-in
22:52:07 | INFO: Blender create Mesh node MESH-armor-block-137adc2153a878094d60-recess-shadow-seat
22:52:07 | INFO: Blender create Mesh node MESH-armor-block-137adc2153a878094d60-upper-stepped-shoulder
22:52:07 | INFO: Blender create Mesh node MESH-armor-block-137adc2153a878094d60-utility-removable-box
22:52:07 | INFO: Blender create Mesh node MESH-armor-block-137adc2153a878094d60-utility-status-lens
22:52:07 | INFO: glTF import finished in 0.01s
22:52:07 | INFO: Data are loaded, start creating Blender stuff
22:52:07 | INFO: Blender create Mesh node MESH-armor-block-e40f082abbcbe4f55a62-closed-incoming-wrapped-b
22:52:07 | INFO: Blender create Mesh node MESH-armor-block-e40f082abbcbe4f55a62-closed-outgoing-wrapped-b
22:52:07 | INFO: Blender create Mesh node MESH-armor-block-e40f082abbcbe4f55a62-closed-solid-body
22:52:07 | INFO: Blender create Mesh node MESH-armor-block-e40f082abbcbe4f55a62-cyan-flush-status-lens
22:52:07 | INFO: Blender create Mesh node MESH-armor-block-e40f082abbcbe4f55a62-interchangeable-identity-
22:52:07 | INFO: Blender create Mesh node MESH-armor-block-e40f082abbcbe4f55a62-lower-impact-rail-right
22:52:07 | INFO: Blender create Mesh node MESH-armor-block-e40f082abbcbe4f55a62-lower-impact-rail-cut-poc
22:52:07 | INFO: Blender create Mesh node MESH-armor-block-e40f082abbcbe4f55a62-lower-impact-rail-left
22:52:07 | INFO: Blender create Mesh node MESH-armor-block-e40f082abbcbe4f55a62-pale-wrapped-connector-ou
22:52:07 | INFO: Blender create Mesh node MESH-armor-block-e40f082abbcbe4f55a62-pale-wrapped-connector-in
22:52:07 | INFO: Blender create Mesh node MESH-armor-block-e40f082abbcbe4f55a62-recess-shadow-seat
22:52:07 | INFO: Blender create Mesh node MESH-armor-block-e40f082abbcbe4f55a62-upper-stepped-shoulder
22:52:07 | INFO: glTF import finished in 0.01s
22:52:07 | INFO: Data are loaded, start creating Blender stuff
22:52:07 | INFO: Blender create Mesh node MESH-armor-block-649dcbda86c17c7952c9-closed-incoming-wrapped-b
22:52:07 | INFO: Blender create Mesh node MESH-armor-block-649dcbda86c17c7952c9-closed-outgoing-wrapped-b
22:52:07 | INFO: Blender create Mesh node MESH-armor-block-649dcbda86c17c7952c9-closed-solid-body
22:52:07 | INFO: Blender create Mesh node MESH-armor-block-649dcbda86c17c7952c9-cyan-flush-status-lens
22:52:07 | INFO: Blender create Mesh node MESH-armor-block-649dcbda86c17c7952c9-deep-vent-louver-1
22:52:07 | INFO: Blender create Mesh node MESH-armor-block-649dcbda86c17c7952c9-deep-vent-louver-2
22:52:07 | INFO: Blender create Mesh node MESH-armor-block-649dcbda86c17c7952c9-deep-vent-louver-3
22:52:07 | INFO: Blender create Mesh node MESH-armor-block-649dcbda86c17c7952c9-deep-vent-louver-4
22:52:07 | INFO: Blender create Mesh node MESH-armor-block-649dcbda86c17c7952c9-deep-vent-louver-5
22:52:07 | INFO: Blender create Mesh node MESH-armor-block-649dcbda86c17c7952c9-deep-vent-louver-6
22:52:07 | INFO: Blender create Mesh node MESH-armor-block-649dcbda86c17c7952c9-deep-vent-louver-7
22:52:07 | INFO: Blender create Mesh node MESH-armor-block-649dcbda86c17c7952c9-deep-vent-louver-8
22:52:07 | INFO: Blender create Mesh node MESH-armor-block-649dcbda86c17c7952c9-deep-vent-louver-0
22:52:07 | INFO: Blender create Mesh node MESH-armor-block-649dcbda86c17c7952c9-interchangeable-vent-face
22:52:07 | INFO: Blender create Mesh node MESH-armor-block-649dcbda86c17c7952c9-lower-impact-rail-right
22:52:07 | INFO: Blender create Mesh node MESH-armor-block-649dcbda86c17c7952c9-lower-impact-rail-cut-poc
22:52:07 | INFO: Blender create Mesh node MESH-armor-block-649dcbda86c17c7952c9-lower-impact-rail-left
22:52:07 | INFO: Blender create Mesh node MESH-armor-block-649dcbda86c17c7952c9-pale-wrapped-connector-ou
22:52:07 | INFO: Blender create Mesh node MESH-armor-block-649dcbda86c17c7952c9-pale-wrapped-connector-in
22:52:07 | INFO: Blender create Mesh node MESH-armor-block-649dcbda86c17c7952c9-recess-shadow-seat
22:52:07 | INFO: Blender create Mesh node MESH-armor-block-649dcbda86c17c7952c9-upper-stepped-shoulder
22:52:07 | INFO: Blender create Mesh node MESH-armor-block-649dcbda86c17c7952c9-vent-dark-well
22:52:07 | INFO: glTF import finished in 0.01s
22:52:07 | INFO: Data are loaded, start creating Blender stuff
22:52:07 | INFO: Blender create Mesh node MESH-armor-block-2b558e7ac8eb4184c2af-closed-incoming-wrapped-b
22:52:07 | INFO: Blender create Mesh node MESH-armor-block-2b558e7ac8eb4184c2af-closed-outgoing-wrapped-b
22:52:07 | INFO: Blender create Mesh node MESH-armor-block-2b558e7ac8eb4184c2af-closed-solid-body
22:52:07 | INFO: Blender create Mesh node MESH-armor-block-2b558e7ac8eb4184c2af-interchangeable-utility-f
22:52:07 | INFO: Blender create Mesh node MESH-armor-block-2b558e7ac8eb4184c2af-lower-impact-rail
22:52:07 | INFO: Blender create Mesh node MESH-armor-block-2b558e7ac8eb4184c2af-pale-wrapped-connector-ou
22:52:07 | INFO: Blender create Mesh node MESH-armor-block-2b558e7ac8eb4184c2af-pale-wrapped-connector-in
22:52:07 | INFO: Blender create Mesh node MESH-armor-block-2b558e7ac8eb4184c2af-recess-shadow-seat
22:52:07 | INFO: Blender create Mesh node MESH-armor-block-2b558e7ac8eb4184c2af-upper-stepped-shoulder
22:52:07 | INFO: glTF import finished in 0.01s
22:52:07 | INFO: Data are loaded, start creating Blender stuff
22:52:07 | INFO: Blender create Mesh node MESH-armor-block-b235419d9a165659f2e8-closed-incoming-wrapped-b
22:52:07 | INFO: Blender create Mesh node MESH-armor-block-b235419d9a165659f2e8-closed-outgoing-wrapped-b
22:52:07 | INFO: Blender create Mesh node MESH-armor-block-b235419d9a165659f2e8-closed-solid-body
22:52:07 | INFO: Blender create Mesh node MESH-armor-block-b235419d9a165659f2e8-interchangeable-plain-fac
22:52:07 | INFO: Blender create Mesh node MESH-armor-block-b235419d9a165659f2e8-lower-impact-rail
22:52:07 | INFO: Blender create Mesh node MESH-armor-block-b235419d9a165659f2e8-pale-wrapped-connector-ou
22:52:07 | INFO: Blender create Mesh node MESH-armor-block-b235419d9a165659f2e8-pale-wrapped-connector-in
22:52:07 | INFO: Blender create Mesh node MESH-armor-block-b235419d9a165659f2e8-recess-shadow-seat
22:52:07 | INFO: Blender create Mesh node MESH-armor-block-b235419d9a165659f2e8-upper-stepped-shoulder
22:52:07 | INFO: glTF import finished in 0.01s
22:52:07 | INFO: Data are loaded, start creating Blender stuff
22:52:07 | INFO: Blender create Mesh node MESH-armor-block-fabbd7b0578ea00b5791-closed-height-transition-
22:52:07 | INFO: Blender create Mesh node MESH-armor-block-fabbd7b0578ea00b5791-closed-junction-wedge
22:52:07 | INFO: Blender create Mesh node MESH-armor-block-fabbd7b0578ea00b5791-height-transition-pale-en
22:52:07 | INFO: Blender create Mesh node MESH-armor-block-fabbd7b0578ea00b5791-junction-lower-navy-shoe
22:52:07 | INFO: Blender create Mesh node MESH-armor-block-fabbd7b0578ea00b5791-junction-upper-navy-shoul
22:52:07 | INFO: Blender create Mesh node MESH-armor-block-fabbd7b0578ea00b5791-junction-wrapped-pale-con
22:52:07 | INFO: glTF import finished in 0.01s
22:52:07 | INFO: Data are loaded, start creating Blender stuff
22:52:07 | INFO: Blender create Mesh node MESH-armor-block-e120acd13dae3b493668-closed-incoming-wrapped-b
22:52:07 | INFO: Blender create Mesh node MESH-armor-block-e120acd13dae3b493668-closed-outgoing-wrapped-b
22:52:07 | INFO: Blender create Mesh node MESH-armor-block-e120acd13dae3b493668-closed-solid-body
22:52:07 | INFO: Blender create Mesh node MESH-armor-block-e120acd13dae3b493668-cyan-flush-status-lens
22:52:07 | INFO: Blender create Mesh node MESH-armor-block-e120acd13dae3b493668-deep-vent-louver-1
22:52:07 | INFO: Blender create Mesh node MESH-armor-block-e120acd13dae3b493668-deep-vent-louver-0
22:52:07 | INFO: Blender create Mesh node MESH-armor-block-e120acd13dae3b493668-interchangeable-vent-face
22:52:07 | INFO: Blender create Mesh node MESH-armor-block-e120acd13dae3b493668-lower-impact-rail-right
22:52:07 | INFO: Blender create Mesh node MESH-armor-block-e120acd13dae3b493668-lower-impact-rail-cut-poc
22:52:07 | INFO: Blender create Mesh node MESH-armor-block-e120acd13dae3b493668-lower-impact-rail-left
22:52:07 | INFO: Blender create Mesh node MESH-armor-block-e120acd13dae3b493668-pale-wrapped-connector-ou
22:52:07 | INFO: Blender create Mesh node MESH-armor-block-e120acd13dae3b493668-pale-wrapped-connector-in
22:52:07 | INFO: Blender create Mesh node MESH-armor-block-e120acd13dae3b493668-recess-shadow-seat
22:52:07 | INFO: Blender create Mesh node MESH-armor-block-e120acd13dae3b493668-upper-stepped-shoulder
22:52:07 | INFO: Blender create Mesh node MESH-armor-block-e120acd13dae3b493668-vent-dark-well
22:52:07 | INFO: glTF import finished in 0.01s
22:52:07 | INFO: Data are loaded, start creating Blender stuff
22:52:07 | INFO: Blender create Mesh node MESH-armor-block-70b34597548b284a0a7f-closed-junction-wedge
22:52:07 | INFO: Blender create Mesh node MESH-armor-block-70b34597548b284a0a7f-junction-lower-navy-shoe
22:52:07 | INFO: Blender create Mesh node MESH-armor-block-70b34597548b284a0a7f-junction-upper-navy-shoul
22:52:07 | INFO: Blender create Mesh node MESH-armor-block-70b34597548b284a0a7f-junction-wrapped-pale-con
22:52:07 | INFO: glTF import finished in 0.01s
22:52:07 | INFO: Data are loaded, start creating Blender stuff
22:52:07 | INFO: Blender create Mesh node MESH-armor-block-98477a5dd3e88b931589-closed-incoming-wrapped-b
22:52:07 | INFO: Blender create Mesh node MESH-armor-block-98477a5dd3e88b931589-closed-outgoing-wrapped-b
22:52:07 | INFO: Blender create Mesh node MESH-armor-block-98477a5dd3e88b931589-closed-solid-body
22:52:07 | INFO: Blender create Mesh node MESH-armor-block-98477a5dd3e88b931589-cyan-flush-status-lens
22:52:07 | INFO: Blender create Mesh node MESH-armor-block-98477a5dd3e88b931589-interchangeable-plain-fac
22:52:07 | INFO: Blender create Mesh node MESH-armor-block-98477a5dd3e88b931589-lower-impact-rail-right
22:52:07 | INFO: Blender create Mesh node MESH-armor-block-98477a5dd3e88b931589-lower-impact-rail-cut-poc
22:52:07 | INFO: Blender create Mesh node MESH-armor-block-98477a5dd3e88b931589-lower-impact-rail-left
22:52:07 | INFO: Blender create Mesh node MESH-armor-block-98477a5dd3e88b931589-pale-wrapped-connector-ou
22:52:07 | INFO: Blender create Mesh node MESH-armor-block-98477a5dd3e88b931589-pale-wrapped-connector-in
22:52:07 | INFO: Blender create Mesh node MESH-armor-block-98477a5dd3e88b931589-recess-shadow-seat
22:52:07 | INFO: Blender create Mesh node MESH-armor-block-98477a5dd3e88b931589-upper-stepped-shoulder
22:52:07 | INFO: glTF import finished in 0.02s
22:52:07 | INFO: Data are loaded, start creating Blender stuff
22:52:07 | INFO: Blender create Mesh node MESH-armor-block-a7ef36310c50dc565d00-closed-height-transition-
22:52:07 | INFO: Blender create Mesh node MESH-armor-block-a7ef36310c50dc565d00-closed-junction-wedge
22:52:07 | INFO: Blender create Mesh node MESH-armor-block-a7ef36310c50dc565d00-height-transition-pale-en
22:52:07 | INFO: Blender create Mesh node MESH-armor-block-a7ef36310c50dc565d00-junction-lower-navy-shoe
22:52:07 | INFO: Blender create Mesh node MESH-armor-block-a7ef36310c50dc565d00-junction-upper-navy-shoul
22:52:07 | INFO: Blender create Mesh node MESH-armor-block-a7ef36310c50dc565d00-junction-wrapped-pale-con
22:52:07 | INFO: glTF import finished in 0.02s
22:52:07 | INFO: Data are loaded, start creating Blender stuff
22:52:07 | INFO: Blender create Mesh node MESH-armor-block-4896cc9388c49fcb9b2e-closed-incoming-wrapped-b
22:52:07 | INFO: Blender create Mesh node MESH-armor-block-4896cc9388c49fcb9b2e-closed-outgoing-wrapped-b
22:52:07 | INFO: Blender create Mesh node MESH-armor-block-4896cc9388c49fcb9b2e-closed-solid-body
22:52:07 | INFO: Blender create Mesh node MESH-armor-block-4896cc9388c49fcb9b2e-cyan-flush-status-lens
22:52:07 | INFO: Blender create Mesh node MESH-armor-block-4896cc9388c49fcb9b2e-interchangeable-red-servi
22:52:07 | INFO: Blender create Mesh node MESH-armor-block-4896cc9388c49fcb9b2e-lower-impact-rail-right
22:52:07 | INFO: Blender create Mesh node MESH-armor-block-4896cc9388c49fcb9b2e-lower-impact-rail-cut-poc
22:52:07 | INFO: Blender create Mesh node MESH-armor-block-4896cc9388c49fcb9b2e-lower-impact-rail-left
22:52:07 | INFO: Blender create Mesh node MESH-armor-block-4896cc9388c49fcb9b2e-pale-wrapped-connector-ou
22:52:07 | INFO: Blender create Mesh node MESH-armor-block-4896cc9388c49fcb9b2e-pale-wrapped-connector-in
22:52:07 | INFO: Blender create Mesh node MESH-armor-block-4896cc9388c49fcb9b2e-recess-shadow-seat
22:52:07 | INFO: Blender create Mesh node MESH-armor-block-4896cc9388c49fcb9b2e-upper-stepped-shoulder
22:52:07 | INFO: glTF import finished in 0.03s
Fra:1 Mem:52.48M (Peak 52.48M) | Time:00:00.00 | Mem:0.00M, Peak:0.00M | Scene, ViewLayer | Synchronizing object | GEO-armor-block-a6743a347ee2fcdd1ce9--BACKING--closed-solid
Fra:1 Mem:52.48M (Peak 52.48M) | Time:00:00.00 | Mem:0.00M, Peak:0.00M | Scene, ViewLayer | Synchronizing object | GEO-armor-block-a6743a347ee2fcdd1ce9--BACKING--closed-incom
Fra:1 Mem:52.50M (Peak 52.50M) | Time:00:00.00 | Mem:0.00M, Peak:0.00M | Scene, ViewLayer | Synchronizing object | GEO-armor-block-926961217b49c21a526b--BACKING--closed-outgo
Fra:1 Mem:52.50M (Peak 52.50M) | Time:00:00.00 | Mem:0.00M, Peak:0.00M | Scene, ViewLayer | Synchronizing object | GEO-armor-block-926961217b49c21a526b--BACKING--closed-solid
Fra:1 Mem:52.50M (Peak 52.50M) | Time:00:00.00 | Mem:0.00M, Peak:0.00M | Scene, ViewLayer | Synchronizing object | GEO-armor-block-137adc2153a878094d60--BACKING--closed-solid
Fra:1 Mem:52.51M (Peak 52.51M) | Time:00:00.00 | Mem:0.00M, Peak:0.00M | Scene, ViewLayer | Synchronizing object | GEO-armor-block-137adc2153a878094d60--BACKING--closed-incom
Fra:1 Mem:52.52M (Peak 52.52M) | Time:00:00.00 | Mem:0.00M, Peak:0.00M | Scene, ViewLayer | Synchronizing object | GEO-armor-block-137adc2153a878094d60--BACKING--closed-outgo
Fra:1 Mem:52.52M (Peak 52.52M) | Time:00:00.00 | Mem:0.00M, Peak:0.00M | Scene, ViewLayer | Synchronizing object | GEO-armor-block-62ad930c45227d5287a0--BACKING--closed-solid
Fra:1 Mem:52.53M (Peak 52.53M) | Time:00:00.00 | Mem:0.00M, Peak:0.00M | Scene, ViewLayer | Synchronizing object | GEO-armor-block-62ad930c45227d5287a0--BACKING--closed-incom
Fra:1 Mem:52.53M (Peak 52.53M) | Time:00:00.00 | Mem:0.00M, Peak:0.00M | Scene, ViewLayer | Synchronizing object | GEO-armor-block-62ad930c45227d5287a0--BACKING--closed-outgo
Fra:1 Mem:52.53M (Peak 52.53M) | Time:00:00.00 | Mem:0.00M, Peak:0.00M | Scene, ViewLayer | Synchronizing object | GEO-armor-block-e1affbf19f4b7fa30311--BACKING--closed-junct
Fra:1 Mem:52.55M (Peak 52.55M) | Time:00:00.00 | Mem:0.00M, Peak:0.00M | Scene, ViewLayer | Synchronizing object | GEO-armor-block-e120acd13dae3b493668--BACKING--closed-solid
Fra:1 Mem:52.55M (Peak 52.55M) | Time:00:00.00 | Mem:0.00M, Peak:0.00M | Scene, ViewLayer | Synchronizing object | GEO-armor-block-e120acd13dae3b493668--BACKING--closed-incom
Fra:1 Mem:52.55M (Peak 52.55M) | Time:00:00.01 | Mem:0.00M, Peak:0.00M | Scene, ViewLayer | Synchronizing object | GEO-armor-block-e120acd13dae3b493668--BACKING--closed-outgo
Fra:1 Mem:52.55M (Peak 52.55M) | Time:00:00.01 | Mem:0.00M, Peak:0.00M | Scene, ViewLayer | Synchronizing object | GEO-armor-block-70b34597548b284a0a7f--BACKING--closed-junct
Fra:1 Mem:52.56M (Peak 52.56M) | Time:00:00.01 | Mem:0.00M, Peak:0.00M | Scene, ViewLayer | Synchronizing object | GEO-armor-block-b235419d9a165659f2e8--BACKING--closed-incom
Fra:1 Mem:52.56M (Peak 52.56M) | Time:00:00.01 | Mem:0.00M, Peak:0.00M | Scene, ViewLayer | Synchronizing object | GEO-armor-block-b235419d9a165659f2e8--BACKING--closed-outgo
Fra:1 Mem:52.57M (Peak 52.57M) | Time:00:00.01 | Mem:0.00M, Peak:0.00M | Scene, ViewLayer | Synchronizing object | GEO-armor-block-b235419d9a165659f2e8--BACKING--closed-solid
Fra:1 Mem:52.57M (Peak 52.57M) | Time:00:00.01 | Mem:0.00M, Peak:0.00M | Scene, ViewLayer | Synchronizing object | GEO-armor-block-2b558e7ac8eb4184c2af--BACKING--closed-incom
Fra:1 Mem:52.58M (Peak 52.58M) | Time:00:00.01 | Mem:0.00M, Peak:0.00M | Scene, ViewLayer | Synchronizing object | GEO-armor-block-4896cc9388c49fcb9b2e--BACKING--closed-solid-bod
Fra:1 Mem:52.57M (Peak 52.58M) | Time:00:00.01 | Mem:0.00M, Peak:0.00M | Scene, ViewLayer | Synchronizing object | GEO-armor-block-649dcbda86c17c7952c9--BACKING--closed-outgo
Fra:1 Mem:52.58M (Peak 52.58M) | Time:00:00.01 | Mem:0.00M, Peak:0.00M | Scene, ViewLayer | Synchronizing object | GEO-armor-block-649dcbda86c17c7952c9--BACKING--closed-solid
Fra:1 Mem:52.59M (Peak 52.59M) | Time:00:00.01 | Mem:0.00M, Peak:0.00M | Scene, ViewLayer | Synchronizing object | GEO-armor-block-e40f082abbcbe4f55a62--BACKING--closed-solid
Fra:1 Mem:52.60M (Peak 52.60M) | Time:00:00.01 | Mem:0.00M, Peak:0.00M | Scene, ViewLayer | Synchronizing object | GEO-armor-block-e40f082abbcbe4f55a62--BACKING--closed-incom
Fra:1 Mem:52.60M (Peak 52.60M) | Time:00:00.01 | Mem:0.00M, Peak:0.00M | Scene, ViewLayer | Synchronizing object | GEO-armor-block-e40f082abbcbe4f55a62--BACKING--closed-outgo
Fra:1 Mem:52.61M (Peak 52.61M) | Time:00:00.01 | Mem:0.00M, Peak:0.00M | Scene, ViewLayer | Synchronizing object | GEO-armor-block-fabbd7b0578ea00b5791--BACKING--closed-height-tr
Fra:1 Mem:52.62M (Peak 52.62M) | Time:00:00.01 | Mem:0.00M, Peak:0.00M | Scene, ViewLayer | Synchronizing object | GEO-armor-block-fabbd7b0578ea00b5791--BACKING--closed-junction-
Fra:1 Mem:52.61M (Peak 52.62M) | Time:00:00.01 | Mem:0.00M, Peak:0.00M | Scene, ViewLayer | Synchronizing object | GEO-armor-block-4896cc9388c49fcb9b2e--BACKING--closed-incoming-
Fra:1 Mem:52.62M (Peak 52.62M) | Time:00:00.01 | Mem:0.00M, Peak:0.00M | Scene, ViewLayer | Synchronizing object | GEO-armor-block-98477a5dd3e88b931589--BACKING--closed-outgoing-
Fra:1 Mem:52.63M (Peak 52.63M) | Time:00:00.01 | Mem:0.00M, Peak:0.00M | Scene, ViewLayer | Synchronizing object | GEO-armor-block-a7ef36310c50dc565d00--BACKING--closed-junction-
Fra:1 Mem:52.62M (Peak 52.63M) | Time:00:00.01 | Mem:0.00M, Peak:0.00M | Scene, ViewLayer | Synchronizing object | GEO-armor-block-98477a5dd3e88b931589--BACKING--closed-solid-bod
Fra:1 Mem:52.63M (Peak 52.63M) | Time:00:00.01 | Mem:0.00M, Peak:0.00M | Scene, ViewLayer | Synchronizing object | GEO-armor-block-a7ef36310c50dc565d00--BACKING--closed-height-tr
Fra:1 Mem:52.63M (Peak 52.63M) | Time:00:00.01 | Mem:0.00M, Peak:0.00M | Scene, ViewLayer | Initializing
Fra:1 Mem:52.20M (Peak 52.63M) | Time:00:00.01 | Mem:0.00M, Peak:0.00M | Scene, ViewLayer | Updating Images | Loading armor-basecolor
Fra:1 Mem:52.20M (Peak 52.63M) | Time:00:00.01 | Mem:0.00M, Peak:0.00M | Scene, ViewLayer | Updating Images | Loading armor-normal
Fra:1 Mem:68.21M (Peak 76.21M) | Time:00:00.01 | Mem:4.00M, Peak:4.00M | Scene, ViewLayer | Updating Images | Loading armor-basecolor.003
Fra:1 Mem:72.21M (Peak 80.22M) | Time:00:00.02 | Mem:8.00M, Peak:8.00M | Scene, ViewLayer | Updating Images | Loading armor-roughness.003
Fra:1 Mem:84.22M (Peak 92.23M) | Time:00:00.02 | Mem:12.00M, Peak:12.00M | Scene, ViewLayer | Updating Images | Loading armor-normal.003
Fra:1 Mem:80.21M (Peak 92.23M) | Time:00:00.02 | Mem:16.00M, Peak:16.00M | Scene, ViewLayer | Updating Images | Loading armor-roughness.014
Fra:1 Mem:92.22M (Peak 100.23M) | Time:00:00.05 | Mem:20.00M, Peak:20.00M | Scene, ViewLayer | Updating Images | Loading armor-basecolor.004
Fra:1 Mem:88.21M (Peak 100.23M) | Time:00:00.05 | Mem:24.00M, Peak:24.00M | Scene, ViewLayer | Updating Images | Loading armor-roughness.004
Fra:1 Mem:92.21M (Peak 100.23M) | Time:00:00.05 | Mem:28.00M, Peak:28.00M | Scene, ViewLayer | Updating Images | Loading armor-normal.004
Fra:1 Mem:104.22M (Peak 112.23M) | Time:00:00.06 | Mem:32.00M, Peak:32.00M | Scene, ViewLayer | Updating Images | Loading armor-basecolor.014
Fra:1 Mem:116.23M (Peak 124.24M) | Time:00:00.06 | Mem:36.00M, Peak:36.00M | Scene, ViewLayer | Updating Images | Loading armor-basecolor.001
Fra:1 Mem:112.22M (Peak 124.24M) | Time:00:00.06 | Mem:40.00M, Peak:40.00M | Scene, ViewLayer | Updating Images | Loading armor-roughness.001
Fra:1 Mem:108.21M (Peak 124.24M) | Time:00:00.06 | Mem:44.00M, Peak:44.00M | Scene, ViewLayer | Updating Images | Loading armor-normal.001
Fra:1 Mem:120.23M (Peak 132.24M) | Time:00:00.07 | Mem:48.00M, Peak:48.00M | Scene, ViewLayer | Updating Images | Loading armor-basecolor.002
Fra:1 Mem:116.22M (Peak 132.24M) | Time:00:00.07 | Mem:52.00M, Peak:52.00M | Scene, ViewLayer | Updating Images | Loading armor-roughness.002
Fra:1 Mem:128.22M (Peak 136.23M) | Time:00:00.08 | Mem:56.00M, Peak:56.00M | Scene, ViewLayer | Updating Images | Loading armor-normal.013
Fra:1 Mem:120.21M (Peak 136.23M) | Time:00:00.08 | Mem:60.00M, Peak:60.00M | Scene, ViewLayer | Updating Images | Loading armor-normal.002
Fra:1 Mem:144.23M (Peak 152.24M) | Time:00:00.08 | Mem:64.00M, Peak:64.00M | Scene, ViewLayer | Updating Images | Loading armor-roughness.013
Fra:1 Mem:140.22M (Peak 152.24M) | Time:00:00.09 | Mem:68.00M, Peak:68.00M | Scene, ViewLayer | Updating Images | Loading armor-basecolor.010
Fra:1 Mem:140.22M (Peak 152.24M) | Time:00:00.09 | Mem:72.00M, Peak:72.00M | Scene, ViewLayer | Updating Images | Loading armor-roughness.010
Fra:1 Mem:140.21M (Peak 152.24M) | Time:00:00.10 | Mem:76.00M, Peak:76.00M | Scene, ViewLayer | Updating Images | Loading armor-normal.010
Fra:1 Mem:160.23M (Peak 168.24M) | Time:00:00.10 | Mem:80.00M, Peak:80.00M | Scene, ViewLayer | Updating Images | Loading armor-basecolor.011
Fra:1 Mem:156.22M (Peak 168.24M) | Time:00:00.10 | Mem:84.00M, Peak:84.00M | Scene, ViewLayer | Updating Images | Loading armor-basecolor.013
Fra:1 Mem:152.21M (Peak 168.24M) | Time:00:00.10 | Mem:88.00M, Peak:88.00M | Scene, ViewLayer | Updating Images | Loading armor-roughness.011
Fra:1 Mem:156.22M (Peak 168.24M) | Time:00:00.11 | Mem:92.00M, Peak:92.00M | Scene, ViewLayer | Updating Images | Loading armor-normal.011
Fra:1 Mem:176.23M (Peak 184.24M) | Time:00:00.13 | Mem:96.00M, Peak:96.00M | Scene, ViewLayer | Updating Images | Loading armor-normal.012
Fra:1 Mem:172.22M (Peak 184.24M) | Time:00:00.13 | Mem:100.00M, Peak:100.00M | Scene, ViewLayer | Updating Images | Loading armor-basecolor.008
Fra:1 Mem:176.22M (Peak 184.24M) | Time:00:00.14 | Mem:104.00M, Peak:104.00M | Scene, ViewLayer | Updating Images | Loading armor-roughness.008
Fra:1 Mem:180.22M (Peak 188.23M) | Time:00:00.14 | Mem:108.00M, Peak:108.00M | Scene, ViewLayer | Updating Images | Loading armor-roughness.012
Fra:1 Mem:184.22M (Peak 192.23M) | Time:00:00.15 | Mem:112.00M, Peak:112.00M | Scene, ViewLayer | Updating Images | Loading armor-normal.008
Fra:1 Mem:188.22M (Peak 196.23M) | Time:00:00.16 | Mem:116.00M, Peak:116.00M | Scene, ViewLayer | Updating Images | Loading armor-basecolor.007
Fra:1 Mem:200.23M (Peak 208.24M) | Time:00:00.16 | Mem:120.00M, Peak:120.00M | Scene, ViewLayer | Updating Images | Loading armor-basecolor.012
Fra:1 Mem:196.22M (Peak 208.24M) | Time:00:00.16 | Mem:124.00M, Peak:124.00M | Scene, ViewLayer | Updating Images | Loading armor-roughness.007
Fra:1 Mem:208.23M (Peak 216.24M) | Time:00:00.17 | Mem:128.00M, Peak:128.00M | Scene, ViewLayer | Updating Images | Loading armor-normal.007
Fra:1 Mem:204.22M (Peak 216.24M) | Time:00:00.17 | Mem:132.00M, Peak:132.00M | Scene, ViewLayer | Updating Images | Loading armor-basecolor.006
Fra:1 Mem:208.22M (Peak 216.24M) | Time:00:00.19 | Mem:136.00M, Peak:136.00M | Scene, ViewLayer | Updating Images | Loading armor-normal.009
Fra:1 Mem:204.22M (Peak 216.24M) | Time:00:00.19 | Mem:140.00M, Peak:140.00M | Scene, ViewLayer | Updating Images | Loading armor-roughness.006
Fra:1 Mem:208.22M (Peak 216.24M) | Time:00:00.19 | Mem:144.00M, Peak:144.00M | Scene, ViewLayer | Updating Images | Loading armor-normal.006
Fra:1 Mem:220.22M (Peak 228.23M) | Time:00:00.20 | Mem:148.00M, Peak:148.00M | Scene, ViewLayer | Updating Images | Loading armor-roughness.009
Fra:1 Mem:224.22M (Peak 232.23M) | Time:00:00.20 | Mem:152.00M, Peak:152.00M | Scene, ViewLayer | Updating Images | Loading armor-basecolor.005
Fra:1 Mem:228.22M (Peak 236.23M) | Time:00:00.24 | Mem:156.00M, Peak:156.00M | Scene, ViewLayer | Updating Images | Loading armor-roughness.005
Fra:1 Mem:224.22M (Peak 236.23M) | Time:00:00.24 | Mem:160.00M, Peak:160.00M | Scene, ViewLayer | Updating Images | Loading armor-normal.005
Fra:1 Mem:228.22M (Peak 236.23M) | Time:00:00.24 | Mem:164.00M, Peak:164.00M | Scene, ViewLayer | Updating Images | Loading armor-basecolor.009
Fra:1 Mem:226.02M (Peak 248.23M) | Time:00:00.30 | Mem:180.00M, Peak:180.00M | Scene, ViewLayer | Waiting for render to start
Fra:1 Mem:226.02M (Peak 248.23M) | Time:00:00.30 | Mem:180.00M, Peak:180.00M | Scene, ViewLayer | Loading render kernels (may take a few minutes the first time)
Fra:1 Mem:226.02M (Peak 248.23M) | Time:00:00.30 | Mem:180.00M, Peak:180.00M | Scene, ViewLayer | Updating Scene
Fra:1 Mem:226.02M (Peak 248.23M) | Time:00:00.30 | Mem:180.00M, Peak:180.00M | Scene, ViewLayer | Updating Shaders
Fra:1 Mem:226.11M (Peak 248.23M) | Time:00:00.30 | Mem:180.01M, Peak:180.01M | Scene, ViewLayer | Updating Procedurals
Fra:1 Mem:226.11M (Peak 248.23M) | Time:00:00.30 | Mem:180.01M, Peak:180.01M | Scene, ViewLayer | Updating Background
Fra:1 Mem:226.11M (Peak 248.23M) | Time:00:00.30 | Mem:180.01M, Peak:180.01M | Scene, ViewLayer | Updating Camera
Fra:1 Mem:226.11M (Peak 248.23M) | Time:00:00.30 | Mem:180.01M, Peak:180.01M | Scene, ViewLayer | Updating Meshes Flags
Fra:1 Mem:226.11M (Peak 248.23M) | Time:00:00.30 | Mem:180.01M, Peak:180.01M | Scene, ViewLayer | Updating Objects
Fra:1 Mem:226.11M (Peak 248.23M) | Time:00:00.30 | Mem:180.01M, Peak:180.01M | Scene, ViewLayer | Updating Objects | Copying Transformations to device
Fra:1 Mem:226.14M (Peak 248.23M) | Time:00:00.30 | Mem:180.04M, Peak:180.04M | Scene, ViewLayer | Updating Objects | Applying Static Transformations
Fra:1 Mem:226.14M (Peak 248.23M) | Time:00:00.30 | Mem:180.04M, Peak:180.04M | Scene, ViewLayer | Updating Particle Systems
Fra:1 Mem:226.14M (Peak 248.23M) | Time:00:00.30 | Mem:180.04M, Peak:180.04M | Scene, ViewLayer | Updating Particle Systems | Copying Particles to device
Fra:1 Mem:226.14M (Peak 248.23M) | Time:00:00.30 | Mem:180.04M, Peak:180.04M | Scene, ViewLayer | Updating Meshes
Fra:1 Mem:226.15M (Peak 248.23M) | Time:00:00.30 | Mem:180.04M, Peak:180.04M | Scene, ViewLayer | Updating Mesh | Computing attributes
Fra:1 Mem:226.22M (Peak 248.23M) | Time:00:00.30 | Mem:180.04M, Peak:180.04M | Scene, ViewLayer | Updating Mesh | Copying Attributes to device
Fra:1 Mem:226.20M (Peak 248.23M) | Time:00:00.30 | Mem:180.10M, Peak:180.10M | Scene, ViewLayer | Updating Geometry BVH MESH-armor-block-a6743a347ee2fcdd1ce9-closed-solid-body 1/29 | Building BVH
Fra:1 Mem:226.20M (Peak 248.23M) | Time:00:00.30 | Mem:180.10M, Peak:180.10M | Scene, ViewLayer | Updating Geometry BVH MESH-armor-block-a6743a347ee2fcdd1ce9-closed-outgoing-wrapped-b 2/29 | Building BVH
Fra:1 Mem:226.20M (Peak 248.23M) | Time:00:00.30 | Mem:180.10M, Peak:180.10M | Scene, ViewLayer | Updating Geometry BVH MESH-armor-block-a6743a347ee2fcdd1ce9-closed-incoming-wrapped-b 3/29 | Building BVH
Fra:1 Mem:226.20M (Peak 248.23M) | Time:00:00.30 | Mem:180.10M, Peak:180.10M | Scene, ViewLayer | Updating Geometry BVH MESH-armor-block-926961217b49c21a526b-closed-outgoing-wrapped-b 4/29 | Building BVH
Fra:1 Mem:226.20M (Peak 248.23M) | Time:00:00.30 | Mem:180.10M, Peak:180.10M | Scene, ViewLayer | Updating Geometry BVH MESH-armor-block-926961217b49c21a526b-closed-solid-body 6/29 | Building BVH
Fra:1 Mem:226.20M (Peak 248.23M) | Time:00:00.30 | Mem:180.10M, Peak:180.10M | Scene, ViewLayer | Updating Geometry BVH MESH-armor-block-137adc2153a878094d60-closed-solid-body 7/29 | Building BVH
Fra:1 Mem:226.20M (Peak 248.23M) | Time:00:00.30 | Mem:180.10M, Peak:180.10M | Scene, ViewLayer | Updating Geometry BVH MESH-armor-block-137adc2153a878094d60-closed-incoming-wrapped-b 8/29 | Building BVH
Fra:1 Mem:226.20M (Peak 248.23M) | Time:00:00.30 | Mem:180.10M, Peak:180.10M | Scene, ViewLayer | Updating Geometry BVH MESH-armor-block-137adc2153a878094d60-closed-outgoing-wrapped-b 9/29 | Building BVH
Fra:1 Mem:226.20M (Peak 248.23M) | Time:00:00.30 | Mem:180.10M, Peak:180.11M | Scene, ViewLayer | Updating Geometry BVH MESH-armor-block-62ad930c45227d5287a0-closed-solid-body 10/29 | Building BVH
Fra:1 Mem:226.20M (Peak 248.23M) | Time:00:00.30 | Mem:180.11M, Peak:180.11M | Scene, ViewLayer | Updating Geometry BVH MESH-armor-block-62ad930c45227d5287a0-closed-incoming-wrapped-b 11/29 | Building BVH
Fra:1 Mem:226.20M (Peak 248.23M) | Time:00:00.30 | Mem:180.11M, Peak:180.11M | Scene, ViewLayer | Updating Geometry BVH MESH-armor-block-e40f082abbcbe4f55a62-closed-solid-body 27/29 | Building BVH
Fra:1 Mem:226.20M (Peak 248.23M) | Time:00:00.30 | Mem:180.11M, Peak:180.11M | Scene, ViewLayer | Updating Geometry BVH MESH-armor-block-649dcbda86c17c7952c9-closed-incoming-wrapped-b 26/29 | Building BVH
Fra:1 Mem:226.20M (Peak 248.23M) | Time:00:00.30 | Mem:180.11M, Peak:180.11M | Scene, ViewLayer | Updating Geometry BVH MESH-armor-block-62ad930c45227d5287a0-closed-outgoing-wrapped-b 12/29 | Building BVH
Fra:1 Mem:226.20M (Peak 248.23M) | Time:00:00.30 | Mem:180.11M, Peak:180.11M | Scene, ViewLayer | Updating Geometry BVH MESH-armor-block-649dcbda86c17c7952c9-closed-solid-body 25/29 | Building BVH
Fra:1 Mem:226.20M (Peak 248.23M) | Time:00:00.30 | Mem:180.11M, Peak:180.11M | Scene, ViewLayer | Updating Geometry BVH MESH-armor-block-e120acd13dae3b493668-closed-solid-body 14/29 | Building BVH
Fra:1 Mem:226.20M (Peak 248.23M) | Time:00:00.30 | Mem:180.11M, Peak:180.11M | Scene, ViewLayer | Updating Geometry BVH MESH-armor-block-e120acd13dae3b493668-closed-incoming-wrapped-b 15/29 | Building BVH
Fra:1 Mem:226.20M (Peak 248.23M) | Time:00:00.30 | Mem:180.12M, Peak:180.12M | Scene, ViewLayer | Updating Geometry BVH MESH-armor-block-e120acd13dae3b493668-closed-outgoing-wrapped-b 16/29 | Building BVH
Fra:1 Mem:226.20M (Peak 248.23M) | Time:00:00.30 | Mem:180.12M, Peak:180.12M | Scene, ViewLayer | Updating Geometry BVH MESH-armor-block-70b34597548b284a0a7f-closed-junction-wedge 17/29 | Building BVH
Fra:1 Mem:226.20M (Peak 248.23M) | Time:00:00.30 | Mem:180.12M, Peak:180.12M | Scene, ViewLayer | Updating Geometry BVH MESH-armor-block-b235419d9a165659f2e8-closed-incoming-wrapped-b 18/29 | Building BVH
Fra:1 Mem:226.20M (Peak 248.23M) | Time:00:00.30 | Mem:180.12M, Peak:180.12M | Scene, ViewLayer | Updating Geometry BVH MESH-armor-block-b235419d9a165659f2e8-closed-solid-body 20/29 | Building BVH
Fra:1 Mem:226.20M (Peak 248.23M) | Time:00:00.30 | Mem:180.13M, Peak:180.13M | Scene, ViewLayer | Updating Geometry BVH MESH-armor-block-2b558e7ac8eb4184c2af-closed-incoming-wrapped-b 21/29 | Building BVH
Fra:1 Mem:226.20M (Peak 248.23M) | Time:00:00.30 | Mem:180.13M, Peak:180.13M | Scene, ViewLayer | Updating Geometry BVH MESH-armor-block-2b558e7ac8eb4184c2af-closed-outgoing-wrapped-b 22/29 | Building BVH
Fra:1 Mem:226.20M (Peak 248.23M) | Time:00:00.30 | Mem:180.13M, Peak:180.13M | Scene, ViewLayer | Updating Geometry BVH MESH-armor-block-2b558e7ac8eb4184c2af-closed-solid-body 23/29 | Building BVH
Fra:1 Mem:226.20M (Peak 248.23M) | Time:00:00.30 | Mem:180.13M, Peak:180.13M | Scene, ViewLayer | Updating Scene BVH | Building
Fra:1 Mem:226.21M (Peak 248.23M) | Time:00:00.30 | Mem:180.13M, Peak:180.13M | Scene, ViewLayer | Updating Scene BVH | Building BVH
Fra:1 Mem:226.21M (Peak 248.23M) | Time:00:00.30 | Mem:180.18M, Peak:180.18M | Scene, ViewLayer | Updating Scene BVH | Copying BVH to device
Fra:1 Mem:226.21M (Peak 248.23M) | Time:00:00.30 | Mem:180.18M, Peak:180.18M | Scene, ViewLayer | Updating Mesh | Computing normals
Fra:1 Mem:226.26M (Peak 248.23M) | Time:00:00.30 | Mem:180.18M, Peak:180.18M | Scene, ViewLayer | Updating Mesh | Copying Mesh to device
Fra:1 Mem:226.26M (Peak 248.23M) | Time:00:00.30 | Mem:180.23M, Peak:180.23M | Scene, ViewLayer | Updating Objects Flags
Fra:1 Mem:226.26M (Peak 248.23M) | Time:00:00.30 | Mem:180.24M, Peak:180.24M | Scene, ViewLayer | Updating Primitive Offsets
Fra:1 Mem:226.26M (Peak 248.23M) | Time:00:00.30 | Mem:180.24M, Peak:180.24M | Scene, ViewLayer | Updating Images
Fra:1 Mem:226.26M (Peak 248.23M) | Time:00:00.30 | Mem:180.24M, Peak:180.24M | Scene, ViewLayer | Updating Camera Volume
Fra:1 Mem:226.26M (Peak 248.23M) | Time:00:00.30 | Mem:180.24M, Peak:180.24M | Scene, ViewLayer | Updating Lookup Tables
Fra:1 Mem:226.26M (Peak 248.23M) | Time:00:00.30 | Mem:180.32M, Peak:180.32M | Scene, ViewLayer | Updating Lights
Fra:1 Mem:226.26M (Peak 248.23M) | Time:00:00.30 | Mem:180.32M, Peak:180.32M | Scene, ViewLayer | Updating Lights | Computing tree
Fra:1 Mem:226.26M (Peak 248.23M) | Time:00:00.30 | Mem:180.32M, Peak:180.32M | Scene, ViewLayer | Updating Integrator
Fra:1 Mem:226.26M (Peak 248.23M) | Time:00:00.30 | Mem:180.32M, Peak:180.32M | Scene, ViewLayer | Updating Film
Fra:1 Mem:226.27M (Peak 248.23M) | Time:00:00.30 | Mem:180.24M, Peak:180.32M | Scene, ViewLayer | Updating Lookup Tables
Fra:1 Mem:226.27M (Peak 248.23M) | Time:00:00.30 | Mem:180.32M, Peak:180.32M | Scene, ViewLayer | Updating Baking
Fra:1 Mem:226.27M (Peak 248.23M) | Time:00:00.30 | Mem:180.32M, Peak:180.32M | Scene, ViewLayer | Updating Device | Writing constant memory
Fra:1 Mem:226.27M (Peak 248.23M) | Time:00:00.30 | Mem:180.32M, Peak:180.32M | Scene, ViewLayer | Sample 0/64
Fra:1 Mem:263.36M (Peak 263.36M) | Time:00:00.40 | Remaining:00:06.66 | Mem:217.41M, Peak:217.41M | Scene, ViewLayer | Sample 1/64
Fra:1 Mem:279.84M (Peak 312.80M) | Time:00:05.41 | Mem:217.41M, Peak:217.41M | Scene, ViewLayer | Sample 64/64
Fra:1 Mem:279.84M (Peak 312.80M) | Time:00:05.41 | Mem:217.41M, Peak:217.41M | Scene, ViewLayer | Finished
Saved: '/root/sidereal_spacetime/assets/art-library/framed-wayfarer/r005/family-03/renders/wayfarer-backing.png'
Time: 00:05.52 (Saving: 00:00.10)

22:52:13 | INFO: Data are loaded, start creating Blender stuff
22:52:13 | INFO: Blender create Mesh node MESH-armor-block-a6743a347ee2fcdd1ce9-closed-incoming-wrapped-b
22:52:13 | INFO: Blender create Mesh node MESH-armor-block-a6743a347ee2fcdd1ce9-closed-outgoing-wrapped-b
22:52:13 | INFO: Blender create Mesh node MESH-armor-block-a6743a347ee2fcdd1ce9-closed-solid-body
22:52:13 | INFO: Blender create Mesh node MESH-armor-block-a6743a347ee2fcdd1ce9-cyan-flush-status-lens
22:52:13 | INFO: Blender create Mesh node MESH-armor-block-a6743a347ee2fcdd1ce9-interchangeable-plain-fac
22:52:13 | INFO: Blender create Mesh node MESH-armor-block-a6743a347ee2fcdd1ce9-lower-impact-rail-right
22:52:13 | INFO: Blender create Mesh node MESH-armor-block-a6743a347ee2fcdd1ce9-lower-impact-rail-cut-poc
22:52:13 | INFO: Blender create Mesh node MESH-armor-block-a6743a347ee2fcdd1ce9-lower-impact-rail-left
22:52:13 | INFO: Blender create Mesh node MESH-armor-block-a6743a347ee2fcdd1ce9-pale-wrapped-connector-ou
22:52:13 | INFO: Blender create Mesh node MESH-armor-block-a6743a347ee2fcdd1ce9-pale-wrapped-connector-in
22:52:13 | INFO: Blender create Mesh node MESH-armor-block-a6743a347ee2fcdd1ce9-recess-shadow-seat
22:52:13 | INFO: Blender create Mesh node MESH-armor-block-a6743a347ee2fcdd1ce9-upper-stepped-shoulder
22:52:13 | INFO: glTF import finished in 0.01s
22:52:13 | INFO: Data are loaded, start creating Blender stuff
22:52:13 | INFO: Blender create Mesh node MESH-armor-block-62ad930c45227d5287a0-closed-incoming-wrapped-b
22:52:13 | INFO: Blender create Mesh node MESH-armor-block-62ad930c45227d5287a0-closed-outgoing-wrapped-b
22:52:13 | INFO: Blender create Mesh node MESH-armor-block-62ad930c45227d5287a0-closed-solid-body
22:52:13 | INFO: Blender create Mesh node MESH-armor-block-62ad930c45227d5287a0-cyan-flush-status-lens
22:52:13 | INFO: Blender create Mesh node MESH-armor-block-62ad930c45227d5287a0-interchangeable-plain-fac
22:52:13 | INFO: Blender create Mesh node MESH-armor-block-62ad930c45227d5287a0-lower-impact-rail-right
22:52:13 | INFO: Blender create Mesh node MESH-armor-block-62ad930c45227d5287a0-lower-impact-rail-cut-poc
22:52:13 | INFO: Blender create Mesh node MESH-armor-block-62ad930c45227d5287a0-lower-impact-rail-left
22:52:13 | INFO: Blender create Mesh node MESH-armor-block-62ad930c45227d5287a0-pale-wrapped-connector-ou
22:52:13 | INFO: Blender create Mesh node MESH-armor-block-62ad930c45227d5287a0-pale-wrapped-connector-in
22:52:13 | INFO: Blender create Mesh node MESH-armor-block-62ad930c45227d5287a0-recess-shadow-seat
22:52:13 | INFO: Blender create Mesh node MESH-armor-block-62ad930c45227d5287a0-upper-stepped-shoulder
22:52:13 | INFO: glTF import finished in 0.01s
22:52:13 | INFO: Data are loaded, start creating Blender stuff
22:52:13 | INFO: Blender create Mesh node MESH-armor-block-e1affbf19f4b7fa30311-closed-junction-wedge
22:52:13 | INFO: Blender create Mesh node MESH-armor-block-e1affbf19f4b7fa30311-junction-lower-navy-shoe
22:52:13 | INFO: Blender create Mesh node MESH-armor-block-e1affbf19f4b7fa30311-junction-upper-navy-shoul
22:52:13 | INFO: Blender create Mesh node MESH-armor-block-e1affbf19f4b7fa30311-junction-wrapped-pale-con
22:52:13 | INFO: glTF import finished in 0.01s
22:52:13 | INFO: Data are loaded, start creating Blender stuff
22:52:13 | INFO: Blender create Mesh node MESH-armor-block-926961217b49c21a526b-closed-incoming-wrapped-b
22:52:13 | INFO: Blender create Mesh node MESH-armor-block-926961217b49c21a526b-closed-outgoing-wrapped-b
22:52:13 | INFO: Blender create Mesh node MESH-armor-block-926961217b49c21a526b-closed-solid-body
22:52:13 | INFO: Blender create Mesh node MESH-armor-block-926961217b49c21a526b-cyan-flush-status-lens
22:52:13 | INFO: Blender create Mesh node MESH-armor-block-926961217b49c21a526b-interchangeable-red-servi
22:52:13 | INFO: Blender create Mesh node MESH-armor-block-926961217b49c21a526b-lower-impact-rail-right
22:52:13 | INFO: Blender create Mesh node MESH-armor-block-926961217b49c21a526b-lower-impact-rail-cut-poc
22:52:13 | INFO: Blender create Mesh node MESH-armor-block-926961217b49c21a526b-lower-impact-rail-left
22:52:13 | INFO: Blender create Mesh node MESH-armor-block-926961217b49c21a526b-pale-wrapped-connector-ou
22:52:13 | INFO: Blender create Mesh node MESH-armor-block-926961217b49c21a526b-pale-wrapped-connector-in
22:52:13 | INFO: Blender create Mesh node MESH-armor-block-926961217b49c21a526b-recess-shadow-seat
22:52:13 | INFO: Blender create Mesh node MESH-armor-block-926961217b49c21a526b-upper-stepped-shoulder
22:52:13 | INFO: glTF import finished in 0.02s
22:52:13 | INFO: Data are loaded, start creating Blender stuff
22:52:13 | INFO: Blender create Mesh node MESH-armor-block-137adc2153a878094d60-closed-incoming-wrapped-b
22:52:13 | INFO: Blender create Mesh node MESH-armor-block-137adc2153a878094d60-closed-outgoing-wrapped-b
22:52:13 | INFO: Blender create Mesh node MESH-armor-block-137adc2153a878094d60-closed-solid-body
22:52:13 | INFO: Blender create Mesh node MESH-armor-block-137adc2153a878094d60-cyan-flush-status-lens
22:52:13 | INFO: Blender create Mesh node MESH-armor-block-137adc2153a878094d60-interchangeable-utility-f
22:52:13 | INFO: Blender create Mesh node MESH-armor-block-137adc2153a878094d60-lower-impact-rail-right
22:52:13 | INFO: Blender create Mesh node MESH-armor-block-137adc2153a878094d60-lower-impact-rail-cut-poc
22:52:13 | INFO: Blender create Mesh node MESH-armor-block-137adc2153a878094d60-lower-impact-rail-left
22:52:13 | INFO: Blender create Mesh node MESH-armor-block-137adc2153a878094d60-pale-wrapped-connector-ou
22:52:13 | INFO: Blender create Mesh node MESH-armor-block-137adc2153a878094d60-pale-wrapped-connector-in
22:52:13 | INFO: Blender create Mesh node MESH-armor-block-137adc2153a878094d60-recess-shadow-seat
22:52:13 | INFO: Blender create Mesh node MESH-armor-block-137adc2153a878094d60-upper-stepped-shoulder
22:52:13 | INFO: Blender create Mesh node MESH-armor-block-137adc2153a878094d60-utility-removable-box
22:52:13 | INFO: Blender create Mesh node MESH-armor-block-137adc2153a878094d60-utility-status-lens
22:52:13 | INFO: glTF import finished in 0.01s
22:52:13 | INFO: Data are loaded, start creating Blender stuff
22:52:13 | INFO: Blender create Mesh node MESH-armor-block-e40f082abbcbe4f55a62-closed-incoming-wrapped-b
22:52:13 | INFO: Blender create Mesh node MESH-armor-block-e40f082abbcbe4f55a62-closed-outgoing-wrapped-b
22:52:13 | INFO: Blender create Mesh node MESH-armor-block-e40f082abbcbe4f55a62-closed-solid-body
22:52:13 | INFO: Blender create Mesh node MESH-armor-block-e40f082abbcbe4f55a62-cyan-flush-status-lens
22:52:13 | INFO: Blender create Mesh node MESH-armor-block-e40f082abbcbe4f55a62-interchangeable-identity-
22:52:13 | INFO: Blender create Mesh node MESH-armor-block-e40f082abbcbe4f55a62-lower-impact-rail-right
22:52:13 | INFO: Blender create Mesh node MESH-armor-block-e40f082abbcbe4f55a62-lower-impact-rail-cut-poc
22:52:13 | INFO: Blender create Mesh node MESH-armor-block-e40f082abbcbe4f55a62-lower-impact-rail-left
22:52:13 | INFO: Blender create Mesh node MESH-armor-block-e40f082abbcbe4f55a62-pale-wrapped-connector-ou
22:52:13 | INFO: Blender create Mesh node MESH-armor-block-e40f082abbcbe4f55a62-pale-wrapped-connector-in
22:52:13 | INFO: Blender create Mesh node MESH-armor-block-e40f082abbcbe4f55a62-recess-shadow-seat
22:52:13 | INFO: Blender create Mesh node MESH-armor-block-e40f082abbcbe4f55a62-upper-stepped-shoulder
22:52:13 | INFO: glTF import finished in 0.01s
22:52:13 | INFO: Data are loaded, start creating Blender stuff
22:52:13 | INFO: Blender create Mesh node MESH-armor-block-649dcbda86c17c7952c9-closed-incoming-wrapped-b
22:52:13 | INFO: Blender create Mesh node MESH-armor-block-649dcbda86c17c7952c9-closed-outgoing-wrapped-b
22:52:13 | INFO: Blender create Mesh node MESH-armor-block-649dcbda86c17c7952c9-closed-solid-body
22:52:13 | INFO: Blender create Mesh node MESH-armor-block-649dcbda86c17c7952c9-cyan-flush-status-lens
22:52:13 | INFO: Blender create Mesh node MESH-armor-block-649dcbda86c17c7952c9-deep-vent-louver-1
22:52:13 | INFO: Blender create Mesh node MESH-armor-block-649dcbda86c17c7952c9-deep-vent-louver-2
22:52:13 | INFO: Blender create Mesh node MESH-armor-block-649dcbda86c17c7952c9-deep-vent-louver-3
22:52:13 | INFO: Blender create Mesh node MESH-armor-block-649dcbda86c17c7952c9-deep-vent-louver-4
22:52:13 | INFO: Blender create Mesh node MESH-armor-block-649dcbda86c17c7952c9-deep-vent-louver-5
22:52:13 | INFO: Blender create Mesh node MESH-armor-block-649dcbda86c17c7952c9-deep-vent-louver-6
22:52:13 | INFO: Blender create Mesh node MESH-armor-block-649dcbda86c17c7952c9-deep-vent-louver-7
22:52:13 | INFO: Blender create Mesh node MESH-armor-block-649dcbda86c17c7952c9-deep-vent-louver-8
22:52:13 | INFO: Blender create Mesh node MESH-armor-block-649dcbda86c17c7952c9-deep-vent-louver-0
22:52:13 | INFO: Blender create Mesh node MESH-armor-block-649dcbda86c17c7952c9-interchangeable-vent-face
22:52:13 | INFO: Blender create Mesh node MESH-armor-block-649dcbda86c17c7952c9-lower-impact-rail-right
22:52:13 | INFO: Blender create Mesh node MESH-armor-block-649dcbda86c17c7952c9-lower-impact-rail-cut-poc
22:52:13 | INFO: Blender create Mesh node MESH-armor-block-649dcbda86c17c7952c9-lower-impact-rail-left
22:52:13 | INFO: Blender create Mesh node MESH-armor-block-649dcbda86c17c7952c9-pale-wrapped-connector-ou
22:52:13 | INFO: Blender create Mesh node MESH-armor-block-649dcbda86c17c7952c9-pale-wrapped-connector-in
22:52:13 | INFO: Blender create Mesh node MESH-armor-block-649dcbda86c17c7952c9-recess-shadow-seat
22:52:13 | INFO: Blender create Mesh node MESH-armor-block-649dcbda86c17c7952c9-upper-stepped-shoulder
22:52:13 | INFO: Blender create Mesh node MESH-armor-block-649dcbda86c17c7952c9-vent-dark-well
22:52:13 | INFO: glTF import finished in 0.01s
22:52:13 | INFO: Data are loaded, start creating Blender stuff
22:52:13 | INFO: Blender create Mesh node MESH-armor-block-2b558e7ac8eb4184c2af-closed-incoming-wrapped-b
22:52:13 | INFO: Blender create Mesh node MESH-armor-block-2b558e7ac8eb4184c2af-closed-outgoing-wrapped-b
22:52:13 | INFO: Blender create Mesh node MESH-armor-block-2b558e7ac8eb4184c2af-closed-solid-body
22:52:13 | INFO: Blender create Mesh node MESH-armor-block-2b558e7ac8eb4184c2af-interchangeable-utility-f
22:52:13 | INFO: Blender create Mesh node MESH-armor-block-2b558e7ac8eb4184c2af-lower-impact-rail
22:52:13 | INFO: Blender create Mesh node MESH-armor-block-2b558e7ac8eb4184c2af-pale-wrapped-connector-ou
22:52:13 | INFO: Blender create Mesh node MESH-armor-block-2b558e7ac8eb4184c2af-pale-wrapped-connector-in
22:52:13 | INFO: Blender create Mesh node MESH-armor-block-2b558e7ac8eb4184c2af-recess-shadow-seat
22:52:13 | INFO: Blender create Mesh node MESH-armor-block-2b558e7ac8eb4184c2af-upper-stepped-shoulder
22:52:13 | INFO: glTF import finished in 0.01s
22:52:13 | INFO: Data are loaded, start creating Blender stuff
22:52:13 | INFO: Blender create Mesh node MESH-armor-block-b235419d9a165659f2e8-closed-incoming-wrapped-b
22:52:13 | INFO: Blender create Mesh node MESH-armor-block-b235419d9a165659f2e8-closed-outgoing-wrapped-b
22:52:13 | INFO: Blender create Mesh node MESH-armor-block-b235419d9a165659f2e8-closed-solid-body
22:52:13 | INFO: Blender create Mesh node MESH-armor-block-b235419d9a165659f2e8-interchangeable-plain-fac
22:52:13 | INFO: Blender create Mesh node MESH-armor-block-b235419d9a165659f2e8-lower-impact-rail
22:52:13 | INFO: Blender create Mesh node MESH-armor-block-b235419d9a165659f2e8-pale-wrapped-connector-ou
22:52:13 | INFO: Blender create Mesh node MESH-armor-block-b235419d9a165659f2e8-pale-wrapped-connector-in
22:52:13 | INFO: Blender create Mesh node MESH-armor-block-b235419d9a165659f2e8-recess-shadow-seat
22:52:13 | INFO: Blender create Mesh node MESH-armor-block-b235419d9a165659f2e8-upper-stepped-shoulder
22:52:13 | INFO: glTF import finished in 0.01s
22:52:13 | INFO: Data are loaded, start creating Blender stuff
22:52:13 | INFO: Blender create Mesh node MESH-armor-block-fabbd7b0578ea00b5791-closed-height-transition-
22:52:13 | INFO: Blender create Mesh node MESH-armor-block-fabbd7b0578ea00b5791-closed-junction-wedge
22:52:13 | INFO: Blender create Mesh node MESH-armor-block-fabbd7b0578ea00b5791-height-transition-pale-en
22:52:13 | INFO: Blender create Mesh node MESH-armor-block-fabbd7b0578ea00b5791-junction-lower-navy-shoe
22:52:13 | INFO: Blender create Mesh node MESH-armor-block-fabbd7b0578ea00b5791-junction-upper-navy-shoul
22:52:13 | INFO: Blender create Mesh node MESH-armor-block-fabbd7b0578ea00b5791-junction-wrapped-pale-con
22:52:13 | INFO: glTF import finished in 0.01s
22:52:13 | INFO: Data are loaded, start creating Blender stuff
22:52:13 | INFO: Blender create Mesh node MESH-armor-block-e120acd13dae3b493668-closed-incoming-wrapped-b
22:52:13 | INFO: Blender create Mesh node MESH-armor-block-e120acd13dae3b493668-closed-outgoing-wrapped-b
22:52:13 | INFO: Blender create Mesh node MESH-armor-block-e120acd13dae3b493668-closed-solid-body
22:52:13 | INFO: Blender create Mesh node MESH-armor-block-e120acd13dae3b493668-cyan-flush-status-lens
22:52:13 | INFO: Blender create Mesh node MESH-armor-block-e120acd13dae3b493668-deep-vent-louver-1
22:52:13 | INFO: Blender create Mesh node MESH-armor-block-e120acd13dae3b493668-deep-vent-louver-0
22:52:13 | INFO: Blender create Mesh node MESH-armor-block-e120acd13dae3b493668-interchangeable-vent-face
22:52:13 | INFO: Blender create Mesh node MESH-armor-block-e120acd13dae3b493668-lower-impact-rail-right
22:52:13 | INFO: Blender create Mesh node MESH-armor-block-e120acd13dae3b493668-lower-impact-rail-cut-poc
22:52:13 | INFO: Blender create Mesh node MESH-armor-block-e120acd13dae3b493668-lower-impact-rail-left
22:52:13 | INFO: Blender create Mesh node MESH-armor-block-e120acd13dae3b493668-pale-wrapped-connector-ou
22:52:13 | INFO: Blender create Mesh node MESH-armor-block-e120acd13dae3b493668-pale-wrapped-connector-in
22:52:13 | INFO: Blender create Mesh node MESH-armor-block-e120acd13dae3b493668-recess-shadow-seat
22:52:13 | INFO: Blender create Mesh node MESH-armor-block-e120acd13dae3b493668-upper-stepped-shoulder
22:52:13 | INFO: Blender create Mesh node MESH-armor-block-e120acd13dae3b493668-vent-dark-well
22:52:13 | INFO: glTF import finished in 0.02s
22:52:13 | INFO: Data are loaded, start creating Blender stuff
22:52:13 | INFO: Blender create Mesh node MESH-armor-block-70b34597548b284a0a7f-closed-junction-wedge
22:52:13 | INFO: Blender create Mesh node MESH-armor-block-70b34597548b284a0a7f-junction-lower-navy-shoe
22:52:13 | INFO: Blender create Mesh node MESH-armor-block-70b34597548b284a0a7f-junction-upper-navy-shoul
22:52:13 | INFO: Blender create Mesh node MESH-armor-block-70b34597548b284a0a7f-junction-wrapped-pale-con
22:52:13 | INFO: glTF import finished in 0.01s
22:52:13 | INFO: Data are loaded, start creating Blender stuff
22:52:13 | INFO: Blender create Mesh node MESH-armor-block-98477a5dd3e88b931589-closed-incoming-wrapped-b
22:52:13 | INFO: Blender create Mesh node MESH-armor-block-98477a5dd3e88b931589-closed-outgoing-wrapped-b
22:52:13 | INFO: Blender create Mesh node MESH-armor-block-98477a5dd3e88b931589-closed-solid-body
22:52:13 | INFO: Blender create Mesh node MESH-armor-block-98477a5dd3e88b931589-cyan-flush-status-lens
22:52:13 | INFO: Blender create Mesh node MESH-armor-block-98477a5dd3e88b931589-interchangeable-plain-fac
22:52:13 | INFO: Blender create Mesh node MESH-armor-block-98477a5dd3e88b931589-lower-impact-rail-right
22:52:13 | INFO: Blender create Mesh node MESH-armor-block-98477a5dd3e88b931589-lower-impact-rail-cut-poc
22:52:13 | INFO: Blender create Mesh node MESH-armor-block-98477a5dd3e88b931589-lower-impact-rail-left
22:52:13 | INFO: Blender create Mesh node MESH-armor-block-98477a5dd3e88b931589-pale-wrapped-connector-ou
22:52:13 | INFO: Blender create Mesh node MESH-armor-block-98477a5dd3e88b931589-pale-wrapped-connector-in
22:52:13 | INFO: Blender create Mesh node MESH-armor-block-98477a5dd3e88b931589-recess-shadow-seat
22:52:13 | INFO: Blender create Mesh node MESH-armor-block-98477a5dd3e88b931589-upper-stepped-shoulder
22:52:13 | INFO: glTF import finished in 0.02s
22:52:13 | INFO: Data are loaded, start creating Blender stuff
22:52:13 | INFO: Blender create Mesh node MESH-armor-block-a7ef36310c50dc565d00-closed-height-transition-
22:52:13 | INFO: Blender create Mesh node MESH-armor-block-a7ef36310c50dc565d00-closed-junction-wedge
22:52:13 | INFO: Blender create Mesh node MESH-armor-block-a7ef36310c50dc565d00-height-transition-pale-en
22:52:13 | INFO: Blender create Mesh node MESH-armor-block-a7ef36310c50dc565d00-junction-lower-navy-shoe
22:52:13 | INFO: Blender create Mesh node MESH-armor-block-a7ef36310c50dc565d00-junction-upper-navy-shoul
22:52:13 | INFO: Blender create Mesh node MESH-armor-block-a7ef36310c50dc565d00-junction-wrapped-pale-con
22:52:13 | INFO: glTF import finished in 0.02s
22:52:13 | INFO: Data are loaded, start creating Blender stuff
22:52:13 | INFO: Blender create Mesh node MESH-armor-block-4896cc9388c49fcb9b2e-closed-incoming-wrapped-b
22:52:13 | INFO: Blender create Mesh node MESH-armor-block-4896cc9388c49fcb9b2e-closed-outgoing-wrapped-b
22:52:13 | INFO: Blender create Mesh node MESH-armor-block-4896cc9388c49fcb9b2e-closed-solid-body
22:52:13 | INFO: Blender create Mesh node MESH-armor-block-4896cc9388c49fcb9b2e-cyan-flush-status-lens
22:52:13 | INFO: Blender create Mesh node MESH-armor-block-4896cc9388c49fcb9b2e-interchangeable-red-servi
22:52:13 | INFO: Blender create Mesh node MESH-armor-block-4896cc9388c49fcb9b2e-lower-impact-rail-right
22:52:13 | INFO: Blender create Mesh node MESH-armor-block-4896cc9388c49fcb9b2e-lower-impact-rail-cut-poc
22:52:13 | INFO: Blender create Mesh node MESH-armor-block-4896cc9388c49fcb9b2e-lower-impact-rail-left
22:52:13 | INFO: Blender create Mesh node MESH-armor-block-4896cc9388c49fcb9b2e-pale-wrapped-connector-ou
22:52:13 | INFO: Blender create Mesh node MESH-armor-block-4896cc9388c49fcb9b2e-pale-wrapped-connector-in
22:52:13 | INFO: Blender create Mesh node MESH-armor-block-4896cc9388c49fcb9b2e-recess-shadow-seat
22:52:13 | INFO: Blender create Mesh node MESH-armor-block-4896cc9388c49fcb9b2e-upper-stepped-shoulder
22:52:13 | INFO: glTF import finished in 0.03s
Fra:1 Mem:60.97M (Peak 60.97M) | Time:00:00.02 | Mem:0.00M, Peak:0.00M | Scene, ViewLayer | Synchronizing object | GEO-armor-block-a6743a347ee2fcdd1ce9--BACKING--closed-outgo
Fra:1 Mem:60.97M (Peak 60.97M) | Time:00:00.02 | Mem:0.00M, Peak:0.00M | Scene, ViewLayer | Synchronizing object | GEO-armor-block-a6743a347ee2fcdd1ce9--FINISH--upper-stepped
Fra:1 Mem:60.99M (Peak 60.99M) | Time:00:00.02 | Mem:0.00M, Peak:0.00M | Scene, ViewLayer | Synchronizing object | GEO-armor-block-a6743a347ee2fcdd1ce9--BACKING--closed-solid
Fra:1 Mem:61.00M (Peak 61.00M) | Time:00:00.02 | Mem:0.00M, Peak:0.00M | Scene, ViewLayer | Synchronizing object | GEO-armor-block-a6743a347ee2fcdd1ce9--FINISH--pale-wrapped-.001
Fra:1 Mem:61.02M (Peak 61.02M) | Time:00:00.02 | Mem:0.00M, Peak:0.00M | Scene, ViewLayer | Synchronizing object | GEO-armor-block-a6743a347ee2fcdd1ce9--FINISH--cyan-flush-st
Fra:1 Mem:61.02M (Peak 61.02M) | Time:00:00.02 | Mem:0.00M, Peak:0.00M | Scene, ViewLayer | Synchronizing object | GEO-armor-block-a6743a347ee2fcdd1ce9--BACKING--closed-incom
Fra:1 Mem:61.03M (Peak 61.03M) | Time:00:00.02 | Mem:0.00M, Peak:0.00M | Scene, ViewLayer | Synchronizing object | GEO-armor-block-a6743a347ee2fcdd1ce9--FINISH--pale-wrapped-.002
Fra:1 Mem:61.04M (Peak 61.04M) | Time:00:00.02 | Mem:0.00M, Peak:0.00M | Scene, ViewLayer | Synchronizing object | GEO-armor-block-a6743a347ee2fcdd1ce9--FINISH--lower-impact-.003
Fra:1 Mem:61.05M (Peak 61.05M) | Time:00:00.02 | Mem:0.00M, Peak:0.00M | Scene, ViewLayer | Synchronizing object | GEO-armor-block-a6743a347ee2fcdd1ce9--FINISH--lower-impact-.004
Fra:1 Mem:61.04M (Peak 61.05M) | Time:00:00.02 | Mem:0.00M, Peak:0.00M | Scene, ViewLayer | Synchronizing object | GEO-armor-block-a6743a347ee2fcdd1ce9--FINISH--recess-shadow
Fra:1 Mem:61.05M (Peak 61.05M) | Time:00:00.02 | Mem:0.00M, Peak:0.00M | Scene, ViewLayer | Synchronizing object | GEO-armor-block-926961217b49c21a526b--FINISH--pale-wrapped-.001
Fra:1 Mem:61.05M (Peak 61.05M) | Time:00:00.02 | Mem:0.00M, Peak:0.00M | Scene, ViewLayer | Synchronizing object | GEO-armor-block-926961217b49c21a526b--FINISH--lower-impact-.002
Fra:1 Mem:61.05M (Peak 61.05M) | Time:00:00.02 | Mem:0.00M, Peak:0.00M | Scene, ViewLayer | Synchronizing object | GEO-armor-block-926961217b49c21a526b--BACKING--closed-incom
Fra:1 Mem:61.08M (Peak 61.08M) | Time:00:00.02 | Mem:0.00M, Peak:0.00M | Scene, ViewLayer | Synchronizing object | GEO-armor-block-926961217b49c21a526b--FINISH--upper-stepped
Fra:1 Mem:61.08M (Peak 61.08M) | Time:00:00.02 | Mem:0.00M, Peak:0.00M | Scene, ViewLayer | Synchronizing object | GEO-armor-block-926961217b49c21a526b--FINISH--cyan-flush-st
Fra:1 Mem:61.08M (Peak 61.08M) | Time:00:00.02 | Mem:0.00M, Peak:0.00M | Scene, ViewLayer | Synchronizing object | GEO-armor-block-926961217b49c21a526b--FINISH--recess-shadow
Fra:1 Mem:61.09M (Peak 61.09M) | Time:00:00.02 | Mem:0.00M, Peak:0.00M | Scene, ViewLayer | Synchronizing object | GEO-armor-block-926961217b49c21a526b--BACKING--closed-solid
Fra:1 Mem:61.09M (Peak 61.09M) | Time:00:00.02 | Mem:0.00M, Peak:0.00M | Scene, ViewLayer | Synchronizing object | GEO-armor-block-926961217b49c21a526b--FINISH--lower-impact-.003
Fra:1 Mem:61.09M (Peak 61.09M) | Time:00:00.02 | Mem:0.00M, Peak:0.00M | Scene, ViewLayer | Synchronizing object | GEO-armor-block-926961217b49c21a526b--FINISH--interchangeab
Fra:1 Mem:61.10M (Peak 61.10M) | Time:00:00.02 | Mem:0.00M, Peak:0.00M | Scene, ViewLayer | Synchronizing object | GEO-armor-block-926961217b49c21a526b--FINISH--pale-wrapped-.002
Fra:1 Mem:61.11M (Peak 61.11M) | Time:00:00.02 | Mem:0.00M, Peak:0.00M | Scene, ViewLayer | Synchronizing object | GEO-armor-block-926961217b49c21a526b--FINISH--lower-impact-.004
Fra:1 Mem:61.11M (Peak 61.11M) | Time:00:00.02 | Mem:0.00M, Peak:0.00M | Scene, ViewLayer | Synchronizing object | GEO-armor-block-137adc2153a878094d60--FINISH--pale-wrapped-.001
Fra:1 Mem:61.11M (Peak 61.11M) | Time:00:00.02 | Mem:0.00M, Peak:0.00M | Scene, ViewLayer | Synchronizing object | GEO-armor-block-137adc2153a878094d60--FINISH--interchangeab
Fra:1 Mem:61.13M (Peak 61.13M) | Time:00:00.02 | Mem:0.00M, Peak:0.00M | Scene, ViewLayer | Synchronizing object | GEO-armor-block-137adc2153a878094d60--BACKING--closed-solid
Fra:1 Mem:61.13M (Peak 61.13M) | Time:00:00.02 | Mem:0.00M, Peak:0.00M | Scene, ViewLayer | Synchronizing object | GEO-armor-block-137adc2153a878094d60--FINISH--lower-impact-.002
Fra:1 Mem:61.14M (Peak 61.14M) | Time:00:00.02 | Mem:0.00M, Peak:0.00M | Scene, ViewLayer | Synchronizing object | GEO-armor-block-137adc2153a878094d60--FINISH--lower-impact-.003
Fra:1 Mem:61.14M (Peak 61.14M) | Time:00:00.02 | Mem:0.00M, Peak:0.00M | Scene, ViewLayer | Synchronizing object | GEO-armor-block-137adc2153a878094d60--FINISH--upper-stepped
Fra:1 Mem:61.15M (Peak 61.15M) | Time:00:00.02 | Mem:0.00M, Peak:0.00M | Scene, ViewLayer | Synchronizing object | GEO-armor-block-137adc2153a878094d60--FINISH--pale-wrapped-.002
Fra:1 Mem:61.15M (Peak 61.15M) | Time:00:00.02 | Mem:0.00M, Peak:0.00M | Scene, ViewLayer | Synchronizing object | GEO-armor-block-137adc2153a878094d60--BACKING--closed-outgo
Fra:1 Mem:61.16M (Peak 61.16M) | Time:00:00.02 | Mem:0.00M, Peak:0.00M | Scene, ViewLayer | Synchronizing object | GEO-armor-block-137adc2153a878094d60--FINISH--utility-statu
Fra:1 Mem:61.16M (Peak 61.16M) | Time:00:00.02 | Mem:0.00M, Peak:0.00M | Scene, ViewLayer | Synchronizing object | GEO-armor-block-137adc2153a878094d60--BACKING--closed-incom
Fra:1 Mem:61.16M (Peak 61.16M) | Time:00:00.02 | Mem:0.00M, Peak:0.00M | Scene, ViewLayer | Synchronizing object | GEO-armor-block-137adc2153a878094d60--FINISH--recess-shadow
Fra:1 Mem:61.17M (Peak 61.17M) | Time:00:00.02 | Mem:0.00M, Peak:0.00M | Scene, ViewLayer | Synchronizing object | GEO-armor-block-137adc2153a878094d60--FINISH--cyan-flush-st
Fra:1 Mem:61.17M (Peak 61.17M) | Time:00:00.02 | Mem:0.00M, Peak:0.00M | Scene, ViewLayer | Synchronizing object | GEO-armor-block-137adc2153a878094d60--FINISH--lower-impact-.004
Fra:1 Mem:61.18M (Peak 61.18M) | Time:00:00.02 | Mem:0.00M, Peak:0.00M | Scene, ViewLayer | Synchronizing object | GEO-armor-block-137adc2153a878094d60--FINISH--utility-remov
Fra:1 Mem:61.19M (Peak 61.19M) | Time:00:00.02 | Mem:0.00M, Peak:0.00M | Scene, ViewLayer | Synchronizing object | GEO-armor-block-62ad930c45227d5287a0--FINISH--lower-impact-.002
Fra:1 Mem:61.19M (Peak 61.19M) | Time:00:00.02 | Mem:0.00M, Peak:0.00M | Scene, ViewLayer | Synchronizing object | GEO-armor-block-62ad930c45227d5287a0--FINISH--pale-wrapped-.001
Fra:1 Mem:61.19M (Peak 61.19M) | Time:00:00.02 | Mem:0.00M, Peak:0.00M | Scene, ViewLayer | Synchronizing object | GEO-armor-block-62ad930c45227d5287a0--FINISH--lower-impact-.003
Fra:1 Mem:61.21M (Peak 61.21M) | Time:00:00.02 | Mem:0.00M, Peak:0.00M | Scene, ViewLayer | Synchronizing object | GEO-armor-block-62ad930c45227d5287a0--BACKING--closed-solid
Fra:1 Mem:61.22M (Peak 61.22M) | Time:00:00.02 | Mem:0.00M, Peak:0.00M | Scene, ViewLayer | Synchronizing object | GEO-armor-block-62ad930c45227d5287a0--FINISH--interchangeab
Fra:1 Mem:61.23M (Peak 61.23M) | Time:00:00.02 | Mem:0.00M, Peak:0.00M | Scene, ViewLayer | Synchronizing object | GEO-armor-block-62ad930c45227d5287a0--FINISH--pale-wrapped-.002
Fra:1 Mem:61.23M (Peak 61.23M) | Time:00:00.02 | Mem:0.00M, Peak:0.00M | Scene, ViewLayer | Synchronizing object | GEO-armor-block-62ad930c45227d5287a0--FINISH--lower-impact-.004
Fra:1 Mem:61.25M (Peak 61.25M) | Time:00:00.02 | Mem:0.00M, Peak:0.00M | Scene, ViewLayer | Synchronizing object | GEO-armor-block-62ad930c45227d5287a0--BACKING--closed-incom
Fra:1 Mem:61.24M (Peak 61.25M) | Time:00:00.02 | Mem:0.00M, Peak:0.00M | Scene, ViewLayer | Synchronizing object | GEO-armor-block-62ad930c45227d5287a0--BACKING--closed-outgo
Fra:1 Mem:61.25M (Peak 61.25M) | Time:00:00.02 | Mem:0.00M, Peak:0.00M | Scene, ViewLayer | Synchronizing object | GEO-armor-block-62ad930c45227d5287a0--FINISH--upper-stepped
Fra:1 Mem:61.26M (Peak 61.26M) | Time:00:00.02 | Mem:0.00M, Peak:0.00M | Scene, ViewLayer | Synchronizing object | GEO-armor-block-62ad930c45227d5287a0--FINISH--cyan-flush-st
Fra:1 Mem:61.25M (Peak 61.26M) | Time:00:00.02 | Mem:0.00M, Peak:0.00M | Scene, ViewLayer | Synchronizing object | GEO-armor-block-e1affbf19f4b7fa30311--FINISH--junction-lowe
Fra:1 Mem:61.27M (Peak 61.27M) | Time:00:00.02 | Mem:0.00M, Peak:0.00M | Scene, ViewLayer | Synchronizing object | GEO-armor-block-e1affbf19f4b7fa30311--FINISH--junction-wrap
Fra:1 Mem:61.27M (Peak 61.27M) | Time:00:00.02 | Mem:0.00M, Peak:0.00M | Scene, ViewLayer | Synchronizing object | GEO-armor-block-e120acd13dae3b493668--FINISH--lower-impact-.002
Fra:1 Mem:61.30M (Peak 61.30M) | Time:00:00.02 | Mem:0.00M, Peak:0.00M | Scene, ViewLayer | Synchronizing object | GEO-armor-block-e120acd13dae3b493668--FINISH--deep-vent-lou.001
Fra:1 Mem:61.29M (Peak 61.30M) | Time:00:00.02 | Mem:0.00M, Peak:0.00M | Scene, ViewLayer | Synchronizing object | GEO-armor-block-e120acd13dae3b493668--BACKING--closed-solid
Fra:1 Mem:61.30M (Peak 61.30M) | Time:00:00.02 | Mem:0.00M, Peak:0.00M | Scene, ViewLayer | Synchronizing object | GEO-armor-block-e120acd13dae3b493668--FINISH--vent-dark-wel
Fra:1 Mem:61.31M (Peak 61.31M) | Time:00:00.02 | Mem:0.00M, Peak:0.00M | Scene, ViewLayer | Synchronizing object | GEO-armor-block-e120acd13dae3b493668--FINISH--pale-wrapped-.001
Fra:1 Mem:61.30M (Peak 61.31M) | Time:00:00.02 | Mem:0.00M, Peak:0.00M | Scene, ViewLayer | Synchronizing object | GEO-armor-block-e120acd13dae3b493668--FINISH--deep-vent-lou.002
Fra:1 Mem:61.31M (Peak 61.31M) | Time:00:00.02 | Mem:0.00M, Peak:0.00M | Scene, ViewLayer | Synchronizing object | GEO-armor-block-e120acd13dae3b493668--FINISH--lower-impact-.003
Fra:1 Mem:61.32M (Peak 61.32M) | Time:00:00.02 | Mem:0.00M, Peak:0.00M | Scene, ViewLayer | Synchronizing object | GEO-armor-block-e120acd13dae3b493668--BACKING--closed-outgo
Fra:1 Mem:61.33M (Peak 61.33M) | Time:00:00.02 | Mem:0.00M, Peak:0.00M | Scene, ViewLayer | Synchronizing object | GEO-armor-block-e120acd13dae3b493668--FINISH--upper-stepped
Fra:1 Mem:61.33M (Peak 61.33M) | Time:00:00.02 | Mem:0.00M, Peak:0.00M | Scene, ViewLayer | Synchronizing object | GEO-armor-block-e120acd13dae3b493668--FINISH--lower-impact-.004
Fra:1 Mem:61.34M (Peak 61.34M) | Time:00:00.02 | Mem:0.00M, Peak:0.00M | Scene, ViewLayer | Synchronizing object | GEO-armor-block-e120acd13dae3b493668--BACKING--closed-incom
Fra:1 Mem:61.35M (Peak 61.35M) | Time:00:00.02 | Mem:0.00M, Peak:0.00M | Scene, ViewLayer | Synchronizing object | GEO-armor-block-e120acd13dae3b493668--FINISH--pale-wrapped-.002
Fra:1 Mem:61.35M (Peak 61.35M) | Time:00:00.02 | Mem:0.00M, Peak:0.00M | Scene, ViewLayer | Synchronizing object | GEO-armor-block-e120acd13dae3b493668--FINISH--cyan-flush-st
Fra:1 Mem:61.35M (Peak 61.35M) | Time:00:00.02 | Mem:0.00M, Peak:0.00M | Scene, ViewLayer | Synchronizing object | GEO-armor-block-e120acd13dae3b493668--FINISH--recess-shadow
Fra:1 Mem:61.35M (Peak 61.35M) | Time:00:00.02 | Mem:0.00M, Peak:0.00M | Scene, ViewLayer | Synchronizing object | GEO-armor-block-e120acd13dae3b493668--FINISH--interchangeab
Fra:1 Mem:61.35M (Peak 61.35M) | Time:00:00.02 | Mem:0.00M, Peak:0.00M | Scene, ViewLayer | Synchronizing object | GEO-armor-block-70b34597548b284a0a7f--FINISH--junction-lowe
Fra:1 Mem:61.37M (Peak 61.37M) | Time:00:00.02 | Mem:0.00M, Peak:0.00M | Scene, ViewLayer | Synchronizing object | GEO-armor-block-70b34597548b284a0a7f--FINISH--junction-wrap
Fra:1 Mem:61.39M (Peak 61.39M) | Time:00:00.02 | Mem:0.00M, Peak:0.00M | Scene, ViewLayer | Synchronizing object | GEO-armor-block-70b34597548b284a0a7f--BACKING--closed-junct
Fra:1 Mem:61.40M (Peak 61.40M) | Time:00:00.02 | Mem:0.00M, Peak:0.00M | Scene, ViewLayer | Synchronizing object | GEO-armor-block-70b34597548b284a0a7f--FINISH--junction-uppe
Fra:1 Mem:61.41M (Peak 61.41M) | Time:00:00.02 | Mem:0.00M, Peak:0.00M | Scene, ViewLayer | Synchronizing object | GEO-armor-block-b235419d9a165659f2e8--BACKING--closed-solid
Fra:1 Mem:61.41M (Peak 61.41M) | Time:00:00.02 | Mem:0.00M, Peak:0.00M | Scene, ViewLayer | Synchronizing object | GEO-armor-block-b235419d9a165659f2e8--FINISH--lower-impact-
Fra:1 Mem:61.40M (Peak 61.41M) | Time:00:00.02 | Mem:0.00M, Peak:0.00M | Scene, ViewLayer | Synchronizing object | GEO-armor-block-b235419d9a165659f2e8--FINISH--recess-shadow
Fra:1 Mem:61.42M (Peak 61.42M) | Time:00:00.02 | Mem:0.00M, Peak:0.00M | Scene, ViewLayer | Synchronizing object | GEO-armor-block-b235419d9a165659f2e8--FINISH--upper-stepped
Fra:1 Mem:61.42M (Peak 61.42M) | Time:00:00.02 | Mem:0.00M, Peak:0.00M | Scene, ViewLayer | Synchronizing object | GEO-armor-block-b235419d9a165659f2e8--BACKING--closed-incom
Fra:1 Mem:61.41M (Peak 61.42M) | Time:00:00.02 | Mem:0.00M, Peak:0.00M | Scene, ViewLayer | Synchronizing object | GEO-armor-block-b235419d9a165659f2e8--BACKING--closed-outgo
Fra:1 Mem:61.42M (Peak 61.42M) | Time:00:00.02 | Mem:0.00M, Peak:0.00M | Scene, ViewLayer | Synchronizing object | GEO-armor-block-b235419d9a165659f2e8--FINISH--pale-wrapped-.001
Fra:1 Mem:61.42M (Peak 61.42M) | Time:00:00.02 | Mem:0.00M, Peak:0.00M | Scene, ViewLayer | Synchronizing object | GEO-armor-block-b235419d9a165659f2e8--FINISH--pale-wrapped-.002
Fra:1 Mem:61.45M (Peak 61.45M) | Time:00:00.02 | Mem:0.00M, Peak:0.00M | Scene, ViewLayer | Synchronizing object | GEO-armor-block-2b558e7ac8eb4184c2af--FINISH--recess-shadow
Fra:1 Mem:61.44M (Peak 61.45M) | Time:00:00.02 | Mem:0.00M, Peak:0.00M | Scene, ViewLayer | Synchronizing object | GEO-armor-block-2b558e7ac8eb4184c2af--BACKING--closed-solid
Fra:1 Mem:61.45M (Peak 61.45M) | Time:00:00.02 | Mem:0.00M, Peak:0.00M | Scene, ViewLayer | Synchronizing object | GEO-armor-block-2b558e7ac8eb4184c2af--FINISH--upper-stepped
Fra:1 Mem:61.45M (Peak 61.45M) | Time:00:00.02 | Mem:0.00M, Peak:0.00M | Scene, ViewLayer | Synchronizing object | GEO-armor-block-2b558e7ac8eb4184c2af--FINISH--lower-impact-
Fra:1 Mem:61.47M (Peak 61.47M) | Time:00:00.02 | Mem:0.00M, Peak:0.00M | Scene, ViewLayer | Synchronizing object | GEO-armor-block-2b558e7ac8eb4184c2af--FINISH--interchangeab
Fra:1 Mem:61.46M (Peak 61.47M) | Time:00:00.02 | Mem:0.00M, Peak:0.00M | Scene, ViewLayer | Synchronizing object | GEO-armor-block-2b558e7ac8eb4184c2af--FINISH--pale-wrapped-.001
Fra:1 Mem:61.48M (Peak 61.48M) | Time:00:00.02 | Mem:0.00M, Peak:0.00M | Scene, ViewLayer | Synchronizing object | GEO-armor-block-2b558e7ac8eb4184c2af--FINISH--pale-wrapped-.002
Fra:1 Mem:61.48M (Peak 61.48M) | Time:00:00.02 | Mem:0.00M, Peak:0.00M | Scene, ViewLayer | Synchronizing object | GEO-armor-block-2b558e7ac8eb4184c2af--BACKING--closed-outgo
Fra:1 Mem:61.50M (Peak 61.50M) | Time:00:00.02 | Mem:0.00M, Peak:0.00M | Scene, ViewLayer | Synchronizing object | GEO-armor-block-649dcbda86c17c7952c9--FINISH--deep-vent-lou.008
Fra:1 Mem:61.49M (Peak 61.50M) | Time:00:00.02 | Mem:0.00M, Peak:0.00M | Scene, ViewLayer | Synchronizing object | GEO-armor-block-649dcbda86c17c7952c9--FINISH--pale-wrapped-.001
Fra:1 Mem:61.50M (Peak 61.50M) | Time:00:00.02 | Mem:0.00M, Peak:0.00M | Scene, ViewLayer | Synchronizing object | GEO-armor-block-649dcbda86c17c7952c9--BACKING--closed-solid
Fra:1 Mem:61.50M (Peak 61.50M) | Time:00:00.02 | Mem:0.00M, Peak:0.00M | Scene, ViewLayer | Synchronizing object | GEO-armor-block-649dcbda86c17c7952c9--FINISH--lower-impact-.003
Fra:1 Mem:61.54M (Peak 61.54M) | Time:00:00.02 | Mem:0.00M, Peak:0.00M | Scene, ViewLayer | Synchronizing object | GEO-armor-block-649dcbda86c17c7952c9--FINISH--deep-vent-lou.010
Fra:1 Mem:61.53M (Peak 61.54M) | Time:00:00.02 | Mem:0.00M, Peak:0.00M | Scene, ViewLayer | Synchronizing object | GEO-armor-block-649dcbda86c17c7952c9--FINISH--upper-stepped
Fra:1 Mem:61.55M (Peak 61.55M) | Time:00:00.02 | Mem:0.00M, Peak:0.00M | Scene, ViewLayer | Synchronizing object | GEO-armor-block-649dcbda86c17c7952c9--FINISH--deep-vent-lou.011
Fra:1 Mem:61.54M (Peak 61.55M) | Time:00:00.02 | Mem:0.00M, Peak:0.00M | Scene, ViewLayer | Synchronizing object | GEO-armor-block-649dcbda86c17c7952c9--FINISH--pale-wrapped-.002
Fra:1 Mem:61.55M (Peak 61.55M) | Time:00:00.02 | Mem:0.00M, Peak:0.00M | Scene, ViewLayer | Synchronizing object | GEO-armor-block-649dcbda86c17c7952c9--FINISH--deep-vent-lou.012
Fra:1 Mem:61.55M (Peak 61.55M) | Time:00:00.02 | Mem:0.00M, Peak:0.00M | Scene, ViewLayer | Synchronizing object | GEO-armor-block-649dcbda86c17c7952c9--BACKING--closed-incom
Fra:1 Mem:61.55M (Peak 61.55M) | Time:00:00.02 | Mem:0.00M, Peak:0.00M | Scene, ViewLayer | Synchronizing object | GEO-armor-block-649dcbda86c17c7952c9--BACKING--closed-outgo
Fra:1 Mem:61.55M (Peak 61.55M) | Time:00:00.02 | Mem:0.00M, Peak:0.00M | Scene, ViewLayer | Synchronizing object | GEO-armor-block-649dcbda86c17c7952c9--FINISH--lower-impact-.004
Fra:1 Mem:61.55M (Peak 61.55M) | Time:00:00.02 | Mem:0.00M, Peak:0.00M | Scene, ViewLayer | Synchronizing object | GEO-armor-block-649dcbda86c17c7952c9--FINISH--deep-vent-lou.013
Fra:1 Mem:61.57M (Peak 61.57M) | Time:00:00.02 | Mem:0.00M, Peak:0.00M | Scene, ViewLayer | Synchronizing object | GEO-armor-block-649dcbda86c17c7952c9--FINISH--deep-vent-lou.014
Fra:1 Mem:61.57M (Peak 61.57M) | Time:00:00.02 | Mem:0.00M, Peak:0.00M | Scene, ViewLayer | Synchronizing object | GEO-armor-block-649dcbda86c17c7952c9--FINISH--recess-shadow
Fra:1 Mem:61.57M (Peak 61.57M) | Time:00:00.02 | Mem:0.00M, Peak:0.00M | Scene, ViewLayer | Synchronizing object | GEO-armor-block-649dcbda86c17c7952c9--FINISH--cyan-flush-st
Fra:1 Mem:61.58M (Peak 61.58M) | Time:00:00.02 | Mem:0.00M, Peak:0.00M | Scene, ViewLayer | Synchronizing object | GEO-armor-block-649dcbda86c17c7952c9--FINISH--deep-vent-lou.015
Fra:1 Mem:61.57M (Peak 61.58M) | Time:00:00.02 | Mem:0.00M, Peak:0.00M | Scene, ViewLayer | Synchronizing object | GEO-armor-block-649dcbda86c17c7952c9--FINISH--deep-vent-lou.016
Fra:1 Mem:61.58M (Peak 61.58M) | Time:00:00.02 | Mem:0.00M, Peak:0.00M | Scene, ViewLayer | Synchronizing object | GEO-armor-block-649dcbda86c17c7952c9--FINISH--vent-dark-wel
Fra:1 Mem:61.59M (Peak 61.59M) | Time:00:00.02 | Mem:0.00M, Peak:0.00M | Scene, ViewLayer | Synchronizing object | GEO-armor-block-649dcbda86c17c7952c9--FINISH--interchangeab
Fra:1 Mem:61.58M (Peak 61.59M) | Time:00:00.02 | Mem:0.00M, Peak:0.00M | Scene, ViewLayer | Synchronizing object | GEO-armor-block-e40f082abbcbe4f55a62--BACKING--closed-solid
Fra:1 Mem:61.59M (Peak 61.59M) | Time:00:00.02 | Mem:0.00M, Peak:0.00M | Scene, ViewLayer | Synchronizing object | GEO-armor-block-e40f082abbcbe4f55a62--FINISH--pale-wrapped-.001
Fra:1 Mem:61.61M (Peak 61.61M) | Time:00:00.02 | Mem:0.00M, Peak:0.00M | Scene, ViewLayer | Synchronizing object | GEO-armor-block-e40f082abbcbe4f55a62--FINISH--recess-shadow
Fra:1 Mem:61.61M (Peak 61.61M) | Time:00:00.02 | Mem:0.00M, Peak:0.00M | Scene, ViewLayer | Synchronizing object | GEO-armor-block-e40f082abbcbe4f55a62--FINISH--lower-impact-.002
Fra:1 Mem:61.61M (Peak 61.61M) | Time:00:00.02 | Mem:0.00M, Peak:0.00M | Scene, ViewLayer | Synchronizing object | GEO-armor-block-e40f082abbcbe4f55a62--FINISH--lower-impact-.003
Fra:1 Mem:61.63M (Peak 61.63M) | Time:00:00.02 | Mem:0.00M, Peak:0.00M | Scene, ViewLayer | Synchronizing object | GEO-armor-block-e40f082abbcbe4f55a62--BACKING--closed-outgo
Fra:1 Mem:61.64M (Peak 61.64M) | Time:00:00.02 | Mem:0.00M, Peak:0.00M | Scene, ViewLayer | Synchronizing object | GEO-armor-block-e40f082abbcbe4f55a62--FINISH--interchangeab
Fra:1 Mem:61.63M (Peak 61.64M) | Time:00:00.02 | Mem:0.00M, Peak:0.00M | Scene, ViewLayer | Synchronizing object | GEO-armor-block-e40f082abbcbe4f55a62--FINISH--cyan-flush-st
Fra:1 Mem:61.63M (Peak 61.64M) | Time:00:00.02 | Mem:0.00M, Peak:0.00M | Scene, ViewLayer | Synchronizing object | GEO-armor-block-e40f082abbcbe4f55a62--FINISH--pale-wrapped-.002
Fra:1 Mem:61.65M (Peak 61.65M) | Time:00:00.02 | Mem:0.00M, Peak:0.00M | Scene, ViewLayer | Synchronizing object | GEO-armor-block-e40f082abbcbe4f55a62--FINISH--lower-impact-.004
Fra:1 Mem:61.65M (Peak 61.65M) | Time:00:00.02 | Mem:0.00M, Peak:0.00M | Scene, ViewLayer | Synchronizing object | GEO-armor-block-e40f082abbcbe4f55a62--BACKING--closed-incom
Fra:1 Mem:61.65M (Peak 61.65M) | Time:00:00.02 | Mem:0.00M, Peak:0.00M | Scene, ViewLayer | Synchronizing object | GEO-armor-block-e40f082abbcbe4f55a62--FINISH--upper-stepped
Fra:1 Mem:61.67M (Peak 61.67M) | Time:00:00.02 | Mem:0.00M, Peak:0.00M | Scene, ViewLayer | Synchronizing object | GEO-armor-block-fabbd7b0578ea00b5791--BACKING--closed-height-tr
Fra:1 Mem:61.66M (Peak 61.67M) | Time:00:00.02 | Mem:0.00M, Peak:0.00M | Scene, ViewLayer | Synchronizing object | GEO-armor-block-fabbd7b0578ea00b5791--BACKING--closed-junction-
Fra:1 Mem:61.67M (Peak 61.67M) | Time:00:00.02 | Mem:0.00M, Peak:0.00M | Scene, ViewLayer | Synchronizing object | GEO-armor-block-fabbd7b0578ea00b5791--FINISH--height-transition
Fra:1 Mem:61.68M (Peak 61.68M) | Time:00:00.02 | Mem:0.00M, Peak:0.00M | Scene, ViewLayer | Synchronizing object | GEO-armor-block-fabbd7b0578ea00b5791--FINISH--junction-lower-na
Fra:1 Mem:61.67M (Peak 61.68M) | Time:00:00.02 | Mem:0.00M, Peak:0.00M | Scene, ViewLayer | Synchronizing object | GEO-armor-block-fabbd7b0578ea00b5791--FINISH--junction-wrapped-
Fra:1 Mem:61.70M (Peak 61.70M) | Time:00:00.02 | Mem:0.00M, Peak:0.00M | Scene, ViewLayer | Synchronizing object | GEO-armor-block-98477a5dd3e88b931589--BACKING--closed-incoming-
Fra:1 Mem:61.71M (Peak 61.71M) | Time:00:00.02 | Mem:0.00M, Peak:0.00M | Scene, ViewLayer | Synchronizing object | GEO-armor-block-98477a5dd3e88b931589--BACKING--closed-outgoing-
Fra:1 Mem:61.71M (Peak 61.71M) | Time:00:00.02 | Mem:0.00M, Peak:0.00M | Scene, ViewLayer | Synchronizing object | GEO-armor-block-98477a5dd3e88b931589--BACKING--closed-solid-bod
Fra:1 Mem:61.71M (Peak 61.71M) | Time:00:00.02 | Mem:0.00M, Peak:0.00M | Scene, ViewLayer | Synchronizing object | GEO-armor-block-98477a5dd3e88b931589--FINISH--cyan-flush-status
Fra:1 Mem:61.71M (Peak 61.71M) | Time:00:00.02 | Mem:0.00M, Peak:0.00M | Scene, ViewLayer | Synchronizing object | GEO-armor-block-98477a5dd3e88b931589--FINISH--interchangeable-p
Fra:1 Mem:61.72M (Peak 61.72M) | Time:00:00.02 | Mem:0.00M, Peak:0.00M | Scene, ViewLayer | Synchronizing object | GEO-armor-block-98477a5dd3e88b931589--FINISH--lower-impact-
Fra:1 Mem:61.72M (Peak 61.72M) | Time:00:00.02 | Mem:0.00M, Peak:0.00M | Scene, ViewLayer | Synchronizing object | GEO-armor-block-98477a5dd3e88b931589--FINISH--lower-impact-.001
Fra:1 Mem:61.74M (Peak 61.74M) | Time:00:00.02 | Mem:0.00M, Peak:0.00M | Scene, ViewLayer | Synchronizing object | GEO-armor-block-4896cc9388c49fcb9b2e--FINISH--recess-shadow-sea
Fra:1 Mem:61.72M (Peak 61.74M) | Time:00:00.02 | Mem:0.00M, Peak:0.00M | Scene, ViewLayer | Synchronizing object | GEO-armor-block-98477a5dd3e88b931589--FINISH--pale-wrapped-conn
Fra:1 Mem:61.76M (Peak 61.76M) | Time:00:00.02 | Mem:0.00M, Peak:0.00M | Scene, ViewLayer | Synchronizing object | GEO-armor-block-4896cc9388c49fcb9b2e--FINISH--pale-wrapped-conn
Fra:1 Mem:61.76M (Peak 61.76M) | Time:00:00.02 | Mem:0.00M, Peak:0.00M | Scene, ViewLayer | Synchronizing object | GEO-armor-block-98477a5dd3e88b931589--FINISH--recess-shadow-sea
Fra:1 Mem:61.75M (Peak 61.76M) | Time:00:00.02 | Mem:0.00M, Peak:0.00M | Scene, ViewLayer | Synchronizing object | GEO-armor-block-98477a5dd3e88b931589--FINISH--upper-stepped-sho
Fra:1 Mem:61.76M (Peak 61.76M) | Time:00:00.02 | Mem:0.00M, Peak:0.00M | Scene, ViewLayer | Synchronizing object | GEO-armor-block-a7ef36310c50dc565d00--BACKING--closed-height-tr
Fra:1 Mem:61.77M (Peak 61.77M) | Time:00:00.02 | Mem:0.00M, Peak:0.00M | Scene, ViewLayer | Synchronizing object | GEO-armor-block-4896cc9388c49fcb9b2e--FINISH--pale-wrapped-
Fra:1 Mem:61.77M (Peak 61.77M) | Time:00:00.02 | Mem:0.00M, Peak:0.00M | Scene, ViewLayer | Synchronizing object | GEO-armor-block-a7ef36310c50dc565d00--BACKING--closed-junction-
Fra:1 Mem:61.77M (Peak 61.77M) | Time:00:00.02 | Mem:0.00M, Peak:0.00M | Scene, ViewLayer | Synchronizing object | GEO-armor-block-a7ef36310c50dc565d00--FINISH--junction-lower-na
Fra:1 Mem:61.79M (Peak 61.79M) | Time:00:00.02 | Mem:0.00M, Peak:0.00M | Scene, ViewLayer | Synchronizing object | GEO-armor-block-4896cc9388c49fcb9b2e--FINISH--lower-impact-rail
Fra:1 Mem:61.79M (Peak 61.79M) | Time:00:00.02 | Mem:0.00M, Peak:0.00M | Scene, ViewLayer | Synchronizing object | GEO-armor-block-a7ef36310c50dc565d00--FINISH--junction-upper-na
Fra:1 Mem:61.79M (Peak 61.79M) | Time:00:00.02 | Mem:0.00M, Peak:0.00M | Scene, ViewLayer | Synchronizing object | GEO-armor-block-a7ef36310c50dc565d00--FINISH--junction-wrapped-
Fra:1 Mem:61.80M (Peak 61.80M) | Time:00:00.02 | Mem:0.00M, Peak:0.00M | Scene, ViewLayer | Synchronizing object | GEO-armor-block-4896cc9388c49fcb9b2e--BACKING--closed-incoming-
Fra:1 Mem:61.81M (Peak 61.81M) | Time:00:00.02 | Mem:0.00M, Peak:0.00M | Scene, ViewLayer | Synchronizing object | GEO-armor-block-4896cc9388c49fcb9b2e--FINISH--lower-impact-.001
Fra:1 Mem:61.81M (Peak 61.81M) | Time:00:00.02 | Mem:0.00M, Peak:0.00M | Scene, ViewLayer | Synchronizing object | GEO-armor-block-4896cc9388c49fcb9b2e--BACKING--closed-solid-bod
Fra:1 Mem:61.81M (Peak 61.81M) | Time:00:00.02 | Mem:0.00M, Peak:0.00M | Scene, ViewLayer | Synchronizing object | GEO-armor-block-4896cc9388c49fcb9b2e--FINISH--cyan-flush-status
Fra:1 Mem:61.83M (Peak 61.83M) | Time:00:00.02 | Mem:0.00M, Peak:0.00M | Scene, ViewLayer | Synchronizing object | GEO-armor-block-4896cc9388c49fcb9b2e--FINISH--interchangeable-r
Fra:1 Mem:61.81M (Peak 61.83M) | Time:00:00.02 | Mem:0.00M, Peak:0.00M | Scene, ViewLayer | Synchronizing object | GEO-armor-block-4896cc9388c49fcb9b2e--FINISH--lower-impact-
Fra:1 Mem:61.83M (Peak 61.83M) | Time:00:00.02 | Mem:0.00M, Peak:0.00M | Scene, ViewLayer | Initializing
Fra:1 Mem:60.03M (Peak 61.83M) | Time:00:00.02 | Mem:0.00M, Peak:0.00M | Scene, ViewLayer | Updating Images | Loading armor-basecolor
Fra:1 Mem:60.03M (Peak 61.83M) | Time:00:00.02 | Mem:0.00M, Peak:0.00M | Scene, ViewLayer | Updating Images | Loading armor-normal.014
Fra:1 Mem:84.06M (Peak 92.06M) | Time:00:00.03 | Mem:4.00M, Peak:4.00M | Scene, ViewLayer | Updating Images | Loading armor-basecolor.003
Fra:1 Mem:80.05M (Peak 92.06M) | Time:00:00.03 | Mem:8.00M, Peak:8.00M | Scene, ViewLayer | Updating Images | Loading armor-roughness.003
Fra:1 Mem:84.05M (Peak 92.06M) | Time:00:00.05 | Mem:12.00M, Peak:12.00M | Scene, ViewLayer | Updating Images | Loading armor-roughness.014
Fra:1 Mem:96.06M (Peak 104.07M) | Time:00:00.05 | Mem:16.00M, Peak:16.00M | Scene, ViewLayer | Updating Images | Loading armor-normal.003
Fra:1 Mem:92.05M (Peak 104.07M) | Time:00:00.05 | Mem:20.00M, Peak:20.00M | Scene, ViewLayer | Updating Images | Loading armor-basecolor.004
Fra:1 Mem:96.05M (Peak 104.07M) | Time:00:00.05 | Mem:24.00M, Peak:24.00M | Scene, ViewLayer | Updating Images | Loading armor-roughness.004
Fra:1 Mem:108.06M (Peak 116.07M) | Time:00:00.09 | Mem:28.00M, Peak:28.00M | Scene, ViewLayer | Updating Images | Loading armor-normal.004
Fra:1 Mem:104.05M (Peak 116.07M) | Time:00:00.10 | Mem:32.00M, Peak:32.00M | Scene, ViewLayer | Updating Images | Loading armor-basecolor.014
Fra:1 Mem:124.07M (Peak 132.08M) | Time:00:00.10 | Mem:36.00M, Peak:36.00M | Scene, ViewLayer | Updating Images | Loading armor-basecolor.001
Fra:1 Mem:120.06M (Peak 132.08M) | Time:00:00.10 | Mem:40.00M, Peak:40.00M | Scene, ViewLayer | Updating Images | Loading armor-roughness.001
Fra:1 Mem:116.05M (Peak 132.08M) | Time:00:00.11 | Mem:44.00M, Peak:44.00M | Scene, ViewLayer | Updating Images | Loading armor-normal.001
Fra:1 Mem:144.08M (Peak 152.09M) | Time:00:00.12 | Mem:48.00M, Peak:48.00M | Scene, ViewLayer | Updating Images | Loading armor-basecolor.002
Fra:1 Mem:140.07M (Peak 152.09M) | Time:00:00.18 | Mem:52.00M, Peak:52.00M | Scene, ViewLayer | Updating Images | Loading armor-roughness.002
Fra:1 Mem:152.08M (Peak 160.09M) | Time:00:00.19 | Mem:56.00M, Peak:56.00M | Scene, ViewLayer | Updating Images | Loading armor-normal.002
Fra:1 Mem:148.07M (Peak 160.09M) | Time:00:00.19 | Mem:60.00M, Peak:60.00M | Scene, ViewLayer | Updating Images | Loading armor-basecolor.010
Fra:1 Mem:152.07M (Peak 160.09M) | Time:00:00.20 | Mem:64.00M, Peak:64.00M | Scene, ViewLayer | Updating Images | Loading armor-roughness.010
Fra:1 Mem:156.07M (Peak 164.08M) | Time:00:00.20 | Mem:68.00M, Peak:68.00M | Scene, ViewLayer | Updating Images | Loading armor-normal.013
Fra:1 Mem:152.06M (Peak 164.08M) | Time:00:00.20 | Mem:72.00M, Peak:72.00M | Scene, ViewLayer | Updating Images | Loading armor-normal.010
Fra:1 Mem:156.06M (Peak 164.08M) | Time:00:00.21 | Mem:76.00M, Peak:76.00M | Scene, ViewLayer | Updating Images | Loading armor-basecolor.011
Fra:1 Mem:168.07M (Peak 176.08M) | Time:00:00.21 | Mem:80.00M, Peak:80.00M | Scene, ViewLayer | Updating Images | Loading armor-roughness.011
Fra:1 Mem:164.06M (Peak 176.08M) | Time:00:00.21 | Mem:84.00M, Peak:84.00M | Scene, ViewLayer | Updating Images | Loading armor-roughness.013
Fra:1 Mem:168.06M (Peak 176.08M) | Time:00:00.26 | Mem:88.00M, Peak:88.00M | Scene, ViewLayer | Updating Images | Loading armor-normal.011
Fra:1 Mem:172.06M (Peak 180.07M) | Time:00:00.27 | Mem:92.00M, Peak:92.00M | Scene, ViewLayer | Updating Images | Loading armor-basecolor.008
Fra:1 Mem:176.06M (Peak 184.07M) | Time:00:00.29 | Mem:96.00M, Peak:96.00M | Scene, ViewLayer | Updating Images | Loading armor-roughness.008
Fra:1 Mem:172.05M (Peak 184.07M) | Time:00:00.30 | Mem:100.00M, Peak:100.00M | Scene, ViewLayer | Updating Images | Loading armor-normal.008
Fra:1 Mem:180.06M (Peak 188.07M) | Time:00:00.30 | Mem:104.00M, Peak:104.00M | Scene, ViewLayer | Updating Images | Loading armor-basecolor.013
Fra:1 Mem:188.06M (Peak 188.07M) | Time:00:00.31 | Mem:108.00M, Peak:108.00M | Scene, ViewLayer | Updating Images | Loading armor-basecolor.007
Fra:1 Mem:184.05M (Peak 192.06M) | Time:00:00.31 | Mem:112.00M, Peak:112.00M | Scene, ViewLayer | Updating Images | Loading armor-roughness.007
Fra:1 Mem:188.05M (Peak 196.06M) | Time:00:00.32 | Mem:116.00M, Peak:116.00M | Scene, ViewLayer | Updating Images | Loading armor-normal.012
Fra:1 Mem:192.05M (Peak 200.06M) | Time:00:00.35 | Mem:120.00M, Peak:120.00M | Scene, ViewLayer | Updating Images | Loading armor-normal.007
Fra:1 Mem:204.06M (Peak 212.07M) | Time:00:00.36 | Mem:124.00M, Peak:124.00M | Scene, ViewLayer | Updating Images | Loading armor-basecolor.006
Fra:1 Mem:200.05M (Peak 212.07M) | Time:00:00.36 | Mem:128.00M, Peak:128.00M | Scene, ViewLayer | Updating Images | Loading armor-roughness.012
Fra:1 Mem:204.05M (Peak 212.07M) | Time:00:00.37 | Mem:132.00M, Peak:132.00M | Scene, ViewLayer | Updating Images | Loading armor-roughness.006
Fra:1 Mem:216.06M (Peak 224.07M) | Time:00:00.38 | Mem:136.00M, Peak:136.00M | Scene, ViewLayer | Updating Images | Loading armor-basecolor.012
Fra:1 Mem:212.05M (Peak 224.07M) | Time:00:00.38 | Mem:140.00M, Peak:140.00M | Scene, ViewLayer | Updating Images | Loading armor-normal.006
Fra:1 Mem:224.06M (Peak 232.07M) | Time:00:00.38 | Mem:144.00M, Peak:144.00M | Scene, ViewLayer | Updating Images | Loading armor-basecolor.005
Fra:1 Mem:220.05M (Peak 232.07M) | Time:00:00.38 | Mem:148.00M, Peak:148.00M | Scene, ViewLayer | Updating Images | Loading armor-roughness.005
Fra:1 Mem:224.05M (Peak 232.07M) | Time:00:00.39 | Mem:152.00M, Peak:152.00M | Scene, ViewLayer | Updating Images | Loading armor-normal.005
Fra:1 Mem:228.05M (Peak 236.06M) | Time:00:00.41 | Mem:156.00M, Peak:156.00M | Scene, ViewLayer | Updating Images | Loading armor-basecolor.009
Fra:1 Mem:240.06M (Peak 248.07M) | Time:00:00.42 | Mem:160.00M, Peak:160.00M | Scene, ViewLayer | Updating Images | Loading armor-roughness.009
Fra:1 Mem:236.05M (Peak 248.07M) | Time:00:00.42 | Mem:164.00M, Peak:164.00M | Scene, ViewLayer | Updating Images | Loading armor-normal.009
Fra:1 Mem:226.69M (Peak 264.08M) | Time:00:00.45 | Mem:180.00M, Peak:180.00M | Scene, ViewLayer | Waiting for render to start
Fra:1 Mem:226.69M (Peak 264.08M) | Time:00:00.45 | Mem:180.00M, Peak:180.00M | Scene, ViewLayer | Loading render kernels (may take a few minutes the first time)
Fra:1 Mem:226.69M (Peak 264.08M) | Time:00:00.45 | Mem:180.00M, Peak:180.00M | Scene, ViewLayer | Updating Scene
Fra:1 Mem:226.69M (Peak 264.08M) | Time:00:00.45 | Mem:180.00M, Peak:180.00M | Scene, ViewLayer | Updating Shaders
Fra:1 Mem:226.79M (Peak 264.08M) | Time:00:00.45 | Mem:180.02M, Peak:180.02M | Scene, ViewLayer | Updating Procedurals
Fra:1 Mem:226.79M (Peak 264.08M) | Time:00:00.45 | Mem:180.02M, Peak:180.02M | Scene, ViewLayer | Updating Background
Fra:1 Mem:226.79M (Peak 264.08M) | Time:00:00.45 | Mem:180.02M, Peak:180.02M | Scene, ViewLayer | Updating Camera
Fra:1 Mem:226.79M (Peak 264.08M) | Time:00:00.45 | Mem:180.02M, Peak:180.02M | Scene, ViewLayer | Updating Meshes Flags
Fra:1 Mem:226.79M (Peak 264.08M) | Time:00:00.45 | Mem:180.02M, Peak:180.02M | Scene, ViewLayer | Updating Objects
Fra:1 Mem:226.79M (Peak 264.08M) | Time:00:00.45 | Mem:180.02M, Peak:180.02M | Scene, ViewLayer | Updating Objects | Copying Transformations to device
Fra:1 Mem:226.90M (Peak 264.08M) | Time:00:00.45 | Mem:180.12M, Peak:180.12M | Scene, ViewLayer | Updating Objects | Applying Static Transformations
Fra:1 Mem:226.90M (Peak 264.08M) | Time:00:00.45 | Mem:180.12M, Peak:180.12M | Scene, ViewLayer | Updating Particle Systems
Fra:1 Mem:226.90M (Peak 264.08M) | Time:00:00.45 | Mem:180.12M, Peak:180.12M | Scene, ViewLayer | Updating Particle Systems | Copying Particles to device
Fra:1 Mem:226.90M (Peak 264.08M) | Time:00:00.45 | Mem:180.12M, Peak:180.12M | Scene, ViewLayer | Updating Meshes
Fra:1 Mem:226.95M (Peak 264.08M) | Time:00:00.45 | Mem:180.12M, Peak:180.12M | Scene, ViewLayer | Updating Mesh | Computing attributes
Fra:1 Mem:227.35M (Peak 264.08M) | Time:00:00.45 | Mem:180.15M, Peak:180.15M | Scene, ViewLayer | Updating Mesh | Copying Attributes to device
Fra:1 Mem:227.28M (Peak 264.08M) | Time:00:00.45 | Mem:180.45M, Peak:180.45M | Scene, ViewLayer | Updating Geometry BVH MESH-armor-block-a6743a347ee2fcdd1ce9-interchangeable-plain-fac 2/125 | Building BVH
Fra:1 Mem:227.28M (Peak 264.08M) | Time:00:00.45 | Mem:180.45M, Peak:180.45M | Scene, ViewLayer | Updating Geometry BVH MESH-armor-block-e40f082abbcbe4f55a62-upper-stepped-shoulder 125/125 | Building BVH
Fra:1 Mem:227.28M (Peak 264.08M) | Time:00:00.45 | Mem:180.46M, Peak:180.46M | Scene, ViewLayer | Updating Geometry BVH MESH-armor-block-e40f082abbcbe4f55a62-upper-stepped-shoulder 125/125 | Building BVH 0%
Fra:1 Mem:227.28M (Peak 264.08M) | Time:00:00.45 | Mem:180.46M, Peak:180.46M | Scene, ViewLayer | Updating Geometry BVH MESH-armor-block-a6743a347ee2fcdd1ce9-closed-solid-body 4/125 | Building BVH
Fra:1 Mem:227.28M (Peak 264.08M) | Time:00:00.45 | Mem:180.46M, Peak:180.46M | Scene, ViewLayer | Updating Geometry BVH MESH-armor-block-a6743a347ee2fcdd1ce9-pale-wrapped-connector-ou 6/125 | Building BVH
Fra:1 Mem:227.28M (Peak 264.08M) | Time:00:00.45 | Mem:180.46M, Peak:180.46M | Scene, ViewLayer | Updating Geometry BVH MESH-armor-block-a6743a347ee2fcdd1ce9-cyan-flush-status-lens 7/125 | Building BVH
Fra:1 Mem:227.28M (Peak 264.08M) | Time:00:00.45 | Mem:180.47M, Peak:180.47M | Scene, ViewLayer | Updating Geometry BVH MESH-armor-block-a6743a347ee2fcdd1ce9-closed-incoming-wrapped-b 8/125 | Building BVH
Fra:1 Mem:227.28M (Peak 264.08M) | Time:00:00.45 | Mem:180.47M, Peak:180.47M | Scene, ViewLayer | Updating Geometry BVH MESH-armor-block-a6743a347ee2fcdd1ce9-lower-impact-rail-right 10/125 | Building BVH
Fra:1 Mem:227.28M (Peak 264.08M) | Time:00:00.45 | Mem:180.47M, Peak:180.47M | Scene, ViewLayer | Updating Geometry BVH MESH-armor-block-a6743a347ee2fcdd1ce9-lower-impact-rail-left 11/125 | Building BVH
Fra:1 Mem:227.28M (Peak 264.08M) | Time:00:00.45 | Mem:180.48M, Peak:180.48M | Scene, ViewLayer | Updating Geometry BVH MESH-armor-block-e40f082abbcbe4f55a62-pale-wrapped-connector-in 122/125 | Building BVH
Fra:1 Mem:227.28M (Peak 264.08M) | Time:00:00.45 | Mem:180.48M, Peak:180.48M | Scene, ViewLayer | Updating Geometry BVH MESH-armor-block-a6743a347ee2fcdd1ce9-recess-shadow-seat 12/125 | Building BVH
Fra:1 Mem:227.28M (Peak 264.08M) | Time:00:00.45 | Mem:180.48M, Peak:180.48M | Scene, ViewLayer | Updating Geometry BVH MESH-armor-block-926961217b49c21a526b-pale-wrapped-connector-in 13/125 | Building BVH
Fra:1 Mem:227.28M (Peak 264.08M) | Time:00:00.45 | Mem:180.48M, Peak:180.48M | Scene, ViewLayer | Updating Geometry BVH MESH-armor-block-926961217b49c21a526b-closed-outgoing-wrapped-b 15/125 | Building BVH
Fra:1 Mem:227.28M (Peak 264.08M) | Time:00:00.45 | Mem:180.49M, Peak:180.49M | Scene, ViewLayer | Updating Geometry BVH MESH-armor-block-e40f082abbcbe4f55a62-cyan-flush-status-lens 121/125 | Building BVH
Fra:1 Mem:227.28M (Peak 264.08M) | Time:00:00.45 | Mem:180.49M, Peak:180.49M | Scene, ViewLayer | Updating Geometry BVH MESH-armor-block-926961217b49c21a526b-cyan-flush-status-lens 18/125 | Building BVH
Fra:1 Mem:227.28M (Peak 264.08M) | Time:00:00.45 | Mem:180.49M, Peak:180.49M | Scene, ViewLayer | Updating Geometry BVH MESH-armor-block-e40f082abbcbe4f55a62-interchangeable-identity- 120/125 | Building BVH
Fra:1 Mem:227.28M (Peak 264.08M) | Time:00:00.45 | Mem:180.50M, Peak:180.50M | Scene, ViewLayer | Updating Geometry BVH MESH-armor-block-926961217b49c21a526b-recess-shadow-seat 19/125 | Building BVH
Fra:1 Mem:227.28M (Peak 264.08M) | Time:00:00.45 | Mem:180.50M, Peak:180.50M | Scene, ViewLayer | Updating Geometry BVH MESH-armor-block-926961217b49c21a526b-closed-solid-body 20/125 | Building BVH
Fra:1 Mem:227.28M (Peak 264.08M) | Time:00:00.45 | Mem:180.50M, Peak:180.50M | Scene, ViewLayer | Updating Geometry BVH MESH-armor-block-926961217b49c21a526b-lower-impact-rail-left 21/125 | Building BVH
Fra:1 Mem:227.28M (Peak 264.08M) | Time:00:00.45 | Mem:180.50M, Peak:180.50M | Scene, ViewLayer | Updating Geometry BVH MESH-armor-block-926961217b49c21a526b-pale-wrapped-connector-ou 23/125 | Building BVH
Fra:1 Mem:227.28M (Peak 264.08M) | Time:00:00.45 | Mem:180.50M, Peak:180.51M | Scene, ViewLayer | Updating Geometry BVH MESH-armor-block-e40f082abbcbe4f55a62-closed-outgoing-wrapped-b 119/125 | Building BVH
Fra:1 Mem:227.28M (Peak 264.08M) | Time:00:00.45 | Mem:180.51M, Peak:180.51M | Scene, ViewLayer | Updating Geometry BVH MESH-armor-block-926961217b49c21a526b-lower-impact-rail-right 24/125 | Building BVH
Fra:1 Mem:227.28M (Peak 264.08M) | Time:00:00.45 | Mem:180.51M, Peak:180.52M | Scene, ViewLayer | Updating Geometry BVH MESH-armor-block-137adc2153a878094d60-pale-wrapped-connector-in 25/125 | Building BVH
Fra:1 Mem:227.28M (Peak 264.08M) | Time:00:00.45 | Mem:180.51M, Peak:180.52M | Scene, ViewLayer | Updating Geometry BVH MESH-armor-block-137adc2153a878094d60-interchangeable-utility-f 26/125 | Building BVH
Fra:1 Mem:227.28M (Peak 264.08M) | Time:00:00.45 | Mem:180.52M, Peak:180.52M | Scene, ViewLayer | Updating Geometry BVH MESH-armor-block-e40f082abbcbe4f55a62-lower-impact-rail-cut-poc 117/125 | Building BVH
Fra:1 Mem:227.28M (Peak 264.08M) | Time:00:00.45 | Mem:180.52M, Peak:180.52M | Scene, ViewLayer | Updating Geometry BVH MESH-armor-block-137adc2153a878094d60-closed-solid-body 27/125 | Building BVH
Fra:1 Mem:227.28M (Peak 264.08M) | Time:00:00.45 | Mem:180.52M, Peak:180.52M | Scene, ViewLayer | Updating Geometry BVH MESH-armor-block-137adc2153a878094d60-lower-impact-rail-left 28/125 | Building BVH
Fra:1 Mem:227.28M (Peak 264.08M) | Time:00:00.45 | Mem:180.53M, Peak:180.53M | Scene, ViewLayer | Updating Geometry BVH MESH-armor-block-137adc2153a878094d60-lower-impact-rail-right 29/125 | Building BVH
Fra:1 Mem:227.28M (Peak 264.08M) | Time:00:00.45 | Mem:180.53M, Peak:180.53M | Scene, ViewLayer | Updating Geometry BVH MESH-armor-block-137adc2153a878094d60-upper-stepped-shoulder 30/125 | Building BVH
Fra:1 Mem:227.28M (Peak 264.08M) | Time:00:00.45 | Mem:180.53M, Peak:180.53M | Scene, ViewLayer | Updating Geometry BVH MESH-armor-block-137adc2153a878094d60-pale-wrapped-connector-ou 31/125 | Building BVH
Fra:1 Mem:227.28M (Peak 264.08M) | Time:00:00.45 | Mem:180.53M, Peak:180.53M | Scene, ViewLayer | Updating Geometry BVH MESH-armor-block-137adc2153a878094d60-closed-outgoing-wrapped-b 32/125 | Building BVH
Fra:1 Mem:227.28M (Peak 264.08M) | Time:00:00.45 | Mem:180.53M, Peak:180.53M | Scene, ViewLayer | Updating Geometry BVH MESH-armor-block-e40f082abbcbe4f55a62-pale-wrapped-connector-ou 115/125 | Building BVH
Fra:1 Mem:227.28M (Peak 264.08M) | Time:00:00.45 | Mem:180.54M, Peak:180.54M | Scene, ViewLayer | Updating Geometry BVH MESH-armor-block-137adc2153a878094d60-utility-status-lens 33/125 | Building BVH
Fra:1 Mem:227.28M (Peak 264.08M) | Time:00:00.45 | Mem:180.54M, Peak:180.54M | Scene, ViewLayer | Updating Geometry BVH MESH-armor-block-137adc2153a878094d60-closed-incoming-wrapped-b 34/125 | Building BVH
Fra:1 Mem:227.28M (Peak 264.08M) | Time:00:00.45 | Mem:180.54M, Peak:180.54M | Scene, ViewLayer | Updating Geometry BVH MESH-armor-block-e40f082abbcbe4f55a62-closed-solid-body 114/125 | Building BVH
Fra:1 Mem:227.28M (Peak 264.08M) | Time:00:00.45 | Mem:180.54M, Peak:180.54M | Scene, ViewLayer | Updating Geometry BVH MESH-armor-block-649dcbda86c17c7952c9-interchangeable-vent-face 113/125 | Building BVH
Fra:1 Mem:227.28M (Peak 264.08M) | Time:00:00.45 | Mem:180.54M, Peak:180.54M | Scene, ViewLayer | Updating Geometry BVH MESH-armor-block-137adc2153a878094d60-cyan-flush-status-lens 36/125 | Building BVH
Fra:1 Mem:227.28M (Peak 264.08M) | Time:00:00.45 | Mem:180.54M, Peak:180.55M | Scene, ViewLayer | Updating Geometry BVH MESH-armor-block-137adc2153a878094d60-lower-impact-rail-cut-poc 37/125 | Building BVH
Fra:1 Mem:227.28M (Peak 264.08M) | Time:00:00.45 | Mem:180.55M, Peak:180.55M | Scene, ViewLayer | Updating Geometry BVH MESH-armor-block-137adc2153a878094d60-utility-removable-box 38/125 | Building BVH
Fra:1 Mem:227.28M (Peak 264.08M) | Time:00:00.45 | Mem:180.56M, Peak:180.56M | Scene, ViewLayer | Updating Geometry BVH MESH-armor-block-649dcbda86c17c7952c9-vent-dark-well 112/125 | Building BVH
Fra:1 Mem:227.28M (Peak 264.08M) | Time:00:00.45 | Mem:180.56M, Peak:180.56M | Scene, ViewLayer | Updating Geometry BVH MESH-armor-block-62ad930c45227d5287a0-lower-impact-rail-left 39/125 | Building BVH
Fra:1 Mem:227.28M (Peak 264.08M) | Time:00:00.45 | Mem:180.56M, Peak:180.56M | Scene, ViewLayer | Updating Geometry BVH MESH-armor-block-62ad930c45227d5287a0-pale-wrapped-connector-ou 40/125 | Building BVH
Fra:1 Mem:227.28M (Peak 264.08M) | Time:00:00.45 | Mem:180.56M, Peak:180.56M | Scene, ViewLayer | Updating Geometry BVH MESH-armor-block-62ad930c45227d5287a0-recess-shadow-seat 41/125 | Building BVH
Fra:1 Mem:227.28M (Peak 264.08M) | Time:00:00.45 | Mem:180.56M, Peak:180.56M | Scene, ViewLayer | Updating Geometry BVH MESH-armor-block-62ad930c45227d5287a0-lower-impact-rail-cut-poc 42/125 | Building BVH
Fra:1 Mem:227.28M (Peak 264.08M) | Time:00:00.45 | Mem:180.56M, Peak:180.57M | Scene, ViewLayer | Updating Geometry BVH MESH-armor-block-62ad930c45227d5287a0-closed-solid-body 43/125 | Building BVH
Fra:1 Mem:227.28M (Peak 264.08M) | Time:00:00.45 | Mem:180.57M, Peak:180.57M | Scene, ViewLayer | Updating Geometry BVH MESH-armor-block-649dcbda86c17c7952c9-deep-vent-louver-3 111/125 | Building BVH
Fra:1 Mem:227.28M (Peak 264.08M) | Time:00:00.45 | Mem:180.57M, Peak:180.58M | Scene, ViewLayer | Updating Geometry BVH MESH-armor-block-62ad930c45227d5287a0-pale-wrapped-connector-in 45/125 | Building BVH
Fra:1 Mem:227.28M (Peak 264.08M) | Time:00:00.45 | Mem:180.57M, Peak:180.58M | Scene, ViewLayer | Updating Geometry BVH MESH-armor-block-62ad930c45227d5287a0-lower-impact-rail-right 46/125 | Building BVH
Fra:1 Mem:227.28M (Peak 264.08M) | Time:00:00.45 | Mem:180.58M, Peak:180.58M | Scene, ViewLayer | Updating Geometry BVH MESH-armor-block-649dcbda86c17c7952c9-deep-vent-louver-5 110/125 | Building BVH
Fra:1 Mem:227.28M (Peak 264.08M) | Time:00:00.45 | Mem:180.58M, Peak:180.58M | Scene, ViewLayer | Updating Geometry BVH MESH-armor-block-62ad930c45227d5287a0-closed-incoming-wrapped-b 47/125 | Building BVH
Fra:1 Mem:227.28M (Peak 264.08M) | Time:00:00.45 | Mem:180.58M, Peak:180.58M | Scene, ViewLayer | Updating Geometry BVH MESH-armor-block-649dcbda86c17c7952c9-cyan-flush-status-lens 109/125 | Building BVH
Fra:1 Mem:227.28M (Peak 264.08M) | Time:00:00.45 | Mem:180.58M, Peak:180.58M | Scene, ViewLayer | Updating Geometry BVH MESH-armor-block-62ad930c45227d5287a0-closed-outgoing-wrapped-b 48/125 | Building BVH
Fra:1 Mem:227.28M (Peak 264.08M) | Time:00:00.45 | Mem:180.58M, Peak:180.58M | Scene, ViewLayer | Updating Geometry BVH MESH-armor-block-649dcbda86c17c7952c9-recess-shadow-seat 108/125 | Building BVH
Fra:1 Mem:227.28M (Peak 264.08M) | Time:00:00.45 | Mem:180.59M, Peak:180.59M | Scene, ViewLayer | Updating Geometry BVH MESH-armor-block-62ad930c45227d5287a0-upper-stepped-shoulder 49/125 | Building BVH
Fra:1 Mem:227.28M (Peak 264.08M) | Time:00:00.45 | Mem:180.59M, Peak:180.59M | Scene, ViewLayer | Updating Geometry BVH MESH-armor-block-649dcbda86c17c7952c9-deep-vent-louver-8 107/125 | Building BVH
Fra:1 Mem:227.28M (Peak 264.08M) | Time:00:00.45 | Mem:180.59M, Peak:180.59M | Scene, ViewLayer | Updating Geometry BVH MESH-armor-block-62ad930c45227d5287a0-cyan-flush-status-lens 50/125 | Building BVH
Fra:1 Mem:227.28M (Peak 264.08M) | Time:00:00.45 | Mem:180.59M, Peak:180.59M | Scene, ViewLayer | Updating Geometry BVH MESH-armor-block-e1affbf19f4b7fa30311-junction-lower-navy-shoe 52/125 | Building BVH
Fra:1 Mem:227.28M (Peak 264.08M) | Time:00:00.45 | Mem:180.59M, Peak:180.59M | Scene, ViewLayer | Updating Geometry BVH MESH-armor-block-649dcbda86c17c7952c9-deep-vent-louver-4 106/125 | Building BVH
Fra:1 Mem:227.28M (Peak 264.08M) | Time:00:00.45 | Mem:180.60M, Peak:180.60M | Scene, ViewLayer | Updating Geometry BVH MESH-armor-block-e1affbf19f4b7fa30311-junction-wrapped-pale-con 53/125 | Building BVH
Fra:1 Mem:227.28M (Peak 264.08M) | Time:00:00.45 | Mem:180.60M, Peak:180.60M | Scene, ViewLayer | Updating Geometry BVH MESH-armor-block-e1affbf19f4b7fa30311-junction-upper-navy-shoul 54/125 | Building BVH
Fra:1 Mem:227.28M (Peak 264.08M) | Time:00:00.45 | Mem:180.60M, Peak:180.60M | Scene, ViewLayer | Updating Geometry BVH MESH-armor-block-649dcbda86c17c7952c9-lower-impact-rail-right 105/125 | Building BVH
Fra:1 Mem:227.28M (Peak 264.08M) | Time:00:00.45 | Mem:180.60M, Peak:180.60M | Scene, ViewLayer | Updating Geometry BVH MESH-armor-block-e120acd13dae3b493668-lower-impact-rail-left 55/125 | Building BVH
Fra:1 Mem:227.28M (Peak 264.08M) | Time:00:00.45 | Mem:180.61M, Peak:180.61M | Scene, ViewLayer | Updating Geometry BVH MESH-armor-block-e120acd13dae3b493668-deep-vent-louver-1 56/125 | Building BVH
Fra:1 Mem:227.28M (Peak 264.08M) | Time:00:00.45 | Mem:180.61M, Peak:180.61M | Scene, ViewLayer | Updating Geometry BVH MESH-armor-block-e120acd13dae3b493668-closed-solid-body 57/125 | Building BVH
Fra:1 Mem:227.28M (Peak 264.08M) | Time:00:00.45 | Mem:180.61M, Peak:180.61M | Scene, ViewLayer | Updating Geometry BVH MESH-armor-block-e120acd13dae3b493668-vent-dark-well 58/125 | Building BVH
Fra:1 Mem:227.28M (Peak 264.08M) | Time:00:00.45 | Mem:180.61M, Peak:180.61M | Scene, ViewLayer | Updating Geometry BVH MESH-armor-block-649dcbda86c17c7952c9-closed-outgoing-wrapped-b 104/125 | Building BVH
Fra:1 Mem:227.28M (Peak 264.08M) | Time:00:00.45 | Mem:180.61M, Peak:180.61M | Scene, ViewLayer | Updating Geometry BVH MESH-armor-block-e120acd13dae3b493668-pale-wrapped-connector-in 59/125 | Building BVH
Fra:1 Mem:227.28M (Peak 264.08M) | Time:00:00.45 | Mem:180.61M, Peak:180.61M | Scene, ViewLayer | Updating Geometry BVH MESH-armor-block-649dcbda86c17c7952c9-closed-incoming-wrapped-b 103/125 | Building BVH
Fra:1 Mem:227.28M (Peak 264.08M) | Time:00:00.45 | Mem:180.62M, Peak:180.62M | Scene, ViewLayer | Updating Geometry BVH MESH-armor-block-e120acd13dae3b493668-deep-vent-louver-0 60/125 | Building BVH
Fra:1 Mem:227.28M (Peak 264.08M) | Time:00:00.45 | Mem:180.62M, Peak:180.62M | Scene, ViewLayer | Updating Geometry BVH MESH-armor-block-e120acd13dae3b493668-lower-impact-rail-cut-poc 61/125 | Building BVH
Fra:1 Mem:227.28M (Peak 264.08M) | Time:00:00.45 | Mem:180.62M, Peak:180.62M | Scene, ViewLayer | Updating Geometry BVH MESH-armor-block-e120acd13dae3b493668-closed-outgoing-wrapped-b 62/125 | Building BVH
Fra:1 Mem:227.28M (Peak 264.08M) | Time:00:00.45 | Mem:180.63M, Peak:180.63M | Scene, ViewLayer | Updating Geometry BVH MESH-armor-block-e120acd13dae3b493668-lower-impact-rail-right 64/125 | Building BVH
Fra:1 Mem:227.28M (Peak 264.08M) | Time:00:00.45 | Mem:180.63M, Peak:180.63M | Scene, ViewLayer | Updating Geometry BVH MESH-armor-block-e120acd13dae3b493668-closed-incoming-wrapped-b 65/125 | Building BVH
Fra:1 Mem:227.28M (Peak 264.08M) | Time:00:00.45 | Mem:180.63M, Peak:180.63M | Scene, ViewLayer | Updating Geometry BVH MESH-armor-block-e120acd13dae3b493668-pale-wrapped-connector-ou 66/125 | Building BVH
Fra:1 Mem:227.28M (Peak 264.08M) | Time:00:00.45 | Mem:180.63M, Peak:180.63M | Scene, ViewLayer | Updating Geometry BVH MESH-armor-block-e120acd13dae3b493668-cyan-flush-status-lens 67/125 | Building BVH
Fra:1 Mem:227.28M (Peak 264.08M) | Time:00:00.45 | Mem:180.64M, Peak:180.64M | Scene, ViewLayer | Updating Geometry BVH MESH-armor-block-e120acd13dae3b493668-interchangeable-vent-face 69/125 | Building BVH
Fra:1 Mem:227.28M (Peak 264.08M) | Time:00:00.45 | Mem:180.64M, Peak:180.64M | Scene, ViewLayer | Updating Geometry BVH MESH-armor-block-70b34597548b284a0a7f-junction-lower-navy-shoe 70/125 | Building BVH
Fra:1 Mem:227.28M (Peak 264.08M) | Time:00:00.45 | Mem:180.65M, Peak:180.65M | Scene, ViewLayer | Updating Geometry BVH MESH-armor-block-70b34597548b284a0a7f-junction-wrapped-pale-con 71/125 | Building BVH
Fra:1 Mem:227.28M (Peak 264.08M) | Time:00:00.45 | Mem:180.65M, Peak:180.65M | Scene, ViewLayer | Updating Geometry BVH MESH-armor-block-70b34597548b284a0a7f-junction-upper-navy-shoul 73/125 | Building BVH
Fra:1 Mem:227.28M (Peak 264.08M) | Time:00:00.45 | Mem:180.65M, Peak:180.65M | Scene, ViewLayer | Updating Geometry BVH MESH-armor-block-649dcbda86c17c7952c9-deep-vent-louver-6 102/125 | Building BVH
Fra:1 Mem:227.28M (Peak 264.08M) | Time:00:00.45 | Mem:180.65M, Peak:180.65M | Scene, ViewLayer | Updating Geometry BVH MESH-armor-block-b235419d9a165659f2e8-closed-solid-body 74/125 | Building BVH
Fra:1 Mem:227.28M (Peak 264.08M) | Time:00:00.45 | Mem:180.65M, Peak:180.65M | Scene, ViewLayer | Updating Geometry BVH MESH-armor-block-649dcbda86c17c7952c9-pale-wrapped-connector-ou 101/125 | Building BVH
Fra:1 Mem:227.28M (Peak 264.08M) | Time:00:00.45 | Mem:180.66M, Peak:180.66M | Scene, ViewLayer | Updating Geometry BVH MESH-armor-block-b235419d9a165659f2e8-recess-shadow-seat 76/125 | Building BVH
Fra:1 Mem:227.28M (Peak 264.08M) | Time:00:00.45 | Mem:180.66M, Peak:180.66M | Scene, ViewLayer | Updating Geometry BVH MESH-armor-block-649dcbda86c17c7952c9-deep-vent-louver-0 100/125 | Building BVH
Fra:1 Mem:227.28M (Peak 264.08M) | Time:00:00.45 | Mem:180.66M, Peak:180.66M | Scene, ViewLayer | Updating Geometry BVH MESH-armor-block-b235419d9a165659f2e8-lower-impact-rail 75/125 | Building BVH
Fra:1 Mem:227.28M (Peak 264.08M) | Time:00:00.45 | Mem:180.66M, Peak:180.66M | Scene, ViewLayer | Updating Geometry BVH MESH-armor-block-b235419d9a165659f2e8-upper-stepped-shoulder 77/125 | Building BVH
Fra:1 Mem:227.28M (Peak 264.08M) | Time:00:00.45 | Mem:180.66M, Peak:180.66M | Scene, ViewLayer | Updating Geometry BVH MESH-armor-block-649dcbda86c17c7952c9-upper-stepped-shoulder 99/125 | Building BVH
Fra:1 Mem:227.28M (Peak 264.08M) | Time:00:00.45 | Mem:180.67M, Peak:180.67M | Scene, ViewLayer | Updating Geometry BVH MESH-armor-block-649dcbda86c17c7952c9-deep-vent-louver-2 98/125 | Building BVH
Fra:1 Mem:227.28M (Peak 264.08M) | Time:00:00.45 | Mem:180.67M, Peak:180.67M | Scene, ViewLayer | Updating Geometry BVH MESH-armor-block-b235419d9a165659f2e8-closed-incoming-wrapped-b 78/125 | Building BVH
Fra:1 Mem:227.28M (Peak 264.08M) | Time:00:00.45 | Mem:180.67M, Peak:180.67M | Scene, ViewLayer | Updating Geometry BVH MESH-armor-block-649dcbda86c17c7952c9-lower-impact-rail-cut-poc 97/125 | Building BVH
Fra:1 Mem:227.28M (Peak 264.08M) | Time:00:00.45 | Mem:180.67M, Peak:180.68M | Scene, ViewLayer | Updating Geometry BVH MESH-armor-block-649dcbda86c17c7952c9-lower-impact-rail-left 96/125 | Building BVH
Fra:1 Mem:227.28M (Peak 264.08M) | Time:00:00.45 | Mem:180.68M, Peak:180.68M | Scene, ViewLayer | Updating Geometry BVH MESH-armor-block-b235419d9a165659f2e8-interchangeable-plain-fac 80/125 | Building BVH
Fra:1 Mem:227.28M (Peak 264.08M) | Time:00:00.45 | Mem:180.68M, Peak:180.68M | Scene, ViewLayer | Updating Geometry BVH MESH-armor-block-649dcbda86c17c7952c9-closed-solid-body 95/125 | Building BVH
Fra:1 Mem:227.28M (Peak 264.08M) | Time:00:00.45 | Mem:180.68M, Peak:180.68M | Scene, ViewLayer | Updating Geometry BVH MESH-armor-block-b235419d9a165659f2e8-pale-wrapped-connector-ou 81/125 | Building BVH
Fra:1 Mem:227.28M (Peak 264.08M) | Time:00:00.45 | Mem:180.68M, Peak:180.68M | Scene, ViewLayer | Updating Geometry BVH MESH-armor-block-649dcbda86c17c7952c9-pale-wrapped-connector-in 94/125 | Building BVH
Fra:1 Mem:227.28M (Peak 264.08M) | Time:00:00.45 | Mem:180.68M, Peak:180.68M | Scene, ViewLayer | Updating Geometry BVH MESH-armor-block-2b558e7ac8eb4184c2af-recess-shadow-seat 83/125 | Building BVH
Fra:1 Mem:227.28M (Peak 264.08M) | Time:00:00.45 | Mem:180.69M, Peak:180.69M | Scene, ViewLayer | Updating Geometry BVH MESH-armor-block-2b558e7ac8eb4184c2af-closed-solid-body 84/125 | Building BVH
Fra:1 Mem:227.28M (Peak 264.08M) | Time:00:00.45 | Mem:180.69M, Peak:180.69M | Scene, ViewLayer | Updating Geometry BVH MESH-armor-block-2b558e7ac8eb4184c2af-upper-stepped-shoulder 85/125 | Building BVH
Fra:1 Mem:227.28M (Peak 264.08M) | Time:00:00.45 | Mem:180.69M, Peak:180.69M | Scene, ViewLayer | Updating Geometry BVH MESH-armor-block-2b558e7ac8eb4184c2af-lower-impact-rail 86/125 | Building BVH
Fra:1 Mem:227.28M (Peak 264.08M) | Time:00:00.45 | Mem:180.69M, Peak:180.69M | Scene, ViewLayer | Updating Geometry BVH MESH-armor-block-2b558e7ac8eb4184c2af-interchangeable-utility-f 87/125 | Building BVH
Fra:1 Mem:227.28M (Peak 264.08M) | Time:00:00.45 | Mem:180.70M, Peak:180.70M | Scene, ViewLayer | Updating Geometry BVH MESH-armor-block-2b558e7ac8eb4184c2af-closed-incoming-wrapped-b 88/125 | Building BVH
Fra:1 Mem:227.28M (Peak 264.08M) | Time:00:00.45 | Mem:180.70M, Peak:180.70M | Scene, ViewLayer | Updating Geometry BVH MESH-armor-block-649dcbda86c17c7952c9-deep-vent-louver-1 93/125 | Building BVH
Fra:1 Mem:227.28M (Peak 264.08M) | Time:00:00.45 | Mem:180.70M, Peak:180.70M | Scene, ViewLayer | Updating Geometry BVH MESH-armor-block-2b558e7ac8eb4184c2af-pale-wrapped-connector-ou 89/125 | Building BVH
Fra:1 Mem:227.28M (Peak 264.08M) | Time:00:00.45 | Mem:180.70M, Peak:180.70M | Scene, ViewLayer | Updating Geometry BVH MESH-armor-block-2b558e7ac8eb4184c2af-closed-outgoing-wrapped-b 91/125 | Building BVH
Fra:1 Mem:227.28M (Peak 264.08M) | Time:00:00.45 | Mem:180.70M, Peak:180.70M | Scene, ViewLayer | Updating Geometry BVH MESH-armor-block-649dcbda86c17c7952c9-deep-vent-louver-7 92/125 | Building BVH
Fra:1 Mem:227.28M (Peak 264.08M) | Time:00:00.45 | Mem:180.71M, Peak:180.71M | Scene, ViewLayer | Updating Scene BVH | Building
Fra:1 Mem:227.29M (Peak 264.08M) | Time:00:00.45 | Mem:180.71M, Peak:180.71M | Scene, ViewLayer | Updating Scene BVH | Building BVH
Fra:1 Mem:227.29M (Peak 264.08M) | Time:00:00.45 | Mem:180.89M, Peak:180.92M | Scene, ViewLayer | Updating Scene BVH | Copying BVH to device
Fra:1 Mem:227.29M (Peak 264.08M) | Time:00:00.45 | Mem:180.89M, Peak:180.92M | Scene, ViewLayer | Updating Mesh | Computing normals
Fra:1 Mem:227.61M (Peak 264.08M) | Time:00:00.45 | Mem:180.89M, Peak:180.92M | Scene, ViewLayer | Updating Mesh | Copying Mesh to device
Fra:1 Mem:227.61M (Peak 264.08M) | Time:00:00.45 | Mem:181.22M, Peak:181.22M | Scene, ViewLayer | Updating Objects Flags
Fra:1 Mem:227.61M (Peak 264.08M) | Time:00:00.45 | Mem:181.22M, Peak:181.22M | Scene, ViewLayer | Updating Primitive Offsets
Fra:1 Mem:227.61M (Peak 264.08M) | Time:00:00.45 | Mem:181.22M, Peak:181.22M | Scene, ViewLayer | Updating Images
Fra:1 Mem:227.61M (Peak 264.08M) | Time:00:00.45 | Mem:181.22M, Peak:181.22M | Scene, ViewLayer | Updating Camera Volume
Fra:1 Mem:227.61M (Peak 264.08M) | Time:00:00.45 | Mem:181.22M, Peak:181.22M | Scene, ViewLayer | Updating Lookup Tables
Fra:1 Mem:227.61M (Peak 264.08M) | Time:00:00.45 | Mem:181.30M, Peak:181.30M | Scene, ViewLayer | Updating Lights
Fra:1 Mem:227.61M (Peak 264.08M) | Time:00:00.45 | Mem:181.30M, Peak:181.30M | Scene, ViewLayer | Updating Lights | Computing tree
Fra:1 Mem:227.64M (Peak 264.08M) | Time:00:00.45 | Mem:181.33M, Peak:181.33M | Scene, ViewLayer | Updating Integrator
Fra:1 Mem:227.64M (Peak 264.08M) | Time:00:00.45 | Mem:181.33M, Peak:181.33M | Scene, ViewLayer | Updating Film
Fra:1 Mem:227.64M (Peak 264.08M) | Time:00:00.45 | Mem:181.24M, Peak:181.33M | Scene, ViewLayer | Updating Lookup Tables
Fra:1 Mem:227.64M (Peak 264.08M) | Time:00:00.45 | Mem:181.33M, Peak:181.33M | Scene, ViewLayer | Updating Baking
Fra:1 Mem:227.64M (Peak 264.08M) | Time:00:00.45 | Mem:181.33M, Peak:181.33M | Scene, ViewLayer | Updating Device | Writing constant memory
Fra:1 Mem:227.65M (Peak 264.08M) | Time:00:00.45 | Mem:181.33M, Peak:181.33M | Scene, ViewLayer | Sample 0/64
Fra:1 Mem:264.74M (Peak 264.74M) | Time:00:00.75 | Remaining:00:18.69 | Mem:218.42M, Peak:218.42M | Scene, ViewLayer | Sample 1/64
Fra:1 Mem:281.22M (Peak 314.18M) | Time:00:11.71 | Mem:218.42M, Peak:218.42M | Scene, ViewLayer | Sample 64/64
Fra:1 Mem:281.22M (Peak 314.18M) | Time:00:11.71 | Mem:218.42M, Peak:218.42M | Scene, ViewLayer | Finished
Saved: '/root/sidereal_spacetime/assets/art-library/framed-wayfarer/r005/family-03/renders/wayfarer-bow.png'
Time: 00:11.86 (Saving: 00:00.14)

22:52:25 | INFO: Data are loaded, start creating Blender stuff
22:52:25 | INFO: Blender create Mesh node MESH-armor-block-d3fa0e462a519b5f36f8-closed-incoming-wrapped-b
22:52:25 | INFO: Blender create Mesh node MESH-armor-block-d3fa0e462a519b5f36f8-closed-outgoing-wrapped-b
22:52:25 | INFO: Blender create Mesh node MESH-armor-block-d3fa0e462a519b5f36f8-closed-solid-body
22:52:25 | INFO: Blender create Mesh node MESH-armor-block-d3fa0e462a519b5f36f8-cyan-flush-status-lens
22:52:25 | INFO: Blender create Mesh node MESH-armor-block-d3fa0e462a519b5f36f8-interchangeable-plain-fac
22:52:25 | INFO: Blender create Mesh node MESH-armor-block-d3fa0e462a519b5f36f8-lower-impact-rail-right
22:52:25 | INFO: Blender create Mesh node MESH-armor-block-d3fa0e462a519b5f36f8-lower-impact-rail-cut-poc
22:52:25 | INFO: Blender create Mesh node MESH-armor-block-d3fa0e462a519b5f36f8-lower-impact-rail-left
22:52:25 | INFO: Blender create Mesh node MESH-armor-block-d3fa0e462a519b5f36f8-pale-wrapped-connector-ou
22:52:25 | INFO: Blender create Mesh node MESH-armor-block-d3fa0e462a519b5f36f8-pale-wrapped-connector-in
22:52:25 | INFO: Blender create Mesh node MESH-armor-block-d3fa0e462a519b5f36f8-recess-shadow-seat
22:52:25 | INFO: Blender create Mesh node MESH-armor-block-d3fa0e462a519b5f36f8-upper-stepped-shoulder
22:52:25 | INFO: glTF import finished in 0.01s
22:52:25 | INFO: Data are loaded, start creating Blender stuff
22:52:25 | INFO: Blender create Mesh node MESH-armor-block-9069dfa847efce4fe41e-closed-incoming-wrapped-b
22:52:25 | INFO: Blender create Mesh node MESH-armor-block-9069dfa847efce4fe41e-closed-outgoing-wrapped-b
22:52:25 | INFO: Blender create Mesh node MESH-armor-block-9069dfa847efce4fe41e-closed-solid-body
22:52:25 | INFO: Blender create Mesh node MESH-armor-block-9069dfa847efce4fe41e-interchangeable-plain-fac
22:52:25 | INFO: Blender create Mesh node MESH-armor-block-9069dfa847efce4fe41e-lower-impact-rail
22:52:25 | INFO: Blender create Mesh node MESH-armor-block-9069dfa847efce4fe41e-pale-wrapped-connector-ou
22:52:25 | INFO: Blender create Mesh node MESH-armor-block-9069dfa847efce4fe41e-pale-wrapped-connector-in
22:52:25 | INFO: Blender create Mesh node MESH-armor-block-9069dfa847efce4fe41e-recess-shadow-seat
22:52:25 | INFO: Blender create Mesh node MESH-armor-block-9069dfa847efce4fe41e-upper-stepped-shoulder
22:52:25 | INFO: glTF import finished in 0.01s
22:52:25 | INFO: Data are loaded, start creating Blender stuff
22:52:25 | INFO: Blender create Mesh node MESH-armor-block-1676c64748013f376c0a-closed-junction-wedge
22:52:25 | INFO: Blender create Mesh node MESH-armor-block-1676c64748013f376c0a-junction-lower-navy-shoe
22:52:25 | INFO: Blender create Mesh node MESH-armor-block-1676c64748013f376c0a-junction-upper-navy-shoul
22:52:25 | INFO: Blender create Mesh node MESH-armor-block-1676c64748013f376c0a-junction-wrapped-pale-con
22:52:25 | INFO: glTF import finished in 0.00s
22:52:25 | INFO: Data are loaded, start creating Blender stuff
22:52:25 | INFO: Blender create Mesh node MESH-armor-block-db7ed5477c90dcffe64f-closed-incoming-wrapped-b
22:52:25 | INFO: Blender create Mesh node MESH-armor-block-db7ed5477c90dcffe64f-closed-outgoing-wrapped-b
22:52:25 | INFO: Blender create Mesh node MESH-armor-block-db7ed5477c90dcffe64f-closed-solid-body
22:52:25 | INFO: Blender create Mesh node MESH-armor-block-db7ed5477c90dcffe64f-cyan-flush-status-lens
22:52:25 | INFO: Blender create Mesh node MESH-armor-block-db7ed5477c90dcffe64f-deep-vent-louver-1
22:52:25 | INFO: Blender create Mesh node MESH-armor-block-db7ed5477c90dcffe64f-deep-vent-louver-2
22:52:25 | INFO: Blender create Mesh node MESH-armor-block-db7ed5477c90dcffe64f-deep-vent-louver-3
22:52:25 | INFO: Blender create Mesh node MESH-armor-block-db7ed5477c90dcffe64f-deep-vent-louver-4
22:52:25 | INFO: Blender create Mesh node MESH-armor-block-db7ed5477c90dcffe64f-deep-vent-louver-5
22:52:25 | INFO: Blender create Mesh node MESH-armor-block-db7ed5477c90dcffe64f-deep-vent-louver-6
22:52:25 | INFO: Blender create Mesh node MESH-armor-block-db7ed5477c90dcffe64f-deep-vent-louver-7
22:52:25 | INFO: Blender create Mesh node MESH-armor-block-db7ed5477c90dcffe64f-deep-vent-louver-8
22:52:25 | INFO: Blender create Mesh node MESH-armor-block-db7ed5477c90dcffe64f-deep-vent-louver-0
22:52:25 | INFO: Blender create Mesh node MESH-armor-block-db7ed5477c90dcffe64f-interchangeable-vent-face
22:52:25 | INFO: Blender create Mesh node MESH-armor-block-db7ed5477c90dcffe64f-lower-impact-rail-right
22:52:25 | INFO: Blender create Mesh node MESH-armor-block-db7ed5477c90dcffe64f-lower-impact-rail-cut-poc
22:52:25 | INFO: Blender create Mesh node MESH-armor-block-db7ed5477c90dcffe64f-lower-impact-rail-left
22:52:25 | INFO: Blender create Mesh node MESH-armor-block-db7ed5477c90dcffe64f-pale-wrapped-connector-ou
22:52:25 | INFO: Blender create Mesh node MESH-armor-block-db7ed5477c90dcffe64f-pale-wrapped-connector-in
22:52:25 | INFO: Blender create Mesh node MESH-armor-block-db7ed5477c90dcffe64f-recess-shadow-seat
22:52:25 | INFO: Blender create Mesh node MESH-armor-block-db7ed5477c90dcffe64f-upper-stepped-shoulder
22:52:25 | INFO: Blender create Mesh node MESH-armor-block-db7ed5477c90dcffe64f-vent-dark-well
22:52:25 | INFO: glTF import finished in 0.01s
22:52:25 | INFO: Data are loaded, start creating Blender stuff
22:52:25 | INFO: Blender create Mesh node MESH-armor-block-05c9d73568be3ad2e6b8-closed-incoming-wrapped-b
22:52:25 | INFO: Blender create Mesh node MESH-armor-block-05c9d73568be3ad2e6b8-closed-outgoing-wrapped-b
22:52:25 | INFO: Blender create Mesh node MESH-armor-block-05c9d73568be3ad2e6b8-closed-solid-body
22:52:25 | INFO: Blender create Mesh node MESH-armor-block-05c9d73568be3ad2e6b8-cyan-flush-status-lens
22:52:25 | INFO: Blender create Mesh node MESH-armor-block-05c9d73568be3ad2e6b8-deep-vent-louver-1
22:52:25 | INFO: Blender create Mesh node MESH-armor-block-05c9d73568be3ad2e6b8-deep-vent-louver-2
22:52:25 | INFO: Blender create Mesh node MESH-armor-block-05c9d73568be3ad2e6b8-deep-vent-louver-3
22:52:25 | INFO: Blender create Mesh node MESH-armor-block-05c9d73568be3ad2e6b8-deep-vent-louver-4
22:52:25 | INFO: Blender create Mesh node MESH-armor-block-05c9d73568be3ad2e6b8-deep-vent-louver-5
22:52:25 | INFO: Blender create Mesh node MESH-armor-block-05c9d73568be3ad2e6b8-deep-vent-louver-6
22:52:25 | INFO: Blender create Mesh node MESH-armor-block-05c9d73568be3ad2e6b8-deep-vent-louver-7
22:52:25 | INFO: Blender create Mesh node MESH-armor-block-05c9d73568be3ad2e6b8-deep-vent-louver-8
22:52:25 | INFO: Blender create Mesh node MESH-armor-block-05c9d73568be3ad2e6b8-deep-vent-louver-0
22:52:25 | INFO: Blender create Mesh node MESH-armor-block-05c9d73568be3ad2e6b8-interchangeable-vent-face
22:52:25 | INFO: Blender create Mesh node MESH-armor-block-05c9d73568be3ad2e6b8-lower-impact-rail-right
22:52:25 | INFO: Blender create Mesh node MESH-armor-block-05c9d73568be3ad2e6b8-lower-impact-rail-cut-poc
22:52:25 | INFO: Blender create Mesh node MESH-armor-block-05c9d73568be3ad2e6b8-lower-impact-rail-left
22:52:25 | INFO: Blender create Mesh node MESH-armor-block-05c9d73568be3ad2e6b8-pale-wrapped-connector-ou
22:52:25 | INFO: Blender create Mesh node MESH-armor-block-05c9d73568be3ad2e6b8-pale-wrapped-connector-in
22:52:25 | INFO: Blender create Mesh node MESH-armor-block-05c9d73568be3ad2e6b8-recess-shadow-seat
22:52:25 | INFO: Blender create Mesh node MESH-armor-block-05c9d73568be3ad2e6b8-upper-stepped-shoulder
22:52:25 | INFO: Blender create Mesh node MESH-armor-block-05c9d73568be3ad2e6b8-vent-dark-well
22:52:25 | INFO: glTF import finished in 0.01s
22:52:25 | INFO: Data are loaded, start creating Blender stuff
22:52:25 | INFO: Blender create Mesh node MESH-armor-block-15a405777ecce0335b21-closed-junction-wedge
22:52:25 | INFO: Blender create Mesh node MESH-armor-block-15a405777ecce0335b21-junction-lower-navy-shoe
22:52:25 | INFO: Blender create Mesh node MESH-armor-block-15a405777ecce0335b21-junction-upper-navy-shoul
22:52:25 | INFO: Blender create Mesh node MESH-armor-block-15a405777ecce0335b21-junction-wrapped-pale-con
22:52:25 | INFO: glTF import finished in 0.01s
22:52:25 | INFO: Data are loaded, start creating Blender stuff
22:52:25 | INFO: Blender create Mesh node MESH-armor-block-43965fec43941bd88fcc-closed-incoming-wrapped-b
22:52:25 | INFO: Blender create Mesh node MESH-armor-block-43965fec43941bd88fcc-closed-outgoing-wrapped-b
22:52:25 | INFO: Blender create Mesh node MESH-armor-block-43965fec43941bd88fcc-closed-solid-body
22:52:25 | INFO: Blender create Mesh node MESH-armor-block-43965fec43941bd88fcc-cyan-flush-status-lens
22:52:25 | INFO: Blender create Mesh node MESH-armor-block-43965fec43941bd88fcc-interchangeable-plain-fac
22:52:25 | INFO: Blender create Mesh node MESH-armor-block-43965fec43941bd88fcc-lower-impact-rail-right
22:52:25 | INFO: Blender create Mesh node MESH-armor-block-43965fec43941bd88fcc-lower-impact-rail-cut-poc
22:52:25 | INFO: Blender create Mesh node MESH-armor-block-43965fec43941bd88fcc-lower-impact-rail-left
22:52:25 | INFO: Blender create Mesh node MESH-armor-block-43965fec43941bd88fcc-pale-wrapped-connector-ou
22:52:25 | INFO: Blender create Mesh node MESH-armor-block-43965fec43941bd88fcc-pale-wrapped-connector-in
22:52:25 | INFO: Blender create Mesh node MESH-armor-block-43965fec43941bd88fcc-recess-shadow-seat
22:52:25 | INFO: Blender create Mesh node MESH-armor-block-43965fec43941bd88fcc-upper-stepped-shoulder
22:52:25 | INFO: glTF import finished in 0.01s
22:52:25 | INFO: Data are loaded, start creating Blender stuff
22:52:25 | INFO: Blender create Mesh node MESH-armor-block-af0cc716991642374212-closed-incoming-wrapped-b
22:52:25 | INFO: Blender create Mesh node MESH-armor-block-af0cc716991642374212-closed-outgoing-wrapped-b
22:52:25 | INFO: Blender create Mesh node MESH-armor-block-af0cc716991642374212-closed-solid-body
22:52:25 | INFO: Blender create Mesh node MESH-armor-block-af0cc716991642374212-cyan-flush-status-lens
22:52:25 | INFO: Blender create Mesh node MESH-armor-block-af0cc716991642374212-interchangeable-red-servi
22:52:25 | INFO: Blender create Mesh node MESH-armor-block-af0cc716991642374212-lower-impact-rail-right
22:52:25 | INFO: Blender create Mesh node MESH-armor-block-af0cc716991642374212-lower-impact-rail-cut-poc
22:52:25 | INFO: Blender create Mesh node MESH-armor-block-af0cc716991642374212-lower-impact-rail-left
22:52:25 | INFO: Blender create Mesh node MESH-armor-block-af0cc716991642374212-pale-wrapped-connector-ou
22:52:25 | INFO: Blender create Mesh node MESH-armor-block-af0cc716991642374212-pale-wrapped-connector-in
22:52:25 | INFO: Blender create Mesh node MESH-armor-block-af0cc716991642374212-recess-shadow-seat
22:52:25 | INFO: Blender create Mesh node MESH-armor-block-af0cc716991642374212-upper-stepped-shoulder
22:52:25 | INFO: glTF import finished in 0.01s
22:52:25 | INFO: Data are loaded, start creating Blender stuff
22:52:25 | INFO: Blender create Mesh node MESH-armor-block-57b9352f1f040b7f0157-closed-incoming-wrapped-b
22:52:25 | INFO: Blender create Mesh node MESH-armor-block-57b9352f1f040b7f0157-closed-outgoing-wrapped-b
22:52:25 | INFO: Blender create Mesh node MESH-armor-block-57b9352f1f040b7f0157-closed-solid-body
22:52:25 | INFO: Blender create Mesh node MESH-armor-block-57b9352f1f040b7f0157-cyan-flush-status-lens
22:52:25 | INFO: Blender create Mesh node MESH-armor-block-57b9352f1f040b7f0157-interchangeable-red-servi
22:52:25 | INFO: Blender create Mesh node MESH-armor-block-57b9352f1f040b7f0157-lower-impact-rail-right
22:52:25 | INFO: Blender create Mesh node MESH-armor-block-57b9352f1f040b7f0157-lower-impact-rail-cut-poc
22:52:25 | INFO: Blender create Mesh node MESH-armor-block-57b9352f1f040b7f0157-lower-impact-rail-left
22:52:25 | INFO: Blender create Mesh node MESH-armor-block-57b9352f1f040b7f0157-pale-wrapped-connector-ou
22:52:25 | INFO: Blender create Mesh node MESH-armor-block-57b9352f1f040b7f0157-pale-wrapped-connector-in
22:52:25 | INFO: Blender create Mesh node MESH-armor-block-57b9352f1f040b7f0157-recess-shadow-seat
22:52:25 | INFO: Blender create Mesh node MESH-armor-block-57b9352f1f040b7f0157-upper-stepped-shoulder
22:52:25 | INFO: glTF import finished in 0.01s
22:52:25 | INFO: Data are loaded, start creating Blender stuff
22:52:25 | INFO: Blender create Mesh node MESH-armor-block-8904b2af208c0ad89e05-closed-incoming-wrapped-b
22:52:25 | INFO: Blender create Mesh node MESH-armor-block-8904b2af208c0ad89e05-closed-outgoing-wrapped-b
22:52:25 | INFO: Blender create Mesh node MESH-armor-block-8904b2af208c0ad89e05-closed-solid-body
22:52:25 | INFO: Blender create Mesh node MESH-armor-block-8904b2af208c0ad89e05-cyan-flush-status-lens
22:52:25 | INFO: Blender create Mesh node MESH-armor-block-8904b2af208c0ad89e05-interchangeable-utility-f
22:52:25 | INFO: Blender create Mesh node MESH-armor-block-8904b2af208c0ad89e05-lower-impact-rail-right
22:52:25 | INFO: Blender create Mesh node MESH-armor-block-8904b2af208c0ad89e05-lower-impact-rail-cut-poc
22:52:25 | INFO: Blender create Mesh node MESH-armor-block-8904b2af208c0ad89e05-lower-impact-rail-left
22:52:25 | INFO: Blender create Mesh node MESH-armor-block-8904b2af208c0ad89e05-pale-wrapped-connector-ou
22:52:25 | INFO: Blender create Mesh node MESH-armor-block-8904b2af208c0ad89e05-pale-wrapped-connector-in
22:52:25 | INFO: Blender create Mesh node MESH-armor-block-8904b2af208c0ad89e05-recess-shadow-seat
22:52:25 | INFO: Blender create Mesh node MESH-armor-block-8904b2af208c0ad89e05-upper-stepped-shoulder
22:52:25 | INFO: Blender create Mesh node MESH-armor-block-8904b2af208c0ad89e05-utility-removable-box
22:52:25 | INFO: Blender create Mesh node MESH-armor-block-8904b2af208c0ad89e05-utility-status-lens
22:52:25 | INFO: glTF import finished in 0.02s
22:52:25 | INFO: Data are loaded, start creating Blender stuff
22:52:25 | INFO: Blender create Mesh node MESH-armor-block-d475f516a65773f4c21e-closed-incoming-wrapped-b
22:52:25 | INFO: Blender create Mesh node MESH-armor-block-d475f516a65773f4c21e-closed-outgoing-wrapped-b
22:52:25 | INFO: Blender create Mesh node MESH-armor-block-d475f516a65773f4c21e-closed-solid-body
22:52:25 | INFO: Blender create Mesh node MESH-armor-block-d475f516a65773f4c21e-cyan-flush-status-lens
22:52:25 | INFO: Blender create Mesh node MESH-armor-block-d475f516a65773f4c21e-interchangeable-plain-fac
22:52:25 | INFO: Blender create Mesh node MESH-armor-block-d475f516a65773f4c21e-lower-impact-rail-right
22:52:25 | INFO: Blender create Mesh node MESH-armor-block-d475f516a65773f4c21e-lower-impact-rail-cut-poc
22:52:25 | INFO: Blender create Mesh node MESH-armor-block-d475f516a65773f4c21e-lower-impact-rail-left
22:52:25 | INFO: Blender create Mesh node MESH-armor-block-d475f516a65773f4c21e-pale-wrapped-connector-ou
22:52:25 | INFO: Blender create Mesh node MESH-armor-block-d475f516a65773f4c21e-pale-wrapped-connector-in
22:52:25 | INFO: Blender create Mesh node MESH-armor-block-d475f516a65773f4c21e-recess-shadow-seat
22:52:25 | INFO: Blender create Mesh node MESH-armor-block-d475f516a65773f4c21e-upper-stepped-shoulder
22:52:26 | INFO: glTF import finished in 0.02s
22:52:26 | INFO: Data are loaded, start creating Blender stuff
22:52:26 | INFO: Blender create Mesh node MESH-armor-block-97e82a0a2ae19def921f-closed-incoming-wrapped-b
22:52:26 | INFO: Blender create Mesh node MESH-armor-block-97e82a0a2ae19def921f-closed-outgoing-wrapped-b
22:52:26 | INFO: Blender create Mesh node MESH-armor-block-97e82a0a2ae19def921f-closed-solid-body
22:52:26 | INFO: Blender create Mesh node MESH-armor-block-97e82a0a2ae19def921f-cyan-flush-status-lens
22:52:26 | INFO: Blender create Mesh node MESH-armor-block-97e82a0a2ae19def921f-interchangeable-plain-fac
22:52:26 | INFO: Blender create Mesh node MESH-armor-block-97e82a0a2ae19def921f-lower-impact-rail-right
22:52:26 | INFO: Blender create Mesh node MESH-armor-block-97e82a0a2ae19def921f-lower-impact-rail-cut-poc
22:52:26 | INFO: Blender create Mesh node MESH-armor-block-97e82a0a2ae19def921f-lower-impact-rail-left
22:52:26 | INFO: Blender create Mesh node MESH-armor-block-97e82a0a2ae19def921f-pale-wrapped-connector-ou
22:52:26 | INFO: Blender create Mesh node MESH-armor-block-97e82a0a2ae19def921f-pale-wrapped-connector-in
22:52:26 | INFO: Blender create Mesh node MESH-armor-block-97e82a0a2ae19def921f-recess-shadow-seat
22:52:26 | INFO: Blender create Mesh node MESH-armor-block-97e82a0a2ae19def921f-upper-stepped-shoulder
22:52:26 | INFO: glTF import finished in 0.02s
22:52:26 | INFO: Data are loaded, start creating Blender stuff
22:52:26 | INFO: Blender create Mesh node MESH-armor-block-57b42efda0a7a7d9ffdd-closed-junction-wedge
22:52:26 | INFO: Blender create Mesh node MESH-armor-block-57b42efda0a7a7d9ffdd-junction-lower-navy-shoe
22:52:26 | INFO: Blender create Mesh node MESH-armor-block-57b42efda0a7a7d9ffdd-junction-upper-navy-shoul
22:52:26 | INFO: Blender create Mesh node MESH-armor-block-57b42efda0a7a7d9ffdd-junction-wrapped-pale-con
22:52:26 | INFO: glTF import finished in 0.01s
22:52:26 | INFO: Data are loaded, start creating Blender stuff
22:52:26 | INFO: Blender create Mesh node MESH-armor-block-7c3af440c13bfbd854f7-closed-incoming-wrapped-b
22:52:26 | INFO: Blender create Mesh node MESH-armor-block-7c3af440c13bfbd854f7-closed-outgoing-wrapped-b
22:52:26 | INFO: Blender create Mesh node MESH-armor-block-7c3af440c13bfbd854f7-closed-solid-body
22:52:26 | INFO: Blender create Mesh node MESH-armor-block-7c3af440c13bfbd854f7-cyan-flush-status-lens
22:52:26 | INFO: Blender create Mesh node MESH-armor-block-7c3af440c13bfbd854f7-interchangeable-red-servi
22:52:26 | INFO: Blender create Mesh node MESH-armor-block-7c3af440c13bfbd854f7-lower-impact-rail-right
22:52:26 | INFO: Blender create Mesh node MESH-armor-block-7c3af440c13bfbd854f7-lower-impact-rail-cut-poc
22:52:26 | INFO: Blender create Mesh node MESH-armor-block-7c3af440c13bfbd854f7-lower-impact-rail-left
22:52:26 | INFO: Blender create Mesh node MESH-armor-block-7c3af440c13bfbd854f7-pale-wrapped-connector-ou
22:52:26 | INFO: Blender create Mesh node MESH-armor-block-7c3af440c13bfbd854f7-pale-wrapped-connector-in
22:52:26 | INFO: Blender create Mesh node MESH-armor-block-7c3af440c13bfbd854f7-recess-shadow-seat
22:52:26 | INFO: Blender create Mesh node MESH-armor-block-7c3af440c13bfbd854f7-upper-stepped-shoulder
22:52:26 | INFO: glTF import finished in 0.02s
22:52:26 | INFO: Data are loaded, start creating Blender stuff
22:52:26 | INFO: Blender create Mesh node MESH-armor-block-075003ca42dee3ad88d4-closed-junction-wedge
22:52:26 | INFO: Blender create Mesh node MESH-armor-block-075003ca42dee3ad88d4-junction-lower-navy-shoe
22:52:26 | INFO: Blender create Mesh node MESH-armor-block-075003ca42dee3ad88d4-junction-upper-navy-shoul
22:52:26 | INFO: Blender create Mesh node MESH-armor-block-075003ca42dee3ad88d4-junction-wrapped-pale-con
22:52:26 | INFO: glTF import finished in 0.01s
22:52:26 | INFO: Data are loaded, start creating Blender stuff
22:52:26 | INFO: Blender create Mesh node MESH-armor-block-137dbd4b0d514b60c4c3-closed-incoming-wrapped-b
22:52:26 | INFO: Blender create Mesh node MESH-armor-block-137dbd4b0d514b60c4c3-closed-outgoing-wrapped-b
22:52:26 | INFO: Blender create Mesh node MESH-armor-block-137dbd4b0d514b60c4c3-closed-solid-body
22:52:26 | INFO: Blender create Mesh node MESH-armor-block-137dbd4b0d514b60c4c3-cyan-flush-status-lens
22:52:26 | INFO: Blender create Mesh node MESH-armor-block-137dbd4b0d514b60c4c3-interchangeable-utility-f
22:52:26 | INFO: Blender create Mesh node MESH-armor-block-137dbd4b0d514b60c4c3-lower-impact-rail-right
22:52:26 | INFO: Blender create Mesh node MESH-armor-block-137dbd4b0d514b60c4c3-lower-impact-rail-cut-poc
22:52:26 | INFO: Blender create Mesh node MESH-armor-block-137dbd4b0d514b60c4c3-lower-impact-rail-left
22:52:26 | INFO: Blender create Mesh node MESH-armor-block-137dbd4b0d514b60c4c3-pale-wrapped-connector-ou
22:52:26 | INFO: Blender create Mesh node MESH-armor-block-137dbd4b0d514b60c4c3-pale-wrapped-connector-in
22:52:26 | INFO: Blender create Mesh node MESH-armor-block-137dbd4b0d514b60c4c3-recess-shadow-seat
22:52:26 | INFO: Blender create Mesh node MESH-armor-block-137dbd4b0d514b60c4c3-upper-stepped-shoulder
22:52:26 | INFO: Blender create Mesh node MESH-armor-block-137dbd4b0d514b60c4c3-utility-removable-box
22:52:26 | INFO: Blender create Mesh node MESH-armor-block-137dbd4b0d514b60c4c3-utility-status-lens
22:52:26 | INFO: glTF import finished in 0.02s
22:52:26 | INFO: Data are loaded, start creating Blender stuff
22:52:26 | INFO: Blender create Mesh node MESH-armor-block-cb4ec70047162b4093b9-closed-incoming-wrapped-b
22:52:26 | INFO: Blender create Mesh node MESH-armor-block-cb4ec70047162b4093b9-closed-outgoing-wrapped-b
22:52:26 | INFO: Blender create Mesh node MESH-armor-block-cb4ec70047162b4093b9-closed-solid-body
22:52:26 | INFO: Blender create Mesh node MESH-armor-block-cb4ec70047162b4093b9-cyan-flush-status-lens
22:52:26 | INFO: Blender create Mesh node MESH-armor-block-cb4ec70047162b4093b9-interchangeable-utility-f
22:52:26 | INFO: Blender create Mesh node MESH-armor-block-cb4ec70047162b4093b9-lower-impact-rail-right
22:52:26 | INFO: Blender create Mesh node MESH-armor-block-cb4ec70047162b4093b9-lower-impact-rail-cut-poc
22:52:26 | INFO: Blender create Mesh node MESH-armor-block-cb4ec70047162b4093b9-lower-impact-rail-left
22:52:26 | INFO: Blender create Mesh node MESH-armor-block-cb4ec70047162b4093b9-pale-wrapped-connector-ou
22:52:26 | INFO: Blender create Mesh node MESH-armor-block-cb4ec70047162b4093b9-pale-wrapped-connector-in
22:52:26 | INFO: Blender create Mesh node MESH-armor-block-cb4ec70047162b4093b9-recess-shadow-seat
22:52:26 | INFO: Blender create Mesh node MESH-armor-block-cb4ec70047162b4093b9-upper-stepped-shoulder
22:52:26 | INFO: Blender create Mesh node MESH-armor-block-cb4ec70047162b4093b9-utility-removable-box
22:52:26 | INFO: Blender create Mesh node MESH-armor-block-cb4ec70047162b4093b9-utility-status-lens
22:52:26 | INFO: glTF import finished in 0.02s
22:52:26 | INFO: Data are loaded, start creating Blender stuff
22:52:26 | INFO: Blender create Mesh node MESH-armor-block-131df6537810373834cb-closed-junction-wedge
22:52:26 | INFO: Blender create Mesh node MESH-armor-block-131df6537810373834cb-junction-lower-navy-shoe
22:52:26 | INFO: Blender create Mesh node MESH-armor-block-131df6537810373834cb-junction-upper-navy-shoul
22:52:26 | INFO: Blender create Mesh node MESH-armor-block-131df6537810373834cb-junction-wrapped-pale-con
22:52:26 | INFO: glTF import finished in 0.02s
22:52:26 | INFO: Data are loaded, start creating Blender stuff
22:52:26 | INFO: Blender create Mesh node MESH-armor-block-79d4507d7b58226cbe80-closed-incoming-wrapped-b
22:52:26 | INFO: Blender create Mesh node MESH-armor-block-79d4507d7b58226cbe80-closed-outgoing-wrapped-b
22:52:26 | INFO: Blender create Mesh node MESH-armor-block-79d4507d7b58226cbe80-closed-solid-body
22:52:26 | INFO: Blender create Mesh node MESH-armor-block-79d4507d7b58226cbe80-cyan-flush-status-lens
22:52:26 | INFO: Blender create Mesh node MESH-armor-block-79d4507d7b58226cbe80-interchangeable-plain-fac
22:52:26 | INFO: Blender create Mesh node MESH-armor-block-79d4507d7b58226cbe80-lower-impact-rail-right
22:52:26 | INFO: Blender create Mesh node MESH-armor-block-79d4507d7b58226cbe80-lower-impact-rail-cut-poc
22:52:26 | INFO: Blender create Mesh node MESH-armor-block-79d4507d7b58226cbe80-lower-impact-rail-left
22:52:26 | INFO: Blender create Mesh node MESH-armor-block-79d4507d7b58226cbe80-pale-wrapped-connector-ou
22:52:26 | INFO: Blender create Mesh node MESH-armor-block-79d4507d7b58226cbe80-pale-wrapped-connector-in
22:52:26 | INFO: Blender create Mesh node MESH-armor-block-79d4507d7b58226cbe80-recess-shadow-seat
22:52:26 | INFO: Blender create Mesh node MESH-armor-block-79d4507d7b58226cbe80-upper-stepped-shoulder
22:52:26 | INFO: glTF import finished in 0.02s
22:52:26 | INFO: Data are loaded, start creating Blender stuff
22:52:26 | INFO: Blender create Mesh node MESH-armor-block-edc8f579626e43feb839-closed-junction-wedge
22:52:26 | INFO: Blender create Mesh node MESH-armor-block-edc8f579626e43feb839-junction-lower-navy-shoe
22:52:26 | INFO: Blender create Mesh node MESH-armor-block-edc8f579626e43feb839-junction-upper-navy-shoul
22:52:26 | INFO: Blender create Mesh node MESH-armor-block-edc8f579626e43feb839-junction-wrapped-pale-con
22:52:26 | INFO: glTF import finished in 0.03s
22:52:26 | INFO: Data are loaded, start creating Blender stuff
22:52:26 | INFO: Blender create Mesh node MESH-armor-block-e7911c4aae9fd2fecbb8-closed-incoming-wrapped-b
22:52:26 | INFO: Blender create Mesh node MESH-armor-block-e7911c4aae9fd2fecbb8-closed-outgoing-wrapped-b
22:52:26 | INFO: Blender create Mesh node MESH-armor-block-e7911c4aae9fd2fecbb8-closed-solid-body
22:52:26 | INFO: Blender create Mesh node MESH-armor-block-e7911c4aae9fd2fecbb8-cyan-flush-status-lens
22:52:26 | INFO: Blender create Mesh node MESH-armor-block-e7911c4aae9fd2fecbb8-deep-vent-louver-1
22:52:26 | INFO: Blender create Mesh node MESH-armor-block-e7911c4aae9fd2fecbb8-deep-vent-louver-2
22:52:26 | INFO: Blender create Mesh node MESH-armor-block-e7911c4aae9fd2fecbb8-deep-vent-louver-3
22:52:26 | INFO: Blender create Mesh node MESH-armor-block-e7911c4aae9fd2fecbb8-deep-vent-louver-4
22:52:26 | INFO: Blender create Mesh node MESH-armor-block-e7911c4aae9fd2fecbb8-deep-vent-louver-5
22:52:26 | INFO: Blender create Mesh node MESH-armor-block-e7911c4aae9fd2fecbb8-deep-vent-louver-6
22:52:26 | INFO: Blender create Mesh node MESH-armor-block-e7911c4aae9fd2fecbb8-deep-vent-louver-7
22:52:26 | INFO: Blender create Mesh node MESH-armor-block-e7911c4aae9fd2fecbb8-deep-vent-louver-8
22:52:26 | INFO: Blender create Mesh node MESH-armor-block-e7911c4aae9fd2fecbb8-deep-vent-louver-0
22:52:26 | INFO: Blender create Mesh node MESH-armor-block-e7911c4aae9fd2fecbb8-interchangeable-vent-face
22:52:26 | INFO: Blender create Mesh node MESH-armor-block-e7911c4aae9fd2fecbb8-lower-impact-rail-right
22:52:26 | INFO: Blender create Mesh node MESH-armor-block-e7911c4aae9fd2fecbb8-lower-impact-rail-cut-poc
22:52:26 | INFO: Blender create Mesh node MESH-armor-block-e7911c4aae9fd2fecbb8-lower-impact-rail-left
22:52:26 | INFO: Blender create Mesh node MESH-armor-block-e7911c4aae9fd2fecbb8-pale-wrapped-connector-ou
22:52:26 | INFO: Blender create Mesh node MESH-armor-block-e7911c4aae9fd2fecbb8-pale-wrapped-connector-in
22:52:26 | INFO: Blender create Mesh node MESH-armor-block-e7911c4aae9fd2fecbb8-recess-shadow-seat
22:52:26 | INFO: Blender create Mesh node MESH-armor-block-e7911c4aae9fd2fecbb8-upper-stepped-shoulder
22:52:26 | INFO: Blender create Mesh node MESH-armor-block-e7911c4aae9fd2fecbb8-vent-dark-well
22:52:26 | INFO: glTF import finished in 0.03s
22:52:26 | INFO: Data are loaded, start creating Blender stuff
22:52:26 | INFO: Blender create Mesh node MESH-armor-block-649b14141fa27ecd47e6-closed-junction-wedge
22:52:26 | INFO: Blender create Mesh node MESH-armor-block-649b14141fa27ecd47e6-junction-lower-navy-shoe
22:52:26 | INFO: Blender create Mesh node MESH-armor-block-649b14141fa27ecd47e6-junction-upper-navy-shoul
22:52:26 | INFO: Blender create Mesh node MESH-armor-block-649b14141fa27ecd47e6-junction-wrapped-pale-con
22:52:26 | INFO: glTF import finished in 0.02s
22:52:26 | INFO: Data are loaded, start creating Blender stuff
22:52:26 | INFO: Blender create Mesh node MESH-armor-block-fc5a10216de60493ab08-closed-junction-wedge
22:52:26 | INFO: Blender create Mesh node MESH-armor-block-fc5a10216de60493ab08-junction-lower-navy-shoe
22:52:26 | INFO: Blender create Mesh node MESH-armor-block-fc5a10216de60493ab08-junction-upper-navy-shoul
22:52:26 | INFO: Blender create Mesh node MESH-armor-block-fc5a10216de60493ab08-junction-wrapped-pale-con
22:52:26 | INFO: glTF import finished in 0.02s
22:52:26 | INFO: Data are loaded, start creating Blender stuff
22:52:26 | INFO: Blender create Mesh node MESH-armor-block-204079fa21328c629295-closed-incoming-wrapped-b
22:52:26 | INFO: Blender create Mesh node MESH-armor-block-204079fa21328c629295-closed-outgoing-wrapped-b
22:52:26 | INFO: Blender create Mesh node MESH-armor-block-204079fa21328c629295-closed-solid-body
22:52:26 | INFO: Blender create Mesh node MESH-armor-block-204079fa21328c629295-interchangeable-red-servi
22:52:26 | INFO: Blender create Mesh node MESH-armor-block-204079fa21328c629295-lower-impact-rail
22:52:26 | INFO: Blender create Mesh node MESH-armor-block-204079fa21328c629295-pale-wrapped-connector-ou
22:52:26 | INFO: Blender create Mesh node MESH-armor-block-204079fa21328c629295-pale-wrapped-connector-in
22:52:26 | INFO: Blender create Mesh node MESH-armor-block-204079fa21328c629295-recess-shadow-seat
22:52:26 | INFO: Blender create Mesh node MESH-armor-block-204079fa21328c629295-upper-stepped-shoulder
22:52:26 | INFO: glTF import finished in 0.03s
22:52:26 | INFO: Data are loaded, start creating Blender stuff
22:52:26 | INFO: Blender create Mesh node MESH-armor-block-50c9e43a8c6ba5af5141-closed-incoming-wrapped-b
22:52:26 | INFO: Blender create Mesh node MESH-armor-block-50c9e43a8c6ba5af5141-closed-outgoing-wrapped-b
22:52:26 | INFO: Blender create Mesh node MESH-armor-block-50c9e43a8c6ba5af5141-closed-solid-body
22:52:26 | INFO: Blender create Mesh node MESH-armor-block-50c9e43a8c6ba5af5141-interchangeable-utility-f
22:52:26 | INFO: Blender create Mesh node MESH-armor-block-50c9e43a8c6ba5af5141-lower-impact-rail
22:52:26 | INFO: Blender create Mesh node MESH-armor-block-50c9e43a8c6ba5af5141-pale-wrapped-connector-ou
22:52:26 | INFO: Blender create Mesh node MESH-armor-block-50c9e43a8c6ba5af5141-pale-wrapped-connector-in
22:52:26 | INFO: Blender create Mesh node MESH-armor-block-50c9e43a8c6ba5af5141-recess-shadow-seat
22:52:26 | INFO: Blender create Mesh node MESH-armor-block-50c9e43a8c6ba5af5141-upper-stepped-shoulder
22:52:26 | INFO: glTF import finished in 0.03s
Fra:1 Mem:84.91M (Peak 84.91M) | Time:00:00.03 | Mem:0.00M, Peak:0.00M | Scene, ViewLayer | Synchronizing object | GEO-armor-block-d3fa0e462a519b5f36f8--BACKING--closed-outgo
Fra:1 Mem:84.92M (Peak 84.92M) | Time:00:00.03 | Mem:0.00M, Peak:0.00M | Scene, ViewLayer | Synchronizing object | GEO-armor-block-d3fa0e462a519b5f36f8--FINISH--pale-wrapped-.001
Fra:1 Mem:84.93M (Peak 84.93M) | Time:00:00.03 | Mem:0.00M, Peak:0.00M | Scene, ViewLayer | Synchronizing object | GEO-armor-block-d3fa0e462a519b5f36f8--FINISH--upper-stepped
Fra:1 Mem:84.94M (Peak 84.94M) | Time:00:00.03 | Mem:0.00M, Peak:0.00M | Scene, ViewLayer | Synchronizing object | GEO-armor-block-d3fa0e462a519b5f36f8--BACKING--closed-solid
Fra:1 Mem:84.95M (Peak 84.95M) | Time:00:00.03 | Mem:0.00M, Peak:0.00M | Scene, ViewLayer | Synchronizing object | GEO-armor-block-d3fa0e462a519b5f36f8--BACKING--closed-incom
Fra:1 Mem:84.95M (Peak 84.95M) | Time:00:00.03 | Mem:0.00M, Peak:0.00M | Scene, ViewLayer | Synchronizing object | GEO-armor-block-d3fa0e462a519b5f36f8--FINISH--lower-impact-.002
Fra:1 Mem:84.96M (Peak 84.96M) | Time:00:00.03 | Mem:0.00M, Peak:0.00M | Scene, ViewLayer | Synchronizing object | GEO-armor-block-d3fa0e462a519b5f36f8--FINISH--pale-wrapped-.002
Fra:1 Mem:84.96M (Peak 84.96M) | Time:00:00.03 | Mem:0.00M, Peak:0.00M | Scene, ViewLayer | Synchronizing object | GEO-armor-block-d3fa0e462a519b5f36f8--FINISH--cyan-flush-st
Fra:1 Mem:84.97M (Peak 84.97M) | Time:00:00.03 | Mem:0.00M, Peak:0.00M | Scene, ViewLayer | Synchronizing object | GEO-armor-block-d3fa0e462a519b5f36f8--FINISH--lower-impact-.003
Fra:1 Mem:84.98M (Peak 84.98M) | Time:00:00.03 | Mem:0.00M, Peak:0.00M | Scene, ViewLayer | Synchronizing object | GEO-armor-block-d3fa0e462a519b5f36f8--FINISH--lower-impact-.004
Fra:1 Mem:84.99M (Peak 84.99M) | Time:00:00.03 | Mem:0.00M, Peak:0.00M | Scene, ViewLayer | Synchronizing object | GEO-armor-block-d3fa0e462a519b5f36f8--FINISH--recess-shadow
Fra:1 Mem:84.99M (Peak 84.99M) | Time:00:00.03 | Mem:0.00M, Peak:0.00M | Scene, ViewLayer | Synchronizing object | GEO-armor-block-db7ed5477c90dcffe64f--FINISH--deep-vent-lou.008
Fra:1 Mem:84.99M (Peak 84.99M) | Time:00:00.03 | Mem:0.00M, Peak:0.00M | Scene, ViewLayer | Synchronizing object | GEO-armor-block-db7ed5477c90dcffe64f--FINISH--recess-shadow
Fra:1 Mem:85.00M (Peak 85.00M) | Time:00:00.03 | Mem:0.00M, Peak:0.00M | Scene, ViewLayer | Synchronizing object | GEO-armor-block-db7ed5477c90dcffe64f--FINISH--deep-vent-lou.009
Fra:1 Mem:85.00M (Peak 85.00M) | Time:00:00.03 | Mem:0.00M, Peak:0.00M | Scene, ViewLayer | Synchronizing object | GEO-armor-block-db7ed5477c90dcffe64f--FINISH--deep-vent-lou.010
Fra:1 Mem:85.00M (Peak 85.00M) | Time:00:00.03 | Mem:0.00M, Peak:0.00M | Scene, ViewLayer | Synchronizing object | GEO-armor-block-db7ed5477c90dcffe64f--FINISH--deep-vent-lou.011
Fra:1 Mem:85.01M (Peak 85.01M) | Time:00:00.03 | Mem:0.00M, Peak:0.00M | Scene, ViewLayer | Synchronizing object | GEO-armor-block-db7ed5477c90dcffe64f--FINISH--interchangeab
Fra:1 Mem:85.01M (Peak 85.01M) | Time:00:00.03 | Mem:0.00M, Peak:0.00M | Scene, ViewLayer | Synchronizing object | GEO-armor-block-db7ed5477c90dcffe64f--FINISH--vent-dark-wel
Fra:1 Mem:85.01M (Peak 85.01M) | Time:00:00.03 | Mem:0.00M, Peak:0.00M | Scene, ViewLayer | Synchronizing object | GEO-armor-block-db7ed5477c90dcffe64f--BACKING--closed-incom
Fra:1 Mem:85.02M (Peak 85.02M) | Time:00:00.03 | Mem:0.00M, Peak:0.00M | Scene, ViewLayer | Synchronizing object | GEO-armor-block-db7ed5477c90dcffe64f--BACKING--closed-outgo
Fra:1 Mem:85.02M (Peak 85.02M) | Time:00:00.03 | Mem:0.00M, Peak:0.00M | Scene, ViewLayer | Synchronizing object | GEO-armor-block-db7ed5477c90dcffe64f--FINISH--pale-wrapped-.001
Fra:1 Mem:85.03M (Peak 85.03M) | Time:00:00.03 | Mem:0.00M, Peak:0.00M | Scene, ViewLayer | Synchronizing object | GEO-armor-block-db7ed5477c90dcffe64f--FINISH--deep-vent-lou.012
Fra:1 Mem:85.03M (Peak 85.03M) | Time:00:00.03 | Mem:0.00M, Peak:0.00M | Scene, ViewLayer | Synchronizing object | GEO-armor-block-db7ed5477c90dcffe64f--FINISH--cyan-flush-st
Fra:1 Mem:85.04M (Peak 85.04M) | Time:00:00.03 | Mem:0.00M, Peak:0.00M | Scene, ViewLayer | Synchronizing object | GEO-armor-block-db7ed5477c90dcffe64f--FINISH--deep-vent-lou.013
Fra:1 Mem:85.04M (Peak 85.04M) | Time:00:00.03 | Mem:0.00M, Peak:0.00M | Scene, ViewLayer | Synchronizing object | GEO-armor-block-db7ed5477c90dcffe64f--FINISH--lower-impact-.002
Fra:1 Mem:85.04M (Peak 85.04M) | Time:00:00.03 | Mem:0.00M, Peak:0.00M | Scene, ViewLayer | Synchronizing object | GEO-armor-block-db7ed5477c90dcffe64f--FINISH--deep-vent-lou.014
Fra:1 Mem:85.05M (Peak 85.05M) | Time:00:00.03 | Mem:0.00M, Peak:0.00M | Scene, ViewLayer | Synchronizing object | GEO-armor-block-db7ed5477c90dcffe64f--FINISH--upper-stepped
Fra:1 Mem:85.05M (Peak 85.05M) | Time:00:00.03 | Mem:0.00M, Peak:0.00M | Scene, ViewLayer | Synchronizing object | GEO-armor-block-db7ed5477c90dcffe64f--FINISH--deep-vent-lou.015
Fra:1 Mem:85.05M (Peak 85.05M) | Time:00:00.03 | Mem:0.00M, Peak:0.00M | Scene, ViewLayer | Synchronizing object | GEO-armor-block-db7ed5477c90dcffe64f--FINISH--deep-vent-lou.016
Fra:1 Mem:85.05M (Peak 85.05M) | Time:00:00.03 | Mem:0.00M, Peak:0.00M | Scene, ViewLayer | Synchronizing object | GEO-armor-block-db7ed5477c90dcffe64f--FINISH--pale-wrapped-.002
Fra:1 Mem:85.06M (Peak 85.06M) | Time:00:00.03 | Mem:0.00M, Peak:0.00M | Scene, ViewLayer | Synchronizing object | GEO-armor-block-db7ed5477c90dcffe64f--FINISH--lower-impact-.003
Fra:1 Mem:85.08M (Peak 85.08M) | Time:00:00.03 | Mem:0.00M, Peak:0.00M | Scene, ViewLayer | Synchronizing object | GEO-armor-block-db7ed5477c90dcffe64f--FINISH--lower-impact-.004
Fra:1 Mem:85.09M (Peak 85.09M) | Time:00:00.03 | Mem:0.00M, Peak:0.00M | Scene, ViewLayer | Synchronizing object | GEO-armor-block-db7ed5477c90dcffe64f--BACKING--closed-solid
Fra:1 Mem:85.09M (Peak 85.09M) | Time:00:00.03 | Mem:0.00M, Peak:0.00M | Scene, ViewLayer | Synchronizing object | GEO-armor-block-15a405777ecce0335b21--BACKING--closed-junct
Fra:1 Mem:85.10M (Peak 85.10M) | Time:00:00.03 | Mem:0.00M, Peak:0.00M | Scene, ViewLayer | Synchronizing object | GEO-armor-block-15a405777ecce0335b21--FINISH--junction-wrap
Fra:1 Mem:85.11M (Peak 85.11M) | Time:00:00.03 | Mem:0.00M, Peak:0.00M | Scene, ViewLayer | Synchronizing object | GEO-armor-block-15a405777ecce0335b21--FINISH--junction-uppe
Fra:1 Mem:85.12M (Peak 85.12M) | Time:00:00.03 | Mem:0.00M, Peak:0.00M | Scene, ViewLayer | Synchronizing object | GEO-armor-block-15a405777ecce0335b21--FINISH--junction-lowe
Fra:1 Mem:85.12M (Peak 85.12M) | Time:00:00.03 | Mem:0.00M, Peak:0.00M | Scene, ViewLayer | Synchronizing object | GEO-armor-block-1676c64748013f376c0a--FINISH--junction-uppe
Fra:1 Mem:85.13M (Peak 85.13M) | Time:00:00.03 | Mem:0.00M, Peak:0.00M | Scene, ViewLayer | Synchronizing object | GEO-armor-block-1676c64748013f376c0a--FINISH--junction-lowe
Fra:1 Mem:85.13M (Peak 85.13M) | Time:00:00.03 | Mem:0.00M, Peak:0.00M | Scene, ViewLayer | Synchronizing object | GEO-armor-block-1676c64748013f376c0a--FINISH--junction-wrap
Fra:1 Mem:85.15M (Peak 85.15M) | Time:00:00.03 | Mem:0.00M, Peak:0.00M | Scene, ViewLayer | Synchronizing object | GEO-armor-block-1676c64748013f376c0a--BACKING--closed-junct
Fra:1 Mem:85.15M (Peak 85.15M) | Time:00:00.03 | Mem:0.00M, Peak:0.00M | Scene, ViewLayer | Synchronizing object | GEO-armor-block-05c9d73568be3ad2e6b8--FINISH--deep-vent-lou.008
Fra:1 Mem:85.14M (Peak 85.15M) | Time:00:00.03 | Mem:0.00M, Peak:0.00M | Scene, ViewLayer | Synchronizing object | GEO-armor-block-05c9d73568be3ad2e6b8--FINISH--deep-vent-lou.009
Fra:1 Mem:85.16M (Peak 85.16M) | Time:00:00.03 | Mem:0.00M, Peak:0.00M | Scene, ViewLayer | Synchronizing object | GEO-armor-block-05c9d73568be3ad2e6b8--FINISH--cyan-flush-st
Fra:1 Mem:85.16M (Peak 85.16M) | Time:00:00.03 | Mem:0.00M, Peak:0.00M | Scene, ViewLayer | Synchronizing object | GEO-armor-block-05c9d73568be3ad2e6b8--FINISH--interchangeab
Fra:1 Mem:85.16M (Peak 85.16M) | Time:00:00.03 | Mem:0.00M, Peak:0.00M | Scene, ViewLayer | Synchronizing object | GEO-armor-block-05c9d73568be3ad2e6b8--FINISH--deep-vent-lou.010
Fra:1 Mem:85.17M (Peak 85.17M) | Time:00:00.03 | Mem:0.00M, Peak:0.00M | Scene, ViewLayer | Synchronizing object | GEO-armor-block-05c9d73568be3ad2e6b8--FINISH--vent-dark-wel
Fra:1 Mem:85.17M (Peak 85.17M) | Time:00:00.03 | Mem:0.00M, Peak:0.00M | Scene, ViewLayer | Synchronizing object | GEO-armor-block-05c9d73568be3ad2e6b8--FINISH--deep-vent-lou.011
Fra:1 Mem:85.17M (Peak 85.17M) | Time:00:00.03 | Mem:0.00M, Peak:0.00M | Scene, ViewLayer | Synchronizing object | GEO-armor-block-05c9d73568be3ad2e6b8--FINISH--deep-vent-lou.012
Fra:1 Mem:85.20M (Peak 85.20M) | Time:00:00.03 | Mem:0.00M, Peak:0.00M | Scene, ViewLayer | Synchronizing object | GEO-armor-block-05c9d73568be3ad2e6b8--BACKING--closed-solid
Fra:1 Mem:85.20M (Peak 85.20M) | Time:00:00.03 | Mem:0.00M, Peak:0.00M | Scene, ViewLayer | Synchronizing object | GEO-armor-block-05c9d73568be3ad2e6b8--FINISH--lower-impact-.002
Fra:1 Mem:85.20M (Peak 85.20M) | Time:00:00.03 | Mem:0.00M, Peak:0.00M | Scene, ViewLayer | Synchronizing object | GEO-armor-block-05c9d73568be3ad2e6b8--FINISH--lower-impact-.003
Fra:1 Mem:85.20M (Peak 85.20M) | Time:00:00.03 | Mem:0.00M, Peak:0.00M | Scene, ViewLayer | Synchronizing object | GEO-armor-block-05c9d73568be3ad2e6b8--FINISH--deep-vent-lou.013
Fra:1 Mem:85.22M (Peak 85.22M) | Time:00:00.03 | Mem:0.00M, Peak:0.00M | Scene, ViewLayer | Synchronizing object | GEO-armor-block-05c9d73568be3ad2e6b8--FINISH--deep-vent-lou.014
Fra:1 Mem:85.22M (Peak 85.22M) | Time:00:00.03 | Mem:0.00M, Peak:0.00M | Scene, ViewLayer | Synchronizing object | GEO-armor-block-05c9d73568be3ad2e6b8--FINISH--upper-stepped
Fra:1 Mem:85.23M (Peak 85.23M) | Time:00:00.03 | Mem:0.00M, Peak:0.00M | Scene, ViewLayer | Synchronizing object | GEO-armor-block-05c9d73568be3ad2e6b8--FINISH--deep-vent-lou.015
Fra:1 Mem:85.22M (Peak 85.23M) | Time:00:00.03 | Mem:0.00M, Peak:0.00M | Scene, ViewLayer | Synchronizing object | GEO-armor-block-05c9d73568be3ad2e6b8--FINISH--pale-wrapped-.002
Fra:1 Mem:85.23M (Peak 85.23M) | Time:00:00.03 | Mem:0.00M, Peak:0.00M | Scene, ViewLayer | Synchronizing object | GEO-armor-block-05c9d73568be3ad2e6b8--FINISH--lower-impact-.004
Fra:1 Mem:85.23M (Peak 85.23M) | Time:00:00.03 | Mem:0.00M, Peak:0.00M | Scene, ViewLayer | Synchronizing object | GEO-armor-block-05c9d73568be3ad2e6b8--BACKING--closed-outgo
Fra:1 Mem:85.24M (Peak 85.24M) | Time:00:00.03 | Mem:0.00M, Peak:0.00M | Scene, ViewLayer | Synchronizing object | GEO-armor-block-05c9d73568be3ad2e6b8--FINISH--deep-vent-lou.016
Fra:1 Mem:85.24M (Peak 85.24M) | Time:00:00.03 | Mem:0.00M, Peak:0.00M | Scene, ViewLayer | Synchronizing object | GEO-armor-block-05c9d73568be3ad2e6b8--BACKING--closed-incom
Fra:1 Mem:85.24M (Peak 85.24M) | Time:00:00.03 | Mem:0.00M, Peak:0.00M | Scene, ViewLayer | Synchronizing object | GEO-armor-block-79d4507d7b58226cbe80--BACKING--closed-solid
Fra:1 Mem:85.25M (Peak 85.25M) | Time:00:00.03 | Mem:0.00M, Peak:0.00M | Scene, ViewLayer | Synchronizing object | GEO-armor-block-79d4507d7b58226cbe80--FINISH--lower-impact-.002
Fra:1 Mem:85.27M (Peak 85.27M) | Time:00:00.03 | Mem:0.00M, Peak:0.00M | Scene, ViewLayer | Synchronizing object | GEO-armor-block-79d4507d7b58226cbe80--FINISH--lower-impact-.003
Fra:1 Mem:85.25M (Peak 85.27M) | Time:00:00.03 | Mem:0.00M, Peak:0.00M | Scene, ViewLayer | Synchronizing object | GEO-armor-block-79d4507d7b58226cbe80--FINISH--pale-wrapped-.001
Fra:1 Mem:85.27M (Peak 85.27M) | Time:00:00.03 | Mem:0.00M, Peak:0.00M | Scene, ViewLayer | Synchronizing object | GEO-armor-block-79d4507d7b58226cbe80--FINISH--recess-shadow
Fra:1 Mem:85.27M (Peak 85.27M) | Time:00:00.03 | Mem:0.00M, Peak:0.00M | Scene, ViewLayer | Synchronizing object | GEO-armor-block-79d4507d7b58226cbe80--FINISH--cyan-flush-st
Fra:1 Mem:85.29M (Peak 85.29M) | Time:00:00.03 | Mem:0.00M, Peak:0.00M | Scene, ViewLayer | Synchronizing object | GEO-armor-block-79d4507d7b58226cbe80--FINISH--lower-impact-.004
Fra:1 Mem:85.28M (Peak 85.29M) | Time:00:00.03 | Mem:0.00M, Peak:0.00M | Scene, ViewLayer | Synchronizing object | GEO-armor-block-79d4507d7b58226cbe80--BACKING--closed-incom
Fra:1 Mem:85.30M (Peak 85.30M) | Time:00:00.03 | Mem:0.00M, Peak:0.00M | Scene, ViewLayer | Synchronizing object | GEO-armor-block-79d4507d7b58226cbe80--FINISH--pale-wrapped-.002
Fra:1 Mem:85.30M (Peak 85.30M) | Time:00:00.03 | Mem:0.00M, Peak:0.00M | Scene, ViewLayer | Synchronizing object | GEO-armor-block-79d4507d7b58226cbe80--FINISH--upper-stepped
Fra:1 Mem:85.31M (Peak 85.31M) | Time:00:00.03 | Mem:0.00M, Peak:0.00M | Scene, ViewLayer | Synchronizing object | GEO-armor-block-43965fec43941bd88fcc--FINISH--pale-wrapped-.001
Fra:1 Mem:85.33M (Peak 85.33M) | Time:00:00.03 | Mem:0.00M, Peak:0.00M | Scene, ViewLayer | Synchronizing object | GEO-armor-block-43965fec43941bd88fcc--FINISH--lower-impact-.002
Fra:1 Mem:85.33M (Peak 85.33M) | Time:00:00.03 | Mem:0.00M, Peak:0.00M | Scene, ViewLayer | Synchronizing object | GEO-armor-block-43965fec43941bd88fcc--BACKING--closed-incom
Fra:1 Mem:85.33M (Peak 85.33M) | Time:00:00.03 | Mem:0.00M, Peak:0.00M | Scene, ViewLayer | Synchronizing object | GEO-armor-block-43965fec43941bd88fcc--FINISH--upper-stepped
Fra:1 Mem:85.33M (Peak 85.33M) | Time:00:00.03 | Mem:0.00M, Peak:0.00M | Scene, ViewLayer | Synchronizing object | GEO-armor-block-43965fec43941bd88fcc--FINISH--cyan-flush-st
Fra:1 Mem:85.34M (Peak 85.34M) | Time:00:00.03 | Mem:0.00M, Peak:0.00M | Scene, ViewLayer | Synchronizing object | GEO-armor-block-43965fec43941bd88fcc--BACKING--closed-outgo
Fra:1 Mem:85.34M (Peak 85.34M) | Time:00:00.03 | Mem:0.00M, Peak:0.00M | Scene, ViewLayer | Synchronizing object | GEO-armor-block-43965fec43941bd88fcc--FINISH--interchangeab
Fra:1 Mem:85.34M (Peak 85.34M) | Time:00:00.03 | Mem:0.00M, Peak:0.00M | Scene, ViewLayer | Synchronizing object | GEO-armor-block-43965fec43941bd88fcc--FINISH--recess-shadow
Fra:1 Mem:85.35M (Peak 85.35M) | Time:00:00.03 | Mem:0.00M, Peak:0.00M | Scene, ViewLayer | Synchronizing object | GEO-armor-block-43965fec43941bd88fcc--FINISH--lower-impact-.003
Fra:1 Mem:85.37M (Peak 85.37M) | Time:00:00.03 | Mem:0.00M, Peak:0.00M | Scene, ViewLayer | Synchronizing object | GEO-armor-block-43965fec43941bd88fcc--FINISH--lower-impact-.004
Fra:1 Mem:85.37M (Peak 85.37M) | Time:00:00.03 | Mem:0.00M, Peak:0.00M | Scene, ViewLayer | Synchronizing object | GEO-armor-block-43965fec43941bd88fcc--BACKING--closed-solid
Fra:1 Mem:85.38M (Peak 85.38M) | Time:00:00.03 | Mem:0.00M, Peak:0.00M | Scene, ViewLayer | Synchronizing object | GEO-armor-block-43965fec43941bd88fcc--FINISH--pale-wrapped-.002
Fra:1 Mem:85.37M (Peak 85.38M) | Time:00:00.03 | Mem:0.00M, Peak:0.00M | Scene, ViewLayer | Synchronizing object | GEO-armor-block-af0cc716991642374212--FINISH--interchangeab
Fra:1 Mem:85.39M (Peak 85.39M) | Time:00:00.03 | Mem:0.00M, Peak:0.00M | Scene, ViewLayer | Synchronizing object | GEO-armor-block-af0cc716991642374212--FINISH--cyan-flush-st
Fra:1 Mem:85.40M (Peak 85.40M) | Time:00:00.03 | Mem:0.00M, Peak:0.00M | Scene, ViewLayer | Synchronizing object | GEO-armor-block-af0cc716991642374212--FINISH--lower-impact-.002
Fra:1 Mem:85.39M (Peak 85.40M) | Time:00:00.03 | Mem:0.00M, Peak:0.00M | Scene, ViewLayer | Synchronizing object | GEO-armor-block-af0cc716991642374212--BACKING--closed-incom
Fra:1 Mem:85.40M (Peak 85.40M) | Time:00:00.03 | Mem:0.00M, Peak:0.00M | Scene, ViewLayer | Synchronizing object | GEO-armor-block-af0cc716991642374212--FINISH--pale-wrapped-.001
Fra:1 Mem:85.41M (Peak 85.41M) | Time:00:00.03 | Mem:0.00M, Peak:0.00M | Scene, ViewLayer | Synchronizing object | GEO-armor-block-af0cc716991642374212--FINISH--upper-stepped
Fra:1 Mem:85.41M (Peak 85.41M) | Time:00:00.03 | Mem:0.00M, Peak:0.00M | Scene, ViewLayer | Synchronizing object | GEO-armor-block-af0cc716991642374212--BACKING--closed-outgo
Fra:1 Mem:85.41M (Peak 85.41M) | Time:00:00.03 | Mem:0.00M, Peak:0.00M | Scene, ViewLayer | Synchronizing object | GEO-armor-block-af0cc716991642374212--BACKING--closed-solid
Fra:1 Mem:85.42M (Peak 85.42M) | Time:00:00.03 | Mem:0.00M, Peak:0.00M | Scene, ViewLayer | Synchronizing object | GEO-armor-block-af0cc716991642374212--FINISH--lower-impact-.003
Fra:1 Mem:85.42M (Peak 85.42M) | Time:00:00.03 | Mem:0.00M, Peak:0.00M | Scene, ViewLayer | Synchronizing object | GEO-armor-block-af0cc716991642374212--FINISH--lower-impact-.004
Fra:1 Mem:85.44M (Peak 85.44M) | Time:00:00.03 | Mem:0.00M, Peak:0.00M | Scene, ViewLayer | Synchronizing object | GEO-armor-block-af0cc716991642374212--FINISH--pale-wrapped-.002
Fra:1 Mem:85.44M (Peak 85.44M) | Time:00:00.03 | Mem:0.00M, Peak:0.00M | Scene, ViewLayer | Synchronizing object | GEO-armor-block-af0cc716991642374212--FINISH--recess-shadow
Fra:1 Mem:85.44M (Peak 85.44M) | Time:00:00.03 | Mem:0.00M, Peak:0.00M | Scene, ViewLayer | Synchronizing object | GEO-armor-block-137dbd4b0d514b60c4c3--FINISH--recess-shadow
Fra:1 Mem:85.45M (Peak 85.45M) | Time:00:00.03 | Mem:0.00M, Peak:0.00M | Scene, ViewLayer | Synchronizing object | GEO-armor-block-137dbd4b0d514b60c4c3--FINISH--cyan-flush-st
Fra:1 Mem:85.46M (Peak 85.46M) | Time:00:00.03 | Mem:0.00M, Peak:0.00M | Scene, ViewLayer | Synchronizing object | GEO-armor-block-137dbd4b0d514b60c4c3--FINISH--lower-impact-.002
Fra:1 Mem:85.47M (Peak 85.47M) | Time:00:00.03 | Mem:0.00M, Peak:0.00M | Scene, ViewLayer | Synchronizing object | GEO-armor-block-137dbd4b0d514b60c4c3--FINISH--utility-remov
Fra:1 Mem:85.46M (Peak 85.47M) | Time:00:00.03 | Mem:0.00M, Peak:0.00M | Scene, ViewLayer | Synchronizing object | GEO-armor-block-137dbd4b0d514b60c4c3--FINISH--interchangeab
Fra:1 Mem:85.47M (Peak 85.47M) | Time:00:00.03 | Mem:0.00M, Peak:0.00M | Scene, ViewLayer | Synchronizing object | GEO-armor-block-137dbd4b0d514b60c4c3--FINISH--pale-wrapped-.001
Fra:1 Mem:85.48M (Peak 85.48M) | Time:00:00.03 | Mem:0.00M, Peak:0.00M | Scene, ViewLayer | Synchronizing object | GEO-armor-block-137dbd4b0d514b60c4c3--BACKING--closed-solid
Fra:1 Mem:85.49M (Peak 85.49M) | Time:00:00.03 | Mem:0.00M, Peak:0.00M | Scene, ViewLayer | Synchronizing object | GEO-armor-block-137dbd4b0d514b60c4c3--FINISH--lower-impact-.003
Fra:1 Mem:85.49M (Peak 85.49M) | Time:00:00.03 | Mem:0.00M, Peak:0.00M | Scene, ViewLayer | Synchronizing object | GEO-armor-block-137dbd4b0d514b60c4c3--FINISH--lower-impact-.004
Fra:1 Mem:85.50M (Peak 85.50M) | Time:00:00.03 | Mem:0.00M, Peak:0.00M | Scene, ViewLayer | Synchronizing object | GEO-armor-block-137dbd4b0d514b60c4c3--FINISH--upper-stepped
Fra:1 Mem:85.52M (Peak 85.52M) | Time:00:00.03 | Mem:0.00M, Peak:0.00M | Scene, ViewLayer | Synchronizing object | GEO-armor-block-137dbd4b0d514b60c4c3--FINISH--pale-wrapped-.002
Fra:1 Mem:85.50M (Peak 85.52M) | Time:00:00.03 | Mem:0.00M, Peak:0.00M | Scene, ViewLayer | Synchronizing object | GEO-armor-block-137dbd4b0d514b60c4c3--BACKING--closed-outgo
Fra:1 Mem:85.53M (Peak 85.53M) | Time:00:00.03 | Mem:0.00M, Peak:0.00M | Scene, ViewLayer | Synchronizing object | GEO-armor-block-137dbd4b0d514b60c4c3--BACKING--closed-incom
Fra:1 Mem:85.52M (Peak 85.53M) | Time:00:00.03 | Mem:0.00M, Peak:0.00M | Scene, ViewLayer | Synchronizing object | GEO-armor-block-9069dfa847efce4fe41e--BACKING--closed-incoming-
Fra:1 Mem:85.53M (Peak 85.53M) | Time:00:00.03 | Mem:0.00M, Peak:0.00M | Scene, ViewLayer | Synchronizing object | GEO-armor-block-9069dfa847efce4fe41e--BACKING--closed-outgoing-
Fra:1 Mem:85.52M (Peak 85.53M) | Time:00:00.03 | Mem:0.00M, Peak:0.00M | Scene, ViewLayer | Synchronizing object | GEO-armor-block-9069dfa847efce4fe41e--FINISH--interchangeable-p
Fra:1 Mem:85.54M (Peak 85.54M) | Time:00:00.03 | Mem:0.00M, Peak:0.00M | Scene, ViewLayer | Synchronizing object | GEO-armor-block-9069dfa847efce4fe41e--FINISH--lower-impact-rail
Fra:1 Mem:85.55M (Peak 85.55M) | Time:00:00.03 | Mem:0.00M, Peak:0.00M | Scene, ViewLayer | Synchronizing object | GEO-armor-block-9069dfa847efce4fe41e--FINISH--pale-wrapped-
Fra:1 Mem:85.56M (Peak 85.56M) | Time:00:00.03 | Mem:0.00M, Peak:0.00M | Scene, ViewLayer | Synchronizing object | GEO-armor-block-9069dfa847efce4fe41e--FINISH--pale-wrapped-conn
Fra:1 Mem:85.57M (Peak 85.57M) | Time:00:00.03 | Mem:0.00M, Peak:0.00M | Scene, ViewLayer | Synchronizing object | GEO-armor-block-9069dfa847efce4fe41e--FINISH--recess-shadow-sea
Fra:1 Mem:85.57M (Peak 85.57M) | Time:00:00.03 | Mem:0.00M, Peak:0.00M | Scene, ViewLayer | Synchronizing object | GEO-armor-block-9069dfa847efce4fe41e--FINISH--upper-stepped-sho
Fra:1 Mem:85.57M (Peak 85.57M) | Time:00:00.03 | Mem:0.00M, Peak:0.00M | Scene, ViewLayer | Synchronizing object | GEO-armor-block-57b9352f1f040b7f0157--BACKING--closed-incoming-
Fra:1 Mem:85.57M (Peak 85.57M) | Time:00:00.03 | Mem:0.00M, Peak:0.00M | Scene, ViewLayer | Synchronizing object | GEO-armor-block-57b9352f1f040b7f0157--BACKING--closed-outgoing-
Fra:1 Mem:85.58M (Peak 85.58M) | Time:00:00.03 | Mem:0.00M, Peak:0.00M | Scene, ViewLayer | Synchronizing object | GEO-armor-block-57b9352f1f040b7f0157--BACKING--closed-solid-bod
Fra:1 Mem:85.59M (Peak 85.59M) | Time:00:00.03 | Mem:0.00M, Peak:0.00M | Scene, ViewLayer | Synchronizing object | GEO-armor-block-57b9352f1f040b7f0157--FINISH--cyan-flush-status
Fra:1 Mem:85.59M (Peak 85.59M) | Time:00:00.03 | Mem:0.00M, Peak:0.00M | Scene, ViewLayer | Synchronizing object | GEO-armor-block-57b9352f1f040b7f0157--FINISH--interchangeable-r
Fra:1 Mem:85.59M (Peak 85.59M) | Time:00:00.03 | Mem:0.00M, Peak:0.00M | Scene, ViewLayer | Synchronizing object | GEO-armor-block-57b9352f1f040b7f0157--FINISH--lower-impact-
Fra:1 Mem:85.60M (Peak 85.60M) | Time:00:00.03 | Mem:0.00M, Peak:0.00M | Scene, ViewLayer | Synchronizing object | GEO-armor-block-57b9352f1f040b7f0157--FINISH--lower-impact-.001
Fra:1 Mem:85.62M (Peak 85.62M) | Time:00:00.03 | Mem:0.00M, Peak:0.00M | Scene, ViewLayer | Synchronizing object | GEO-armor-block-57b9352f1f040b7f0157--FINISH--lower-impact-rail
Fra:1 Mem:85.62M (Peak 85.62M) | Time:00:00.03 | Mem:0.00M, Peak:0.00M | Scene, ViewLayer | Synchronizing object | GEO-armor-block-57b9352f1f040b7f0157--FINISH--pale-wrapped-
Fra:1 Mem:85.62M (Peak 85.62M) | Time:00:00.03 | Mem:0.00M, Peak:0.00M | Scene, ViewLayer | Synchronizing object | GEO-armor-block-57b9352f1f040b7f0157--FINISH--pale-wrapped-conn
Fra:1 Mem:85.64M (Peak 85.64M) | Time:00:00.03 | Mem:0.00M, Peak:0.00M | Scene, ViewLayer | Synchronizing object | GEO-armor-block-57b9352f1f040b7f0157--FINISH--recess-shadow-sea
Fra:1 Mem:85.63M (Peak 85.64M) | Time:00:00.03 | Mem:0.00M, Peak:0.00M | Scene, ViewLayer | Synchronizing object | GEO-armor-block-57b9352f1f040b7f0157--FINISH--upper-stepped-sho
Fra:1 Mem:85.63M (Peak 85.64M) | Time:00:00.03 | Mem:0.00M, Peak:0.00M | Scene, ViewLayer | Synchronizing object | GEO-armor-block-8904b2af208c0ad89e05--BACKING--closed-incoming-
Fra:1 Mem:85.65M (Peak 85.65M) | Time:00:00.03 | Mem:0.00M, Peak:0.00M | Scene, ViewLayer | Synchronizing object | GEO-armor-block-8904b2af208c0ad89e05--BACKING--closed-outgoing-
Fra:1 Mem:85.64M (Peak 85.65M) | Time:00:00.03 | Mem:0.00M, Peak:0.00M | Scene, ViewLayer | Synchronizing object | GEO-armor-block-8904b2af208c0ad89e05--BACKING--closed-solid-bod
Fra:1 Mem:85.65M (Peak 85.65M) | Time:00:00.03 | Mem:0.00M, Peak:0.00M | Scene, ViewLayer | Synchronizing object | GEO-armor-block-8904b2af208c0ad89e05--FINISH--cyan-flush-status
Fra:1 Mem:85.65M (Peak 85.65M) | Time:00:00.03 | Mem:0.00M, Peak:0.00M | Scene, ViewLayer | Synchronizing object | GEO-armor-block-8904b2af208c0ad89e05--FINISH--interchangeable-u
Fra:1 Mem:85.66M (Peak 85.66M) | Time:00:00.03 | Mem:0.00M, Peak:0.00M | Scene, ViewLayer | Synchronizing object | GEO-armor-block-8904b2af208c0ad89e05--FINISH--lower-impact-
Fra:1 Mem:85.66M (Peak 85.66M) | Time:00:00.03 | Mem:0.00M, Peak:0.00M | Scene, ViewLayer | Synchronizing object | GEO-armor-block-8904b2af208c0ad89e05--FINISH--lower-impact-.001
Fra:1 Mem:85.69M (Peak 85.69M) | Time:00:00.03 | Mem:0.00M, Peak:0.00M | Scene, ViewLayer | Synchronizing object | GEO-armor-block-8904b2af208c0ad89e05--FINISH--lower-impact-rail
Fra:1 Mem:85.69M (Peak 85.69M) | Time:00:00.03 | Mem:0.00M, Peak:0.00M | Scene, ViewLayer | Synchronizing object | GEO-armor-block-8904b2af208c0ad89e05--FINISH--pale-wrapped-
Fra:1 Mem:85.69M (Peak 85.69M) | Time:00:00.03 | Mem:0.00M, Peak:0.00M | Scene, ViewLayer | Synchronizing object | GEO-armor-block-8904b2af208c0ad89e05--FINISH--pale-wrapped-conn
Fra:1 Mem:85.69M (Peak 85.69M) | Time:00:00.03 | Mem:0.00M, Peak:0.00M | Scene, ViewLayer | Synchronizing object | GEO-armor-block-8904b2af208c0ad89e05--FINISH--recess-shadow-sea
Fra:1 Mem:85.70M (Peak 85.70M) | Time:00:00.03 | Mem:0.00M, Peak:0.00M | Scene, ViewLayer | Synchronizing object | GEO-armor-block-8904b2af208c0ad89e05--FINISH--upper-stepped-sho
Fra:1 Mem:85.70M (Peak 85.70M) | Time:00:00.03 | Mem:0.00M, Peak:0.00M | Scene, ViewLayer | Synchronizing object | GEO-armor-block-8904b2af208c0ad89e05--FINISH--utility-removable
Fra:1 Mem:85.71M (Peak 85.71M) | Time:00:00.03 | Mem:0.00M, Peak:0.00M | Scene, ViewLayer | Synchronizing object | GEO-armor-block-8904b2af208c0ad89e05--FINISH--utility-status-le
Fra:1 Mem:85.71M (Peak 85.71M) | Time:00:00.03 | Mem:0.00M, Peak:0.00M | Scene, ViewLayer | Synchronizing object | GEO-armor-block-d475f516a65773f4c21e--BACKING--closed-incoming-
Fra:1 Mem:85.72M (Peak 85.72M) | Time:00:00.03 | Mem:0.00M, Peak:0.00M | Scene, ViewLayer | Synchronizing object | GEO-armor-block-d475f516a65773f4c21e--BACKING--closed-outgoing-
Fra:1 Mem:85.73M (Peak 85.73M) | Time:00:00.03 | Mem:0.00M, Peak:0.00M | Scene, ViewLayer | Synchronizing object | GEO-armor-block-d475f516a65773f4c21e--BACKING--closed-solid-bod
Fra:1 Mem:85.73M (Peak 85.73M) | Time:00:00.03 | Mem:0.00M, Peak:0.00M | Scene, ViewLayer | Synchronizing object | GEO-armor-block-d475f516a65773f4c21e--FINISH--cyan-flush-status
Fra:1 Mem:85.73M (Peak 85.73M) | Time:00:00.03 | Mem:0.00M, Peak:0.00M | Scene, ViewLayer | Synchronizing object | GEO-armor-block-d475f516a65773f4c21e--FINISH--interchangeable-p
Fra:1 Mem:85.74M (Peak 85.74M) | Time:00:00.03 | Mem:0.00M, Peak:0.00M | Scene, ViewLayer | Synchronizing object | GEO-armor-block-d475f516a65773f4c21e--FINISH--lower-impact-
Fra:1 Mem:85.75M (Peak 85.75M) | Time:00:00.03 | Mem:0.00M, Peak:0.00M | Scene, ViewLayer | Synchronizing object | GEO-armor-block-d475f516a65773f4c21e--FINISH--lower-impact-.001
Fra:1 Mem:85.75M (Peak 85.75M) | Time:00:00.03 | Mem:0.00M, Peak:0.00M | Scene, ViewLayer | Synchronizing object | GEO-armor-block-d475f516a65773f4c21e--FINISH--lower-impact-rail
Fra:1 Mem:85.77M (Peak 85.77M) | Time:00:00.03 | Mem:0.00M, Peak:0.00M | Scene, ViewLayer | Synchronizing object | GEO-armor-block-d475f516a65773f4c21e--FINISH--pale-wrapped-
Fra:1 Mem:85.76M (Peak 85.77M) | Time:00:00.03 | Mem:0.00M, Peak:0.00M | Scene, ViewLayer | Synchronizing object | GEO-armor-block-d475f516a65773f4c21e--FINISH--pale-wrapped-conn
Fra:1 Mem:85.78M (Peak 85.78M) | Time:00:00.03 | Mem:0.00M, Peak:0.00M | Scene, ViewLayer | Synchronizing object | GEO-armor-block-d475f516a65773f4c21e--FINISH--recess-shadow-sea
Fra:1 Mem:85.78M (Peak 85.78M) | Time:00:00.03 | Mem:0.00M, Peak:0.00M | Scene, ViewLayer | Synchronizing object | GEO-armor-block-d475f516a65773f4c21e--FINISH--upper-stepped-sho
Fra:1 Mem:85.79M (Peak 85.79M) | Time:00:00.03 | Mem:0.00M, Peak:0.00M | Scene, ViewLayer | Synchronizing object | GEO-armor-block-97e82a0a2ae19def921f--BACKING--closed-incoming-
Fra:1 Mem:85.78M (Peak 85.79M) | Time:00:00.03 | Mem:0.00M, Peak:0.00M | Scene, ViewLayer | Synchronizing object | GEO-armor-block-97e82a0a2ae19def921f--BACKING--closed-outgoing-
Fra:1 Mem:85.79M (Peak 85.79M) | Time:00:00.03 | Mem:0.00M, Peak:0.00M | Scene, ViewLayer | Synchronizing object | GEO-armor-block-97e82a0a2ae19def921f--BACKING--closed-solid-bod
Fra:1 Mem:85.79M (Peak 85.79M) | Time:00:00.03 | Mem:0.00M, Peak:0.00M | Scene, ViewLayer | Synchronizing object | GEO-armor-block-97e82a0a2ae19def921f--FINISH--cyan-flush-status
Fra:1 Mem:85.79M (Peak 85.79M) | Time:00:00.03 | Mem:0.00M, Peak:0.00M | Scene, ViewLayer | Synchronizing object | GEO-armor-block-97e82a0a2ae19def921f--FINISH--interchangeable-p
Fra:1 Mem:85.80M (Peak 85.80M) | Time:00:00.03 | Mem:0.00M, Peak:0.00M | Scene, ViewLayer | Synchronizing object | GEO-armor-block-97e82a0a2ae19def921f--FINISH--lower-impact-
Fra:1 Mem:85.81M (Peak 85.81M) | Time:00:00.03 | Mem:0.00M, Peak:0.00M | Scene, ViewLayer | Synchronizing object | GEO-armor-block-97e82a0a2ae19def921f--FINISH--lower-impact-.001
Fra:1 Mem:85.83M (Peak 85.83M) | Time:00:00.03 | Mem:0.00M, Peak:0.00M | Scene, ViewLayer | Synchronizing object | GEO-armor-block-97e82a0a2ae19def921f--FINISH--lower-impact-rail
Fra:1 Mem:85.83M (Peak 85.83M) | Time:00:00.03 | Mem:0.00M, Peak:0.00M | Scene, ViewLayer | Synchronizing object | GEO-armor-block-97e82a0a2ae19def921f--FINISH--pale-wrapped-
Fra:1 Mem:85.85M (Peak 85.85M) | Time:00:00.03 | Mem:0.00M, Peak:0.00M | Scene, ViewLayer | Synchronizing object | GEO-armor-block-50c9e43a8c6ba5af5141--FINISH--upper-stepped-sho
Fra:1 Mem:85.86M (Peak 85.86M) | Time:00:00.03 | Mem:0.00M, Peak:0.00M | Scene, ViewLayer | Synchronizing object | GEO-armor-block-50c9e43a8c6ba5af5141--FINISH--recess-shadow-sea
Fra:1 Mem:85.86M (Peak 85.86M) | Time:00:00.03 | Mem:0.00M, Peak:0.00M | Scene, ViewLayer | Synchronizing object | GEO-armor-block-50c9e43a8c6ba5af5141--FINISH--pale-wrapped-conn
Fra:1 Mem:85.87M (Peak 85.87M) | Time:00:00.03 | Mem:0.00M, Peak:0.00M | Scene, ViewLayer | Synchronizing object | GEO-armor-block-50c9e43a8c6ba5af5141--FINISH--pale-wrapped-
Fra:1 Mem:85.87M (Peak 85.87M) | Time:00:00.03 | Mem:0.00M, Peak:0.00M | Scene, ViewLayer | Synchronizing object | GEO-armor-block-97e82a0a2ae19def921f--FINISH--pale-wrapped-conn
Fra:1 Mem:85.86M (Peak 85.87M) | Time:00:00.03 | Mem:0.00M, Peak:0.00M | Scene, ViewLayer | Synchronizing object | GEO-armor-block-50c9e43a8c6ba5af5141--FINISH--lower-impact-rail
Fra:1 Mem:85.89M (Peak 85.89M) | Time:00:00.03 | Mem:0.00M, Peak:0.00M | Scene, ViewLayer | Synchronizing object | GEO-armor-block-97e82a0a2ae19def921f--FINISH--upper-stepped-sho
Fra:1 Mem:85.87M (Peak 85.89M) | Time:00:00.03 | Mem:0.00M, Peak:0.00M | Scene, ViewLayer | Synchronizing object | GEO-armor-block-57b42efda0a7a7d9ffdd--BACKING--closed-junction-
Fra:1 Mem:85.90M (Peak 85.90M) | Time:00:00.03 | Mem:0.00M, Peak:0.00M | Scene, ViewLayer | Synchronizing object | GEO-armor-block-57b42efda0a7a7d9ffdd--FINISH--junction-lower-na
Fra:1 Mem:85.91M (Peak 85.91M) | Time:00:00.03 | Mem:0.00M, Peak:0.00M | Scene, ViewLayer | Synchronizing object | GEO-armor-block-57b42efda0a7a7d9ffdd--FINISH--junction-upper-na
Fra:1 Mem:85.92M (Peak 85.92M) | Time:00:00.03 | Mem:0.00M, Peak:0.00M | Scene, ViewLayer | Synchronizing object | GEO-armor-block-50c9e43a8c6ba5af5141--BACKING--closed-solid-bod
Fra:1 Mem:85.93M (Peak 85.93M) | Time:00:00.03 | Mem:0.00M, Peak:0.00M | Scene, ViewLayer | Synchronizing object | GEO-armor-block-57b42efda0a7a7d9ffdd--FINISH--junction-wrapped-
Fra:1 Mem:85.92M (Peak 85.93M) | Time:00:00.03 | Mem:0.00M, Peak:0.00M | Scene, ViewLayer | Synchronizing object | GEO-armor-block-7c3af440c13bfbd854f7--BACKING--closed-incoming-
Fra:1 Mem:85.93M (Peak 85.93M) | Time:00:00.03 | Mem:0.00M, Peak:0.00M | Scene, ViewLayer | Synchronizing object | GEO-armor-block-7c3af440c13bfbd854f7--BACKING--closed-outgoing-
Fra:1 Mem:85.93M (Peak 85.93M) | Time:00:00.03 | Mem:0.00M, Peak:0.00M | Scene, ViewLayer | Synchronizing object | GEO-armor-block-7c3af440c13bfbd854f7--BACKING--closed-solid-bod
Fra:1 Mem:85.94M (Peak 85.94M) | Time:00:00.03 | Mem:0.00M, Peak:0.00M | Scene, ViewLayer | Synchronizing object | GEO-armor-block-7c3af440c13bfbd854f7--FINISH--cyan-flush-status
Fra:1 Mem:85.94M (Peak 85.94M) | Time:00:00.03 | Mem:0.00M, Peak:0.00M | Scene, ViewLayer | Synchronizing object | GEO-armor-block-7c3af440c13bfbd854f7--FINISH--interchangeable-r
Fra:1 Mem:85.94M (Peak 85.94M) | Time:00:00.03 | Mem:0.00M, Peak:0.00M | Scene, ViewLayer | Synchronizing object | GEO-armor-block-50c9e43a8c6ba5af5141--BACKING--closed-outgoing-
Fra:1 Mem:85.94M (Peak 85.94M) | Time:00:00.03 | Mem:0.00M, Peak:0.00M | Scene, ViewLayer | Synchronizing object | GEO-armor-block-7c3af440c13bfbd854f7--FINISH--lower-impact-
Fra:1 Mem:85.95M (Peak 85.95M) | Time:00:00.03 | Mem:0.00M, Peak:0.00M | Scene, ViewLayer | Synchronizing object | GEO-armor-block-7c3af440c13bfbd854f7--FINISH--lower-impact-.001
Fra:1 Mem:85.95M (Peak 85.95M) | Time:00:00.03 | Mem:0.00M, Peak:0.00M | Scene, ViewLayer | Synchronizing object | GEO-armor-block-7c3af440c13bfbd854f7--FINISH--lower-impact-rail
Fra:1 Mem:85.99M (Peak 85.99M) | Time:00:00.03 | Mem:0.00M, Peak:0.00M | Scene, ViewLayer | Synchronizing object | GEO-armor-block-204079fa21328c629295--FINISH--upper-stepped-sho
Fra:1 Mem:85.97M (Peak 85.99M) | Time:00:00.03 | Mem:0.00M, Peak:0.00M | Scene, ViewLayer | Synchronizing object | GEO-armor-block-7c3af440c13bfbd854f7--FINISH--pale-wrapped-
Fra:1 Mem:85.98M (Peak 85.99M) | Time:00:00.03 | Mem:0.00M, Peak:0.00M | Scene, ViewLayer | Synchronizing object | GEO-armor-block-7c3af440c13bfbd854f7--FINISH--recess-shadow-sea
Fra:1 Mem:85.99M (Peak 85.99M) | Time:00:00.03 | Mem:0.00M, Peak:0.00M | Scene, ViewLayer | Synchronizing object | GEO-armor-block-204079fa21328c629295--FINISH--recess-shadow-sea
Fra:1 Mem:86.00M (Peak 86.00M) | Time:00:00.03 | Mem:0.00M, Peak:0.00M | Scene, ViewLayer | Synchronizing object | GEO-armor-block-7c3af440c13bfbd854f7--FINISH--upper-stepped-sho
Fra:1 Mem:86.00M (Peak 86.00M) | Time:00:00.03 | Mem:0.00M, Peak:0.00M | Scene, ViewLayer | Synchronizing object | GEO-armor-block-075003ca42dee3ad88d4--BACKING--closed-junction-
Fra:1 Mem:86.00M (Peak 86.00M) | Time:00:00.03 | Mem:0.00M, Peak:0.00M | Scene, ViewLayer | Synchronizing object | GEO-armor-block-204079fa21328c629295--FINISH--pale-wrapped-conn
Fra:1 Mem:86.02M (Peak 86.02M) | Time:00:00.03 | Mem:0.00M, Peak:0.00M | Scene, ViewLayer | Synchronizing object | GEO-armor-block-075003ca42dee3ad88d4--FINISH--junction-lower-na
Fra:1 Mem:86.02M (Peak 86.02M) | Time:00:00.03 | Mem:0.00M, Peak:0.00M | Scene, ViewLayer | Synchronizing object | GEO-armor-block-075003ca42dee3ad88d4--FINISH--junction-upper-na
Fra:1 Mem:86.02M (Peak 86.02M) | Time:00:00.03 | Mem:0.00M, Peak:0.00M | Scene, ViewLayer | Synchronizing object | GEO-armor-block-204079fa21328c629295--FINISH--pale-wrapped-
Fra:1 Mem:86.04M (Peak 86.04M) | Time:00:00.03 | Mem:0.00M, Peak:0.00M | Scene, ViewLayer | Synchronizing object | GEO-armor-block-075003ca42dee3ad88d4--FINISH--junction-wrapped-
Fra:1 Mem:86.06M (Peak 86.06M) | Time:00:00.03 | Mem:0.00M, Peak:0.00M | Scene, ViewLayer | Synchronizing object | GEO-armor-block-204079fa21328c629295--FINISH--lower-impact-rail
Fra:1 Mem:86.05M (Peak 86.06M) | Time:00:00.03 | Mem:0.00M, Peak:0.00M | Scene, ViewLayer | Synchronizing object | GEO-armor-block-cb4ec70047162b4093b9--BACKING--closed-incoming-
Fra:1 Mem:86.05M (Peak 86.06M) | Time:00:00.03 | Mem:0.00M, Peak:0.00M | Scene, ViewLayer | Synchronizing object | GEO-armor-block-cb4ec70047162b4093b9--BACKING--closed-outgoing-
Fra:1 Mem:86.06M (Peak 86.06M) | Time:00:00.03 | Mem:0.00M, Peak:0.00M | Scene, ViewLayer | Synchronizing object | GEO-armor-block-cb4ec70047162b4093b9--BACKING--closed-solid-bod
Fra:1 Mem:86.05M (Peak 86.06M) | Time:00:00.03 | Mem:0.00M, Peak:0.00M | Scene, ViewLayer | Synchronizing object | GEO-armor-block-cb4ec70047162b4093b9--FINISH--cyan-flush-status
Fra:1 Mem:86.06M (Peak 86.06M) | Time:00:00.03 | Mem:0.00M, Peak:0.00M | Scene, ViewLayer | Synchronizing object | GEO-armor-block-cb4ec70047162b4093b9--FINISH--interchangeable-u
Fra:1 Mem:86.07M (Peak 86.07M) | Time:00:00.03 | Mem:0.00M, Peak:0.00M | Scene, ViewLayer | Synchronizing object | GEO-armor-block-cb4ec70047162b4093b9--FINISH--lower-impact-
Fra:1 Mem:86.08M (Peak 86.08M) | Time:00:00.03 | Mem:0.00M, Peak:0.00M | Scene, ViewLayer | Synchronizing object | GEO-armor-block-cb4ec70047162b4093b9--FINISH--lower-impact-.001
Fra:1 Mem:86.09M (Peak 86.09M) | Time:00:00.03 | Mem:0.00M, Peak:0.00M | Scene, ViewLayer | Synchronizing object | GEO-armor-block-204079fa21328c629295--BACKING--closed-solid-bod
Fra:1 Mem:86.11M (Peak 86.11M) | Time:00:00.03 | Mem:0.00M, Peak:0.00M | Scene, ViewLayer | Synchronizing object | GEO-armor-block-cb4ec70047162b4093b9--FINISH--lower-impact-rail
Fra:1 Mem:86.11M (Peak 86.11M) | Time:00:00.03 | Mem:0.00M, Peak:0.00M | Scene, ViewLayer | Synchronizing object | GEO-armor-block-cb4ec70047162b4093b9--FINISH--pale-wrapped-
Fra:1 Mem:86.11M (Peak 86.11M) | Time:00:00.03 | Mem:0.00M, Peak:0.00M | Scene, ViewLayer | Synchronizing object | GEO-armor-block-204079fa21328c629295--BACKING--closed-outgoing-
Fra:1 Mem:86.12M (Peak 86.12M) | Time:00:00.03 | Mem:0.00M, Peak:0.00M | Scene, ViewLayer | Synchronizing object | GEO-armor-block-cb4ec70047162b4093b9--FINISH--pale-wrapped-conn
Fra:1 Mem:86.12M (Peak 86.12M) | Time:00:00.03 | Mem:0.00M, Peak:0.00M | Scene, ViewLayer | Synchronizing object | GEO-armor-block-cb4ec70047162b4093b9--FINISH--recess-shadow-sea
Fra:1 Mem:86.10M (Peak 86.12M) | Time:00:00.03 | Mem:0.00M, Peak:0.00M | Scene, ViewLayer | Synchronizing object | GEO-armor-block-204079fa21328c629295--BACKING--closed-incoming-
Fra:1 Mem:86.12M (Peak 86.12M) | Time:00:00.03 | Mem:0.00M, Peak:0.00M | Scene, ViewLayer | Synchronizing object | GEO-armor-block-cb4ec70047162b4093b9--FINISH--upper-stepped-sho
Fra:1 Mem:86.13M (Peak 86.13M) | Time:00:00.03 | Mem:0.00M, Peak:0.00M | Scene, ViewLayer | Synchronizing object | GEO-armor-block-cb4ec70047162b4093b9--FINISH--utility-removable
Fra:1 Mem:86.13M (Peak 86.13M) | Time:00:00.03 | Mem:0.00M, Peak:0.00M | Scene, ViewLayer | Synchronizing object | GEO-armor-block-fc5a10216de60493ab08--FINISH--junction-wrapped-
Fra:1 Mem:86.14M (Peak 86.14M) | Time:00:00.03 | Mem:0.00M, Peak:0.00M | Scene, ViewLayer | Synchronizing object | GEO-armor-block-131df6537810373834cb--BACKING--closed-junction-
Fra:1 Mem:86.15M (Peak 86.15M) | Time:00:00.03 | Mem:0.00M, Peak:0.00M | Scene, ViewLayer | Synchronizing object | GEO-armor-block-131df6537810373834cb--FINISH--junction-lower-na
Fra:1 Mem:86.15M (Peak 86.15M) | Time:00:00.03 | Mem:0.00M, Peak:0.00M | Scene, ViewLayer | Synchronizing object | GEO-armor-block-131df6537810373834cb--FINISH--junction-upper-na
Fra:1 Mem:86.16M (Peak 86.16M) | Time:00:00.03 | Mem:0.00M, Peak:0.00M | Scene, ViewLayer | Synchronizing object | GEO-armor-block-131df6537810373834cb--FINISH--junction-wrapped-
Fra:1 Mem:86.17M (Peak 86.17M) | Time:00:00.03 | Mem:0.00M, Peak:0.00M | Scene, ViewLayer | Synchronizing object | GEO-armor-block-fc5a10216de60493ab08--FINISH--junction-upper-na
Fra:1 Mem:86.18M (Peak 86.18M) | Time:00:00.03 | Mem:0.00M, Peak:0.00M | Scene, ViewLayer | Synchronizing object | GEO-armor-block-edc8f579626e43feb839--BACKING--closed-junction-
Fra:1 Mem:86.18M (Peak 86.18M) | Time:00:00.03 | Mem:0.00M, Peak:0.00M | Scene, ViewLayer | Synchronizing object | GEO-armor-block-edc8f579626e43feb839--FINISH--junction-lower-na
Fra:1 Mem:86.19M (Peak 86.19M) | Time:00:00.03 | Mem:0.00M, Peak:0.00M | Scene, ViewLayer | Synchronizing object | GEO-armor-block-edc8f579626e43feb839--FINISH--junction-upper-na
Fra:1 Mem:86.19M (Peak 86.19M) | Time:00:00.03 | Mem:0.00M, Peak:0.00M | Scene, ViewLayer | Synchronizing object | GEO-armor-block-fc5a10216de60493ab08--FINISH--junction-lower-na
Fra:1 Mem:86.21M (Peak 86.21M) | Time:00:00.03 | Mem:0.00M, Peak:0.00M | Scene, ViewLayer | Synchronizing object | GEO-armor-block-edc8f579626e43feb839--FINISH--junction-wrapped-
Fra:1 Mem:86.21M (Peak 86.21M) | Time:00:00.03 | Mem:0.00M, Peak:0.00M | Scene, ViewLayer | Synchronizing object | GEO-armor-block-e7911c4aae9fd2fecbb8--BACKING--closed-incoming-
Fra:1 Mem:86.21M (Peak 86.21M) | Time:00:00.03 | Mem:0.00M, Peak:0.00M | Scene, ViewLayer | Synchronizing object | GEO-armor-block-e7911c4aae9fd2fecbb8--BACKING--closed-outgoing-
Fra:1 Mem:86.21M (Peak 86.21M) | Time:00:00.03 | Mem:0.00M, Peak:0.00M | Scene, ViewLayer | Synchronizing object | GEO-armor-block-fc5a10216de60493ab08--BACKING--closed-junction-
Fra:1 Mem:86.22M (Peak 86.22M) | Time:00:00.03 | Mem:0.00M, Peak:0.00M | Scene, ViewLayer | Synchronizing object | GEO-armor-block-e7911c4aae9fd2fecbb8--BACKING--closed-solid-bod
Fra:1 Mem:86.21M (Peak 86.22M) | Time:00:00.03 | Mem:0.00M, Peak:0.00M | Scene, ViewLayer | Synchronizing object | GEO-armor-block-e7911c4aae9fd2fecbb8--FINISH--deep-vent-lou
Fra:1 Mem:86.23M (Peak 86.23M) | Time:00:00.03 | Mem:0.00M, Peak:0.00M | Scene, ViewLayer | Synchronizing object | GEO-armor-block-649b14141fa27ecd47e6--FINISH--junction-wrapped-
Fra:1 Mem:86.23M (Peak 86.23M) | Time:00:00.03 | Mem:0.00M, Peak:0.00M | Scene, ViewLayer | Synchronizing object | GEO-armor-block-e7911c4aae9fd2fecbb8--FINISH--deep-vent-lou.001
Fra:1 Mem:86.23M (Peak 86.23M) | Time:00:00.03 | Mem:0.00M, Peak:0.00M | Scene, ViewLayer | Synchronizing object | GEO-armor-block-e7911c4aae9fd2fecbb8--FINISH--deep-vent-lou.002
Fra:1 Mem:86.24M (Peak 86.24M) | Time:00:00.03 | Mem:0.00M, Peak:0.00M | Scene, ViewLayer | Synchronizing object | GEO-armor-block-e7911c4aae9fd2fecbb8--FINISH--deep-vent-lou.003
Fra:1 Mem:86.25M (Peak 86.25M) | Time:00:00.03 | Mem:0.00M, Peak:0.00M | Scene, ViewLayer | Synchronizing object | GEO-armor-block-649b14141fa27ecd47e6--FINISH--junction-upper-na
Fra:1 Mem:86.24M (Peak 86.25M) | Time:00:00.03 | Mem:0.00M, Peak:0.00M | Scene, ViewLayer | Synchronizing object | GEO-armor-block-e7911c4aae9fd2fecbb8--FINISH--deep-vent-lou.004
Fra:1 Mem:86.25M (Peak 86.25M) | Time:00:00.03 | Mem:0.00M, Peak:0.00M | Scene, ViewLayer | Synchronizing object | GEO-armor-block-e7911c4aae9fd2fecbb8--FINISH--deep-vent-lou.005
Fra:1 Mem:86.25M (Peak 86.26M) | Time:00:00.03 | Mem:0.00M, Peak:0.00M | Scene, ViewLayer | Synchronizing object | GEO-armor-block-e7911c4aae9fd2fecbb8--FINISH--deep-vent-lou.006
Fra:1 Mem:86.27M (Peak 86.27M) | Time:00:00.03 | Mem:0.00M, Peak:0.00M | Scene, ViewLayer | Synchronizing object | GEO-armor-block-649b14141fa27ecd47e6--FINISH--junction-lower-na
Fra:1 Mem:86.26M (Peak 86.27M) | Time:00:00.03 | Mem:0.00M, Peak:0.00M | Scene, ViewLayer | Synchronizing object | GEO-armor-block-e7911c4aae9fd2fecbb8--FINISH--deep-vent-lou.007
Fra:1 Mem:86.27M (Peak 86.27M) | Time:00:00.03 | Mem:0.00M, Peak:0.00M | Scene, ViewLayer | Synchronizing object | GEO-armor-block-e7911c4aae9fd2fecbb8--FINISH--deep-vent-louver-
Fra:1 Mem:86.27M (Peak 86.27M) | Time:00:00.03 | Mem:0.00M, Peak:0.00M | Scene, ViewLayer | Synchronizing object | GEO-armor-block-e7911c4aae9fd2fecbb8--FINISH--interchangeable-v
Fra:1 Mem:86.28M (Peak 86.28M) | Time:00:00.03 | Mem:0.00M, Peak:0.00M | Scene, ViewLayer | Synchronizing object | GEO-armor-block-649b14141fa27ecd47e6--BACKING--closed-junction-
Fra:1 Mem:86.27M (Peak 86.28M) | Time:00:00.03 | Mem:0.00M, Peak:0.00M | Scene, ViewLayer | Synchronizing object | GEO-armor-block-e7911c4aae9fd2fecbb8--FINISH--lower-impact-
Fra:1 Mem:86.29M (Peak 86.29M) | Time:00:00.03 | Mem:0.00M, Peak:0.00M | Scene, ViewLayer | Synchronizing object | GEO-armor-block-e7911c4aae9fd2fecbb8--FINISH--lower-impact-.001
Fra:1 Mem:86.32M (Peak 86.32M) | Time:00:00.03 | Mem:0.00M, Peak:0.00M | Scene, ViewLayer | Synchronizing object | GEO-armor-block-e7911c4aae9fd2fecbb8--FINISH--lower-impact-rail
Fra:1 Mem:86.31M (Peak 86.32M) | Time:00:00.03 | Mem:0.00M, Peak:0.00M | Scene, ViewLayer | Synchronizing object | GEO-armor-block-e7911c4aae9fd2fecbb8--FINISH--vent-dark-well
Fra:1 Mem:86.32M (Peak 86.32M) | Time:00:00.03 | Mem:0.00M, Peak:0.00M | Scene, ViewLayer | Synchronizing object | GEO-armor-block-e7911c4aae9fd2fecbb8--FINISH--pale-wrapped-
Fra:1 Mem:86.33M (Peak 86.33M) | Time:00:00.03 | Mem:0.00M, Peak:0.00M | Scene, ViewLayer | Synchronizing object | GEO-armor-block-e7911c4aae9fd2fecbb8--FINISH--pale-wrapped-conn
Fra:1 Mem:86.31M (Peak 86.33M) | Time:00:00.03 | Mem:0.00M, Peak:0.00M | Scene, ViewLayer | Synchronizing object | GEO-armor-block-e7911c4aae9fd2fecbb8--FINISH--upper-stepped-sho
Fra:1 Mem:86.33M (Peak 86.33M) | Time:00:00.03 | Mem:0.00M, Peak:0.00M | Scene, ViewLayer | Synchronizing object | GEO-armor-block-e7911c4aae9fd2fecbb8--FINISH--recess-shadow-sea
Fra:1 Mem:86.32M (Peak 86.33M) | Time:00:00.03 | Mem:0.00M, Peak:0.00M | Scene, ViewLayer | Initializing
Fra:1 Mem:83.89M (Peak 86.33M) | Time:00:00.03 | Mem:0.00M, Peak:0.00M | Scene, ViewLayer | Updating Images | Loading armor-normal.024
Fra:1 Mem:83.89M (Peak 86.33M) | Time:00:00.03 | Mem:0.00M, Peak:0.00M | Scene, ViewLayer | Updating Images | Loading armor-basecolor
Fra:1 Mem:103.92M (Peak 111.91M) | Time:00:00.04 | Mem:4.00M, Peak:4.00M | Scene, ViewLayer | Updating Images | Loading armor-basecolor.003
Fra:1 Mem:115.92M (Peak 119.93M) | Time:00:00.05 | Mem:8.00M, Peak:8.00M | Scene, ViewLayer | Updating Images | Loading armor-roughness.003
Fra:1 Mem:115.92M (Peak 123.93M) | Time:00:00.05 | Mem:12.00M, Peak:12.00M | Scene, ViewLayer | Updating Images | Loading armor-normal.003
Fra:1 Mem:111.91M (Peak 123.93M) | Time:00:00.05 | Mem:16.00M, Peak:16.00M | Scene, ViewLayer | Updating Images | Loading armor-roughness.024
Fra:1 Mem:123.91M (Peak 139.93M) | Time:00:00.06 | Mem:24.00M, Peak:24.00M | Scene, ViewLayer | Updating Images | Loading armor-roughness.005
Fra:1 Mem:123.91M (Peak 139.93M) | Time:00:00.06 | Mem:24.00M, Peak:24.00M | Scene, ViewLayer | Updating Images | Loading armor-basecolor.005
Fra:1 Mem:123.91M (Peak 139.93M) | Time:00:00.06 | Mem:28.00M, Peak:28.00M | Scene, ViewLayer | Updating Images | Loading armor-normal.005
Fra:1 Mem:127.91M (Peak 139.93M) | Time:00:00.09 | Mem:32.00M, Peak:32.00M | Scene, ViewLayer | Updating Images | Loading armor-basecolor.024
Fra:1 Mem:147.92M (Peak 155.93M) | Time:00:00.10 | Mem:36.00M, Peak:36.00M | Scene, ViewLayer | Updating Images | Loading armor-basecolor.002
Fra:1 Mem:143.92M (Peak 155.93M) | Time:00:00.10 | Mem:40.00M, Peak:40.00M | Scene, ViewLayer | Updating Images | Loading armor-roughness.002
Fra:1 Mem:139.91M (Peak 155.93M) | Time:00:00.10 | Mem:44.00M, Peak:44.00M | Scene, ViewLayer | Updating Images | Loading armor-normal.002
Fra:1 Mem:143.91M (Peak 155.93M) | Time:00:00.10 | Mem:48.00M, Peak:48.00M | Scene, ViewLayer | Updating Images | Loading armor-normal.023
Fra:1 Mem:155.92M (Peak 163.93M) | Time:00:00.13 | Mem:52.00M, Peak:52.00M | Scene, ViewLayer | Updating Images | Loading armor-basecolor.004
Fra:1 Mem:151.91M (Peak 163.93M) | Time:00:00.13 | Mem:56.00M, Peak:56.00M | Scene, ViewLayer | Updating Images | Loading armor-roughness.004
Fra:1 Mem:163.92M (Peak 171.93M) | Time:00:00.14 | Mem:60.00M, Peak:60.00M | Scene, ViewLayer | Updating Images | Loading armor-roughness.023
Fra:1 Mem:159.91M (Peak 171.93M) | Time:00:00.14 | Mem:64.00M, Peak:64.00M | Scene, ViewLayer | Updating Images | Loading armor-normal.004
Fra:1 Mem:183.93M (Peak 191.94M) | Time:00:00.16 | Mem:68.00M, Peak:68.00M | Scene, ViewLayer | Updating Images | Loading armor-basecolor.018
Fra:1 Mem:179.92M (Peak 191.94M) | Time:00:00.16 | Mem:72.00M, Peak:72.00M | Scene, ViewLayer | Updating Images | Loading armor-basecolor.023
Fra:1 Mem:175.92M (Peak 191.94M) | Time:00:00.16 | Mem:76.00M, Peak:76.00M | Scene, ViewLayer | Updating Images | Loading armor-roughness.018
Fra:1 Mem:191.93M (Peak 199.94M) | Time:00:00.17 | Mem:80.00M, Peak:80.00M | Scene, ViewLayer | Updating Images | Loading armor-normal.018
Fra:1 Mem:187.92M (Peak 199.94M) | Time:00:00.17 | Mem:84.00M, Peak:84.00M | Scene, ViewLayer | Updating Images | Loading armor-normal.022
Fra:1 Mem:195.92M (Peak 203.94M) | Time:00:00.19 | Mem:88.00M, Peak:88.00M | Scene, ViewLayer | Updating Images | Loading armor-basecolor.006
Fra:1 Mem:199.92M (Peak 207.94M) | Time:00:00.20 | Mem:92.00M, Peak:92.00M | Scene, ViewLayer | Updating Images | Loading armor-roughness.006
Fra:1 Mem:207.92M (Peak 211.94M) | Time:00:00.20 | Mem:96.00M, Peak:96.00M | Scene, ViewLayer | Updating Images | Loading armor-normal.006
Fra:1 Mem:203.92M (Peak 211.94M) | Time:00:00.20 | Mem:100.00M, Peak:100.00M | Scene, ViewLayer | Updating Images | Loading armor-basecolor.007
Fra:1 Mem:199.91M (Peak 211.94M) | Time:00:00.21 | Mem:104.00M, Peak:104.00M | Scene, ViewLayer | Updating Images | Loading armor-roughness.007
Fra:1 Mem:203.91M (Peak 211.94M) | Time:00:00.21 | Mem:108.00M, Peak:108.00M | Scene, ViewLayer | Updating Images | Loading armor-roughness.022
Fra:1 Mem:207.91M (Peak 215.92M) | Time:00:00.21 | Mem:112.00M, Peak:112.00M | Scene, ViewLayer | Updating Images | Loading armor-normal.007
Fra:1 Mem:231.93M (Peak 239.94M) | Time:00:00.22 | Mem:116.00M, Peak:116.00M | Scene, ViewLayer | Updating Images | Loading armor-basecolor.015
Fra:1 Mem:231.92M (Peak 239.94M) | Time:00:00.22 | Mem:120.00M, Peak:120.00M | Scene, ViewLayer | Updating Images | Loading armor-basecolor.022
Fra:1 Mem:227.92M (Peak 239.94M) | Time:00:00.23 | Mem:124.00M, Peak:124.00M | Scene, ViewLayer | Updating Images | Loading armor-roughness.015
Fra:1 Mem:247.93M (Peak 255.94M) | Time:00:00.24 | Mem:128.00M, Peak:128.00M | Scene, ViewLayer | Updating Images | Loading armor-normal.015
Fra:1 Mem:243.92M (Peak 255.94M) | Time:00:00.24 | Mem:132.00M, Peak:132.00M | Scene, ViewLayer | Updating Images | Loading armor-normal.021
Fra:1 Mem:239.92M (Peak 255.94M) | Time:00:00.24 | Mem:136.00M, Peak:136.00M | Scene, ViewLayer | Updating Images | Loading armor-basecolor.001
Fra:1 Mem:243.92M (Peak 255.94M) | Time:00:00.27 | Mem:140.00M, Peak:140.00M | Scene, ViewLayer | Updating Images | Loading armor-roughness.001
Fra:1 Mem:239.91M (Peak 255.94M) | Time:00:00.27 | Mem:144.00M, Peak:144.00M | Scene, ViewLayer | Updating Images | Loading armor-roughness.021
Fra:1 Mem:251.92M (Peak 259.93M) | Time:00:00.27 | Mem:148.00M, Peak:148.00M | Scene, ViewLayer | Updating Images | Loading armor-normal.001
Fra:1 Mem:247.91M (Peak 259.93M) | Time:00:00.28 | Mem:152.00M, Peak:152.00M | Scene, ViewLayer | Updating Images | Loading armor-basecolor.008
Fra:1 Mem:259.92M (Peak 267.93M) | Time:00:00.28 | Mem:156.00M, Peak:156.00M | Scene, ViewLayer | Updating Images | Loading armor-roughness.008
Fra:1 Mem:263.92M (Peak 271.93M) | Time:00:00.28 | Mem:160.00M, Peak:160.00M | Scene, ViewLayer | Updating Images | Loading armor-basecolor.021
Fra:1 Mem:267.92M (Peak 275.93M) | Time:00:00.32 | Mem:164.00M, Peak:164.00M | Scene, ViewLayer | Updating Images | Loading armor-normal.008
Fra:1 Mem:263.91M (Peak 275.93M) | Time:00:00.32 | Mem:168.00M, Peak:168.00M | Scene, ViewLayer | Updating Images | Loading armor-basecolor.009
Fra:1 Mem:267.91M (Peak 275.93M) | Time:00:00.33 | Mem:172.00M, Peak:172.00M | Scene, ViewLayer | Updating Images | Loading armor-roughness.009
Fra:1 Mem:279.92M (Peak 287.93M) | Time:00:00.33 | Mem:176.00M, Peak:176.00M | Scene, ViewLayer | Updating Images | Loading armor-normal.009
Fra:1 Mem:275.91M (Peak 287.93M) | Time:00:00.34 | Mem:180.00M, Peak:180.00M | Scene, ViewLayer | Updating Images | Loading armor-normal.020
Fra:1 Mem:287.92M (Peak 295.93M) | Time:00:00.38 | Mem:184.00M, Peak:184.00M | Scene, ViewLayer | Updating Images | Loading armor-basecolor.010
Fra:1 Mem:283.91M (Peak 295.93M) | Time:00:00.38 | Mem:188.00M, Peak:188.00M | Scene, ViewLayer | Updating Images | Loading armor-roughness.010
Fra:1 Mem:295.92M (Peak 303.93M) | Time:00:00.38 | Mem:192.00M, Peak:192.00M | Scene, ViewLayer | Updating Images | Loading armor-normal.010
Fra:1 Mem:291.91M (Peak 303.93M) | Time:00:00.38 | Mem:196.00M, Peak:196.00M | Scene, ViewLayer | Updating Images | Loading armor-roughness.020
Fra:1 Mem:295.91M (Peak 303.93M) | Time:00:00.39 | Mem:200.00M, Peak:200.00M | Scene, ViewLayer | Updating Images | Loading armor-basecolor.011
Fra:1 Mem:315.93M (Peak 323.94M) | Time:00:00.44 | Mem:204.00M, Peak:204.00M | Scene, ViewLayer | Updating Images | Loading armor-basecolor.020
Fra:1 Mem:311.92M (Peak 323.94M) | Time:00:00.44 | Mem:208.00M, Peak:208.00M | Scene, ViewLayer | Updating Images | Loading armor-roughness.011
Fra:1 Mem:307.91M (Peak 323.94M) | Time:00:00.44 | Mem:212.00M, Peak:212.00M | Scene, ViewLayer | Updating Images | Loading armor-normal.011
Fra:1 Mem:327.93M (Peak 335.94M) | Time:00:00.45 | Mem:216.00M, Peak:216.00M | Scene, ViewLayer | Updating Images | Loading armor-basecolor.012
Fra:1 Mem:331.93M (Peak 339.94M) | Time:00:00.47 | Mem:220.00M, Peak:220.00M | Scene, ViewLayer | Updating Images | Loading armor-roughness.012
Fra:1 Mem:327.92M (Peak 339.94M) | Time:00:00.47 | Mem:224.00M, Peak:224.00M | Scene, ViewLayer | Updating Images | Loading armor-normal.019
Fra:1 Mem:335.93M (Peak 343.94M) | Time:00:00.48 | Mem:228.00M, Peak:228.00M | Scene, ViewLayer | Updating Images | Loading armor-roughness.019
Fra:1 Mem:343.93M (Peak 351.94M) | Time:00:00.48 | Mem:232.00M, Peak:232.00M | Scene, ViewLayer | Updating Images | Loading armor-normal.012
Fra:1 Mem:339.92M (Peak 351.94M) | Time:00:00.48 | Mem:236.00M, Peak:236.00M | Scene, ViewLayer | Updating Images | Loading armor-basecolor.013
Fra:1 Mem:335.91M (Peak 351.94M) | Time:00:00.48 | Mem:240.00M, Peak:240.00M | Scene, ViewLayer | Updating Images | Loading armor-roughness.013
Fra:1 Mem:351.93M (Peak 359.94M) | Time:00:00.49 | Mem:244.00M, Peak:244.00M | Scene, ViewLayer | Updating Images | Loading armor-normal.013
Fra:1 Mem:351.92M (Peak 359.94M) | Time:00:00.49 | Mem:248.00M, Peak:248.00M | Scene, ViewLayer | Updating Images | Loading armor-basecolor.019
Fra:1 Mem:347.91M (Peak 359.94M) | Time:00:00.49 | Mem:252.00M, Peak:252.00M | Scene, ViewLayer | Updating Images | Loading armor-basecolor.014
Fra:1 Mem:351.91M (Peak 359.94M) | Time:00:00.53 | Mem:256.00M, Peak:256.00M | Scene, ViewLayer | Updating Images | Loading armor-roughness.014
Fra:1 Mem:355.91M (Peak 371.93M) | Time:00:00.53 | Mem:260.00M, Peak:260.00M | Scene, ViewLayer | Updating Images | Loading armor-normal.014
Fra:1 Mem:355.91M (Peak 371.93M) | Time:00:00.53 | Mem:264.00M, Peak:264.00M | Scene, ViewLayer | Updating Images | Loading armor-normal.017
Fra:1 Mem:367.92M (Peak 375.93M) | Time:00:00.54 | Mem:268.00M, Peak:268.00M | Scene, ViewLayer | Updating Images | Loading armor-basecolor.016
Fra:1 Mem:375.92M (Peak 391.94M) | Time:00:00.59 | Mem:272.00M, Peak:272.00M | Scene, ViewLayer | Updating Images | Loading armor-roughness.016
Fra:1 Mem:375.92M (Peak 391.94M) | Time:00:00.59 | Mem:276.00M, Peak:276.00M | Scene, ViewLayer | Updating Images | Loading armor-normal.016
Fra:1 Mem:375.91M (Peak 391.94M) | Time:00:00.59 | Mem:280.00M, Peak:280.00M | Scene, ViewLayer | Updating Images | Loading armor-roughness.017
Fra:1 Mem:387.92M (Peak 395.93M) | Time:00:00.60 | Mem:284.00M, Peak:284.00M | Scene, ViewLayer | Updating Images | Loading armor-basecolor.017
Fra:1 Mem:365.26M (Peak 399.93M) | Time:00:00.69 | Mem:300.00M, Peak:300.00M | Scene, ViewLayer | Waiting for render to start
Fra:1 Mem:365.26M (Peak 399.93M) | Time:00:00.69 | Mem:300.00M, Peak:300.00M | Scene, ViewLayer | Loading render kernels (may take a few minutes the first time)
Fra:1 Mem:365.26M (Peak 399.93M) | Time:00:00.69 | Mem:300.00M, Peak:300.00M | Scene, ViewLayer | Updating Scene
Fra:1 Mem:365.26M (Peak 399.93M) | Time:00:00.69 | Mem:300.00M, Peak:300.00M | Scene, ViewLayer | Updating Shaders
Fra:1 Mem:365.37M (Peak 399.93M) | Time:00:00.69 | Mem:300.03M, Peak:300.03M | Scene, ViewLayer | Updating Procedurals
Fra:1 Mem:365.37M (Peak 399.93M) | Time:00:00.69 | Mem:300.03M, Peak:300.03M | Scene, ViewLayer | Updating Background
Fra:1 Mem:365.37M (Peak 399.93M) | Time:00:00.69 | Mem:300.03M, Peak:300.03M | Scene, ViewLayer | Updating Camera
Fra:1 Mem:365.37M (Peak 399.93M) | Time:00:00.69 | Mem:300.03M, Peak:300.03M | Scene, ViewLayer | Updating Meshes Flags
Fra:1 Mem:365.37M (Peak 399.93M) | Time:00:00.69 | Mem:300.03M, Peak:300.03M | Scene, ViewLayer | Updating Objects
Fra:1 Mem:365.37M (Peak 399.93M) | Time:00:00.69 | Mem:300.03M, Peak:300.03M | Scene, ViewLayer | Updating Objects | Copying Transformations to device
Fra:1 Mem:365.52M (Peak 399.93M) | Time:00:00.69 | Mem:300.17M, Peak:300.17M | Scene, ViewLayer | Updating Objects | Applying Static Transformations
Fra:1 Mem:365.52M (Peak 399.93M) | Time:00:00.69 | Mem:300.17M, Peak:300.17M | Scene, ViewLayer | Updating Particle Systems
Fra:1 Mem:365.52M (Peak 399.93M) | Time:00:00.69 | Mem:300.17M, Peak:300.17M | Scene, ViewLayer | Updating Particle Systems | Copying Particles to device
Fra:1 Mem:365.52M (Peak 399.93M) | Time:00:00.69 | Mem:300.17M, Peak:300.17M | Scene, ViewLayer | Updating Meshes
Fra:1 Mem:365.60M (Peak 399.93M) | Time:00:00.69 | Mem:300.17M, Peak:300.17M | Scene, ViewLayer | Updating Mesh | Computing attributes
Fra:1 Mem:366.25M (Peak 399.93M) | Time:00:00.69 | Mem:300.21M, Peak:300.21M | Scene, ViewLayer | Updating Mesh | Copying Attributes to device
Fra:1 Mem:366.14M (Peak 399.93M) | Time:00:00.69 | Mem:300.72M, Peak:300.72M | Scene, ViewLayer | Updating Geometry BVH MESH-armor-block-d3fa0e462a519b5f36f8-closed-outgoing-wrapped-b 1/114 | Building BVH
Fra:1 Mem:366.14M (Peak 399.93M) | Time:00:00.69 | Mem:300.72M, Peak:300.72M | Scene, ViewLayer | Updating Geometry BVH MESH-armor-block-137dbd4b0d514b60c4c3-utility-status-lens 114/114 | Building BVH
Fra:1 Mem:366.14M (Peak 399.93M) | Time:00:00.69 | Mem:300.72M, Peak:300.72M | Scene, ViewLayer | Updating Geometry BVH MESH-armor-block-137dbd4b0d514b60c4c3-utility-status-lens 114/114 | Building BVH 0%
Fra:1 Mem:366.14M (Peak 399.93M) | Time:00:00.69 | Mem:300.72M, Peak:300.72M | Scene, ViewLayer | Updating Geometry BVH MESH-armor-block-d3fa0e462a519b5f36f8-pale-wrapped-connector-ou 3/114 | Building BVH
Fra:1 Mem:366.14M (Peak 399.93M) | Time:00:00.69 | Mem:300.72M, Peak:300.72M | Scene, ViewLayer | Updating Geometry BVH MESH-armor-block-d3fa0e462a519b5f36f8-closed-solid-body 5/114 | Building BVH
Fra:1 Mem:366.14M (Peak 399.93M) | Time:00:00.69 | Mem:300.73M, Peak:300.73M | Scene, ViewLayer | Updating Geometry BVH MESH-armor-block-d3fa0e462a519b5f36f8-closed-incoming-wrapped-b 6/114 | Building BVH
Fra:1 Mem:366.14M (Peak 399.93M) | Time:00:00.69 | Mem:300.73M, Peak:300.73M | Scene, ViewLayer | Updating Geometry BVH MESH-armor-block-d3fa0e462a519b5f36f8-lower-impact-rail-left 7/114 | Building BVH
Fra:1 Mem:366.14M (Peak 399.93M) | Time:00:00.69 | Mem:300.73M, Peak:300.73M | Scene, ViewLayer | Updating Geometry BVH MESH-armor-block-d3fa0e462a519b5f36f8-pale-wrapped-connector-in 8/114 | Building BVH
Fra:1 Mem:366.14M (Peak 399.93M) | Time:00:00.69 | Mem:300.73M, Peak:300.73M | Scene, ViewLayer | Updating Geometry BVH MESH-armor-block-137dbd4b0d514b60c4c3-pale-wrapped-connector-ou 111/114 | Building BVH
Fra:1 Mem:366.14M (Peak 399.93M) | Time:00:00.69 | Mem:300.74M, Peak:300.74M | Scene, ViewLayer | Updating Geometry BVH MESH-armor-block-d3fa0e462a519b5f36f8-lower-impact-rail-right 10/114 | Building BVH
Fra:1 Mem:366.14M (Peak 399.93M) | Time:00:00.69 | Mem:300.74M, Peak:300.74M | Scene, ViewLayer | Updating Geometry BVH MESH-armor-block-137dbd4b0d514b60c4c3-upper-stepped-shoulder 110/114 | Building BVH
Fra:1 Mem:366.14M (Peak 399.93M) | Time:00:00.69 | Mem:300.74M, Peak:300.74M | Scene, ViewLayer | Updating Geometry BVH MESH-armor-block-d3fa0e462a519b5f36f8-lower-impact-rail-cut-poc 11/114 | Building BVH
Fra:1 Mem:366.14M (Peak 399.93M) | Time:00:00.69 | Mem:300.74M, Peak:300.74M | Scene, ViewLayer | Updating Geometry BVH MESH-armor-block-137dbd4b0d514b60c4c3-lower-impact-rail-right 109/114 | Building BVH
Fra:1 Mem:366.14M (Peak 399.93M) | Time:00:00.69 | Mem:300.74M, Peak:300.74M | Scene, ViewLayer | Updating Geometry BVH MESH-armor-block-137dbd4b0d514b60c4c3-lower-impact-rail-left 108/114 | Building BVH
Fra:1 Mem:366.14M (Peak 399.93M) | Time:00:00.69 | Mem:300.74M, Peak:300.74M | Scene, ViewLayer | Updating Geometry BVH MESH-armor-block-db7ed5477c90dcffe64f-deep-vent-louver-8 13/114 | Building BVH
Fra:1 Mem:366.14M (Peak 399.93M) | Time:00:00.69 | Mem:300.75M, Peak:300.75M | Scene, ViewLayer | Updating Geometry BVH MESH-armor-block-db7ed5477c90dcffe64f-recess-shadow-seat 14/114 | Building BVH
Fra:1 Mem:366.14M (Peak 399.93M) | Time:00:00.69 | Mem:300.75M, Peak:300.75M | Scene, ViewLayer | Updating Geometry BVH MESH-armor-block-db7ed5477c90dcffe64f-deep-vent-louver-2 15/114 | Building BVH
Fra:1 Mem:366.14M (Peak 399.93M) | Time:00:00.69 | Mem:300.75M, Peak:300.75M | Scene, ViewLayer | Updating Geometry BVH MESH-armor-block-db7ed5477c90dcffe64f-deep-vent-louver-6 16/114 | Building BVH
Fra:1 Mem:366.14M (Peak 399.93M) | Time:00:00.69 | Mem:300.75M, Peak:300.75M | Scene, ViewLayer | Updating Geometry BVH MESH-armor-block-137dbd4b0d514b60c4c3-closed-solid-body 107/114 | Building BVH
Fra:1 Mem:366.14M (Peak 399.93M) | Time:00:00.69 | Mem:300.75M, Peak:300.75M | Scene, ViewLayer | Updating Geometry BVH MESH-armor-block-db7ed5477c90dcffe64f-deep-vent-louver-4 17/114 | Building BVH
Fra:1 Mem:366.14M (Peak 399.93M) | Time:00:00.69 | Mem:300.76M, Peak:300.76M | Scene, ViewLayer | Updating Geometry BVH MESH-armor-block-137dbd4b0d514b60c4c3-pale-wrapped-connector-in 106/114 | Building BVH
Fra:1 Mem:366.14M (Peak 399.93M) | Time:00:00.69 | Mem:300.76M, Peak:300.76M | Scene, ViewLayer | Updating Geometry BVH MESH-armor-block-db7ed5477c90dcffe64f-vent-dark-well 19/114 | Building BVH
Fra:1 Mem:366.14M (Peak 399.93M) | Time:00:00.69 | Mem:300.76M, Peak:300.76M | Scene, ViewLayer | Updating Geometry BVH MESH-armor-block-137dbd4b0d514b60c4c3-interchangeable-utility-f 105/114 | Building BVH
Fra:1 Mem:366.14M (Peak 399.93M) | Time:00:00.69 | Mem:300.77M, Peak:300.77M | Scene, ViewLayer | Updating Geometry BVH MESH-armor-block-db7ed5477c90dcffe64f-closed-incoming-wrapped-b 20/114 | Building BVH
Fra:1 Mem:366.14M (Peak 399.93M) | Time:00:00.69 | Mem:300.77M, Peak:300.77M | Scene, ViewLayer | Updating Geometry BVH MESH-armor-block-db7ed5477c90dcffe64f-closed-outgoing-wrapped-b 21/114 | Building BVH
Fra:1 Mem:366.14M (Peak 399.93M) | Time:00:00.69 | Mem:300.77M, Peak:300.77M | Scene, ViewLayer | Updating Geometry BVH MESH-armor-block-db7ed5477c90dcffe64f-pale-wrapped-connector-in 22/114 | Building BVH
Fra:1 Mem:366.14M (Peak 399.93M) | Time:00:00.69 | Mem:300.77M, Peak:300.77M | Scene, ViewLayer | Updating Geometry BVH MESH-armor-block-db7ed5477c90dcffe64f-cyan-flush-status-lens 24/114 | Building BVH
Fra:1 Mem:366.14M (Peak 399.93M) | Time:00:00.69 | Mem:300.78M, Peak:300.78M | Scene, ViewLayer | Updating Geometry BVH MESH-armor-block-137dbd4b0d514b60c4c3-lower-impact-rail-cut-poc 103/114 | Building BVH
Fra:1 Mem:366.14M (Peak 399.93M) | Time:00:00.69 | Mem:300.78M, Peak:300.78M | Scene, ViewLayer | Updating Geometry BVH MESH-armor-block-db7ed5477c90dcffe64f-deep-vent-louver-0 27/114 | Building BVH
Fra:1 Mem:366.14M (Peak 399.93M) | Time:00:00.69 | Mem:300.79M, Peak:300.79M | Scene, ViewLayer | Updating Geometry BVH MESH-armor-block-db7ed5477c90dcffe64f-upper-stepped-shoulder 28/114 | Building BVH
Fra:1 Mem:366.14M (Peak 399.93M) | Time:00:00.69 | Mem:300.79M, Peak:300.79M | Scene, ViewLayer | Updating Geometry BVH MESH-armor-block-db7ed5477c90dcffe64f-deep-vent-louver-1 30/114 | Building BVH
Fra:1 Mem:366.14M (Peak 399.93M) | Time:00:00.69 | Mem:300.79M, Peak:300.79M | Scene, ViewLayer | Updating Geometry BVH MESH-armor-block-db7ed5477c90dcffe64f-pale-wrapped-connector-ou 31/114 | Building BVH
Fra:1 Mem:366.14M (Peak 399.93M) | Time:00:00.69 | Mem:300.79M, Peak:300.80M | Scene, ViewLayer | Updating Geometry BVH MESH-armor-block-137dbd4b0d514b60c4c3-recess-shadow-seat 101/114 | Building BVH
Fra:1 Mem:366.14M (Peak 399.93M) | Time:00:00.69 | Mem:300.80M, Peak:300.80M | Scene, ViewLayer | Updating Geometry BVH MESH-armor-block-db7ed5477c90dcffe64f-closed-solid-body 34/114 | Building BVH
Fra:1 Mem:366.14M (Peak 399.93M) | Time:00:00.69 | Mem:300.80M, Peak:300.80M | Scene, ViewLayer | Updating Geometry BVH MESH-armor-block-15a405777ecce0335b21-closed-junction-wedge 35/114 | Building BVH
Fra:1 Mem:366.14M (Peak 399.93M) | Time:00:00.69 | Mem:300.81M, Peak:300.81M | Scene, ViewLayer | Updating Geometry BVH MESH-armor-block-15a405777ecce0335b21-junction-wrapped-pale-con 36/114 | Building BVH
Fra:1 Mem:366.14M (Peak 399.93M) | Time:00:00.69 | Mem:300.81M, Peak:300.81M | Scene, ViewLayer | Updating Geometry BVH MESH-armor-block-15a405777ecce0335b21-junction-lower-navy-shoe 38/114 | Building BVH
Fra:1 Mem:366.14M (Peak 399.93M) | Time:00:00.69 | Mem:300.82M, Peak:300.82M | Scene, ViewLayer | Updating Geometry BVH MESH-armor-block-1676c64748013f376c0a-junction-upper-navy-shoul 39/114 | Building BVH
Fra:1 Mem:366.14M (Peak 399.93M) | Time:00:00.69 | Mem:300.82M, Peak:300.82M | Scene, ViewLayer | Updating Geometry BVH MESH-armor-block-af0cc716991642374212-lower-impact-rail-left 98/114 | Building BVH
Fra:1 Mem:366.14M (Peak 399.93M) | Time:00:00.69 | Mem:300.82M, Peak:300.82M | Scene, ViewLayer | Updating Geometry BVH MESH-armor-block-1676c64748013f376c0a-junction-lower-navy-shoe 40/114 | Building BVH
Fra:1 Mem:366.14M (Peak 399.93M) | Time:00:00.69 | Mem:300.82M, Peak:300.82M | Scene, ViewLayer | Updating Geometry BVH MESH-armor-block-1676c64748013f376c0a-closed-junction-wedge 42/114 | Building BVH
Fra:1 Mem:366.14M (Peak 399.93M) | Time:00:00.69 | Mem:300.83M, Peak:300.83M | Scene, ViewLayer | Updating Geometry BVH MESH-armor-block-05c9d73568be3ad2e6b8-deep-vent-louver-8 43/114 | Building BVH
Fra:1 Mem:366.14M (Peak 399.93M) | Time:00:00.69 | Mem:300.83M, Peak:300.83M | Scene, ViewLayer | Updating Geometry BVH MESH-armor-block-af0cc716991642374212-lower-impact-rail-cut-poc 97/114 | Building BVH
Fra:1 Mem:366.14M (Peak 399.93M) | Time:00:00.69 | Mem:300.83M, Peak:300.83M | Scene, ViewLayer | Updating Geometry BVH MESH-armor-block-05c9d73568be3ad2e6b8-recess-shadow-seat 44/114 | Building BVH
Fra:1 Mem:366.14M (Peak 399.93M) | Time:00:00.69 | Mem:300.83M, Peak:300.83M | Scene, ViewLayer | Updating Geometry BVH MESH-armor-block-05c9d73568be3ad2e6b8-deep-vent-louver-5 45/114 | Building BVH
Fra:1 Mem:366.14M (Peak 399.93M) | Time:00:00.69 | Mem:300.83M, Peak:300.83M | Scene, ViewLayer | Updating Geometry BVH MESH-armor-block-af0cc716991642374212-closed-solid-body 96/114 | Building BVH
Fra:1 Mem:366.14M (Peak 399.93M) | Time:00:00.69 | Mem:300.84M, Peak:300.84M | Scene, ViewLayer | Updating Geometry BVH MESH-armor-block-05c9d73568be3ad2e6b8-cyan-flush-status-lens 46/114 | Building BVH
Fra:1 Mem:366.14M (Peak 399.93M) | Time:00:00.69 | Mem:300.84M, Peak:300.84M | Scene, ViewLayer | Updating Geometry BVH MESH-armor-block-05c9d73568be3ad2e6b8-interchangeable-vent-face 47/114 | Building BVH
Fra:1 Mem:366.14M (Peak 399.93M) | Time:00:00.69 | Mem:300.84M, Peak:300.84M | Scene, ViewLayer | Updating Geometry BVH MESH-armor-block-05c9d73568be3ad2e6b8-deep-vent-louver-3 48/114 | Building BVH
Fra:1 Mem:366.14M (Peak 399.93M) | Time:00:00.69 | Mem:300.84M, Peak:300.84M | Scene, ViewLayer | Updating Geometry BVH MESH-armor-block-af0cc716991642374212-upper-stepped-shoulder 94/114 | Building BVH
Fra:1 Mem:366.14M (Peak 399.93M) | Time:00:00.69 | Mem:300.84M, Peak:300.84M | Scene, ViewLayer | Updating Geometry BVH MESH-armor-block-05c9d73568be3ad2e6b8-vent-dark-well 49/114 | Building BVH
Fra:1 Mem:366.14M (Peak 399.93M) | Time:00:00.69 | Mem:300.84M, Peak:300.84M | Scene, ViewLayer | Updating Geometry BVH MESH-armor-block-05c9d73568be3ad2e6b8-deep-vent-louver-1 50/114 | Building BVH
Fra:1 Mem:366.14M (Peak 399.93M) | Time:00:00.69 | Mem:300.85M, Peak:300.85M | Scene, ViewLayer | Updating Geometry BVH MESH-armor-block-af0cc716991642374212-pale-wrapped-connector-in 93/114 | Building BVH
Fra:1 Mem:366.14M (Peak 399.93M) | Time:00:00.69 | Mem:300.85M, Peak:300.85M | Scene, ViewLayer | Updating Geometry BVH MESH-armor-block-05c9d73568be3ad2e6b8-pale-wrapped-connector-in 51/114 | Building BVH
Fra:1 Mem:366.14M (Peak 399.93M) | Time:00:00.69 | Mem:300.85M, Peak:300.85M | Scene, ViewLayer | Updating Geometry BVH MESH-armor-block-af0cc716991642374212-closed-incoming-wrapped-b 92/114 | Building BVH
Fra:1 Mem:366.14M (Peak 399.93M) | Time:00:00.69 | Mem:300.85M, Peak:300.85M | Scene, ViewLayer | Updating Geometry BVH MESH-armor-block-05c9d73568be3ad2e6b8-deep-vent-louver-7 52/114 | Building BVH
Fra:1 Mem:366.14M (Peak 399.93M) | Time:00:00.69 | Mem:300.85M, Peak:300.85M | Scene, ViewLayer | Updating Geometry BVH MESH-armor-block-05c9d73568be3ad2e6b8-closed-solid-body 53/114 | Building BVH
Fra:1 Mem:366.14M (Peak 399.93M) | Time:00:00.69 | Mem:300.86M, Peak:300.86M | Scene, ViewLayer | Updating Geometry BVH MESH-armor-block-05c9d73568be3ad2e6b8-lower-impact-rail-left 54/114 | Building BVH
Fra:1 Mem:366.14M (Peak 399.93M) | Time:00:00.69 | Mem:300.86M, Peak:300.86M | Scene, ViewLayer | Updating Geometry BVH MESH-armor-block-05c9d73568be3ad2e6b8-lower-impact-rail-cut-poc 55/114 | Building BVH
Fra:1 Mem:366.14M (Peak 399.93M) | Time:00:00.69 | Mem:300.86M, Peak:300.86M | Scene, ViewLayer | Updating Geometry BVH MESH-armor-block-05c9d73568be3ad2e6b8-deep-vent-louver-0 56/114 | Building BVH
Fra:1 Mem:366.14M (Peak 399.93M) | Time:00:00.69 | Mem:300.86M, Peak:300.86M | Scene, ViewLayer | Updating Geometry BVH MESH-armor-block-af0cc716991642374212-cyan-flush-status-lens 90/114 | Building BVH
Fra:1 Mem:366.14M (Peak 399.93M) | Time:00:00.69 | Mem:300.86M, Peak:300.86M | Scene, ViewLayer | Updating Geometry BVH MESH-armor-block-05c9d73568be3ad2e6b8-deep-vent-louver-2 57/114 | Building BVH
Fra:1 Mem:366.14M (Peak 399.93M) | Time:00:00.69 | Mem:300.86M, Peak:300.86M | Scene, ViewLayer | Updating Geometry BVH MESH-armor-block-af0cc716991642374212-interchangeable-red-servi 89/114 | Building BVH
Fra:1 Mem:366.14M (Peak 399.93M) | Time:00:00.69 | Mem:300.86M, Peak:300.86M | Scene, ViewLayer | Updating Geometry BVH MESH-armor-block-05c9d73568be3ad2e6b8-upper-stepped-shoulder 58/114 | Building BVH
Fra:1 Mem:366.14M (Peak 399.93M) | Time:00:00.69 | Mem:300.86M, Peak:300.86M | Scene, ViewLayer | Updating Geometry BVH MESH-armor-block-05c9d73568be3ad2e6b8-deep-vent-louver-6 59/114 | Building BVH
Fra:1 Mem:366.14M (Peak 399.93M) | Time:00:00.69 | Mem:300.87M, Peak:300.87M | Scene, ViewLayer | Updating Geometry BVH MESH-armor-block-05c9d73568be3ad2e6b8-pale-wrapped-connector-ou 60/114 | Building BVH
Fra:1 Mem:366.14M (Peak 399.93M) | Time:00:00.69 | Mem:300.87M, Peak:300.87M | Scene, ViewLayer | Updating Geometry BVH MESH-armor-block-05c9d73568be3ad2e6b8-lower-impact-rail-right 61/114 | Building BVH
Fra:1 Mem:366.14M (Peak 399.93M) | Time:00:00.69 | Mem:300.88M, Peak:300.88M | Scene, ViewLayer | Updating Geometry BVH MESH-armor-block-05c9d73568be3ad2e6b8-closed-outgoing-wrapped-b 62/114 | Building BVH
Fra:1 Mem:366.14M (Peak 399.93M) | Time:00:00.69 | Mem:300.88M, Peak:300.88M | Scene, ViewLayer | Updating Geometry BVH MESH-armor-block-05c9d73568be3ad2e6b8-closed-incoming-wrapped-b 64/114 | Building BVH
Fra:1 Mem:366.14M (Peak 399.93M) | Time:00:00.69 | Mem:300.89M, Peak:300.89M | Scene, ViewLayer | Updating Geometry BVH MESH-armor-block-79d4507d7b58226cbe80-closed-solid-body 65/114 | Building BVH
Fra:1 Mem:366.14M (Peak 399.93M) | Time:00:00.69 | Mem:300.89M, Peak:300.89M | Scene, ViewLayer | Updating Geometry BVH MESH-armor-block-79d4507d7b58226cbe80-lower-impact-rail-left 67/114 | Building BVH
Fra:1 Mem:366.14M (Peak 399.93M) | Time:00:00.69 | Mem:300.89M, Peak:300.89M | Scene, ViewLayer | Updating Geometry BVH MESH-armor-block-79d4507d7b58226cbe80-pale-wrapped-connector-ou 68/114 | Building BVH
Fra:1 Mem:366.14M (Peak 399.93M) | Time:00:00.69 | Mem:300.89M, Peak:300.89M | Scene, ViewLayer | Updating Geometry BVH MESH-armor-block-79d4507d7b58226cbe80-recess-shadow-seat 69/114 | Building BVH
Fra:1 Mem:366.14M (Peak 399.93M) | Time:00:00.69 | Mem:300.89M, Peak:300.90M | Scene, ViewLayer | Updating Geometry BVH MESH-armor-block-79d4507d7b58226cbe80-closed-outgoing-wrapped-b 70/114 | Building BVH
Fra:1 Mem:366.14M (Peak 399.93M) | Time:00:00.69 | Mem:300.90M, Peak:300.90M | Scene, ViewLayer | Updating Geometry BVH MESH-armor-block-43965fec43941bd88fcc-closed-solid-body 87/114 | Building BVH
Fra:1 Mem:366.14M (Peak 399.93M) | Time:00:00.69 | Mem:300.90M, Peak:300.90M | Scene, ViewLayer | Updating Geometry BVH MESH-armor-block-79d4507d7b58226cbe80-cyan-flush-status-lens 71/114 | Building BVH
Fra:1 Mem:366.14M (Peak 399.93M) | Time:00:00.69 | Mem:300.90M, Peak:300.91M | Scene, ViewLayer | Updating Geometry BVH MESH-armor-block-79d4507d7b58226cbe80-interchangeable-plain-fac 73/114 | Building BVH
Fra:1 Mem:366.14M (Peak 399.93M) | Time:00:00.69 | Mem:300.91M, Peak:300.91M | Scene, ViewLayer | Updating Geometry BVH MESH-armor-block-43965fec43941bd88fcc-lower-impact-rail-left 86/114 | Building BVH
Fra:1 Mem:366.14M (Peak 399.93M) | Time:00:00.69 | Mem:300.91M, Peak:300.91M | Scene, ViewLayer | Updating Geometry BVH MESH-armor-block-79d4507d7b58226cbe80-pale-wrapped-connector-in 75/114 | Building BVH
Fra:1 Mem:366.14M (Peak 399.93M) | Time:00:00.69 | Mem:300.91M, Peak:300.92M | Scene, ViewLayer | Updating Geometry BVH MESH-armor-block-43965fec43941bd88fcc-lower-impact-rail-cut-poc 85/114 | Building BVH
Fra:1 Mem:366.14M (Peak 399.93M) | Time:00:00.69 | Mem:300.92M, Peak:300.92M | Scene, ViewLayer | Updating Geometry BVH MESH-armor-block-43965fec43941bd88fcc-recess-shadow-seat 84/114 | Building BVH
Fra:1 Mem:366.14M (Peak 399.93M) | Time:00:00.69 | Mem:300.93M, Peak:300.93M | Scene, ViewLayer | Updating Geometry BVH MESH-armor-block-43965fec43941bd88fcc-pale-wrapped-connector-in 77/114 | Building BVH
Fra:1 Mem:366.14M (Peak 399.93M) | Time:00:00.69 | Mem:300.93M, Peak:300.93M | Scene, ViewLayer | Updating Geometry BVH MESH-armor-block-43965fec43941bd88fcc-lower-impact-rail-right 78/114 | Building BVH
Fra:1 Mem:366.14M (Peak 399.93M) | Time:00:00.69 | Mem:300.93M, Peak:300.93M | Scene, ViewLayer | Updating Geometry BVH MESH-armor-block-43965fec43941bd88fcc-interchangeable-plain-fac 83/114 | Building BVH
Fra:1 Mem:366.14M (Peak 399.93M) | Time:00:00.69 | Mem:300.93M, Peak:300.93M | Scene, ViewLayer | Updating Geometry BVH MESH-armor-block-43965fec43941bd88fcc-upper-stepped-shoulder 80/114 | Building BVH
Fra:1 Mem:366.14M (Peak 399.93M) | Time:00:00.69 | Mem:300.94M, Peak:300.94M | Scene, ViewLayer | Updating Geometry BVH MESH-armor-block-43965fec43941bd88fcc-cyan-flush-status-lens 81/114 | Building BVH
Fra:1 Mem:366.14M (Peak 399.93M) | Time:00:00.69 | Mem:300.94M, Peak:300.94M | Scene, ViewLayer | Updating Geometry BVH MESH-armor-block-43965fec43941bd88fcc-closed-outgoing-wrapped-b 82/114 | Building BVH
Fra:1 Mem:366.14M (Peak 399.93M) | Time:00:00.69 | Mem:300.94M, Peak:300.94M | Scene, ViewLayer | Updating Scene BVH | Building
Fra:1 Mem:366.15M (Peak 399.93M) | Time:00:00.69 | Mem:300.94M, Peak:300.94M | Scene, ViewLayer | Updating Scene BVH | Building BVH
Fra:1 Mem:366.15M (Peak 399.93M) | Time:00:00.69 | Mem:301.30M, Peak:301.39M | Scene, ViewLayer | Updating Scene BVH | Copying BVH to device
Fra:1 Mem:366.15M (Peak 399.93M) | Time:00:00.69 | Mem:301.30M, Peak:301.39M | Scene, ViewLayer | Updating Mesh | Computing normals
Fra:1 Mem:366.69M (Peak 399.93M) | Time:00:00.69 | Mem:301.30M, Peak:301.39M | Scene, ViewLayer | Updating Mesh | Copying Mesh to device
Fra:1 Mem:366.69M (Peak 399.93M) | Time:00:00.69 | Mem:301.84M, Peak:301.84M | Scene, ViewLayer | Updating Objects Flags
Fra:1 Mem:366.69M (Peak 399.93M) | Time:00:00.69 | Mem:301.84M, Peak:301.84M | Scene, ViewLayer | Updating Primitive Offsets
Fra:1 Mem:366.69M (Peak 399.93M) | Time:00:00.69 | Mem:301.84M, Peak:301.84M | Scene, ViewLayer | Updating Images
Fra:1 Mem:366.69M (Peak 399.93M) | Time:00:00.69 | Mem:301.84M, Peak:301.84M | Scene, ViewLayer | Updating Camera Volume
Fra:1 Mem:366.69M (Peak 399.93M) | Time:00:00.69 | Mem:301.84M, Peak:301.84M | Scene, ViewLayer | Updating Lookup Tables
Fra:1 Mem:366.69M (Peak 399.93M) | Time:00:00.69 | Mem:301.92M, Peak:301.92M | Scene, ViewLayer | Updating Lights
Fra:1 Mem:366.69M (Peak 399.93M) | Time:00:00.69 | Mem:301.92M, Peak:301.92M | Scene, ViewLayer | Updating Lights | Computing tree
Fra:1 Mem:366.73M (Peak 399.93M) | Time:00:00.69 | Mem:301.96M, Peak:301.96M | Scene, ViewLayer | Updating Integrator
Fra:1 Mem:366.73M (Peak 399.93M) | Time:00:00.69 | Mem:301.96M, Peak:301.96M | Scene, ViewLayer | Updating Film
Fra:1 Mem:366.73M (Peak 399.93M) | Time:00:00.69 | Mem:301.88M, Peak:301.96M | Scene, ViewLayer | Updating Lookup Tables
Fra:1 Mem:366.73M (Peak 399.93M) | Time:00:00.69 | Mem:301.97M, Peak:301.97M | Scene, ViewLayer | Updating Baking
Fra:1 Mem:366.73M (Peak 399.93M) | Time:00:00.69 | Mem:301.97M, Peak:301.97M | Scene, ViewLayer | Updating Device | Writing constant memory
Fra:1 Mem:366.74M (Peak 399.93M) | Time:00:00.69 | Mem:301.97M, Peak:301.97M | Scene, ViewLayer | Sample 0/64
Fra:1 Mem:403.84M (Peak 403.84M) | Time:00:00.84 | Remaining:00:09.60 | Mem:339.06M, Peak:339.06M | Scene, ViewLayer | Sample 1/64
Fra:1 Mem:420.32M (Peak 453.28M) | Time:00:09.04 | Mem:339.06M, Peak:339.06M | Scene, ViewLayer | Sample 64/64
Fra:1 Mem:420.32M (Peak 453.28M) | Time:00:09.04 | Mem:339.06M, Peak:339.06M | Scene, ViewLayer | Finished
Saved: '/root/sidereal_spacetime/assets/art-library/framed-wayfarer/r005/family-03/renders/alternate-station.png'
Time: 00:09.18 (Saving: 00:00.12)

22:52:35 | INFO: Data are loaded, start creating Blender stuff
22:52:35 | INFO: Blender create Mesh node MESH-armor-block-db7ed5477c90dcffe64f-closed-incoming-wrapped-b
22:52:35 | INFO: Blender create Mesh node MESH-armor-block-db7ed5477c90dcffe64f-closed-outgoing-wrapped-b
22:52:35 | INFO: Blender create Mesh node MESH-armor-block-db7ed5477c90dcffe64f-closed-solid-body
22:52:35 | INFO: Blender create Mesh node MESH-armor-block-db7ed5477c90dcffe64f-cyan-flush-status-lens
22:52:35 | INFO: Blender create Mesh node MESH-armor-block-db7ed5477c90dcffe64f-deep-vent-louver-1
22:52:35 | INFO: Blender create Mesh node MESH-armor-block-db7ed5477c90dcffe64f-deep-vent-louver-2
22:52:35 | INFO: Blender create Mesh node MESH-armor-block-db7ed5477c90dcffe64f-deep-vent-louver-3
22:52:35 | INFO: Blender create Mesh node MESH-armor-block-db7ed5477c90dcffe64f-deep-vent-louver-4
22:52:35 | INFO: Blender create Mesh node MESH-armor-block-db7ed5477c90dcffe64f-deep-vent-louver-5
22:52:35 | INFO: Blender create Mesh node MESH-armor-block-db7ed5477c90dcffe64f-deep-vent-louver-6
22:52:35 | INFO: Blender create Mesh node MESH-armor-block-db7ed5477c90dcffe64f-deep-vent-louver-7
22:52:35 | INFO: Blender create Mesh node MESH-armor-block-db7ed5477c90dcffe64f-deep-vent-louver-8
22:52:35 | INFO: Blender create Mesh node MESH-armor-block-db7ed5477c90dcffe64f-deep-vent-louver-0
22:52:35 | INFO: Blender create Mesh node MESH-armor-block-db7ed5477c90dcffe64f-interchangeable-vent-face
22:52:35 | INFO: Blender create Mesh node MESH-armor-block-db7ed5477c90dcffe64f-lower-impact-rail-right
22:52:35 | INFO: Blender create Mesh node MESH-armor-block-db7ed5477c90dcffe64f-lower-impact-rail-cut-poc
22:52:35 | INFO: Blender create Mesh node MESH-armor-block-db7ed5477c90dcffe64f-lower-impact-rail-left
22:52:35 | INFO: Blender create Mesh node MESH-armor-block-db7ed5477c90dcffe64f-pale-wrapped-connector-ou
22:52:35 | INFO: Blender create Mesh node MESH-armor-block-db7ed5477c90dcffe64f-pale-wrapped-connector-in
22:52:35 | INFO: Blender create Mesh node MESH-armor-block-db7ed5477c90dcffe64f-recess-shadow-seat
22:52:35 | INFO: Blender create Mesh node MESH-armor-block-db7ed5477c90dcffe64f-upper-stepped-shoulder
22:52:35 | INFO: Blender create Mesh node MESH-armor-block-db7ed5477c90dcffe64f-vent-dark-well
22:52:35 | INFO: glTF import finished in 0.01s
22:52:35 | INFO: Data are loaded, start creating Blender stuff
22:52:35 | INFO: Blender create Mesh node MESH-armor-block-05c9d73568be3ad2e6b8-closed-incoming-wrapped-b
22:52:35 | INFO: Blender create Mesh node MESH-armor-block-05c9d73568be3ad2e6b8-closed-outgoing-wrapped-b
22:52:35 | INFO: Blender create Mesh node MESH-armor-block-05c9d73568be3ad2e6b8-closed-solid-body
22:52:35 | INFO: Blender create Mesh node MESH-armor-block-05c9d73568be3ad2e6b8-cyan-flush-status-lens
22:52:35 | INFO: Blender create Mesh node MESH-armor-block-05c9d73568be3ad2e6b8-deep-vent-louver-1
22:52:35 | INFO: Blender create Mesh node MESH-armor-block-05c9d73568be3ad2e6b8-deep-vent-louver-2
22:52:35 | INFO: Blender create Mesh node MESH-armor-block-05c9d73568be3ad2e6b8-deep-vent-louver-3
22:52:35 | INFO: Blender create Mesh node MESH-armor-block-05c9d73568be3ad2e6b8-deep-vent-louver-4
22:52:35 | INFO: Blender create Mesh node MESH-armor-block-05c9d73568be3ad2e6b8-deep-vent-louver-5
22:52:35 | INFO: Blender create Mesh node MESH-armor-block-05c9d73568be3ad2e6b8-deep-vent-louver-6
22:52:35 | INFO: Blender create Mesh node MESH-armor-block-05c9d73568be3ad2e6b8-deep-vent-louver-7
22:52:35 | INFO: Blender create Mesh node MESH-armor-block-05c9d73568be3ad2e6b8-deep-vent-louver-8
22:52:35 | INFO: Blender create Mesh node MESH-armor-block-05c9d73568be3ad2e6b8-deep-vent-louver-0
22:52:35 | INFO: Blender create Mesh node MESH-armor-block-05c9d73568be3ad2e6b8-interchangeable-vent-face
22:52:35 | INFO: Blender create Mesh node MESH-armor-block-05c9d73568be3ad2e6b8-lower-impact-rail-right
22:52:35 | INFO: Blender create Mesh node MESH-armor-block-05c9d73568be3ad2e6b8-lower-impact-rail-cut-poc
22:52:35 | INFO: Blender create Mesh node MESH-armor-block-05c9d73568be3ad2e6b8-lower-impact-rail-left
22:52:35 | INFO: Blender create Mesh node MESH-armor-block-05c9d73568be3ad2e6b8-pale-wrapped-connector-ou
22:52:35 | INFO: Blender create Mesh node MESH-armor-block-05c9d73568be3ad2e6b8-pale-wrapped-connector-in
22:52:35 | INFO: Blender create Mesh node MESH-armor-block-05c9d73568be3ad2e6b8-recess-shadow-seat
22:52:35 | INFO: Blender create Mesh node MESH-armor-block-05c9d73568be3ad2e6b8-upper-stepped-shoulder
22:52:35 | INFO: Blender create Mesh node MESH-armor-block-05c9d73568be3ad2e6b8-vent-dark-well
22:52:35 | INFO: glTF import finished in 0.01s
22:52:35 | INFO: Data are loaded, start creating Blender stuff
22:52:35 | INFO: Blender create Mesh node MESH-armor-block-15a405777ecce0335b21-closed-junction-wedge
22:52:35 | INFO: Blender create Mesh node MESH-armor-block-15a405777ecce0335b21-junction-lower-navy-shoe
22:52:35 | INFO: Blender create Mesh node MESH-armor-block-15a405777ecce0335b21-junction-upper-navy-shoul
22:52:35 | INFO: Blender create Mesh node MESH-armor-block-15a405777ecce0335b21-junction-wrapped-pale-con
22:52:35 | INFO: glTF import finished in 0.01s
22:52:35 | INFO: Data are loaded, start creating Blender stuff
22:52:35 | INFO: Blender create Mesh node MESH-armor-block-d3fa0e462a519b5f36f8-closed-incoming-wrapped-b
22:52:35 | INFO: Blender create Mesh node MESH-armor-block-d3fa0e462a519b5f36f8-closed-outgoing-wrapped-b
22:52:35 | INFO: Blender create Mesh node MESH-armor-block-d3fa0e462a519b5f36f8-closed-solid-body
22:52:35 | INFO: Blender create Mesh node MESH-armor-block-d3fa0e462a519b5f36f8-cyan-flush-status-lens
22:52:35 | INFO: Blender create Mesh node MESH-armor-block-d3fa0e462a519b5f36f8-interchangeable-plain-fac
22:52:35 | INFO: Blender create Mesh node MESH-armor-block-d3fa0e462a519b5f36f8-lower-impact-rail-right
22:52:35 | INFO: Blender create Mesh node MESH-armor-block-d3fa0e462a519b5f36f8-lower-impact-rail-cut-poc
22:52:35 | INFO: Blender create Mesh node MESH-armor-block-d3fa0e462a519b5f36f8-lower-impact-rail-left
22:52:35 | INFO: Blender create Mesh node MESH-armor-block-d3fa0e462a519b5f36f8-pale-wrapped-connector-ou
22:52:35 | INFO: Blender create Mesh node MESH-armor-block-d3fa0e462a519b5f36f8-pale-wrapped-connector-in
22:52:35 | INFO: Blender create Mesh node MESH-armor-block-d3fa0e462a519b5f36f8-recess-shadow-seat
22:52:35 | INFO: Blender create Mesh node MESH-armor-block-d3fa0e462a519b5f36f8-upper-stepped-shoulder
22:52:35 | INFO: glTF import finished in 0.01s
22:52:35 | INFO: Data are loaded, start creating Blender stuff
22:52:35 | INFO: Blender create Mesh node MESH-armor-block-43965fec43941bd88fcc-closed-incoming-wrapped-b
22:52:35 | INFO: Blender create Mesh node MESH-armor-block-43965fec43941bd88fcc-closed-outgoing-wrapped-b
22:52:35 | INFO: Blender create Mesh node MESH-armor-block-43965fec43941bd88fcc-closed-solid-body
22:52:35 | INFO: Blender create Mesh node MESH-armor-block-43965fec43941bd88fcc-cyan-flush-status-lens
22:52:35 | INFO: Blender create Mesh node MESH-armor-block-43965fec43941bd88fcc-interchangeable-plain-fac
22:52:35 | INFO: Blender create Mesh node MESH-armor-block-43965fec43941bd88fcc-lower-impact-rail-right
22:52:35 | INFO: Blender create Mesh node MESH-armor-block-43965fec43941bd88fcc-lower-impact-rail-cut-poc
22:52:35 | INFO: Blender create Mesh node MESH-armor-block-43965fec43941bd88fcc-lower-impact-rail-left
22:52:35 | INFO: Blender create Mesh node MESH-armor-block-43965fec43941bd88fcc-pale-wrapped-connector-ou
22:52:35 | INFO: Blender create Mesh node MESH-armor-block-43965fec43941bd88fcc-pale-wrapped-connector-in
22:52:35 | INFO: Blender create Mesh node MESH-armor-block-43965fec43941bd88fcc-recess-shadow-seat
22:52:35 | INFO: Blender create Mesh node MESH-armor-block-43965fec43941bd88fcc-upper-stepped-shoulder
22:52:35 | INFO: glTF import finished in 0.01s
22:52:35 | INFO: Data are loaded, start creating Blender stuff
22:52:35 | INFO: Blender create Mesh node MESH-armor-block-af0cc716991642374212-closed-incoming-wrapped-b
22:52:35 | INFO: Blender create Mesh node MESH-armor-block-af0cc716991642374212-closed-outgoing-wrapped-b
22:52:35 | INFO: Blender create Mesh node MESH-armor-block-af0cc716991642374212-closed-solid-body
22:52:35 | INFO: Blender create Mesh node MESH-armor-block-af0cc716991642374212-cyan-flush-status-lens
22:52:35 | INFO: Blender create Mesh node MESH-armor-block-af0cc716991642374212-interchangeable-red-servi
22:52:35 | INFO: Blender create Mesh node MESH-armor-block-af0cc716991642374212-lower-impact-rail-right
22:52:35 | INFO: Blender create Mesh node MESH-armor-block-af0cc716991642374212-lower-impact-rail-cut-poc
22:52:35 | INFO: Blender create Mesh node MESH-armor-block-af0cc716991642374212-lower-impact-rail-left
22:52:35 | INFO: Blender create Mesh node MESH-armor-block-af0cc716991642374212-pale-wrapped-connector-ou
22:52:35 | INFO: Blender create Mesh node MESH-armor-block-af0cc716991642374212-pale-wrapped-connector-in
22:52:35 | INFO: Blender create Mesh node MESH-armor-block-af0cc716991642374212-recess-shadow-seat
22:52:35 | INFO: Blender create Mesh node MESH-armor-block-af0cc716991642374212-upper-stepped-shoulder
22:52:35 | INFO: glTF import finished in 0.01s
22:52:35 | INFO: Data are loaded, start creating Blender stuff
22:52:35 | INFO: Blender create Mesh node MESH-armor-block-e9bc6213d0d76ca7f44b-closed-incoming-wrapped-b
22:52:35 | INFO: Blender create Mesh node MESH-armor-block-e9bc6213d0d76ca7f44b-closed-outgoing-wrapped-b
22:52:35 | INFO: Blender create Mesh node MESH-armor-block-e9bc6213d0d76ca7f44b-closed-solid-body
22:52:35 | INFO: Blender create Mesh node MESH-armor-block-e9bc6213d0d76ca7f44b-cyan-flush-status-lens
22:52:35 | INFO: Blender create Mesh node MESH-armor-block-e9bc6213d0d76ca7f44b-interchangeable-red-servi
22:52:35 | INFO: Blender create Mesh node MESH-armor-block-e9bc6213d0d76ca7f44b-lower-impact-rail-right
22:52:35 | INFO: Blender create Mesh node MESH-armor-block-e9bc6213d0d76ca7f44b-lower-impact-rail-cut-poc
22:52:35 | INFO: Blender create Mesh node MESH-armor-block-e9bc6213d0d76ca7f44b-lower-impact-rail-left
22:52:35 | INFO: Blender create Mesh node MESH-armor-block-e9bc6213d0d76ca7f44b-pale-wrapped-connector-ou
22:52:35 | INFO: Blender create Mesh node MESH-armor-block-e9bc6213d0d76ca7f44b-pale-wrapped-connector-in
22:52:35 | INFO: Blender create Mesh node MESH-armor-block-e9bc6213d0d76ca7f44b-recess-shadow-seat
22:52:35 | INFO: Blender create Mesh node MESH-armor-block-e9bc6213d0d76ca7f44b-upper-stepped-shoulder
22:52:35 | INFO: glTF import finished in 0.01s
22:52:35 | INFO: Data are loaded, start creating Blender stuff
22:52:35 | INFO: Blender create Mesh node MESH-armor-block-075003ca42dee3ad88d4-closed-junction-wedge
22:52:35 | INFO: Blender create Mesh node MESH-armor-block-075003ca42dee3ad88d4-junction-lower-navy-shoe
22:52:35 | INFO: Blender create Mesh node MESH-armor-block-075003ca42dee3ad88d4-junction-upper-navy-shoul
22:52:35 | INFO: Blender create Mesh node MESH-armor-block-075003ca42dee3ad88d4-junction-wrapped-pale-con
22:52:35 | INFO: glTF import finished in 0.01s
22:52:35 | INFO: Data are loaded, start creating Blender stuff
22:52:35 | INFO: Blender create Mesh node MESH-armor-block-137dbd4b0d514b60c4c3-closed-incoming-wrapped-b
22:52:35 | INFO: Blender create Mesh node MESH-armor-block-137dbd4b0d514b60c4c3-closed-outgoing-wrapped-b
22:52:35 | INFO: Blender create Mesh node MESH-armor-block-137dbd4b0d514b60c4c3-closed-solid-body
22:52:35 | INFO: Blender create Mesh node MESH-armor-block-137dbd4b0d514b60c4c3-cyan-flush-status-lens
22:52:35 | INFO: Blender create Mesh node MESH-armor-block-137dbd4b0d514b60c4c3-interchangeable-utility-f
22:52:35 | INFO: Blender create Mesh node MESH-armor-block-137dbd4b0d514b60c4c3-lower-impact-rail-right
22:52:35 | INFO: Blender create Mesh node MESH-armor-block-137dbd4b0d514b60c4c3-lower-impact-rail-cut-poc
22:52:35 | INFO: Blender create Mesh node MESH-armor-block-137dbd4b0d514b60c4c3-lower-impact-rail-left
22:52:35 | INFO: Blender create Mesh node MESH-armor-block-137dbd4b0d514b60c4c3-pale-wrapped-connector-ou
22:52:35 | INFO: Blender create Mesh node MESH-armor-block-137dbd4b0d514b60c4c3-pale-wrapped-connector-in
22:52:35 | INFO: Blender create Mesh node MESH-armor-block-137dbd4b0d514b60c4c3-recess-shadow-seat
22:52:35 | INFO: Blender create Mesh node MESH-armor-block-137dbd4b0d514b60c4c3-upper-stepped-shoulder
22:52:35 | INFO: Blender create Mesh node MESH-armor-block-137dbd4b0d514b60c4c3-utility-removable-box
22:52:35 | INFO: Blender create Mesh node MESH-armor-block-137dbd4b0d514b60c4c3-utility-status-lens
22:52:35 | INFO: glTF import finished in 0.01s
22:52:36 | INFO: Data are loaded, start creating Blender stuff
22:52:36 | INFO: Blender create Mesh node MESH-armor-block-f731b556d8884e7d7557-closed-incoming-wrapped-b
22:52:36 | INFO: Blender create Mesh node MESH-armor-block-f731b556d8884e7d7557-closed-outgoing-wrapped-b
22:52:36 | INFO: Blender create Mesh node MESH-armor-block-f731b556d8884e7d7557-closed-solid-body
22:52:36 | INFO: Blender create Mesh node MESH-armor-block-f731b556d8884e7d7557-cyan-flush-status-lens
22:52:36 | INFO: Blender create Mesh node MESH-armor-block-f731b556d8884e7d7557-interchangeable-utility-f
22:52:36 | INFO: Blender create Mesh node MESH-armor-block-f731b556d8884e7d7557-lower-impact-rail-right
22:52:36 | INFO: Blender create Mesh node MESH-armor-block-f731b556d8884e7d7557-lower-impact-rail-cut-poc
22:52:36 | INFO: Blender create Mesh node MESH-armor-block-f731b556d8884e7d7557-lower-impact-rail-left
22:52:36 | INFO: Blender create Mesh node MESH-armor-block-f731b556d8884e7d7557-pale-wrapped-connector-ou
22:52:36 | INFO: Blender create Mesh node MESH-armor-block-f731b556d8884e7d7557-pale-wrapped-connector-in
22:52:36 | INFO: Blender create Mesh node MESH-armor-block-f731b556d8884e7d7557-recess-shadow-seat
22:52:36 | INFO: Blender create Mesh node MESH-armor-block-f731b556d8884e7d7557-upper-stepped-shoulder
22:52:36 | INFO: glTF import finished in 0.02s
22:52:36 | INFO: Data are loaded, start creating Blender stuff
22:52:36 | INFO: Blender create Mesh node MESH-armor-block-207cbce0274b3e836291-closed-junction-wedge
22:52:36 | INFO: Blender create Mesh node MESH-armor-block-207cbce0274b3e836291-junction-lower-navy-shoe
22:52:36 | INFO: Blender create Mesh node MESH-armor-block-207cbce0274b3e836291-junction-upper-navy-shoul
22:52:36 | INFO: Blender create Mesh node MESH-armor-block-207cbce0274b3e836291-junction-wrapped-pale-con
22:52:36 | INFO: glTF import finished in 0.01s
Fra:1 Mem:45.86M (Peak 45.86M) | Time:00:00.01 | Mem:0.00M, Peak:0.00M | Scene, ViewLayer | Synchronizing object | GEO-armor-block-db7ed5477c90dcffe64f--FINISH--deep-vent-lou.008
Fra:1 Mem:45.86M (Peak 45.86M) | Time:00:00.01 | Mem:0.00M, Peak:0.00M | Scene, ViewLayer | Synchronizing object | GEO-armor-block-db7ed5477c90dcffe64f--FINISH--pale-wrapped-.001
Fra:1 Mem:45.88M (Peak 45.88M) | Time:00:00.01 | Mem:0.00M, Peak:0.00M | Scene, ViewLayer | Synchronizing object | GEO-armor-block-db7ed5477c90dcffe64f--FINISH--deep-vent-lou.010
Fra:1 Mem:45.88M (Peak 45.88M) | Time:00:00.01 | Mem:0.00M, Peak:0.00M | Scene, ViewLayer | Synchronizing object | GEO-armor-block-db7ed5477c90dcffe64f--FINISH--cyan-flush-st
Fra:1 Mem:45.90M (Peak 45.90M) | Time:00:00.01 | Mem:0.00M, Peak:0.00M | Scene, ViewLayer | Synchronizing object | GEO-armor-block-db7ed5477c90dcffe64f--FINISH--deep-vent-lou.011
Fra:1 Mem:45.90M (Peak 45.90M) | Time:00:00.01 | Mem:0.00M, Peak:0.00M | Scene, ViewLayer | Synchronizing object | GEO-armor-block-db7ed5477c90dcffe64f--FINISH--lower-impact-.003
Fra:1 Mem:45.90M (Peak 45.90M) | Time:00:00.01 | Mem:0.00M, Peak:0.00M | Scene, ViewLayer | Synchronizing object | GEO-armor-block-db7ed5477c90dcffe64f--FINISH--recess-shadow
Fra:1 Mem:45.92M (Peak 45.92M) | Time:00:00.01 | Mem:0.00M, Peak:0.00M | Scene, ViewLayer | Synchronizing object | GEO-armor-block-db7ed5477c90dcffe64f--BACKING--closed-outgo
Fra:1 Mem:45.91M (Peak 45.92M) | Time:00:00.01 | Mem:0.00M, Peak:0.00M | Scene, ViewLayer | Synchronizing object | GEO-armor-block-db7ed5477c90dcffe64f--FINISH--deep-vent-lou.014
Fra:1 Mem:45.93M (Peak 45.93M) | Time:00:00.01 | Mem:0.00M, Peak:0.00M | Scene, ViewLayer | Synchronizing object | GEO-armor-block-db7ed5477c90dcffe64f--FINISH--upper-stepped
Fra:1 Mem:45.92M (Peak 45.93M) | Time:00:00.01 | Mem:0.00M, Peak:0.00M | Scene, ViewLayer | Synchronizing object | GEO-armor-block-db7ed5477c90dcffe64f--FINISH--deep-vent-lou.015
Fra:1 Mem:45.93M (Peak 45.93M) | Time:00:00.01 | Mem:0.00M, Peak:0.00M | Scene, ViewLayer | Synchronizing object | GEO-armor-block-db7ed5477c90dcffe64f--FINISH--deep-vent-lou.016
Fra:1 Mem:45.94M (Peak 45.94M) | Time:00:00.01 | Mem:0.00M, Peak:0.00M | Scene, ViewLayer | Synchronizing object | GEO-armor-block-db7ed5477c90dcffe64f--FINISH--pale-wrapped-.002
Fra:1 Mem:45.93M (Peak 45.94M) | Time:00:00.01 | Mem:0.00M, Peak:0.00M | Scene, ViewLayer | Synchronizing object | GEO-armor-block-db7ed5477c90dcffe64f--BACKING--closed-incom
Fra:1 Mem:45.96M (Peak 45.96M) | Time:00:00.01 | Mem:0.00M, Peak:0.00M | Scene, ViewLayer | Synchronizing object | GEO-armor-block-db7ed5477c90dcffe64f--FINISH--interchangeab
Fra:1 Mem:45.95M (Peak 45.96M) | Time:00:00.01 | Mem:0.00M, Peak:0.00M | Scene, ViewLayer | Synchronizing object | GEO-armor-block-db7ed5477c90dcffe64f--FINISH--lower-impact-.004
Fra:1 Mem:45.96M (Peak 45.96M) | Time:00:00.01 | Mem:0.00M, Peak:0.00M | Scene, ViewLayer | Synchronizing object | GEO-armor-block-db7ed5477c90dcffe64f--FINISH--vent-dark-wel
Fra:1 Mem:45.98M (Peak 45.98M) | Time:00:00.01 | Mem:0.00M, Peak:0.00M | Scene, ViewLayer | Synchronizing object | GEO-armor-block-d3fa0e462a519b5f36f8--FINISH--pale-wrapped-.001
Fra:1 Mem:45.98M (Peak 45.98M) | Time:00:00.01 | Mem:0.00M, Peak:0.00M | Scene, ViewLayer | Synchronizing object | GEO-armor-block-d3fa0e462a519b5f36f8--FINISH--lower-impact-.002
Fra:1 Mem:45.99M (Peak 45.99M) | Time:00:00.01 | Mem:0.00M, Peak:0.00M | Scene, ViewLayer | Synchronizing object | GEO-armor-block-d3fa0e462a519b5f36f8--FINISH--upper-stepped
Fra:1 Mem:46.00M (Peak 46.00M) | Time:00:00.01 | Mem:0.00M, Peak:0.00M | Scene, ViewLayer | Synchronizing object | GEO-armor-block-d3fa0e462a519b5f36f8--FINISH--cyan-flush-st
Fra:1 Mem:46.00M (Peak 46.00M) | Time:00:00.01 | Mem:0.00M, Peak:0.00M | Scene, ViewLayer | Synchronizing object | GEO-armor-block-d3fa0e462a519b5f36f8--BACKING--closed-outgo
Fra:1 Mem:46.00M (Peak 46.00M) | Time:00:00.01 | Mem:0.00M, Peak:0.00M | Scene, ViewLayer | Synchronizing object | GEO-armor-block-d3fa0e462a519b5f36f8--FINISH--interchangeab
Fra:1 Mem:46.01M (Peak 46.01M) | Time:00:00.01 | Mem:0.00M, Peak:0.00M | Scene, ViewLayer | Synchronizing object | GEO-armor-block-d3fa0e462a519b5f36f8--BACKING--closed-incom
Fra:1 Mem:46.01M (Peak 46.01M) | Time:00:00.01 | Mem:0.00M, Peak:0.00M | Scene, ViewLayer | Synchronizing object | GEO-armor-block-d3fa0e462a519b5f36f8--FINISH--recess-shadow
Fra:1 Mem:46.02M (Peak 46.02M) | Time:00:00.01 | Mem:0.00M, Peak:0.00M | Scene, ViewLayer | Synchronizing object | GEO-armor-block-d3fa0e462a519b5f36f8--FINISH--lower-impact-.003
Fra:1 Mem:46.02M (Peak 46.02M) | Time:00:00.01 | Mem:0.00M, Peak:0.00M | Scene, ViewLayer | Synchronizing object | GEO-armor-block-d3fa0e462a519b5f36f8--FINISH--lower-impact-.004
Fra:1 Mem:46.02M (Peak 46.02M) | Time:00:00.01 | Mem:0.00M, Peak:0.00M | Scene, ViewLayer | Synchronizing object | GEO-armor-block-d3fa0e462a519b5f36f8--BACKING--closed-solid
Fra:1 Mem:46.04M (Peak 46.04M) | Time:00:00.01 | Mem:0.00M, Peak:0.00M | Scene, ViewLayer | Synchronizing object | GEO-armor-block-d3fa0e462a519b5f36f8--FINISH--pale-wrapped-.002
Fra:1 Mem:46.04M (Peak 46.04M) | Time:00:00.01 | Mem:0.00M, Peak:0.00M | Scene, ViewLayer | Synchronizing object | GEO-armor-block-15a405777ecce0335b21--FINISH--junction-wrap
Fra:1 Mem:46.05M (Peak 46.05M) | Time:00:00.01 | Mem:0.00M, Peak:0.00M | Scene, ViewLayer | Synchronizing object | GEO-armor-block-15a405777ecce0335b21--FINISH--junction-lowe
Fra:1 Mem:46.06M (Peak 46.06M) | Time:00:00.01 | Mem:0.00M, Peak:0.00M | Scene, ViewLayer | Synchronizing object | GEO-armor-block-15a405777ecce0335b21--BACKING--closed-junct
Fra:1 Mem:46.07M (Peak 46.07M) | Time:00:00.01 | Mem:0.00M, Peak:0.00M | Scene, ViewLayer | Synchronizing object | GEO-armor-block-15a405777ecce0335b21--FINISH--junction-uppe
Fra:1 Mem:46.07M (Peak 46.07M) | Time:00:00.01 | Mem:0.00M, Peak:0.00M | Scene, ViewLayer | Synchronizing object | GEO-armor-block-43965fec43941bd88fcc--FINISH--cyan-flush-st
Fra:1 Mem:46.08M (Peak 46.08M) | Time:00:00.01 | Mem:0.00M, Peak:0.00M | Scene, ViewLayer | Synchronizing object | GEO-armor-block-43965fec43941bd88fcc--FINISH--interchangeab
Fra:1 Mem:46.08M (Peak 46.08M) | Time:00:00.01 | Mem:0.00M, Peak:0.00M | Scene, ViewLayer | Synchronizing object | GEO-armor-block-43965fec43941bd88fcc--FINISH--pale-wrapped-.001
Fra:1 Mem:46.08M (Peak 46.08M) | Time:00:00.01 | Mem:0.00M, Peak:0.00M | Scene, ViewLayer | Synchronizing object | GEO-armor-block-43965fec43941bd88fcc--FINISH--lower-impact-.002
Fra:1 Mem:46.10M (Peak 46.10M) | Time:00:00.01 | Mem:0.00M, Peak:0.00M | Scene, ViewLayer | Synchronizing object | GEO-armor-block-43965fec43941bd88fcc--BACKING--closed-outgo
Fra:1 Mem:46.10M (Peak 46.10M) | Time:00:00.01 | Mem:0.00M, Peak:0.00M | Scene, ViewLayer | Synchronizing object | GEO-armor-block-43965fec43941bd88fcc--FINISH--lower-impact-.003
Fra:1 Mem:46.12M (Peak 46.12M) | Time:00:00.01 | Mem:0.00M, Peak:0.00M | Scene, ViewLayer | Synchronizing object | GEO-armor-block-43965fec43941bd88fcc--FINISH--pale-wrapped-.002
Fra:1 Mem:46.12M (Peak 46.12M) | Time:00:00.01 | Mem:0.00M, Peak:0.00M | Scene, ViewLayer | Synchronizing object | GEO-armor-block-43965fec43941bd88fcc--FINISH--recess-shadow
Fra:1 Mem:46.12M (Peak 46.12M) | Time:00:00.01 | Mem:0.00M, Peak:0.00M | Scene, ViewLayer | Synchronizing object | GEO-armor-block-43965fec43941bd88fcc--BACKING--closed-incom
Fra:1 Mem:46.13M (Peak 46.13M) | Time:00:00.01 | Mem:0.00M, Peak:0.00M | Scene, ViewLayer | Synchronizing object | GEO-armor-block-43965fec43941bd88fcc--FINISH--lower-impact-.004
Fra:1 Mem:46.13M (Peak 46.13M) | Time:00:00.01 | Mem:0.00M, Peak:0.00M | Scene, ViewLayer | Synchronizing object | GEO-armor-block-43965fec43941bd88fcc--BACKING--closed-solid
Fra:1 Mem:46.14M (Peak 46.14M) | Time:00:00.01 | Mem:0.00M, Peak:0.00M | Scene, ViewLayer | Synchronizing object | GEO-armor-block-05c9d73568be3ad2e6b8--BACKING--closed-incoming-
Fra:1 Mem:46.14M (Peak 46.14M) | Time:00:00.01 | Mem:0.00M, Peak:0.00M | Scene, ViewLayer | Synchronizing object | GEO-armor-block-05c9d73568be3ad2e6b8--BACKING--closed-outgoing-
Fra:1 Mem:46.14M (Peak 46.14M) | Time:00:00.01 | Mem:0.00M, Peak:0.00M | Scene, ViewLayer | Synchronizing object | GEO-armor-block-05c9d73568be3ad2e6b8--FINISH--cyan-flush-status
Fra:1 Mem:46.16M (Peak 46.16M) | Time:00:00.01 | Mem:0.00M, Peak:0.00M | Scene, ViewLayer | Synchronizing object | GEO-armor-block-05c9d73568be3ad2e6b8--FINISH--deep-vent-lou
Fra:1 Mem:46.16M (Peak 46.16M) | Time:00:00.01 | Mem:0.00M, Peak:0.00M | Scene, ViewLayer | Synchronizing object | GEO-armor-block-05c9d73568be3ad2e6b8--FINISH--deep-vent-lou.001
Fra:1 Mem:46.16M (Peak 46.16M) | Time:00:00.01 | Mem:0.00M, Peak:0.00M | Scene, ViewLayer | Synchronizing object | GEO-armor-block-05c9d73568be3ad2e6b8--FINISH--deep-vent-lou.002
Fra:1 Mem:46.17M (Peak 46.17M) | Time:00:00.01 | Mem:0.00M, Peak:0.00M | Scene, ViewLayer | Synchronizing object | GEO-armor-block-05c9d73568be3ad2e6b8--FINISH--deep-vent-lou.003
Fra:1 Mem:46.17M (Peak 46.17M) | Time:00:00.01 | Mem:0.00M, Peak:0.00M | Scene, ViewLayer | Synchronizing object | GEO-armor-block-05c9d73568be3ad2e6b8--FINISH--deep-vent-lou.004
Fra:1 Mem:46.17M (Peak 46.17M) | Time:00:00.01 | Mem:0.00M, Peak:0.00M | Scene, ViewLayer | Synchronizing object | GEO-armor-block-05c9d73568be3ad2e6b8--FINISH--deep-vent-lou.005
Fra:1 Mem:46.17M (Peak 46.17M) | Time:00:00.01 | Mem:0.00M, Peak:0.00M | Scene, ViewLayer | Synchronizing object | GEO-armor-block-05c9d73568be3ad2e6b8--FINISH--deep-vent-lou.006
Fra:1 Mem:46.17M (Peak 46.17M) | Time:00:00.01 | Mem:0.00M, Peak:0.00M | Scene, ViewLayer | Synchronizing object | GEO-armor-block-05c9d73568be3ad2e6b8--FINISH--deep-vent-lou.007
Fra:1 Mem:46.18M (Peak 46.18M) | Time:00:00.01 | Mem:0.00M, Peak:0.00M | Scene, ViewLayer | Synchronizing object | GEO-armor-block-05c9d73568be3ad2e6b8--FINISH--deep-vent-louver-
Fra:1 Mem:46.20M (Peak 46.20M) | Time:00:00.01 | Mem:0.00M, Peak:0.00M | Scene, ViewLayer | Synchronizing object | GEO-armor-block-207cbce0274b3e836291--FINISH--junction-wrapped-
Fra:1 Mem:46.18M (Peak 46.20M) | Time:00:00.01 | Mem:0.00M, Peak:0.00M | Scene, ViewLayer | Synchronizing object | GEO-armor-block-05c9d73568be3ad2e6b8--FINISH--lower-impact-.001
Fra:1 Mem:46.22M (Peak 46.22M) | Time:00:00.01 | Mem:0.00M, Peak:0.00M | Scene, ViewLayer | Synchronizing object | GEO-armor-block-05c9d73568be3ad2e6b8--FINISH--lower-impact-rail
Fra:1 Mem:46.22M (Peak 46.22M) | Time:00:00.01 | Mem:0.00M, Peak:0.00M | Scene, ViewLayer | Synchronizing object | GEO-armor-block-05c9d73568be3ad2e6b8--FINISH--pale-wrapped-conn
Fra:1 Mem:46.24M (Peak 46.24M) | Time:00:00.01 | Mem:0.00M, Peak:0.00M | Scene, ViewLayer | Synchronizing object | GEO-armor-block-207cbce0274b3e836291--FINISH--junction-upper-na
Fra:1 Mem:46.26M (Peak 46.26M) | Time:00:00.01 | Mem:0.00M, Peak:0.00M | Scene, ViewLayer | Synchronizing object | GEO-armor-block-05c9d73568be3ad2e6b8--FINISH--recess-shadow-sea
Fra:1 Mem:46.24M (Peak 46.26M) | Time:00:00.01 | Mem:0.00M, Peak:0.00M | Scene, ViewLayer | Synchronizing object | GEO-armor-block-05c9d73568be3ad2e6b8--FINISH--vent-dark-well
Fra:1 Mem:46.27M (Peak 46.27M) | Time:00:00.01 | Mem:0.00M, Peak:0.00M | Scene, ViewLayer | Synchronizing object | GEO-armor-block-207cbce0274b3e836291--FINISH--junction-lower-na
Fra:1 Mem:46.26M (Peak 46.27M) | Time:00:00.01 | Mem:0.00M, Peak:0.00M | Scene, ViewLayer | Synchronizing object | GEO-armor-block-af0cc716991642374212--BACKING--closed-incoming-
Fra:1 Mem:46.26M (Peak 46.27M) | Time:00:00.01 | Mem:0.00M, Peak:0.00M | Scene, ViewLayer | Synchronizing object | GEO-armor-block-af0cc716991642374212--BACKING--closed-solid-bod
Fra:1 Mem:46.28M (Peak 46.28M) | Time:00:00.01 | Mem:0.00M, Peak:0.00M | Scene, ViewLayer | Synchronizing object | GEO-armor-block-af0cc716991642374212--FINISH--cyan-flush-status
Fra:1 Mem:46.27M (Peak 46.28M) | Time:00:00.01 | Mem:0.00M, Peak:0.00M | Scene, ViewLayer | Synchronizing object | GEO-armor-block-af0cc716991642374212--FINISH--interchangeable-r
Fra:1 Mem:46.27M (Peak 46.28M) | Time:00:00.01 | Mem:0.00M, Peak:0.00M | Scene, ViewLayer | Synchronizing object | GEO-armor-block-af0cc716991642374212--FINISH--lower-impact-
Fra:1 Mem:46.27M (Peak 46.28M) | Time:00:00.01 | Mem:0.00M, Peak:0.00M | Scene, ViewLayer | Synchronizing object | GEO-armor-block-af0cc716991642374212--FINISH--lower-impact-.001
Fra:1 Mem:46.30M (Peak 46.30M) | Time:00:00.01 | Mem:0.00M, Peak:0.00M | Scene, ViewLayer | Synchronizing object | GEO-armor-block-af0cc716991642374212--FINISH--lower-impact-rail
Fra:1 Mem:46.31M (Peak 46.31M) | Time:00:00.01 | Mem:0.00M, Peak:0.00M | Scene, ViewLayer | Synchronizing object | GEO-armor-block-af0cc716991642374212--FINISH--pale-wrapped-
Fra:1 Mem:46.31M (Peak 46.31M) | Time:00:00.01 | Mem:0.00M, Peak:0.00M | Scene, ViewLayer | Synchronizing object | GEO-armor-block-f731b556d8884e7d7557--FINISH--upper-stepped-sho
Fra:1 Mem:46.31M (Peak 46.31M) | Time:00:00.01 | Mem:0.00M, Peak:0.00M | Scene, ViewLayer | Synchronizing object | GEO-armor-block-af0cc716991642374212--FINISH--recess-shadow-sea
Fra:1 Mem:46.34M (Peak 46.34M) | Time:00:00.01 | Mem:0.00M, Peak:0.00M | Scene, ViewLayer | Synchronizing object | GEO-armor-block-af0cc716991642374212--FINISH--upper-stepped-sho
Fra:1 Mem:46.33M (Peak 46.34M) | Time:00:00.01 | Mem:0.00M, Peak:0.00M | Scene, ViewLayer | Synchronizing object | GEO-armor-block-f731b556d8884e7d7557--FINISH--recess-shadow-sea
Fra:1 Mem:46.33M (Peak 46.34M) | Time:00:00.01 | Mem:0.00M, Peak:0.00M | Scene, ViewLayer | Synchronizing object | GEO-armor-block-e9bc6213d0d76ca7f44b--BACKING--closed-incoming-
Fra:1 Mem:46.34M (Peak 46.34M) | Time:00:00.01 | Mem:0.00M, Peak:0.00M | Scene, ViewLayer | Synchronizing object | GEO-armor-block-e9bc6213d0d76ca7f44b--BACKING--closed-outgoing-
Fra:1 Mem:46.33M (Peak 46.34M) | Time:00:00.01 | Mem:0.00M, Peak:0.00M | Scene, ViewLayer | Synchronizing object | GEO-armor-block-e9bc6213d0d76ca7f44b--BACKING--closed-solid-bod
Fra:1 Mem:46.34M (Peak 46.34M) | Time:00:00.01 | Mem:0.00M, Peak:0.00M | Scene, ViewLayer | Synchronizing object | GEO-armor-block-f731b556d8884e7d7557--FINISH--pale-wrapped-conn
Fra:1 Mem:46.35M (Peak 46.35M) | Time:00:00.01 | Mem:0.00M, Peak:0.00M | Scene, ViewLayer | Synchronizing object | GEO-armor-block-e9bc6213d0d76ca7f44b--FINISH--cyan-flush-status
Fra:1 Mem:46.35M (Peak 46.35M) | Time:00:00.01 | Mem:0.00M, Peak:0.00M | Scene, ViewLayer | Synchronizing object | GEO-armor-block-e9bc6213d0d76ca7f44b--FINISH--interchangeable-r
Fra:1 Mem:46.35M (Peak 46.35M) | Time:00:00.01 | Mem:0.00M, Peak:0.00M | Scene, ViewLayer | Synchronizing object | GEO-armor-block-e9bc6213d0d76ca7f44b--FINISH--lower-impact-
Fra:1 Mem:46.36M (Peak 46.36M) | Time:00:00.01 | Mem:0.00M, Peak:0.00M | Scene, ViewLayer | Synchronizing object | GEO-armor-block-e9bc6213d0d76ca7f44b--FINISH--lower-impact-.001
Fra:1 Mem:46.35M (Peak 46.36M) | Time:00:00.01 | Mem:0.00M, Peak:0.00M | Scene, ViewLayer | Synchronizing object | GEO-armor-block-f731b556d8884e7d7557--FINISH--pale-wrapped-
Fra:1 Mem:46.39M (Peak 46.39M) | Time:00:00.01 | Mem:0.00M, Peak:0.00M | Scene, ViewLayer | Synchronizing object | GEO-armor-block-e9bc6213d0d76ca7f44b--FINISH--lower-impact-rail
Fra:1 Mem:46.38M (Peak 46.39M) | Time:00:00.01 | Mem:0.00M, Peak:0.00M | Scene, ViewLayer | Synchronizing object | GEO-armor-block-f731b556d8884e7d7557--FINISH--lower-impact-rail
Fra:1 Mem:46.37M (Peak 46.39M) | Time:00:00.01 | Mem:0.00M, Peak:0.00M | Scene, ViewLayer | Synchronizing object | GEO-armor-block-e9bc6213d0d76ca7f44b--FINISH--pale-wrapped-conn
Fra:1 Mem:46.40M (Peak 46.40M) | Time:00:00.01 | Mem:0.00M, Peak:0.00M | Scene, ViewLayer | Synchronizing object | GEO-armor-block-e9bc6213d0d76ca7f44b--FINISH--recess-shadow-sea
Fra:1 Mem:46.39M (Peak 46.40M) | Time:00:00.01 | Mem:0.00M, Peak:0.00M | Scene, ViewLayer | Synchronizing object | GEO-armor-block-e9bc6213d0d76ca7f44b--FINISH--upper-stepped-sho
Fra:1 Mem:46.40M (Peak 46.40M) | Time:00:00.01 | Mem:0.00M, Peak:0.00M | Scene, ViewLayer | Synchronizing object | GEO-armor-block-075003ca42dee3ad88d4--BACKING--closed-junction-
Fra:1 Mem:46.43M (Peak 46.43M) | Time:00:00.01 | Mem:0.00M, Peak:0.00M | Scene, ViewLayer | Synchronizing object | GEO-armor-block-075003ca42dee3ad88d4--FINISH--junction-lower-na
Fra:1 Mem:46.45M (Peak 46.45M) | Time:00:00.01 | Mem:0.00M, Peak:0.00M | Scene, ViewLayer | Synchronizing object | GEO-armor-block-075003ca42dee3ad88d4--FINISH--junction-upper-na
Fra:1 Mem:46.44M (Peak 46.45M) | Time:00:00.01 | Mem:0.00M, Peak:0.00M | Scene, ViewLayer | Synchronizing object | GEO-armor-block-f731b556d8884e7d7557--FINISH--lower-impact-
Fra:1 Mem:46.45M (Peak 46.45M) | Time:00:00.01 | Mem:0.00M, Peak:0.00M | Scene, ViewLayer | Synchronizing object | GEO-armor-block-075003ca42dee3ad88d4--FINISH--junction-wrapped-
Fra:1 Mem:46.44M (Peak 46.45M) | Time:00:00.01 | Mem:0.00M, Peak:0.00M | Scene, ViewLayer | Synchronizing object | GEO-armor-block-137dbd4b0d514b60c4c3--BACKING--closed-incoming-
Fra:1 Mem:46.46M (Peak 46.46M) | Time:00:00.01 | Mem:0.00M, Peak:0.00M | Scene, ViewLayer | Synchronizing object | GEO-armor-block-137dbd4b0d514b60c4c3--BACKING--closed-outgoing-
Fra:1 Mem:46.46M (Peak 46.46M) | Time:00:00.01 | Mem:0.00M, Peak:0.00M | Scene, ViewLayer | Synchronizing object | GEO-armor-block-137dbd4b0d514b60c4c3--BACKING--closed-solid-bod
Fra:1 Mem:46.45M (Peak 46.46M) | Time:00:00.01 | Mem:0.00M, Peak:0.00M | Scene, ViewLayer | Synchronizing object | GEO-armor-block-137dbd4b0d514b60c4c3--FINISH--cyan-flush-status
Fra:1 Mem:46.46M (Peak 46.46M) | Time:00:00.01 | Mem:0.00M, Peak:0.00M | Scene, ViewLayer | Synchronizing object | GEO-armor-block-137dbd4b0d514b60c4c3--FINISH--interchangeable-u
Fra:1 Mem:46.47M (Peak 46.47M) | Time:00:00.01 | Mem:0.00M, Peak:0.00M | Scene, ViewLayer | Synchronizing object | GEO-armor-block-137dbd4b0d514b60c4c3--FINISH--lower-impact-
Fra:1 Mem:46.48M (Peak 46.48M) | Time:00:00.01 | Mem:0.00M, Peak:0.00M | Scene, ViewLayer | Synchronizing object | GEO-armor-block-137dbd4b0d514b60c4c3--FINISH--lower-impact-.001
Fra:1 Mem:46.50M (Peak 46.50M) | Time:00:00.01 | Mem:0.00M, Peak:0.00M | Scene, ViewLayer | Synchronizing object | GEO-armor-block-137dbd4b0d514b60c4c3--FINISH--lower-impact-rail
Fra:1 Mem:46.50M (Peak 46.50M) | Time:00:00.01 | Mem:0.00M, Peak:0.00M | Scene, ViewLayer | Synchronizing object | GEO-armor-block-f731b556d8884e7d7557--FINISH--cyan-flush-status
Fra:1 Mem:46.52M (Peak 46.52M) | Time:00:00.01 | Mem:0.00M, Peak:0.00M | Scene, ViewLayer | Synchronizing object | GEO-armor-block-137dbd4b0d514b60c4c3--FINISH--pale-wrapped-
Fra:1 Mem:46.50M (Peak 46.52M) | Time:00:00.01 | Mem:0.00M, Peak:0.00M | Scene, ViewLayer | Synchronizing object | GEO-armor-block-137dbd4b0d514b60c4c3--FINISH--pale-wrapped-conn
Fra:1 Mem:46.51M (Peak 46.52M) | Time:00:00.01 | Mem:0.00M, Peak:0.00M | Scene, ViewLayer | Synchronizing object | GEO-armor-block-137dbd4b0d514b60c4c3--FINISH--recess-shadow-sea
Fra:1 Mem:46.53M (Peak 46.53M) | Time:00:00.01 | Mem:0.00M, Peak:0.00M | Scene, ViewLayer | Synchronizing object | GEO-armor-block-f731b556d8884e7d7557--BACKING--closed-solid-bod
Fra:1 Mem:46.52M (Peak 46.53M) | Time:00:00.01 | Mem:0.00M, Peak:0.00M | Scene, ViewLayer | Synchronizing object | GEO-armor-block-137dbd4b0d514b60c4c3--FINISH--upper-stepped-sho
Fra:1 Mem:46.52M (Peak 46.53M) | Time:00:00.01 | Mem:0.00M, Peak:0.00M | Scene, ViewLayer | Synchronizing object | GEO-armor-block-137dbd4b0d514b60c4c3--FINISH--utility-status-le
Fra:1 Mem:46.52M (Peak 46.53M) | Time:00:00.01 | Mem:0.00M, Peak:0.00M | Scene, ViewLayer | Synchronizing object | GEO-armor-block-f731b556d8884e7d7557--BACKING--closed-outgoing-
Fra:1 Mem:46.54M (Peak 46.54M) | Time:00:00.01 | Mem:0.00M, Peak:0.00M | Scene, ViewLayer | Synchronizing object | GEO-armor-block-f731b556d8884e7d7557--BACKING--closed-incoming-
Fra:1 Mem:46.53M (Peak 46.54M) | Time:00:00.01 | Mem:0.00M, Peak:0.00M | Scene, ViewLayer | Initializing
Fra:1 Mem:45.43M (Peak 46.54M) | Time:00:00.01 | Mem:0.00M, Peak:0.00M | Scene, ViewLayer | Updating Images | Loading armor-roughness
Fra:1 Mem:45.43M (Peak 46.54M) | Time:00:00.01 | Mem:0.00M, Peak:0.00M | Scene, ViewLayer | Updating Images | Loading armor-normal.010
Fra:1 Mem:69.46M (Peak 77.45M) | Time:00:00.02 | Mem:4.00M, Peak:4.00M | Scene, ViewLayer | Updating Images | Loading armor-basecolor.003
Fra:1 Mem:65.45M (Peak 77.45M) | Time:00:00.02 | Mem:8.00M, Peak:8.00M | Scene, ViewLayer | Updating Images | Loading armor-roughness.010
Fra:1 Mem:69.45M (Peak 77.46M) | Time:00:00.02 | Mem:12.00M, Peak:12.00M | Scene, ViewLayer | Updating Images | Loading armor-roughness.003
Fra:1 Mem:73.45M (Peak 81.46M) | Time:00:00.02 | Mem:16.00M, Peak:16.00M | Scene, ViewLayer | Updating Images | Loading armor-normal.003
Fra:1 Mem:101.47M (Peak 109.48M) | Time:00:00.05 | Mem:20.00M, Peak:20.00M | Scene, ViewLayer | Updating Images | Loading armor-basecolor.002
Fra:1 Mem:97.46M (Peak 109.48M) | Time:00:00.05 | Mem:24.00M, Peak:24.00M | Scene, ViewLayer | Updating Images | Loading armor-basecolor.010
Fra:1 Mem:93.46M (Peak 109.48M) | Time:00:00.05 | Mem:28.00M, Peak:28.00M | Scene, ViewLayer | Updating Images | Loading armor-roughness.002
Fra:1 Mem:89.45M (Peak 109.48M) | Time:00:00.05 | Mem:32.00M, Peak:32.00M | Scene, ViewLayer | Updating Images | Loading armor-normal.002
Fra:1 Mem:105.46M (Peak 113.48M) | Time:00:00.06 | Mem:36.00M, Peak:36.00M | Scene, ViewLayer | Updating Images | Loading armor-basecolor.004
Fra:1 Mem:113.46M (Peak 121.48M) | Time:00:00.08 | Mem:40.00M, Peak:40.00M | Scene, ViewLayer | Updating Images | Loading armor-roughness.004
Fra:1 Mem:117.46M (Peak 125.48M) | Time:00:00.08 | Mem:44.00M, Peak:44.00M | Scene, ViewLayer | Updating Images | Loading armor-normal.004
Fra:1 Mem:121.46M (Peak 129.48M) | Time:00:00.09 | Mem:48.00M, Peak:48.00M | Scene, ViewLayer | Updating Images | Loading armor-basecolor.001
Fra:1 Mem:125.47M (Peak 133.48M) | Time:00:00.09 | Mem:52.00M, Peak:52.00M | Scene, ViewLayer | Updating Images | Loading armor-roughness.001
Fra:1 Mem:137.47M (Peak 145.48M) | Time:00:00.11 | Mem:56.00M, Peak:56.00M | Scene, ViewLayer | Updating Images | Loading armor-normal.001
Fra:1 Mem:133.47M (Peak 145.48M) | Time:00:00.11 | Mem:60.00M, Peak:60.00M | Scene, ViewLayer | Updating Images | Loading armor-basecolor.005
Fra:1 Mem:129.46M (Peak 145.48M) | Time:00:00.11 | Mem:64.00M, Peak:64.00M | Scene, ViewLayer | Updating Images | Loading armor-roughness.005
Fra:1 Mem:125.45M (Peak 145.48M) | Time:00:00.12 | Mem:68.00M, Peak:68.00M | Scene, ViewLayer | Updating Images | Loading armor-normal.009
Fra:1 Mem:129.45M (Peak 145.48M) | Time:00:00.12 | Mem:72.00M, Peak:72.00M | Scene, ViewLayer | Updating Images | Loading armor-normal.005
Fra:1 Mem:133.45M (Peak 145.48M) | Time:00:00.12 | Mem:76.00M, Peak:76.00M | Scene, ViewLayer | Updating Images | Loading armor-roughness.009
Fra:1 Mem:153.47M (Peak 161.48M) | Time:00:00.13 | Mem:80.00M, Peak:80.00M | Scene, ViewLayer | Updating Images | Loading armor-basecolor.006
Fra:1 Mem:149.46M (Peak 161.48M) | Time:00:00.13 | Mem:84.00M, Peak:84.00M | Scene, ViewLayer | Updating Images | Loading armor-roughness.006
Fra:1 Mem:149.46M (Peak 161.48M) | Time:00:00.14 | Mem:88.00M, Peak:88.00M | Scene, ViewLayer | Updating Images | Loading armor-normal.006
Fra:1 Mem:149.45M (Peak 161.48M) | Time:00:00.14 | Mem:92.00M, Peak:92.00M | Scene, ViewLayer | Updating Images | Loading armor-basecolor.009
Fra:1 Mem:153.45M (Peak 161.48M) | Time:00:00.14 | Mem:96.00M, Peak:96.00M | Scene, ViewLayer | Updating Images | Loading armor-basecolor.007
Fra:1 Mem:161.46M (Peak 165.46M) | Time:00:00.15 | Mem:100.00M, Peak:100.00M | Scene, ViewLayer | Updating Images | Loading armor-roughness.007
Fra:1 Mem:173.47M (Peak 181.48M) | Time:00:00.16 | Mem:104.00M, Peak:104.00M | Scene, ViewLayer | Updating Images | Loading armor-normal.008
Fra:1 Mem:169.46M (Peak 181.48M) | Time:00:00.16 | Mem:108.00M, Peak:108.00M | Scene, ViewLayer | Updating Images | Loading armor-normal.007
Fra:1 Mem:181.47M (Peak 189.48M) | Time:00:00.17 | Mem:112.00M, Peak:112.00M | Scene, ViewLayer | Updating Images | Loading armor-basecolor.008
Fra:1 Mem:181.47M (Peak 189.48M) | Time:00:00.17 | Mem:116.00M, Peak:116.00M | Scene, ViewLayer | Updating Images | Loading armor-roughness.008
Fra:1 Mem:168.78M (Peak 197.47M) | Time:00:00.22 | Mem:132.00M, Peak:132.00M | Scene, ViewLayer | Waiting for render to start
Fra:1 Mem:168.78M (Peak 197.47M) | Time:00:00.22 | Mem:132.00M, Peak:132.00M | Scene, ViewLayer | Loading render kernels (may take a few minutes the first time)
Fra:1 Mem:168.78M (Peak 197.47M) | Time:00:00.22 | Mem:132.00M, Peak:132.00M | Scene, ViewLayer | Updating Scene
Fra:1 Mem:168.78M (Peak 197.47M) | Time:00:00.22 | Mem:132.00M, Peak:132.00M | Scene, ViewLayer | Updating Shaders
Fra:1 Mem:168.88M (Peak 197.47M) | Time:00:00.22 | Mem:132.02M, Peak:132.02M | Scene, ViewLayer | Updating Procedurals
Fra:1 Mem:168.88M (Peak 197.47M) | Time:00:00.22 | Mem:132.02M, Peak:132.02M | Scene, ViewLayer | Updating Background
Fra:1 Mem:168.88M (Peak 197.47M) | Time:00:00.22 | Mem:132.02M, Peak:132.02M | Scene, ViewLayer | Updating Camera
Fra:1 Mem:168.88M (Peak 197.47M) | Time:00:00.22 | Mem:132.02M, Peak:132.02M | Scene, ViewLayer | Updating Meshes Flags
Fra:1 Mem:168.88M (Peak 197.47M) | Time:00:00.22 | Mem:132.02M, Peak:132.02M | Scene, ViewLayer | Updating Objects
Fra:1 Mem:168.88M (Peak 197.47M) | Time:00:00.22 | Mem:132.02M, Peak:132.02M | Scene, ViewLayer | Updating Objects | Copying Transformations to device
Fra:1 Mem:168.95M (Peak 197.47M) | Time:00:00.22 | Mem:132.08M, Peak:132.08M | Scene, ViewLayer | Updating Objects | Applying Static Transformations
Fra:1 Mem:168.95M (Peak 197.47M) | Time:00:00.22 | Mem:132.08M, Peak:132.08M | Scene, ViewLayer | Updating Particle Systems
Fra:1 Mem:168.95M (Peak 197.47M) | Time:00:00.22 | Mem:132.08M, Peak:132.08M | Scene, ViewLayer | Updating Particle Systems | Copying Particles to device
Fra:1 Mem:168.95M (Peak 197.47M) | Time:00:00.22 | Mem:132.08M, Peak:132.08M | Scene, ViewLayer | Updating Meshes
Fra:1 Mem:168.99M (Peak 197.47M) | Time:00:00.22 | Mem:132.08M, Peak:132.08M | Scene, ViewLayer | Updating Mesh | Computing attributes
Fra:1 Mem:169.30M (Peak 197.47M) | Time:00:00.22 | Mem:132.10M, Peak:132.10M | Scene, ViewLayer | Updating Mesh | Copying Attributes to device
Fra:1 Mem:169.25M (Peak 197.47M) | Time:00:00.22 | Mem:132.34M, Peak:132.34M | Scene, ViewLayer | Updating Geometry BVH MESH-armor-block-db7ed5477c90dcffe64f-pale-wrapped-connector-in 3/50 | Building BVH
Fra:1 Mem:169.25M (Peak 197.47M) | Time:00:00.22 | Mem:132.34M, Peak:132.34M | Scene, ViewLayer | Updating Geometry BVH MESH-armor-block-43965fec43941bd88fcc-closed-solid-body 50/50 | Building BVH
Fra:1 Mem:169.25M (Peak 197.47M) | Time:00:00.22 | Mem:132.34M, Peak:132.34M | Scene, ViewLayer | Updating Geometry BVH MESH-armor-block-43965fec43941bd88fcc-closed-solid-body 50/50 | Building BVH 0%
Fra:1 Mem:169.25M (Peak 197.47M) | Time:00:00.22 | Mem:132.35M, Peak:132.35M | Scene, ViewLayer | Updating Geometry BVH MESH-armor-block-db7ed5477c90dcffe64f-deep-vent-louver-4 4/50 | Building BVH
Fra:1 Mem:169.25M (Peak 197.47M) | Time:00:00.22 | Mem:132.35M, Peak:132.35M | Scene, ViewLayer | Updating Geometry BVH MESH-armor-block-db7ed5477c90dcffe64f-lower-impact-rail-right 5/50 | Building BVH
Fra:1 Mem:169.25M (Peak 197.47M) | Time:00:00.22 | Mem:132.35M, Peak:132.35M | Scene, ViewLayer | Updating Geometry BVH MESH-armor-block-db7ed5477c90dcffe64f-cyan-flush-status-lens 6/50 | Building BVH
Fra:1 Mem:169.25M (Peak 197.47M) | Time:00:00.22 | Mem:132.35M, Peak:132.35M | Scene, ViewLayer | Updating Geometry BVH MESH-armor-block-db7ed5477c90dcffe64f-deep-vent-louver-5 7/50 | Building BVH
Fra:1 Mem:169.25M (Peak 197.47M) | Time:00:00.22 | Mem:132.36M, Peak:132.36M | Scene, ViewLayer | Updating Geometry BVH MESH-armor-block-db7ed5477c90dcffe64f-lower-impact-rail-left 8/50 | Building BVH
Fra:1 Mem:169.25M (Peak 197.47M) | Time:00:00.22 | Mem:132.36M, Peak:132.36M | Scene, ViewLayer | Updating Geometry BVH MESH-armor-block-db7ed5477c90dcffe64f-deep-vent-louver-8 9/50 | Building BVH
Fra:1 Mem:169.25M (Peak 197.47M) | Time:00:00.22 | Mem:132.36M, Peak:132.36M | Scene, ViewLayer | Updating Geometry BVH MESH-armor-block-db7ed5477c90dcffe64f-recess-shadow-seat 10/50 | Building BVH
Fra:1 Mem:169.25M (Peak 197.47M) | Time:00:00.22 | Mem:132.36M, Peak:132.36M | Scene, ViewLayer | Updating Geometry BVH MESH-armor-block-43965fec43941bd88fcc-recess-shadow-seat 47/50 | Building BVH
Fra:1 Mem:169.25M (Peak 197.47M) | Time:00:00.22 | Mem:132.36M, Peak:132.36M | Scene, ViewLayer | Updating Geometry BVH MESH-armor-block-db7ed5477c90dcffe64f-closed-outgoing-wrapped-b 11/50 | Building BVH
Fra:1 Mem:169.25M (Peak 197.47M) | Time:00:00.22 | Mem:132.36M, Peak:132.37M | Scene, ViewLayer | Updating Geometry BVH MESH-armor-block-db7ed5477c90dcffe64f-deep-vent-louver-2 12/50 | Building BVH
Fra:1 Mem:169.25M (Peak 197.47M) | Time:00:00.22 | Mem:132.37M, Peak:132.37M | Scene, ViewLayer | Updating Geometry BVH MESH-armor-block-43965fec43941bd88fcc-lower-impact-rail-left 45/50 | Building BVH
Fra:1 Mem:169.25M (Peak 197.47M) | Time:00:00.22 | Mem:132.37M, Peak:132.37M | Scene, ViewLayer | Updating Geometry BVH MESH-armor-block-db7ed5477c90dcffe64f-upper-stepped-shoulder 14/50 | Building BVH
Fra:1 Mem:169.25M (Peak 197.47M) | Time:00:00.22 | Mem:132.37M, Peak:132.37M | Scene, ViewLayer | Updating Geometry BVH MESH-armor-block-db7ed5477c90dcffe64f-deep-vent-louver-3 15/50 | Building BVH
Fra:1 Mem:169.25M (Peak 197.47M) | Time:00:00.22 | Mem:132.37M, Peak:132.37M | Scene, ViewLayer | Updating Geometry BVH MESH-armor-block-db7ed5477c90dcffe64f-deep-vent-louver-6 16/50 | Building BVH
Fra:1 Mem:169.25M (Peak 197.47M) | Time:00:00.22 | Mem:132.38M, Peak:132.38M | Scene, ViewLayer | Updating Geometry BVH MESH-armor-block-db7ed5477c90dcffe64f-pale-wrapped-connector-ou 17/50 | Building BVH
Fra:1 Mem:169.25M (Peak 197.47M) | Time:00:00.22 | Mem:132.38M, Peak:132.38M | Scene, ViewLayer | Updating Geometry BVH MESH-armor-block-43965fec43941bd88fcc-closed-outgoing-wrapped-b 43/50 | Building BVH
Fra:1 Mem:169.25M (Peak 197.47M) | Time:00:00.22 | Mem:132.38M, Peak:132.38M | Scene, ViewLayer | Updating Geometry BVH MESH-armor-block-43965fec43941bd88fcc-lower-impact-rail-right 42/50 | Building BVH
Fra:1 Mem:169.25M (Peak 197.47M) | Time:00:00.22 | Mem:132.38M, Peak:132.38M | Scene, ViewLayer | Updating Geometry BVH MESH-armor-block-db7ed5477c90dcffe64f-interchangeable-vent-face 20/50 | Building BVH
Fra:1 Mem:169.25M (Peak 197.47M) | Time:00:00.22 | Mem:132.39M, Peak:132.39M | Scene, ViewLayer | Updating Geometry BVH MESH-armor-block-db7ed5477c90dcffe64f-vent-dark-well 22/50 | Building BVH
Fra:1 Mem:169.25M (Peak 197.47M) | Time:00:00.22 | Mem:132.39M, Peak:132.39M | Scene, ViewLayer | Updating Geometry BVH MESH-armor-block-d3fa0e462a519b5f36f8-pale-wrapped-connector-in 23/50 | Building BVH
Fra:1 Mem:169.25M (Peak 197.47M) | Time:00:00.22 | Mem:132.40M, Peak:132.40M | Scene, ViewLayer | Updating Geometry BVH MESH-armor-block-43965fec43941bd88fcc-interchangeable-plain-fac 40/50 | Building BVH
Fra:1 Mem:169.25M (Peak 197.47M) | Time:00:00.22 | Mem:132.41M, Peak:132.41M | Scene, ViewLayer | Updating Geometry BVH MESH-armor-block-d3fa0e462a519b5f36f8-lower-impact-rail-right 24/50 | Building BVH
Fra:1 Mem:169.25M (Peak 197.47M) | Time:00:00.22 | Mem:132.40M, Peak:132.41M | Scene, ViewLayer | Updating Geometry BVH MESH-armor-block-d3fa0e462a519b5f36f8-cyan-flush-status-lens 26/50 | Building BVH
Fra:1 Mem:169.25M (Peak 197.47M) | Time:00:00.22 | Mem:132.41M, Peak:132.41M | Scene, ViewLayer | Updating Geometry BVH MESH-armor-block-43965fec43941bd88fcc-cyan-flush-status-lens 39/50 | Building BVH
Fra:1 Mem:169.25M (Peak 197.47M) | Time:00:00.22 | Mem:132.41M, Peak:132.41M | Scene, ViewLayer | Updating Geometry BVH MESH-armor-block-d3fa0e462a519b5f36f8-closed-outgoing-wrapped-b 27/50 | Building BVH
Fra:1 Mem:169.25M (Peak 197.47M) | Time:00:00.22 | Mem:132.41M, Peak:132.41M | Scene, ViewLayer | Updating Geometry BVH MESH-armor-block-d3fa0e462a519b5f36f8-interchangeable-plain-fac 28/50 | Building BVH
Fra:1 Mem:169.25M (Peak 197.47M) | Time:00:00.22 | Mem:132.41M, Peak:132.41M | Scene, ViewLayer | Updating Geometry BVH MESH-armor-block-15a405777ecce0335b21-junction-upper-navy-shoul 38/50 | Building BVH
Fra:1 Mem:169.25M (Peak 197.47M) | Time:00:00.22 | Mem:132.41M, Peak:132.41M | Scene, ViewLayer | Updating Geometry BVH MESH-armor-block-d3fa0e462a519b5f36f8-closed-incoming-wrapped-b 29/50 | Building BVH
Fra:1 Mem:169.25M (Peak 197.47M) | Time:00:00.22 | Mem:132.41M, Peak:132.42M | Scene, ViewLayer | Updating Geometry BVH MESH-armor-block-d3fa0e462a519b5f36f8-recess-shadow-seat 30/50 | Building BVH
Fra:1 Mem:169.25M (Peak 197.47M) | Time:00:00.22 | Mem:132.42M, Peak:132.42M | Scene, ViewLayer | Updating Geometry BVH MESH-armor-block-d3fa0e462a519b5f36f8-lower-impact-rail-cut-poc 31/50 | Building BVH
Fra:1 Mem:169.25M (Peak 197.47M) | Time:00:00.22 | Mem:132.42M, Peak:132.42M | Scene, ViewLayer | Updating Geometry BVH MESH-armor-block-d3fa0e462a519b5f36f8-lower-impact-rail-left 32/50 | Building BVH
Fra:1 Mem:169.25M (Peak 197.47M) | Time:00:00.22 | Mem:132.42M, Peak:132.42M | Scene, ViewLayer | Updating Geometry BVH MESH-armor-block-d3fa0e462a519b5f36f8-closed-solid-body 33/50 | Building BVH
Fra:1 Mem:169.25M (Peak 197.47M) | Time:00:00.22 | Mem:132.43M, Peak:132.43M | Scene, ViewLayer | Updating Geometry BVH MESH-armor-block-15a405777ecce0335b21-closed-junction-wedge 37/50 | Building BVH
Fra:1 Mem:169.25M (Peak 197.47M) | Time:00:00.22 | Mem:132.43M, Peak:132.43M | Scene, ViewLayer | Updating Geometry BVH MESH-armor-block-15a405777ecce0335b21-junction-wrapped-pale-con 35/50 | Building BVH
Fra:1 Mem:169.25M (Peak 197.47M) | Time:00:00.22 | Mem:132.44M, Peak:132.44M | Scene, ViewLayer | Updating Geometry BVH MESH-armor-block-15a405777ecce0335b21-junction-lower-navy-shoe 36/50 | Building BVH
Fra:1 Mem:169.25M (Peak 197.47M) | Time:00:00.22 | Mem:132.44M, Peak:132.45M | Scene, ViewLayer | Updating Scene BVH | Building
Fra:1 Mem:169.25M (Peak 197.47M) | Time:00:00.22 | Mem:132.44M, Peak:132.45M | Scene, ViewLayer | Updating Scene BVH | Building BVH
Fra:1 Mem:169.25M (Peak 197.47M) | Time:00:00.22 | Mem:132.61M, Peak:132.66M | Scene, ViewLayer | Updating Scene BVH | Copying BVH to device
Fra:1 Mem:169.25M (Peak 197.47M) | Time:00:00.22 | Mem:132.61M, Peak:132.66M | Scene, ViewLayer | Updating Mesh | Computing normals
Fra:1 Mem:169.51M (Peak 197.47M) | Time:00:00.22 | Mem:132.61M, Peak:132.66M | Scene, ViewLayer | Updating Mesh | Copying Mesh to device
Fra:1 Mem:169.51M (Peak 197.47M) | Time:00:00.22 | Mem:132.87M, Peak:132.87M | Scene, ViewLayer | Updating Objects Flags
Fra:1 Mem:169.51M (Peak 197.47M) | Time:00:00.22 | Mem:132.87M, Peak:132.87M | Scene, ViewLayer | Updating Primitive Offsets
Fra:1 Mem:169.52M (Peak 197.47M) | Time:00:00.22 | Mem:132.88M, Peak:132.88M | Scene, ViewLayer | Updating Images
Fra:1 Mem:169.52M (Peak 197.47M) | Time:00:00.22 | Mem:132.88M, Peak:132.88M | Scene, ViewLayer | Updating Camera Volume
Fra:1 Mem:169.52M (Peak 197.47M) | Time:00:00.22 | Mem:132.88M, Peak:132.88M | Scene, ViewLayer | Updating Lookup Tables
Fra:1 Mem:169.52M (Peak 197.47M) | Time:00:00.22 | Mem:132.96M, Peak:132.96M | Scene, ViewLayer | Updating Lights
Fra:1 Mem:169.52M (Peak 197.47M) | Time:00:00.22 | Mem:132.96M, Peak:132.96M | Scene, ViewLayer | Updating Lights | Computing tree
Fra:1 Mem:169.54M (Peak 197.47M) | Time:00:00.22 | Mem:132.98M, Peak:132.98M | Scene, ViewLayer | Updating Integrator
Fra:1 Mem:169.54M (Peak 197.47M) | Time:00:00.22 | Mem:132.98M, Peak:132.98M | Scene, ViewLayer | Updating Film
Fra:1 Mem:169.54M (Peak 197.47M) | Time:00:00.22 | Mem:132.89M, Peak:132.98M | Scene, ViewLayer | Updating Lookup Tables
Fra:1 Mem:169.54M (Peak 197.47M) | Time:00:00.22 | Mem:132.98M, Peak:132.98M | Scene, ViewLayer | Updating Baking
Fra:1 Mem:169.54M (Peak 197.47M) | Time:00:00.22 | Mem:132.98M, Peak:132.98M | Scene, ViewLayer | Updating Device | Writing constant memory
Fra:1 Mem:169.54M (Peak 197.47M) | Time:00:00.22 | Mem:132.98M, Peak:132.98M | Scene, ViewLayer | Sample 0/64
Fra:1 Mem:206.64M (Peak 206.64M) | Time:00:00.44 | Remaining:00:13.53 | Mem:170.07M, Peak:170.07M | Scene, ViewLayer | Sample 1/64
Fra:1 Mem:223.12M (Peak 256.08M) | Time:00:12.67 | Mem:170.07M, Peak:170.07M | Scene, ViewLayer | Sample 64/64
Fra:1 Mem:223.12M (Peak 256.08M) | Time:00:12.67 | Mem:170.07M, Peak:170.07M | Scene, ViewLayer | Finished
Saved: '/root/sidereal_spacetime/assets/art-library/framed-wayfarer/r005/family-03/renders/alternate-tug.png'
Time: 00:12.76 (Saving: 00:00.08)


Blender quit
